transaction_id,transaction_ts,transaction_date,fraud_label,fraud_type,fraud_score,risk_bucket,alert_flag,prediction_outcome,review_rank,review_percentile,amount,channel,payment_type,merchant_category,merchant_risk_level,customer_segment,transaction_country,ip_country,currency,is_cross_border,issuer_country_mismatch,ip_country_mismatch,geo_mismatch_any_flag,card_present_flag,shared_or_low_trust_device_flag,customer_txn_count_prev_1h,customer_txn_count_prev_24h,device_txn_count_prev_1h,device_txn_count_prev_24h,payment_method_txn_count_prev_1h,payment_method_txn_count_prev_24h,merchant_fraud_rate_prior,device_fraud_rate_prior,payment_method_fraud_rate_prior,amount_to_customer_expected_ratio,amount_to_merchant_prior_mean_ratio,behavioral_novelty_score,risk_signal_score,customer_id,merchant_id,device_id,payment_method_id,in_top_1pct_review_queue,in_top_3pct_review_queue,in_top_5pct_review_queue,in_top_10pct_review_queue,alert_rank
TXN_000060634,2026-03-24 04:35:49,2026-03-24,1,stolen_card,0.99907068327453,high,1,true_positive,1,2.2222222222222223e-05,950.0,mobile,debit_card,digital_services,high,mass,PT,GB,EUR,1,1,1,1,0,0,0,0,0,0,0,1,0.2251315789473684,0.0058666666666666,0.067027027027027,24.394628046118687,9.049573415586734,3,6,CUST_004230,MERCH_000566,DEV_004083,PM_011858,1,1,1,1,1
TXN_000058656,2026-03-24 06:58:19,2026-03-24,1,merchant_collusion,0.9985462953913792,high,1,true_positive,2,4.4444444444444447e-05,808.79,mobile,credit_card,digital_services,high,digital_native,IT,DE,EUR,1,1,1,1,0,1,0,0,0,1,0,0,0.240377358490566,0.0146938775510204,0.0183333333333333,10.059125315681646,9.218541774797313,1,5,CUST_006995,MERCH_000910,DEV_007086,PM_000488,1,1,1,1,2
TXN_000274001,2026-03-14 20:45:28,2026-03-14,1,merchant_collusion,0.9984856481320796,high,1,true_positive,3,6.666666666666667e-05,465.35,mobile,credit_card,digital_services,high,sme,IT,US,EUR,1,1,1,1,0,0,0,1,0,1,0,0,0.2369965870307167,0.0084705882352941,0.0642105263157894,21.07351313273624,5.432326478671241,1,4,CUST_007606,MERCH_000910,DEV_006150,PM_009341,1,1,1,1,3
TXN_000045335,2026-03-25 21:29:59,2026-03-25,1,merchant_collusion,0.998070318291189,high,1,true_positive,4,8.888888888888889e-05,201.0,web,credit_card,digital_services,high,mass,IT,US,EUR,1,1,1,1,0,0,0,0,0,0,0,2,0.2420987654320987,0.0208695652173913,0.0277272727272727,4.492910972027079,2.2146938032864485,2,5,CUST_008894,MERCH_000910,DEV_005241,PM_008519,1,1,1,1,4
TXN_000057482,2026-03-11 18:34:46,2026-03-11,1,merchant_collusion,0.9980318791492514,high,1,true_positive,5,0.00011111111111111112,147.2,mobile,credit_card,digital_services,high,mass,FR,US,EUR,1,1,1,1,0,0,0,0,0,0,0,0,0.2053333333333333,0.0075862068965517,0.0369696969696969,3.129160989844527,1.552322768398927,1,4,CUST_006196,MERCH_001028,DEV_004184,PM_007331,1,1,1,1,5
TXN_000182233,2026-03-15 20:24:35,2026-03-15,1,merchant_collusion,0.9979898083145532,high,1,true_positive,6,0.00013333333333333334,602.27,mobile,debit_card,electronics,medium,mass,DE,PT,EUR,1,0,1,1,0,0,0,0,0,1,0,0,0.1871207430340557,0.0128571428571428,0.0078571428571428,26.985331918405848,4.63781482065071,1,5,CUST_004725,MERCH_000066,DEV_000705,PM_000262,1,1,1,1,6
TXN_000051632,2026-03-20 04:43:10,2026-03-20,1,stolen_card,0.9979073768857856,high,1,true_positive,7,0.00015555555555555556,659.76,mobile,credit_card,digital_services,medium,sme,DE,US,EUR,1,1,1,1,0,1,0,0,0,0,0,0,0.0557847533632287,0.0533333333333333,0.0679999999999999,8.553729709503935,9.520894513364173,1,5,CUST_007541,MERCH_000068,DEV_006216,PM_001094,1,1,1,1,7
TXN_000032778,2026-03-23 21:13:21,2026-03-23,1,stolen_card,0.9978738506406152,high,1,true_positive,8,0.00017777777777777779,950.0,web,credit_card,digital_services,high,affluent,PT,DE,EUR,1,0,1,1,0,0,0,0,0,0,0,1,0.2248,0.017560975609756,0.0072131147540983,4.8747947454844,9.256974660597896,1,4,CUST_005194,MERCH_000566,DEV_003884,PM_006383,1,1,1,1,8
TXN_000281540,2026-03-09 02:27:45,2026-03-09,1,stolen_card,0.9978482336376796,high,1,true_positive,9,0.0002,950.0,mobile,credit_card,electronics,medium,sme,PT,ES,EUR,1,1,1,1,0,1,0,1,0,1,0,0,0.0142148760330578,0.0210344827586206,0.0112820512820512,11.147556804286628,12.14318245808184,1,7,CUST_006020,MERCH_000312,DEV_007557,PM_005346,1,1,1,1,9
TXN_000152634,2026-03-15 20:55:47,2026-03-15,1,stolen_card,0.997836108647706,high,1,true_positive,10,0.00022222222222222223,239.67,web,credit_card,digital_services,high,mass,ES,DE,EUR,1,1,1,1,0,1,0,0,1,2,0,1,0.042312925170068,0.0179411764705882,0.0305,11.511773119289556,5.380626670446594,3,5,CUST_004508,MERCH_000960,DEV_004462,PM_010295,1,1,1,1,10
TXN_000051665,2026-03-08 22:26:47,2026-03-08,1,stolen_card,0.9976144359960094,high,1,true_positive,11,0.00024444444444444443,662.42,web,debit_card,travel,medium,mass,IT,FR,EUR,0,1,1,1,0,0,0,2,0,2,0,2,0.021871921182266,0.0244067796610169,0.0563934426229508,28.293953899403487,4.9400524394448295,2,3,CUST_006360,MERCH_000593,DEV_002548,PM_001410,1,1,1,1,11
TXN_000291688,2026-03-20 17:10:11,2026-03-20,1,stolen_card,0.9976103165037192,high,1,true_positive,12,0.0002666666666666667,643.93,mobile,debit_card,digital_services,high,sme,FR,US,EUR,1,1,1,1,0,1,0,0,0,0,0,0,0.2078321678321678,0.016551724137931,0.0232258064516129,4.664463763776694,6.974149064903802,1,5,CUST_006022,MERCH_001028,DEV_004403,PM_005551,1,1,1,1,12
TXN_000144194,2026-03-19 08:35:26,2026-03-19,1,stolen_card,0.9975109667690132,high,1,true_positive,13,0.0002888888888888889,83.53,web,debit_card,digital_services,high,mass,FR,GB,EUR,1,0,1,1,0,0,0,0,0,0,0,0,0.2050526315789473,0.0257142857142857,0.0369230769230769,3.2988283821141784,0.904354828364011,2,4,CUST_001552,MERCH_001028,DEV_005920,PM_006168,1,1,1,1,13
TXN_000096453,2026-03-17 01:05:48,2026-03-17,1,stolen_card,0.9973041824883528,high,1,true_positive,14,0.0003111111111111111,950.0,web,debit_card,marketplace,high,sme,IT,FR,EUR,1,1,1,1,0,0,1,1,1,1,1,3,0.0261971830985915,0.0141040462427745,0.0108270676691729,30.77490462271462,7.765354998715063,2,5,CUST_008828,MERCH_000749,DEV_000543,PM_001463,1,1,1,1,14
TXN_000218179,2026-03-15 07:44:44,2026-03-15,1,merchant_collusion,0.997304136023504,high,1,true_positive,15,0.0003333333333333333,311.91,mobile,credit_card,digital_services,high,digital_native,IT,US,EUR,1,0,1,1,1,1,0,0,0,0,0,0,0.2387796610169491,0.0107317073170731,0.049009009009009,4.955743648260222,3.591277209785663,1,6,CUST_003445,MERCH_000910,DEV_005704,PM_000223,1,1,1,1,15
TXN_000234407,2026-03-25 05:19:58,2026-03-25,1,stolen_card,0.997263777149333,high,1,true_positive,16,0.00035555555555555557,670.73,mobile,debit_card,marketplace,medium,sme,ES,ES,EUR,1,1,1,1,0,1,0,0,0,0,0,0,0.038921832884097,0.128,0.0271698113207547,11.362759445563633,8.770714219454286,1,7,CUST_001412,MERCH_000970,DEV_005771,PM_006366,1,1,1,1,16
TXN_000201793,2026-03-13 22:47:21,2026-03-13,1,merchant_collusion,0.9972356678487306,high,1,true_positive,17,0.00037777777777777777,486.51,mobile,credit_card,digital_services,high,affluent,PT,GB,EUR,1,1,1,1,0,0,0,0,0,0,0,0,0.2218050541516245,0.0448484848484848,0.0554838709677419,4.911085619895384,4.748061214802438,1,4,CUST_002509,MERCH_000566,DEV_001492,PM_007504,1,1,1,1,17
TXN_000019131,2026-03-09 03:38:25,2026-03-09,1,stolen_card,0.9971251732823916,high,1,true_positive,18,0.0004,866.3,web,credit_card,marketplace,high,digital_native,DE,GB,EUR,1,1,1,1,0,0,0,0,0,2,0,0,0.2539016393442623,0.0171428571428571,0.0091666666666666,8.548220709204589,6.116973834037455,3,8,CUST_004250,MERCH_000487,DEV_003122,PM_009222,1,1,1,1,18
TXN_000073846,2026-03-17 00:50:12,2026-03-17,1,stolen_card,0.9970272582099272,high,1,true_positive,19,0.0004222222222222222,302.75,web,credit_card,digital_services,medium,mass,DE,DE,EUR,1,1,1,1,0,0,0,0,0,0,0,0,0.052,0.0063768115942028,0.0198373983739837,10.242939711479725,4.421573481366592,1,5,CUST_004648,MERCH_000068,DEV_006361,PM_004838,1,1,1,1,19
TXN_000193304,2026-03-08 19:19:04,2026-03-08,1,merchant_collusion,0.9969210940739436,high,1,true_positive,20,0.00044444444444444447,850.0,mobile,debit_card,digital_services,high,mass,FR,ES,EUR,1,1,0,1,0,0,0,0,0,0,0,0,0.2217910447761193,0.0305,0.0053012048192771,70.4839258377275,7.105576461800448,1,4,CUST_008884,MERCH_000697,DEV_002969,PM_004450,1,1,1,1,20
TXN_000144372,2026-03-20 08:21:26,2026-03-20,1,stolen_card,0.996865017247868,high,1,true_positive,21,0.00046666666666666666,950.0,mobile,credit_card,marketplace,high,sme,IT,FR,EUR,1,1,1,1,0,0,0,2,0,3,0,2,0.0368904593639575,0.0107462686567164,0.0163758389261744,10.376884223714306,10.368971025397236,1,4,CUST_009964,MERCH_000349,DEV_001811,PM_011674,1,1,1,1,21
TXN_000080393,2026-03-20 04:46:30,2026-03-20,1,stolen_card,0.9967154740940776,high,1,true_positive,22,0.0004888888888888889,405.61,web,credit_card,digital_services,medium,sme,ES,US,EUR,1,1,1,1,0,1,0,0,0,0,0,0,0.0186941580756013,0.0175999999999999,0.0358823529411764,5.536950716839912,6.771464935036134,2,6,CUST_009490,MERCH_000763,DEV_005413,PM_004312,1,1,1,1,22
TXN_000151467,2026-03-08 22:34:52,2026-03-08,1,merchant_collusion,0.996536655699677,high,1,true_positive,23,0.0005111111111111112,482.53,web,bank_transfer,digital_services,high,sme,FR,FR,EUR,1,1,1,1,0,1,0,0,0,0,0,0,0.2137878787878787,0.0413559322033898,0.0513432835820895,3.0056400024915675,5.002652222351579,1,7,CUST_005364,MERCH_000324,DEV_002583,PM_002477,1,1,1,1,23
TXN_000277619,2026-03-20 19:39:33,2026-03-20,1,merchant_collusion,0.9964548261276716,high,1,true_positive,24,0.0005333333333333334,325.54,web,wallet,digital_services,high,affluent,IT,GB,EUR,1,1,1,1,0,1,0,0,0,0,0,0,0.24,0.0192,0.005432098765432,5.586793015967767,3.721517459320079,1,5,CUST_002533,MERCH_000910,DEV_007637,PM_010822,1,1,1,1,24
TXN_000088409,2026-03-23 18:06:56,2026-03-23,1,stolen_card,0.9964136022681273,high,1,true_positive,25,0.0005555555555555556,950.0,web,debit_card,digital_services,high,affluent,ES,US,EUR,1,1,1,1,0,0,0,0,0,0,0,2,0.0434951456310679,0.0062857142857142,0.033076923076923,12.115160903022725,12.723135670194822,2,4,CUST_005863,MERCH_000255,DEV_002732,PM_003517,1,1,1,1,25
TXN_000100722,2026-03-23 05:09:53,2026-03-23,1,account_takeover,0.9963314703228346,high,1,true_positive,26,0.0005777777777777778,534.38,mobile,wallet,electronics,medium,digital_native,PT,DE,EUR,1,1,1,1,0,1,0,0,0,2,0,1,0.0197101449275362,0.0065671641791044,0.0072131147540983,49.65790117217431,6.509569882291138,1,5,CUST_004487,MERCH_000312,DEV_006676,PM_011635,1,1,1,1,26
TXN_000102438,2026-03-10 03:46:14,2026-03-10,1,account_takeover,0.996272817179445,high,1,true_positive,27,0.0006,1200.0,mobile,credit_card,marketplace,high,affluent,IT,GB,EUR,1,1,1,1,1,1,0,0,0,0,0,0,0.0275555555555555,0.0102325581395348,0.0057894736842105,11.602049695446196,11.182005022956655,1,7,CUST_003040,MERCH_000483,DEV_002576,PM_001141,1,1,1,1,27
TXN_000165891,2026-03-08 23:38:00,2026-03-08,1,merchant_collusion,0.99619238709991,high,1,true_positive,28,0.0006222222222222223,632.35,mobile,credit_card,marketplace,medium,affluent,IT,FR,EUR,1,1,1,1,0,0,0,0,0,1,0,0,0.1908305647840531,0.0070967741935483,0.0389189189189189,3.7888249778695218,5.885575482878571,1,4,CUST_000976,MERCH_000660,DEV_004947,PM_007975,1,1,1,1,28
TXN_000124929,2026-03-24 22:01:21,2026-03-24,1,merchant_collusion,0.9961695727520276,high,1,true_positive,29,0.0006444444444444444,316.87,mobile,wallet,digital_services,high,digital_native,IT,ES,EUR,1,0,0,1,0,0,0,0,0,0,0,0,0.2412461059190031,0.0070967741935483,0.0221538461538461,9.037978661174842,3.5077012642790866,1,4,CUST_007000,MERCH_000910,DEV_007195,PM_006522,1,1,1,1,29
TXN_000149826,2026-03-14 06:04:09,2026-03-14,1,merchant_collusion,0.9960818194532948,high,1,true_positive,30,0.0006666666666666666,162.18,mobile,debit_card,digital_services,high,mass,FR,ES,EUR,1,1,0,1,1,0,0,0,0,0,0,0,0.2067399267399267,0.0079999999999999,0.0067692307692307,4.433691462314443,1.7160304181428172,1,5,CUST_000475,MERCH_001028,DEV_000535,PM_001151,1,1,1,1,30
TXN_000172660,2026-03-13 23:39:08,2026-03-13,1,stolen_card,0.995969556226097,high,1,true_positive,31,0.0006888888888888888,268.27,web,credit_card,digital_services,medium,digital_native,PT,US,EUR,1,1,1,1,0,0,0,0,0,1,0,0,0.0435,0.0173493975903614,0.0659459459459459,12.0818884186823,4.185437620956619,2,4,CUST_008222,MERCH_000427,DEV_000599,PM_010174,1,1,1,1,31
TXN_000159670,2026-03-14 04:52:29,2026-03-14,1,stolen_card,0.9957257439192836,high,1,true_positive,32,0.0007111111111111111,874.29,mobile,debit_card,marketplace,low,mass,ES,ES,EUR,1,1,1,1,0,0,0,0,0,0,0,1,0.0223280423280423,0.0248979591836734,0.0214035087719298,44.99112311848707,7.537810451157225,1,4,CUST_000255,MERCH_000174,DEV_006402,PM_008214,1,1,1,1,32
TXN_000088564,2026-03-20 00:26:45,2026-03-20,1,account_takeover,0.9956809224914908,high,1,true_positive,33,0.0007333333333333333,977.15,web,wallet,electronics,medium,digital_native,DE,DE,EUR,1,1,1,1,0,0,0,0,0,0,0,0,0.0207633587786259,0.0266666666666666,0.0252631578947368,22.309498392560734,10.95631702899642,2,5,CUST_007923,MERCH_000758,DEV_006737,PM_004338,1,1,1,1,33
TXN_000186563,2026-03-12 01:57:05,2026-03-12,1,stolen_card,0.9956426781605908,high,1,true_positive,34,0.0007555555555555555,884.19,web,credit_card,marketplace,medium,sme,ES,IT,EUR,1,1,1,1,0,1,0,0,0,0,0,0,0.014095238095238,0.0236893203883495,0.0672727272727272,38.77338437888016,7.1124450859060815,1,7,CUST_002167,MERCH_001111,DEV_003002,PM_008724,1,1,1,1,34
TXN_000004632,2026-03-11 23:33:54,2026-03-11,1,merchant_collusion,0.9956306462553164,high,1,true_positive,35,0.0007777777777777777,215.19,web,debit_card,digital_services,high,mass,PT,DE,EUR,1,1,1,1,0,0,0,0,0,0,0,0,0.2197818181818181,0.0079999999999999,0.0214925373134328,9.836273515505592,2.1065844765196053,2,5,CUST_003791,MERCH_000566,DEV_003860,PM_002711,1,1,1,1,35
TXN_000029551,2026-03-11 01:12:32,2026-03-11,1,stolen_card,0.9954803418808648,high,1,true_positive,36,0.0008,950.0,web,credit_card,electronics,high,affluent,ES,DE,EUR,1,1,1,1,0,0,0,0,0,0,0,0,0.0455593220338983,0.0306382978723404,0.0146666666666666,3.569735579424449,8.449901544496454,1,5,CUST_005590,MERCH_000858,DEV_000994,PM_000096,1,1,1,1,36
TXN_000000677,2026-03-21 21:19:11,2026-03-21,1,merchant_collusion,0.9954064913265644,high,1,true_positive,37,0.0008222222222222222,255.68,web,wallet,digital_services,high,sme,IT,GB,EUR,1,1,1,1,0,0,0,1,0,1,0,1,0.2449350649350649,0.02890756302521,0.0030985915492957,4.788263458462039,2.8988924613121263,2,6,CUST_004157,MERCH_000910,DEV_000781,PM_003275,1,1,1,1,37
TXN_000264385,2026-03-16 21:53:35,2026-03-16,1,merchant_collusion,0.995355375665187,high,1,true_positive,38,0.0008444444444444444,80.38,web,wallet,digital_services,high,digital_native,FR,PT,EUR,1,0,1,1,0,0,0,1,0,1,0,0,0.2073646209386281,0.0560824742268041,0.0533333333333333,4.262767127592709,0.8543347303660656,1,6,CUST_009485,MERCH_001028,DEV_006096,PM_005565,1,1,1,1,38
TXN_000111056,2026-03-21 17:49:49,2026-03-21,1,stolen_card,0.995328191317944,high,1,true_positive,39,0.0008666666666666666,540.62,web,credit_card,digital_services,medium,affluent,FR,FR,EUR,1,1,1,1,0,0,0,0,0,2,0,0,0.072,0.0169444444444444,0.0225925925925925,5.801011574085365,8.491721270739234,1,4,CUST_001533,MERCH_000952,DEV_002217,PM_000906,1,1,1,1,39
TXN_000000061,2026-03-12 01:11:18,2026-03-12,1,stolen_card,0.994900323584322,high,1,true_positive,40,0.0008888888888888889,341.06,mobile,credit_card,digital_services,low,digital_native,FR,US,EUR,1,1,1,1,0,1,1,1,0,0,1,1,0.0367315175097276,0.0884745762711864,0.0327619047619047,6.510682024954511,4.94856944850884,1,7,CUST_003637,MERCH_000764,DEV_000986,PM_007217,1,1,1,1,40
TXN_000160661,2026-03-25 18:16:44,2026-03-25,1,stolen_card,0.9948733791096688,high,1,true_positive,41,0.0009111111111111111,471.47,mobile,credit_card,digital_services,medium,digital_native,FR,US,EUR,1,0,1,1,0,0,0,0,0,0,0,0,0.0338351254480286,0.0102127659574468,0.0151578947368421,8.831042989629495,7.353649341842985,1,5,CUST_004805,MERCH_000523,DEV_003230,PM_003569,1,1,1,1,41
TXN_000095052,2026-03-24 23:58:22,2026-03-24,1,account_takeover,0.9947670122150116,high,1,true_positive,42,0.0009333333333333333,693.23,mobile,credit_card,marketplace,medium,affluent,FR,IT,EUR,1,1,1,1,0,1,0,0,0,0,0,0,0.0243934426229508,0.030886075949367,0.0079999999999999,5.508591429382272,7.580022206330109,1,4,CUST_000425,MERCH_000866,DEV_002746,PM_008345,1,1,1,1,42
TXN_000184196,2026-03-09 06:38:35,2026-03-09,1,merchant_collusion,0.9947422734853066,high,1,true_positive,43,0.0009555555555555555,531.1,mobile,credit_card,electronics,medium,mass,DE,ES,EUR,1,1,0,1,0,0,0,0,0,0,0,0,0.187100977198697,0.0122222222222222,0.0146666666666666,13.387763104457546,4.164626371137339,4,3,CUST_008602,MERCH_000066,DEV_002384,PM_009050,1,1,1,1,43
TXN_000243368,2026-03-08 18:49:01,2026-03-08,1,stolen_card,0.9946730327288948,high,1,true_positive,44,0.0009777777777777777,505.3,web,credit_card,travel,high,digital_native,DE,US,EUR,1,1,1,1,0,0,0,0,0,0,0,0,0.0261176470588235,0.0334883720930232,0.0438709677419354,12.274763461490954,3.5060638552778998,2,5,CUST_005771,MERCH_000323,DEV_005034,PM_009421,1,1,1,1,44
TXN_000011592,2026-03-24 21:04:31,2026-03-24,1,stolen_card,0.9946530247002872,high,1,true_positive,45,0.001,745.95,mobile,credit_card,digital_services,medium,affluent,ES,DE,EUR,1,1,1,1,0,0,0,2,1,3,0,0,0.0260055096418732,0.016551724137931,0.011578947368421,4.365987256775767,9.5612993996648,2,3,CUST_005029,MERCH_000215,DEV_004261,PM_005661,1,1,1,1,45
TXN_000014195,2026-03-16 00:49:37,2026-03-16,1,stolen_card,0.9945558235200508,high,1,true_positive,46,0.0010222222222222223,734.12,mobile,credit_card,marketplace,high,sme,IT,DE,EUR,1,0,1,1,0,0,0,0,0,1,0,1,0.0480672268907563,0.0051764705882352,0.0084615384615384,4.188082794909885,7.674756168792866,2,5,CUST_006414,MERCH_001062,DEV_002694,PM_006124,1,1,1,1,46
TXN_000206236,2026-03-20 04:43:43,2026-03-20,1,stolen_card,0.9944268211800716,high,1,true_positive,47,0.0010444444444444444,491.52,web,credit_card,electronics,high,affluent,IT,IT,EUR,1,1,1,1,0,0,0,0,0,0,0,0,0.0316595744680851,0.0087999999999999,0.0063768115942028,3.742125124131082,4.993332886024009,2,6,CUST_004015,MERCH_001056,DEV_007051,PM_011436,1,1,1,1,47
TXN_000126489,2026-03-26 02:02:06,2026-03-26,1,account_takeover,0.9944122810346744,high,1,true_positive,48,0.0010666666666666667,1200.0,mobile,credit_card,travel,medium,affluent,ES,US,EUR,1,1,1,1,1,1,0,0,0,0,0,0,0.030035587188612,0.0062857142857142,0.0102325581395348,5.860519632740769,9.578251131224487,1,6,CUST_000699,MERCH_000582,DEV_002759,PM_003760,1,1,1,1,48
TXN_000295678,2026-03-20 00:55:11,2026-03-20,1,stolen_card,0.9940382804871892,high,1,true_positive,49,0.0010888888888888888,950.0,web,credit_card,digital_services,medium,sme,IT,FR,EUR,1,1,1,1,0,1,0,0,0,0,0,0,0.0476628352490421,0.0132110091743119,0.0066666666666666,7.231403690348593,8.459367877014573,1,7,CUST_001767,MERCH_000821,DEV_000808,PM_001518,1,1,1,1,49
TXN_000161260,2026-03-11 06:37:04,2026-03-11,1,merchant_collusion,0.9939954287723276,high,1,true_positive,50,0.0011111111111111111,199.08,web,credit_card,digital_services,high,mass,FR,IT,EUR,1,0,0,1,0,1,0,1,0,2,0,1,0.2156457564575645,0.0075862068965517,0.0133333333333333,4.560511305064945,2.0531815449397,3,5,CUST_009515,MERCH_000324,DEV_007727,PM_005756,1,1,1,1,50
TXN_000165528,2026-03-12 00:50:02,2026-03-12,1,account_takeover,0.9938481631720348,high,1,true_positive,51,0.0011333333333333334,602.52,mobile,debit_card,marketplace,medium,affluent,ES,ES,EUR,1,1,1,1,1,1,0,0,0,1,1,1,0.0294080996884735,0.0279674796747967,0.0035772357723577,9.231334936953225,6.757061608019419,2,5,CUST_005458,MERCH_001107,DEV_002638,PM_006468,1,1,1,1,51
TXN_000259349,2026-03-08 05:16:29,2026-03-08,1,account_takeover,0.993706553477937,high,1,true_positive,52,0.0011555555555555555,469.2,mobile,credit_card,marketplace,high,sme,IT,PT,EUR,1,0,1,1,0,1,0,1,0,0,0,0,0.0630204081632653,0.0487912087912087,0.04,9.6608334836731,4.763806442442415,1,6,CUST_008429,MERCH_000193,DEV_000904,PM_009485,1,1,1,1,52
TXN_000139992,2026-03-23 04:44:30,2026-03-23,1,stolen_card,0.993610747015663,high,1,true_positive,53,0.0011777777777777778,950.0,mobile,debit_card,marketplace,low,sme,FR,US,EUR,1,1,1,1,0,1,0,0,0,0,0,0,0.027051282051282,0.0151578947368421,0.0099999999999999,6.606673435609274,8.403371527171911,2,7,CUST_009032,MERCH_000515,DEV_004435,PM_004707,1,1,1,1,53
TXN_000133611,2026-03-13 03:54:33,2026-03-13,1,stolen_card,0.9936096791321244,high,1,true_positive,54,0.0012,556.16,mobile,credit_card,digital_services,low,sme,PT,ES,EUR,1,1,1,1,0,1,0,0,0,0,0,0,0.0301214574898785,0.1518367346938775,0.0554545454545454,8.470718144390412,7.404589205519528,1,6,CUST_003143,MERCH_001200,DEV_001416,PM_007385,1,1,1,1,54
TXN_000019808,2026-03-24 23:32:21,2026-03-24,1,stolen_card,0.9935012403288368,high,1,true_positive,55,0.0012222222222222222,950.0,web,credit_card,marketplace,medium,affluent,FR,FR,EUR,1,1,1,1,0,0,0,0,0,0,0,0,0.0225174825174825,0.0125714285714285,0.0266666666666666,8.969495133297857,8.584828260969266,2,3,CUST_007875,MERCH_000912,DEV_002837,PM_009734,1,1,1,1,55
TXN_000138135,2026-03-10 05:14:58,2026-03-10,1,account_takeover,0.9933384634151288,high,1,true_positive,56,0.0012444444444444445,310.01,web,bank_transfer,marketplace,medium,sme,FR,PT,EUR,1,1,1,1,0,1,0,0,0,0,0,0,0.0261788617886178,0.0073333333333333,0.0036065573770491,4.505357264244041,4.291523870601804,2,7,CUST_003845,MERCH_000750,DEV_001497,PM_004140,1,1,1,1,56
TXN_000046873,2026-03-22 17:46:35,2026-03-22,1,stolen_card,0.99329044954026,high,1,true_positive,57,0.0012666666666666666,600.24,web,credit_card,marketplace,low,affluent,ES,ES,EUR,1,1,1,1,0,0,0,0,0,1,0,0,0.0323163841807909,0.0031654676258992,0.0234615384615384,6.074126759708212,7.415800510390731,2,4,CUST_005302,MERCH_000757,DEV_001618,PM_011153,1,1,1,1,57
TXN_000011032,2026-03-19 15:14:15,2026-03-19,1,stolen_card,0.9927664572227776,high,1,true_positive,58,0.001288888888888889,950.0,web,credit_card,marketplace,medium,sme,ES,IT,EUR,1,1,1,1,0,0,0,2,0,0,0,2,0.0266666666666666,0.0057142857142857,0.0039999999999999,16.92061306352152,6.879189465409145,2,4,CUST_008264,MERCH_000901,DEV_007005,PM_003318,1,1,1,1,58
TXN_000050104,2026-03-11 04:18:39,2026-03-11,1,account_takeover,0.992289914333371,high,1,true_positive,59,0.0013111111111111112,874.7,mobile,debit_card,marketplace,high,sme,DE,DE,EUR,1,0,1,1,1,1,0,0,0,0,0,0,0.0334920634920634,0.0052380952380952,0.0243999999999999,16.686992545816366,7.009005343522789,0,9,CUST_000782,MERCH_000533,DEV_004699,PM_010549,1,1,1,1,59
TXN_000220600,2026-03-19 05:47:04,2026-03-19,1,stolen_card,0.9922618188197292,high,1,true_positive,60,0.0013333333333333333,950.0,web,credit_card,digital_services,high,affluent,ES,FR,EUR,0,1,1,1,0,1,0,1,0,1,0,0,0.0527007299270073,0.0106666666666666,0.0087999999999999,8.250623546302553,12.566379700479583,2,6,CUST_004375,MERCH_000613,DEV_005240,PM_003342,1,1,1,1,60
TXN_000143507,2026-03-17 13:34:16,2026-03-17,1,stolen_card,0.9917573721354516,high,1,true_positive,61,0.0013555555555555556,312.9,web,credit_card,marketplace,low,digital_native,IT,PT,EUR,1,1,1,1,0,0,0,1,0,1,0,0,0.0156338028169014,0.0274157303370786,0.0065671641791044,20.999202258999908,4.296963511577607,1,3,CUST_007124,MERCH_000331,DEV_006055,PM_007972,1,1,1,1,61
TXN_000136020,2026-03-25 03:05:46,2026-03-25,1,merchant_collusion,0.9916966589380946,high,1,true_positive,62,0.0013777777777777777,337.43,web,credit_card,digital_services,high,digital_native,IT,ES,EUR,1,0,0,1,0,1,0,0,0,0,0,0,0.2327035830618892,0.048,0.0971428571428571,10.523361747972857,3.891613388038529,1,7,CUST_004350,MERCH_000345,DEV_000868,PM_005857,1,1,1,1,62
TXN_000009731,2026-03-22 07:07:23,2026-03-22,1,stolen_card,0.9916729993164654,high,1,true_positive,63,0.0014,814.12,mobile,debit_card,electronics,low,sme,ES,DE,EUR,1,1,1,1,0,0,0,0,0,0,0,0,0.0179888268156424,0.0061971830985915,0.0046808510638297,6.4524245262627,7.872554887364321,2,4,CUST_002404,MERCH_000480,DEV_004015,PM_010449,1,1,1,1,63
TXN_000287363,2026-03-12 01:31:07,2026-03-12,1,account_takeover,0.9915682962028258,high,1,true_positive,64,0.0014222222222222223,860.87,web,debit_card,electronics,medium,affluent,PT,ES,EUR,1,1,1,1,0,0,0,1,0,1,0,1,0.0257599999999999,0.007457627118644,0.0055696202531645,5.1198307314004685,7.414167943550502,2,6,CUST_004455,MERCH_000525,DEV_002537,PM_002189,1,1,1,1,64
TXN_000256516,2026-03-19 22:38:33,2026-03-19,1,stolen_card,0.9912826258832256,high,1,true_positive,65,0.0014444444444444444,664.45,mobile,debit_card,electronics,low,sme,IT,PT,EUR,1,1,1,1,0,0,0,0,0,0,0,0,0.0165055762081784,0.0127433628318584,0.0058666666666666,7.053774079649419,6.823427252623617,1,5,CUST_009481,MERCH_000501,DEV_006465,PM_003149,1,1,1,1,65
TXN_000088076,2026-03-24 03:54:27,2026-03-24,1,merchant_collusion,0.9911863791213924,high,1,true_positive,66,0.0014666666666666667,462.26,mobile,debit_card,digital_services,high,sme,FR,DE,EUR,1,1,0,1,1,0,0,1,0,0,0,1,0.2118620689655172,0.0190625,0.011076923076923,12.23487516654987,4.937161166546346,1,6,CUST_008351,MERCH_001028,DEV_000945,PM_009751,1,1,1,1,66
TXN_000063247,2026-03-16 05:08:22,2026-03-16,1,stolen_card,0.9911557498756786,high,1,true_positive,67,0.001488888888888889,950.0,web,credit_card,marketplace,medium,sme,ES,FR,EUR,1,1,1,1,0,0,0,3,0,1,0,0,0.0394920634920634,0.0141176470588235,0.0157142857142857,9.43141858237656,6.58976839991488,1,5,CUST_000688,MERCH_000332,DEV_003588,PM_007004,1,1,1,1,67
TXN_000148901,2026-03-11 19:14:22,2026-03-11,1,stolen_card,0.990853551838374,high,1,true_positive,68,0.001511111111111111,950.0,web,credit_card,marketplace,low,affluent,ES,FR,EUR,1,1,1,1,0,0,0,0,0,0,0,0,0.03575,0.0508333333333333,0.0351219512195121,8.347460078995475,8.572387647580422,1,4,CUST_001522,MERCH_000273,DEV_003548,PM_005368,1,1,1,1,68
TXN_000122832,2026-03-21 04:46:12,2026-03-21,1,account_takeover,0.9907352725602754,high,1,true_positive,69,0.0015333333333333334,498.46,web,credit_card,travel,high,affluent,IT,GB,EUR,1,1,1,1,0,1,0,0,0,0,0,0,0.0444210526315789,0.1554285714285714,0.140377358490566,3.0838172699376383,3.372095614511222,1,8,CUST_006702,MERCH_000976,DEV_000858,PM_001553,1,1,1,1,69
TXN_000171383,2026-03-09 06:13:02,2026-03-09,1,stolen_card,0.9905292589584964,high,1,true_positive,70,0.0015555555555555555,363.24,web,credit_card,digital_services,high,affluent,IT,PT,EUR,1,1,1,1,0,0,0,0,0,0,0,1,0.2386666666666666,0.0122222222222222,0.0513432835820895,2.5230570852538663,4.175479575509003,1,4,CUST_007951,MERCH_000345,DEV_007472,PM_002769,1,1,1,1,70
TXN_000276851,2026-03-11 21:38:29,2026-03-11,1,stolen_card,0.9904422724644836,high,1,true_positive,71,0.0015777777777777778,410.29,web,credit_card,travel,medium,sme,IT,GB,EUR,1,1,1,1,0,1,2,2,2,2,2,3,0.0530337078651685,0.0353623188405797,0.0463309352517985,3.533078651333558,0.9998400584611772,2,4,CUST_000623,MERCH_000949,DEV_001420,PM_011516,1,1,1,1,71
TXN_000126505,2026-03-09 01:14:17,2026-03-09,1,stolen_card,0.9901971056821784,high,1,true_positive,72,0.0016,826.61,web,credit_card,electronics,medium,affluent,IT,US,EUR,1,1,1,1,0,1,0,0,0,0,0,0,0.0263934426229508,0.071578947368421,0.0227814569536423,4.678693649369987,4.7709555044747525,1,5,CUST_007935,MERCH_000780,DEV_005939,PM_000001,1,1,1,1,72
TXN_000066211,2026-03-24 01:58:15,2026-03-24,1,stolen_card,0.9898433142790032,high,1,true_positive,73,0.0016222222222222222,732.84,mobile,debit_card,marketplace,high,affluent,DE,GB,EUR,0,1,1,1,0,0,0,0,0,0,0,0,0.2615204678362573,0.0104761904761904,0.022,10.613426769446392,5.075277734822041,4,5,CUST_006404,MERCH_000487,DEV_007619,PM_001441,1,1,1,1,73
TXN_000163909,2026-03-25 23:46:56,2026-03-25,1,merchant_collusion,0.98976394505063,high,1,true_positive,74,0.0016444444444444445,790.13,mobile,credit_card,marketplace,medium,sme,IT,ES,EUR,1,0,0,1,0,1,0,2,0,1,0,0,0.1849562682215743,0.1373684210526315,0.1223188405797101,6.37191519143562,7.492660062944781,1,5,CUST_009973,MERCH_000660,DEV_003995,PM_001082,1,1,1,1,74
TXN_000220265,2026-03-25 03:31:57,2026-03-25,1,merchant_collusion,0.989709179627544,high,1,true_positive,75,0.0016666666666666668,127.82,mobile,credit_card,digital_services,high,mass,PT,FR,EUR,1,1,1,1,0,1,0,0,0,2,0,0,0.2261889250814332,0.0364179104477611,0.0084615384615384,3.870652362000346,1.187525593684458,2,7,CUST_001076,MERCH_000566,DEV_005435,PM_001335,1,1,1,1,75
TXN_000142600,2026-03-23 23:47:38,2026-03-23,1,account_takeover,0.989708488623634,high,1,true_positive,76,0.0016888888888888889,554.92,mobile,wallet,marketplace,high,digital_native,PT,US,EUR,1,1,1,1,0,1,0,0,0,0,0,1,0.0173437499999999,0.0382222222222222,0.0460377358490566,6.660133180480658,6.171080141835616,1,7,CUST_001772,MERCH_000474,DEV_005593,PM_006450,1,1,1,1,76
TXN_000295631,2026-03-13 02:52:32,2026-03-13,1,stolen_card,0.9896571268161684,high,1,true_positive,77,0.0017111111111111112,950.0,mobile,credit_card,marketplace,low,affluent,IT,GB,EUR,1,1,1,1,0,0,0,0,0,0,0,0,0.0345787545787545,0.0122222222222222,0.0146938775510204,4.354691951383303,7.445350938250518,1,4,CUST_009813,MERCH_000919,DEV_005753,PM_007971,1,1,1,1,77
TXN_000282810,2026-03-16 19:48:32,2026-03-16,1,stolen_card,0.9895584525998464,high,1,true_positive,78,0.0017333333333333333,523.95,mobile,credit_card,marketplace,medium,digital_native,PT,FR,EUR,1,1,1,1,0,0,0,0,0,0,0,0,0.0231654676258992,0.0122222222222222,0.0199999999999999,4.494439223057644,5.285520907623589,2,4,CUST_000045,MERCH_000308,DEV_003791,PM_007009,1,1,1,1,78
TXN_000124172,2026-03-20 19:14:56,2026-03-20,1,merchant_collusion,0.989367029275878,high,1,true_positive,79,0.0017555555555555556,401.43,mobile,credit_card,digital_services,high,affluent,FR,FR,EUR,1,1,1,1,0,0,0,0,0,0,0,0,0.205578231292517,0.028235294117647,0.0151724137931034,2.2918596333325496,4.26190914406363,2,3,CUST_009985,MERCH_000324,DEV_000118,PM_010438,1,1,1,1,79
TXN_000215046,2026-03-23 02:32:21,2026-03-23,1,account_takeover,0.9892339109295096,high,1,true_positive,80,0.0017777777777777779,1200.0,web,credit_card,electronics,medium,affluent,IT,FR,EUR,1,1,1,1,0,1,0,0,0,2,0,0,0.0115824915824915,0.0321052631578947,0.0151578947368421,25.0,5.178700211681708,2,5,CUST_001031,MERCH_000977,DEV_004740,PM_011090,1,1,1,1,80
TXN_000042559,2026-03-23 00:37:27,2026-03-23,1,stolen_card,0.9891683153846388,high,1,true_positive,81,0.0018,858.47,mobile,credit_card,marketplace,low,sme,ES,US,EUR,1,1,1,1,0,0,0,0,0,0,0,0,0.0118085106382978,0.0183458646616541,0.0151578947368421,10.189814069031003,5.402980435862182,2,4,CUST_005486,MERCH_000926,DEV_005481,PM_004921,1,1,1,1,81
TXN_000120186,2026-03-16 03:04:01,2026-03-16,1,merchant_collusion,0.989033494381231,high,1,true_positive,82,0.0018222222222222223,140.19,mobile,credit_card,digital_services,high,digital_native,IT,ES,EUR,1,1,0,1,0,0,0,1,0,2,0,2,0.2389297658862876,0.0167441860465116,0.0147878787878787,3.055047071129706,1.60399273645282,1,5,CUST_005464,MERCH_000910,DEV_006898,PM_006553,1,1,1,1,82
TXN_000297907,2026-03-17 04:06:58,2026-03-17,1,merchant_collusion,0.988967228361906,high,1,true_positive,83,0.0018444444444444443,265.87,mobile,debit_card,digital_services,high,digital_native,DE,ES,EUR,1,1,0,1,0,0,1,1,0,0,1,1,0.2444285714285714,0.0214925373134328,0.020281690140845,3.905320871239578,2.605053924151191,1,8,CUST_004749,MERCH_000289,DEV_001538,PM_011441,1,1,1,1,83
TXN_000272884,2026-03-18 04:35:00,2026-03-18,1,merchant_collusion,0.9885727897350997,high,1,true_positive,84,0.0018666666666666666,461.66,mobile,credit_card,marketplace,high,digital_native,DE,DE,EUR,1,1,1,1,0,0,0,0,0,1,0,1,0.2665853658536585,0.0317142857142857,0.0354639175257731,7.583376560500744,3.186917685071087,1,5,CUST_005437,MERCH_000487,DEV_005801,PM_001015,1,1,1,1,84
TXN_000082708,2026-03-26 08:22:50,2026-03-26,1,stolen_card,0.988537538938541,high,1,true_positive,85,0.001888888888888889,791.6,mobile,credit_card,marketplace,high,affluent,ES,US,EUR,1,1,1,1,0,0,0,0,0,0,0,1,0.0344598337950138,0.0137499999999999,0.0040366972477064,3.469087607170967,6.719890942512803,1,4,CUST_000524,MERCH_000909,DEV_003164,PM_011403,1,1,1,1,85
TXN_000173862,2026-03-18 17:52:08,2026-03-18,0,none,0.9883404975559568,high,1,false_positive,86,0.001911111111111111,260.5,mobile,credit_card,electronics,medium,digital_native,DE,ES,EUR,1,1,0,1,0,0,0,0,0,0,0,0,0.1946827794561933,0.0542222222222222,0.0157142857142857,3.9490408722523473,1.9927345516368775,1,4,CUST_005186,MERCH_000066,DEV_007855,PM_011008,1,1,1,1,86
TXN_000106512,2026-03-20 19:50:59,2026-03-20,1,stolen_card,0.9880389684575076,high,1,true_positive,87,0.0019333333333333333,950.0,web,credit_card,digital_services,medium,affluent,PT,US,EUR,0,0,1,1,0,0,0,0,0,0,0,1,0.0450393700787401,0.1072727272727272,0.0232258064516129,6.02773519588236,14.547601020098984,2,3,CUST_003204,MERCH_000427,DEV_004788,PM_006516,1,1,1,1,87
TXN_000194986,2026-03-25 18:56:26,2026-03-25,1,stolen_card,0.9872283842962812,high,1,true_positive,88,0.0019555555555555554,876.06,web,debit_card,digital_services,medium,mass,FR,US,EUR,1,1,1,1,0,1,0,0,0,0,0,0,0.0474809160305343,0.0542222222222222,0.0271698113207547,2.705329226208398,18.577459049792196,4,3,CUST_003492,MERCH_000826,DEV_005798,PM_011648,1,1,1,1,88
TXN_000215564,2026-03-10 01:37:29,2026-03-10,1,account_takeover,0.9872069005215856,high,1,true_positive,89,0.001977777777777778,397.68,mobile,wallet,travel,medium,digital_native,ES,FR,EUR,0,0,1,1,0,1,0,1,0,1,0,0,0.03,0.0301234567901234,0.0218181818181818,10.75316500191982,3.1021522538158908,1,6,CUST_007129,MERCH_000582,DEV_006805,PM_002172,1,1,1,1,89
TXN_000086596,2026-03-24 18:12:38,2026-03-24,1,stolen_card,0.9871742324319328,high,1,true_positive,90,0.002,99.31,web,credit_card,digital_services,high,mass,IT,DE,EUR,1,1,1,1,0,0,0,0,0,1,0,0,0.05119341563786,0.0184615384615384,0.0306382978723404,2.291255805555277,1.9282000872412688,2,4,CUST_008937,MERCH_000744,DEV_001208,PM_009934,1,1,1,1,90
TXN_000092616,2026-03-24 20:32:17,2026-03-24,1,merchant_collusion,0.9869136220684116,high,1,true_positive,91,0.002022222222222222,370.47,web,debit_card,marketplace,medium,mass,IT,PT,EUR,1,1,1,1,0,0,0,0,0,1,0,0,0.2018879056047197,0.005432098765432,0.0093617021276595,12.52998872604284,1.980217418550985,2,2,CUST_004039,MERCH_000500,DEV_002422,PM_009608,1,1,1,1,91
TXN_000075106,2026-03-14 03:00:15,2026-03-14,1,stolen_card,0.9868479231695652,high,1,true_positive,92,0.0020444444444444447,132.21,web,debit_card,digital_services,medium,mass,FR,DE,EUR,1,1,1,1,0,0,0,0,0,1,0,0,0.0343089430894308,0.0076595744680851,0.0095652173913043,8.325129873537284,2.0110488536208617,2,3,CUST_006271,MERCH_000523,DEV_007310,PM_000421,1,1,1,1,92
TXN_000137923,2026-03-25 02:12:47,2026-03-25,1,stolen_card,0.9868037676863596,high,1,true_positive,93,0.0020666666666666667,464.93,mobile,debit_card,electronics,medium,digital_native,ES,FR,EUR,1,1,1,1,0,0,0,0,0,2,0,1,0.0211363636363636,0.0035483870967741,0.0042307692307692,33.11080626707451,3.2236153366781446,2,6,CUST_008435,MERCH_000097,DEV_000628,PM_001390,1,1,1,1,93
TXN_000216847,2026-03-16 03:45:12,2026-03-16,1,stolen_card,0.9865839589693568,high,1,true_positive,94,0.002088888888888889,23.86,web,credit_card,travel,high,mass,DE,DE,EUR,1,1,1,1,0,0,0,0,0,0,0,0,0.0267469879518072,0.0067692307692307,0.0084615384615384,0.8760296277376922,0.0468692587492373,2,3,CUST_005395,MERCH_000552,DEV_004134,PM_005913,1,1,1,1,94
TXN_000215367,2026-03-10 01:23:17,2026-03-10,1,stolen_card,0.986576012419168,high,1,true_positive,95,0.002111111111111111,231.3,web,credit_card,marketplace,low,mass,DE,IT,EUR,1,0,1,1,0,0,0,0,0,0,0,0,0.016754716981132,0.0067692307692307,0.0095652173913043,8.271366803567366,2.8264140798748705,2,4,CUST_007895,MERCH_000518,DEV_005478,PM_003066,1,1,1,1,95
TXN_000029881,2026-03-13 01:42:51,2026-03-13,1,merchant_collusion,0.9857347913309678,high,1,true_positive,96,0.0021333333333333334,109.42,mobile,credit_card,digital_services,high,digital_native,DE,US,EUR,1,0,1,1,1,1,0,0,2,3,0,0,0.2479411764705882,0.012,0.0057894736842105,1.850290288033369,1.0644683842485252,1,5,CUST_009772,MERCH_000289,DEV_001681,PM_002802,1,1,1,1,96
TXN_000177855,2026-03-15 05:37:13,2026-03-15,1,account_takeover,0.9855676534967902,high,1,true_positive,97,0.0021555555555555555,700.9,mobile,bank_transfer,travel,medium,sme,IT,IT,EUR,1,1,1,1,0,1,0,0,0,0,0,1,0.0168627450980392,0.0157142857142857,0.0327272727272727,2.9400603048801552,4.2145235272356985,1,5,CUST_008538,MERCH_000737,DEV_005377,PM_009226,1,1,1,1,97
TXN_000130160,2026-03-11 05:16:23,2026-03-11,1,stolen_card,0.9846194663612262,high,1,true_positive,98,0.0021777777777777776,792.93,mobile,credit_card,digital_services,high,mass,ES,ES,EUR,0,1,0,1,0,0,0,0,0,1,0,0,0.0304693140794223,0.0099999999999999,0.0406666666666666,132.55843872655907,9.019277990418765,3,5,CUST_004901,MERCH_000567,DEV_004745,PM_004566,1,1,1,1,98
TXN_000149099,2026-03-10 04:44:51,2026-03-10,1,merchant_collusion,0.9843408360216456,high,1,true_positive,99,0.0022,310.19,web,credit_card,digital_services,high,mass,IT,ES,EUR,1,1,0,1,1,0,0,0,0,0,0,0,0.2397069597069597,0.0087999999999999,0.0157142857142857,6.743819363922478,3.528171442418313,3,5,CUST_004515,MERCH_000345,DEV_003179,PM_011018,1,1,1,1,99
TXN_000266824,2026-03-15 02:25:14,2026-03-15,1,stolen_card,0.9840832930120272,high,1,true_positive,100,0.0022222222222222222,34.14,web,debit_card,travel,high,mass,FR,IT,EUR,1,0,1,1,0,0,0,1,0,1,0,0,0.0439583333333333,0.0364179104477611,0.0169230769230769,1.857365881351121,0.1247743383140394,3,3,CUST_001544,MERCH_000402,DEV_004004,PM_000827,1,1,1,1,100
TXN_000058069,2026-03-20 19:48:49,2026-03-20,1,stolen_card,0.9836226859469448,high,1,true_positive,101,0.0022444444444444443,876.01,web,credit_card,travel,high,mass,PT,FR,EUR,1,1,1,1,0,0,0,0,0,0,0,0,0.0397860962566844,0.007719298245614,0.0351219512195121,28.19378287794376,3.5651513914561828,1,5,CUST_004506,MERCH_000275,DEV_005617,PM_001989,1,1,1,1,101
TXN_000299184,2026-03-23 05:09:55,2026-03-23,1,account_takeover,0.9835893958032916,high,1,true_positive,102,0.002266666666666667,866.04,web,credit_card,electronics,medium,sme,ES,IT,EUR,1,1,1,1,1,1,0,0,0,0,1,1,0.1270528967254408,0.0403636363636363,0.0048888888888888,9.406849350177025,4.400455548936467,2,5,CUST_006507,MERCH_000460,DEV_005903,PM_004582,1,1,1,1,102
TXN_000172355,2026-03-14 07:01:33,2026-03-14,1,stolen_card,0.9833543740141716,high,1,true_positive,103,0.002288888888888889,53.57,web,debit_card,travel,medium,mass,FR,PT,EUR,1,1,1,1,0,1,0,0,0,0,0,0,0.0383505154639175,0.0129411764705882,0.0086274509803921,1.193304587185158,0.1601234512336362,2,3,CUST_005832,MERCH_000108,DEV_007893,PM_006066,1,1,1,1,103
TXN_000221786,2026-03-25 22:11:28,2026-03-25,1,stolen_card,0.983095232010776,high,1,true_positive,104,0.002311111111111111,191.81,web,debit_card,marketplace,low,mass,ES,FR,EUR,1,1,1,1,0,0,0,0,0,0,0,0,0.0272584856396866,0.0443636363636363,0.0329729729729729,8.638792974027924,2.590411756499093,2,3,CUST_005258,MERCH_000945,DEV_000118,PM_009999,1,1,1,1,104
TXN_000199426,2026-03-12 21:10:10,2026-03-12,1,merchant_collusion,0.9829214676516976,high,1,true_positive,105,0.0023333333333333335,270.06,mobile,credit_card,marketplace,high,digital_native,DE,GB,EUR,1,1,1,1,0,0,0,0,0,1,0,0,0.2618649517684887,0.0101408450704225,0.0306382978723404,4.382531192070754,1.8438753275688569,1,3,CUST_008714,MERCH_000487,DEV_007217,PM_010234,1,1,1,1,105
TXN_000209353,2026-03-13 15:41:40,2026-03-13,1,stolen_card,0.9829178058158152,high,1,true_positive,106,0.0023555555555555556,367.43,web,debit_card,electronics,medium,mass,IT,PT,EUR,1,1,1,1,0,0,0,0,0,0,0,0,0.0364478764478764,0.1348571428571428,0.0248275862068965,5.353358628016391,2.598799380898408,2,3,CUST_002161,MERCH_000387,DEV_003086,PM_006074,1,1,1,1,106
TXN_000170154,2026-03-24 21:42:03,2026-03-24,1,merchant_collusion,0.9827552279711036,high,1,true_positive,107,0.0023777777777777777,850.0,mobile,credit_card,marketplace,medium,sme,ES,US,EUR,1,0,1,1,1,0,0,0,0,0,0,1,0.1787042253521126,0.007457627118644,0.0244067796610169,3.887962638966077,5.094405278501609,1,4,CUST_002904,MERCH_000819,DEV_007355,PM_002076,1,1,1,1,107
TXN_000087841,2026-03-10 06:25:57,2026-03-10,1,merchant_collusion,0.9826221278842312,high,1,true_positive,108,0.0024,71.27,mobile,credit_card,digital_services,high,mass,PT,PT,EUR,1,0,1,1,1,0,0,0,0,1,0,0,0.2201481481481481,0.0205714285714285,0.0813333333333333,7.508527029696451,0.6925878042352517,2,4,CUST_005722,MERCH_000566,DEV_004689,PM_002539,1,1,1,1,108
TXN_000198218,2026-03-12 22:24:54,2026-03-12,1,account_takeover,0.9826141275932008,high,1,true_positive,109,0.0024222222222222223,1115.99,mobile,debit_card,travel,high,sme,DE,FR,EUR,1,1,1,1,0,1,0,0,0,0,0,0,0.0204761904761904,0.0375384615384615,0.0079999999999999,6.877865803097196,4.161193789192309,2,5,CUST_004830,MERCH_000723,DEV_007442,PM_006177,1,1,1,1,109
TXN_000252935,2026-03-18 23:45:21,2026-03-18,1,stolen_card,0.9824203620061868,high,1,true_positive,110,0.0024444444444444444,175.14,mobile,credit_card,marketplace,high,mass,ES,GB,EUR,1,1,1,1,0,1,0,1,0,1,0,2,0.0162874251497005,0.0245714285714285,0.0409523809523809,8.412283323371188,2.662610661779836,1,5,CUST_004508,MERCH_000894,DEV_004462,PM_010295,1,1,1,1,110
TXN_000243631,2026-03-13 22:53:21,2026-03-13,1,merchant_collusion,0.9823399558807372,high,1,true_positive,111,0.0024666666666666665,200.48,web,bank_transfer,digital_services,high,sme,PT,IT,EUR,1,0,1,1,0,0,0,1,0,3,0,1,0.2246043165467625,0.0215,0.0051162790697674,3.1629252802473258,1.9285540907702867,1,3,CUST_005439,MERCH_000566,DEV_007487,PM_005398,1,1,1,1,111
TXN_000231814,2026-03-22 23:38:33,2026-03-22,1,stolen_card,0.9823182918291828,high,1,true_positive,112,0.002488888888888889,70.38,web,debit_card,digital_services,medium,mass,FR,FR,EUR,1,1,1,1,0,1,0,2,0,3,0,2,0.0450393700787401,0.0061971830985915,0.0095652173913043,2.0789680976762503,1.4833336936080066,2,4,CUST_009972,MERCH_000826,DEV_004090,PM_011060,1,1,1,1,112
TXN_000034524,2026-03-16 01:20:36,2026-03-16,1,account_takeover,0.9817450653500934,high,1,true_positive,113,0.002511111111111111,804.73,web,bank_transfer,marketplace,high,sme,PT,FR,EUR,1,1,1,1,0,0,0,3,0,3,0,1,0.0406225680933852,0.0045360824742268,0.0048888888888888,13.644257463550275,6.364013151067431,2,5,CUST_001083,MERCH_000506,DEV_000293,PM_008599,1,1,1,1,113
TXN_000283869,2026-03-23 00:23:05,2026-03-23,1,stolen_card,0.9816989778967318,high,1,true_positive,114,0.002533333333333333,72.82,web,credit_card,electronics,low,digital_native,FR,GB,EUR,1,1,1,1,0,1,1,1,1,1,1,1,0.0160288808664259,0.0435714285714285,0.0192,2.149390300145737,0.2360965401630836,2,4,CUST_005105,MERCH_000006,DEV_000205,PM_006883,1,1,1,1,114
TXN_000210281,2026-03-09 04:36:18,2026-03-09,1,merchant_collusion,0.9815362008719308,high,1,true_positive,115,0.0025555555555555557,477.62,web,credit_card,marketplace,high,mass,DE,PT,EUR,1,1,0,1,0,0,0,0,0,1,0,0,0.2563398692810457,0.0125217391304347,0.0221538461538461,19.679615911717026,3.3132127020378546,1,5,CUST_006721,MERCH_000487,DEV_004014,PM_011384,1,1,1,1,115
TXN_000293905,2026-03-14 15:04:43,2026-03-14,1,stolen_card,0.9810299360346604,high,1,true_positive,116,0.002577777777777778,950.0,mobile,credit_card,marketplace,medium,affluent,FR,FR,EUR,1,1,1,1,0,0,0,0,0,0,0,0,0.0243939393939393,0.0167441860465116,0.0045360824742268,3.8721458209356734,6.421239398929886,1,4,CUST_009494,MERCH_001000,DEV_005278,PM_002529,1,1,1,1,116
TXN_000059760,2026-03-15 22:03:27,2026-03-15,1,merchant_collusion,0.9809663835890232,high,1,true_positive,117,0.0026,147.45,mobile,wallet,electronics,medium,digital_native,DE,ES,EUR,1,1,1,1,0,0,0,0,0,0,0,0,0.1896296296296296,0.0084615384615384,0.0079999999999999,5.630504132823128,1.1220205621667243,1,3,CUST_006080,MERCH_000066,DEV_007685,PM_004898,1,1,1,1,117
TXN_000087591,2026-03-24 03:48:43,2026-03-24,0,none,0.9807571080031446,high,1,false_positive,118,0.0026222222222222224,1234.63,web,credit_card,electronics,medium,sme,ES,ES,EUR,1,1,1,1,0,1,0,0,0,0,0,0,0.0163855421686747,0.0137499999999999,0.0065671641791044,11.083086719350796,3.437698432813604,1,6,CUST_001874,MERCH_000149,DEV_005705,PM_007313,1,1,1,1,118
TXN_000278857,2026-03-20 02:57:41,2026-03-20,1,account_takeover,0.9802116119259844,high,1,true_positive,119,0.0026444444444444445,1200.0,web,credit_card,electronics,high,sme,DE,US,EUR,1,1,1,1,0,1,0,0,0,0,0,1,0.0240707964601769,0.0161797752808988,0.0677777777777777,11.491534091072324,4.536746268333493,1,6,CUST_000320,MERCH_000911,DEV_003211,PM_011903,1,1,1,1,119
TXN_000271404,2026-03-24 20:19:45,2026-03-24,1,stolen_card,0.9800238460447576,high,1,true_positive,120,0.0026666666666666666,236.75,web,credit_card,travel,high,digital_native,DE,IT,EUR,1,1,1,1,0,0,0,1,0,0,0,1,0.0274747474747474,0.011578947368421,0.0674509803921568,3.8770295212393937,1.628417855541988,2,6,CUST_001599,MERCH_000323,DEV_005633,PM_002056,1,1,1,1,120
TXN_000075124,2026-03-09 03:46:39,2026-03-09,1,merchant_collusion,0.9798361712604964,high,1,true_positive,121,0.002688888888888889,114.95,mobile,wallet,digital_services,high,digital_native,PT,US,EUR,1,1,1,1,0,1,0,0,0,0,0,0,0.2205283018867924,0.0129411764705882,0.0353623188405797,3.2070174192697505,1.1236505341207694,2,6,CUST_003743,MERCH_000566,DEV_004768,PM_006635,1,1,1,1,121
TXN_000271590,2026-03-17 05:44:48,2026-03-17,1,account_takeover,0.9794572940756066,high,1,true_positive,122,0.002711111111111111,957.57,mobile,wallet,travel,high,sme,PT,FR,EUR,1,1,1,1,0,1,0,0,0,0,0,0,0.0353846153846153,0.0217857142857142,0.0125714285714285,9.692173184650018,3.9296586413238703,1,8,CUST_004899,MERCH_000275,DEV_007641,PM_001976,1,1,1,1,122
TXN_000250484,2026-03-12 00:56:32,2026-03-12,1,stolen_card,0.9791139960463616,high,1,true_positive,123,0.0027333333333333333,412.3,mobile,credit_card,digital_services,medium,affluent,IT,ES,EUR,0,0,1,1,0,0,0,1,0,1,1,2,0.0594690265486725,0.0051162790697674,0.0058666666666666,3.2295940554746734,6.371589667878963,1,5,CUST_004537,MERCH_001119,DEV_003811,PM_000235,1,1,1,1,123
TXN_000162090,2026-03-22 00:29:49,2026-03-22,1,account_takeover,0.9786797296545438,high,1,true_positive,124,0.0027555555555555554,118.4,mobile,debit_card,marketplace,medium,digital_native,ES,GB,EUR,1,1,1,1,1,1,0,0,0,0,0,0,0.0371270718232044,0.038125,0.0184615384615384,13.653136531365316,1.553799215748272,1,4,CUST_002948,MERCH_000970,DEV_006030,PM_010579,1,1,1,1,124
TXN_000014440,2026-03-15 05:42:07,2026-03-15,1,merchant_collusion,0.9786624819307748,high,1,true_positive,125,0.002777777777777778,850.0,web,bank_transfer,electronics,medium,sme,DE,IT,EUR,1,1,0,1,0,0,0,0,0,0,0,0,0.1845962732919254,0.0232380952380952,0.0070967741935483,8.029629407486823,6.667913491160534,2,5,CUST_004013,MERCH_000066,DEV_006894,PM_006350,1,1,1,1,125
TXN_000093937,2026-03-19 08:43:45,2026-03-19,1,merchant_collusion,0.9785536366765516,high,1,true_positive,126,0.0028,283.68,mobile,bank_transfer,marketplace,medium,sme,IT,ES,EUR,1,1,1,1,0,1,1,2,1,1,0,0,0.1845045045045045,0.0042307692307692,0.045,3.013714353305048,2.6988803176703846,1,4,CUST_009317,MERCH_000660,DEV_003539,PM_003480,1,1,1,1,126
TXN_000165842,2026-03-25 00:52:40,2026-03-25,1,stolen_card,0.978546175991266,high,1,true_positive,127,0.002822222222222222,186.19,web,credit_card,digital_services,high,mass,ES,IT,EUR,1,1,1,1,0,0,0,0,0,0,0,0,0.0486195286195286,0.0151724137931034,0.0327272727272727,2.4050583858633874,2.778506087706066,2,4,CUST_006398,MERCH_000685,DEV_005738,PM_004935,1,1,1,1,127
TXN_000087697,2026-03-23 03:30:40,2026-03-23,1,account_takeover,0.9782346220449326,high,1,true_positive,128,0.0028444444444444446,629.61,mobile,wallet,marketplace,high,sme,ES,ES,EUR,1,1,1,1,0,1,0,0,0,0,0,0,0.016094674556213,0.0133333333333333,0.0137499999999999,6.688750331304255,5.411697577823433,1,7,CUST_009317,MERCH_000243,DEV_003539,PM_011659,1,1,1,1,128
TXN_000104955,2026-03-21 02:11:55,2026-03-21,1,merchant_collusion,0.9781316498003512,high,1,true_positive,129,0.0028666666666666667,850.0,mobile,wallet,marketplace,medium,digital_native,ES,FR,EUR,1,1,0,1,0,0,0,1,0,0,0,1,0.1693913043478261,0.032,0.0228571428571428,19.63515502980613,5.1910103914162775,1,4,CUST_007745,MERCH_000819,DEV_004728,PM_006044,1,1,1,1,129
TXN_000185597,2026-03-10 21:20:52,2026-03-10,1,merchant_collusion,0.9781267447672748,high,1,true_positive,130,0.0028888888888888888,128.5,web,credit_card,digital_services,high,sme,FR,DE,EUR,1,0,0,1,1,0,0,0,0,0,0,0,0.2031343283582089,0.0078571428571428,0.0038260869565217,3.2353075235116524,1.3535082570459476,2,5,CUST_003732,MERCH_001028,DEV_003380,PM_010582,1,1,1,1,130
TXN_000050997,2026-03-19 00:41:57,2026-03-19,1,merchant_collusion,0.977931385524586,high,1,true_positive,131,0.0029111111111111113,689.72,web,debit_card,marketplace,medium,mass,IT,ES,EUR,1,1,0,1,1,1,0,0,0,1,0,0,0.2007361963190184,0.0484507042253521,0.0351219512195121,15.22882267106981,3.673393686800386,1,5,CUST_003244,MERCH_000500,DEV_001113,PM_006631,1,1,1,1,131
TXN_000180367,2026-03-17 02:48:22,2026-03-17,0,none,0.9776751987656468,high,1,false_positive,132,0.0029333333333333334,1148.83,web,credit_card,travel,high,sme,IT,GB,EUR,1,1,1,1,0,0,0,1,0,1,0,1,0.0376785714285714,0.0052380952380952,0.0275776397515527,16.133393587601546,3.3405946242044644,2,6,CUST_004259,MERCH_001018,DEV_000915,PM_001912,1,1,1,1,132
TXN_000043597,2026-03-18 04:48:16,2026-03-18,1,stolen_card,0.9773327452331664,high,1,true_positive,133,0.0029555555555555555,128.16,web,debit_card,digital_services,high,digital_native,ES,PT,EUR,0,1,1,1,0,0,0,1,0,1,0,3,0.0463448275862068,0.032,0.0399999999999999,11.678267269477448,2.1620351741839383,1,5,CUST_000863,MERCH_000548,DEV_003056,PM_007108,1,1,1,1,133
TXN_000135262,2026-03-24 01:10:35,2026-03-24,1,stolen_card,0.976778393530254,high,1,true_positive,134,0.002977777777777778,60.83,web,debit_card,electronics,medium,mass,IT,US,EUR,1,1,1,1,0,0,0,0,0,0,0,0,0.032,0.0086274509803921,0.0348571428571428,2.3490265486725663,0.2264526535162381,2,2,CUST_005498,MERCH_000514,DEV_001542,PM_007642,1,1,1,1,134
TXN_000297195,2026-03-10 05:05:33,2026-03-10,1,stolen_card,0.9766355394285888,high,1,true_positive,135,0.003,131.66,web,debit_card,digital_services,medium,mass,FR,ES,EUR,1,1,1,1,0,0,0,1,0,2,0,2,0.0302439024390243,0.0169411764705882,0.0274157303370786,2.55357939448011,2.150360366805928,2,3,CUST_009463,MERCH_000062,DEV_001365,PM_000888,1,1,1,1,135
TXN_000020635,2026-03-23 02:25:17,2026-03-23,0,none,0.9764186625463932,high,1,false_positive,136,0.003022222222222222,51.36,mobile,credit_card,travel,high,digital_native,ES,PT,EUR,0,1,1,1,0,1,0,1,0,1,0,2,0.0412996389891696,0.0453061224489795,0.0234013605442176,2.451141814016751,0.1737259665404782,0,4,CUST_008394,MERCH_000542,DEV_000559,PM_010575,1,1,1,1,136
TXN_000017922,2026-03-21 02:19:54,2026-03-21,1,account_takeover,0.9763096642737578,high,1,true_positive,137,0.0030444444444444442,611.68,web,credit_card,marketplace,medium,affluent,ES,DE,EUR,0,1,1,1,0,0,0,0,0,0,0,0,0.0345555555555555,0.0358823529411764,0.0436363636363636,3.794832109685835,8.177938842567032,1,4,CUST_005813,MERCH_000970,DEV_000019,PM_003109,1,1,1,1,137
TXN_000274321,2026-03-12 03:16:47,2026-03-12,1,account_takeover,0.976094194986676,high,1,true_positive,138,0.0030666666666666668,853.69,web,credit_card,electronics,medium,affluent,FR,FR,EUR,1,1,1,1,0,0,0,0,0,0,0,2,0.0133333333333333,0.0236065573770491,0.0070967741935483,5.835168403005223,3.922301912172718,1,4,CUST_004876,MERCH_001080,DEV_002197,PM_008272,1,1,1,1,138
TXN_000121386,2026-03-22 06:24:02,2026-03-22,1,merchant_collusion,0.9759686819975264,high,1,true_positive,139,0.003088888888888889,132.86,mobile,debit_card,electronics,medium,mass,DE,ES,EUR,1,0,0,1,0,0,0,0,0,0,0,0,0.1912166172106824,0.0271111111111111,0.0191304347826086,3.746102928342218,1.0179189379536835,1,3,CUST_002111,MERCH_000066,DEV_003301,PM_006399,1,1,1,1,139
TXN_000136829,2026-03-23 04:24:06,2026-03-23,1,account_takeover,0.9759623553304244,high,1,true_positive,140,0.003111111111111111,1200.0,mobile,credit_card,marketplace,medium,sme,IT,GB,EUR,1,1,1,1,0,0,0,0,0,0,0,0,0.0230340557275541,0.0169230769230769,0.0070967741935483,1.9267420558016608,9.270716392314483,4,4,CUST_003688,MERCH_000285,DEV_002909,PM_004042,1,1,1,1,140
TXN_000233228,2026-03-11 08:28:59,2026-03-11,1,stolen_card,0.9758025239811678,high,1,true_positive,141,0.0031333333333333335,950.0,web,credit_card,electronics,medium,affluent,IT,DE,EUR,1,1,0,1,0,0,0,0,0,0,0,0,0.0240707964601769,0.0199999999999999,0.0083018867924528,13.807582058217934,5.636261001797152,2,3,CUST_002669,MERCH_000989,DEV_004532,PM_008103,1,1,1,1,141
TXN_000198090,2026-03-14 00:12:17,2026-03-14,1,account_takeover,0.9757329469915808,high,1,true_positive,142,0.0031555555555555555,83.27,mobile,debit_card,electronics,medium,digital_native,DE,FR,EUR,1,1,1,1,0,1,0,1,0,0,0,1,0.0179757085020242,0.0079999999999999,0.018,4.5821983766680425,0.2388275719687292,1,5,CUST_005708,MERCH_000693,DEV_001154,PM_004844,1,1,1,1,142
TXN_000285281,2026-03-10 00:11:13,2026-03-10,0,none,0.9750936500970092,high,1,false_positive,143,0.0031777777777777776,139.99,web,credit_card,marketplace,medium,mass,ES,PT,EUR,1,1,1,1,0,1,0,0,0,0,0,0,0.1580952380952381,0.0151724137931034,0.0451851851851851,2.3579248778844533,0.7878098507312643,1,3,CUST_005404,MERCH_000696,DEV_001419,PM_008030,1,1,1,1,143
TXN_000238811,2026-03-15 00:04:30,2026-03-15,1,stolen_card,0.97492671332826,high,1,true_positive,144,0.0032,301.48,web,credit_card,digital_services,medium,digital_native,ES,GB,EUR,0,1,1,1,0,0,0,1,0,0,0,1,0.0360883280757097,0.0342857142857142,0.0369230769230769,6.766415433116897,4.050017097542839,2,4,CUST_008418,MERCH_001061,DEV_007459,PM_002116,1,1,1,1,144
TXN_000175635,2026-03-15 04:35:47,2026-03-15,0,none,0.9744880288458908,high,1,false_positive,145,0.0032222222222222222,234.62,mobile,credit_card,electronics,medium,digital_native,IT,IT,EUR,1,1,1,1,0,1,0,0,0,0,0,0,0.0215019762845849,0.0118918918918918,0.0091666666666666,13.771631793384437,1.6654463164199516,1,4,CUST_003798,MERCH_000532,DEV_007968,PM_009285,1,1,1,1,145
TXN_000269306,2026-03-26 00:04:28,2026-03-26,0,none,0.9744214477547726,high,1,false_positive,146,0.0032444444444444443,535.51,mobile,credit_card,marketplace,medium,affluent,ES,PT,EUR,1,1,1,1,0,0,0,0,0,0,0,1,0.0149450549450549,0.0116129032258064,0.0177777777777777,2.1183742292357217,8.84525085372084,1,3,CUST_004530,MERCH_000752,DEV_001941,PM_004414,1,1,1,1,146
TXN_000073069,2026-03-15 06:28:26,2026-03-15,1,stolen_card,0.9743120032330976,high,1,true_positive,147,0.003266666666666667,183.04,web,credit_card,marketplace,medium,mass,IT,FR,EUR,1,1,1,1,0,0,0,0,0,0,0,0,0.0444285714285714,0.0163636363636363,0.1032558139534883,3.036784224497535,1.5501203539938309,2,2,CUST_005978,MERCH_000589,DEV_000714,PM_011498,1,1,1,1,147
TXN_000013568,2026-03-13 01:54:53,2026-03-13,1,account_takeover,0.9741642181541068,high,1,true_positive,148,0.003288888888888889,527.34,mobile,wallet,marketplace,medium,digital_native,IT,PT,EUR,1,0,1,1,0,1,0,0,0,1,0,0,0.0365891472868217,0.1055737704918032,0.0107317073170731,2.7540392863437853,6.546952887490429,1,7,CUST_000201,MERCH_000555,DEV_000675,PM_000857,1,1,1,1,148
TXN_000037158,2026-03-09 05:36:13,2026-03-09,1,merchant_collusion,0.9739074786228876,high,1,true_positive,149,0.003311111111111111,119.57,web,credit_card,marketplace,medium,mass,IT,PT,EUR,1,1,1,1,0,1,0,2,1,5,0,1,0.1928712871287128,0.0075862068965517,0.0087999999999999,1.474867915219045,0.6252003041167542,2,5,CUST_001531,MERCH_000500,DEV_000048,PM_007088,1,1,1,1,149
TXN_000188186,2026-03-24 03:42:17,2026-03-24,0,none,0.973791064104104,high,1,false_positive,150,0.0033333333333333335,593.82,web,credit_card,marketplace,medium,affluent,ES,GB,EUR,1,1,1,1,0,1,0,1,0,1,0,1,0.0210764872521246,0.06752,0.0477777777777777,3.868813489485112,4.008494091718839,1,4,CUST_005835,MERCH_000497,DEV_005958,PM_002553,1,1,1,1,150
TXN_000174761,2026-03-08 22:40:52,2026-03-08,1,stolen_card,0.9737266475309236,high,1,true_positive,151,0.0033555555555555556,411.26,web,credit_card,electronics,high,affluent,ES,US,EUR,0,1,1,1,0,1,0,1,0,1,0,2,0.0303597122302158,0.0104761904761904,0.0089795918367346,3.070853981245231,4.511046006639975,2,5,CUST_003613,MERCH_001165,DEV_002307,PM_009719,1,1,1,1,151
TXN_000261488,2026-03-15 00:16:36,2026-03-15,1,stolen_card,0.9736824517995434,high,1,true_positive,152,0.0033777777777777777,227.74,mobile,credit_card,digital_services,medium,affluent,FR,US,EUR,1,1,1,1,0,1,0,0,0,0,0,0,0.0324890829694323,0.0293975903614457,0.0274157303370786,2.919884851710291,2.777377035214321,2,3,CUST_004298,MERCH_000377,DEV_003035,PM_004980,1,1,1,1,152
TXN_000294037,2026-03-20 08:21:03,2026-03-20,1,stolen_card,0.9736434786639524,high,1,true_positive,153,0.0034,384.84,web,credit_card,marketplace,low,digital_native,ES,GB,EUR,0,1,1,1,0,0,0,0,0,0,0,2,0.014863387978142,0.0225,0.0477419354838709,9.212526797921068,4.3978097259713405,2,4,CUST_007977,MERCH_000274,DEV_007800,PM_001514,1,1,1,1,153
TXN_000059590,2026-03-18 02:16:15,2026-03-18,1,merchant_collusion,0.9734990125681108,high,1,true_positive,154,0.0034222222222222223,850.0,web,wallet,digital_services,high,affluent,DE,DE,EUR,0,0,0,0,0,1,0,0,0,0,0,0,0.246241134751773,0.036,0.0205714285714285,6.212468790301474,8.261960922816886,2,7,CUST_008375,MERCH_000289,DEV_002860,PM_009483,1,1,1,1,154
TXN_000272490,2026-03-09 01:39:42,2026-03-09,1,account_takeover,0.9733221277263,high,1,true_positive,155,0.0034444444444444444,1200.0,web,wallet,travel,high,sme,PT,US,EUR,1,0,1,1,0,1,0,1,0,2,0,1,0.0496470588235294,0.0128571428571428,0.0058666666666666,52.059084945189824,3.771936166266946,2,8,CUST_005162,MERCH_000996,DEV_006602,PM_004690,1,1,1,1,155
TXN_000221892,2026-03-23 19:22:54,2026-03-23,1,merchant_collusion,0.9731590243143312,high,1,true_positive,156,0.0034666666666666665,165.31,web,debit_card,digital_services,high,mass,IT,ES,EUR,1,1,0,1,1,1,0,0,0,0,0,0,0.2340199335548172,0.0051764705882352,0.0083018867924528,3.927761482622446,1.903750813001966,2,4,CUST_001982,MERCH_000345,DEV_001340,PM_002543,1,1,1,1,156
TXN_000156474,2026-03-18 12:06:11,2026-03-18,0,none,0.9729381060072604,high,1,false_positive,157,0.003488888888888889,1181.36,web,credit_card,travel,high,affluent,FR,PT,EUR,1,0,1,1,0,0,0,0,0,0,0,0,0.0489119170984455,0.0169230769230769,0.0102325581395348,8.257793932615686,3.5338508295957416,2,5,CUST_002997,MERCH_000444,DEV_004053,PM_009601,1,1,1,1,157
TXN_000192318,2026-03-20 22:49:37,2026-03-20,1,stolen_card,0.9726990298553,high,1,true_positive,158,0.003511111111111111,102.27,web,credit_card,digital_services,medium,digital_native,PT,PT,EUR,1,1,1,1,0,1,0,0,0,0,0,0,0.0370175438596491,0.0210344827586206,0.0081481481481481,9.331566686080372,2.0866166988897032,1,5,CUST_003226,MERCH_000148,DEV_000186,PM_007369,1,1,1,1,158
TXN_000222272,2026-03-11 04:58:25,2026-03-11,1,merchant_collusion,0.9726649414867516,high,1,true_positive,159,0.003533333333333333,97.3,mobile,credit_card,marketplace,medium,digital_native,IT,FR,EUR,1,1,0,1,1,0,0,0,0,0,0,0,0.1690683229813664,0.0256842105263157,0.0248275862068965,4.469248082311331,0.9471317006410672,1,5,CUST_001716,MERCH_000614,DEV_003647,PM_009951,1,1,1,1,159
TXN_000097294,2026-03-09 04:32:20,2026-03-09,1,stolen_card,0.9724822882514208,high,1,true_positive,160,0.0035555555555555557,350.76,mobile,credit_card,marketplace,low,digital_native,ES,ES,EUR,1,1,1,1,0,0,0,1,0,1,0,1,0.0335691318327974,0.0428070175438596,0.0652941176470588,9.240316956331847,3.207274557743954,1,5,CUST_006233,MERCH_000273,DEV_000700,PM_011746,1,1,1,1,160
TXN_000151006,2026-03-16 02:42:41,2026-03-16,1,stolen_card,0.9723339492264348,high,1,true_positive,161,0.003577777777777778,950.0,web,credit_card,electronics,low,digital_native,FR,IT,EUR,1,1,1,1,0,1,0,0,0,0,0,2,0.0054961832061068,0.0266666666666666,0.0063768115942028,28.04065895548545,3.031243164375258,1,5,CUST_005105,MERCH_000189,DEV_000205,PM_006883,1,1,1,1,161
TXN_000106821,2026-03-11 21:38:04,2026-03-11,1,stolen_card,0.972295853874997,high,1,true_positive,162,0.0036,126.5,web,credit_card,marketplace,medium,mass,IT,US,EUR,1,0,1,1,0,0,0,0,0,0,0,0,0.0332283464566929,0.0118918918918918,0.0157142857142857,4.216666666666667,1.5710907831569896,2,2,CUST_006991,MERCH_000555,DEV_007183,PM_002628,1,1,1,1,162
TXN_000203138,2026-03-15 04:35:46,2026-03-15,1,stolen_card,0.9721579150917962,high,1,true_positive,163,0.0036222222222222224,255.89,web,debit_card,marketplace,high,mass,IT,FR,EUR,1,0,1,1,0,0,0,1,0,1,0,1,0.0522957198443579,0.0167441860465116,0.0104761904761904,10.039568136243425,1.866123931253104,1,5,CUST_003860,MERCH_000801,DEV_003066,PM_001500,1,1,1,1,163
TXN_000106788,2026-03-17 04:57:22,2026-03-17,0,none,0.9721169077663214,high,1,false_positive,164,0.0036444444444444445,153.67,mobile,credit_card,electronics,medium,digital_native,DE,FR,EUR,1,1,1,1,0,1,0,0,0,0,0,0,0.016629213483146,0.0342857142857142,0.0378947368421052,2.441566882844885,1.728421085226416,1,5,CUST_003445,MERCH_000075,DEV_005704,PM_002879,1,1,1,1,164
TXN_000007335,2026-03-18 03:09:26,2026-03-18,1,stolen_card,0.9720338699564368,high,1,true_positive,165,0.0036666666666666666,247.2,mobile,credit_card,marketplace,low,mass,ES,GB,EUR,1,1,1,1,0,0,0,0,0,0,0,0,0.0144297082228116,0.0118918918918918,0.0382222222222222,4.662501473535306,1.854615607701716,3,4,CUST_000592,MERCH_000922,DEV_000573,PM_001514,1,1,1,1,165
TXN_000269107,2026-03-15 00:11:39,2026-03-15,1,stolen_card,0.9716965899478828,high,1,true_positive,166,0.0036888888888888887,381.87,web,credit_card,digital_services,low,mass,FR,US,EUR,1,0,1,1,0,0,0,0,0,0,0,1,0.0296414342629482,0.0038260869565217,0.0554838709677419,1.7614200710343026,5.015392094153767,5,3,CUST_007909,MERCH_001046,DEV_003982,PM_007873,1,1,1,1,166
TXN_000279826,2026-03-14 01:38:49,2026-03-14,0,none,0.971547860042246,high,1,false_positive,167,0.003711111111111111,782.46,mobile,credit_card,electronics,high,sme,FR,FR,EUR,1,1,1,1,0,0,0,0,0,0,0,0,0.0396244131455399,0.0067692307692307,0.016551724137931,7.3527930837925135,3.536262461470805,2,7,CUST_002651,MERCH_000522,DEV_002975,PM_008306,1,1,1,1,167
TXN_000199555,2026-03-15 08:55:08,2026-03-15,1,merchant_collusion,0.9714425160071788,high,1,true_positive,168,0.0037333333333333333,78.5,mobile,debit_card,digital_services,high,digital_native,PT,US,EUR,1,1,1,1,1,0,0,0,0,0,0,2,0.2269014084507042,0.0061971830985915,0.0047311827956989,8.326743939364718,0.7577876724575774,1,3,CUST_006103,MERCH_000566,DEV_002936,PM_002741,1,1,1,1,168
TXN_000003294,2026-03-21 01:47:14,2026-03-21,1,stolen_card,0.9713951409928478,high,1,true_positive,169,0.0037555555555555554,108.89,web,debit_card,electronics,medium,digital_native,DE,US,EUR,0,1,1,1,0,0,0,0,0,0,0,0,0.0241198501872659,0.0191304347826086,0.0128571428571428,3.5343976761969733,1.183029385463901,2,4,CUST_001965,MERCH_000758,DEV_004222,PM_003590,1,1,1,1,169
TXN_000001463,2026-03-11 21:05:38,2026-03-11,1,merchant_collusion,0.9713228710251194,high,1,true_positive,170,0.003777777777777778,10.25,web,credit_card,marketplace,medium,digital_native,ES,FR,EUR,1,1,0,1,0,0,0,1,0,1,0,0,0.1589710610932475,0.015,0.036,1.64,0.0614137042485661,2,2,CUST_008620,MERCH_000819,DEV_007457,PM_004001,1,1,1,1,170
TXN_000180531,2026-03-15 23:05:44,2026-03-15,1,merchant_collusion,0.9712513278103346,high,1,true_positive,171,0.0038,166.03,web,credit_card,digital_services,high,digital_native,IT,ES,EUR,1,1,0,1,1,1,0,0,0,0,0,0,0.2347703180212014,0.0276923076923076,0.028235294117647,3.8304486794357255,1.9062255669557635,1,6,CUST_004413,MERCH_000345,DEV_006472,PM_001738,1,1,1,1,171
TXN_000264416,2026-03-13 02:31:01,2026-03-13,1,stolen_card,0.9702164267385216,high,1,true_positive,172,0.003822222222222222,44.89,mobile,credit_card,travel,high,mass,DE,ES,EUR,1,1,1,1,0,0,0,0,0,2,0,0,0.0437647058823529,0.0358333333333333,0.043,2.2775986513690896,0.1862265633448265,2,3,CUST_008241,MERCH_000326,DEV_005550,PM_007653,1,1,1,1,172
TXN_000202435,2026-03-12 08:56:11,2026-03-12,1,stolen_card,0.9700989926130108,high,1,true_positive,173,0.0038444444444444446,134.37,mobile,credit_card,digital_services,medium,digital_native,ES,US,EUR,0,1,1,1,0,1,0,0,0,0,0,0,0.0356313993174061,0.0404705882352941,0.0182089552238805,6.412771136087049,2.6607226010853817,1,4,CUST_008394,MERCH_000276,DEV_000559,PM_010575,1,1,1,1,173
TXN_000176832,2026-03-14 04:53:01,2026-03-14,1,merchant_collusion,0.9698957851480812,high,1,true_positive,174,0.0038666666666666667,192.08,mobile,credit_card,marketplace,medium,affluent,ES,PT,EUR,1,1,1,1,0,1,0,1,0,0,0,0,0.1552432432432432,0.0221538461538461,0.0129411764705882,1.6188790560471975,1.0790288996707604,1,3,CUST_008110,MERCH_000696,DEV_003487,PM_011078,1,1,1,1,174
TXN_000195317,2026-03-08 23:37:59,2026-03-08,1,merchant_collusion,0.9698657485361308,high,1,true_positive,175,0.0038888888888888888,401.27,mobile,credit_card,digital_services,high,affluent,IT,PT,EUR,1,1,1,1,1,1,0,0,0,0,0,0,0.2358364312267657,0.2479999999999999,0.2077419354838709,1.5063020292799258,4.68054628420776,1,4,CUST_009017,MERCH_000345,DEV_003516,PM_000576,1,1,1,1,175
TXN_000204692,2026-03-21 05:53:56,2026-03-21,0,none,0.9696969820808587,high,1,false_positive,176,0.003911111111111111,439.46,mobile,credit_card,electronics,medium,affluent,ES,GB,EUR,1,1,1,1,0,1,0,0,0,0,0,0,0.0183783783783783,0.0066666666666666,0.0261818181818181,3.363231445058393,2.798623888138996,1,6,CUST_009572,MERCH_000267,DEV_000632,PM_007567,1,1,1,1,176
TXN_000293959,2026-03-09 22:09:34,2026-03-09,1,merchant_collusion,0.9685513931854238,high,1,true_positive,177,0.003933333333333333,360.05,web,debit_card,marketplace,high,sme,DE,GB,EUR,1,1,1,1,1,0,0,1,0,1,0,0,0.2579220779220779,0.0305,0.0171428571428571,8.617263157894739,2.480372425188933,2,3,CUST_007441,MERCH_000487,DEV_006017,PM_002575,1,1,1,1,177
TXN_000147788,2026-03-23 22:45:48,2026-03-23,1,account_takeover,0.9681816855885572,high,1,true_positive,178,0.003955555555555556,59.38,web,wallet,travel,medium,digital_native,FR,FR,EUR,1,1,1,1,0,1,0,0,0,0,0,0,0.0166183574879227,0.0261818181818181,0.0261818181818181,3.507253866883237,0.1564397194694829,2,5,CUST_000512,MERCH_000365,DEV_007508,PM_005545,1,1,1,1,178
TXN_000087873,2026-03-11 00:17:43,2026-03-11,1,merchant_collusion,0.9680774639649976,high,1,true_positive,179,0.003977777777777778,442.64,mobile,credit_card,marketplace,medium,mass,ES,IT,EUR,0,0,1,1,0,0,0,0,0,0,0,0,0.1572727272727272,0.0069841269841269,0.0049438202247191,15.253406848156388,2.664619365680884,1,3,CUST_004228,MERCH_000819,DEV_001476,PM_000294,1,1,1,1,179
TXN_000281423,2026-03-16 19:59:36,2026-03-16,1,merchant_collusion,0.9680643181384744,high,1,true_positive,180,0.004,139.74,web,credit_card,marketplace,medium,digital_native,IT,DE,EUR,1,1,1,1,0,1,0,0,0,0,0,0,0.1970186335403726,0.0276923076923076,0.0252631578947368,1.684340332024459,0.7474803974826735,2,2,CUST_008979,MERCH_000500,DEV_004750,PM_000614,1,1,1,1,180
TXN_000257349,2026-03-22 19:07:55,2026-03-22,1,stolen_card,0.9680496329493088,high,1,true_positive,181,0.004022222222222222,950.0,web,debit_card,electronics,medium,sme,ES,PT,EUR,0,1,1,1,0,0,0,0,0,0,0,0,0.0147826086956521,0.0016858237547892,0.0099999999999999,26.47089886453776,4.763923524761594,1,4,CUST_004914,MERCH_000731,DEV_002511,PM_003547,1,1,1,1,181
TXN_000071636,2026-03-23 16:30:40,2026-03-23,1,stolen_card,0.9677412643447648,high,1,true_positive,182,0.004044444444444444,30.05,mobile,debit_card,electronics,medium,mass,IT,DE,EUR,1,1,1,1,0,1,0,0,0,0,0,1,0.0283969465648854,0.0117073170731707,0.0035772357723577,1.5688439991164838,0.1299048128070951,2,4,CUST_000038,MERCH_000618,DEV_004672,PM_002177,1,1,1,1,182
TXN_000200653,2026-03-11 02:41:46,2026-03-11,1,merchant_collusion,0.967338531845142,high,1,true_positive,183,0.004066666666666666,401.47,mobile,credit_card,marketplace,high,affluent,DE,GB,EUR,1,1,1,1,0,0,0,0,0,0,0,1,0.2603236245954692,0.0091666666666666,0.0379487179487179,1.6816227813657216,2.7516185422246298,1,4,CUST_006184,MERCH_000487,DEV_005588,PM_003783,1,1,1,1,183
TXN_000168035,2026-03-12 22:28:38,2026-03-12,0,none,0.9671911903852642,high,1,false_positive,184,0.004088888888888889,642.39,web,debit_card,travel,high,mass,ES,IT,EUR,0,0,1,1,0,0,0,0,0,0,0,0,0.0188135593220338,0.0232432432432432,0.011,39.61591074732298,1.8805039876411385,3,4,CUST_002747,MERCH_000042,DEV_000410,PM_009638,1,1,1,1,184
TXN_000035920,2026-03-11 00:55:11,2026-03-11,0,none,0.9667527522011854,high,1,false_positive,185,0.004111111111111111,825.37,web,credit_card,electronics,low,mass,ES,US,EUR,0,1,1,1,0,1,0,0,0,0,0,0,0.0185057471264367,0.0157142857142857,0.0157142857142857,10.513196107403068,3.3473960685851694,2,5,CUST_000075,MERCH_000297,DEV_004852,PM_009176,1,1,1,1,185
TXN_000250955,2026-03-16 23:50:19,2026-03-16,1,stolen_card,0.9667389230823124,high,1,true_positive,186,0.0041333333333333335,104.78,web,credit_card,electronics,high,digital_native,ES,ES,EUR,1,1,1,1,0,0,0,0,0,1,0,0,0.0502931596091205,0.0189147286821705,0.0329729729729729,3.4013109432548845,0.903092487528064,2,5,CUST_009655,MERCH_000858,DEV_004805,PM_008145,1,1,1,1,186
TXN_000182359,2026-03-18 22:43:53,2026-03-18,1,merchant_collusion,0.9665033083907936,high,1,true_positive,187,0.0041555555555555556,214.99,mobile,credit_card,marketplace,medium,digital_native,ES,US,EUR,1,0,1,1,1,0,0,0,0,0,0,0,0.1659880239520958,0.0068749999999999,0.0058666666666666,4.191625575599884,1.3015382811954734,1,2,CUST_000912,MERCH_000819,DEV_005889,PM_010721,1,1,1,1,187
TXN_000164450,2026-03-21 04:50:54,2026-03-21,0,none,0.9663515060952684,high,1,false_positive,188,0.004177777777777778,257.16,web,credit_card,electronics,low,affluent,PT,ES,EUR,0,1,1,1,0,0,0,0,0,0,0,0,0.0095686274509803,0.0141176470588235,0.0118918918918918,3.8740772778298846,2.7861707130409124,1,5,CUST_000148,MERCH_000116,DEV_007847,PM_007311,1,1,1,1,188
TXN_000036309,2026-03-21 04:03:11,2026-03-21,0,none,0.9660901219667962,high,1,false_positive,189,0.0042,167.92,web,credit_card,marketplace,medium,digital_native,PT,GB,EUR,1,1,1,1,1,1,0,0,0,0,0,0,0.0372638436482084,0.0122222222222222,0.0334246575342465,7.113151413653827,1.2453979517739149,1,4,CUST_004611,MERCH_000213,DEV_007740,PM_004597,1,1,1,1,189
TXN_000004397,2026-03-15 02:48:43,2026-03-15,1,merchant_collusion,0.965979133604608,high,1,true_positive,190,0.004222222222222222,51.18,mobile,credit_card,marketplace,medium,digital_native,IT,IT,EUR,1,1,1,1,1,1,0,0,0,0,0,0,0.1944303797468354,0.1005405405405405,0.0458666666666666,0.8952079910544168,0.2715683954653989,2,5,CUST_009368,MERCH_000500,DEV_007120,PM_009865,1,1,1,1,190
TXN_000132702,2026-03-11 03:11:42,2026-03-11,1,stolen_card,0.9656920459543024,high,1,true_positive,191,0.004244444444444445,94.24,web,credit_card,electronics,medium,mass,ES,IT,EUR,1,0,1,1,0,0,0,0,0,0,0,1,0.0176051779935275,0.0266666666666666,0.0299130434782608,6.076079948420373,0.8991081005152266,1,3,CUST_006032,MERCH_000437,DEV_004294,PM_010266,1,1,1,1,191
TXN_000175286,2026-03-25 02:49:14,2026-03-25,1,stolen_card,0.9656416142111424,high,1,true_positive,192,0.004266666666666667,950.0,web,credit_card,marketplace,high,mass,ES,IT,EUR,1,1,0,1,0,0,0,0,0,0,0,0,0.0261495844875346,0.0287058823529411,0.0296551724137931,65.16285815074669,8.93595270717025,1,5,CUST_000877,MERCH_000902,DEV_001406,PM_007225,1,1,1,1,192
TXN_000081261,2026-03-17 03:39:56,2026-03-17,0,none,0.965144120532744,high,1,false_positive,193,0.004288888888888889,23.33,web,credit_card,electronics,medium,mass,FR,PT,EUR,1,1,1,1,0,0,0,0,0,0,0,0,0.0311297071129707,0.0847368421052631,0.1609999999999999,2.8964375625064656,0.1080704178311631,1,2,CUST_002110,MERCH_000164,DEV_000996,PM_010750,1,1,1,1,193
TXN_000226884,2026-03-11 22:00:03,2026-03-11,1,account_takeover,0.9645589269209812,high,1,true_positive,194,0.004311111111111111,486.01,mobile,credit_card,marketplace,high,sme,PT,DE,EUR,1,1,1,1,1,1,0,0,0,0,1,2,0.0146382978723404,0.005432098765432,0.0299130434782608,4.729832529094522,5.5359434221164046,2,6,CUST_002255,MERCH_000474,DEV_005907,PM_011578,1,1,1,1,194
TXN_000292381,2026-03-09 01:36:50,2026-03-09,1,stolen_card,0.964335345936221,high,1,true_positive,195,0.004333333333333333,144.93,web,credit_card,travel,high,mass,FR,FR,EUR,1,1,1,1,0,0,0,0,0,1,0,0,0.0239999999999999,0.0171428571428571,0.011578947368421,3.1704098002041707,0.3260529883060535,2,4,CUST_001620,MERCH_001078,DEV_007374,PM_010371,1,1,1,1,195
TXN_000268216,2026-03-14 04:55:01,2026-03-14,1,account_takeover,0.9642092013345512,high,1,true_positive,196,0.004355555555555555,122.31,mobile,credit_card,travel,high,digital_native,IT,FR,EUR,1,0,1,1,0,1,0,0,0,0,0,0,0.0341284403669724,0.036,0.0342857142857142,1.1433304684031087,0.3571138071713025,1,7,CUST_006053,MERCH_001018,DEV_005330,PM_005185,1,1,1,1,196
TXN_000212708,2026-03-21 02:10:34,2026-03-21,1,stolen_card,0.9641647263810048,high,1,true_positive,197,0.004377777777777778,168.36,mobile,credit_card,marketplace,medium,digital_native,ES,DE,EUR,1,0,1,1,0,1,0,1,0,1,0,0,0.0251063829787234,0.0287058823529411,0.0146666666666666,7.247089443916112,1.8671212342106935,1,6,CUST_003222,MERCH_000605,DEV_000883,PM_006452,1,1,1,1,197
TXN_000227523,2026-03-15 05:08:22,2026-03-15,0,none,0.963855095136465,high,1,false_positive,198,0.0044,123.7,web,debit_card,marketplace,high,mass,DE,US,EUR,1,0,1,1,1,0,0,0,0,1,0,0,0.2647021943573667,0.003728813559322,0.0089795918367346,4.879753166429508,0.8450534637177847,1,5,CUST_008611,MERCH_000487,DEV_001594,PM_009060,1,1,1,1,198
TXN_000228750,2026-03-14 03:56:39,2026-03-14,1,account_takeover,0.9636659622697562,high,1,true_positive,199,0.004422222222222222,652.38,mobile,bank_transfer,travel,high,digital_native,PT,US,EUR,0,1,1,1,0,1,0,1,0,0,0,1,0.0583240223463687,0.0496551724137931,0.043,14.891841788525657,1.89874707875335,1,6,CUST_009132,MERCH_000996,DEV_002360,PM_003405,1,1,1,1,199
TXN_000220261,2026-03-23 02:38:51,2026-03-23,1,stolen_card,0.9635952423725608,high,1,true_positive,200,0.0044444444444444444,135.12,mobile,credit_card,marketplace,medium,mass,ES,FR,EUR,1,1,1,1,0,0,0,0,0,0,0,0,0.0254447439353099,0.0047311827956989,0.0107317073170731,3.4978667101314493,1.30154119739182,2,4,CUST_004966,MERCH_001182,DEV_001728,PM_001103,1,1,1,1,200
TXN_000253343,2026-03-17 19:00:16,2026-03-17,0,none,0.9635715469576612,high,1,false_positive,201,0.0044666666666666665,224.5,mobile,debit_card,digital_services,high,mass,FR,PT,EUR,1,1,0,1,0,0,0,0,0,0,0,0,0.2092957746478873,0.0169230769230769,0.0102325581395348,1.6992128368150166,2.3506799830088525,2,4,CUST_004331,MERCH_000324,DEV_004742,PM_000453,1,1,1,1,201
TXN_000247670,2026-03-17 23:51:55,2026-03-17,0,none,0.9632467723096352,high,1,false_positive,202,0.004488888888888889,286.48,web,debit_card,digital_services,high,sme,IT,PT,EUR,1,1,0,1,1,0,0,1,0,1,0,1,0.2349825783972125,0.0186259541984732,0.007457627118644,5.919702973406797,3.3006046708916967,1,4,CUST_005214,MERCH_000345,DEV_003130,PM_002654,1,1,1,1,202
TXN_000198826,2026-03-23 21:41:47,2026-03-23,1,merchant_collusion,0.9630929968834948,high,1,true_positive,203,0.004511111111111111,230.41,mobile,debit_card,marketplace,medium,mass,ES,DE,EUR,1,1,0,1,0,0,0,0,0,0,0,0,0.1773863636363636,0.0338888888888888,0.0364179104477611,12.736307957635926,1.3836035566745526,1,3,CUST_000225,MERCH_000819,DEV_005937,PM_008034,1,1,1,1,203
TXN_000167959,2026-03-09 04:45:46,2026-03-09,0,none,0.963074673014702,high,1,false_positive,204,0.004533333333333334,229.1,mobile,credit_card,electronics,medium,affluent,IT,GB,EUR,1,1,1,1,0,0,0,0,0,1,0,0,0.0146382978723404,0.02752,0.0338888888888888,2.5827215485715858,2.66995619681458,2,3,CUST_009559,MERCH_000716,DEV_001636,PM_010701,1,1,1,1,204
TXN_000176242,2026-03-26 00:15:54,2026-03-26,1,merchant_collusion,0.9621796268990176,high,1,true_positive,205,0.004555555555555556,92.6,web,debit_card,digital_services,high,sme,IT,DE,EUR,1,1,1,1,1,0,0,0,0,1,0,0,0.2444307692307692,0.0150617283950617,0.0173493975903614,1.7948852554343655,1.0162543849201566,1,4,CUST_001619,MERCH_000910,DEV_001354,PM_002694,1,1,1,1,205
TXN_000239526,2026-03-21 22:20:33,2026-03-21,0,none,0.962118861838964,high,1,false_positive,206,0.004577777777777778,677.07,web,credit_card,electronics,medium,sme,ES,GB,EUR,1,1,1,1,0,0,0,0,0,0,0,0,0.0181408450704225,0.0129411764705882,0.0364179104477611,4.357364794073052,3.4385041419386373,2,4,CUST_006840,MERCH_000137,DEV_002067,PM_005120,1,1,1,1,206
TXN_000209205,2026-03-24 03:03:03,2026-03-24,1,stolen_card,0.9620940670119452,high,1,true_positive,207,0.0046,233.12,mobile,credit_card,digital_services,medium,affluent,FR,US,EUR,1,1,1,1,0,0,0,1,0,0,0,1,0.0751470588235294,0.0211764705882352,0.0411428571428571,2.6629444198337806,3.564294585505164,2,3,CUST_000079,MERCH_000952,DEV_003635,PM_008226,1,1,1,1,207
TXN_000018868,2026-03-16 08:05:50,2026-03-16,1,stolen_card,0.9613702609482307,high,1,true_positive,208,0.004622222222222222,30.59,web,credit_card,travel,medium,mass,IT,DE,EUR,1,1,1,1,0,0,0,0,0,0,0,1,0.019217877094972,0.032,0.024,1.008192476105278,0.1375583457962744,3,2,CUST_008989,MERCH_001011,DEV_005948,PM_005252,1,1,1,1,208
TXN_000277094,2026-03-11 21:45:09,2026-03-11,1,stolen_card,0.9612728355828852,high,1,true_positive,209,0.004644444444444444,213.1,web,credit_card,marketplace,medium,mass,PT,ES,EUR,0,1,1,1,0,0,0,0,0,0,0,0,0.0315254237288135,0.0891803278688524,0.1348571428571428,9.200282067149251,1.888197086334388,2,2,CUST_008385,MERCH_000400,DEV_003553,PM_000415,1,1,1,1,209
TXN_000046010,2026-03-12 23:20:51,2026-03-12,0,none,0.9612287080247616,high,1,false_positive,210,0.004666666666666667,191.39,web,credit_card,electronics,high,mass,IT,IT,EUR,1,1,1,1,0,0,0,1,0,1,0,1,0.0332142857142857,0.0554545454545454,0.0162962962962962,1.8304760538459697,0.5601100033784292,1,2,CUST_004867,MERCH_000570,DEV_005061,PM_003102,1,1,1,1,210
TXN_000044706,2026-03-12 18:56:09,2026-03-12,1,stolen_card,0.9610881112864648,high,1,true_positive,211,0.004688888888888889,56.39,web,credit_card,marketplace,medium,affluent,ES,DE,EUR,1,1,1,1,0,0,1,1,0,0,1,1,0.1616666666666666,0.0199999999999999,0.0107317073170731,1.5037333333333334,0.3389547617871317,2,2,CUST_001961,MERCH_000819,DEV_002770,PM_006934,1,1,1,1,211
TXN_000104747,2026-03-14 22:25:24,2026-03-14,1,merchant_collusion,0.9601728506760216,high,1,true_positive,212,0.004711111111111111,112.76,web,bank_transfer,digital_services,high,sme,PT,ES,EUR,1,1,0,1,0,0,0,0,0,0,0,0,0.2257651245551601,0.0070967741935483,0.0070967741935483,3.2310278517122373,1.084293084925305,2,4,CUST_009269,MERCH_000566,DEV_002007,PM_005871,1,1,1,1,212
TXN_000066419,2026-03-19 19:25:07,2026-03-19,1,stolen_card,0.9599113000906648,high,1,true_positive,213,0.004733333333333333,155.9,web,credit_card,digital_services,medium,mass,ES,DE,EUR,1,1,1,1,0,0,0,0,0,0,0,0,0.0381595092024539,0.0050574712643678,0.0593103448275862,2.903486142342765,2.0759277084526384,2,1,CUST_001156,MERCH_001061,DEV_006695,PM_009542,1,1,1,1,213
TXN_000269247,2026-03-18 01:17:37,2026-03-18,0,none,0.9597717111950363,high,1,false_positive,214,0.004755555555555555,759.42,web,debit_card,travel,medium,mass,IT,ES,EUR,0,1,1,1,0,0,0,0,0,0,0,0,0.0201818181818181,0.0508333333333333,0.0343661971830985,17.866272086774558,2.4877556442295186,2,4,CUST_007216,MERCH_000888,DEV_005500,PM_009651,1,1,1,1,214
TXN_000250688,2026-03-20 00:53:41,2026-03-20,1,stolen_card,0.9596624944097432,high,1,true_positive,215,0.0047777777777777775,307.05,mobile,credit_card,marketplace,low,digital_native,ES,DE,EUR,1,0,1,1,0,0,0,0,0,0,0,0,0.0137373737373737,0.0087999999999999,0.0334246575342465,5.462831492043507,2.115873947935017,2,3,CUST_001840,MERCH_001071,DEV_003723,PM_005360,1,1,1,1,215
TXN_000262406,2026-03-21 05:58:35,2026-03-21,1,account_takeover,0.9596086376262308,high,1,true_positive,216,0.0048,187.56,web,debit_card,travel,medium,digital_native,DE,US,EUR,1,0,1,1,1,0,0,0,0,0,0,0,0.0261538461538461,0.0257142857142857,0.0079999999999999,4.626068543171852,1.3408635973691736,2,4,CUST_007496,MERCH_000009,DEV_002019,PM_010454,1,1,1,1,216
TXN_000261377,2026-03-20 04:49:22,2026-03-20,0,none,0.959524097641252,high,1,false_positive,217,0.0048222222222222225,176.72,mobile,credit_card,marketplace,high,affluent,DE,DE,EUR,1,1,1,1,0,0,0,0,0,1,0,2,0.2685885885885886,0.0095652173913043,0.0083018867924528,1.336556908796176,1.21426835610433,1,4,CUST_000755,MERCH_000487,DEV_001199,PM_005018,1,1,1,1,217
TXN_000106639,2026-03-13 21:05:28,2026-03-13,1,stolen_card,0.959364598884588,high,1,true_positive,218,0.004844444444444445,101.53,mobile,credit_card,electronics,medium,mass,FR,DE,EUR,1,1,1,1,0,1,0,0,1,1,0,0,0.0319696969696969,0.0093617021276595,0.028235294117647,3.279090154101689,0.3046405029030427,2,3,CUST_006193,MERCH_000622,DEV_006556,PM_008529,1,1,1,1,218
TXN_000038493,2026-03-18 01:24:18,2026-03-18,0,none,0.9591895940200922,high,1,false_positive,219,0.004866666666666667,318.29,web,debit_card,electronics,medium,digital_native,ES,ES,EUR,1,1,1,1,0,0,0,0,0,0,0,0,0.1208510638297872,0.007457627118644,0.0055696202531645,19.287534484683217,1.6204413341158732,2,3,CUST_001889,MERCH_000460,DEV_004754,PM_011203,1,1,1,1,219
TXN_000102667,2026-03-21 00:15:02,2026-03-21,0,none,0.9590188514911868,high,1,false_positive,220,0.004888888888888889,54.09,web,credit_card,electronics,high,digital_native,ES,DE,EUR,1,1,1,1,0,0,0,0,0,0,0,0,0.0267936507936507,0.0414457831325301,0.0672727272727272,1.7363209089917997,0.2451599253852078,2,4,CUST_007386,MERCH_000398,DEV_001598,PM_008610,1,1,1,1,220
TXN_000177256,2026-03-12 01:48:01,2026-03-12,0,none,0.9587758479647605,high,1,false_positive,221,0.004911111111111111,306.16,mobile,credit_card,electronics,low,mass,DE,FR,EUR,1,1,1,1,0,0,0,1,0,2,0,1,0.0154954954954954,0.0293877551020408,0.0271698113207547,8.808838761652664,2.0192072487872217,1,3,CUST_007687,MERCH_000247,DEV_000881,PM_004192,1,1,1,1,221
TXN_000290623,2026-03-11 04:23:03,2026-03-11,0,none,0.9580805840394522,high,1,false_positive,222,0.004933333333333333,467.13,web,credit_card,electronics,high,affluent,ES,FR,EUR,0,1,1,1,0,1,0,1,0,1,0,1,0.0126470588235294,0.011,0.04,13.624625,2.1297092302423417,2,5,CUST_001917,MERCH_000850,DEV_007022,PM_010370,1,1,1,1,222
TXN_000262068,2026-03-23 05:42:08,2026-03-23,0,none,0.9578228788492058,high,1,false_positive,223,0.004955555555555556,359.9,mobile,credit_card,electronics,medium,digital_native,DE,GB,EUR,1,1,1,1,0,0,0,0,0,1,0,2,0.1902167182662538,0.0178102189781021,0.0252631578947368,19.05393121497568,1.4824868271744591,1,3,CUST_004335,MERCH_000988,DEV_002779,PM_002191,1,1,1,1,223
TXN_000286009,2026-03-21 00:34:07,2026-03-21,1,stolen_card,0.9573159421320953,high,1,true_positive,224,0.004977777777777778,555.14,web,credit_card,electronics,medium,affluent,ES,FR,EUR,1,0,1,1,0,1,0,0,0,0,0,0,0.0186666666666666,0.0519148936170212,0.0583050847457627,4.702832636204796,1.7713167841372452,2,4,CUST_007511,MERCH_000025,DEV_005787,PM_011318,1,1,1,1,224
TXN_000282976,2026-03-21 19:25:47,2026-03-21,0,none,0.957259544470642,high,1,false_positive,225,0.005,545.5,web,credit_card,electronics,low,sme,PT,FR,EUR,1,1,1,1,0,1,0,0,0,0,0,0,0.0056692913385826,0.0354639175257731,0.0162962962962962,5.630756382165127,3.535496079287821,2,7,CUST_006885,MERCH_000584,DEV_004375,PM_004739,1,1,1,1,225
TXN_000159047,2026-03-22 07:22:29,2026-03-22,1,merchant_collusion,0.9571790422055024,high,1,true_positive,226,0.005022222222222222,821.1,mobile,credit_card,marketplace,medium,affluent,ES,GB,EUR,1,1,1,1,0,0,0,0,0,0,0,0,0.1468341708542713,0.0068749999999999,0.0708571428571428,2.6493886426091278,4.559171987461888,1,3,CUST_006967,MERCH_000696,DEV_005930,PM_004053,1,1,1,1,226
TXN_000042184,2026-03-17 22:31:15,2026-03-17,1,stolen_card,0.9568973532709828,high,1,true_positive,227,0.005044444444444444,327.98,web,debit_card,electronics,high,sme,ES,FR,EUR,1,1,0,1,0,1,0,1,0,0,0,0,0.0533766233766233,0.0813793103448275,0.0097777777777777,17.030804800431657,2.827791305951406,1,7,CUST_003727,MERCH_000858,DEV_002566,PM_008820,1,1,1,1,227
TXN_000012910,2026-03-26 01:35:14,2026-03-26,1,stolen_card,0.956505445889615,high,1,true_positive,228,0.005066666666666666,330.49,web,credit_card,electronics,low,digital_native,ES,FR,EUR,1,1,1,1,0,0,0,1,0,2,0,0,0.0146630727762803,0.016551724137931,0.036,15.677413925019128,1.6622754211288204,2,4,CUST_008485,MERCH_001047,DEV_005794,PM_001557,1,1,1,1,228
TXN_000229668,2026-03-25 22:33:35,2026-03-25,0,none,0.9563302030158772,high,1,false_positive,229,0.005088888888888889,117.31,web,credit_card,marketplace,medium,digital_native,ES,GB,EUR,1,1,1,1,0,0,0,0,0,0,0,1,0.1453300733496332,0.0087999999999999,0.017560975609756,1.6983446119227652,0.648609507955466,2,2,CUST_002361,MERCH_000696,DEV_006274,PM_009558,1,1,1,1,229
TXN_000199525,2026-03-22 02:20:53,2026-03-22,1,stolen_card,0.9563035496662508,high,1,true_positive,230,0.005111111111111111,142.7,web,credit_card,travel,high,digital_native,DE,US,EUR,1,1,1,1,0,0,0,1,0,1,0,1,0.0312643678160919,0.0075862068965517,0.007719298245614,3.542569169469856,0.282169344235352,2,5,CUST_005168,MERCH_000552,DEV_000664,PM_007877,1,1,1,1,230
TXN_000086631,2026-03-08 22:12:39,2026-03-08,0,none,0.9562055181532348,high,1,false_positive,231,0.0051333333333333335,69.36,mobile,credit_card,marketplace,medium,mass,IT,ES,EUR,1,1,1,1,1,0,0,0,0,0,0,0,0.1659493670886075,0.0151724137931034,0.0162962962962962,1.86659490215678,0.6722937394885337,5,2,CUST_001508,MERCH_000614,DEV_002775,PM_011850,1,1,1,1,231
TXN_000229369,2026-03-11 08:03:04,2026-03-11,1,merchant_collusion,0.9561542890459368,high,1,true_positive,232,0.005155555555555556,85.58,mobile,wallet,digital_services,high,digital_native,DE,US,EUR,1,1,1,1,0,0,0,0,0,0,0,0,0.247910447761194,0.0056410256410256,0.0091666666666666,2.1093971449111635,0.8252485018345042,1,3,CUST_003450,MERCH_000289,DEV_004400,PM_009792,1,1,1,1,232
TXN_000283315,2026-03-16 05:16:19,2026-03-16,0,none,0.955741957431376,high,1,false_positive,233,0.005177777777777778,361.38,mobile,credit_card,electronics,high,sme,ES,GB,EUR,1,1,1,1,0,1,0,0,0,0,0,0,0.1610840108401084,0.0072131147540983,0.039090909090909,3.1344190942530368,1.427398501182919,1,7,CUST_005798,MERCH_000396,DEV_004457,PM_008049,1,1,1,1,233
TXN_000289061,2026-03-15 03:05:50,2026-03-15,1,account_takeover,0.9555240907657356,high,1,true_positive,234,0.0052,363.37,mobile,credit_card,marketplace,high,digital_native,ES,PT,EUR,1,1,1,1,1,1,0,1,0,1,0,1,0.0223423423423423,0.0034645669291338,0.0081481481481481,4.020614719799143,3.5763369268135,1,6,CUST_004274,MERCH_000902,DEV_005240,PM_006129,1,1,1,1,234
TXN_000066089,2026-03-16 03:46:59,2026-03-16,0,none,0.9552278421210808,high,1,false_positive,235,0.005222222222222222,255.01,mobile,wallet,marketplace,medium,digital_native,IT,ES,EUR,1,1,0,1,0,0,0,0,0,0,0,0,0.195125,0.039090909090909,0.0236065573770491,6.573585382496398,1.3623927736534611,1,4,CUST_001723,MERCH_000500,DEV_001518,PM_008552,1,1,1,1,235
TXN_000127193,2026-03-11 18:44:48,2026-03-11,1,merchant_collusion,0.9549275719661297,high,1,true_positive,236,0.005244444444444445,224.71,mobile,credit_card,marketplace,medium,mass,IT,GB,EUR,1,0,1,1,0,1,0,0,0,0,0,0,0.1923624595469255,0.0049438202247191,0.0358823529411764,19.104108525699075,1.187607015713834,1,4,CUST_009801,MERCH_000500,DEV_004958,PM_000449,1,1,1,1,236
TXN_000268015,2026-03-12 22:10:43,2026-03-12,1,account_takeover,0.9545788440557098,high,1,true_positive,237,0.005266666666666667,623.47,mobile,credit_card,travel,low,digital_native,DE,GB,EUR,1,0,1,1,0,1,0,1,0,0,0,0,0.0121999999999999,0.011578947368421,0.0057142857142857,9.06848615576964,2.129894718582446,2,3,CUST_005928,MERCH_000769,DEV_002677,PM_005819,1,1,1,1,237
TXN_000088046,2026-03-21 03:57:12,2026-03-21,1,merchant_collusion,0.9545510434041086,high,1,true_positive,238,0.005288888888888889,320.01,mobile,bank_transfer,digital_services,high,sme,FR,DE,EUR,1,1,0,1,0,0,0,1,0,0,0,0,0.208829431438127,0.0053658536585365,0.0055696202531645,8.292711042007344,2.707188014517933,1,6,CUST_005891,MERCH_000697,DEV_002310,PM_005872,1,1,1,1,238
TXN_000283853,2026-03-20 21:39:26,2026-03-20,0,none,0.9545211016711338,high,1,false_positive,239,0.005311111111111111,972.02,web,debit_card,electronics,low,sme,DE,GB,EUR,1,1,1,1,0,0,0,0,0,2,0,0,0.0126937269372693,0.0230188679245283,0.0173493975903614,13.384754598209891,3.566356559322866,2,2,CUST_009952,MERCH_000283,DEV_003148,PM_008659,1,1,1,1,239
TXN_000012803,2026-03-16 23:52:06,2026-03-16,1,stolen_card,0.9543308567131964,high,1,true_positive,240,0.005333333333333333,94.89,web,credit_card,digital_services,medium,mass,IT,FR,EUR,1,1,1,1,0,0,0,0,0,0,0,0,0.0377599999999999,0.0471232876712328,0.048,4.0775021915124015,1.176117771828399,3,3,CUST_003221,MERCH_001138,DEV_006014,PM_005400,1,1,1,1,240
TXN_000104624,2026-03-20 00:42:35,2026-03-20,0,none,0.9542960601962512,high,1,false_positive,241,0.005355555555555555,227.15,mobile,debit_card,marketplace,low,digital_native,IT,DE,EUR,1,1,1,1,1,1,0,0,0,0,0,0,0.0169465648854961,0.0199999999999999,0.0334883720930232,6.683533823267781,1.9302236898287568,1,5,CUST_006305,MERCH_000706,DEV_001350,PM_006410,1,1,1,1,241
TXN_000200904,2026-03-11 23:02:04,2026-03-11,0,none,0.9542054904625856,high,1,false_positive,242,0.005377777777777778,345.65,web,credit_card,marketplace,medium,affluent,IT,PT,EUR,0,1,1,1,0,1,0,0,0,0,0,0,0.0596138996138996,0.0304424778761061,0.0045833333333333,9.379865559330849,2.805912260673953,2,4,CUST_006007,MERCH_000241,DEV_004673,PM_007177,1,1,1,1,242
TXN_000203447,2026-03-10 00:30:28,2026-03-10,1,stolen_card,0.9541858333969012,high,1,true_positive,243,0.0054,416.03,web,credit_card,electronics,low,affluent,IT,IT,EUR,1,1,1,1,0,0,0,0,0,0,0,0,0.0051245551601423,0.0055696202531645,0.0148453608247422,3.0362813101533543,2.640242559169936,3,4,CUST_009897,MERCH_000609,DEV_007913,PM_011153,1,1,1,1,243
TXN_000168967,2026-03-12 00:46:44,2026-03-12,1,stolen_card,0.95397639238746,high,1,true_positive,244,0.005422222222222222,950.0,web,credit_card,electronics,low,digital_native,ES,IT,EUR,0,1,1,1,0,0,0,0,0,0,0,0,0.0163855421686747,0.0095652173913043,0.0389189189189189,10.03131371977862,4.196807028434076,2,4,CUST_002641,MERCH_001157,DEV_002155,PM_001031,1,1,1,1,244
TXN_000124108,2026-03-11 03:15:35,2026-03-11,0,none,0.953691408768994,high,1,false_positive,245,0.0054444444444444445,174.72,web,credit_card,marketplace,high,digital_native,PT,PT,EUR,1,1,1,1,0,1,0,0,0,1,0,0,0.0361685823754789,0.0614876033057851,0.0591999999999999,2.121871244131947,1.177018855773015,2,5,CUST_004770,MERCH_000536,DEV_006355,PM_001537,1,1,1,1,245
TXN_000281474,2026-03-22 21:06:16,2026-03-22,0,none,0.9536859908170396,high,1,false_positive,246,0.0054666666666666665,332.43,web,credit_card,electronics,low,digital_native,IT,US,EUR,1,1,1,1,0,1,1,1,1,1,0,0,0.0155244755244755,0.0533333333333333,0.0966233766233766,10.11775992801281,1.4977981821070578,1,4,CUST_004451,MERCH_000648,DEV_000904,PM_003838,1,1,1,1,246
TXN_000159197,2026-03-09 19:49:11,2026-03-09,0,none,0.9535849004787512,high,1,false_positive,247,0.005488888888888889,96.67,mobile,credit_card,digital_services,medium,sme,ES,US,EUR,1,1,1,1,0,1,1,2,1,2,0,1,0.0207633587786259,0.036694214876033,0.0057142857142857,3.661827346026887,1.6186994159459691,2,3,CUST_000591,MERCH_000763,DEV_004816,PM_010435,1,1,1,1,247
TXN_000172863,2026-03-12 18:06:48,2026-03-12,1,stolen_card,0.9534637415786852,high,1,true_positive,248,0.005511111111111111,89.15,web,debit_card,travel,high,mass,PT,GB,EUR,1,1,1,1,0,0,0,0,0,0,0,1,0.0536363636363636,0.0327272727272727,0.0068749999999999,2.817025387309956,0.271180769435509,3,2,CUST_002349,MERCH_000996,DEV_003415,PM_010887,1,1,1,1,248
TXN_000227393,2026-03-25 02:11:17,2026-03-25,0,none,0.9534555446579656,high,1,false_positive,249,0.005533333333333334,152.05,mobile,credit_card,electronics,medium,sme,DE,DE,EUR,1,1,1,1,0,1,0,0,0,1,0,0,0.0478461538461538,0.0208695652173913,0.0132110091743119,2.161260164209965,0.5632908832762871,2,3,CUST_009384,MERCH_000165,DEV_006676,PM_002991,1,1,1,1,249
TXN_000237463,2026-03-18 22:01:11,2026-03-18,1,account_takeover,0.9534003921527184,high,1,true_positive,250,0.005555555555555556,163.77,web,credit_card,travel,medium,digital_native,PT,DE,EUR,0,1,1,1,0,1,0,1,0,1,0,1,0.0163809523809523,0.0547058823529411,0.0034920634920634,3.7385736725675742,1.291566875173814,2,5,CUST_003275,MERCH_001167,DEV_001951,PM_007681,1,1,1,1,250
TXN_000297119,2026-03-16 17:54:54,2026-03-16,1,stolen_card,0.9532394603176808,high,1,true_positive,251,0.005577777777777778,113.35,web,credit_card,travel,high,mass,DE,GB,EUR,1,1,1,1,0,0,0,0,0,0,0,0,0.0250847457627118,0.024055944055944,0.0139805825242718,3.418049548148776,0.4156121222878348,3,4,CUST_001624,MERCH_000723,DEV_003337,PM_005869,1,1,1,1,251
TXN_000257736,2026-03-26 01:10:23,2026-03-26,0,none,0.9532301922313252,high,1,false_positive,252,0.0056,106.75,mobile,wallet,marketplace,medium,mass,ES,US,EUR,1,1,1,1,0,1,1,1,1,1,1,2,0.0294084507042253,0.0051162790697674,0.0156521739130434,3.852554334750181,1.1843544169311722,1,6,CUST_008067,MERCH_001107,DEV_001697,PM_007478,1,1,1,1,252
TXN_000142059,2026-03-15 00:23:03,2026-03-15,1,account_takeover,0.9528877930915955,high,1,true_positive,253,0.005622222222222222,184.57,web,debit_card,marketplace,high,sme,IT,PT,EUR,1,1,1,1,0,0,0,2,0,1,1,2,0.0349629629629629,0.0133333333333333,0.020281690140845,2.0132298634961687,1.998233127559096,2,4,CUST_006693,MERCH_000349,DEV_007436,PM_010903,1,1,1,1,253
TXN_000171445,2026-03-13 08:56:34,2026-03-13,0,none,0.9527164593449572,high,1,false_positive,254,0.005644444444444444,1232.17,mobile,credit_card,electronics,medium,affluent,DE,GB,EUR,1,1,1,1,0,0,0,0,0,0,0,0,0.0484745762711864,0.0066666666666666,0.0232258064516129,6.388922709386757,4.668717181558277,2,3,CUST_001432,MERCH_000165,DEV_003675,PM_001516,1,1,1,1,254
TXN_000047779,2026-03-18 04:46:50,2026-03-18,1,account_takeover,0.9526206519340352,high,1,true_positive,255,0.005666666666666667,413.56,mobile,credit_card,marketplace,low,digital_native,FR,ES,EUR,0,1,1,1,1,1,0,1,0,0,0,1,0.0253061224489795,0.0154838709677419,0.0215929203539823,9.30041808498676,4.400464607105258,1,6,CUST_000868,MERCH_000450,DEV_001367,PM_008835,1,1,1,1,255
TXN_000251593,2026-03-18 03:49:30,2026-03-18,1,stolen_card,0.9526045531347846,high,1,true_positive,256,0.005688888888888889,306.4,mobile,credit_card,marketplace,high,affluent,FR,IT,EUR,1,1,1,1,0,1,0,0,0,0,0,0,0.0338955823293172,0.0697142857142857,0.0428070175438596,2.4899467848061447,2.9262539432045096,1,6,CUST_009246,MERCH_000328,DEV_006105,PM_003508,1,1,1,1,256
TXN_000140105,2026-03-24 05:09:45,2026-03-24,0,none,0.9525127972318036,high,1,false_positive,257,0.005711111111111111,371.31,mobile,bank_transfer,electronics,medium,sme,IT,US,EUR,0,1,1,1,0,1,0,0,0,0,0,0,0.0129811320754716,0.0505882352941176,0.0591999999999999,2.312859696444043,4.394553554348519,2,6,CUST_005364,MERCH_000716,DEV_002583,PM_002477,1,1,1,1,257
TXN_000248246,2026-03-15 03:36:23,2026-03-15,1,account_takeover,0.9521299934462216,high,1,true_positive,258,0.005733333333333333,128.11,mobile,wallet,electronics,high,digital_native,ES,GB,EUR,1,1,1,1,0,1,0,0,0,0,0,0,0.0475,0.0112820512820512,0.032,2.829335116066685,1.1195325337091446,1,6,CUST_003073,MERCH_000858,DEV_005767,PM_007019,1,1,1,1,258
TXN_000180769,2026-03-26 01:12:22,2026-03-26,0,none,0.9521255788266092,high,1,false_positive,259,0.005755555555555555,157.69,web,credit_card,electronics,medium,digital_native,DE,DE,EUR,1,1,1,1,0,0,0,1,0,0,0,1,0.1873170731707317,0.0064705882352941,0.0301234567901234,8.141414141414142,0.6507046031284344,2,4,CUST_003716,MERCH_000988,DEV_002670,PM_005592,1,1,1,1,259
TXN_000094243,2026-03-25 22:44:38,2026-03-25,0,none,0.951714886435562,high,1,false_positive,260,0.0057777777777777775,491.04,mobile,credit_card,travel,high,mass,ES,PT,EUR,0,1,1,1,0,1,0,1,0,1,0,0,0.0251562499999999,0.0642105263157894,0.0244067796610169,9.024396967608546,2.063507388338027,2,4,CUST_004574,MERCH_000216,DEV_004714,PM_006243,1,1,1,1,260
TXN_000005449,2026-03-24 17:23:46,2026-03-24,0,none,0.9517040685386484,high,1,false_positive,261,0.0058,1536.73,web,wallet,travel,high,affluent,FR,FR,EUR,1,1,1,1,0,1,0,0,0,0,0,0,0.0506796116504854,0.0146666666666666,0.0083018867924528,8.36066592407847,5.696512101350769,1,5,CUST_008430,MERCH_000402,DEV_003829,PM_000322,1,1,1,1,261
TXN_000266796,2026-03-13 04:09:15,2026-03-13,1,stolen_card,0.9515894069460628,high,1,true_positive,262,0.0058222222222222226,106.4,web,credit_card,electronics,medium,digital_native,IT,IT,EUR,1,1,1,1,0,0,0,0,0,0,0,0,0.0271729957805907,0.0156521739130434,0.0533333333333333,3.0344838988340044,0.3364432760524307,2,3,CUST_006312,MERCH_001048,DEV_000856,PM_003451,1,1,1,1,262
TXN_000045148,2026-03-23 03:30:28,2026-03-23,0,none,0.9515855528897053,high,1,false_positive,263,0.005844444444444445,286.06,web,debit_card,marketplace,high,sme,PT,PT,EUR,1,1,1,1,0,0,0,1,0,1,0,0,0.0246743295019157,0.0030136986301369,0.0179411764705882,4.000076722798056,2.097942271367965,2,4,CUST_006580,MERCH_000979,DEV_001690,PM_011303,1,1,1,1,263
TXN_000252095,2026-03-10 01:07:51,2026-03-10,1,account_takeover,0.9515811240962652,high,1,true_positive,264,0.005866666666666667,564.36,mobile,wallet,travel,medium,digital_native,FR,US,EUR,1,0,1,1,0,1,0,0,0,1,0,0,0.0182978723404255,0.061,0.0717647058823529,12.779961890033416,2.087149014931497,1,5,CUST_003646,MERCH_001108,DEV_007392,PM_000761,1,1,1,1,264
TXN_000211642,2026-03-10 05:35:34,2026-03-10,0,none,0.9514665792864712,high,1,false_positive,265,0.005888888888888889,463.78,web,credit_card,travel,medium,sme,ES,IT,EUR,1,1,1,1,0,0,0,1,0,2,0,1,0.0283700440528634,0.0196774193548387,0.0251094890510948,4.837771130354403,2.2380705155986016,1,5,CUST_001335,MERCH_000948,DEV_006893,PM_006947,1,1,1,1,265
TXN_000046577,2026-03-13 02:07:47,2026-03-13,0,none,0.9514364087840352,high,1,false_positive,266,0.005911111111111111,74.27,web,credit_card,electronics,medium,mass,IT,FR,EUR,1,0,1,1,0,0,0,1,0,2,0,1,0.0128358208955223,0.0297560975609756,0.0154838709677419,2.745360173733577,0.321166223541523,1,4,CUST_006926,MERCH_000977,DEV_006081,PM_004442,1,1,1,1,266
TXN_000002873,2026-03-13 23:21:12,2026-03-13,1,stolen_card,0.9514288027715192,high,1,true_positive,267,0.005933333333333333,385.37,web,credit_card,digital_services,low,affluent,ES,DE,EUR,1,1,1,1,0,0,0,0,0,0,0,0,0.0278547854785478,0.0151724137931034,0.0183333333333333,1.8831146619756165,5.168057566229834,2,3,CUST_002837,MERCH_000494,DEV_000181,PM_007233,1,1,1,1,267
TXN_000126203,2026-03-16 20:16:48,2026-03-16,0,none,0.9513305133769548,high,1,false_positive,268,0.005955555555555556,204.45,web,credit_card,marketplace,medium,sme,IT,IT,EUR,1,1,1,1,0,1,1,2,0,0,1,5,0.1995046439628482,0.0774311926605504,0.0157419354838709,1.7666567198915146,1.0945315253794077,1,3,CUST_009442,MERCH_000500,DEV_002421,PM_007927,1,1,1,1,268
TXN_000280451,2026-03-20 19:15:59,2026-03-20,1,stolen_card,0.9511280085637164,high,1,true_positive,269,0.005977777777777778,625.64,mobile,credit_card,marketplace,medium,affluent,IT,GB,EUR,1,0,1,1,0,0,0,0,0,0,0,1,0.0239405204460966,0.0118918918918918,0.0099999999999999,1.4161087666175414,4.748276748085335,3,3,CUST_009883,MERCH_000182,DEV_004862,PM_006937,1,1,1,1,269
TXN_000247402,2026-03-10 01:17:43,2026-03-10,0,none,0.9511016914194306,high,1,false_positive,270,0.006,826.14,mobile,credit_card,travel,medium,affluent,FR,IT,EUR,1,0,1,1,0,1,0,0,0,0,0,0,0.0187978142076502,0.011578947368421,0.0375384615384615,5.827774393176644,2.209304485126579,2,5,CUST_004820,MERCH_000365,DEV_007022,PM_009524,1,1,1,1,270
TXN_000219355,2026-03-22 05:06:05,2026-03-22,1,account_takeover,0.950899688137852,high,1,true_positive,271,0.006022222222222222,231.81,web,credit_card,marketplace,medium,digital_native,ES,GB,EUR,0,1,1,1,1,1,0,1,0,1,0,1,0.0154107648725212,0.01952,0.0078571428571428,3.963004436390369,3.2128670796616348,2,6,CUST_009301,MERCH_000198,DEV_006772,PM_000429,1,1,1,1,271
TXN_000114805,2026-03-18 01:09:49,2026-03-18,1,stolen_card,0.9508684632908996,high,1,true_positive,272,0.006044444444444444,162.58,web,debit_card,marketplace,low,mass,FR,FR,EUR,1,1,1,1,0,0,0,0,0,0,0,0,0.0314925373134328,0.0219819819819819,0.0293877551020408,3.8956367149758457,1.5380358304262995,2,3,CUST_006426,MERCH_000485,DEV_007224,PM_004131,1,1,1,1,272
TXN_000210907,2026-03-12 00:41:07,2026-03-12,0,none,0.9508541880627586,high,1,false_positive,273,0.006066666666666666,592.27,web,credit_card,electronics,low,sme,FR,GB,EUR,1,0,1,1,0,0,0,0,0,2,0,0,0.01376,0.0047826086956521,0.03,4.880827919221526,2.956171558604514,1,4,CUST_005994,MERCH_000986,DEV_000050,PM_000446,1,1,1,1,273
TXN_000089497,2026-03-11 04:04:30,2026-03-11,0,none,0.9507949678205564,high,1,false_positive,274,0.0060888888888888885,244.47,mobile,credit_card,travel,high,digital_native,PT,IT,EUR,1,1,1,1,0,1,0,1,0,4,0,0,0.0504812834224598,0.007719298245614,0.0563934426229508,6.350937514326319,1.1363614602567735,2,6,CUST_000992,MERCH_000709,DEV_006090,PM_007504,1,1,1,1,274
TXN_000067235,2026-03-14 00:09:36,2026-03-14,1,account_takeover,0.9503695152383624,high,1,true_positive,275,0.006111111111111111,612.71,web,credit_card,electronics,medium,affluent,FR,IT,EUR,1,1,1,1,0,0,0,1,0,1,0,1,0.0277586206896551,0.0632558139534883,0.0141935483870967,2.17037455402036,2.855951931795496,2,3,CUST_000353,MERCH_000164,DEV_006102,PM_008445,1,1,1,1,275
TXN_000262106,2026-03-20 06:29:14,2026-03-20,1,stolen_card,0.9501636587990702,high,1,true_positive,276,0.0061333333333333335,185.15,web,credit_card,marketplace,medium,digital_native,IT,IT,EUR,1,1,1,1,0,0,0,0,0,0,0,0,0.0269456066945606,0.0144,0.017560975609756,3.1619762772211644,1.8425639853477724,1,3,CUST_009713,MERCH_000528,DEV_000192,PM_003158,1,1,1,1,276
TXN_000175558,2026-03-24 23:43:31,2026-03-24,0,none,0.9501270948435304,high,1,false_positive,277,0.006155555555555556,290.72,web,credit_card,electronics,high,sme,ES,GB,EUR,1,1,1,1,0,0,0,0,0,0,0,0,0.1579434447300771,0.013090909090909,0.0062857142857142,3.458939241711174,1.1547376289121436,2,4,CUST_001085,MERCH_000396,DEV_004454,PM_008369,1,1,1,1,277
TXN_000125196,2026-03-22 22:05:03,2026-03-22,0,none,0.949966564789122,high,1,false_positive,278,0.006177777777777778,111.71,mobile,wallet,digital_services,high,digital_native,DE,IT,EUR,0,1,1,1,0,1,0,1,0,1,0,1,0.24719723183391,0.0087999999999999,0.0058666666666666,1.802261522328144,1.067769448423165,1,6,CUST_007527,MERCH_000289,DEV_003363,PM_009340,1,1,1,1,278
TXN_000063578,2026-03-21 02:00:57,2026-03-21,1,account_takeover,0.9496517836665408,high,1,true_positive,279,0.0062,249.21,mobile,credit_card,travel,high,affluent,ES,IT,EUR,1,1,1,1,0,1,0,0,0,0,0,0,0.0207633587786259,0.007719298245614,0.0411428571428571,4.460893967652715,1.0716069941715238,2,6,CUST_004511,MERCH_000955,DEV_006773,PM_003163,1,1,1,1,279
TXN_000088259,2026-03-08 06:30:02,2026-03-08,0,none,0.9496282752317656,high,1,false_positive,280,0.006222222222222222,494.48,web,credit_card,electronics,low,sme,ES,FR,EUR,1,1,1,1,0,1,0,1,0,1,0,1,0.0338961038961038,0.0141176470588235,0.0053012048192771,6.958719776979574,2.4681920753160416,2,4,CUST_008978,MERCH_000280,DEV_004169,PM_002118,1,1,1,1,280
TXN_000204045,2026-03-22 02:10:46,2026-03-22,1,stolen_card,0.9495924526104051,high,1,true_positive,281,0.006244444444444445,950.0,web,credit_card,electronics,high,digital_native,IT,US,EUR,0,1,1,1,0,0,0,0,0,1,0,0,0.0316595744680851,0.0273015873015873,0.0167441860465116,19.00598688586905,2.794290808992678,2,4,CUST_004651,MERCH_000570,DEV_004577,PM_010435,1,1,1,1,281
TXN_000265944,2026-03-17 11:52:49,2026-03-17,1,stolen_card,0.9490727339370012,high,1,true_positive,282,0.006266666666666667,823.26,mobile,credit_card,travel,high,sme,DE,GB,EUR,0,0,1,1,0,0,0,1,0,0,0,0,0.0612987012987013,0.0211764705882352,0.036,5.225916081662415,3.646419402468543,3,6,CUST_006342,MERCH_000994,DEV_003529,PM_003857,1,1,1,1,282
TXN_000188143,2026-03-18 03:40:49,2026-03-18,1,merchant_collusion,0.9488500618840146,high,1,true_positive,283,0.006288888888888889,423.68,web,credit_card,marketplace,medium,sme,ES,IT,EUR,1,1,1,1,1,0,0,0,0,0,0,1,0.1644712990936555,0.0064705882352941,0.0062857142857142,5.171482579908751,2.574627765369034,2,3,CUST_007905,MERCH_000819,DEV_001868,PM_009505,1,1,1,1,283
TXN_000262379,2026-03-26 01:22:14,2026-03-26,0,none,0.948690431128286,high,1,false_positive,284,0.006311111111111111,599.6,web,credit_card,electronics,high,mass,ES,PT,EUR,1,1,0,1,0,0,0,0,0,0,0,0,0.156734693877551,0.0099999999999999,0.0146666666666666,5.966899888237366,2.382528262796421,2,5,CUST_000359,MERCH_000396,DEV_001101,PM_010544,1,1,1,1,284
TXN_000182004,2026-03-21 07:51:05,2026-03-21,1,stolen_card,0.9483833009551674,high,1,true_positive,285,0.006333333333333333,950.0,mobile,credit_card,electronics,low,digital_native,DE,ES,EUR,1,1,1,1,0,1,0,1,0,1,0,1,0.0159712230215827,0.0608219178082191,0.0597802197802197,24.559375902918237,3.720296257618752,1,5,CUST_003529,MERCH_001041,DEV_001113,PM_006109,1,1,1,1,285
TXN_000102596,2026-03-18 00:48:09,2026-03-18,0,none,0.9483563798641736,high,1,false_positive,286,0.006355555555555555,192.93,web,credit_card,marketplace,high,sme,DE,FR,EUR,1,0,1,1,0,1,0,0,0,0,0,0,0.035893536121673,0.0569230769230769,0.0717647058823529,1.96341289664136,1.5078235934143585,1,5,CUST_007399,MERCH_000533,DEV_007063,PM_011903,1,1,1,1,286
TXN_000150268,2026-03-20 06:28:40,2026-03-20,0,none,0.9482140298469208,high,1,false_positive,287,0.006377777777777777,92.81,web,debit_card,marketplace,high,digital_native,DE,ES,EUR,1,1,1,1,0,0,0,0,0,0,0,0,0.2677844311377245,0.0141935483870967,0.0099999999999999,2.358457003455987,0.6372758970949857,2,4,CUST_005023,MERCH_000487,DEV_007615,PM_004555,1,1,1,1,287
TXN_000273870,2026-03-12 04:12:59,2026-03-12,0,none,0.9481720002648928,high,1,false_positive,288,0.0064,47.43,mobile,credit_card,travel,high,digital_native,DE,PT,EUR,1,1,1,1,0,0,0,0,0,0,0,0,0.0305617977528089,0.0428070175438596,0.0364179104477611,1.907162117413312,0.3240778260059185,2,4,CUST_008558,MERCH_000323,DEV_007666,PM_007517,1,1,1,1,288
TXN_000064737,2026-03-10 23:02:38,2026-03-10,0,none,0.9473714803890558,high,1,false_positive,289,0.006422222222222222,143.25,web,credit_card,digital_services,high,sme,DE,ES,EUR,1,1,0,1,0,0,0,3,0,2,0,1,0.2497744360902255,0.0389189189189189,0.0163636363636363,1.6901906995265696,1.3787505854099984,2,2,CUST_008544,MERCH_000289,DEV_006322,PM_011090,1,1,1,1,289
TXN_000128909,2026-03-25 22:14:31,2026-03-25,0,none,0.9471503549735466,high,1,false_positive,290,0.0064444444444444445,632.35,web,credit_card,travel,medium,sme,ES,DE,EUR,0,0,1,1,0,0,0,1,0,1,0,1,0.0312592592592592,0.0151578947368421,0.016,8.763984624427257,2.937134408398379,2,4,CUST_001131,MERCH_001039,DEV_000394,PM_004653,1,1,1,1,290
TXN_000235373,2026-03-22 23:13:07,2026-03-22,0,none,0.9471320559611726,high,1,false_positive,291,0.006466666666666667,70.71,web,debit_card,electronics,medium,digital_native,FR,GB,EUR,1,1,1,1,0,1,0,0,0,0,0,0,0.0091385767790262,0.0351219512195121,0.0197260273972602,1.599328415338576,0.3862792705680231,2,3,CUST_003430,MERCH_000079,DEV_003558,PM_009579,1,1,1,1,291
TXN_000277932,2026-03-11 05:07:49,2026-03-11,0,none,0.9468522917143376,high,1,false_positive,292,0.006488888888888889,75.7,web,credit_card,electronics,low,mass,IT,PT,EUR,1,1,1,1,0,1,0,0,0,0,0,0,0.0179757085020242,0.0093617021276595,0.0066666666666666,2.014892102128679,0.4310292714825471,2,4,CUST_002160,MERCH_000466,DEV_003720,PM_007492,1,1,1,1,292
TXN_000172544,2026-03-21 04:18:03,2026-03-21,1,merchant_collusion,0.9465072574483232,high,1,true_positive,293,0.006511111111111111,23.71,mobile,credit_card,marketplace,medium,digital_native,ES,US,EUR,1,1,1,1,1,0,0,2,0,2,0,2,0.1717919075144508,0.0133333333333333,0.0156521739130434,2.5352865697177074,0.1429607708953705,1,3,CUST_006008,MERCH_000819,DEV_000077,PM_001170,1,1,1,1,293
TXN_000094386,2026-03-16 02:41:19,2026-03-16,0,none,0.94642730081445,high,1,false_positive,294,0.006533333333333334,154.41,web,bank_transfer,marketplace,high,sme,DE,US,EUR,1,1,1,1,0,1,0,1,1,4,0,1,0.2653416149068323,0.0536666666666666,0.0419512195121951,3.175169102948649,1.0561834602644318,2,5,CUST_007396,MERCH_000487,DEV_005747,PM_003300,1,1,1,1,294
TXN_000139060,2026-03-13 01:07:52,2026-03-13,0,none,0.9462232407259248,high,1,false_positive,295,0.006555555555555556,430.24,mobile,credit_card,electronics,low,digital_native,FR,FR,EUR,1,1,1,1,0,1,0,2,0,1,0,2,0.0135433070866141,0.0411428571428571,0.0329729729729729,10.804203368876529,2.1335602888342176,1,4,CUST_004238,MERCH_000986,DEV_001831,PM_009870,1,1,1,1,295
TXN_000084233,2026-03-20 22:29:45,2026-03-20,1,stolen_card,0.9461767076526952,high,1,true_positive,296,0.006577777777777778,167.45,web,credit_card,digital_services,high,affluent,ES,ES,EUR,1,1,1,1,0,0,0,0,0,1,1,1,0.0495940959409594,0.0315596330275229,0.0325333333333333,1.907053552331508,3.3556256896086456,2,3,CUST_007676,MERCH_001030,DEV_006716,PM_006933,1,1,1,1,296
TXN_000042483,2026-03-10 06:20:31,2026-03-10,0,none,0.9460565101606324,high,1,false_positive,297,0.0066,217.81,mobile,credit_card,electronics,medium,mass,FR,FR,EUR,1,1,1,1,0,1,0,0,0,0,0,0,0.013596837944664,0.0460377358490566,0.0062857142857142,5.2304736747313445,1.0060093270941262,3,4,CUST_003917,MERCH_001080,DEV_004000,PM_000640,1,1,1,1,297
TXN_000184579,2026-03-19 23:55:37,2026-03-19,1,stolen_card,0.9458755173096116,high,1,true_positive,298,0.006622222222222222,109.87,mobile,debit_card,electronics,medium,mass,FR,ES,EUR,1,1,1,1,0,1,0,0,0,0,0,0,0.0233333333333333,0.1399999999999999,0.0254166666666666,3.646191340420016,0.5565243818950392,2,3,CUST_001132,MERCH_001023,DEV_004737,PM_004639,1,1,1,1,298
TXN_000102491,2026-03-20 21:48:42,2026-03-20,1,stolen_card,0.9455353780525988,high,1,true_positive,299,0.006644444444444444,96.02,mobile,debit_card,marketplace,medium,mass,IT,GB,EUR,1,1,1,1,0,0,0,0,0,0,0,0,0.0382417582417582,0.0208695652173913,0.0411428571428571,2.514599973811706,1.1376803890760847,3,1,CUST_000932,MERCH_000555,DEV_004990,PM_010356,1,1,1,1,299
TXN_000165745,2026-03-18 01:00:56,2026-03-18,0,none,0.9452359063831454,high,1,false_positive,300,0.006666666666666667,137.83,web,credit_card,marketplace,high,digital_native,FR,FR,EUR,1,1,1,1,0,1,0,1,0,0,0,1,0.0336254980079681,0.0208695652173913,0.0056410256410256,2.2208695592550947,1.5515957853780633,1,6,CUST_004278,MERCH_000264,DEV_007156,PM_006545,1,1,1,1,300
TXN_000208191,2026-03-11 01:29:57,2026-03-11,0,none,0.945090064775435,high,1,false_positive,301,0.006688888888888889,69.08,web,credit_card,electronics,medium,mass,FR,ES,EUR,1,1,1,1,0,1,0,0,1,3,0,0,0.0306172839506172,0.0032592592592592,0.0248275862068965,3.384240968425045,0.3440422672766063,2,6,CUST_009828,MERCH_000954,DEV_000636,PM_010324,1,1,1,1,301
TXN_000138914,2026-03-20 02:56:35,2026-03-20,0,none,0.9448482826460118,high,1,false_positive,302,0.006711111111111111,208.63,mobile,credit_card,electronics,medium,mass,ES,ES,EUR,1,1,1,1,0,1,0,0,0,0,0,0,0.0180898876404494,0.0351219512195121,0.0358823529411764,2.208467209644076,0.8459688795471185,2,5,CUST_003282,MERCH_000253,DEV_000022,PM_000414,1,1,1,1,302
TXN_000129148,2026-03-15 01:23:41,2026-03-15,0,none,0.9448474417735776,high,1,false_positive,303,0.006733333333333333,1025.0,mobile,wallet,marketplace,low,affluent,IT,DE,EUR,1,1,1,1,0,0,0,1,0,1,0,0,0.0223868312757201,0.0047826086956521,0.0141176470588235,5.492173476538761,5.861521161867224,1,4,CUST_002232,MERCH_001009,DEV_004489,PM_003422,1,1,1,1,303
TXN_000273930,2026-03-15 01:08:56,2026-03-15,1,merchant_collusion,0.9446258411485066,high,1,true_positive,304,0.0067555555555555554,221.54,web,credit_card,marketplace,medium,digital_native,IT,DE,EUR,1,1,0,1,0,1,0,1,0,1,0,1,0.1918730158730158,0.0313043478260869,0.0528571428571428,5.98909952835426,1.176222750232799,2,6,CUST_007796,MERCH_000500,DEV_005608,PM_005683,1,1,1,1,304
TXN_000287545,2026-03-15 22:32:20,2026-03-15,1,merchant_collusion,0.9444517750195344,high,1,true_positive,305,0.0067777777777777775,215.09,web,credit_card,marketplace,high,affluent,DE,ES,EUR,1,0,0,1,0,0,0,0,0,2,0,0,0.2638749999999999,0.0026993865030674,0.020281690140845,1.6518659637509536,1.4701412795585498,1,2,CUST_004098,MERCH_000487,DEV_001649,PM_008407,1,1,1,1,305
TXN_000067031,2026-03-19 00:24:33,2026-03-19,0,none,0.9442442228673412,high,1,false_positive,306,0.0068,139.65,mobile,credit_card,travel,high,sme,ES,US,EUR,1,1,1,1,0,1,0,0,0,0,0,0,0.0147008547008547,0.026875,0.016,1.6386908502301345,0.5288882447039235,1,6,CUST_006020,MERCH_000389,DEV_007557,PM_008937,1,1,1,1,306
TXN_000154068,2026-03-10 23:47:57,2026-03-10,0,none,0.9439699496440564,high,1,false_positive,307,0.006822222222222223,71.99,web,credit_card,electronics,medium,affluent,ES,US,EUR,0,1,1,1,0,1,0,0,0,1,0,0,0.0138317757009345,0.0112820512820512,0.0411428571428571,2.099708333333333,0.2512386864856504,2,2,CUST_001917,MERCH_000265,DEV_007022,PM_010370,1,1,1,1,307
TXN_000109977,2026-03-08 22:36:11,2026-03-08,0,none,0.9435208827935598,high,1,false_positive,308,0.006844444444444445,162.4,web,credit_card,travel,medium,digital_native,ES,PT,EUR,1,1,1,1,0,0,0,0,0,0,0,0,0.0159259259259259,0.0093617021276595,0.0062857142857142,2.7946431282835134,0.4330993700884896,2,1,CUST_003676,MERCH_000380,DEV_005222,PM_010711,1,1,1,1,308
TXN_000278483,2026-03-25 22:23:14,2026-03-25,0,none,0.9433849847952092,high,1,false_positive,309,0.006866666666666667,99.44,web,debit_card,marketplace,medium,sme,ES,PT,EUR,0,1,1,1,0,1,1,5,1,5,0,2,0.18,0.0314893617021276,0.0409523809523809,2.0732136436839563,0.5906064138025681,1,2,CUST_004357,MERCH_000819,DEV_003225,PM_011883,1,1,1,1,309
TXN_000079594,2026-03-26 01:21:54,2026-03-26,0,none,0.942933317636578,high,1,false_positive,310,0.006888888888888889,129.66,web,bank_transfer,marketplace,medium,sme,FR,PT,EUR,1,1,1,1,0,1,0,1,0,1,0,0,0.0355102040816326,0.0183458646616541,0.0053012048192771,5.582162327227582,1.0421475135105485,2,5,CUST_007756,MERCH_000630,DEV_000136,PM_005291,1,1,1,1,310
TXN_000189834,2026-03-12 20:21:15,2026-03-12,0,none,0.9426819536568036,high,1,false_positive,311,0.006911111111111111,103.69,mobile,wallet,marketplace,medium,digital_native,IT,US,EUR,1,1,1,1,0,0,0,0,0,0,0,0,0.188516129032258,0.0109090909090909,0.02,1.5178319537966092,0.9635372690938836,1,1,CUST_009835,MERCH_000660,DEV_003961,PM_006279,1,1,1,1,311
TXN_000192163,2026-03-13 03:42:13,2026-03-13,0,none,0.9424796163739564,high,1,false_positive,312,0.006933333333333333,103.32,web,credit_card,marketplace,medium,sme,PT,GB,EUR,1,1,1,1,0,0,0,0,0,1,0,0,0.0391701244813278,0.0032592592592592,0.0161589403973509,3.386524478914202,1.1676212021419776,2,4,CUST_005328,MERCH_000074,DEV_002045,PM_006887,1,1,1,1,312
TXN_000127403,2026-03-09 02:33:57,2026-03-09,0,none,0.942235641020204,high,1,false_positive,313,0.006955555555555556,204.38,web,credit_card,travel,medium,digital_native,ES,ES,EUR,1,1,1,1,0,1,0,1,0,1,0,0,0.0157798165137614,0.0122222222222222,0.0093617021276595,11.99661625578344,0.5470916923050301,2,4,CUST_003798,MERCH_000380,DEV_007968,PM_009285,1,1,1,1,313
TXN_000296185,2026-03-14 00:09:55,2026-03-14,0,none,0.9418149756224692,high,1,false_positive,314,0.006977777777777778,198.4,mobile,credit_card,travel,high,digital_native,PT,FR,EUR,1,1,1,1,0,1,0,0,0,0,0,0,0.0237433155080213,0.0192,0.0306382978723404,2.261351912954785,0.9675417609524036,1,4,CUST_001409,MERCH_000260,DEV_006085,PM_005403,1,1,1,1,314
TXN_000026513,2026-03-11 02:09:15,2026-03-11,0,none,0.9416893193759835,high,1,false_positive,315,0.007,239.16,web,credit_card,electronics,medium,sme,ES,US,EUR,1,1,1,1,0,1,0,0,0,0,0,1,0.0074390243902439,0.0431067961165048,0.0324528301886792,2.64685662501888,1.5409229687877524,2,4,CUST_009632,MERCH_000943,DEV_000436,PM_003906,1,1,1,1,315
TXN_000279034,2026-03-23 22:58:49,2026-03-23,0,none,0.9414768263495782,high,1,false_positive,316,0.007022222222222222,233.01,mobile,bank_transfer,digital_services,high,sme,FR,US,EUR,1,0,1,1,0,0,0,0,0,1,0,0,0.2054849498327759,0.0187012987012987,0.0075862068965517,1.1040106321611027,2.458245984209093,2,4,CUST_008233,MERCH_000324,DEV_001208,PM_005439,1,1,1,1,316
TXN_000071766,2026-03-22 00:37:32,2026-03-22,0,none,0.941405999528236,high,1,false_positive,317,0.007044444444444444,46.6,web,credit_card,electronics,medium,digital_native,IT,GB,EUR,0,1,1,1,0,1,0,0,1,1,0,0,0.0296414342629482,0.0223376623376623,0.0236065573770491,0.4424027299434074,0.2727595448483778,1,5,CUST_002440,MERCH_000989,DEV_005352,PM_010636,1,1,1,1,317
TXN_000124533,2026-03-20 04:51:14,2026-03-20,1,account_takeover,0.941374107392664,high,1,true_positive,318,0.007066666666666666,1200.0,mobile,credit_card,marketplace,low,affluent,PT,DE,EUR,1,1,0,1,1,1,0,0,0,0,0,0,0.0261971830985915,0.1208888888888888,0.0129411764705882,5.753835063341787,8.030426393334746,1,7,CUST_003467,MERCH_001189,DEV_005953,PM_004152,1,1,1,1,318
TXN_000175869,2026-03-23 21:16:45,2026-03-23,0,none,0.9411323533790078,high,1,false_positive,319,0.0070888888888888885,171.15,web,wallet,digital_services,high,digital_native,IT,US,EUR,0,1,1,1,0,0,0,1,0,0,0,2,0.2365562913907284,0.0141935483870967,0.0053012048192771,2.009381704076078,1.964709215562237,1,4,CUST_007975,MERCH_000345,DEV_006072,PM_011685,1,1,1,1,319
TXN_000133459,2026-03-17 18:26:12,2026-03-17,1,stolen_card,0.9410684395614376,high,1,true_positive,320,0.0071111111111111115,634.22,mobile,credit_card,marketplace,low,affluent,DE,DE,EUR,1,1,1,1,0,0,0,0,0,0,0,0,0.0216733067729083,0.0091666666666666,0.0239215686274509,2.907192346743493,4.548984429944064,1,2,CUST_009813,MERCH_000639,DEV_007932,PM_007971,1,1,1,1,320
TXN_000093251,2026-03-14 00:15:18,2026-03-14,0,none,0.9407504137633664,high,1,false_positive,321,0.0071333333333333335,181.1,web,debit_card,electronics,low,sme,ES,DE,EUR,1,1,1,1,1,1,0,1,0,0,0,1,0.0078205128205128,0.03929203539823,0.0025142857142857,3.1982889085660045,1.6339720037239378,2,5,CUST_002620,MERCH_000010,DEV_005514,PM_005505,1,1,1,1,321
TXN_000112323,2026-03-21 01:30:40,2026-03-21,1,merchant_collusion,0.9407337035586923,high,1,true_positive,322,0.007155555555555556,57.96,web,bank_transfer,digital_services,high,mass,IT,ES,EUR,1,1,0,1,0,1,0,0,0,0,0,0,0.2424755700325732,0.0057142857142857,0.0091666666666666,3.7363154796939377,0.6563647117731986,1,6,CUST_000458,MERCH_000910,DEV_001257,PM_009021,1,1,1,1,322
TXN_000068518,2026-03-22 00:03:22,2026-03-22,0,none,0.9405390234210532,high,1,false_positive,323,0.007177777777777778,103.89,mobile,debit_card,electronics,medium,mass,IT,FR,EUR,1,0,1,1,0,1,0,0,0,1,0,0,0.038810408921933,0.0900787401574803,0.0055,3.4013144333022103,0.728413774771482,2,5,CUST_001810,MERCH_000387,DEV_000986,PM_004104,1,1,1,1,323
TXN_000241181,2026-03-14 01:20:33,2026-03-14,1,merchant_collusion,0.9400594141361048,high,1,true_positive,324,0.0072,272.84,mobile,debit_card,electronics,medium,sme,DE,DE,EUR,1,1,1,1,0,0,0,0,0,0,0,0,0.1948,0.0065671641791044,0.011578947368421,7.21816659439085,1.1194794035085869,1,5,CUST_001384,MERCH_000988,DEV_005021,PM_004902,1,1,1,1,324
TXN_000007281,2026-03-11 02:55:13,2026-03-11,1,stolen_card,0.9399587961883444,high,1,true_positive,325,0.007222222222222222,179.91,mobile,credit_card,travel,medium,digital_native,DE,PT,EUR,1,1,1,1,0,0,0,0,0,0,0,1,0.0295652173913043,0.011,0.0835643564356435,6.434326653514692,0.4662052528366712,2,3,CUST_007712,MERCH_000250,DEV_004840,PM_009783,1,1,1,1,325
TXN_000276921,2026-03-10 05:18:14,2026-03-10,0,none,0.938938053848292,high,1,false_positive,326,0.007244444444444445,103.71,web,debit_card,digital_services,high,digital_native,IT,IT,EUR,1,1,1,1,1,1,0,0,0,0,0,0,0.0501754385964912,0.0301234567901234,0.0208695652173913,2.434262146665325,1.3582496377968225,1,4,CUST_003910,MERCH_000635,DEV_001184,PM_008025,1,1,1,1,326
TXN_000002426,2026-03-17 01:23:08,2026-03-17,0,none,0.9389360666680188,high,1,false_positive,327,0.007266666666666667,301.77,web,credit_card,digital_services,high,affluent,FR,DE,EUR,1,1,0,1,0,0,0,0,0,0,0,0,0.2128169014084507,0.0251546391752577,0.0677777777777777,1.5938675057845093,2.5163552885221283,1,5,CUST_004028,MERCH_000697,DEV_005710,PM_004145,1,1,1,1,327
TXN_000071314,2026-03-11 04:41:57,2026-03-11,1,account_takeover,0.9388405218292788,high,1,true_positive,328,0.007288888888888889,69.27,mobile,wallet,electronics,low,digital_native,IT,GB,EUR,1,1,1,1,0,1,0,0,0,0,0,0,0.0274042553191489,0.0040366972477064,0.0191304347826086,1.2403142415900088,0.2090403727427316,1,3,CUST_008754,MERCH_000557,DEV_004233,PM_004961,1,1,1,1,328
TXN_000088485,2026-03-15 02:55:47,2026-03-15,1,account_takeover,0.9387688414513552,high,1,true_positive,329,0.007311111111111111,196.79,mobile,credit_card,electronics,high,affluent,ES,ES,EUR,1,1,1,1,0,1,0,1,0,1,0,2,0.0110610932475884,0.007719298245614,0.0073333333333333,1.8205183320862528,1.362250789172576,1,4,CUST_007223,MERCH_000330,DEV_001310,PM_002051,1,1,1,1,329
TXN_000249268,2026-03-21 02:27:30,2026-03-21,0,none,0.93845175460614,high,1,false_positive,330,0.007333333333333333,256.85,web,credit_card,digital_services,medium,sme,ES,DE,EUR,1,1,1,1,0,1,0,0,0,2,0,0,0.0365495207667731,0.007719298245614,0.0050574712643678,1.611834411152268,4.069160598643164,1,4,CUST_006678,MERCH_000786,DEV_000956,PM_004818,1,1,1,1,330
TXN_000021920,2026-03-15 06:53:52,2026-03-15,1,stolen_card,0.938413652389536,high,1,true_positive,331,0.007355555555555555,61.97,web,credit_card,travel,high,mass,IT,IT,EUR,1,0,1,1,0,0,0,0,0,1,0,0,0.0375757575757575,0.0565454545454545,0.0254166666666666,5.790669793190993,0.2329419312412612,3,3,CUST_005962,MERCH_001051,DEV_002417,PM_011334,1,1,1,1,331
TXN_000267367,2026-03-26 00:14:37,2026-03-26,1,stolen_card,0.9383037865900988,high,1,true_positive,332,0.007377777777777777,228.48,mobile,credit_card,travel,low,mass,IT,IT,EUR,1,1,1,1,0,0,0,0,0,0,0,0,0.0207476635514018,0.0031654676258992,0.0293877551020408,4.018444174256154,1.150813395042208,3,3,CUST_005042,MERCH_000339,DEV_007371,PM_010441,1,1,1,1,332
TXN_000282683,2026-03-23 22:59:50,2026-03-23,1,account_takeover,0.9382898890197334,high,1,true_positive,333,0.0074,757.39,web,wallet,travel,low,sme,ES,GB,EUR,1,1,1,1,0,0,1,1,0,2,1,1,0.036875,0.0363934426229508,0.0355199999999999,17.594444329726606,4.362559183291928,1,3,CUST_003103,MERCH_001029,DEV_006916,PM_006767,1,1,1,1,333
TXN_000149390,2026-03-10 05:50:24,2026-03-10,1,account_takeover,0.9380954870688692,high,1,true_positive,334,0.007422222222222222,97.74,mobile,wallet,marketplace,high,digital_native,DE,FR,EUR,1,0,1,1,0,1,0,0,0,1,0,1,0.0446153846153846,0.1188732394366197,0.0519148936170212,3.091814946619217,0.515062790973702,1,6,CUST_007411,MERCH_000481,DEV_001059,PM_010841,1,1,1,1,334
TXN_000114161,2026-03-10 22:40:25,2026-03-10,0,none,0.9379834608011836,high,1,false_positive,335,0.0074444444444444445,580.7,web,credit_card,electronics,low,digital_native,IT,PT,EUR,0,1,1,1,0,1,1,1,1,2,1,1,0.005691699604743,0.052394366197183,0.0563934426229508,30.935931585588115,1.7044193838809965,2,4,CUST_000862,MERCH_000448,DEV_005381,PM_008327,1,1,1,1,335
TXN_000106660,2026-03-15 05:25:52,2026-03-15,0,none,0.9375247066197118,high,1,false_positive,336,0.007466666666666667,119.23,mobile,credit_card,digital_services,high,digital_native,FR,FR,EUR,0,1,0,1,0,0,0,0,0,0,0,0,0.2122857142857142,0.0471232876712328,0.06,1.9449995841783043,1.246237644579575,1,4,CUST_001612,MERCH_000324,DEV_004735,PM_008242,1,1,1,1,336
TXN_000078603,2026-03-15 07:13:38,2026-03-15,0,none,0.9367450327682778,high,1,false_positive,337,0.007488888888888889,699.0,mobile,credit_card,marketplace,high,affluent,PT,IT,EUR,1,1,1,1,0,0,0,0,0,0,0,0,0.0531623931623931,0.0257142857142857,0.0228571428571428,2.60955051519023,3.124593331418575,3,3,CUST_001775,MERCH_000486,DEV_004557,PM_006049,1,1,1,1,337
TXN_000174222,2026-03-22 04:14:54,2026-03-22,1,stolen_card,0.9364629601367656,high,1,true_positive,338,0.007511111111111111,56.01,web,debit_card,travel,medium,mass,DE,GB,EUR,0,1,1,1,0,0,0,0,0,1,0,0,0.0347663551401869,0.0199103139013452,0.0137499999999999,3.1034400873874017,0.1357353772617378,2,3,CUST_003438,MERCH_001076,DEV_002351,PM_011678,1,1,1,1,338
TXN_000297976,2026-03-17 17:28:10,2026-03-17,0,none,0.9364585335889728,high,1,false_positive,339,0.007533333333333334,153.57,web,credit_card,digital_services,high,sme,DE,ES,EUR,1,1,0,1,0,0,0,0,0,0,0,0,0.2471174377224199,0.012,0.0715151515151515,1.5928558221757227,1.4955164471560882,1,3,CUST_000370,MERCH_000289,DEV_005821,PM_011656,1,1,1,1,339
TXN_000173579,2026-03-14 00:28:54,2026-03-14,0,none,0.9363065889053178,high,1,false_positive,340,0.007555555555555556,386.97,web,debit_card,marketplace,high,sme,PT,IT,EUR,1,1,1,1,0,0,0,0,0,0,0,0,0.0342028985507246,0.0075862068965517,0.020281690140845,2.840123627941872,2.6266772973607897,3,5,CUST_002095,MERCH_000536,DEV_002827,PM_006284,1,1,1,1,340
TXN_000052388,2026-03-21 04:36:03,2026-03-21,0,none,0.936110035331696,high,1,false_positive,341,0.007577777777777778,218.46,web,credit_card,marketplace,high,affluent,PT,ES,EUR,1,1,1,1,0,0,0,0,0,0,0,0,0.0462453531598513,0.0091666666666666,0.0141935483870967,3.448787572619348,1.671777282973986,1,6,CUST_008787,MERCH_000506,DEV_005508,PM_004354,1,1,1,1,341
TXN_000249533,2026-03-14 03:33:58,2026-03-14,0,none,0.93603549766547,high,1,false_positive,342,0.0076,108.03,mobile,debit_card,travel,high,digital_native,IT,GB,EUR,1,1,1,1,0,1,0,0,0,0,0,0,0.0618905472636815,0.0091666666666666,0.0079999999999999,1.6808719833151258,0.312848973411382,1,5,CUST_003597,MERCH_000607,DEV_003018,PM_009675,1,1,1,1,342
TXN_000208047,2026-03-12 08:23:44,2026-03-12,0,none,0.935785149762604,high,1,false_positive,343,0.007622222222222222,271.05,mobile,credit_card,electronics,medium,digital_native,DE,PT,EUR,1,1,0,1,0,0,0,0,0,0,0,0,0.1849367088607595,0.0595121951219512,0.0157142857142857,1.9561244991513,2.1294155803827124,1,3,CUST_005763,MERCH_000066,DEV_003414,PM_004857,1,1,1,1,343
TXN_000076433,2026-03-17 01:05:13,2026-03-17,0,none,0.9357130491029488,high,1,false_positive,344,0.007644444444444444,538.25,web,debit_card,marketplace,medium,sme,IT,GB,EUR,1,0,1,1,0,0,1,2,1,3,1,2,0.0493103448275862,0.0116129032258064,0.0225,2.962117095116566,3.734748389128124,1,2,CUST_007196,MERCH_000791,DEV_002262,PM_009380,1,1,1,1,344
TXN_000222994,2026-03-12 04:37:31,2026-03-12,0,none,0.9356155668262548,high,1,false_positive,345,0.007666666666666666,528.59,mobile,credit_card,electronics,high,sme,ES,IT,EUR,1,1,1,1,0,0,0,0,0,0,0,1,0.0307491856677524,0.0555102040816326,0.015,8.228362391033626,2.622208513391375,1,5,CUST_000340,MERCH_001104,DEV_005349,PM_005417,1,1,1,1,345
TXN_000035923,2026-03-21 22:10:11,2026-03-21,1,stolen_card,0.9355786553107834,high,1,true_positive,346,0.007688888888888889,289.24,mobile,debit_card,marketplace,low,digital_native,PT,FR,EUR,1,1,1,1,0,0,0,0,0,0,0,0,0.0245544554455445,0.016,0.0283720930232558,15.91635713303068,2.222996761707984,1,3,CUST_005708,MERCH_000056,DEV_001575,PM_004844,1,1,1,1,346
TXN_000275074,2026-03-12 02:11:07,2026-03-12,0,none,0.9355363721364413,high,1,false_positive,347,0.007711111111111111,281.49,web,credit_card,marketplace,medium,digital_native,FR,GB,EUR,0,0,1,1,0,0,0,0,0,0,0,0,0.0333596837944664,0.0293877551020408,0.0334246575342465,6.503798365925849,2.2237288445909598,2,3,CUST_001494,MERCH_000630,DEV_004630,PM_011581,1,1,1,1,347
TXN_000262209,2026-03-21 04:10:53,2026-03-21,0,none,0.9354109709289627,high,1,false_positive,348,0.007733333333333333,87.33,mobile,credit_card,electronics,medium,mass,IT,FR,EUR,1,1,1,1,0,1,0,0,0,0,0,0,0.03376,0.1151219512195121,0.0731914893617021,2.89464777921217,0.3597436182622287,3,5,CUST_007356,MERCH_000410,DEV_006655,PM_002056,1,1,1,1,348
TXN_000142200,2026-03-18 03:20:12,2026-03-18,1,account_takeover,0.9352896940685111,high,1,true_positive,349,0.0077555555555555555,81.15,mobile,wallet,marketplace,high,digital_native,DE,US,EUR,1,0,1,1,0,1,0,0,0,0,0,0,0.2643425076452599,0.0753571428571428,0.0543065693430656,1.0945305867698436,0.5593909021527066,1,6,CUST_007964,MERCH_000487,DEV_001274,PM_006429,1,1,1,1,349
TXN_000040726,2026-03-16 18:18:45,2026-03-16,0,none,0.9351025252385056,high,1,false_positive,350,0.0077777777777777776,121.61,mobile,debit_card,electronics,high,mass,ES,FR,EUR,1,1,1,1,0,1,0,0,0,0,0,2,0.0185665529010238,0.0118918918918918,0.0093617021276595,20.26833333333333,0.423146788385119,2,4,CUST_004644,MERCH_001093,DEV_002977,PM_007868,1,1,1,1,350
TXN_000025457,2026-03-09 06:08:24,2026-03-09,0,none,0.9347618372654768,high,1,false_positive,351,0.0078,629.61,web,credit_card,travel,high,affluent,FR,IT,EUR,1,1,1,1,0,0,0,1,0,1,0,1,0.0374418604651162,0.02,0.0171428571428571,3.0450069643271687,1.8500400162384736,2,5,CUST_001036,MERCH_000366,DEV_001316,PM_011536,1,1,1,1,351
TXN_000136692,2026-03-18 01:54:04,2026-03-18,0,none,0.9347082085181744,high,1,false_positive,352,0.007822222222222222,595.58,web,credit_card,electronics,medium,digital_native,IT,US,EUR,0,1,1,1,0,0,0,0,0,0,0,1,0.0121554770318021,0.0423529411764705,0.0072131147540983,22.120399857758112,2.6152878531462087,2,4,CUST_006921,MERCH_000977,DEV_001915,PM_006031,1,1,1,1,352
TXN_000102951,2026-03-25 02:45:48,2026-03-25,1,stolen_card,0.9346371474619056,high,1,true_positive,353,0.007844444444444444,643.12,web,debit_card,marketplace,high,sme,ES,PT,EUR,1,1,0,1,0,0,0,0,0,0,0,1,0.0234444444444444,0.0528155339805825,0.0254814814814814,9.713108468149311,6.140551445675302,1,6,CUST_004602,MERCH_000902,DEV_001566,PM_003153,1,1,1,1,353
TXN_000079610,2026-03-20 21:22:32,2026-03-20,1,merchant_collusion,0.9345839361305892,high,1,true_positive,354,0.007866666666666666,297.18,web,credit_card,digital_services,high,sme,IT,PT,EUR,1,1,0,1,0,0,0,0,0,0,0,0,0.2335836177474402,0.0472340425531914,0.0358333333333333,3.253193591052922,3.395094968756644,0,6,CUST_007286,MERCH_000345,DEV_006458,PM_009139,1,1,1,1,354
TXN_000203351,2026-03-16 19:19:14,2026-03-16,0,none,0.9345201458476644,high,1,false_positive,355,0.00788888888888889,203.1,mobile,credit_card,electronics,medium,digital_native,ES,DE,EUR,1,1,1,1,0,0,0,1,0,1,0,0,0.0113157894736842,0.0123076923076923,0.0441025641025641,7.1289081196990285,1.949093464939032,1,2,CUST_002001,MERCH_001090,DEV_001294,PM_006048,1,1,1,1,355
TXN_000199240,2026-03-14 08:45:58,2026-03-14,0,none,0.9345134947732344,high,1,false_positive,356,0.007911111111111112,441.89,mobile,credit_card,marketplace,medium,affluent,ES,IT,EUR,1,1,0,1,0,0,0,0,0,0,0,0,0.1575202156334231,0.0217857142857142,0.0156521739130434,6.017458965256247,2.481803148188891,2,3,CUST_005671,MERCH_000696,DEV_004550,PM_008526,1,1,1,1,356
TXN_000086886,2026-03-17 02:03:02,2026-03-17,0,none,0.9343161651187104,high,1,false_positive,357,0.007933333333333334,280.57,web,credit_card,electronics,low,affluent,ES,ES,EUR,0,1,0,1,0,1,2,2,1,1,2,2,0.0150276243093922,0.1011764705882353,0.0521212121212121,1.359600634973682,1.0951499964390914,1,4,CUST_008204,MERCH_000743,DEV_006282,PM_008247,1,1,1,1,357
TXN_000012308,2026-03-23 01:29:38,2026-03-23,0,none,0.9342149580081406,high,1,false_positive,358,0.007955555555555556,242.71,web,credit_card,electronics,medium,affluent,ES,GB,EUR,1,1,1,1,0,0,0,0,0,0,0,0,0.1273737373737373,0.0151724137931034,0.016551724137931,2.5797682874678967,1.2340047778678196,2,2,CUST_002822,MERCH_000460,DEV_005117,PM_009665,1,1,1,1,358
TXN_000075129,2026-03-23 02:00:40,2026-03-23,0,none,0.9341739491204925,high,1,false_positive,359,0.007977777777777778,422.59,web,debit_card,marketplace,low,sme,FR,US,EUR,1,1,1,1,1,0,0,0,0,0,0,0,0.0344525547445255,0.0127433628318584,0.0205714285714285,3.604124364147871,3.981624219025599,2,5,CUST_000892,MERCH_000194,DEV_000396,PM_002988,1,1,1,1,359
TXN_000267244,2026-03-14 00:47:49,2026-03-14,0,none,0.9341287462221994,high,1,false_positive,360,0.008,409.19,web,wallet,marketplace,high,sme,DE,IT,EUR,1,1,0,1,0,0,0,0,0,0,0,0,0.2657324840764331,0.0232258064516129,0.0075862068965517,3.5989515994265457,2.7880942106339006,1,6,CUST_008969,MERCH_000487,DEV_007382,PM_000708,1,1,1,1,360
TXN_000135012,2026-03-22 03:54:50,2026-03-22,0,none,0.9340144107720684,high,1,false_positive,361,0.008022222222222222,84.48,mobile,credit_card,marketplace,high,sme,FR,PT,EUR,1,1,1,1,0,1,0,0,0,1,0,0,0.0093486590038314,0.0358333333333333,0.0134579439252336,1.7265195201166568,0.4384829543533363,1,5,CUST_002287,MERCH_000473,DEV_006336,PM_000548,1,1,1,1,361
TXN_000205727,2026-03-12 23:07:18,2026-03-12,1,stolen_card,0.9339803931753372,high,1,true_positive,362,0.008044444444444444,254.79,mobile,credit_card,digital_services,low,sme,ES,FR,EUR,1,1,1,1,0,0,0,0,0,0,1,1,0.0389115646258503,0.0107317073170731,0.029047619047619,2.439939975886931,3.144402296355216,2,1,CUST_000320,MERCH_000978,DEV_004254,PM_002236,1,1,1,1,362
TXN_000252456,2026-03-13 06:54:35,2026-03-13,1,stolen_card,0.9337599698100092,high,1,true_positive,363,0.008066666666666666,950.0,mobile,credit_card,marketplace,high,affluent,IT,ES,EUR,1,1,0,1,0,1,0,1,0,1,0,1,0.0489763779527559,0.032,0.0276923076923076,7.093593547106379,7.138306535516206,1,5,CUST_003613,MERCH_000801,DEV_002307,PM_009719,1,1,1,1,363
TXN_000049903,2026-03-10 03:48:53,2026-03-10,0,none,0.9335853033309016,high,1,false_positive,364,0.008088888888888889,201.46,mobile,credit_card,marketplace,low,digital_native,PT,GB,EUR,1,1,1,1,0,1,0,1,0,1,0,0,0.0478291814946619,0.0848780487804878,0.0477777777777777,16.273712852344715,1.196019233275687,1,4,CUST_008749,MERCH_001132,DEV_002030,PM_004431,1,1,1,1,364
TXN_000008676,2026-03-11 04:51:53,2026-03-11,0,none,0.9334076642802386,high,1,false_positive,365,0.00811111111111111,140.66,web,debit_card,electronics,high,mass,DE,ES,EUR,1,1,1,1,0,0,0,0,0,0,0,0,0.0155656108597285,0.0044444444444444,0.0221538461538461,3.802472127968977,0.7159922993118308,2,4,CUST_004726,MERCH_000259,DEV_005763,PM_006717,1,1,1,1,365
TXN_000264030,2026-03-20 23:26:52,2026-03-20,1,merchant_collusion,0.9332538955485512,high,1,true_positive,366,0.008133333333333333,389.37,mobile,credit_card,marketplace,medium,affluent,ES,ES,EUR,0,1,0,1,1,1,0,1,0,3,0,1,0.1674635568513119,0.0619230769230769,0.0079999999999999,3.532652791422891,2.3853052998603714,2,3,CUST_009736,MERCH_000819,DEV_007765,PM_004138,1,1,1,1,366
TXN_000164781,2026-03-08 20:51:57,2026-03-08,1,stolen_card,0.9327064055046324,high,1,true_positive,367,0.008155555555555555,950.0,web,credit_card,electronics,medium,affluent,ES,IT,EUR,1,0,1,1,0,0,0,0,0,0,0,1,0.0178360655737704,0.0228571428571428,0.0228571428571428,4.399583638400536,3.744349765831201,1,3,CUST_004883,MERCH_000067,DEV_002005,PM_007331,1,1,1,1,367
TXN_000199538,2026-03-21 04:54:42,2026-03-21,1,account_takeover,0.9327025972887268,high,1,true_positive,368,0.008177777777777779,285.96,mobile,credit_card,electronics,medium,sme,DE,US,EUR,1,1,1,1,0,1,0,0,0,0,0,0,0.0450393700787401,0.0256842105263157,0.0171428571428571,2.672813824584284,1.0590324966380305,1,5,CUST_005473,MERCH_000165,DEV_006336,PM_006814,1,1,1,1,368
TXN_000243205,2026-03-21 00:29:03,2026-03-21,1,stolen_card,0.9325508747845376,high,1,true_positive,369,0.0082,950.0,mobile,credit_card,electronics,low,affluent,ES,US,EUR,0,0,1,1,0,1,0,0,0,0,0,0,0.0170822281167108,0.0118918918918918,0.0183333333333333,7.407073036612689,3.919628828543542,1,6,CUST_004097,MERCH_000297,DEV_005721,PM_005548,1,1,1,1,369
TXN_000073808,2026-03-10 05:12:29,2026-03-10,0,none,0.9323887555619824,high,1,false_positive,370,0.008222222222222223,182.66,mobile,credit_card,electronics,high,mass,PT,DE,EUR,1,1,1,1,0,0,0,0,0,0,0,0,0.0256573705179282,0.04,0.045,6.299086139369903,0.9774680254175054,3,5,CUST_007824,MERCH_000530,DEV_002520,PM_004116,1,1,1,1,370
TXN_000018874,2026-03-11 22:30:55,2026-03-11,0,none,0.9323556488573456,high,1,false_positive,371,0.008244444444444445,1284.6,mobile,credit_card,electronics,high,sme,ES,DE,EUR,1,1,0,1,0,1,0,0,0,0,0,2,0.1580952380952381,0.0239215686274509,0.0062857142857142,12.673558365470845,5.195021105401002,1,6,CUST_002108,MERCH_000396,DEV_006964,PM_006770,1,1,1,1,371
TXN_000026892,2026-03-16 03:10:42,2026-03-16,1,account_takeover,0.9323499196165091,high,1,true_positive,372,0.008266666666666667,259.41,mobile,debit_card,marketplace,low,sme,FR,DE,EUR,1,1,1,1,1,1,0,3,0,2,0,0,0.0295238095238095,0.0283720930232558,0.0069841269841269,2.6476526688340343,2.004716068242087,1,4,CUST_006937,MERCH_000284,DEV_007887,PM_009683,1,1,1,1,372
TXN_000274951,2026-03-17 17:34:46,2026-03-17,1,stolen_card,0.9317115390948398,high,1,true_positive,373,0.008288888888888889,47.69,mobile,credit_card,electronics,medium,affluent,IT,DE,EUR,1,1,1,1,0,0,0,0,0,0,0,0,0.0301214574898785,0.0113385826771653,0.0048351648351648,0.5701292968678155,0.1517657708404334,1,1,CUST_009373,MERCH_001048,DEV_002213,PM_008477,1,1,1,1,373
TXN_000082453,2026-03-14 21:01:25,2026-03-14,1,merchant_collusion,0.9315611826535452,high,1,true_positive,374,0.008311111111111111,54.13,web,credit_card,electronics,medium,digital_native,DE,ES,EUR,1,1,0,1,0,1,0,0,0,1,0,0,0.1988157894736842,0.0127433628318584,0.0358823529411764,1.757411865319439,0.2230581808642276,2,3,CUST_001876,MERCH_000988,DEV_004233,PM_001329,1,1,1,1,374
TXN_000218629,2026-03-22 01:48:15,2026-03-22,1,account_takeover,0.9314336283596087,high,1,true_positive,375,0.008333333333333333,37.93,mobile,debit_card,electronics,medium,digital_native,ES,FR,EUR,0,0,1,1,1,1,0,0,0,0,0,0,0.027683284457478,0.0244067796610169,0.0243999999999999,1.6491493037677776,0.1464291190642414,1,3,CUST_001720,MERCH_001008,DEV_001197,PM_000619,1,1,1,1,375
TXN_000292159,2026-03-16 23:56:17,2026-03-16,0,none,0.9313612290869514,high,1,false_positive,376,0.008355555555555555,138.97,web,credit_card,marketplace,low,digital_native,FR,DE,EUR,1,0,1,1,0,0,0,0,0,0,0,0,0.0330980392156862,0.0065671641791044,0.0533333333333333,4.28528595516307,1.0692029910752288,2,3,CUST_002466,MERCH_000284,DEV_000191,PM_011554,1,1,1,1,376
TXN_000196562,2026-03-10 00:45:46,2026-03-10,1,stolen_card,0.931302733100824,high,1,true_positive,377,0.008377777777777777,73.3,web,debit_card,marketplace,high,mass,IT,DE,EUR,1,1,1,1,0,1,0,1,0,1,0,1,0.0202985074626865,0.032,0.0104761904761904,2.328151120026747,0.601864420921033,3,6,CUST_006512,MERCH_000749,DEV_004297,PM_001068,1,1,1,1,377
TXN_000085283,2026-03-23 01:23:47,2026-03-23,0,none,0.9313002670546304,high,1,false_positive,378,0.0084,206.64,web,debit_card,electronics,low,sme,DE,GB,EUR,1,1,1,1,0,1,0,1,0,1,0,0,0.0100826446280991,0.0331343283582089,0.043,4.308214675491279,0.8596128095089791,1,4,CUST_004357,MERCH_000167,DEV_003225,PM_011883,1,1,1,1,378
TXN_000087532,2026-03-12 02:49:42,2026-03-12,0,none,0.9310017657217574,high,1,false_positive,379,0.008422222222222222,876.86,web,credit_card,electronics,medium,affluent,ES,PT,EUR,1,1,1,1,1,0,0,0,0,1,0,0,0.0302564102564102,0.0243999999999999,0.0123076923076923,6.84043188583158,3.3797988856726078,1,5,CUST_006395,MERCH_001008,DEV_007976,PM_005495,1,1,1,1,379
TXN_000288275,2026-03-09 02:52:42,2026-03-09,1,merchant_collusion,0.9309117460989498,high,1,true_positive,380,0.008444444444444444,81.76,mobile,credit_card,electronics,medium,digital_native,DE,IT,EUR,1,1,0,1,0,0,0,0,0,0,0,0,0.1844444444444444,0.007719298245614,0.0283720930232558,2.912173094105431,0.6403184373436575,0,2,CUST_005110,MERCH_000066,DEV_004828,PM_010338,1,1,1,1,380
TXN_000190339,2026-03-13 03:40:44,2026-03-13,0,none,0.9306103960216492,high,1,false_positive,381,0.008466666666666667,98.12,web,debit_card,marketplace,low,sme,PT,FR,EUR,1,1,1,1,0,1,0,0,0,0,0,0,0.048695652173913,0.1412345679012345,0.0715384615384615,1.3538682754751716,0.5241334872427922,2,5,CUST_006595,MERCH_000727,DEV_006221,PM_011858,1,1,1,1,381
TXN_000260737,2026-03-11 08:35:34,2026-03-11,1,stolen_card,0.9304434989585696,high,1,true_positive,382,0.00848888888888889,56.58,mobile,debit_card,electronics,medium,mass,IT,PT,EUR,1,1,1,1,0,0,0,0,0,0,0,0,0.0232478632478632,0.0274157303370786,0.0625454545454545,2.3014458455053064,0.1779323722611647,2,1,CUST_002792,MERCH_001048,DEV_004247,PM_006517,1,1,1,1,382
TXN_000090002,2026-03-12 01:37:04,2026-03-12,0,none,0.930398309958775,high,1,false_positive,383,0.008511111111111112,1131.03,web,credit_card,electronics,medium,affluent,ES,FR,EUR,0,1,1,1,0,0,0,0,0,0,0,1,0.0181939799331103,0.0189473684210526,0.0148453608247422,7.443830410598276,3.182763090251088,2,3,CUST_003480,MERCH_000149,DEV_000833,PM_011036,1,1,1,1,383
TXN_000184862,2026-03-22 02:01:33,2026-03-22,0,none,0.9299294972999482,high,1,false_positive,384,0.008533333333333334,589.19,mobile,credit_card,electronics,medium,affluent,ES,GB,EUR,1,1,1,1,0,0,0,0,0,0,0,0,0.0070317002881844,0.0389189189189189,0.0150617283950617,3.1500219200764987,2.6525697065770992,3,4,CUST_009069,MERCH_000456,DEV_007038,PM_006273,1,1,1,1,384
TXN_000280097,2026-03-14 00:00:33,2026-03-14,1,stolen_card,0.9296306451829978,high,1,true_positive,385,0.008555555555555556,52.9,mobile,credit_card,marketplace,medium,mass,FR,ES,EUR,1,1,1,1,0,1,0,0,0,0,0,1,0.0338955823293172,0.018,0.0513432835820895,1.8965608816890187,0.399332276059809,1,3,CUST_003781,MERCH_000392,DEV_003892,PM_005449,1,1,1,1,385
TXN_000056435,2026-03-14 23:34:56,2026-03-14,0,none,0.929569755522614,high,1,false_positive,386,0.008577777777777778,559.39,web,credit_card,travel,high,digital_native,DE,ES,EUR,1,1,1,1,0,0,0,2,0,0,0,3,0.0363841807909604,0.0141935483870967,0.0327619047619047,78.96355897235433,1.3929568502356429,1,4,CUST_000025,MERCH_000824,DEV_005779,PM_011275,1,1,1,1,386
TXN_000284710,2026-03-17 08:21:59,2026-03-17,0,none,0.929391831978297,high,1,false_positive,387,0.0086,34.9,web,debit_card,marketplace,high,mass,IT,IT,EUR,1,1,1,1,0,0,0,0,0,0,0,0,0.0365367965367965,0.0104761904761904,0.0107317073170731,3.32241727276189,0.3168056402839072,2,3,CUST_009372,MERCH_000091,DEV_005717,PM_001073,1,1,1,1,387
TXN_000080731,2026-03-09 00:42:49,2026-03-09,1,stolen_card,0.9289862173715604,high,1,true_positive,388,0.008622222222222222,284.63,mobile,credit_card,travel,high,digital_native,ES,GB,EUR,1,1,1,1,0,0,0,0,0,0,0,0,0.0287830687830687,0.011,0.028235294117647,16.745719500973014,1.0228918240052942,1,4,CUST_004834,MERCH_000928,DEV_007628,PM_000625,1,1,1,1,388
TXN_000278949,2026-03-12 02:25:29,2026-03-12,0,none,0.928630257048348,high,1,false_positive,389,0.008644444444444444,233.83,web,credit_card,electronics,medium,digital_native,FR,GB,EUR,0,1,1,1,0,0,0,0,0,0,0,0,0.0140983606557377,0.0053012048192771,0.0169230769230769,2.635187784961748,1.8323792664944296,2,3,CUST_002156,MERCH_000611,DEV_007085,PM_010444,1,1,1,1,389
TXN_000135786,2026-03-26 01:32:42,2026-03-26,0,none,0.928585805953524,high,1,false_positive,390,0.008666666666666666,157.24,web,credit_card,electronics,medium,mass,FR,US,EUR,1,1,1,1,0,1,0,0,1,1,0,0,0.0365891472868217,0.0066666666666666,0.0089795918367346,6.36629513194246,0.5711123645438074,1,5,CUST_008692,MERCH_000488,DEV_006192,PM_001936,1,1,1,1,390
TXN_000068381,2026-03-13 02:47:33,2026-03-13,0,none,0.927871837676563,high,1,false_positive,391,0.008688888888888888,56.54,web,debit_card,travel,medium,mass,ES,FR,EUR,1,1,1,1,0,0,0,0,0,1,0,0,0.0285057471264367,0.0127433628318584,0.0129411764705882,8.952166666666667,0.206378649283339,3,3,CUST_006625,MERCH_000013,DEV_003868,PM_008588,1,1,1,1,391
TXN_000042362,2026-03-15 23:40:56,2026-03-15,0,none,0.9278110893431234,high,1,false_positive,392,0.00871111111111111,166.87,web,debit_card,electronics,medium,affluent,DE,US,EUR,1,1,1,1,0,1,0,0,0,0,0,0,0.0324890829694323,0.1007407407407407,0.0625352112676056,2.327478141099963,1.123071181214131,2,2,CUST_007041,MERCH_000441,DEV_001666,PM_010171,1,1,1,1,392
TXN_000053345,2026-03-14 05:16:44,2026-03-14,0,none,0.9277297196534832,high,1,false_positive,393,0.008733333333333333,782.32,web,credit_card,travel,medium,affluent,IT,GB,EUR,1,0,1,1,0,0,0,0,0,0,0,0,0.020943396226415,0.0084615384615384,0.0118918918918918,2.8334345589997048,2.561970578658603,2,2,CUST_001068,MERCH_000888,DEV_004837,PM_007514,1,1,1,1,393
TXN_000294694,2026-03-20 18:16:17,2026-03-20,0,none,0.9277195363486528,high,1,false_positive,394,0.008755555555555556,395.58,mobile,credit_card,electronics,high,affluent,ES,IT,EUR,1,1,1,1,0,0,0,0,0,0,0,1,0.1580851063829787,0.0146666666666666,0.0051162790697674,1.870143163996259,1.5610663448163942,1,2,CUST_003785,MERCH_000396,DEV_001462,PM_000752,1,1,1,1,394
TXN_000007715,2026-03-19 02:25:35,2026-03-19,0,none,0.9276368489744484,high,1,false_positive,395,0.008777777777777778,660.76,mobile,credit_card,electronics,medium,affluent,ES,US,EUR,1,1,1,1,0,0,0,1,0,1,0,1,0.014140127388535,0.0083236994219653,0.0094117647058823,5.8333196228754645,2.471650067572846,1,4,CUST_006223,MERCH_000606,DEV_006849,PM_011113,1,1,1,1,395
TXN_000186961,2026-03-15 01:36:08,2026-03-15,0,none,0.9271973135659816,high,1,false_positive,396,0.0088,171.59,mobile,bank_transfer,marketplace,high,sme,IT,FR,EUR,1,1,1,1,0,0,1,1,0,0,1,1,0.0668199233716475,0.0099999999999999,0.0038938053097345,3.388505701071527,1.7368379052536658,1,5,CUST_004480,MERCH_000193,DEV_002601,PM_011697,1,1,1,1,396
TXN_000021638,2026-03-25 20:24:22,2026-03-25,1,merchant_collusion,0.9267917536151954,high,1,true_positive,397,0.008822222222222223,177.45,web,bank_transfer,digital_services,high,sme,IT,ES,EUR,1,1,0,1,0,1,0,2,0,3,0,1,0.2351948051948051,0.0121008403361344,0.0148453608247422,3.0787648505510807,2.026204557628102,1,5,CUST_001130,MERCH_000345,DEV_000867,PM_006957,1,1,1,1,397
TXN_000061512,2026-03-24 04:24:52,2026-03-24,0,none,0.9266530407828908,high,1,false_positive,398,0.008844444444444445,96.59,web,credit_card,electronics,low,digital_native,IT,DE,EUR,1,1,1,1,0,0,0,1,0,1,0,1,0.0120701754385964,0.0060273972602739,0.0084615384615384,4.191182851687929,0.4629007216674759,2,4,CUST_000194,MERCH_000507,DEV_003822,PM_004124,1,1,1,1,398
TXN_000145322,2026-03-22 01:10:20,2026-03-22,1,stolen_card,0.9262531249935946,high,1,true_positive,399,0.008866666666666667,447.01,mobile,credit_card,marketplace,high,digital_native,PT,GB,EUR,1,1,1,1,0,0,0,0,0,0,0,1,0.04976,0.0086274509803921,0.0083018867924528,6.619820513579954,2.0081931510054805,1,7,CUST_009461,MERCH_000486,DEV_006658,PM_004202,1,1,1,1,399
TXN_000208685,2026-03-09 23:52:51,2026-03-09,0,none,0.9261401811344572,high,1,false_positive,400,0.008888888888888889,403.29,web,credit_card,travel,medium,digital_native,ES,ES,EUR,0,1,0,1,1,0,0,0,0,0,0,0,0.0301214574898785,0.0083018867924528,0.0162962962962962,5.708869912540458,3.1759370466197216,2,3,CUST_001510,MERCH_000582,DEV_004536,PM_009530,1,1,1,1,400
TXN_000225251,2026-03-21 00:40:09,2026-03-21,0,none,0.9261260922381184,high,1,false_positive,401,0.008911111111111111,228.51,mobile,credit_card,travel,medium,digital_native,ES,ES,EUR,1,1,1,1,0,0,1,1,1,1,1,1,0.0257599999999999,0.0409523809523809,0.0662686567164179,7.33530580354439,0.5926321084410099,1,4,CUST_007386,MERCH_000140,DEV_001598,PM_008610,1,1,1,1,401
TXN_000187838,2026-03-19 03:23:39,2026-03-19,1,account_takeover,0.9254988783937628,high,1,true_positive,402,0.008933333333333333,51.13,web,credit_card,electronics,low,digital_native,FR,ES,EUR,1,1,1,1,0,1,0,1,0,1,0,1,0.0182716049382716,0.0058666666666666,0.0052380952380952,1.0996077284379675,0.2302669883648626,2,6,CUST_002300,MERCH_000602,DEV_002058,PM_001305,1,1,1,1,402
TXN_000188179,2026-03-10 22:10:01,2026-03-10,1,merchant_collusion,0.9254452826062052,high,1,true_positive,403,0.008955555555555555,191.44,mobile,credit_card,electronics,medium,affluent,DE,DE,EUR,1,0,1,1,0,1,0,0,0,1,0,0,0.1905154639175257,0.0072131147540983,0.0086274509803921,1.1199750388624854,0.7816870319203466,1,4,CUST_005567,MERCH_000988,DEV_001847,PM_005944,1,1,1,1,403
TXN_000129553,2026-03-08 23:40:40,2026-03-08,1,stolen_card,0.9252621717342538,high,1,true_positive,404,0.008977777777777777,143.05,web,credit_card,marketplace,high,digital_native,ES,DE,EUR,1,1,1,1,0,0,0,0,0,0,0,0,0.0332484076433121,0.016,0.0554838709677419,3.194906017724415,1.179495693773732,2,5,CUST_001999,MERCH_000909,DEV_001045,PM_005775,1,1,1,1,404
TXN_000270961,2026-03-09 01:50:33,2026-03-09,0,none,0.9252185193803129,high,1,false_positive,405,0.009,105.54,mobile,credit_card,marketplace,low,digital_native,PT,PT,EUR,1,1,1,1,0,1,0,0,0,0,0,1,0.0286153846153846,0.0151724137931034,0.0102325581395348,2.2995285821811997,0.6914108115101929,1,3,CUST_001650,MERCH_001189,DEV_007087,PM_010559,1,1,1,1,405
TXN_000188550,2026-03-11 22:50:48,2026-03-11,0,none,0.9252029789511936,high,1,false_positive,406,0.009022222222222221,337.57,mobile,credit_card,travel,medium,sme,DE,GB,EUR,1,1,1,1,0,0,0,0,0,1,0,0,0.0203550295857988,0.0287058823529411,0.0252631578947368,3.9509840761388486,1.2962211408194773,2,2,CUST_008292,MERCH_000843,DEV_006986,PM_001839,1,1,1,1,406
TXN_000144377,2026-03-13 01:41:56,2026-03-13,0,none,0.9250444226132658,high,1,false_positive,407,0.009044444444444445,34.38,mobile,credit_card,marketplace,medium,mass,FR,PT,EUR,1,1,1,1,0,0,0,0,0,0,0,0,0.0278651685393258,0.0837735849056603,0.1431111111111111,1.0511900355642814,0.3708051214917686,3,4,CUST_003972,MERCH_000866,DEV_006272,PM_005172,1,1,1,1,407
TXN_000029974,2026-03-15 05:31:49,2026-03-15,0,none,0.9248583774477984,high,1,false_positive,408,0.009066666666666667,241.51,mobile,credit_card,travel,high,affluent,ES,US,EUR,1,1,1,1,0,1,0,0,0,0,0,1,0.0149565217391304,0.0102325581395348,0.0156521739130434,1.298442854750929,0.9105021440750964,0,4,CUST_005112,MERCH_000389,DEV_004786,PM_008982,1,1,1,1,408
TXN_000027005,2026-03-15 03:22:11,2026-03-15,0,none,0.9247493393730606,high,1,false_positive,409,0.00908888888888889,125.94,mobile,credit_card,travel,high,digital_native,ES,ES,EUR,1,1,1,1,0,1,0,0,0,0,0,0,0.0150218340611353,0.0312820512820512,0.0274157303370786,6.020487604998976,0.4736085820600111,1,6,CUST_009060,MERCH_000389,DEV_004416,PM_010772,1,1,1,1,409
TXN_000125662,2026-03-20 01:50:43,2026-03-20,1,stolen_card,0.9246677606672142,high,1,true_positive,410,0.009111111111111111,87.64,web,credit_card,marketplace,low,mass,FR,IT,EUR,1,1,1,1,0,0,0,0,0,0,0,0,0.0244736842105263,0.0067692307692307,0.0066666666666666,5.665373792683854,0.7779370061857371,1,3,CUST_005654,MERCH_000515,DEV_006478,PM_000514,1,1,1,1,410
TXN_000008999,2026-03-19 22:44:04,2026-03-19,0,none,0.9246099276424352,high,1,false_positive,411,0.009133333333333334,95.74,web,credit_card,electronics,medium,mass,ES,US,EUR,1,1,1,1,0,0,0,0,0,0,0,0,0.0149862258953168,0.0221538461538461,0.0122222222222222,3.77531494510512,0.5931845272985777,2,2,CUST_007019,MERCH_000268,DEV_001622,PM_010788,1,1,1,1,411
TXN_000172770,2026-03-24 23:17:03,2026-03-24,0,none,0.9245704681392756,high,1,false_positive,412,0.009155555555555556,202.5,web,credit_card,marketplace,medium,affluent,IT,GB,EUR,1,1,1,1,0,0,0,0,0,1,0,0,0.1831085043988269,0.1110679611650485,0.0436363636363636,0.9201472235557692,1.931426880327748,1,2,CUST_004909,MERCH_000660,DEV_004007,PM_010976,1,1,1,1,412
TXN_000098708,2026-03-09 16:10:17,2026-03-09,1,merchant_collusion,0.9244796764596706,high,1,true_positive,413,0.009177777777777778,56.33,web,credit_card,digital_services,high,affluent,DE,DE,EUR,1,1,1,1,0,0,0,0,0,0,0,0,0.2469433962264151,0.0153191489361702,0.0327272727272727,0.979562173122732,0.5411529298097298,2,2,CUST_001417,MERCH_000289,DEV_006660,PM_010716,1,1,1,1,413
TXN_000230546,2026-03-23 02:47:40,2026-03-23,0,none,0.9243439292676198,high,1,false_positive,414,0.0092,139.71,mobile,credit_card,marketplace,medium,affluent,ES,DE,EUR,1,1,1,1,0,0,0,0,0,0,0,0,0.0394535519125683,0.007457627118644,0.0142574257425742,1.8419096744423664,1.8319373271414376,1,3,CUST_005002,MERCH_000970,DEV_007166,PM_010284,1,1,1,1,414
TXN_000119058,2026-03-21 03:09:34,2026-03-21,0,none,0.9242404131398664,high,1,false_positive,415,0.009222222222222222,433.22,mobile,credit_card,travel,medium,affluent,PT,PT,EUR,1,1,1,1,0,1,0,1,0,1,0,1,0.0116746411483253,0.0497959183673469,0.0435714285714285,3.234827996292027,1.360773187849288,1,4,CUST_003613,MERCH_001084,DEV_002307,PM_009719,1,1,1,1,415
TXN_000107503,2026-03-24 21:30:28,2026-03-24,1,stolen_card,0.9241157824793744,high,1,true_positive,416,0.009244444444444444,142.85,web,credit_card,marketplace,medium,affluent,ES,GB,EUR,1,1,1,1,0,0,0,1,0,0,0,1,0.0277659574468085,0.0112820512820512,0.0419512195121951,1.572072105120285,1.3670517900441392,2,1,CUST_005257,MERCH_001182,DEV_006962,PM_001914,1,1,1,1,416
TXN_000070262,2026-03-09 03:08:08,2026-03-09,1,stolen_card,0.92399905956494,high,1,true_positive,417,0.009266666666666666,52.97,web,credit_card,digital_services,medium,mass,FR,DE,EUR,1,1,1,1,0,0,0,1,0,1,0,0,0.0342857142857142,0.0183458646616541,0.0338888888888888,1.4197012471857915,0.6751573358592475,2,2,CUST_007344,MERCH_000577,DEV_000234,PM_007350,1,1,1,1,417
TXN_000110961,2026-03-13 00:53:52,2026-03-13,1,account_takeover,0.9237514381011804,high,1,true_positive,418,0.009288888888888888,285.15,web,wallet,marketplace,low,sme,PT,FR,EUR,1,1,1,1,0,1,0,0,0,0,1,2,0.0185665529010238,0.0277419354838709,0.087027027027027,5.945061046827033,1.6815708179037314,1,5,CUST_004357,MERCH_001131,DEV_003225,PM_002102,1,1,1,1,418
TXN_000294811,2026-03-15 01:30:12,2026-03-15,0,none,0.923623528310616,high,1,false_positive,419,0.00931111111111111,315.57,web,credit_card,electronics,medium,affluent,ES,PT,EUR,1,1,1,1,0,0,0,0,0,1,0,0,0.0154985754985754,0.0173493975903614,0.0189473684210526,3.357246710876272,1.5825826872294686,1,3,CUST_004949,MERCH_000731,DEV_001327,PM_000122,1,1,1,1,419
TXN_000050689,2026-03-09 03:57:19,2026-03-09,0,none,0.9234228687910668,high,1,false_positive,420,0.009333333333333334,735.68,web,credit_card,travel,medium,affluent,FR,PT,EUR,1,1,1,1,0,0,0,0,0,2,0,1,0.0185945945945945,0.0241584158415841,0.0205714285714285,1.5031235048636091,3.833229966261493,3,4,CUST_002331,MERCH_000633,DEV_007302,PM_009773,1,1,1,1,420
TXN_000030846,2026-03-17 23:48:42,2026-03-17,1,stolen_card,0.9233911121496918,high,1,true_positive,421,0.009355555555555556,212.97,web,credit_card,marketplace,high,digital_native,FR,US,EUR,0,1,1,1,0,0,0,0,0,0,0,0,0.03,0.0271698113207547,0.0248275862068965,3.100677003712601,2.043222404048981,2,4,CUST_009106,MERCH_000328,DEV_004722,PM_004836,1,1,1,1,421
TXN_000131237,2026-03-25 22:07:01,2026-03-25,0,none,0.9230895183418416,high,1,false_positive,422,0.009377777777777778,274.45,mobile,credit_card,travel,medium,affluent,PT,US,EUR,1,1,1,1,0,1,0,0,0,0,0,0,0.0266666666666666,0.0234615384615384,0.0301234567901234,5.260148473735993,0.9220697433608944,2,3,CUST_006870,MERCH_000547,DEV_007587,PM_003441,1,1,1,1,422
TXN_000008806,2026-03-25 01:08:00,2026-03-25,1,account_takeover,0.9222545819205118,high,1,true_positive,423,0.0094,221.11,mobile,bank_transfer,travel,high,sme,PT,GB,EUR,1,1,1,1,0,1,0,0,0,0,0,0,0.0481632653061224,0.0516279069767441,0.02,1.9675677640343965,0.8841673147622428,1,4,CUST_009822,MERCH_000275,DEV_006381,PM_009630,1,1,1,1,423
TXN_000221893,2026-03-09 08:54:44,2026-03-09,0,none,0.9221069984262836,high,1,false_positive,424,0.009422222222222222,47.84,mobile,credit_card,electronics,medium,affluent,ES,DE,EUR,1,1,1,1,0,0,0,0,0,0,0,0,0.1219540229885057,0.0112820512820512,0.011,0.7364002996500664,0.2443715882396546,2,1,CUST_003826,MERCH_000460,DEV_005052,PM_005818,1,1,1,1,424
TXN_000019243,2026-03-25 21:33:20,2026-03-25,1,stolen_card,0.92158830881464,high,1,true_positive,425,0.009444444444444445,28.61,mobile,credit_card,electronics,low,mass,ES,PT,EUR,1,1,1,1,0,0,0,1,0,0,0,2,0.0149450549450549,0.0112820512820512,0.0086274509803921,1.353852601976664,0.1240212782741481,1,1,CUST_004880,MERCH_001172,DEV_006296,PM_002147,1,1,1,1,425
TXN_000103217,2026-03-26 01:53:04,2026-03-26,0,none,0.9210033631062748,high,1,false_positive,426,0.009466666666666667,148.92,mobile,credit_card,electronics,low,digital_native,DE,US,EUR,1,1,1,1,0,1,0,0,0,0,0,0,0.0236764705882352,0.0643478260869565,0.0261818181818181,11.172391618884305,0.6193752317839478,1,4,CUST_007860,MERCH_000218,DEV_000592,PM_000560,1,1,1,1,426
TXN_000040489,2026-03-23 05:41:28,2026-03-23,1,merchant_collusion,0.9207152255176064,high,1,true_positive,427,0.009488888888888889,496.18,web,credit_card,digital_services,high,affluent,PT,PT,EUR,0,1,0,1,0,0,0,0,0,0,0,0,0.2222073578595317,0.0212173913043478,0.0265217391304347,1.870586510468664,4.902250830503019,2,5,CUST_003313,MERCH_000566,DEV_003397,PM_004413,1,1,1,1,427
TXN_000176035,2026-03-22 20:32:50,2026-03-22,0,none,0.9206940130029388,high,1,false_positive,428,0.00951111111111111,75.16,web,debit_card,marketplace,high,mass,IT,GB,EUR,1,0,1,1,0,0,0,1,0,0,0,1,0.0283221476510067,0.0056410256410256,0.0093617021276595,1.4477201468180505,0.6037001862719293,3,3,CUST_003976,MERCH_000749,DEV_002856,PM_000454,1,1,1,1,428
TXN_000023656,2026-03-19 01:36:41,2026-03-19,0,none,0.9205886972543402,high,1,false_positive,429,0.009533333333333333,66.47,web,debit_card,electronics,medium,mass,IT,GB,EUR,1,1,1,1,0,1,0,0,0,1,0,0,0.0276579925650557,0.0102325581395348,0.0122222222222222,1.3713354376843887,0.3755910936668163,1,3,CUST_006015,MERCH_000780,DEV_006267,PM_002326,1,1,1,1,429
TXN_000225263,2026-03-22 04:07:31,2026-03-22,1,account_takeover,0.9205720298168484,high,1,true_positive,430,0.009555555555555555,62.9,web,credit_card,marketplace,medium,digital_native,FR,GB,EUR,1,1,1,1,1,1,0,1,0,1,0,0,0.0299290780141843,0.0688888888888888,0.052235294117647,2.35035941606764,0.4139267963586056,1,3,CUST_008560,MERCH_001000,DEV_007765,PM_009619,1,1,1,1,430
TXN_000105504,2026-03-24 00:44:45,2026-03-24,1,account_takeover,0.920486392537457,high,1,true_positive,431,0.009577777777777777,263.48,mobile,wallet,marketplace,low,digital_native,FR,US,EUR,1,0,1,1,0,0,0,0,0,0,0,0,0.0309508196721311,0.0066666666666666,0.0063768115942028,4.260109064718592,2.869396852642484,1,4,CUST_004558,MERCH_000531,DEV_001241,PM_003996,1,1,1,1,431
TXN_000024733,2026-03-19 20:14:19,2026-03-19,1,stolen_card,0.920406713138078,high,1,true_positive,432,0.0096,106.98,mobile,debit_card,travel,high,mass,PT,PT,EUR,1,0,1,1,0,0,0,0,0,0,0,0,0.0465024630541871,0.0148780487804878,0.0067692307692307,3.719415907765466,0.5003552544951195,5,5,CUST_004420,MERCH_000709,DEV_003412,PM_000917,1,1,1,1,432
TXN_000187368,2026-03-08 05:40:29,2026-03-08,1,account_takeover,0.9202750407364916,high,1,true_positive,433,0.009622222222222223,627.44,mobile,bank_transfer,travel,high,sme,ES,FR,EUR,0,0,1,1,0,1,0,1,0,1,0,0,0.0236170212765957,0.0197260273972602,0.0334883720930232,4.990436012368465,2.2718379810390505,1,5,CUST_006255,MERCH_000928,DEV_003490,PM_006065,1,1,1,1,433
TXN_000020514,2026-03-13 21:58:33,2026-03-13,0,none,0.9202260889302132,high,1,false_positive,434,0.009644444444444445,371.33,mobile,credit_card,electronics,medium,affluent,ES,IT,EUR,1,1,1,1,0,1,0,0,0,0,0,0,0.0286101694915254,0.0313043478260869,0.0208695652173913,3.333618004737362,1.602010943137697,2,5,CUST_006500,MERCH_000872,DEV_006300,PM_003951,1,1,1,1,434
TXN_000050160,2026-03-11 19:04:25,2026-03-11,1,merchant_collusion,0.9202101704374248,high,1,true_positive,435,0.009666666666666667,111.56,web,debit_card,electronics,medium,digital_native,DE,ES,EUR,1,1,0,1,0,0,0,2,0,2,0,1,0.1953741496598639,0.0171428571428571,0.0087999999999999,2.4058446845498755,0.4583438919699282,2,3,CUST_005386,MERCH_000988,DEV_003927,PM_005559,1,1,1,1,435
TXN_000271916,2026-03-22 20:14:41,2026-03-22,1,stolen_card,0.9201934916818674,high,1,true_positive,436,0.00968888888888889,569.92,web,credit_card,marketplace,medium,sme,IT,IT,EUR,1,1,1,1,0,0,0,0,1,1,0,1,0.0273529411764705,0.0047311827956989,0.0241584158415841,3.841657501685174,4.255598108950188,1,5,CUST_006442,MERCH_000182,DEV_000413,PM_008698,1,1,1,1,436
TXN_000267494,2026-03-17 00:13:43,2026-03-17,1,account_takeover,0.9198437868819352,high,1,true_positive,437,0.009711111111111111,275.22,web,debit_card,electronics,medium,affluent,FR,IT,EUR,1,0,1,1,0,0,0,1,0,1,0,2,0.0379116465863453,0.0137142857142857,0.0035772357723577,3.616975871682787,1.6785363304713832,1,4,CUST_000490,MERCH_000972,DEV_001232,PM_008597,1,1,1,1,437
TXN_000039592,2026-03-12 01:19:21,2026-03-12,1,account_takeover,0.9198314074729552,high,1,true_positive,438,0.009733333333333333,190.23,web,debit_card,electronics,low,digital_native,IT,DE,EUR,1,1,1,1,1,1,0,1,0,1,0,2,0.0177599999999999,0.0293975903614457,0.02,4.465043758173222,0.9709249982968332,1,4,CUST_003910,MERCH_000320,DEV_001184,PM_008025,1,1,1,1,438
TXN_000184266,2026-03-24 23:45:35,2026-03-24,1,account_takeover,0.9196165709563332,high,1,true_positive,439,0.009755555555555556,70.83,mobile,debit_card,travel,medium,digital_native,FR,PT,EUR,1,0,1,1,0,0,0,0,0,0,0,0,0.0211428571428571,0.020281690140845,0.0243999999999999,2.8893188268133634,0.1880251650286634,1,3,CUST_001673,MERCH_000365,DEV_007323,PM_010139,1,1,1,1,439
TXN_000074633,2026-03-22 05:57:31,2026-03-22,0,none,0.9194523346928848,high,1,false_positive,440,0.009777777777777778,165.6,mobile,credit_card,electronics,low,sme,DE,ES,EUR,0,1,1,1,0,1,0,0,0,0,0,1,0.0126937269372693,0.0210344827586206,0.0057142857142857,1.6337702516907766,1.6952805278643566,0,4,CUST_002108,MERCH_000659,DEV_006964,PM_006770,1,1,1,1,440
TXN_000181519,2026-03-19 03:36:48,2026-03-19,1,stolen_card,0.9190144499425416,high,1,true_positive,441,0.0098,32.15,mobile,debit_card,electronics,medium,digital_native,IT,GB,EUR,1,1,1,1,0,0,0,1,0,2,0,0,0.0361685823754789,0.0033846153846153,0.0086274509803921,2.3049443757725583,0.1395801256016664,1,2,CUST_005823,MERCH_000245,DEV_004718,PM_006677,1,1,1,1,441
TXN_000226428,2026-03-09 20:48:35,2026-03-09,1,stolen_card,0.918838667538198,high,1,true_positive,442,0.009822222222222222,449.99,web,credit_card,marketplace,low,affluent,IT,PT,EUR,1,1,1,1,0,0,0,2,0,2,0,1,0.0175494071146245,0.0225,0.0028205128205128,12.981023454157784,2.491593980688469,2,2,CUST_008213,MERCH_000992,DEV_001662,PM_006553,1,1,1,1,442
TXN_000276644,2026-03-10 03:52:56,2026-03-10,0,none,0.9183194823713569,high,1,false_positive,443,0.009844444444444444,155.8,web,credit_card,travel,medium,sme,IT,GB,EUR,1,0,1,1,0,0,0,0,0,1,0,0,0.0124489795918367,0.0486274509803921,0.0205714285714285,4.553949845685646,0.9546714870019456,1,4,CUST_004285,MERCH_000737,DEV_002093,PM_008984,1,1,1,1,443
TXN_000051811,2026-03-21 23:27:47,2026-03-21,1,merchant_collusion,0.9182428224255536,high,1,true_positive,444,0.009866666666666666,51.02,mobile,credit_card,digital_services,medium,digital_native,ES,US,EUR,1,1,1,1,1,0,0,0,1,1,0,0,0.1703030303030303,0.0161797752808988,0.0307142857142857,6.790164142214336,0.4488934513595723,0,3,CUST_003496,MERCH_001155,DEV_000267,PM_001697,1,1,1,1,444
TXN_000235140,2026-03-23 19:03:50,2026-03-23,1,stolen_card,0.918016681439507,high,1,true_positive,445,0.009888888888888888,550.54,mobile,credit_card,marketplace,low,sme,FR,DE,EUR,1,1,1,1,0,1,0,1,0,1,0,1,0.0327777777777777,0.0061111111111111,0.0141860465116279,8.52896573685977,3.127305052553534,1,4,CUST_002592,MERCH_000875,DEV_006436,PM_001168,1,1,1,1,445
TXN_000286869,2026-03-23 08:19:45,2026-03-23,1,stolen_card,0.9174619110935892,high,1,true_positive,446,0.009911111111111112,74.99,mobile,credit_card,marketplace,high,mass,DE,DE,EUR,1,1,1,1,0,0,0,0,0,0,0,0,0.0246743295019157,0.0118032786885245,0.045,1.586393587764728,0.7987870960670125,2,3,CUST_000661,MERCH_000725,DEV_007816,PM_011284,1,1,1,1,446
TXN_000298541,2026-03-22 00:46:00,2026-03-22,0,none,0.9171656516959088,high,1,false_positive,447,0.009933333333333334,314.1,web,bank_transfer,electronics,high,sme,FR,IT,EUR,1,1,1,1,0,1,0,0,0,0,0,0,0.0316595744680851,0.0075862068965517,0.0053012048192771,3.0060184290690306,1.629652206207599,1,6,CUST_008045,MERCH_000278,DEV_003554,PM_010026,1,1,1,1,447
TXN_000264672,2026-03-25 21:06:39,2026-03-25,0,none,0.9169181995392124,high,1,false_positive,448,0.009955555555555556,104.14,web,debit_card,marketplace,low,mass,DE,DE,EUR,1,1,1,1,0,0,0,0,0,0,0,0,0.0213953488372093,0.011,0.0169230769230769,1.6405471023222191,0.7130236720718868,3,2,CUST_006925,MERCH_000237,DEV_005045,PM_010330,1,1,1,1,448
TXN_000174999,2026-03-24 06:51:36,2026-03-24,0,none,0.9165826667507936,high,1,false_positive,449,0.009977777777777778,45.09,mobile,wallet,digital_services,high,digital_native,FR,PT,EUR,1,0,1,1,0,0,0,0,0,0,0,0,0.2112786885245901,0.0043564356435643,0.0104761904761904,3.2269376654977457,0.3801636780706057,1,5,CUST_001640,MERCH_000697,DEV_003824,PM_008549,1,1,1,1,449
TXN_000147009,2026-03-24 23:35:30,2026-03-24,0,none,0.9165154778036586,high,1,false_positive,450,0.01,183.24,web,debit_card,electronics,medium,digital_native,DE,IT,EUR,1,0,0,1,0,1,0,0,0,0,0,0,0.1896296296296296,0.0095652173913043,0.0118918918918918,3.5212075831770626,0.7535994019361586,2,4,CUST_004821,MERCH_000988,DEV_001060,PM_011534,1,1,1,1,450
TXN_000016571,2026-03-17 22:19:17,2026-03-17,1,account_takeover,0.9164601100288016,high,1,true_positive,451,0.010022222222222222,181.09,mobile,credit_card,marketplace,low,digital_native,IT,GB,EUR,0,1,1,1,0,1,0,1,0,0,0,1,0.0274538745387453,0.1623076923076923,0.0343661971830985,5.220947847920784,1.5813294016019397,1,5,CUST_005256,MERCH_000420,DEV_007826,PM_007462,0,1,1,1,451
TXN_000078279,2026-03-17 01:18:50,2026-03-17,0,none,0.9157115582877609,high,1,false_positive,452,0.010044444444444444,439.04,web,credit_card,travel,medium,affluent,ES,IT,EUR,1,1,1,1,0,0,0,2,0,2,0,2,0.0259677419354838,0.0293975903614457,0.0443636363636363,3.3532367413531974,2.053022770454523,2,4,CUST_002868,MERCH_001039,DEV_001956,PM_001849,0,1,1,1,452
TXN_000069952,2026-03-19 21:57:18,2026-03-19,0,none,0.9155928701491228,high,1,false_positive,453,0.010066666666666666,200.58,mobile,debit_card,marketplace,medium,sme,ES,IT,EUR,1,1,1,1,0,0,0,3,1,3,0,2,0.015906432748538,0.012,0.0129411764705882,3.853350109566253,1.5337112830676336,2,2,CUST_005744,MERCH_001111,DEV_004326,PM_007959,0,1,1,1,453
TXN_000139392,2026-03-21 06:05:36,2026-03-21,0,none,0.9154726644513884,high,1,false_positive,454,0.010088888888888889,258.93,mobile,debit_card,electronics,medium,sme,IT,PT,EUR,1,1,1,1,0,1,0,2,0,3,0,1,0.0392481203007518,0.0336363636363636,0.0435443037974683,5.398403145204011,1.133384175093042,2,3,CUST_004357,MERCH_000245,DEV_003225,PM_011883,0,1,1,1,454
TXN_000113525,2026-03-17 22:58:04,2026-03-17,1,stolen_card,0.9154008325041936,high,1,true_positive,455,0.01011111111111111,164.55,web,credit_card,travel,medium,digital_native,ES,ES,EUR,1,1,1,1,0,0,0,0,0,1,0,0,0.0226666666666666,0.0563934426229508,0.0477777777777777,18.021482729570348,0.4597564805775398,2,2,CUST_007914,MERCH_000973,DEV_006308,PM_010272,0,1,1,1,455
TXN_000189794,2026-03-10 23:54:37,2026-03-10,0,none,0.9153899533834328,high,1,false_positive,456,0.010133333333333333,123.12,web,credit_card,marketplace,medium,digital_native,IT,PT,EUR,1,1,1,1,0,1,0,2,0,2,0,1,0.0199267399267399,0.08352,0.0471232876712328,9.945495514646488,0.7381644801698645,2,3,CUST_008749,MERCH_000534,DEV_002030,PM_004431,0,1,1,1,456
TXN_000201608,2026-03-16 04:38:23,2026-03-16,0,none,0.91515801013906,high,1,false_positive,457,0.010155555555555555,99.12,mobile,bank_transfer,travel,medium,sme,IT,IT,EUR,0,1,0,1,0,1,1,3,1,6,1,3,0.0256603773584905,0.0527868852459016,0.0409523809523809,2.0382278445973068,0.7292329409817246,1,3,CUST_007396,MERCH_000593,DEV_005747,PM_003300,0,1,1,1,457
TXN_000119941,2026-03-11 21:48:04,2026-03-11,0,none,0.9150304091484196,high,1,false_positive,458,0.010177777777777779,91.32,web,credit_card,digital_services,high,digital_native,FR,PT,EUR,1,1,1,1,0,0,0,0,0,1,1,1,0.0488888888888888,0.0257142857142857,0.0061971830985915,1.1298936658005632,1.4450136349385687,2,2,CUST_002644,MERCH_001175,DEV_000475,PM_006907,0,1,1,1,458
TXN_000297166,2026-03-26 00:49:18,2026-03-26,1,account_takeover,0.9149779126445026,high,1,true_positive,459,0.0102,156.64,web,bank_transfer,marketplace,high,sme,IT,IT,EUR,1,1,1,1,0,1,0,2,0,2,0,2,0.0285057471264367,0.0363934426229508,0.0584946236559139,1.672742396906492,2.959909360702846,1,6,CUST_002656,MERCH_000815,DEV_005514,PM_000738,0,1,1,1,459
TXN_000080942,2026-03-16 23:54:51,2026-03-16,0,none,0.9147678202217612,high,1,false_positive,460,0.010222222222222223,129.15,mobile,credit_card,marketplace,medium,sme,FR,GB,EUR,1,0,1,1,0,1,0,0,0,0,0,0,0.0344525547445255,0.0351219512195121,0.0745205479452054,1.348761820727754,0.7328314363264714,2,2,CUST_002141,MERCH_001186,DEV_004989,PM_010963,0,1,1,1,460
TXN_000026775,2026-03-23 02:51:51,2026-03-23,0,none,0.9146565267347532,high,1,false_positive,461,0.010244444444444445,480.16,web,bank_transfer,marketplace,medium,sme,ES,US,EUR,1,1,1,1,0,0,0,1,0,0,0,0,0.0217543859649122,0.011578947368421,0.0053012048192771,2.8139408158942905,6.436954190286502,1,3,CUST_009234,MERCH_000430,DEV_005426,PM_004977,0,1,1,1,461
TXN_000018726,2026-03-24 22:22:01,2026-03-24,0,none,0.9143936919254592,high,1,false_positive,462,0.010266666666666667,200.41,web,credit_card,electronics,medium,mass,IT,IT,EUR,1,1,1,1,0,0,0,0,0,0,0,0,0.014750830564784,0.0171428571428571,0.007719298245614,3.531673387305766,0.8508916688927919,3,3,CUST_000207,MERCH_000977,DEV_004980,PM_010675,0,1,1,1,462
TXN_000250021,2026-03-14 01:19:00,2026-03-14,0,none,0.9141416146514424,high,1,false_positive,463,0.010288888888888889,390.78,web,credit_card,electronics,low,affluent,DE,PT,EUR,1,0,1,1,0,1,0,0,0,0,0,1,0.0173437499999999,0.0192,0.0142574257425742,4.551864176271144,1.2838603535791555,1,4,CUST_007217,MERCH_001044,DEV_001051,PM_000845,0,1,1,1,463
TXN_000263692,2026-03-18 03:19:39,2026-03-18,1,stolen_card,0.9141059904927316,high,1,true_positive,464,0.010311111111111111,250.19,web,debit_card,travel,medium,digital_native,PT,DE,EUR,1,1,1,1,0,1,0,0,0,0,0,0,0.0022448979591836,0.011578947368421,0.0107317073170731,3.3799647749902437,1.0535659212047852,3,5,CUST_000214,MERCH_000833,DEV_002399,PM_004245,0,1,1,1,464
TXN_000179171,2026-03-11 23:45:32,2026-03-11,1,stolen_card,0.913735668972121,high,1,true_positive,465,0.010333333333333333,554.99,web,debit_card,travel,medium,mass,FR,IT,EUR,0,1,1,1,0,0,0,1,0,1,0,1,0.0342553191489361,0.0169411764705882,0.0922033898305084,17.87273098103202,1.6692226427578976,3,3,CUST_008193,MERCH_000108,DEV_007546,PM_001765,0,1,1,1,465
TXN_000242628,2026-03-09 05:20:48,2026-03-09,1,account_takeover,0.9128561668513884,high,1,true_positive,466,0.010355555555555555,598.48,mobile,wallet,electronics,low,digital_native,ES,DE,EUR,0,1,1,1,0,0,0,1,0,1,0,0,0.0073273273273273,0.0105109489051094,0.0081481481481481,14.44959512666221,4.265186013639544,1,5,CUST_003135,MERCH_000131,DEV_005773,PM_011342,0,1,1,1,466
TXN_000031480,2026-03-21 01:17:38,2026-03-21,0,none,0.912674731686099,high,1,false_positive,467,0.010377777777777777,1038.85,web,credit_card,travel,medium,affluent,ES,FR,EUR,1,1,1,1,0,0,0,1,0,1,0,0,0.0145147679324894,0.015,0.0146666666666666,9.528925227732794,2.785090019518941,1,3,CUST_003944,MERCH_000380,DEV_003592,PM_009011,0,1,1,1,467
TXN_000083027,2026-03-25 02:39:35,2026-03-25,1,stolen_card,0.9126473498339286,high,1,true_positive,468,0.0104,43.6,mobile,debit_card,marketplace,low,mass,IT,IT,EUR,1,1,1,1,0,1,0,0,0,0,0,1,0.0380066445182724,0.0141935483870967,0.0252631578947368,1.1170485323182782,0.3306414091418911,2,3,CUST_007948,MERCH_000919,DEV_006173,PM_001232,0,1,1,1,468
TXN_000253834,2026-03-26 01:37:56,2026-03-26,0,none,0.9126455122236474,high,1,false_positive,469,0.010422222222222222,255.67,mobile,credit_card,electronics,low,sme,FR,US,EUR,1,1,1,1,0,1,0,0,0,1,0,1,0.0160288808664259,0.0309909909909909,0.0327272727272727,2.265515925939276,1.1012084146579773,2,3,CUST_000024,MERCH_000946,DEV_002656,PM_003516,0,1,1,1,469
TXN_000021372,2026-03-21 17:10:22,2026-03-21,0,none,0.9125888961151466,high,1,false_positive,470,0.010444444444444444,58.38,mobile,credit_card,electronics,low,digital_native,ES,DE,EUR,1,1,1,1,0,1,0,0,0,0,0,0,0.0143157894736842,0.0189473684210526,0.0034374999999999,1.0680215540180948,0.2263823408675986,1,4,CUST_002722,MERCH_000743,DEV_000843,PM_003148,0,1,1,1,470
TXN_000147223,2026-03-20 22:12:17,2026-03-20,1,stolen_card,0.9125592920253942,high,1,true_positive,471,0.010466666666666668,184.81,mobile,credit_card,travel,high,digital_native,PT,GB,EUR,1,0,1,1,0,1,0,0,0,0,0,0,0.0231249999999999,0.0435443037974683,0.0358333333333333,5.72908253179608,0.4481591639146048,1,6,CUST_008827,MERCH_000187,DEV_001052,PM_009965,0,1,1,1,471
TXN_000065665,2026-03-24 19:46:24,2026-03-24,0,none,0.9123928655177502,high,1,false_positive,472,0.01048888888888889,27.42,web,credit_card,marketplace,low,mass,DE,IT,EUR,0,1,1,1,0,1,0,0,0,0,0,0,0.0049484536082474,0.0068749999999999,0.0184615384615384,1.402035978245712,0.1609313496708635,2,2,CUST_005523,MERCH_000390,DEV_000159,PM_002250,0,1,1,1,472
TXN_000036684,2026-03-26 01:56:44,2026-03-26,0,none,0.9121900566244022,high,1,false_positive,473,0.010511111111111112,87.64,mobile,wallet,travel,medium,digital_native,ES,US,EUR,0,0,1,1,0,1,0,0,0,0,0,0,0.0266246056782334,0.0157142857142857,0.0081481481481481,1.2324982038857213,0.2333531432022221,1,5,CUST_000563,MERCH_000699,DEV_005968,PM_004584,0,1,1,1,473
TXN_000175255,2026-03-25 20:10:12,2026-03-25,0,none,0.911942013863672,high,1,false_positive,474,0.010533333333333334,118.74,web,credit_card,marketplace,high,mass,FR,GB,EUR,1,0,1,1,0,1,0,0,0,0,0,0,0.0090706319702602,0.1399999999999999,0.1236363636363636,3.94648940589946,0.6187817853809222,2,4,CUST_009340,MERCH_000473,DEV_000682,PM_002479,0,1,1,1,474
TXN_000066355,2026-03-15 04:06:39,2026-03-15,0,none,0.9118253178464104,high,1,false_positive,475,0.010555555555555556,406.1,mobile,wallet,electronics,high,digital_native,ES,US,EUR,1,1,1,1,0,1,0,0,0,0,0,0,0.0160471976401179,0.0194594594594594,0.0497959183673469,12.768321120708478,1.4496011820078605,1,6,CUST_002107,MERCH_000270,DEV_002185,PM_009287,0,1,1,1,475
TXN_000050370,2026-03-22 00:27:26,2026-03-22,0,none,0.9117796486911176,high,1,false_positive,476,0.010577777777777778,283.1,mobile,credit_card,electronics,low,sme,DE,ES,EUR,1,0,0,1,0,1,0,1,1,2,0,0,0.0216835016835016,0.0347474747474747,0.0073333333333333,2.922212890542525,1.9444688960406025,1,6,CUST_006885,MERCH_000436,DEV_004375,PM_009016,0,1,1,1,476
TXN_000222256,2026-03-18 03:22:53,2026-03-18,0,none,0.9117301306644784,high,1,false_positive,477,0.0106,177.55,mobile,debit_card,travel,medium,mass,FR,US,EUR,1,1,1,1,0,1,0,0,0,0,0,0,0.0370149253731343,0.0102325581395348,0.026060606060606,5.093987758745271,0.555080751847258,2,4,CUST_004505,MERCH_000184,DEV_002941,PM_003153,0,1,1,1,477
TXN_000109339,2026-03-09 03:39:24,2026-03-09,1,stolen_card,0.9117275620746668,high,1,true_positive,478,0.010622222222222222,566.94,mobile,credit_card,electronics,low,affluent,DE,US,EUR,1,1,1,1,0,0,0,1,0,2,0,1,0.0231489361702127,0.031048951048951,0.0095652173913043,3.6304219291299087,2.322629806549936,1,3,CUST_002271,MERCH_000218,DEV_002184,PM_004646,0,1,1,1,478
TXN_000115938,2026-03-16 01:01:38,2026-03-16,0,none,0.9116240152815802,high,1,false_positive,479,0.010644444444444444,70.1,mobile,debit_card,travel,high,digital_native,ES,FR,EUR,1,1,1,1,0,1,0,1,0,1,1,1,0.029953488372093,0.0102325581395348,0.0081481481481481,1.3470675157209782,0.2435618996812553,1,4,CUST_004821,MERCH_000290,DEV_001060,PM_003130,0,1,1,1,479
TXN_000165248,2026-03-18 00:54:40,2026-03-18,1,merchant_collusion,0.911295033710016,high,1,true_positive,480,0.010666666666666666,99.52,mobile,credit_card,digital_services,high,sme,FR,US,EUR,1,1,1,1,1,0,0,1,0,1,0,2,0.2085614035087719,0.0064705882352941,0.0134579439252336,1.2541559366610049,1.0367632519224472,2,4,CUST_001518,MERCH_000324,DEV_000402,PM_007170,0,1,1,1,480
TXN_000044271,2026-03-14 05:17:48,2026-03-14,0,none,0.9109742022088568,high,1,false_positive,481,0.010688888888888888,135.62,mobile,credit_card,marketplace,medium,digital_native,DE,FR,EUR,1,0,1,1,0,0,0,0,0,0,0,0,0.0277586206896551,0.0097777777777777,0.0625352112676056,3.204871497818431,0.7781545210272534,1,3,CUST_003566,MERCH_000208,DEV_003001,PM_008812,0,1,1,1,481
TXN_000073420,2026-03-21 01:57:12,2026-03-21,1,account_takeover,0.9108414494210724,high,1,true_positive,482,0.01071111111111111,911.33,web,bank_transfer,electronics,medium,sme,FR,IT,EUR,0,1,1,1,0,1,0,0,0,0,0,0,0.0341700404858299,0.0981395348837209,0.0498876404494382,7.928639932528354,3.311035520119233,1,6,CUST_000023,MERCH_000488,DEV_005320,PM_002280,0,1,1,1,482
TXN_000294853,2026-03-22 02:08:57,2026-03-22,0,none,0.9104881777053628,high,1,false_positive,483,0.010733333333333333,63.12,mobile,credit_card,electronics,low,digital_native,DE,GB,EUR,1,0,1,1,0,0,0,0,0,0,0,0,0.0253061224489795,0.007719298245614,0.0061971830985915,1.108968102135634,0.2572825831796866,2,3,CUST_002653,MERCH_000568,DEV_003149,PM_002958,0,1,1,1,483
TXN_000083848,2026-03-13 17:23:47,2026-03-13,0,none,0.9102694298690348,high,1,false_positive,484,0.010755555555555556,217.15,web,credit_card,electronics,medium,sme,IT,IT,EUR,1,1,1,1,0,1,0,1,0,0,0,0,0.0279999999999999,0.0048351648351648,0.0041121495327102,3.867695922888104,1.27196543714982,2,4,CUST_008264,MERCH_000989,DEV_003108,PM_003318,0,1,1,1,484
TXN_000012047,2026-03-16 23:06:34,2026-03-16,0,none,0.910263843477311,high,1,false_positive,485,0.010777777777777778,371.5,web,credit_card,travel,high,affluent,ES,PT,EUR,0,1,1,1,0,0,0,0,1,1,0,0,0.0414035087719298,0.0236065573770491,0.0534939759036144,2.8175028440472856,2.762684171198324,1,3,CUST_003517,MERCH_000292,DEV_006562,PM_010702,0,1,1,1,485
TXN_000172450,2026-03-17 23:17:29,2026-03-17,1,stolen_card,0.9098996749636988,high,1,true_positive,486,0.0108,281.55,mobile,credit_card,digital_services,medium,digital_native,ES,DE,EUR,0,0,1,1,0,0,0,0,0,0,0,0,0.0260493827160493,0.0677777777777777,0.0947058823529411,6.354024441159544,3.164270237237456,1,2,CUST_003782,MERCH_000672,DEV_005148,PM_003701,0,1,1,1,486
TXN_000148965,2026-03-21 04:33:40,2026-03-21,0,none,0.9098376752793016,high,1,false_positive,487,0.010822222222222223,103.97,mobile,credit_card,travel,high,affluent,ES,ES,EUR,1,1,1,1,0,0,0,0,0,0,0,0,0.0420588235294117,0.0051764705882352,0.0075862068965517,0.9676506666617029,0.3528731540633132,2,3,CUST_009274,MERCH_000542,DEV_000452,PM_001041,0,1,1,1,487
TXN_000183998,2026-03-18 22:49:42,2026-03-18,1,stolen_card,0.909564757714803,high,1,true_positive,488,0.010844444444444445,543.97,web,credit_card,travel,medium,affluent,ES,FR,EUR,0,1,1,1,0,0,0,2,0,2,0,0,0.0256573705179282,0.0125217391304347,0.0104761904761904,4.906422935485023,2.5216620962231384,2,4,CUST_002401,MERCH_001039,DEV_004021,PM_011851,0,1,1,1,488
TXN_000147486,2026-03-19 08:22:25,2026-03-19,1,stolen_card,0.9094457844860072,high,1,true_positive,489,0.010866666666666667,309.49,web,debit_card,marketplace,low,mass,ES,DE,EUR,1,1,1,1,0,0,0,0,0,0,0,0,0.0261495844875346,0.0122222222222222,0.0162962962962962,1.435160639621606,4.189509482917411,3,2,CUST_004190,MERCH_000945,DEV_000035,PM_003867,0,1,1,1,489
TXN_000129681,2026-03-10 22:02:42,2026-03-10,0,none,0.9088962785675888,high,1,false_positive,490,0.010888888888888889,102.48,web,credit_card,travel,high,digital_native,FR,US,EUR,1,1,1,1,0,0,0,1,0,0,0,0,0.040655737704918,0.0183333333333333,0.0099999999999999,1.5256224938170817,0.3788971990726407,2,3,CUST_003820,MERCH_000402,DEV_001534,PM_008969,0,1,1,1,490
TXN_000249871,2026-03-15 00:47:23,2026-03-15,1,account_takeover,0.908640935340713,high,1,true_positive,491,0.010911111111111111,763.68,mobile,credit_card,marketplace,low,sme,DE,ES,EUR,1,1,0,1,0,0,0,2,1,4,0,3,0.0213333333333333,0.0346496815286624,0.034059405940594,10.10388731284961,5.077278893473639,2,5,CUST_003042,MERCH_000128,DEV_007994,PM_001379,0,1,1,1,491
TXN_000221281,2026-03-10 23:07:45,2026-03-10,1,account_takeover,0.9084310717159304,high,1,true_positive,492,0.010933333333333333,355.3,mobile,wallet,electronics,low,digital_native,ES,FR,EUR,1,0,1,1,0,1,0,1,0,1,0,1,0.0135779816513761,0.0324528301886792,0.0061111111111111,18.61756633119854,1.573136948471617,1,4,CUST_006009,MERCH_001157,DEV_006506,PM_010736,0,1,1,1,492
TXN_000068901,2026-03-22 00:06:27,2026-03-22,1,stolen_card,0.9083329088508724,high,1,true_positive,493,0.010955555555555555,74.79,web,credit_card,marketplace,medium,digital_native,FR,PT,EUR,1,1,1,1,0,0,0,0,0,0,0,0,0.0301428571428571,0.0508333333333333,0.0266666666666666,1.3303144281188044,0.5949542067552609,2,2,CUST_002452,MERCH_000630,DEV_003084,PM_008928,0,1,1,1,493
TXN_000259141,2026-03-13 00:01:31,2026-03-13,1,account_takeover,0.9073607455196152,high,1,true_positive,494,0.010977777777777777,280.79,mobile,credit_card,marketplace,low,affluent,IT,PT,EUR,1,1,1,1,0,0,0,1,0,1,0,1,0.0264768683274021,0.0089795918367346,0.0081481481481481,3.80117033122994,2.023651919297128,2,4,CUST_007429,MERCH_001112,DEV_000476,PM_002262,0,1,1,1,494
TXN_000145197,2026-03-14 01:18:12,2026-03-14,1,stolen_card,0.9072527637245568,high,1,true_positive,495,0.011,291.62,web,debit_card,travel,high,digital_native,PT,US,EUR,0,0,1,1,0,1,0,0,0,0,0,0,0.0305617977528089,0.0389189189189189,0.0293877551020408,4.109282865071107,1.2117672708413711,1,5,CUST_008301,MERCH_000275,DEV_002495,PM_004067,0,1,1,1,495
TXN_000023184,2026-03-08 17:02:01,2026-03-08,0,none,0.9070933468950528,high,1,false_positive,496,0.011022222222222221,270.75,mobile,bank_transfer,marketplace,medium,sme,IT,GB,EUR,1,1,1,1,0,1,0,0,0,1,0,0,0.1935099337748344,0.0037931034482758,0.0133333333333333,2.628327880522776,1.4177709031218202,2,3,CUST_005264,MERCH_000500,DEV_005303,PM_008766,0,1,1,1,496
TXN_000278633,2026-03-12 00:06:15,2026-03-12,0,none,0.9069058637910498,high,1,false_positive,497,0.011044444444444445,242.38,web,credit_card,marketplace,high,affluent,IT,FR,EUR,0,1,1,1,0,0,0,0,0,0,0,0,0.0190877192982456,0.0067692307692307,0.0089795918367346,1.5391377972200662,3.048032443657333,2,4,CUST_007432,MERCH_000336,DEV_000191,PM_005889,0,1,1,1,497
TXN_000151029,2026-03-18 04:00:45,2026-03-18,1,account_takeover,0.9064253740015494,high,1,true_positive,498,0.011066666666666667,123.83,mobile,credit_card,travel,high,digital_native,ES,PT,EUR,1,1,1,1,1,1,0,1,0,1,0,0,0.0392481203007518,0.0451851851851851,0.0102325581395348,3.5526456002295177,0.4187748947707475,2,6,CUST_002604,MERCH_000542,DEV_006047,PM_004121,0,1,1,1,498
TXN_000198873,2026-03-14 21:52:12,2026-03-14,0,none,0.9063836498706108,high,1,false_positive,499,0.01108888888888889,592.93,web,credit_card,travel,high,digital_native,DE,GB,EUR,1,0,1,1,0,1,0,1,0,0,0,1,0.036590909090909,0.0062857142857142,0.0057894736842105,87.75363999999999,1.4809994580171433,2,5,CUST_003305,MERCH_000824,DEV_001257,PM_011187,0,1,1,1,499
TXN_000083498,2026-03-17 04:35:38,2026-03-17,0,none,0.9057508944824424,high,1,false_positive,500,0.011111111111111112,428.72,web,credit_card,electronics,low,affluent,IT,GB,EUR,1,1,1,1,0,0,0,0,0,3,0,0,0.0245801526717557,0.0105882352941176,0.0236065573770491,14.223773701937988,2.129746089692587,1,3,CUST_008622,MERCH_001045,DEV_002366,PM_004251,0,1,1,1,500
TXN_000287018,2026-03-18 08:42:03,2026-03-18,0,none,0.9052806221851007,high,1,false_positive,501,0.011133333333333334,663.92,mobile,credit_card,marketplace,low,affluent,IT,US,EUR,1,1,1,1,0,0,0,0,0,1,0,1,0.0169465648854961,0.0287058823529411,0.0319424460431654,5.0707929512555,3.710836394543289,1,3,CUST_002868,MERCH_000594,DEV_001956,PM_005436,0,1,1,1,501
TXN_000066740,2026-03-14 04:06:04,2026-03-14,0,none,0.9051657155965108,high,1,false_positive,502,0.011155555555555556,164.88,mobile,debit_card,electronics,high,digital_native,ES,FR,EUR,1,1,1,1,0,0,0,0,0,1,0,0,0.0099135446685878,0.0411111111111111,0.0965217391304347,2.6516115926327197,0.5603665784061472,1,4,CUST_000055,MERCH_000868,DEV_007137,PM_010268,0,1,1,1,502
TXN_000238771,2026-03-23 02:41:05,2026-03-23,1,stolen_card,0.9051181636117868,high,1,true_positive,503,0.011177777777777778,148.26,web,debit_card,marketplace,medium,digital_native,FR,US,EUR,1,1,1,1,0,0,0,0,0,0,0,0,0.0157446808510638,0.012,0.0156521739130434,3.581836516039578,1.3481208307347274,2,3,CUST_009210,MERCH_000912,DEV_000207,PM_006435,0,1,1,1,503
TXN_000011994,2026-03-24 20:31:01,2026-03-24,0,none,0.9050776353783292,high,1,false_positive,504,0.0112,370.04,web,credit_card,gaming,low,affluent,ES,IT,EUR,1,1,0,1,0,1,0,0,0,0,0,0,0.0254545454545454,0.0051162790697674,0.0079999999999999,5.771261982172208,7.322757631966952,2,5,CUST_004810,MERCH_000490,DEV_007218,PM_005140,0,1,1,1,504
TXN_000052793,2026-03-09 23:49:26,2026-03-09,0,none,0.9050653897657024,high,1,false_positive,505,0.011222222222222222,246.13,mobile,credit_card,digital_services,medium,affluent,FR,US,EUR,1,1,1,1,0,0,0,1,0,1,0,1,0.0435,0.043,0.0312727272727272,2.3931258279755467,2.979150906284988,1,1,CUST_000244,MERCH_000496,DEV_001946,PM_002454,0,1,1,1,505
TXN_000256510,2026-03-12 20:44:24,2026-03-12,0,none,0.9050640090648452,high,1,false_positive,506,0.011244444444444444,381.87,mobile,credit_card,electronics,low,sme,IT,DE,EUR,1,1,0,1,0,1,0,1,0,2,0,1,0.0173437499999999,0.0513103448275862,0.0107317073170731,4.558924632561947,3.5157537557195506,1,5,CUST_002974,MERCH_001058,DEV_005381,PM_007846,0,1,1,1,506
TXN_000049550,2026-03-10 01:31:29,2026-03-10,0,none,0.9049627229628008,high,1,false_positive,507,0.011266666666666666,106.28,mobile,credit_card,marketplace,medium,digital_native,IT,GB,EUR,1,1,1,1,0,0,0,3,1,2,0,1,0.0334920634920634,0.0358333333333333,0.0133333333333333,2.0264027601234798,1.3195002405468308,1,2,CUST_002275,MERCH_000555,DEV_002176,PM_001430,0,1,1,1,507
TXN_000294786,2026-03-15 23:29:34,2026-03-15,1,stolen_card,0.9046874732645748,high,1,true_positive,508,0.011288888888888888,108.61,mobile,credit_card,travel,medium,affluent,FR,IT,EUR,1,1,1,1,0,1,0,2,0,1,0,1,0.0430612244897959,0.0423529411764705,0.0257142857142857,0.8826146223818387,0.3266011870529287,1,4,CUST_009246,MERCH_000108,DEV_006105,PM_003508,0,1,1,1,508
TXN_000236693,2026-03-23 06:59:54,2026-03-23,0,none,0.9046050772085262,high,1,false_positive,509,0.01131111111111111,56.64,web,credit_card,marketplace,high,affluent,DE,GB,EUR,1,1,1,1,0,0,0,1,0,1,0,3,0.263834808259587,0.0268131868131868,0.0171830985915492,0.8759967005773989,0.3895980736758191,1,2,CUST_004227,MERCH_000487,DEV_000057,PM_009162,0,1,1,1,509
TXN_000042871,2026-03-25 20:26:41,2026-03-25,0,none,0.9042161628367024,high,1,false_positive,510,0.011333333333333334,91.72,mobile,credit_card,marketplace,high,mass,DE,FR,EUR,1,1,1,1,0,0,0,0,0,0,0,0,0.0538805970149253,0.1654901960784313,0.1834782608695652,4.0319109099493655,0.4871137326671036,1,3,CUST_006062,MERCH_000481,DEV_003375,PM_002126,0,1,1,1,510
TXN_000206575,2026-03-12 00:26:32,2026-03-12,1,account_takeover,0.9042109012470944,high,1,true_positive,511,0.011355555555555556,185.51,mobile,credit_card,electronics,low,digital_native,FR,IT,EUR,1,1,1,1,0,1,0,0,0,0,0,0,0.0237554585152838,0.1324770642201835,0.0546031746031746,3.1193879266857243,0.9185408284960096,1,5,CUST_001677,MERCH_000434,DEV_005332,PM_006663,0,1,1,1,511
TXN_000031025,2026-03-14 00:48:34,2026-03-14,0,none,0.9038186555086256,high,1,false_positive,512,0.011377777777777778,433.6,web,debit_card,gaming,medium,sme,PT,IT,EUR,1,1,1,1,1,0,0,1,0,0,0,1,0.0415642458100558,0.0086274509803921,0.0083018867924528,3.3697153909919866,5.317286905229255,2,5,CUST_004763,MERCH_000591,DEV_004464,PM_010369,0,1,1,1,512
TXN_000173219,2026-03-22 00:32:55,2026-03-22,1,account_takeover,0.9037003825423756,high,1,true_positive,513,0.0114,220.95,web,bank_transfer,travel,medium,sme,DE,GB,EUR,1,1,1,1,0,1,0,0,0,0,0,0,0.0294063926940639,0.1037362637362637,0.076701030927835,2.1392348090947864,0.7337684639292522,1,4,CUST_001774,MERCH_000747,DEV_003919,PM_004280,0,1,1,1,513
TXN_000039980,2026-03-17 02:32:31,2026-03-17,0,none,0.9034779994232044,high,1,false_positive,514,0.011422222222222222,239.93,web,credit_card,electronics,medium,affluent,ES,DE,EUR,1,1,1,1,0,0,1,1,1,1,1,1,0.0174919614147909,0.0309909909909909,0.0306382978723404,1.2664301731292864,0.6653140828927423,1,2,CUST_004665,MERCH_000149,DEV_003787,PM_011922,0,1,1,1,514
TXN_000255233,2026-03-17 03:03:17,2026-03-17,0,none,0.9030777379275068,high,1,false_positive,515,0.011444444444444445,162.94,web,debit_card,electronics,medium,mass,IT,DE,EUR,1,1,1,1,0,0,0,0,0,0,0,0,0.0122857142857142,0.0169411764705882,0.0065671641791044,4.716227481128144,0.7119153103702314,2,3,CUST_001659,MERCH_000977,DEV_004873,PM_006179,0,1,1,1,515
TXN_000084858,2026-03-22 22:06:47,2026-03-22,0,none,0.9030720456506762,high,1,false_positive,516,0.011466666666666667,258.3,mobile,credit_card,electronics,low,sme,ES,PT,EUR,1,1,1,1,0,1,0,0,0,0,0,0,0.0146236559139784,0.0061971830985915,0.0142690058479532,4.001583626677224,1.1425944606256084,1,4,CUST_002592,MERCH_001037,DEV_006436,PM_001168,0,1,1,1,516
TXN_000136590,2026-03-12 22:06:53,2026-03-12,1,account_takeover,0.902427710058995,high,1,true_positive,517,0.011488888888888889,49.12,web,credit_card,travel,low,sme,ES,GB,EUR,0,0,1,1,0,1,0,0,0,0,0,0,0.014453781512605,0.0707692307692307,0.0386086956521739,0.6286975516519523,0.1638434391307308,1,2,CUST_008621,MERCH_000032,DEV_006875,PM_005552,0,1,1,1,517
TXN_000228711,2026-03-17 23:42:07,2026-03-17,0,none,0.902408611605207,high,1,false_positive,518,0.01151111111111111,957.12,mobile,credit_card,electronics,medium,affluent,DE,ES,EUR,1,1,0,1,1,1,0,0,0,0,0,0,0.0304918032786885,0.117090909090909,0.1057142857142857,6.63788913387101,6.021683634420024,2,4,CUST_007956,MERCH_000022,DEV_003024,PM_003952,0,1,1,1,518
TXN_000089767,2026-03-08 22:20:07,2026-03-08,0,none,0.90208556126448,high,1,false_positive,519,0.011533333333333333,280.44,web,wallet,marketplace,medium,sme,ES,ES,EUR,0,1,0,1,0,1,0,1,0,0,0,0,0.1576079734219269,0.0514285714285714,0.0079999999999999,15.4242,1.6882488312416155,1,5,CUST_009056,MERCH_000819,DEV_004283,PM_002876,0,1,1,1,519
TXN_000271109,2026-03-15 23:19:03,2026-03-15,0,none,0.9018157706665756,high,1,false_positive,520,0.011555555555555555,203.46,web,credit_card,electronics,medium,affluent,DE,US,EUR,1,0,1,1,0,0,0,0,0,0,0,0,0.1921230769230769,0.0162962962962962,0.0313043478260869,0.7703204499054931,1.5476094282140145,3,2,CUST_007844,MERCH_000066,DEV_000287,PM_011451,0,1,1,1,520
TXN_000010525,2026-03-08 05:33:46,2026-03-08,1,stolen_card,0.9014431580126064,high,1,true_positive,521,0.011577777777777777,259.14,web,credit_card,digital_services,high,mass,PT,FR,EUR,0,1,1,1,0,0,0,0,0,0,0,0,0.0782857142857142,0.0389189189189189,0.0389189189189189,16.239519773079586,2.733998148704454,1,4,CUST_002419,MERCH_000975,DEV_003073,PM_005639,0,1,1,1,521
TXN_000166361,2026-03-18 20:15:39,2026-03-18,0,none,0.9013935883977422,high,1,false_positive,522,0.0116,168.44,mobile,credit_card,marketplace,medium,digital_native,ES,DE,EUR,1,1,0,1,0,0,0,0,0,0,0,0,0.1664864864864864,0.0107317073170731,0.024,1.89201484304483,1.0197912745698428,1,1,CUST_003045,MERCH_000819,DEV_000654,PM_008130,0,1,1,1,522
TXN_000064213,2026-03-09 20:17:49,2026-03-09,0,none,0.9013172583502006,high,1,false_positive,523,0.011622222222222223,46.66,web,debit_card,digital_services,high,mass,IT,DE,EUR,1,1,1,1,0,0,0,0,0,0,0,0,0.2414760147601476,0.0542222222222222,0.036,0.858553539483772,0.5296603960628882,1,2,CUST_002810,MERCH_000345,DEV_006561,PM_004600,0,1,1,1,523
TXN_000271794,2026-03-25 02:19:51,2026-03-25,1,account_takeover,0.9012636205013164,high,1,true_positive,524,0.011644444444444445,234.8,mobile,credit_card,electronics,medium,digital_native,FR,US,EUR,1,1,1,1,0,0,0,0,0,0,0,0,0.0089377289377289,0.0225,0.0343661971830985,3.481590341437053,1.298255636448909,1,4,CUST_002753,MERCH_000079,DEV_005496,PM_006246,0,1,1,1,524
TXN_000073738,2026-03-09 04:31:20,2026-03-09,0,none,0.901179171600072,high,1,false_positive,525,0.011666666666666667,133.07,web,credit_card,travel,high,affluent,ES,IT,EUR,1,1,1,1,0,0,0,0,0,0,0,1,0.0336651583710407,0.0879166666666666,0.0573333333333333,1.37598232750517,0.3765498483428935,1,4,CUST_005000,MERCH_000093,DEV_002820,PM_007873,0,1,1,1,525
TXN_000240842,2026-03-10 08:36:45,2026-03-10,1,stolen_card,0.9011700226432926,high,1,true_positive,526,0.01168888888888889,465.51,web,debit_card,electronics,medium,digital_native,IT,FR,EUR,1,1,1,1,0,0,0,0,0,0,0,0,0.0192207792207792,0.0056410256410256,0.0084615384615384,8.016014464677772,1.4676609897796906,2,2,CUST_001087,MERCH_001048,DEV_007416,PM_001812,0,1,1,1,526
TXN_000262079,2026-03-13 03:56:01,2026-03-13,1,account_takeover,0.901165200084776,high,1,true_positive,527,0.011711111111111111,120.64,mobile,debit_card,marketplace,medium,digital_native,ES,DE,EUR,1,1,1,1,1,0,0,0,0,0,0,0,0.0186666666666666,0.032,0.08,2.3192285310499625,2.152814230273373,1,3,CUST_009268,MERCH_001153,DEV_000494,PM_004738,0,1,1,1,527
TXN_000264784,2026-03-24 00:34:29,2026-03-24,0,none,0.9010778021936,high,1,false_positive,528,0.011733333333333333,262.89,web,debit_card,marketplace,medium,sme,IT,ES,EUR,1,1,0,1,1,1,0,1,0,1,0,1,0.2013134328358209,0.0232380952380952,0.0244067796610169,2.688288125094955,1.3971516178950727,1,4,CUST_009730,MERCH_000500,DEV_003905,PM_010703,0,1,1,1,528
TXN_000179489,2026-03-19 22:19:54,2026-03-19,0,none,0.9010064413319132,high,1,false_positive,529,0.011755555555555556,274.56,mobile,credit_card,electronics,high,sme,IT,DE,EUR,1,1,1,1,0,0,0,1,0,1,0,1,0.031931330472103,0.0049438202247191,0.0107317073170731,2.230361671976966,2.8045871836815737,1,3,CUST_007680,MERCH_001056,DEV_001224,PM_010403,0,1,1,1,529
TXN_000186741,2026-03-17 05:47:31,2026-03-17,0,none,0.9007666206649212,high,1,false_positive,530,0.011777777777777778,572.1,mobile,debit_card,travel,medium,affluent,ES,IT,EUR,0,1,1,1,0,1,0,0,1,1,0,2,0.0286101694915254,0.0268131868131868,0.0236065573770491,6.598875810226865,1.509862583335029,1,5,CUST_004848,MERCH_000699,DEV_000800,PM_002848,0,1,1,1,530
TXN_000086735,2026-03-24 23:55:46,2026-03-24,0,none,0.900754011093474,high,1,false_positive,531,0.0118,74.49,mobile,credit_card,marketplace,medium,mass,IT,ES,EUR,1,1,0,1,0,0,0,0,0,0,0,0,0.1632967032967033,0.0811940298507462,0.155,1.693227129367417,0.7616458014241607,1,2,CUST_004580,MERCH_000614,DEV_004970,PM_002230,0,1,1,1,531
TXN_000290807,2026-03-21 01:49:05,2026-03-21,0,none,0.9004779425257848,high,1,false_positive,532,0.011822222222222222,301.16,mobile,bank_transfer,electronics,medium,digital_native,FR,PT,EUR,1,0,1,1,0,1,0,1,0,1,0,0,0.006127659574468,0.0973195876288659,0.0102325581395348,6.683084672112959,1.16407601172177,1,5,CUST_000064,MERCH_000663,DEV_004047,PM_007710,0,1,1,1,532
TXN_000078609,2026-03-19 00:49:05,2026-03-19,1,stolen_card,0.9002843070788559,high,1,true_positive,533,0.011844444444444444,431.6,web,credit_card,electronics,medium,mass,ES,GB,EUR,0,1,1,1,0,0,0,0,0,0,0,0,0.0196341463414634,0.0248275862068965,0.0288,6.144209552281301,1.7021919565473214,2,3,CUST_002677,MERCH_000067,DEV_003879,PM_007182,0,1,1,1,533
TXN_000089246,2026-03-25 01:12:05,2026-03-25,0,none,0.9002359956427481,high,1,false_positive,534,0.011866666666666666,64.56,web,credit_card,travel,high,digital_native,IT,DE,EUR,1,1,1,1,0,0,0,0,0,0,0,0,0.0198214285714285,0.1455172413793103,0.0129411764705882,0.8033097956263416,0.2645066819356074,3,4,CUST_005579,MERCH_001103,DEV_005962,PM_004332,0,1,1,1,534
TXN_000094767,2026-03-17 22:18:48,2026-03-17,0,none,0.8995667814395052,medium,1,false_positive,535,0.011888888888888888,203.42,web,credit_card,travel,medium,sme,ES,IT,EUR,1,1,1,1,0,0,0,0,0,0,0,0,0.0172093023255813,0.0538613861386138,0.0146938775510204,3.166562889165629,1.165668629995129,2,3,CUST_000340,MERCH_000338,DEV_005349,PM_005417,0,1,1,1,535
TXN_000063696,2026-03-19 21:25:26,2026-03-19,0,none,0.899415539996237,medium,1,false_positive,536,0.011911111111111112,1303.96,web,credit_card,electronics,medium,sme,ES,GB,EUR,0,1,1,1,0,0,0,0,0,2,0,0,0.0137461300309597,0.0082285714285714,0.0037931034482758,19.63087949651968,5.29899042868725,1,4,CUST_009013,MERCH_000681,DEV_006849,PM_005355,0,1,1,1,536
TXN_000251713,2026-03-25 22:40:30,2026-03-25,1,stolen_card,0.8991670644829853,medium,1,true_positive,537,0.011933333333333334,18.42,web,credit_card,marketplace,low,digital_native,IT,ES,EUR,1,1,1,1,0,0,0,0,0,0,0,0,0.0224390243902439,0.004313725490196,0.018,0.9510105173749034,0.1262998135602796,2,2,CUST_003716,MERCH_000354,DEV_006936,PM_005592,0,1,1,1,537
TXN_000129184,2026-03-11 01:31:22,2026-03-11,0,none,0.899038839851976,medium,1,false_positive,538,0.011955555555555556,211.69,web,debit_card,electronics,low,mass,IT,PT,EUR,1,1,1,1,0,0,0,0,0,0,0,1,0.0133852140077821,0.0112820512820512,0.0057894736842105,5.019543486128618,1.0128333941995966,2,3,CUST_005006,MERCH_000507,DEV_007426,PM_004815,0,1,1,1,538
