transaction_id,transaction_ts,transaction_date,transaction_status,fraud_label,fraud_type,fraud_case_id,fraud_pattern_strength,customer_id,merchant_id,device_id,payment_method_id,customer_segment,home_country,home_city,merchant_category,merchant_country,merchant_risk_level,device_type,os_family,browser_family,payment_type,issuer_country,channel,ip_country,transaction_country,amount,currency,transaction_hour,day_of_week,is_weekend,is_night_txn,is_cross_border,issuer_country_mismatch,ip_country_mismatch,geo_mismatch_any_flag,card_present_flag,prepaid_flag,virtual_card_flag,account_age_days,device_trust_score,shared_device_flag,num_customers_seen_last_30d,customer_tenure_days,usual_device_count,historical_chargeback_count,historical_fraud_flag_count,merchant_age_days,merchant_chargeback_rate,merchant_is_high_risk_flag,customer_has_chargeback_history_flag,customer_has_fraud_history_flag,customer_chargeback_history_intensity,customer_fraud_history_intensity,customer_expected_ticket,avg_ticket_size,amount_to_customer_expected_ratio,amount_to_merchant_ticket_ratio,amount_minus_customer_expected,amount_minus_merchant_ticket,high_amount_vs_customer_flag,high_amount_vs_merchant_flag,channel_differs_from_usual,low_trust_device_flag,very_low_trust_device_flag,shared_or_low_trust_device_flag,virtual_or_prepaid_flag,customer_txn_count_prior,merchant_txn_count_prior,device_txn_count_prior,payment_method_txn_count_prior,customer_avg_amount_prior,merchant_avg_amount_prior,device_avg_amount_prior,payment_method_avg_amount_prior,customer_fraud_rate_prior,merchant_fraud_rate_prior,device_fraud_rate_prior,payment_method_fraud_rate_prior,customer_decline_rate_prior,merchant_decline_rate_prior,device_decline_rate_prior,payment_method_decline_rate_prior,seconds_since_prev_customer_txn,seconds_since_prev_device_txn,seconds_since_prev_payment_method_txn,seconds_since_prev_merchant_txn,customer_txn_within_5min_flag,device_txn_within_5min_flag,payment_method_txn_within_5min_flag,customer_txn_count_prev_1h,customer_txn_count_prev_24h,customer_txn_count_prev_168h,device_txn_count_prev_1h,device_txn_count_prev_24h,payment_method_txn_count_prev_1h,payment_method_txn_count_prev_24h,merchant_txn_count_prev_1h,merchant_txn_count_prev_24h,customer_unique_merchants_prev_24h,customer_unique_countries_prev_24h,device_unique_customers_prev_24h,device_unique_customers_prior,payment_method_unique_customers_prior,customer_unique_devices_prior,customer_unique_payment_methods_prior,customer_payment_type_count_prior,customer_payment_type_is_new_flag,customer_channel_count_prior,customer_channel_is_new_flag,customer_merchant_category_count_prior,customer_merchant_category_is_new_flag,customer_transaction_country_count_prior,customer_country_is_new_flag,customer_merchant_count_prior,customer_merchant_is_new_flag,customer_device_count_prior,customer_device_is_new_flag,customer_payment_method_count_prior,customer_payment_method_is_new_flag,amount_to_customer_prior_mean_ratio,amount_to_merchant_prior_mean_ratio,amount_to_device_prior_mean_ratio,amount_to_payment_method_prior_mean_ratio,high_amount_vs_customer_prior_mean_flag,high_amount_vs_merchant_prior_mean_flag,risky_geo_device_combo_flag,risky_payment_geo_combo_flag,velocity_risk_customer_flag,velocity_risk_device_flag,velocity_risk_payment_method_flag,merchant_velocity_risk_flag,behavioral_novelty_score,risk_signal_score,channel_code,payment_type_code,merchant_risk_level_code,customer_segment_code,customer_age_band_is_unknown,fraud_score,pred_label_default_050,pred_label_tuned,risk_bucket,alert_flag,review_rank,review_percentile,in_top_1pct_review_queue,in_top_3pct_review_queue,in_top_5pct_review_queue,in_top_10pct_review_queue,prediction_outcome,queue_name,queue_rank
TXN_000060634,2026-03-24 04:35:49,2026-03-24,declined,1,stolen_card,SC_001764,medium,CUST_004230,MERCH_000566,DEV_004083,PM_011858,mass,ES,Valencia,digital_services,PT,high,desktop,windows,safari,debit_card,US,mobile,GB,PT,950.0,EUR,4,1,0,1,1,1,1,1,0,1,0,2189,0.659,0,1,30,1,0,0,1204,0.0426,1,0,0,0,0,38.943,67.37,24.394628046118687,14.101232002374944,911.057,882.63,1,1,1,0,0,0,1,23,284,55,91,44.47652173913043,104.97732394366196,59.64545454545455,121.24472527472528,0.0102325581395348,0.2251315789473684,0.0058666666666666,0.067027027027027,0.0444852713178294,0.0918186403508772,0.0255048888888888,0.04426006006006,1401194.0,184976.0,12679.0,14850.0,0,0,0,0,0,0,0,0,0,1,0,5,0,0,0,2,4,1,2,16,0,2,0,7,0,0,1,0,1,23,0,16,0,21.35958395245171,9.049573415586734,15.927450083828685,7.835392408596907,1,1,0,1,0,0,0,0,3,6,1,1,2,0,0,0.99907068327453,1,1,high,1,1,2.2222222222222223e-05,1,1,1,1,true_positive,top_1pct_review_queue,1
TXN_000058656,2026-03-24 06:58:19,2026-03-24,declined,1,merchant_collusion,MC_001034,medium,CUST_006995,MERCH_000910,DEV_007086,PM_000488,digital_native,ES,Bilbao,digital_services,IT,high,mobile,windows,edge,credit_card,IT,mobile,DE,IT,808.79,EUR,6,1,0,0,1,1,1,1,0,0,0,1473,0.355,1,10,657,2,0,0,1411,0.079,1,0,0,0,0,80.40361111111112,19.22,10.059125315681646,42.08064516129032,728.3863888888889,789.5699999999999,1,1,0,0,0,1,0,39,298,78,4,141.95076923076925,87.73513422818792,86.54743589743589,107.29000000000002,0.0244067796610169,0.240377358490566,0.0146938775510204,0.0183333333333333,0.0324214689265536,0.0940656184486373,0.0603353741496598,0.0380361111111111,281521.0,16669.0,649246.0,40403.0,0,0,0,0,0,2,0,1,0,0,0,1,0,0,1,2,2,2,3,2,0,25,0,3,0,6,0,0,1,30,0,2,0,5.697679585555122,9.218541774797313,9.345048661620275,7.538353993848446,1,1,1,0,0,0,0,0,1,5,1,0,2,2,0,0.9985462953913792,1,1,high,1,2,4.4444444444444447e-05,1,1,1,1,true_positive,top_1pct_review_queue,2
TXN_000274001,2026-03-14 20:45:28,2026-03-14,approved,1,merchant_collusion,MC_000956,medium,CUST_007606,MERCH_000910,DEV_006150,PM_009341,sme,ES,Barcelona,digital_services,IT,high,desktop,macos,safari,credit_card,US,mobile,US,IT,465.35,EUR,20,5,1,0,1,1,1,1,0,0,0,1977,0.829,0,2,2337,2,0,0,1411,0.079,1,0,0,0,0,22.082222222222224,19.22,21.07351313273624,24.21175858480749,443.2677777777778,446.13,1,1,0,0,0,0,0,70,273,150,18,97.51442857142855,85.66311355311356,122.29113333333336,106.45277777777778,0.016,0.2369965870307167,0.0084705882352941,0.0642105263157894,0.0434762962962963,0.0986787258248009,0.0347815686274509,0.050338596491228,5203.0,5203.0,149957.0,84669.0,0,0,0,0,1,4,0,1,0,0,0,1,1,1,1,9,2,2,3,6,0,51,0,15,0,5,0,0,1,51,0,6,0,4.772114309823748,5.432326478671241,3.805263614096852,4.3714218615452864,1,1,0,0,0,0,0,0,1,4,1,0,2,3,0,0.9984856481320796,1,1,high,1,3,6.666666666666667e-05,1,1,1,1,true_positive,top_1pct_review_queue,3
TXN_000045335,2026-03-25 21:29:59,2026-03-25,declined,1,merchant_collusion,MC_001044,medium,CUST_008894,MERCH_000910,DEV_005241,PM_008519,mass,FR,Paris,digital_services,IT,high,mobile,ios,chrome,credit_card,ES,web,US,IT,201.0,EUR,21,2,0,0,1,1,1,1,0,0,0,1690,0.809,0,1,975,1,1,0,1411,0.079,1,1,0,1,0,44.737142857142864,19.22,4.492910972027079,10.457856399583768,156.26285714285714,181.78,1,1,1,0,0,0,0,12,304,49,68,74.64916666666666,90.75746710526316,171.15897959183675,156.64882352941174,0.0137499999999999,0.2420987654320987,0.0208695652173913,0.0277272727272727,0.0597770833333333,0.0984965020576131,0.1001864734299517,0.0217371212121212,767922.0,521178.0,73655.0,45143.0,0,0,0,0,0,0,0,0,0,2,0,3,0,0,0,3,4,1,1,12,0,2,0,2,0,2,0,0,1,12,0,12,0,2.692595362752431,2.2146938032864485,1.1743468001464206,1.2831248615299116,0,0,0,0,0,0,0,0,2,5,0,0,2,0,0,0.998070318291189,1,1,high,1,4,8.888888888888889e-05,1,1,1,1,true_positive,top_1pct_review_queue,4
TXN_000057482,2026-03-11 18:34:46,2026-03-11,declined,1,merchant_collusion,MC_000933,medium,CUST_006196,MERCH_001028,DEV_004184,PM_007331,mass,IT,Rome,digital_services,FR,high,tablet,macos,chrome,credit_card,DE,mobile,US,FR,147.2,EUR,18,2,0,0,1,1,1,1,0,0,0,1545,0.763,0,1,2298,3,0,0,2939,0.0715,1,0,0,0,0,47.04136363636364,5.92,3.129160989844527,24.864864864864863,100.15863636363636,141.28,1,1,0,0,0,0,0,22,250,38,46,54.49,94.82564,79.05631578947369,164.13478260869564,0.0104761904761904,0.2053333333333333,0.0075862068965517,0.0369696969696969,0.0217349206349206,0.0922698765432098,0.0674632183908046,0.0592858585858585,161255.0,161255.0,161255.0,64848.0,0,0,0,0,0,3,0,0,0,0,0,2,0,0,0,2,2,3,1,22,0,14,0,1,0,3,0,0,1,15,0,22,0,2.70141310332171,1.552322768398927,1.8619638232572384,0.8968239251940345,0,0,0,0,0,0,0,0,1,4,1,0,2,0,0,0.9980318791492514,1,1,high,1,5,0.00011111111111111112,1,1,1,1,true_positive,top_1pct_review_queue,5
TXN_000182233,2026-03-15 20:24:35,2026-03-15,approved,1,merchant_collusion,MC_000964,medium,CUST_004725,MERCH_000066,DEV_000705,PM_000262,mass,ES,Bilbao,electronics,DE,medium,mobile,android,firefox,debit_card,ES,mobile,PT,DE,602.27,EUR,20,6,1,0,1,0,1,1,0,0,1,2610,0.953,0,2,2668,1,1,0,2159,0.0407,0,1,0,1,0,22.318421052631574,48.88,26.985331918405848,12.321399345335514,579.9515789473684,553.39,1,1,0,0,0,0,1,18,303,92,36,35.74722222222221,129.86072607260726,174.28304347826088,127.71527777777776,0.011578947368421,0.1871207430340557,0.0128571428571428,0.0078571428571428,0.0240228070175438,0.0833215686274509,0.0170791666666666,0.0163011904761904,328512.0,83126.0,328512.0,52948.0,0,0,0,0,0,1,0,1,0,0,0,2,0,0,1,7,3,1,2,9,0,14,0,2,0,3,0,0,1,18,0,9,0,16.84802237936126,4.63781482065071,3.455700497192223,4.7157239954325485,1,1,0,1,0,0,0,0,1,5,1,1,1,0,0,0.9979898083145532,1,1,high,1,6,0.00013333333333333334,1,1,1,1,true_positive,top_1pct_review_queue,6
TXN_000051632,2026-03-20 04:43:10,2026-03-20,declined,1,stolen_card,SC_001690,medium,CUST_007541,MERCH_000068,DEV_006216,PM_001094,sme,ES,Bilbao,digital_services,DE,medium,mobile,ios,chrome,credit_card,US,mobile,US,DE,659.76,EUR,4,4,0,1,1,1,1,1,0,0,0,2209,0.255,0,3,2662,1,0,0,60,0.0464,0,0,0,0,0,77.13126582278481,43.3,8.553729709503935,15.236951501154737,582.6287341772152,616.46,1,1,0,1,0,1,0,82,203,82,60,166.04719512195123,69.29600985221676,166.04719512195123,171.47616666666667,0.0533333333333333,0.0557847533632287,0.0533333333333333,0.0679999999999999,0.0481653594771241,0.0579052316890881,0.0481653594771241,0.0614108333333333,95244.0,95244.0,276505.0,186919.0,0,0,0,0,0,5,0,0,0,0,0,0,0,0,0,1,1,1,4,60,0,58,0,10,0,10,0,0,1,82,0,60,0,3.9733281824811777,9.520894513364173,3.9733281824811777,3.847531775552871,1,1,1,0,0,0,0,0,1,5,1,0,1,3,0,0.9979073768857856,1,1,high,1,7,0.00015555555555555556,1,1,1,1,true_positive,top_1pct_review_queue,7
TXN_000032778,2026-03-23 21:13:21,2026-03-23,approved,1,stolen_card,SC_001756,medium,CUST_005194,MERCH_000566,DEV_003884,PM_006383,affluent,ES,Madrid,digital_services,PT,high,mobile,linux,firefox,credit_card,ES,web,DE,PT,950.0,EUR,21,0,0,0,1,0,1,1,0,0,0,1676,0.708,0,1,797,3,0,0,1204,0.0426,1,0,0,0,0,194.88,67.37,4.8747947454844,14.101232002374944,755.12,882.63,1,1,0,0,0,0,0,29,280,62,41,207.2634482758621,102.62532142857144,154.01532258064518,154.6048780487805,0.0089795918367346,0.2248,0.017560975609756,0.0072131147540983,0.0390380952380952,0.0930428888888888,0.0111325203252032,0.0641453551912568,334789.0,249310.0,54168.0,55913.0,0,0,0,0,0,3,0,0,0,1,0,1,0,0,0,4,4,3,3,26,0,16,0,3,0,1,0,0,1,22,0,25,0,4.583538525015639,9.256974660597896,6.168217447991664,6.1446961570013245,1,1,0,0,0,0,0,0,1,4,0,0,2,1,0,0.9978738506406152,1,1,high,1,8,0.00017777777777777779,1,1,1,1,true_positive,top_1pct_review_queue,8
TXN_000281540,2026-03-09 02:27:45,2026-03-09,approved,1,stolen_card,SC_001517,medium,CUST_006020,MERCH_000312,DEV_007557,PM_005346,sme,DE,Munich,electronics,PT,medium,mobile,macos,firefox,credit_card,FR,mobile,ES,PT,950.0,EUR,2,0,0,1,1,1,1,1,0,0,0,925,0.318,1,12,724,1,2,0,2302,0.0156,0,1,0,2,0,85.22046728971962,20.0,11.147556804286628,47.5,864.7795327102804,930.0,1,1,0,1,0,1,0,85,222,96,19,179.9049411764706,78.2331981981982,178.40104166666666,84.7,0.0137142857142857,0.0142148760330578,0.0210344827586206,0.0112820512820512,0.0372653968253968,0.040962258953168,0.0423522988505747,0.0234068376068376,34826.0,34826.0,159266.0,37248.0,0,0,0,0,1,5,0,1,0,0,0,2,1,1,1,2,2,1,4,68,0,67,0,19,0,9,0,0,1,85,0,5,0,5.280566469089558,12.14318245808184,5.325081014801624,11.216056670602123,1,1,1,0,0,0,0,0,1,7,1,0,1,3,0,0.9978482336376796,1,1,high,1,9,0.0002,1,1,1,1,true_positive,top_1pct_review_queue,9
TXN_000152634,2026-03-15 20:55:47,2026-03-15,declined,1,stolen_card,SC_001613,medium,CUST_004508,MERCH_000960,DEV_004462,PM_010295,mass,FR,Lyon,digital_services,ES,high,mobile,windows,chrome,credit_card,ES,web,DE,ES,239.67,EUR,20,6,1,0,1,1,1,1,0,0,0,2183,0.432,1,9,2339,2,0,0,1858,0.0274,1,0,0,0,0,20.81955555555556,5.0,11.511773119289556,47.934,218.85044444444443,234.67,1,1,1,0,0,1,0,38,274,116,60,44.142631578947366,44.543138686131385,55.16370689655172,89.31233333333333,0.0248275862068965,0.042312925170068,0.0179411764705882,0.0305,0.0157390804597701,0.084737641723356,0.0508299019607843,0.0489108333333333,320124.0,2552.0,85778.0,6019.0,0,0,0,0,0,1,1,2,0,1,0,2,0,0,2,4,3,2,1,38,0,10,0,0,1,10,0,0,1,27,0,38,0,5.429445219444147,5.380626670446594,4.3447043986629135,2.6835039580199824,1,1,1,0,0,0,0,0,3,5,0,0,2,0,0,0.997836108647706,1,1,high,1,10,0.00022222222222222223,1,1,1,1,true_positive,top_1pct_review_queue,10
TXN_000051665,2026-03-08 22:26:47,2026-03-08,declined,1,stolen_card,SC_001510,medium,CUST_006360,MERCH_000593,DEV_002548,PM_001410,mass,IT,Rome,travel,IT,medium,desktop,ios,chrome,debit_card,GB,web,FR,IT,662.42,EUR,22,6,1,0,0,1,1,1,0,0,0,509,0.709,0,1,1044,2,0,0,1788,0.0352,0,0,0,0,0,23.412068965517243,40.0,28.293953899403487,16.560499999999998,639.0079310344827,622.42,1,1,1,0,0,0,0,29,183,39,41,71.87655172413794,134.09169398907105,86.0925641025641,85.22487804878047,0.0293877551020408,0.021871921182266,0.0244067796610169,0.0563934426229508,0.0798544217687075,0.029127422003284,0.1002180790960452,0.0969322404371584,77581.0,77581.0,77581.0,159098.0,0,0,0,0,2,4,0,2,0,2,0,0,2,2,1,3,3,2,1,29,0,5,0,1,0,15,0,0,1,21,0,29,0,9.216079293040748,4.9400524394448295,7.69427658364134,7.772613058136009,1,1,0,0,0,0,0,0,2,3,0,1,1,0,0,0.9976144359960094,1,1,high,1,11,0.00024444444444444443,1,1,1,1,true_positive,top_1pct_review_queue,11
TXN_000291688,2026-03-20 17:10:11,2026-03-20,declined,1,stolen_card,SC_001697,medium,CUST_006022,MERCH_001028,DEV_004403,PM_005551,sme,IT,Milan,digital_services,FR,high,mobile,windows,chrome,debit_card,PT,mobile,US,FR,643.93,EUR,17,4,0,0,1,1,1,1,0,0,0,1745,0.56,1,7,2783,1,0,0,2939,0.0715,1,0,0,0,0,138.05016666666668,5.92,4.664463763776694,108.77195945945944,505.8798333333333,638.01,1,1,0,0,0,1,0,43,266,67,42,193.16372093023253,92.33097744360904,184.57507462686567,131.81190476190474,0.0228571428571428,0.2078321678321678,0.016551724137931,0.0232258064516129,0.0303629629629629,0.0906044289044289,0.0219869731800766,0.030852688172043,118395.0,118395.0,409909.0,117285.0,0,0,0,0,0,3,0,0,0,0,0,0,0,0,0,2,2,1,4,33,0,26,0,6,0,4,0,0,1,43,0,26,0,3.333596996884195,6.974149064903802,3.4887159130330008,4.885218836364951,1,1,1,0,0,0,0,0,1,5,1,1,2,3,0,0.9976103165037192,1,1,high,1,12,0.0002666666666666667,1,1,1,1,true_positive,top_1pct_review_queue,12
TXN_000144194,2026-03-19 08:35:26,2026-03-19,approved,1,stolen_card,SC_001675,medium,CUST_001552,MERCH_001028,DEV_005920,PM_006168,mass,ES,Barcelona,digital_services,FR,high,mobile,ios,edge,debit_card,ES,web,GB,FR,83.53,EUR,8,3,0,0,1,0,1,1,0,0,0,1026,0.885,0,3,845,2,0,0,2939,0.0715,1,0,0,0,0,25.321111111111108,5.92,3.2988283821141784,14.109797297297298,58.20888888888889,77.61,1,1,1,0,0,0,0,14,265,36,19,61.31142857142857,92.36418867924527,92.75305555555556,62.29105263157894,0.0423529411764705,0.2050526315789473,0.0257142857142857,0.0369230769230769,0.0562607843137254,0.0909223391812865,0.0163011904761904,0.0490478632478632,268054.0,268054.0,268054.0,18477.0,0,0,0,0,0,2,0,0,0,0,0,3,0,0,0,4,2,2,1,14,0,2,0,1,0,1,0,0,1,10,0,14,0,1.362388741320658,0.904354828364011,0.9005633237599241,1.3409630512112072,0,0,0,0,0,0,0,0,2,4,0,1,2,0,0,0.9975109667690132,1,1,high,1,13,0.0002888888888888889,1,1,1,1,true_positive,top_1pct_review_queue,13
TXN_000096453,2026-03-17 01:05:48,2026-03-17,approved,1,stolen_card,SC_001637,medium,CUST_008828,MERCH_000749,DEV_000543,PM_001463,sme,PT,Braga,marketplace,IT,high,desktop,ios,chrome,debit_card,US,web,FR,IT,950.0,EUR,1,1,0,1,1,1,1,1,0,0,0,2142,0.726,0,2,618,1,0,0,2177,0.0595,1,0,0,0,0,30.869307692307693,149.76,30.77490462271462,6.343482905982906,919.1306923076924,800.24,1,1,1,0,0,0,0,149,264,153,113,108.63442953020132,122.33825757575758,108.12450980392155,101.23221238938054,0.0144378698224852,0.0261971830985915,0.0141040462427745,0.0108270676691729,0.0468216962524654,0.0595523474178403,0.0457391136801541,0.059495238095238,3032.0,3032.0,3032.0,76336.0,0,0,0,1,1,13,1,1,1,3,0,1,1,1,1,2,3,1,2,55,0,28,0,34,0,18,0,0,1,149,0,55,0,8.744925564651597,7.765354998715063,8.786167000643776,9.384364695556698,1,1,0,0,0,0,0,0,2,5,0,1,2,3,0,0.9973041824883528,1,1,high,1,14,0.0003111111111111111,1,1,1,1,true_positive,top_1pct_review_queue,14
TXN_000218179,2026-03-15 07:44:44,2026-03-15,approved,1,merchant_collusion,MC_000962,medium,CUST_003445,MERCH_000910,DEV_005704,PM_000223,digital_native,ES,Valencia,digital_services,IT,high,tablet,macos,chrome,credit_card,ES,mobile,US,IT,311.91,EUR,7,6,1,0,1,0,1,1,1,0,0,634,0.107,0,3,1074,3,0,2,1411,0.079,1,0,1,0,2,62.93909090909092,19.22,4.955743648260222,16.22840790842872,248.97090909090912,292.69000000000005,1,1,0,1,1,1,0,31,275,21,91,61.244193548387095,86.8521090909091,49.29333333333334,101.62318681318682,0.0086274509803921,0.2387796610169491,0.0107317073170731,0.049009009009009,0.0375071895424836,0.0980097175141243,0.0466552845528455,0.035251051051051,110918.0,286756.0,122638.0,15230.0,0,0,0,0,0,3,0,0,0,0,0,2,0,0,0,1,4,4,4,24,0,27,0,8,0,2,0,0,1,21,0,19,0,5.092890965305467,3.591277209785663,6.327630511225318,3.069279854147676,1,1,1,0,0,0,0,0,1,6,1,0,2,2,0,0.997304136023504,1,1,high,1,15,0.0003333333333333333,1,1,1,1,true_positive,top_1pct_review_queue,15
TXN_000234407,2026-03-25 05:19:58,2026-03-25,approved,1,stolen_card,SC_001784,medium,CUST_001412,MERCH_000970,DEV_005771,PM_006366,sme,DE,Hamburg,marketplace,ES,medium,desktop,windows,chrome,debit_card,GB,mobile,ES,ES,670.73,EUR,5,2,0,1,1,1,1,1,0,0,1,1811,0.301,1,7,1526,3,0,0,3527,0.0456,0,0,0,0,0,59.028795180722895,46.1,11.362759445563633,14.54945770065076,611.7012048192771,624.63,1,1,0,1,0,1,1,86,351,85,33,129.32651162790697,76.47381766381767,95.20917647058825,96.1060606060606,0.0513207547169811,0.038921832884097,0.128,0.0271698113207547,0.0463477987421383,0.0455872416891284,0.1420273015873016,0.036091823899371,192334.0,373766.0,998433.0,9016.0,0,0,0,0,0,3,0,0,0,0,0,2,0,0,0,4,2,3,3,74,0,60,0,25,0,18,0,0,1,56,0,19,0,5.186330254772489,8.770714219454286,7.044804134055293,6.979060381522939,1,1,1,1,0,0,0,0,1,7,1,1,1,3,0,0.997263777149333,1,1,high,1,16,0.00035555555555555557,1,1,1,1,true_positive,top_1pct_review_queue,16
TXN_000201793,2026-03-13 22:47:21,2026-03-13,declined,1,merchant_collusion,MC_000947,medium,CUST_002509,MERCH_000566,DEV_001492,PM_007504,affluent,ES,Barcelona,digital_services,PT,high,mobile,android,chrome,credit_card,FR,mobile,GB,PT,486.51,EUR,22,4,0,0,1,1,1,1,0,0,0,428,0.781,0,1,2180,1,0,0,1204,0.0426,1,0,0,0,0,99.06363636363636,67.37,4.911085619895384,7.221463559447825,387.4463636363636,419.14,1,1,0,0,0,0,0,39,257,79,42,178.95128205128205,102.46498054474708,171.45772151898734,155.6,0.0583050847457627,0.2218050541516245,0.0448484848484848,0.0554838709677419,0.0493706214689265,0.0791078219013237,0.0597259259259259,0.0469817204301075,679857.0,159837.0,240171.0,59565.0,0,0,0,0,0,0,0,0,0,0,0,1,0,0,0,2,4,1,3,39,0,23,0,2,0,2,0,0,1,39,0,27,0,2.7186728947858607,4.748061214802438,2.8374925065484646,3.1266709511568123,0,1,0,0,0,0,0,0,1,4,1,0,2,1,0,0.9972356678487306,1,1,high,1,17,0.00037777777777777777,1,1,1,1,true_positive,top_1pct_review_queue,17
TXN_000019131,2026-03-09 03:38:25,2026-03-09,approved,1,stolen_card,SC_001519,medium,CUST_004250,MERCH_000487,DEV_003122,PM_009222,digital_native,ES,Madrid,marketplace,DE,high,desktop,windows,firefox,credit_card,US,web,GB,DE,866.3,EUR,3,0,0,1,1,1,1,1,0,1,0,718,0.875,0,2,991,4,1,1,2028,0.0245,1,1,1,1,1,101.34272727272727,135.8,8.548220709204589,6.379234167893961,764.9572727272727,730.5,1,1,1,0,0,0,1,16,285,64,28,114.10687500000002,141.62231578947367,81.4984375,83.66071428571429,0.0122222222222222,0.2539016393442623,0.0171428571428571,0.0091666666666666,0.1642462962962963,0.1046323497267759,0.0942007936507936,0.0606847222222222,385998.0,26078.0,722232.0,99225.0,0,0,0,0,0,1,0,2,0,0,0,0,0,0,2,5,4,4,4,10,0,4,0,2,0,0,1,0,1,11,0,10,0,7.592005302046873,6.116973834037455,10.629651642094366,10.354919957310564,1,1,0,1,0,0,0,0,3,8,0,0,2,2,0,0.9971251732823916,1,1,high,1,18,0.0004,1,1,1,1,true_positive,top_1pct_review_queue,18
TXN_000073846,2026-03-17 00:50:12,2026-03-17,approved,1,stolen_card,SC_001635,medium,CUST_004648,MERCH_000068,DEV_006361,PM_004838,mass,ES,Sevilla,digital_services,DE,medium,mobile,android,chrome,credit_card,IT,web,DE,DE,302.75,EUR,0,1,0,1,1,1,1,1,0,1,0,2126,0.769,0,1,564,2,0,0,60,0.0464,0,0,0,0,0,29.556944444444444,43.3,10.242939711479725,6.991916859122402,273.1930555555556,259.45,1,1,0,0,0,0,1,22,200,49,103,61.42772727272728,68.47109999999999,78.60653061224491,117.963786407767,0.0104761904761904,0.052,0.0063768115942028,0.0198373983739837,0.0217349206349206,0.0586948484848484,0.0132299516908212,0.0399420054200542,178076.0,178076.0,89613.0,2840.0,0,0,0,0,0,3,0,0,0,0,1,5,0,0,0,3,2,1,2,22,0,15,0,3,0,2,0,0,1,22,0,9,0,4.928556100665231,4.421573481366592,3.8514611654014304,2.566465601175941,1,1,0,1,0,0,0,0,1,5,0,0,1,0,0,0.9970272582099272,1,1,high,1,19,0.0004222222222222222,1,1,1,1,true_positive,top_1pct_review_queue,19
TXN_000193304,2026-03-08 19:19:04,2026-03-08,approved,1,merchant_collusion,MC_000897,medium,CUST_008884,MERCH_000697,DEV_002969,PM_004450,mass,ES,Barcelona,digital_services,FR,high,mobile,ios,chrome,debit_card,PT,mobile,ES,FR,850.0,EUR,19,6,1,0,1,1,0,1,0,0,0,2173,0.801,0,2,30,1,0,0,472,0.0613,1,0,0,0,0,12.05948717948718,97.8,70.4839258377275,8.691206543967281,837.9405128205128,752.2,1,1,0,0,0,0,0,25,248,60,63,67.48440000000001,119.62435483870968,92.13133333333332,109.02666666666669,0.0097777777777777,0.2217910447761193,0.0305,0.0053012048192771,0.0202859259259259,0.1004211442786069,0.0239108333333333,0.0350947791164658,670581.0,670581.0,156899.0,4033.0,0,0,0,0,0,0,0,0,0,0,0,3,0,0,0,6,3,1,3,23,0,15,0,1,0,3,0,0,1,25,0,18,0,12.595503553413824,7.105576461800448,9.225960042547957,7.796257796257796,1,1,0,0,0,0,0,0,1,4,1,1,2,0,0,0.9969210940739436,1,1,high,1,20,0.00044444444444444447,1,1,1,1,true_positive,top_1pct_review_queue,20
TXN_000144372,2026-03-20 08:21:26,2026-03-20,declined,1,stolen_card,SC_001696,medium,CUST_009964,MERCH_000349,DEV_001811,PM_011674,sme,DE,Hamburg,marketplace,IT,high,mobile,ios,firefox,credit_card,US,mobile,FR,IT,950.0,EUR,8,4,0,0,1,1,1,1,0,0,0,1195,0.754,0,1,826,2,0,0,1561,0.0519,1,0,0,0,0,91.54963855421688,46.94,10.376884223714306,20.238602471239883,858.4503614457831,903.06,1,1,0,0,0,0,0,55,263,114,129,173.7450909090909,91.61950570342204,132.30570175438598,154.14356589147286,0.0192,0.0368904593639575,0.0107462686567164,0.0163758389261744,0.0255048888888888,0.0668299175500588,0.0292004975124378,0.0329722595078299,42359.0,42359.0,42359.0,5597.0,0,0,0,0,2,8,0,3,0,2,0,2,2,1,2,7,7,2,1,55,0,41,0,15,0,3,0,0,1,37,0,55,0,5.467780384638729,10.368971025397236,7.180340585499424,6.163085656581099,1,1,0,0,0,0,0,0,1,4,1,0,2,3,0,0.996865017247868,1,1,high,1,21,0.00046666666666666666,1,1,1,1,true_positive,top_1pct_review_queue,21
TXN_000080393,2026-03-20 04:46:30,2026-03-20,approved,1,stolen_card,SC_001692,medium,CUST_009490,MERCH_000763,DEV_005413,PM_004312,sme,PT,Porto,digital_services,ES,medium,desktop,linux,chrome,credit_card,US,web,US,ES,405.61,EUR,4,4,0,1,1,1,1,1,0,0,0,1643,0.271,1,7,678,4,0,0,1362,0.0651,0,0,0,0,0,73.25512195121951,66.2,5.536950716839912,6.127039274924472,332.3548780487805,339.41,1,1,1,1,0,1,0,87,271,5,48,144.98620689655172,59.89988929889299,149.56399999999996,150.363125,0.022803738317757,0.0186941580756013,0.0175999999999999,0.0358823529411764,0.0552604361370716,0.0615562428407789,0.0365146666666666,0.0575421568627451,91872.0,1820583.0,91872.0,2164.0,0,0,0,0,0,3,0,0,0,0,1,4,0,0,0,1,4,4,2,31,0,22,0,13,0,29,0,0,1,5,0,31,0,2.7975764638729013,6.771464935036134,2.711949399588137,2.697536380678441,0,1,1,0,0,0,0,0,2,6,0,0,1,3,0,0.9967154740940776,1,1,high,1,22,0.0004888888888888889,1,1,1,1,true_positive,top_1pct_review_queue,22
TXN_000151467,2026-03-08 22:34:52,2026-03-08,approved,1,merchant_collusion,MC_000898,medium,CUST_005364,MERCH_000324,DEV_002583,PM_002477,sme,IT,Milan,digital_services,FR,high,mobile,linux,chrome,bank_transfer,DE,web,FR,FR,482.53,EUR,22,6,1,0,1,1,1,1,0,0,0,1632,0.307,1,4,60,2,1,0,60,0.0608,1,1,0,1,0,160.54151515151514,31.81,3.0056400024915675,15.169129204652624,321.98848484848486,450.72,1,1,0,1,0,1,0,48,244,39,47,221.71104166666663,96.4548360655738,200.7812820512821,168.77829787234043,0.0505882352941176,0.2137878787878787,0.0413559322033898,0.0513432835820895,0.0428362745098039,0.0754275252525252,0.0324214689265536,0.0285502487562189,172305.0,172305.0,519591.0,92094.0,0,0,0,0,0,2,0,0,0,0,0,0,0,0,0,3,2,2,3,35,0,30,0,6,0,7,0,0,1,34,0,35,0,2.176391380296989,5.002652222351579,2.403261873169809,2.8589576153029657,0,1,1,0,0,0,0,0,1,7,0,3,2,3,0,0.996536655699677,1,1,high,1,23,0.0005111111111111112,1,1,1,1,true_positive,top_1pct_review_queue,23
TXN_000277619,2026-03-20 19:39:33,2026-03-20,approved,1,merchant_collusion,MC_001005,medium,CUST_002533,MERCH_000910,DEV_007637,PM_010822,affluent,ES,Sevilla,digital_services,IT,high,mobile,ios,safari,wallet,US,web,GB,IT,325.54,EUR,19,4,0,0,1,1,1,1,0,0,0,118,0.309,0,1,2198,2,0,0,1411,0.079,1,0,0,0,0,58.2695652173913,19.22,5.586793015967767,16.9375650364204,267.2704347826088,306.32000000000005,1,1,0,1,0,1,0,43,286,55,61,101.18953488372092,87.47506993006992,152.4852727272727,93.43377049180329,0.0228571428571428,0.24,0.0192,0.005432098765432,0.014489947089947,0.0977544662309368,0.0121715555555555,0.0112699588477366,574044.0,574044.0,487593.0,153526.0,0,0,0,0,0,1,0,0,0,0,0,0,0,0,0,3,2,2,3,32,0,25,0,4,0,6,0,0,1,29,0,32,0,3.2171311032715493,3.721517459320079,2.134894696238922,3.484179202942033,1,1,1,0,0,0,0,0,1,5,0,2,2,1,0,0.9964548261276716,1,1,high,1,24,0.0005333333333333334,1,1,1,1,true_positive,top_1pct_review_queue,24
TXN_000088409,2026-03-23 18:06:56,2026-03-23,declined,1,stolen_card,SC_001751,medium,CUST_005863,MERCH_000255,DEV_002732,PM_003517,affluent,FR,Marseille,digital_services,ES,high,mobile,android,firefox,debit_card,US,web,US,ES,950.0,EUR,18,0,0,0,1,1,1,1,0,0,0,1677,0.856,0,3,2894,2,0,0,60,0.0395,1,0,0,0,0,78.41414634146342,102.17,12.115160903022725,9.298228442791428,871.5858536585366,847.83,1,1,1,0,0,0,0,37,289,50,84,125.88135135135134,74.66712802768166,81.2834,102.72333333333331,0.007719298245614,0.0434951456310679,0.0062857142857142,0.033076923076923,0.0511029239766081,0.0773879180151024,0.0558980952380952,0.0760852564102564,233471.0,233471.0,43719.0,63155.0,0,0,0,0,0,4,0,0,0,2,0,2,0,0,0,3,3,2,3,34,0,8,0,5,0,13,0,0,1,22,0,30,0,7.5467890184021424,12.723135670194822,11.68750322944168,9.248142259142682,1,1,0,0,0,0,0,0,2,4,0,1,2,1,0,0.9964136022681273,1,1,high,1,25,0.0005555555555555556,1,1,1,1,true_positive,top_1pct_review_queue,25
TXN_000100722,2026-03-23 05:09:53,2026-03-23,approved,1,account_takeover,ATO_001322,medium,CUST_004487,MERCH_000312,DEV_006676,PM_011635,digital_native,ES,Barcelona,electronics,PT,medium,mobile,ios,firefox,wallet,PT,mobile,DE,PT,534.38,EUR,5,0,0,1,1,1,1,1,0,0,0,380,0.253,0,1,540,5,0,0,2302,0.0156,0,0,0,0,0,10.761228070175438,20.0,49.65790117217431,26.719,523.6187719298246,514.38,1,1,0,1,0,1,0,50,256,47,41,84.1626,82.0914453125,88.64212765957446,77.21268292682926,0.0205714285714285,0.0197101449275362,0.0065671641791044,0.0072131147540983,0.0987552380952381,0.0395393719806763,0.0584009950248756,0.0641453551912568,523706.0,16084.0,26564.0,18047.0,0,0,0,0,0,1,0,2,0,1,0,4,0,0,1,3,2,6,3,33,0,37,0,10,0,3,0,0,1,29,0,33,0,6.349376088666462,6.509569882291138,6.028510530029909,6.920883716816396,1,1,1,0,0,0,0,0,1,5,1,2,1,2,0,0.9963314703228346,1,1,high,1,26,0.0005777777777777778,1,1,1,1,true_positive,top_1pct_review_queue,26
TXN_000102438,2026-03-10 03:46:14,2026-03-10,approved,1,account_takeover,ATO_001179,medium,CUST_003040,MERCH_000483,DEV_002576,PM_001141,affluent,ES,Sevilla,marketplace,IT,high,desktop,android,chrome,credit_card,FR,mobile,GB,IT,1200.0,EUR,3,1,0,1,1,1,1,1,1,0,0,618,0.33,1,9,2123,1,0,0,2892,0.0205,1,0,0,0,0,103.43,114.2,11.602049695446196,10.507880910683012,1096.57,1085.8,1,1,0,1,0,1,0,23,250,23,56,159.4086956521739,107.31528,159.4086956521739,88.3382142857143,0.0102325581395348,0.0275555555555555,0.0102325581395348,0.0057894736842105,0.0444852713178294,0.0737513580246913,0.0444852713178294,0.025169298245614,252654.0,252654.0,252654.0,2182.0,0,0,0,0,0,1,0,0,0,0,1,5,0,0,0,1,3,1,3,19,0,17,0,2,0,3,0,0,1,23,0,17,0,7.527820205105827,11.182005022956655,7.527820205105827,13.584155053426963,1,1,1,0,0,0,0,0,1,7,1,0,2,1,0,0.996272817179445,1,1,high,1,27,0.0006,1,1,1,1,true_positive,top_1pct_review_queue,27
TXN_000165891,2026-03-08 23:38:00,2026-03-08,approved,1,merchant_collusion,MC_000900,medium,CUST_000976,MERCH_000660,DEV_004947,PM_007975,affluent,ES,Madrid,marketplace,IT,medium,mobile,android,chrome,credit_card,PT,mobile,FR,IT,632.35,EUR,23,6,1,0,1,1,1,1,0,0,1,357,0.865,0,1,2311,2,0,0,3982,0.0258,0,0,0,0,0,166.89870967741933,46.53,3.7888249778695218,13.59015688802923,465.4512903225807,585.82,1,1,0,0,0,0,1,28,281,42,17,198.18,107.440640569395,144.1480952380952,218.95764705882357,0.03,0.1908305647840531,0.0070967741935483,0.0389189189189189,0.0190180555555555,0.0661557032115171,0.030852688172043,0.024672072072072,109877.0,13461.0,109877.0,7461.0,0,0,0,0,0,2,0,1,0,0,0,2,0,0,1,4,1,2,3,28,0,20,0,3,0,3,0,0,1,24,0,17,0,3.190786154001413,5.885575482878571,4.386807879462591,2.888001439977648,1,1,0,1,0,0,0,0,1,4,1,0,1,1,0,0.99619238709991,1,1,high,1,28,0.0006222222222222223,1,1,1,1,true_positive,top_1pct_review_queue,28
TXN_000124929,2026-03-24 22:01:21,2026-03-24,declined,1,merchant_collusion,MC_001038,medium,CUST_007000,MERCH_000910,DEV_007195,PM_006522,digital_native,ES,Barcelona,digital_services,IT,high,tablet,android,chrome,wallet,ES,mobile,ES,IT,316.87,EUR,22,1,0,0,1,0,0,1,0,0,0,776,0.922,0,1,30,2,0,0,1411,0.079,1,0,0,0,0,35.05983050847458,19.22,9.037978661174842,16.486472424557753,281.8101694915254,297.65,1,1,0,0,0,0,0,60,301,42,45,66.60333333333332,90.33551495016611,67.3104761904762,72.26955555555556,0.018,0.2412461059190031,0.0070967741935483,0.0221538461538461,0.0114108333333333,0.0963017653167185,0.0147236559139784,0.0140441025641025,87880.0,87880.0,87880.0,5319.0,0,0,0,0,0,2,0,0,0,0,0,3,0,0,0,1,1,3,3,45,0,46,0,5,0,2,0,0,1,42,0,45,0,4.757569691206647,3.5077012642790866,4.707588148735073,4.384557197897993,1,1,0,0,0,0,0,0,1,4,1,2,2,2,0,0.9961695727520276,1,1,high,1,29,0.0006444444444444444,1,1,1,1,true_positive,top_1pct_review_queue,29
TXN_000149826,2026-03-14 06:04:09,2026-03-14,approved,1,merchant_collusion,MC_000953,medium,CUST_000475,MERCH_001028,DEV_000535,PM_001151,mass,ES,Valencia,digital_services,FR,high,mobile,android,firefox,debit_card,GB,mobile,ES,FR,162.18,EUR,6,5,1,0,1,1,0,1,1,0,0,4000,0.761,0,1,226,1,0,1,2939,0.0715,1,0,1,0,1,36.579,5.92,4.433691462314443,27.39527027027027,125.601,156.26000000000002,1,1,0,0,0,0,0,20,253,35,45,68.2885,94.508814229249,146.72885714285712,59.326,0.011,0.2067399267399267,0.0079999999999999,0.0067692307692307,0.0478216666666666,0.0949189255189255,0.0711430303030303,0.0294287179487179,884603.0,641776.0,281535.0,82069.0,0,0,0,0,0,0,0,0,0,0,0,1,0,0,0,2,3,1,2,16,0,11,0,1,0,1,0,0,1,20,0,16,0,2.374924035525748,1.7160304181428172,1.1053040496464812,2.733708660620976,0,0,0,0,0,0,0,0,1,5,1,1,2,0,0,0.9960818194532948,1,1,high,1,30,0.0006666666666666666,1,1,1,1,true_positive,top_1pct_review_queue,30
TXN_000172660,2026-03-13 23:39:08,2026-03-13,approved,1,stolen_card,SC_001586,medium,CUST_008222,MERCH_000427,DEV_000599,PM_010174,digital_native,ES,Madrid,digital_services,PT,medium,mobile,android,chrome,credit_card,FR,web,US,PT,268.27,EUR,23,4,0,0,1,1,1,1,0,0,1,3049,0.892,0,1,884,3,0,0,827,0.0201,0,0,0,0,0,22.204310344827583,43.8,12.0818884186823,6.124885844748858,246.0656896551724,224.47,1,1,1,0,0,0,1,35,220,63,17,57.34,64.09604545454545,71.99714285714285,326.90411764705885,0.0079999999999999,0.0435,0.0173493975903614,0.0659459459459459,0.0347793939393939,0.0454702777777777,0.0230465863453815,0.024672072072072,150833.0,64504.0,943384.0,9505.0,0,0,0,0,0,1,0,1,0,0,0,2,0,0,1,5,2,4,3,5,0,10,0,4,0,3,0,0,1,24,0,5,0,4.678583885594698,4.185437620956619,3.726120084130323,0.8206381795705521,1,1,0,1,0,0,0,0,2,4,0,0,1,2,0,0.995969556226097,1,1,high,1,31,0.0006888888888888888,1,1,1,1,true_positive,top_1pct_review_queue,31
TXN_000159670,2026-03-14 04:52:29,2026-03-14,approved,1,stolen_card,SC_001590,medium,CUST_000255,MERCH_000174,DEV_006402,PM_008214,mass,PT,Porto,marketplace,ES,low,mobile,android,firefox,debit_card,ES,mobile,ES,ES,874.29,EUR,4,5,1,1,1,1,1,1,0,0,0,2894,0.727,0,2,664,1,0,0,1178,0.0433,0,0,0,0,0,19.4325,112.88,44.99112311848707,7.745304748405386,854.8575,761.41,1,1,0,0,0,0,0,32,358,78,94,47.88125,115.9872625698324,61.17346153846154,125.3,0.0276923076923076,0.0223280423280423,0.0248979591836734,0.0214035087719298,0.0560166666666666,0.0315155202821869,0.0603353741496598,0.0606391812865497,210209.0,173336.0,4688.0,21906.0,0,0,0,0,0,5,0,0,0,1,0,1,0,0,0,4,5,1,2,10,0,21,0,8,0,8,0,0,1,32,0,10,0,18.25954836183266,7.537810451157225,14.291981817152989,6.977573822825218,1,1,0,0,0,0,0,0,1,4,1,1,0,0,0,0.9957257439192836,1,1,high,1,32,0.0007111111111111111,1,1,1,1,true_positive,top_1pct_review_queue,32
TXN_000088564,2026-03-20 00:26:45,2026-03-20,approved,1,account_takeover,ATO_001284,medium,CUST_007923,MERCH_000758,DEV_006737,PM_004338,digital_native,ES,Barcelona,electronics,DE,medium,mobile,ios,safari,wallet,FR,web,DE,DE,977.15,EUR,0,4,0,1,1,1,1,1,0,0,0,341,0.823,0,3,948,3,0,1,1954,0.0284,0,0,1,0,1,43.79972972972973,20.0,22.309498392560734,48.8575,933.3502702702702,957.15,1,1,1,0,0,0,0,34,242,34,37,82.94470588235293,89.18599173553719,139.03500000000005,79.86864864864864,0.0081481481481481,0.0207633587786259,0.0266666666666666,0.0252631578947368,0.0354234567901234,0.0416521628498727,0.0724604938271605,0.0335590643274853,262061.0,262061.0,262061.0,1401.0,0,0,0,0,0,2,0,0,0,0,1,4,0,0,0,3,2,4,1,34,0,7,0,8,0,3,0,0,1,21,0,34,0,11.780739826674044,10.95631702899642,7.0280864530513885,12.234462665051405,1,1,0,0,0,0,0,0,2,5,0,2,1,2,0,0.9956809224914908,1,1,high,1,33,0.0007333333333333333,1,1,1,1,true_positive,top_1pct_review_queue,33
TXN_000186563,2026-03-12 01:57:05,2026-03-12,approved,1,stolen_card,SC_001561,medium,CUST_002167,MERCH_001111,DEV_003002,PM_008724,sme,DE,Berlin,marketplace,ES,medium,desktop,ios,edge,credit_card,ES,web,IT,ES,884.19,EUR,1,3,0,1,1,1,1,1,0,0,1,293,0.493,1,8,3059,2,0,1,2060,0.0424,0,0,1,0,1,22.804044943820223,153.01,38.77338437888016,5.778641918828836,861.3859550561798,731.1800000000001,1,1,0,0,0,1,1,73,295,83,46,128.2708219178082,124.31589830508472,155.62602409638552,159.9486956521739,0.0584946236559139,0.014095238095238,0.0236893203883495,0.0672727272727272,0.063579211469534,0.0219456084656084,0.067115210355987,0.0592858585858585,192896.0,192896.0,519911.0,18664.0,0,0,0,0,0,3,0,0,0,0,0,2,0,0,0,3,1,2,2,73,0,47,0,21,0,22,0,0,1,54,0,46,0,6.893149874462958,7.1124450859060815,5.681504781310774,5.527960052408109,1,1,1,1,0,0,0,0,1,7,0,0,1,3,0,0.9956426781605908,1,1,high,1,34,0.0007555555555555555,1,1,1,1,true_positive,top_1pct_review_queue,34
TXN_000004632,2026-03-11 23:33:54,2026-03-11,approved,1,merchant_collusion,MC_000937,medium,CUST_003791,MERCH_000566,DEV_003860,PM_002711,mass,ES,Barcelona,digital_services,PT,high,desktop,macos,edge,debit_card,FR,web,DE,PT,215.19,EUR,23,2,0,0,1,1,1,1,0,0,0,2156,0.8,0,1,1471,1,1,0,1204,0.0426,1,1,0,1,0,21.8771875,67.37,9.836273515505592,3.194151699569541,193.3128125,147.82,1,1,1,0,0,0,0,35,255,35,47,46.95828571428572,102.15113725490195,46.95828571428572,52.16255319148936,0.0079999999999999,0.2197818181818181,0.0079999999999999,0.0214925373134328,0.0165975757575757,0.0796831515151515,0.0165975757575757,0.0136248756218905,1051941.0,1051941.0,1051941.0,10472.0,0,0,0,0,0,0,0,0,0,0,0,2,0,0,0,1,3,1,1,35,0,5,0,3,0,1,0,0,1,35,0,35,0,4.58257785025007,2.1065844765196053,4.58257785025007,4.125373219559153,1,0,0,0,0,0,0,0,2,5,0,1,2,0,0,0.9956306462553164,1,1,high,1,35,0.0007777777777777777,1,1,1,1,true_positive,top_1pct_review_queue,35
TXN_000029551,2026-03-11 01:12:32,2026-03-11,approved,1,stolen_card,SC_001541,medium,CUST_005590,MERCH_000858,DEV_000994,PM_000096,affluent,FR,Paris,electronics,ES,high,desktop,android,edge,credit_card,ES,web,DE,ES,950.0,EUR,1,2,0,1,1,1,1,1,0,0,0,2702,0.966,0,1,1538,1,0,0,1787,0.0464,1,0,0,0,0,266.12615384615384,57.34,3.569735579424449,16.567840948726893,683.8738461538462,892.66,1,1,0,0,0,0,0,14,275,27,10,220.1371428571429,112.42734545454546,145.76185185185184,235.946,0.0129411764705882,0.0455593220338983,0.0306382978723404,0.0146666666666666,0.0562607843137254,0.0302131073446327,0.0406992907801418,0.0637622222222222,104486.0,104486.0,104486.0,9195.0,0,0,0,0,0,2,0,0,0,0,0,2,0,0,0,4,1,1,2,10,0,10,0,1,0,6,0,0,1,14,0,10,0,4.315491641574083,8.449901544496454,6.517480314160338,4.026345011146618,1,1,0,0,0,0,0,0,1,5,0,0,2,1,0,0.9954803418808648,1,1,high,1,36,0.0008,1,1,1,1,true_positive,top_1pct_review_queue,36
TXN_000000677,2026-03-21 21:19:11,2026-03-21,approved,1,merchant_collusion,MC_001014,medium,CUST_004157,MERCH_000910,DEV_000781,PM_003275,sme,DE,Hamburg,digital_services,IT,high,mobile,windows,firefox,wallet,ES,web,GB,IT,255.68,EUR,21,5,1,0,1,1,1,1,0,1,0,797,0.866,0,1,1696,3,1,0,1411,0.079,1,1,0,1,0,53.39722891566265,19.22,4.788263458462039,13.302809573361085,202.28277108433736,236.46,1,1,1,0,0,0,1,74,288,99,122,118.3591891891892,88.19920138888888,132.46363636363637,91.51262295081966,0.0046808510638297,0.2449350649350649,0.02890756302521,0.0030985915492957,0.0841794326241134,0.0971196969696969,0.0664946778711484,0.0627666666666666,70250.0,81716.0,70250.0,71311.0,0,0,0,0,1,4,0,1,0,1,0,1,1,1,1,4,3,3,1,74,0,14,0,10,0,12,0,0,1,51,0,74,0,2.160204051341656,2.8988924613121263,1.930190103630499,2.793931500984367,0,0,0,1,0,0,0,0,2,6,0,2,2,3,0,0.9954064913265644,1,1,high,1,37,0.0008222222222222222,1,1,1,1,true_positive,top_1pct_review_queue,37
TXN_000264385,2026-03-16 21:53:35,2026-03-16,approved,1,merchant_collusion,MC_000975,medium,CUST_009485,MERCH_001028,DEV_006096,PM_005565,digital_native,ES,Bilbao,digital_services,FR,high,mobile,windows,chrome,wallet,ES,web,PT,FR,80.38,EUR,21,0,0,0,1,0,1,1,0,0,1,843,0.745,0,1,844,2,2,0,2939,0.0715,1,1,0,2,0,18.856296296296296,5.92,4.262767127592709,13.577702702702702,61.5237037037037,74.46,1,1,0,0,0,0,1,23,257,77,7,85.60260869565217,94.0849027237354,164.08012987012987,60.91571428571429,0.0102325581395348,0.2073646209386281,0.0560824742268041,0.0533333333333333,0.0444852713178294,0.09354825511432,0.0300295532646048,0.0338098765432098,68884.0,68884.0,592298.0,68792.0,0,0,0,0,1,1,0,1,0,0,0,3,1,1,1,2,2,2,3,3,0,13,0,3,0,3,0,0,1,18,0,3,0,0.938990075475148,0.8543347303660656,0.4898825961657948,1.319528153654933,0,0,0,1,0,0,0,0,1,6,0,2,2,2,0,0.995355375665187,1,1,high,1,38,0.0008444444444444444,1,1,1,1,true_positive,top_1pct_review_queue,38
TXN_000111056,2026-03-21 17:49:49,2026-03-21,declined,1,stolen_card,SC_001715,medium,CUST_001533,MERCH_000952,DEV_002217,PM_000906,affluent,ES,Sevilla,digital_services,FR,medium,mobile,ios,firefox,credit_card,US,web,FR,FR,540.62,EUR,17,5,1,0,1,1,1,1,0,0,1,2627,0.884,0,2,3004,2,0,0,1443,0.0261,0,0,0,0,0,93.1940909090909,43.25,5.801011574085365,12.499884393063583,447.4259090909091,497.37,1,1,0,0,0,0,1,39,250,124,88,141.22153846153847,63.66436,149.01645161290324,126.8125,0.0413559322033898,0.072,0.0169444444444444,0.0225925925925925,0.0154723163841807,0.0848624691358024,0.0341171296296296,0.064008024691358,244047.0,47075.0,424611.0,65311.0,0,0,0,0,0,2,0,2,0,0,0,2,0,0,2,7,5,2,4,30,0,26,0,5,0,4,0,0,1,28,0,24,0,3.828169597141425,8.491721270739234,3.6279215760978976,4.263144406111385,1,1,0,1,0,0,0,0,1,4,0,0,1,1,0,0.995328191317944,1,1,high,1,39,0.0008666666666666666,1,1,1,1,true_positive,top_1pct_review_queue,39
TXN_000000061,2026-03-12 01:11:18,2026-03-12,approved,1,stolen_card,SC_001559,medium,CUST_003637,MERCH_000764,DEV_000986,PM_007217,digital_native,PT,Porto,digital_services,FR,low,desktop,macos,edge,credit_card,ES,mobile,US,FR,341.06,EUR,1,3,0,1,1,1,1,1,0,0,0,1674,0.319,1,5,934,3,1,0,1870,0.0609,0,1,0,1,0,52.38468085106383,49.89,6.510682024954511,6.83623972740028,288.6753191489362,291.17,1,1,0,1,0,1,0,45,237,98,85,67.86311111111111,68.9209282700422,98.75663265306125,75.71411764705883,0.0375384615384615,0.0367315175097276,0.0884745762711864,0.0327619047619047,0.0601979487179487,0.0696998702983138,0.1009564971751412,0.0848844444444444,2868.0,175643.0,2868.0,3920.0,0,0,0,1,1,4,0,0,1,1,0,4,1,1,0,7,2,4,1,45,0,29,0,9,0,7,0,0,1,1,0,45,0,5.025705341471721,4.94856944850884,3.4535401910489085,4.504576036794754,1,1,1,0,0,0,0,0,1,7,1,0,0,2,0,0.994900323584322,1,1,high,1,40,0.0008888888888888889,1,1,1,1,true_positive,top_1pct_review_queue,40
TXN_000160661,2026-03-25 18:16:44,2026-03-25,approved,1,stolen_card,SC_001785,medium,CUST_004805,MERCH_000523,DEV_003230,PM_003569,digital_native,ES,Valencia,digital_services,FR,medium,desktop,ios,chrome,credit_card,ES,mobile,US,FR,471.47,EUR,18,2,0,0,1,0,1,1,0,0,1,1266,0.909,0,2,30,5,1,0,60,0.0722,0,1,0,1,0,53.38780487804878,54.27,8.831042989629495,8.687488483508384,418.08219512195126,417.2000000000001,1,1,0,0,0,0,1,48,259,121,75,86.05499999999999,64.11374517374517,108.75842975206612,127.90626666666668,0.0064705882352941,0.0338351254480286,0.0102127659574468,0.0151578947368421,0.0428362745098039,0.0534511350059737,0.0419352245862884,0.0306617543859649,413440.0,413440.0,398164.0,28908.0,0,0,0,0,0,2,0,0,0,0,0,7,0,0,0,7,2,4,2,31,0,35,0,5,0,6,0,0,1,38,0,31,0,5.478705479054094,7.353649341842985,4.335020292907855,3.686058645028599,1,1,0,1,0,0,0,0,1,5,1,0,1,2,0,0.9948733791096688,1,1,high,1,41,0.0009111111111111111,1,1,1,1,true_positive,top_1pct_review_queue,41
TXN_000095052,2026-03-24 23:58:22,2026-03-24,declined,1,account_takeover,ATO_001329,medium,CUST_000425,MERCH_000866,DEV_002746,PM_008345,affluent,ES,Madrid,marketplace,FR,medium,mobile,android,firefox,credit_card,PT,mobile,IT,FR,693.23,EUR,23,1,0,0,1,1,1,1,0,0,0,237,0.177,0,1,2913,2,0,0,2269,0.042,0,0,0,0,0,125.8452380952381,73.64,5.508591429382272,9.41376969038566,567.384761904762,619.59,1,1,0,1,1,1,0,39,285,59,35,257.79615384615386,91.45487719298244,177.78220338983053,149.78314285714285,0.0244067796610169,0.0243934426229508,0.030886075949367,0.0079999999999999,0.0663197740112994,0.045615956284153,0.0368717299578059,0.0893248484848484,349868.0,88957.0,678079.0,8762.0,0,0,0,0,0,2,0,0,0,0,0,6,0,0,0,3,2,2,2,39,0,26,0,5,0,4,0,0,1,24,0,23,0,2.6890626165575067,7.580022206330109,3.899321680021736,4.628224423499879,0,1,1,0,0,0,0,0,1,4,1,0,1,1,0,0.9947670122150116,1,1,high,1,42,0.0009333333333333333,1,1,1,1,true_positive,top_1pct_review_queue,42
TXN_000184196,2026-03-09 06:38:35,2026-03-09,declined,1,merchant_collusion,MC_000907,medium,CUST_008602,MERCH_000066,DEV_002384,PM_009050,mass,ES,Bilbao,electronics,DE,medium,mobile,macos,firefox,credit_card,GB,mobile,ES,DE,531.1,EUR,6,0,0,0,1,1,0,1,0,0,0,1085,0.909,0,2,992,1,0,0,2159,0.0407,0,0,0,0,0,39.67055555555556,48.88,13.387763104457546,10.865384615384617,491.42944444444447,482.22,1,1,1,0,0,0,0,10,287,16,10,57.47600000000001,127.52644599303136,78.295625,57.47600000000001,0.0146666666666666,0.187100977198697,0.0122222222222222,0.0146666666666666,0.0304288888888888,0.0811494028230184,0.0253574074074074,0.0304288888888888,277163.0,277163.0,277163.0,13553.0,0,0,0,0,0,1,0,0,0,0,0,2,0,0,0,2,1,1,1,10,0,0,1,1,0,0,1,0,1,10,0,10,0,9.240378592803951,4.164626371137339,6.783265348478922,9.240378592803951,1,1,0,0,0,0,0,0,4,3,1,0,1,0,0,0.9947422734853066,1,1,high,1,43,0.0009555555555555555,1,1,1,1,true_positive,top_1pct_review_queue,43
TXN_000243368,2026-03-08 18:49:01,2026-03-08,declined,1,stolen_card,SC_001507,medium,CUST_005771,MERCH_000323,DEV_005034,PM_009421,digital_native,IT,Turin,travel,DE,high,mobile,android,safari,credit_card,GB,web,US,DE,505.3,EUR,18,6,1,0,1,1,1,1,0,0,0,2576,0.734,0,2,958,3,1,0,1543,0.0336,1,1,0,1,0,41.16576271186441,52.65,12.274763461490954,9.597340930674264,464.1342372881356,452.65,1,1,1,0,0,0,0,40,150,23,104,113.69925,144.12173333333334,99.59173913043476,120.34721153846156,0.0573333333333333,0.0261176470588235,0.0334883720930232,0.0438709677419354,0.0818811111111111,0.0641933333333333,0.0909968992248062,0.0396198924731182,1029113.0,403513.0,215518.0,51125.0,0,0,0,0,0,0,0,0,0,0,0,3,0,0,0,4,4,3,2,34,0,13,0,5,0,4,0,0,1,7,0,34,0,4.444180590461238,3.5060638552778998,5.073713988850132,4.198684735113385,1,1,0,0,0,0,0,0,2,5,0,0,2,2,0,0.9946730327288948,1,1,high,1,44,0.0009777777777777777,1,1,1,1,true_positive,top_1pct_review_queue,44
TXN_000011592,2026-03-24 21:04:31,2026-03-24,approved,1,stolen_card,SC_001770,medium,CUST_005029,MERCH_000215,DEV_004261,PM_005661,affluent,PT,Porto,digital_services,ES,medium,mobile,android,edge,credit_card,ES,mobile,DE,ES,745.95,EUR,21,1,0,0,1,1,1,1,0,0,0,1514,0.822,0,1,1433,1,0,0,1545,0.039,0,0,0,0,0,170.8548275862069,120.3,4.365987256775767,6.200748129675811,575.0951724137931,625.6500000000001,1,1,1,0,0,0,0,29,343,67,18,229.9941379310345,78.01763848396502,178.7138805970149,175.37,0.0293877551020408,0.0260055096418732,0.016551724137931,0.011578947368421,0.0186299319727891,0.0548563820018365,0.0104927203065134,0.050338596491228,78795.0,1983.0,498803.0,3892.0,0,0,0,0,2,4,1,3,0,0,0,2,2,2,2,4,3,1,4,29,0,5,0,2,0,11,0,0,1,29,0,4,0,3.2433435334933574,9.5612993996648,4.173990277129373,4.253578149056281,1,1,0,0,0,0,0,0,2,3,1,0,1,1,0,0.9946530247002872,1,1,high,1,45,0.001,1,1,1,1,true_positive,top_1pct_review_queue,45
TXN_000014195,2026-03-16 00:49:37,2026-03-16,declined,1,stolen_card,SC_001619,medium,CUST_006414,MERCH_001062,DEV_002694,PM_006124,sme,PT,Braga,marketplace,IT,high,mobile,windows,chrome,credit_card,PT,mobile,DE,IT,734.12,EUR,0,0,0,1,1,0,1,1,0,0,0,1063,0.811,0,1,571,4,0,0,623,0.056,1,0,0,0,0,175.2878431372549,58.25,4.188082794909885,12.602918454935622,558.8321568627451,675.87,1,1,1,0,0,0,0,46,218,65,32,200.2960869565217,95.65385321100918,145.48446153846157,124.3665625,0.0066666666666666,0.0480672268907563,0.0051764705882352,0.0084615384615384,0.0289828282828282,0.0668607843137254,0.0225043137254901,0.0175551282051282,520424.0,3613.0,58161.0,98057.0,0,0,0,0,0,1,0,1,0,1,0,0,0,0,1,3,3,4,2,15,0,2,0,16,0,8,0,0,1,31,0,15,0,3.6651739490015873,7.674756168792866,5.046037166009798,5.902872807954307,1,1,0,0,0,0,0,0,2,5,1,0,2,3,0,0.9945558235200508,1,1,high,1,46,0.0010222222222222223,1,1,1,1,true_positive,top_1pct_review_queue,46
TXN_000206236,2026-03-20 04:43:43,2026-03-20,declined,1,stolen_card,SC_001691,medium,CUST_004015,MERCH_001056,DEV_007051,PM_011436,affluent,ES,Sevilla,electronics,IT,high,mobile,macos,chrome,credit_card,FR,web,IT,IT,491.52,EUR,4,4,0,1,1,1,1,1,0,0,1,1812,0.976,0,2,1141,1,0,0,2733,0.0241,1,0,0,0,0,131.34782608695653,33.47,3.742125124131082,14.685389901404244,360.1721739130435,458.05,1,1,1,0,0,0,1,23,215,30,49,161.60260869565218,98.43525581395348,149.8433333333333,109.83020408163266,0.0102325581395348,0.0316595744680851,0.0087999999999999,0.0063768115942028,0.0444852713178294,0.0549483687943262,0.0382573333333333,0.0567082125603864,418205.0,418205.0,418205.0,1813.0,0,0,0,0,0,2,0,0,0,0,1,4,0,0,0,3,2,1,3,21,0,4,0,4,0,2,0,0,1,23,0,17,0,3.0415350591628414,4.993332886024009,3.2802260138366743,4.47527166238052,1,1,0,1,0,0,0,0,2,6,0,0,2,1,0,0.9944268211800716,1,1,high,1,47,0.0010444444444444444,1,1,1,1,true_positive,top_1pct_review_queue,47
TXN_000126489,2026-03-26 02:02:06,2026-03-26,approved,1,account_takeover,ATO_001349,medium,CUST_000699,MERCH_000582,DEV_002759,PM_003760,affluent,IT,Rome,travel,ES,medium,desktop,android,chrome,credit_card,ES,mobile,US,ES,1200.0,EUR,2,3,0,1,1,1,1,1,1,0,0,967,0.314,1,10,2156,1,0,0,2711,0.0586,0,0,0,0,0,204.76,40.0,5.860519632740769,30.0,995.24,1160.0,1,1,0,1,0,1,0,13,261,50,23,273.1261538461539,125.28383141762453,117.9272,185.36000000000004,0.0133333333333333,0.030035587188612,0.0062857142857142,0.0102325581395348,0.0882686868686868,0.0317183867141162,0.0416123809523809,0.0909968992248062,107332.0,107332.0,107332.0,26711.0,0,0,0,0,0,1,0,0,0,0,0,3,0,0,0,2,2,1,3,13,0,9,0,3,0,5,0,0,1,13,0,10,0,4.393574116215667,9.578251131224487,10.175769457767164,6.473888649115234,1,1,1,0,0,0,0,0,1,6,1,0,1,1,0,0.9944122810346744,1,1,high,1,48,0.0010666666666666667,1,1,1,1,true_positive,top_1pct_review_queue,48
TXN_000295678,2026-03-20 00:55:11,2026-03-20,declined,1,stolen_card,SC_001683,medium,CUST_001767,MERCH_000821,DEV_000808,PM_001518,sme,ES,Sevilla,digital_services,IT,medium,mobile,ios,edge,credit_card,PT,web,FR,IT,950.0,EUR,0,4,0,1,1,1,1,1,0,0,1,2514,0.435,1,9,2467,3,1,0,1204,0.0364,0,1,0,1,0,131.37145161290323,180.25,7.231403690348593,5.270457697642164,818.6285483870968,769.75,1,1,0,0,0,1,1,70,241,89,46,171.932,112.30153526970956,164.63640449438202,166.15934782608696,0.016,0.0476628352490421,0.0132110091743119,0.0066666666666666,0.0545874074074074,0.0686316730523627,0.0634207951070336,0.0592858585858585,356154.0,241303.0,356154.0,10710.0,0,0,0,0,0,2,0,0,0,0,0,4,0,0,0,3,1,3,4,59,0,49,0,6,0,13,0,0,1,50,0,46,0,5.525440290347347,8.459367877014573,5.770291223970561,5.71740327841399,1,1,1,1,0,0,0,0,1,7,0,0,1,3,0,0.9940382804871892,1,1,high,1,49,0.0010888888888888888,1,1,1,1,true_positive,top_1pct_review_queue,49
TXN_000161260,2026-03-11 06:37:04,2026-03-11,approved,1,merchant_collusion,MC_000930,medium,CUST_009515,MERCH_000324,DEV_007727,PM_005756,mass,IT,Rome,digital_services,FR,high,mobile,ios,chrome,credit_card,IT,web,IT,FR,199.08,EUR,6,2,0,0,1,0,0,1,0,0,0,2540,0.371,1,2,1218,1,0,0,60,0.0608,1,0,0,0,0,43.653,31.81,4.560511305064945,6.258409305249922,155.42700000000002,167.27,1,1,1,0,0,1,0,13,251,38,13,57.63923076923077,96.96171314741036,65.68052631578948,57.63923076923077,0.0133333333333333,0.2156457564575645,0.0075862068965517,0.0133333333333333,0.0579656565656565,0.0808592865928659,0.0674632183908046,0.0579656565656565,32643.0,32643.0,32643.0,35608.0,0,0,0,0,1,3,0,2,0,1,0,1,1,1,2,3,1,1,1,13,0,3,0,0,1,2,0,0,1,13,0,13,0,3.453897585778917,2.0531815449397,3.03103539461348,3.453897585778917,1,0,1,0,0,0,0,0,3,5,0,0,2,0,0,0.9939954287723276,1,1,high,1,50,0.0011111111111111111,1,1,1,1,true_positive,top_1pct_review_queue,50
TXN_000165528,2026-03-12 00:50:02,2026-03-12,approved,1,account_takeover,ATO_001207,medium,CUST_005458,MERCH_001107,DEV_002638,PM_006468,affluent,PT,Lisboa,marketplace,ES,medium,mobile,android,firefox,debit_card,US,mobile,ES,ES,602.52,EUR,0,3,0,1,1,1,1,1,1,0,0,1305,0.044,0,3,1489,3,0,0,1930,0.0204,0,0,0,0,0,65.269,66.21,9.231334936953225,9.100135931128229,537.251,536.31,1,1,1,1,1,1,0,33,301,103,103,168.10939393939395,89.1689368770764,136.9245631067961,106.5276699029126,0.0083018867924528,0.0294080996884735,0.0279674796747967,0.0035772357723577,0.0172238993710691,0.0464575285565939,0.0562021680216802,0.0236818428184281,857754.0,60117.0,1793.0,9208.0,0,0,0,0,0,0,0,1,1,1,0,4,0,0,1,3,3,3,1,33,0,10,0,4,0,10,0,0,1,6,0,33,0,3.584094772343405,6.757061608019419,4.400379203912863,5.655995297269956,1,1,1,0,0,0,0,0,2,5,1,1,1,1,0,0.9938481631720348,1,1,high,1,51,0.0011333333333333334,1,1,1,1,true_positive,top_1pct_review_queue,51
TXN_000259349,2026-03-08 05:16:29,2026-03-08,approved,1,account_takeover,ATO_001156,medium,CUST_008429,MERCH_000193,DEV_000904,PM_009485,sme,FR,Paris,marketplace,IT,high,mobile,android,chrome,credit_card,FR,mobile,PT,IT,469.2,EUR,5,6,1,1,1,0,1,1,0,0,0,2375,0.244,0,4,2716,4,0,0,1477,0.0271,1,0,0,0,0,48.567238095238096,78.16,9.6608334836731,6.003070624360286,420.6327619047619,391.04,1,1,0,1,0,1,0,88,225,71,16,153.88,98.49266666666666,89.20112676056338,191.955625,0.0503703703703703,0.0630204081632653,0.0487912087912087,0.04,0.0454895061728395,0.081277006802721,0.0759655677655677,0.0253574074074074,31748.0,119401.0,626457.0,1934.0,0,0,0,0,1,6,0,0,0,0,1,3,1,1,0,4,1,4,3,16,0,59,0,15,0,8,0,0,1,13,0,16,0,3.049129191577853,4.763806442442415,5.260023242300988,2.444314929557287,1,1,1,0,0,0,0,0,1,6,1,0,2,3,0,0.993706553477937,1,1,high,1,52,0.0011555555555555555,1,1,1,1,true_positive,top_1pct_review_queue,52
TXN_000139992,2026-03-23 04:44:30,2026-03-23,approved,1,stolen_card,SC_001746,medium,CUST_009032,MERCH_000515,DEV_004435,PM_004707,sme,IT,Milan,marketplace,FR,low,mobile,windows,chrome,debit_card,US,mobile,US,FR,950.0,EUR,4,0,0,1,1,1,1,1,0,0,0,1449,0.434,1,11,2044,2,1,1,560,0.0586,0,1,1,1,1,143.794,93.32,6.606673435609274,10.18002571795971,806.206,856.6800000000001,1,1,1,0,0,1,0,30,292,75,24,179.84433333333334,113.04986301369864,168.06906666666666,186.3370833333333,0.0087999999999999,0.027051282051282,0.0151578947368421,0.0099999999999999,0.0582573333333333,0.0542079059829059,0.0411880701754386,0.0662015151515151,610317.0,168653.0,610317.0,2509.0,0,0,0,0,0,0,0,0,0,0,1,3,0,0,0,3,2,2,3,23,0,4,0,5,0,4,0,0,1,24,0,23,0,5.282346028880531,8.403371527171911,5.652438124643996,5.0982873779373845,1,1,1,0,0,0,0,0,2,7,1,1,0,3,0,0.993610747015663,1,1,high,1,53,0.0011777777777777778,1,1,1,1,true_positive,top_1pct_review_queue,53
TXN_000133611,2026-03-13 03:54:33,2026-03-13,declined,1,stolen_card,SC_001575,medium,CUST_003143,MERCH_001200,DEV_001416,PM_007385,sme,FR,Marseille,digital_services,PT,low,tablet,windows,chrome,credit_card,ES,mobile,ES,PT,556.16,EUR,3,4,0,1,1,1,1,1,0,0,0,1861,0.622,1,8,1361,2,0,1,60,0.0506,0,0,1,0,1,65.65677083333334,84.43,8.470718144390412,6.587232026530853,490.5032291666666,471.73,1,1,0,0,0,1,0,86,227,29,24,125.9643023255814,75.11017621145373,109.2103448275862,120.30375,0.070188679245283,0.0301214574898785,0.1518367346938775,0.0554545454545454,0.0652157232704402,0.0603759784075573,0.0798544217687075,0.0662015151515151,121257.0,445585.0,674662.0,24438.0,0,0,0,0,0,2,0,0,0,0,0,2,0,0,0,2,2,2,3,17,0,57,0,9,0,3,0,0,1,24,0,17,0,4.415219151236092,7.404589205519528,5.0925578605033,4.622964787049448,1,1,1,0,0,0,0,0,1,6,1,0,0,3,0,0.9936096791321244,1,1,high,1,54,0.0012,1,1,1,1,true_positive,top_1pct_review_queue,54
TXN_000019808,2026-03-24 23:32:21,2026-03-24,approved,1,stolen_card,SC_001774,medium,CUST_007875,MERCH_000912,DEV_002837,PM_009734,affluent,DE,Munich,marketplace,FR,medium,mobile,macos,safari,credit_card,US,web,FR,FR,950.0,EUR,23,1,0,0,1,1,1,1,0,0,0,211,0.817,0,2,1773,2,0,0,557,0.0163,0,0,0,0,0,105.91454545454545,110.17,8.969495133297857,8.623037124444041,844.0854545454546,839.83,1,1,1,0,0,0,0,25,266,15,34,166.51319999999998,110.66033834586467,132.114,93.84647058823528,0.032,0.0225174825174825,0.0125714285714285,0.0266666666666666,0.0202859259259259,0.0206743589743589,0.0260819047619047,0.0539419753086419,431195.0,431195.0,524259.0,52816.0,0,0,0,0,0,2,0,0,0,0,0,2,0,0,0,1,2,2,2,25,0,1,0,6,0,11,0,0,1,15,0,16,0,5.705253397328261,8.584828260969266,7.190759495587145,10.12291665360821,1,1,0,0,0,0,0,0,2,3,0,0,1,1,0,0.9935012403288368,1,1,high,1,55,0.0012222222222222222,1,1,1,1,true_positive,top_1pct_review_queue,55
TXN_000138135,2026-03-10 05:14:58,2026-03-10,approved,1,account_takeover,ATO_001181,medium,CUST_003845,MERCH_000750,DEV_001497,PM_004140,sme,IT,Rome,marketplace,FR,medium,tablet,macos,chrome,bank_transfer,FR,web,PT,FR,310.01,EUR,5,1,0,1,1,1,1,1,0,0,0,3335,0.167,1,3,1560,3,1,0,2950,0.0607,0,1,0,1,0,68.8091935483871,22.19,4.505357264244041,13.970707525912571,241.2008064516129,287.82,1,1,1,1,1,1,0,107,226,40,102,141.63953271028038,72.23774336283186,123.57649999999998,133.8193137254902,0.0034645669291338,0.0261788617886178,0.0073333333333333,0.0036065573770491,0.0229359580052493,0.0321661246612466,0.0485477777777777,0.023875956284153,260348.0,528729.0,260348.0,25799.0,0,0,0,0,0,4,0,0,0,0,0,2,0,0,0,2,2,3,2,72,0,21,0,26,0,20,0,0,1,23,0,72,0,2.188725097209383,4.291523870601804,2.5086484889926486,2.316631219884582,0,1,1,0,0,0,0,0,2,7,0,3,1,3,0,0.9933384634151288,1,1,high,1,56,0.0012444444444444445,1,1,1,1,true_positive,top_1pct_review_queue,56
TXN_000046873,2026-03-22 17:46:35,2026-03-22,approved,1,stolen_card,SC_001732,medium,CUST_005302,MERCH_000757,DEV_001618,PM_011153,affluent,DE,Berlin,marketplace,ES,low,mobile,ios,chrome,credit_card,US,web,ES,ES,600.24,EUR,17,6,1,0,1,1,1,1,0,0,0,677,0.688,0,1,60,2,1,0,2081,0.0536,0,1,0,1,0,98.81914285714286,42.68,6.074126759708212,14.06373008434864,501.42085714285713,557.5600000000001,1,1,1,0,0,0,0,25,334,119,84,121.3216,80.9406886227545,82.91890756302521,136.1920238095238,0.0097777777777777,0.0323163841807909,0.0031654676258992,0.0234615384615384,0.0202859259259259,0.0421267419962335,0.0209558752997601,0.0183929487179487,221530.0,56324.0,221530.0,44110.0,0,0,0,0,0,3,0,1,0,0,0,5,0,0,1,6,5,2,1,25,0,5,0,9,0,8,0,0,1,18,0,25,0,4.9475114076965685,7.415800510390731,7.238879739747754,4.40730656032755,1,1,0,0,0,0,0,0,2,4,0,0,0,1,0,0.99329044954026,1,1,high,1,57,0.0012666666666666666,1,1,1,1,true_positive,top_1pct_review_queue,57
TXN_000011032,2026-03-19 15:14:15,2026-03-19,approved,1,stolen_card,SC_001676,medium,CUST_008264,MERCH_000901,DEV_007005,PM_003318,sme,DE,Berlin,marketplace,ES,medium,mobile,ios,safari,credit_card,PT,web,IT,ES,950.0,EUR,15,3,0,0,1,1,1,1,0,0,0,3507,0.7,0,1,60,2,2,0,1165,0.0278,0,1,0,2,0,56.14453781512605,184.99,16.92061306352152,5.135412725012163,893.855462184874,765.01,1,1,1,0,0,0,0,101,334,57,90,145.02366336633662,138.0976646706587,166.45298245614035,132.6051111111111,0.0036363636363636,0.0266666666666666,0.0057142857142857,0.0039999999999999,0.0406022038567493,0.0308273069679849,0.0378294372294372,0.0537533333333333,61668.0,319520.0,61668.0,47238.0,0,0,0,0,2,7,0,0,0,2,0,5,2,1,0,3,4,2,3,87,0,17,0,21,0,20,0,0,1,35,0,70,0,6.55065509964574,6.879189465409145,5.707317381653531,7.164128079527687,1,1,0,0,0,0,0,0,2,4,0,0,1,3,0,0.9927664572227776,1,1,high,1,58,0.001288888888888889,1,1,1,1,true_positive,top_1pct_review_queue,58
TXN_000050104,2026-03-11 04:18:39,2026-03-11,approved,1,account_takeover,ATO_001194,medium,CUST_000782,MERCH_000533,DEV_004699,PM_010549,sme,PT,Lisboa,marketplace,DE,high,tablet,android,edge,debit_card,PT,mobile,DE,DE,874.7,EUR,4,2,0,1,1,0,1,1,1,0,0,1293,0.274,1,1,1891,2,1,1,949,0.0135,1,1,1,1,1,52.41807339449541,140.21,16.686992545816366,6.238499393766493,822.2819266055046,734.49,1,1,0,1,0,1,0,90,232,64,80,124.45588888888888,124.7965948275862,122.18,168.43249999999998,0.0039999999999999,0.0334920634920634,0.0052380952380952,0.0243999999999999,0.0628442424242424,0.0433050264550264,0.0584865079365079,0.0691286666666666,166010.0,275214.0,166010.0,8296.0,0,0,0,0,0,5,0,0,0,0,0,4,0,0,0,1,2,2,3,69,0,57,0,24,0,12,0,1,0,64,0,54,0,7.028192942970424,7.009005343522789,7.159109510558194,5.193178276164043,1,1,1,0,0,0,0,0,0,9,1,1,2,3,0,0.992289914333371,1,1,high,1,59,0.0013111111111111112,1,1,1,1,true_positive,top_1pct_review_queue,59
TXN_000220600,2026-03-19 05:47:04,2026-03-19,approved,1,stolen_card,SC_001673,medium,CUST_004375,MERCH_000613,DEV_005240,PM_003342,affluent,ES,Madrid,digital_services,ES,high,mobile,android,chrome,credit_card,DE,web,FR,ES,950.0,EUR,5,3,0,1,0,1,1,1,0,0,0,1300,0.516,1,9,1336,1,0,0,976,0.0863,1,0,0,0,0,115.1428125,60.98,8.250623546302553,15.578878320760904,834.8571875,889.02,1,1,1,0,0,1,0,36,254,115,30,142.99138888888888,75.59854330708662,130.92104347826088,131.7243333333333,0.0078571428571428,0.0527007299270073,0.0106666666666666,0.0087999999999999,0.0520154761904761,0.0690250608272506,0.0586138271604938,0.0582573333333333,27367.0,27367.0,131432.0,21051.0,0,0,0,0,1,1,0,1,0,0,0,4,1,1,1,5,2,1,4,25,0,11,0,3,0,22,0,0,1,36,0,25,0,6.643756714176651,12.566379700479583,7.256281914356611,7.212031186341173,1,1,1,0,0,0,0,0,2,6,0,0,2,1,0,0.9922618188197292,1,1,high,1,60,0.0013333333333333333,1,1,1,1,true_positive,top_1pct_review_queue,60
TXN_000143507,2026-03-17 13:34:16,2026-03-17,approved,1,stolen_card,SC_001640,medium,CUST_007124,MERCH_000331,DEV_006055,PM_007972,digital_native,ES,Valencia,marketplace,IT,low,mobile,macos,chrome,credit_card,IT,web,PT,IT,312.9,EUR,13,1,0,0,1,1,1,1,0,0,0,2107,0.812,0,1,364,2,0,0,2648,0.0483,0,0,0,0,0,14.90056603773585,27.74,20.999202258999908,11.279740447007931,297.9994339622641,285.16,1,1,0,0,0,0,0,51,264,69,47,69.9735294117647,72.81886363636363,91.30144927536232,72.72893617021276,0.0061971830985915,0.0156338028169014,0.0274157303370786,0.0065671641791044,0.0410262910798122,0.0419467136150234,0.0664367041198501,0.0285502487562189,53401.0,53401.0,410215.0,58810.0,0,0,0,0,1,3,0,1,0,0,0,1,1,1,1,5,2,2,2,51,0,35,0,9,0,5,0,0,1,41,0,39,0,4.471690975579,4.296963511577607,3.42710879710467,4.302276596865072,1,1,0,0,0,0,0,0,1,3,0,0,0,2,0,0.9917573721354516,1,1,high,1,61,0.0013555555555555556,1,1,1,1,true_positive,top_1pct_review_queue,61
TXN_000136020,2026-03-25 03:05:46,2026-03-25,approved,1,merchant_collusion,MC_001041,medium,CUST_004350,MERCH_000345,DEV_000868,PM_005857,digital_native,ES,Barcelona,digital_services,IT,high,tablet,windows,chrome,credit_card,ES,web,ES,IT,337.43,EUR,3,2,0,1,1,0,0,1,0,0,0,1801,0.276,1,10,498,3,0,0,1029,0.0653,1,0,0,0,0,32.06484848484849,65.35,10.523361747972857,5.163427697016068,305.3651515151515,272.08000000000004,1,1,0,1,0,1,0,36,287,10,36,76.95944444444444,86.70696864111498,75.83,76.95944444444444,0.0971428571428571,0.2327035830618892,0.048,0.0971428571428571,0.1055869047619047,0.0876640608034744,0.0637622222222222,0.1055869047619047,447449.0,357113.0,447449.0,9786.0,0,0,0,0,0,1,0,0,0,0,0,3,0,0,0,2,1,3,1,36,0,23,0,5,0,4,0,0,1,4,0,36,0,4.384517097749897,3.891613388038529,4.449821970196492,4.384517097749897,1,1,1,0,0,0,0,0,1,7,0,0,2,2,0,0.9916966589380946,1,1,high,1,62,0.0013777777777777777,1,1,1,1,true_positive,top_1pct_review_queue,62
TXN_000009731,2026-03-22 07:07:23,2026-03-22,declined,1,stolen_card,SC_001731,medium,CUST_002404,MERCH_000480,DEV_004015,PM_010449,sme,PT,Braga,electronics,ES,low,desktop,android,chrome,debit_card,ES,mobile,DE,ES,814.12,EUR,7,6,1,0,1,1,1,1,0,0,0,992,0.891,0,2,1163,3,1,0,1932,0.0064,0,1,0,1,0,126.17272727272726,68.6,6.4524245262627,11.867638483965017,687.9472727272728,745.52,1,1,1,0,0,0,0,69,338,51,74,177.81913043478258,103.41242603550296,173.47235294117644,147.74148648648648,0.0049438202247191,0.0179888268156424,0.0061971830985915,0.0046808510638297,0.0102569288389513,0.0388627560521415,0.0128572769953051,0.0309879432624113,124433.0,124433.0,206081.0,41300.0,0,0,0,0,0,4,0,0,0,0,0,1,0,0,0,1,4,3,4,52,0,12,0,12,0,20,0,0,1,51,0,43,0,4.578360033644349,7.872554887364321,4.693082132090892,5.510435960548328,1,1,0,0,0,0,0,0,2,4,1,1,0,3,0,0.9916729993164654,1,1,high,1,63,0.0014,1,1,1,1,true_positive,top_1pct_review_queue,63
TXN_000287363,2026-03-12 01:31:07,2026-03-12,approved,1,account_takeover,ATO_001210,medium,CUST_004455,MERCH_000525,DEV_002537,PM_002189,affluent,DE,Hamburg,electronics,PT,medium,mobile,macos,firefox,debit_card,US,web,ES,PT,860.87,EUR,1,3,0,1,1,1,1,1,0,0,0,896,0.845,0,2,885,4,1,1,1826,0.039,0,1,1,1,1,168.14423076923077,80.29,5.1198307314004685,10.72200772200772,692.7257692307692,780.58,1,1,1,0,0,0,0,45,230,39,59,156.33155555555555,116.11147826086956,142.2797435897436,97.65186440677968,0.0221538461538461,0.0257599999999999,0.007457627118644,0.0055696202531645,0.0294287179487179,0.0276514666666666,0.0154723163841807,0.0115552742616033,11077.0,22792.0,11077.0,6509.0,0,0,0,0,1,3,0,1,0,1,0,2,1,1,1,4,3,4,2,28,0,8,0,11,0,1,0,0,1,7,0,28,0,5.506693750604129,7.414167943550502,6.050545062003168,8.815704699850384,1,1,0,0,0,0,0,0,2,6,0,1,1,1,0,0.9915682962028258,1,1,high,1,64,0.0014222222222222223,1,1,1,1,true_positive,top_1pct_review_queue,64
TXN_000256516,2026-03-19 22:38:33,2026-03-19,approved,1,stolen_card,SC_001680,medium,CUST_009481,MERCH_000501,DEV_006465,PM_003149,sme,ES,Madrid,electronics,IT,low,mobile,windows,chrome,debit_card,GB,mobile,PT,IT,664.45,EUR,22,3,0,0,1,1,1,1,0,1,0,1815,0.903,0,2,2790,3,1,0,2735,0.043,0,1,0,1,0,94.1978,37.86,7.053774079649419,17.550184891706287,570.2522,626.59,1,1,0,0,0,0,1,53,249,93,55,148.1124528301887,97.37775100401608,181.2024731182796,114.5209090909091,0.0197260273972602,0.0165055762081784,0.0127433628318584,0.0058666666666666,0.0536009132420091,0.0294158612143742,0.0434766961651917,0.0521715555555555,951288.0,343782.0,602316.0,15126.0,0,0,0,0,0,0,0,0,0,0,0,3,0,0,0,2,2,3,2,38,0,37,0,14,0,5,0,0,1,32,0,38,0,4.486118400603315,6.823427252623617,3.66689255706947,5.801997253379692,1,1,0,1,0,0,0,0,1,5,1,1,0,3,0,0.9912826258832256,1,1,high,1,65,0.0014444444444444444,1,1,1,1,true_positive,top_1pct_review_queue,65
TXN_000088076,2026-03-24 03:54:27,2026-03-24,approved,1,merchant_collusion,MC_001033,medium,CUST_008351,MERCH_001028,DEV_000945,PM_009751,sme,DE,Hamburg,digital_services,FR,high,mobile,android,edge,debit_card,US,mobile,DE,FR,462.26,EUR,3,1,0,1,1,1,0,1,1,0,0,30,0.795,0,2,1045,3,2,0,2939,0.0715,1,1,0,2,0,37.78215909090909,5.92,12.23487516654987,78.08445945945945,424.4778409090909,456.34,1,1,0,0,0,0,0,92,270,108,110,117.5641304347826,93.6287037037037,103.4612037037037,96.09945454545456,0.0128571428571428,0.2118620689655172,0.0190625,0.011076923076923,0.0349363095238095,0.096251264367816,0.0305692708333333,0.0300989743589743,20749.0,113060.0,20749.0,11290.0,0,0,0,0,1,4,0,0,0,1,0,2,1,1,0,3,2,3,2,69,0,61,0,15,0,11,0,0,1,62,0,69,0,3.9319816196525488,4.937161166546346,4.467954976861071,4.810225013101957,1,1,0,0,0,0,0,0,1,6,1,1,2,3,0,0.9911863791213924,1,1,high,1,66,0.0014666666666666667,1,1,1,1,true_positive,top_1pct_review_queue,66
TXN_000063247,2026-03-16 05:08:22,2026-03-16,approved,1,stolen_card,SC_001624,medium,CUST_000688,MERCH_000332,DEV_003588,PM_007004,sme,DE,Munich,marketplace,ES,medium,desktop,android,firefox,credit_card,US,web,FR,ES,950.0,EUR,5,0,0,1,1,1,1,1,0,0,1,1845,0.913,0,2,2716,3,0,0,1631,0.0773,0,0,0,0,0,100.72715909090908,179.73,9.43141858237656,5.285706337283703,849.272840909091,770.27,1,1,0,0,0,0,1,77,295,82,8,188.04051948051944,144.1628813559322,131.88951219512197,140.79500000000002,0.0148453608247422,0.0394920634920634,0.0141176470588235,0.0157142857142857,0.0403388316151202,0.0473424338624338,0.0285575163398692,0.0326023809523809,15530.0,81333.0,549886.0,26691.0,0,0,0,0,3,8,0,1,0,0,0,1,3,2,1,6,1,3,3,8,0,55,0,19,0,22,0,0,1,17,0,8,0,5.052102613971015,6.58976839991488,7.202998814602761,6.747398700237934,1,1,0,1,0,0,0,0,1,5,0,0,1,3,0,0.9911557498756786,1,1,high,1,67,0.001488888888888889,1,1,1,1,true_positive,top_1pct_review_queue,67
TXN_000148901,2026-03-11 19:14:22,2026-03-11,approved,1,stolen_card,SC_001548,medium,CUST_001522,MERCH_000273,DEV_003548,PM_005368,affluent,IT,Turin,marketplace,ES,low,desktop,macos,safari,credit_card,ES,web,FR,ES,950.0,EUR,19,2,0,0,1,1,1,1,0,1,0,1100,0.858,0,2,1542,3,0,0,1140,0.0295,0,0,0,0,0,113.80707317073173,108.58,8.347460078995475,8.749309265058022,836.1929268292683,841.42,1,1,0,0,0,0,1,44,300,28,21,157.28318181818182,110.82093333333331,161.15,125.21380952380952,0.05375,0.03575,0.0508333333333333,0.0351219512195121,0.0142635416666666,0.0653527083333333,0.0190180555555555,0.0222650406504065,411183.0,411183.0,1343583.0,82655.0,0,0,0,0,0,1,0,0,0,0,0,1,0,0,0,1,2,3,2,44,0,33,0,8,0,7,0,0,1,28,0,20,0,6.040060920805843,8.572387647580422,5.89512876202296,7.587022578522832,1,1,0,1,0,0,0,0,1,4,0,0,0,1,0,0.990853551838374,1,1,high,1,68,0.001511111111111111,1,1,1,1,true_positive,top_1pct_review_queue,68
TXN_000122832,2026-03-21 04:46:12,2026-03-21,declined,1,account_takeover,ATO_001293,medium,CUST_006702,MERCH_000976,DEV_000858,PM_001553,affluent,ES,Valencia,travel,IT,high,mobile,windows,chrome,credit_card,US,web,GB,IT,498.46,EUR,4,5,1,1,1,1,1,1,0,0,1,1991,0.479,1,9,1164,2,1,0,840,0.0296,1,1,0,1,0,161.63733333333332,51.51,3.0838172699376383,9.676955930887209,336.8226666666667,446.95,1,1,0,0,0,1,1,23,170,15,33,252.85739130434783,147.81905882352942,217.10933333333327,244.18454545454543,0.1265116279069767,0.0444210526315789,0.1554285714285714,0.140377358490566,0.0677410852713178,0.094278245614035,0.0832247619047619,0.0926955974842767,364058.0,364058.0,184972.0,14243.0,0,0,0,0,0,1,0,0,0,0,0,1,0,0,0,1,3,2,2,14,0,14,0,2,0,3,0,0,1,15,0,14,0,1.9713087975349568,3.372095614511222,2.295893927483541,2.041324929356709,0,1,1,1,0,0,0,0,1,8,0,0,2,1,0,0.9907352725602754,1,1,high,1,69,0.0015333333333333334,1,1,1,1,true_positive,top_1pct_review_queue,69
TXN_000171383,2026-03-09 06:13:02,2026-03-09,approved,1,stolen_card,SC_001522,medium,CUST_007951,MERCH_000345,DEV_007472,PM_002769,affluent,ES,Bilbao,digital_services,IT,high,mobile,macos,firefox,credit_card,FR,web,PT,IT,363.24,EUR,6,0,0,0,1,1,1,1,0,0,0,1893,0.777,0,1,2273,2,1,0,1029,0.0653,1,1,0,1,0,143.96820512820514,65.35,2.5230570852538663,5.558377964804897,219.27179487179487,297.89,0,1,0,0,0,0,0,27,250,16,47,208.60222222222225,86.99359999999999,237.654375,168.79212765957445,0.0093617021276595,0.2386666666666666,0.0122222222222222,0.0513432835820895,0.0194226950354609,0.0959735802469135,0.0253574074074074,0.0285502487562189,1231272.0,1730908.0,10819.0,23703.0,0,0,0,0,0,0,0,0,0,1,0,2,0,0,0,1,3,2,3,24,0,17,0,3,0,3,0,0,1,16,0,21,0,1.7413045562527298,4.175479575509003,1.5284380941861473,2.15199609742816,0,1,0,0,0,0,0,0,1,4,0,0,2,1,0,0.9905292589584964,1,1,high,1,70,0.0015555555555555555,1,1,1,1,true_positive,top_1pct_review_queue,70
TXN_000276851,2026-03-11 21:38:29,2026-03-11,declined,1,stolen_card,SC_001554,medium,CUST_000623,MERCH_000949,DEV_001420,PM_011516,sme,FR,Lyon,travel,IT,medium,mobile,windows,firefox,credit_card,ES,web,GB,IT,410.29,EUR,21,2,0,0,1,1,1,1,0,0,0,2082,0.247,1,9,1024,1,0,0,1773,0.0594,0,0,0,0,0,116.12818181818182,451.19,3.533078651333558,0.9093508278109002,294.1618181818182,-40.89999999999998,1,0,1,1,0,1,0,49,158,49,119,152.8638775510204,410.3556329113924,152.8638775510204,154.6872268907563,0.0353623188405797,0.0530337078651685,0.0353623188405797,0.0463309352517985,0.042215458937198,0.0725441947565543,0.042215458937198,0.0425386091127098,251.0,251.0,251.0,5788.0,1,1,1,2,2,5,2,2,2,3,0,1,2,1,1,1,5,1,2,29,0,12,0,5,0,8,0,0,1,49,0,29,0,2.684021932278017,0.9998400584611772,2.684021932278017,2.6523844809097024,0,0,1,0,0,0,0,0,2,4,0,0,1,3,0,0.9904422724644836,1,1,high,1,71,0.0015777777777777778,1,1,1,1,true_positive,top_1pct_review_queue,71
TXN_000126505,2026-03-09 01:14:17,2026-03-09,approved,1,stolen_card,SC_001514,medium,CUST_007935,MERCH_000780,DEV_005939,PM_000001,affluent,FR,Marseille,electronics,IT,medium,desktop,android,chrome,credit_card,GB,web,US,IT,826.61,EUR,1,0,0,1,1,1,1,1,0,0,0,2148,0.513,1,5,2511,4,0,0,1947,0.0345,0,0,0,0,0,176.67538461538464,191.23,4.678693649369987,4.32259582701459,649.9346153846154,635.38,1,1,0,0,0,1,0,25,224,56,131,181.87600000000003,173.25879464285714,129.86428571428573,117.27328244274808,0.0764444444444444,0.0263934426229508,0.071578947368421,0.0227814569536423,0.0647303703703703,0.0447248633879781,0.0778008771929824,0.0524030905077262,507007.0,90190.0,100289.0,61776.0,0,0,0,0,0,1,0,0,0,0,0,1,0,0,0,3,5,4,3,25,0,15,0,2,0,3,0,0,1,16,0,14,0,4.54490971870945,4.7709555044747525,6.365183433254496,7.048579035071732,1,1,1,0,0,0,0,0,1,5,0,0,1,1,0,0.9901971056821784,1,1,high,1,72,0.0016,1,1,1,1,true_positive,top_1pct_review_queue,72
TXN_000066211,2026-03-24 01:58:15,2026-03-24,approved,1,stolen_card,SC_001762,medium,CUST_006404,MERCH_000487,DEV_007619,PM_001441,affluent,DE,Hamburg,marketplace,DE,high,mobile,macos,safari,debit_card,ES,mobile,GB,DE,732.84,EUR,1,1,0,1,0,1,1,1,0,0,0,1084,0.659,0,2,1895,3,0,0,2028,0.0245,1,0,0,0,0,69.04838709677419,135.8,10.613426769446392,5.396465390279823,663.7916129032259,597.04,1,1,1,0,0,0,0,29,322,22,0,128.94724137931036,144.39406832298138,123.53227272727273,66.19,0.0089795918367346,0.2615204678362573,0.0104761904761904,0.022,0.0390380952380952,0.0991604288499025,0.0217349206349206,0.0456433333333333,436548.0,436548.0,999999999.0,2939.0,0,0,0,0,0,1,0,0,0,0,1,3,0,0,0,2,0,3,2,0,1,6,0,6,0,4,0,0,1,17,0,0,1,5.683254578857431,5.075277734822041,5.932376890838243,1.0,1,1,0,0,0,0,0,0,4,5,1,1,2,1,0,0.9898433142790032,1,1,high,1,73,0.0016222222222222222,1,1,1,1,true_positive,top_1pct_review_queue,73
TXN_000163909,2026-03-25 23:46:56,2026-03-25,declined,1,merchant_collusion,MC_001047,medium,CUST_009973,MERCH_000660,DEV_003995,PM_001082,sme,ES,Bilbao,marketplace,IT,medium,desktop,android,firefox,credit_card,ES,mobile,ES,IT,790.13,EUR,23,2,0,0,1,0,0,1,0,0,0,3339,0.385,1,9,408,3,1,0,3982,0.0258,0,1,0,1,0,124.00196428571428,46.53,6.37191519143562,16.98108747044917,666.1280357142857,743.6,1,1,0,0,0,1,0,62,323,56,49,153.2561290322581,105.45386996904028,175.1708928571429,157.4985714285714,0.1395121951219512,0.1849562682215743,0.1373684210526315,0.1223188405797101,0.0721081300813008,0.0668013605442176,0.0909587719298245,0.0712009661835748,5547.0,5547.0,169605.0,7781.0,0,0,0,0,2,4,0,1,0,0,0,1,2,1,1,2,3,3,2,62,0,44,0,16,0,6,0,0,1,47,0,41,0,5.155617625143655,7.492660062944781,4.510623809198568,5.01674391604459,1,1,1,0,0,0,0,0,1,5,1,0,1,3,0,0.98976394505063,1,1,high,1,74,0.0016444444444444445,1,1,1,1,true_positive,top_1pct_review_queue,74
TXN_000220265,2026-03-25 03:31:57,2026-03-25,approved,1,merchant_collusion,MC_001042,medium,CUST_001076,MERCH_000566,DEV_005435,PM_001335,mass,ES,Barcelona,digital_services,PT,high,mobile,macos,chrome,credit_card,GB,mobile,FR,PT,127.82,EUR,3,2,0,1,1,1,1,1,0,0,1,954,0.396,1,10,972,3,0,1,1204,0.0426,1,0,1,0,1,33.02285714285714,67.37,3.870652362000346,1.897283657414279,94.79714285714286,60.44999999999999,1,0,1,0,0,1,1,28,287,47,32,77.58857142857143,107.63557491289198,114.42744680851064,74.73625,0.0091666666666666,0.2261889250814332,0.0364179104477611,0.0084615384615384,0.0815180555555555,0.0941787187839305,0.0434756218905472,0.0944782051282051,98513.0,3857.0,98513.0,11504.0,0,0,0,0,0,2,0,2,0,0,0,3,0,0,1,6,2,3,3,25,0,11,0,4,0,3,0,0,1,2,0,24,0,1.6474075710708498,1.187525593684458,1.1170396925302477,1.7102811553964776,0,0,1,1,0,0,0,0,2,7,1,0,2,0,0,0.989709179627544,1,1,high,1,75,0.0016666666666666668,1,1,1,1,true_positive,top_1pct_review_queue,75
TXN_000142600,2026-03-23 23:47:38,2026-03-23,approved,1,account_takeover,ATO_001315,medium,CUST_001772,MERCH_000474,DEV_005593,PM_006450,digital_native,IT,Rome,marketplace,PT,high,mobile,windows,edge,wallet,DE,mobile,US,PT,554.92,EUR,23,0,0,0,1,1,1,1,0,1,0,418,0.394,1,8,489,3,0,1,2390,0.004,1,0,1,0,1,83.31965517241379,70.17,6.660133180480658,7.908222887273763,471.6003448275862,484.75,1,1,0,0,0,1,1,32,236,70,33,106.7378125,89.92266949152543,74.709,103.66909090909093,0.0469230769230769,0.0173437499999999,0.0382222222222222,0.0460377358490566,0.0367858974358974,0.0504408854166666,0.0545874074074074,0.036091823899371,156873.0,156873.0,5532.0,6250.0,0,0,0,0,0,2,0,0,0,1,0,2,0,0,0,4,3,4,2,22,0,24,0,7,0,2,0,0,1,22,0,22,0,5.1989073694010735,6.171080141835616,7.427753015031655,5.352800869900733,1,1,1,1,0,0,0,0,1,7,1,2,2,2,0,0.989708488623634,1,1,high,1,76,0.0016888888888888889,1,1,1,1,true_positive,top_1pct_review_queue,76
TXN_000295631,2026-03-13 02:52:32,2026-03-13,approved,1,stolen_card,SC_001572,medium,CUST_009813,MERCH_000919,DEV_005753,PM_007971,affluent,ES,Valencia,marketplace,IT,low,mobile,android,safari,credit_card,FR,mobile,GB,IT,950.0,EUR,2,4,0,1,1,1,1,1,0,0,0,1976,0.96,0,1,2252,3,0,0,491,0.0304,0,0,0,0,0,218.1555,147.97,4.354691951383303,6.420220314928701,731.8445,802.03,1,1,0,0,0,0,0,19,253,16,78,219.6684210526316,127.59640316205534,281.02125,138.72038461538463,0.0112820512820512,0.0345787545787545,0.0122222222222222,0.0146938775510204,0.0490478632478632,0.0436368742368742,0.0531351851851851,0.0399272108843537,631637.0,631637.0,277076.0,302.0,0,0,0,0,0,0,0,0,0,0,1,2,0,0,0,2,2,3,2,15,0,11,0,2,0,2,0,0,1,14,0,15,0,4.324699906557731,7.445350938250518,3.380527273293389,6.848308578684847,1,1,0,0,0,0,0,0,1,4,1,0,0,1,0,0.9896571268161684,1,1,high,1,77,0.0017111111111111112,1,1,1,1,true_positive,top_1pct_review_queue,77
TXN_000282810,2026-03-16 19:48:32,2026-03-16,approved,1,stolen_card,SC_001631,medium,CUST_000045,MERCH_000308,DEV_003791,PM_007009,digital_native,ES,Valencia,marketplace,PT,medium,mobile,ios,firefox,credit_card,IT,mobile,FR,PT,523.95,EUR,19,0,0,0,1,1,1,1,0,0,0,2327,0.736,0,1,252,3,0,1,720,0.0233,0,0,1,0,1,116.57739130434784,99.29,4.494439223057644,5.276966461879344,407.3726086956522,424.66,1,1,1,0,0,0,0,16,258,16,2,135.265625,99.1293023255814,131.0675,164.375,0.0122222222222222,0.0231654676258992,0.0122222222222222,0.0199999999999999,0.0809129629629629,0.0464491606714628,0.0531351851851851,0.0869484848484848,328963.0,328963.0,5726696.0,49658.0,0,0,0,0,0,1,0,0,0,0,0,3,0,0,0,2,1,3,3,5,0,6,0,1,0,3,0,0,1,9,0,2,0,3.8734896615455705,5.285520907623589,3.997558509928091,3.1875285171102665,1,1,0,0,0,0,0,0,2,4,1,0,1,2,0,0.9895584525998464,1,1,high,1,78,0.0017333333333333333,1,1,1,1,true_positive,top_1pct_review_queue,78
TXN_000124172,2026-03-20 19:14:56,2026-03-20,approved,1,merchant_collusion,MC_001004,medium,CUST_009985,MERCH_000324,DEV_000118,PM_010438,affluent,DE,Hamburg,digital_services,FR,high,mobile,android,chrome,credit_card,US,mobile,FR,FR,401.43,EUR,19,4,0,0,1,1,1,1,0,0,0,2521,0.982,0,1,554,1,0,0,60,0.0608,1,0,0,0,0,175.15470588235294,31.81,2.2918596333325496,12.619616472807294,226.27529411764704,369.62,0,1,1,0,0,0,0,12,274,31,9,181.0966666666667,94.19018248175183,106.1148387096774,171.94111111111113,0.0137499999999999,0.205578231292517,0.028235294117647,0.0151724137931034,0.0285270833333333,0.084737641723356,0.0178993464052287,0.0314781609195402,583802.0,583802.0,686536.0,50136.0,0,0,0,0,0,1,0,0,0,0,0,4,0,0,0,2,1,1,2,12,0,2,0,2,0,2,0,0,1,12,0,9,0,2.2166614515268086,4.26190914406363,3.782977054682085,2.334694695212185,0,1,0,0,0,0,0,0,2,3,1,0,2,1,0,0.989367029275878,1,1,high,1,79,0.0017555555555555556,1,1,1,1,true_positive,top_1pct_review_queue,79
TXN_000215046,2026-03-23 02:32:21,2026-03-23,approved,1,account_takeover,ATO_001326,medium,CUST_001031,MERCH_000977,DEV_004740,PM_011090,affluent,DE,Munich,electronics,IT,medium,mobile,ios,firefox,credit_card,US,web,FR,IT,1200.0,EUR,2,0,0,1,1,1,1,1,0,0,0,1833,0.317,0,1,1521,2,0,0,863,0.0184,0,0,0,0,0,48.0,289.32,25.0,4.14765657403567,1152.0,910.68,1,1,1,1,0,1,0,15,277,56,75,76.79133333333333,231.71837545126357,74.02696428571429,87.31133333333334,0.0125714285714285,0.0115824915824915,0.0321052631578947,0.0151578947368421,0.0260819047619047,0.0468446689113355,0.0514850877192982,0.0517143859649122,111399.0,81224.0,105018.0,27963.0,0,0,0,0,0,1,0,2,0,0,0,3,0,0,1,4,6,2,2,11,0,2,0,4,0,3,0,0,1,11,0,11,0,15.626763436846174,5.178700211681708,16.210309467351422,13.74392022417861,1,1,1,0,0,0,0,0,2,5,0,0,1,1,0,0.9892339109295096,1,1,high,1,80,0.0017777777777777779,1,1,1,1,true_positive,top_1pct_review_queue,80
TXN_000042559,2026-03-23 00:37:27,2026-03-23,approved,1,stolen_card,SC_001742,medium,CUST_005486,MERCH_000926,DEV_005481,PM_004921,sme,PT,Porto,marketplace,ES,low,mobile,android,safari,credit_card,ES,mobile,US,ES,858.47,EUR,0,0,0,1,1,1,1,1,0,0,0,2049,0.916,0,1,3200,3,0,0,1812,0.0363,0,0,0,0,0,84.24785714285714,201.3,10.189814069031003,4.264629905613512,774.2221428571429,657.1700000000001,1,1,1,0,0,0,0,70,356,113,75,153.74214285714288,158.88823033707865,151.40938053097344,136.63520000000003,0.016,0.0118085106382978,0.0183458646616541,0.0151578947368421,0.0101429629629629,0.0423214539007092,0.021901253132832,0.0201354385964912,246694.0,189473.0,191744.0,68331.0,0,0,0,0,0,5,0,0,0,0,0,1,0,0,0,6,4,3,4,65,0,11,0,14,0,22,0,0,1,49,0,50,0,5.583830067970952,5.402980435862182,5.669860064082258,6.282934412215885,1,1,0,0,0,0,0,0,2,4,1,0,0,3,0,0.9891683153846388,1,1,high,1,81,0.0018,1,1,1,1,true_positive,top_1pct_review_queue,81
TXN_000120186,2026-03-16 03:04:01,2026-03-16,declined,1,merchant_collusion,MC_000971,medium,CUST_005464,MERCH_000910,DEV_006898,PM_006553,digital_native,ES,Bilbao,digital_services,IT,high,mobile,ios,firefox,credit_card,DE,mobile,ES,IT,140.19,EUR,3,0,0,1,1,1,0,1,0,0,0,2783,0.834,0,1,139,4,0,0,1411,0.079,1,0,0,0,0,45.888000000000005,19.22,3.055047071129706,7.293964620187305,94.302,120.97,1,1,0,0,0,0,0,41,279,66,145,79.77121951219512,87.40064516129033,101.9028787878788,74.8843448275862,0.0236065573770491,0.2389297658862876,0.0167441860465116,0.0147878787878787,0.047751912568306,0.0966985507246376,0.0454984496124031,0.0297749494949494,67739.0,38784.0,6035.0,69.0,0,0,0,0,1,3,0,2,0,2,2,5,1,1,2,5,6,4,2,27,0,28,0,5,0,3,0,0,1,30,0,27,0,1.757400737474852,1.60399273645282,1.375721683896877,1.8720868870893324,0,0,0,0,0,0,0,0,1,5,1,0,2,2,0,0.989033494381231,1,1,high,1,82,0.0018222222222222223,1,1,1,1,true_positive,top_1pct_review_queue,82
TXN_000297907,2026-03-17 04:06:58,2026-03-17,approved,1,merchant_collusion,MC_000977,medium,CUST_004749,MERCH_000289,DEV_001538,PM_011441,digital_native,ES,Bilbao,digital_services,DE,high,mobile,android,chrome,debit_card,FR,mobile,ES,DE,265.87,EUR,4,1,0,1,1,1,0,1,0,0,1,1340,0.699,0,1,1130,1,1,1,660,0.0799,1,1,1,1,1,68.07891304347827,66.25,3.905320871239578,4.013132075471698,197.79108695652167,199.62,1,1,0,0,0,0,1,49,260,47,51,74.65204081632653,102.0593076923077,74.9272340425532,72.83803921568627,0.0208695652173913,0.2444285714285714,0.0214925373134328,0.020281690140845,0.042215458937198,0.0996888095238095,0.0285502487562189,0.0410262910798122,1736.0,329778.0,1736.0,115711.0,0,0,0,1,1,3,0,0,1,1,0,0,1,1,0,3,2,2,1,49,0,35,0,14,0,2,0,0,1,35,0,49,0,3.561456553534083,2.605053924151191,3.5483760130396016,3.6501531735733863,1,0,0,1,0,0,0,0,1,8,1,1,2,2,0,0.988967228361906,1,1,high,1,83,0.0018444444444444443,1,1,1,1,true_positive,top_1pct_review_queue,83
TXN_000272884,2026-03-18 04:35:00,2026-03-18,approved,1,merchant_collusion,MC_000985,medium,CUST_005437,MERCH_000487,DEV_005801,PM_001015,digital_native,FR,Paris,marketplace,DE,high,mobile,macos,safari,credit_card,US,mobile,DE,DE,461.66,EUR,4,2,0,1,1,1,1,1,0,0,0,3324,0.798,0,2,1371,4,0,0,2028,0.0245,1,0,0,0,0,60.87789473684211,135.8,7.583376560500744,3.399558173784978,400.7821052631579,325.86,1,1,0,0,0,0,0,42,308,120,77,93.775,144.86097402597403,124.6395,96.66246753246752,0.0554838709677419,0.2665853658536585,0.0317142857142857,0.0354639175257731,0.0469817204301075,0.1003441056910569,0.0422347619047619,0.0403388316151202,159318.0,13554.0,33229.0,4488.0,0,0,0,0,0,4,0,1,0,1,0,2,0,0,1,8,4,5,1,42,0,32,0,5,0,4,0,0,1,25,0,42,0,4.923060517195415,3.186917685071087,3.7039622270628496,4.776000569662005,1,1,0,0,0,0,0,0,1,5,1,0,2,2,0,0.9885727897350997,1,1,high,1,84,0.0018666666666666666,1,1,1,1,true_positive,top_1pct_review_queue,84
TXN_000082708,2026-03-26 08:22:50,2026-03-26,approved,1,stolen_card,SC_001800,medium,CUST_000524,MERCH_000909,DEV_003164,PM_011403,affluent,IT,Rome,marketplace,ES,high,desktop,android,chrome,credit_card,US,mobile,US,ES,791.6,EUR,8,3,0,0,1,1,1,1,0,0,0,1542,0.773,0,2,1996,2,0,0,1147,0.0412,1,0,0,0,0,228.1868,140.75,3.469087607170967,5.624156305506217,563.4132,650.85,1,1,0,0,0,0,0,17,341,12,89,282.94470588235293,117.79953079178884,285.7,78.2991011235955,0.0118918918918918,0.0344598337950138,0.0137499999999999,0.0040366972477064,0.024672072072072,0.0745508771929824,0.0285270833333333,0.0358978593272171,3313602.0,3313602.0,8995.0,59163.0,0,0,0,0,0,0,0,0,0,1,0,1,0,0,0,1,5,2,3,17,0,12,0,2,0,4,0,0,1,12,0,4,0,2.7977197789632564,6.719890942512803,2.7707385369268467,10.1099500331486,0,1,0,0,0,0,0,0,1,4,1,0,2,1,0,0.988537538938541,1,1,high,1,85,0.001888888888888889,1,1,1,1,true_positive,top_1pct_review_queue,85
TXN_000173862,2026-03-18 17:52:08,2026-03-18,approved,0,none,,none,CUST_005186,MERCH_000066,DEV_007855,PM_011008,digital_native,ES,Barcelona,electronics,DE,medium,mobile,ios,edge,credit_card,US,mobile,ES,DE,260.5,EUR,17,2,0,0,1,1,0,1,0,1,0,2488,0.896,0,1,685,2,0,0,2159,0.0407,0,0,0,0,0,65.96538461538461,48.88,3.9490408722523473,5.3293780687397705,194.5346153846154,211.62,1,1,0,0,0,0,1,18,311,25,8,159.45333333333332,130.7248874598071,174.84759999999997,64.75125,0.0642105263157894,0.1946827794561933,0.0542222222222222,0.0157142857142857,0.0240228070175438,0.0843289023162135,0.0425081481481481,0.0326023809523809,441867.0,411038.0,419257.0,33586.0,0,0,0,0,0,1,0,0,0,0,0,3,0,0,0,3,2,3,4,13,0,13,0,1,0,1,0,0,1,6,0,1,0,1.6337068316748893,1.9927345516368775,1.4898688915375449,4.023088357367619,0,0,0,1,0,0,0,0,1,4,1,0,1,2,0,0.9883404975559568,1,1,high,1,86,0.001911111111111111,1,1,1,1,false_positive,top_1pct_review_queue,86
TXN_000106512,2026-03-20 19:50:59,2026-03-20,approved,1,stolen_card,SC_001701,medium,CUST_003204,MERCH_000427,DEV_004788,PM_006516,affluent,PT,Braga,digital_services,PT,medium,desktop,android,safari,credit_card,PT,web,US,PT,950.0,EUR,19,4,0,0,0,0,1,1,0,0,0,2453,0.841,0,1,1953,2,0,0,827,0.0201,0,0,0,0,0,157.60479999999998,43.8,6.02773519588236,21.68949771689498,792.3952,906.2,1,1,1,0,0,0,0,26,234,68,42,195.38153846153847,65.30286324786326,201.77705882352944,209.2069047619048,0.0095652173913043,0.0450393700787401,0.1072727272727272,0.0232258064516129,0.0198449275362318,0.0429640419947506,0.1012825757575757,0.030852688172043,176231.0,299240.0,47356.0,73178.0,0,0,0,0,0,1,0,0,0,1,0,2,0,0,0,5,4,2,2,26,0,9,0,6,0,6,0,0,1,17,0,22,0,4.862281295768437,14.547601020098984,4.708166555400398,4.540959109744397,1,1,0,0,0,0,0,0,2,3,0,0,1,1,0,0.9880389684575076,1,1,high,1,87,0.0019333333333333333,1,1,1,1,true_positive,top_1pct_review_queue,87
TXN_000194986,2026-03-25 18:56:26,2026-03-25,approved,1,stolen_card,SC_001786,medium,CUST_003492,MERCH_000826,DEV_005798,PM_011648,mass,DE,Munich,digital_services,FR,medium,desktop,linux,safari,debit_card,ES,web,US,FR,876.06,EUR,18,2,0,0,1,1,1,1,0,0,0,1408,0.516,1,11,554,1,0,0,587,0.0647,0,0,0,0,0,323.8275,6.02,2.705329226208398,145.5249169435216,552.2325,870.04,0,1,1,0,0,1,0,3,242,25,33,217.2433333333333,47.15714876033058,198.76120000000003,80.17424242424242,0.0191304347826086,0.0474809160305343,0.0542222222222222,0.0271698113207547,0.0831681159420289,0.0645529262086514,0.1091748148148148,0.0738276729559748,6800700.0,213926.0,245269.0,9605.0,0,0,0,0,0,0,0,0,0,0,0,1,0,0,0,2,4,1,1,3,0,1,0,0,1,0,1,0,1,3,0,3,0,4.032620870605926,18.577459049792196,4.407600678603267,10.926950770102994,1,1,1,0,0,0,0,0,4,3,0,1,1,0,0,0.9872283842962812,1,1,high,1,88,0.0019555555555555554,1,1,1,1,true_positive,top_1pct_review_queue,88
TXN_000215564,2026-03-10 01:37:29,2026-03-10,approved,1,account_takeover,ATO_001184,medium,CUST_007129,MERCH_000582,DEV_006805,PM_002172,digital_native,ES,Bilbao,travel,ES,medium,mobile,ios,chrome,wallet,ES,mobile,FR,ES,397.68,EUR,1,1,0,1,0,0,1,1,0,0,0,405,0.101,0,1,665,3,1,0,2711,0.0586,0,1,0,1,0,36.982600000000005,40.0,10.75316500191982,9.942,360.6974,357.68,1,1,0,1,1,1,0,41,228,61,46,65.53243902439026,128.19486842105263,79.26147540983607,59.114782608695656,0.04,0.03,0.0301234567901234,0.0218181818181818,0.0149650273224043,0.0359389784946236,0.0483069958847736,0.0138313131313131,69715.0,69715.0,260087.0,6278.0,0,0,0,0,1,7,0,1,0,0,0,3,1,1,1,2,2,3,2,41,0,31,0,4,0,25,0,0,1,34,0,30,0,6.068444970467055,3.1021522538158908,5.017317655818571,6.727251331234738,1,1,1,0,0,0,0,0,1,6,1,2,1,2,0,0.9872069005215856,1,1,high,1,89,0.001977777777777778,1,1,1,1,true_positive,top_1pct_review_queue,89
TXN_000086596,2026-03-24 18:12:38,2026-03-24,approved,1,stolen_card,SC_001766,medium,CUST_008937,MERCH_000744,DEV_001208,PM_009934,mass,ES,Madrid,digital_services,IT,high,desktop,macos,firefox,credit_card,GB,web,DE,IT,99.31,EUR,18,1,0,0,1,1,1,1,0,0,0,1307,0.942,0,3,95,2,1,0,1013,0.0519,1,1,0,1,0,43.34304347826087,5.0,2.291255805555277,19.862,55.966956521739135,94.31,0,1,0,0,0,0,0,27,223,58,27,77.5351851851852,51.50399103139014,148.35224137931036,77.5351851851852,0.0306382978723404,0.05119341563786,0.0184615384615384,0.0306382978723404,0.0194226950354609,0.0984068587105624,0.0117034188034188,0.0194226950354609,743959.0,69229.0,743959.0,33571.0,0,0,0,0,0,0,0,1,0,0,0,1,0,0,1,4,1,1,1,27,0,21,0,1,0,0,1,0,1,27,0,27,0,1.2808378513936325,1.9282000872412688,0.6694202869917008,1.2808378513936325,0,0,0,0,0,0,0,0,2,4,0,0,2,0,0,0.9871742324319328,1,1,high,1,90,0.002,1,1,1,1,true_positive,top_1pct_review_queue,90
TXN_000092616,2026-03-24 20:32:17,2026-03-24,approved,1,merchant_collusion,MC_001036,medium,CUST_004039,MERCH_000500,DEV_002422,PM_009608,mass,ES,Bilbao,marketplace,IT,medium,mobile,android,chrome,debit_card,FR,web,PT,IT,370.47,EUR,20,1,0,0,1,1,1,1,0,0,0,1647,0.764,0,1,1452,1,0,0,60,0.0399,0,0,0,0,0,29.566666666666663,218.07,12.52998872604284,1.698858164809465,340.90333333333336,152.40000000000003,1,0,0,0,0,0,0,9,319,61,27,53.087777777777774,187.0855172413793,56.37081967213115,110.1125925925926,0.0151724137931034,0.2018879056047197,0.005432098765432,0.0093617021276595,0.0314781609195402,0.0705394296951819,0.0359613168724279,0.0194226950354609,1614055.0,83650.0,425702.0,62834.0,0,0,0,0,0,0,0,1,0,0,0,5,0,0,1,4,3,1,1,9,0,7,0,3,0,0,1,0,1,9,0,9,0,6.978442411938301,1.980217418550985,6.572017262739123,3.3644653284180506,1,0,0,0,0,0,0,0,2,2,0,1,1,0,0,0.9869136220684116,1,1,high,1,91,0.002022222222222222,1,1,1,1,true_positive,top_1pct_review_queue,91
TXN_000075106,2026-03-14 03:00:15,2026-03-14,approved,1,stolen_card,SC_001589,medium,CUST_006271,MERCH_000523,DEV_007310,PM_000421,mass,PT,Braga,digital_services,FR,medium,mobile,ios,safari,debit_card,ES,web,DE,FR,132.21,EUR,3,5,1,1,1,1,1,1,0,0,0,3037,0.863,0,1,2125,1,0,0,60,0.0722,0,0,0,0,0,15.880833333333332,54.27,8.325129873537284,2.4361525704809286,116.32916666666668,77.94,1,0,1,0,0,0,0,26,226,168,26,34.33230769230769,65.74181415929205,94.48934523809524,34.33230769230769,0.0095652173913043,0.0343089430894308,0.0076595744680851,0.0095652173913043,0.0415840579710144,0.0524913279132791,0.0367705673758865,0.0415840579710144,451934.0,20179.0,451934.0,87719.0,0,0,0,0,0,2,0,1,0,0,0,0,0,0,1,6,1,1,1,26,0,2,0,1,0,1,0,0,1,26,0,26,0,3.850891736870408,2.0110488536208617,1.3992053777794298,3.850891736870408,1,0,0,0,0,0,0,0,2,3,0,1,1,0,0,0.9868479231695652,1,1,high,1,92,0.0020444444444444447,1,1,1,1,true_positive,top_1pct_review_queue,92
TXN_000137923,2026-03-25 02:12:47,2026-03-25,declined,1,stolen_card,SC_001778,medium,CUST_008435,MERCH_000097,DEV_000628,PM_001390,digital_native,DE,Hamburg,electronics,ES,medium,mobile,android,chrome,debit_card,ES,mobile,FR,ES,464.93,EUR,2,2,0,1,1,1,1,1,0,0,0,824,0.723,0,1,833,3,1,2,2077,0.0204,0,1,1,1,2,14.041639344262297,118.85,33.11080626707451,3.9119057635675225,450.8883606557377,346.08000000000004,1,1,1,0,0,0,0,49,332,104,84,72.11714285714287,144.22626506024096,146.85634615384615,58.07666666666666,0.0208695652173913,0.0211363636363636,0.0035483870967741,0.0042307692307692,0.0856937198067632,0.0395251893939393,0.0557489247311828,0.0376237179487179,258008.0,19362.0,11637.0,5707.0,0,0,0,0,0,3,0,2,0,1,0,3,0,0,1,6,3,4,4,32,0,13,0,8,0,14,0,0,1,7,0,32,0,6.446872152450378,3.2236153366781446,3.1658829337408485,8.005452562704471,1,1,0,0,0,0,0,0,2,6,1,1,1,2,0,0.9868037676863596,1,1,high,1,93,0.0020666666666666667,1,1,1,1,true_positive,top_1pct_review_queue,93
TXN_000216847,2026-03-16 03:45:12,2026-03-16,approved,1,stolen_card,SC_001622,medium,CUST_005395,MERCH_000552,DEV_004134,PM_005913,mass,FR,Paris,travel,DE,high,tablet,ios,safari,credit_card,GB,web,DE,DE,23.86,EUR,3,0,0,1,1,1,1,1,0,0,0,1363,0.871,0,2,30,2,0,0,1884,0.0427,1,0,0,0,0,27.23652173913044,508.18,0.8760296277376922,0.0469518674485418,-3.376521739130439,-484.32,0,0,0,0,0,0,0,22,146,45,32,58.96454545454546,509.0756849315069,58.75911111111111,78.03,0.0104761904761904,0.0267469879518072,0.0067692307692307,0.0084615384615384,0.093163492063492,0.0356196787148594,0.0755825641025641,0.0752474358974359,418014.0,418014.0,418014.0,455850.0,0,0,0,0,0,1,0,0,0,0,0,0,0,0,0,2,4,2,1,22,0,15,0,0,1,1,0,0,1,11,0,22,0,0.4046499437258136,0.0468692587492373,0.406064685949413,0.3057798282711777,0,0,0,0,0,0,0,0,2,3,0,0,2,0,0,0.9865839589693568,1,1,high,1,94,0.002088888888888889,1,1,1,1,true_positive,top_1pct_review_queue,94
TXN_000215367,2026-03-10 01:23:17,2026-03-10,declined,1,stolen_card,SC_001535,medium,CUST_007895,MERCH_000518,DEV_005478,PM_003066,mass,ES,Barcelona,marketplace,DE,low,mobile,android,chrome,credit_card,ES,web,IT,DE,231.3,EUR,1,1,0,1,1,0,1,1,0,0,0,2003,0.843,0,1,2059,2,0,0,1761,0.0454,0,0,0,0,0,27.96393939393939,52.22,8.271366803567366,4.429337418613558,203.3360606060606,179.08,1,1,1,0,0,0,0,21,245,45,26,44.60428571428572,81.83514285714286,64.73355555555555,45.88961538461539,0.0107317073170731,0.016754716981132,0.0067692307692307,0.0095652173913043,0.0222650406504065,0.0298598742138364,0.0140441025641025,0.0415840579710144,679968.0,95606.0,679968.0,74150.0,0,0,0,0,0,0,0,0,0,0,0,2,0,0,0,4,2,1,1,21,0,4,0,3,0,1,0,0,1,21,0,21,0,5.185600358709926,2.8264140798748705,3.573108228258743,5.040356038319378,1,0,0,0,0,0,0,0,2,4,0,0,0,0,0,0.986576012419168,1,1,high,1,95,0.002111111111111111,1,1,1,1,true_positive,top_1pct_review_queue,95
TXN_000029881,2026-03-13 01:42:51,2026-03-13,approved,1,merchant_collusion,MC_000941,medium,CUST_009772,MERCH_000289,DEV_001681,PM_002802,digital_native,ES,Madrid,digital_services,DE,high,mobile,ios,chrome,credit_card,ES,mobile,US,DE,109.42,EUR,1,4,0,1,1,0,1,1,1,0,1,2758,0.254,0,5,1027,1,0,0,660,0.0799,1,0,0,0,0,59.13666666666667,66.25,1.850290288033369,1.651622641509434,50.28333333333333,43.17,0,0,0,1,0,1,1,26,252,100,56,117.61384615384615,102.79309523809523,97.0933,101.71857142857142,0.0095652173913043,0.2479411764705882,0.012,0.0057894736842105,0.0633231884057971,0.1026208333333333,0.0492738888888888,0.0646429824561403,107736.0,1334.0,107736.0,5644.0,0,0,0,0,0,1,2,3,0,0,0,1,0,0,3,7,4,2,1,26,0,20,0,1,0,4,0,0,1,18,0,26,0,0.930332640060694,1.0644683842485252,1.1269572668762933,1.0757131019760404,0,0,1,1,0,0,0,0,1,5,1,0,2,2,0,0.9857347913309678,1,1,high,1,96,0.0021333333333333334,1,1,1,1,true_positive,top_1pct_review_queue,96
TXN_000177855,2026-03-15 05:37:13,2026-03-15,approved,1,account_takeover,ATO_001244,medium,CUST_008538,MERCH_000737,DEV_005377,PM_009226,sme,ES,Barcelona,travel,IT,medium,mobile,android,chrome,bank_transfer,US,mobile,IT,IT,700.9,EUR,5,6,1,1,1,1,1,1,0,0,0,3285,0.533,1,7,1800,3,1,0,2643,0.0352,0,1,0,1,0,238.39647058823527,87.2,2.9400603048801552,8.037844036697248,462.5035294117647,613.6999999999999,0,1,0,0,0,1,0,25,184,8,24,227.3004,166.3058695652174,113.46999999999998,205.58541666666667,0.032,0.0168627450980392,0.0157142857142857,0.0327272727272727,0.0869525925925926,0.0436905228758169,0.0326023809523809,0.0434742424242424,536195.0,1259994.0,82104.0,6273.0,0,0,0,0,0,1,0,0,0,1,0,1,0,0,0,2,2,3,3,20,0,15,0,3,0,1,0,0,1,3,0,19,0,3.0835845427460757,4.2145235272356985,6.176963073940249,3.409288515519705,1,1,1,0,0,0,0,0,1,5,1,3,1,3,0,0.9855676534967902,1,1,high,1,97,0.0021555555555555555,1,1,1,1,true_positive,top_1pct_review_queue,97
TXN_000130160,2026-03-11 05:16:23,2026-03-11,declined,1,stolen_card,SC_001545,medium,CUST_004901,MERCH_000567,DEV_004745,PM_004566,mass,ES,Barcelona,digital_services,ES,high,desktop,macos,chrome,credit_card,GB,mobile,ES,ES,792.93,EUR,5,2,0,1,0,1,0,1,0,0,0,873,0.917,0,2,77,2,0,0,237,0.0616,1,0,0,0,0,5.981739130434783,87.36,132.55843872655907,9.07657967032967,786.9482608695652,705.5699999999999,1,1,1,0,0,0,0,18,257,24,40,53.13,87.91501945525292,95.35625,105.01575,0.011578947368421,0.0304693140794223,0.0099999999999999,0.0406666666666666,0.050338596491228,0.0646673886883273,0.0434742424242424,0.0485477777777777,272230.0,14385.0,272230.0,46137.0,0,0,0,0,0,1,0,1,0,0,0,1,0,0,1,3,3,1,2,15,0,4,0,0,1,13,0,0,1,18,0,15,0,14.924336533032184,9.019277990418765,8.315448646522906,7.550581698459516,1,1,0,0,0,0,0,0,3,5,1,0,2,0,0,0.9846194663612262,1,1,high,1,98,0.0021777777777777776,1,1,1,1,true_positive,top_1pct_review_queue,98
TXN_000149099,2026-03-10 04:44:51,2026-03-10,approved,1,merchant_collusion,MC_000918,medium,CUST_004515,MERCH_000345,DEV_003179,PM_011018,mass,ES,Bilbao,digital_services,IT,high,mobile,android,edge,credit_card,DE,web,ES,IT,310.19,EUR,4,1,0,1,1,1,0,1,1,0,0,1683,0.946,0,2,1828,1,0,0,1029,0.0653,1,0,0,0,0,45.99619047619048,65.35,6.743819363922478,4.746595256312165,264.19380952380953,244.84,1,1,1,0,0,0,0,26,253,30,8,112.0526923076923,87.91806324110672,125.41266666666664,73.42750000000001,0.0095652173913043,0.2397069597069597,0.0087999999999999,0.0157142857142857,0.0415840579710144,0.0949189255189255,0.0382573333333333,0.0326023809523809,98432.0,98432.0,98432.0,15141.0,0,0,0,0,0,5,0,0,0,0,0,3,0,0,0,3,1,1,2,8,0,3,0,2,0,0,1,0,1,26,0,8,0,2.768251200499765,3.528171442418313,2.4733546319085264,4.22443907255456,0,1,0,0,0,0,0,0,3,5,0,0,2,0,0,0.9843408360216456,1,1,high,1,99,0.0022,1,1,1,1,true_positive,top_1pct_review_queue,99
TXN_000266824,2026-03-15 02:25:14,2026-03-15,declined,1,stolen_card,SC_001607,medium,CUST_001544,MERCH_000402,DEV_004004,PM_000827,mass,ES,Sevilla,travel,FR,high,mobile,macos,safari,debit_card,ES,web,IT,FR,34.14,EUR,2,6,1,1,1,0,1,1,0,0,0,2703,0.789,0,1,793,1,0,0,2341,0.0263,1,0,0,0,0,18.38086956521739,271.15,1.857365881351121,0.1259081689101973,15.759130434782609,-237.01,0,0,1,0,0,0,0,23,172,47,6,29.877391304347825,273.6139534883721,98.62829787234044,74.28833333333334,0.0102325581395348,0.0439583333333333,0.0364179104477611,0.0169230769230769,0.021229457364341,0.0672545138888888,0.0733263681592039,0.0351102564102564,72219.0,72219.0,366599.0,8231.0,0,0,0,0,1,5,0,1,0,0,0,2,1,1,1,5,2,1,2,4,0,1,0,0,1,4,0,0,1,23,0,4,0,1.1426700427835503,0.1247743383140394,0.3461481211425662,0.4595607206156192,0,0,0,0,0,0,0,0,3,3,0,1,2,0,0,0.9840832930120272,1,1,high,1,100,0.0022222222222222222,1,1,1,1,true_positive,top_1pct_review_queue,100
TXN_000058069,2026-03-20 19:48:49,2026-03-20,approved,1,stolen_card,SC_001700,medium,CUST_004506,MERCH_000275,DEV_005617,PM_001989,mass,ES,Bilbao,travel,PT,high,mobile,windows,edge,credit_card,FR,web,FR,PT,876.01,EUR,19,4,0,0,1,1,1,1,0,0,0,2142,0.837,0,1,1644,1,0,1,1813,0.056,1,0,1,0,1,31.07103448275862,229.05,28.19378287794376,3.824536127483082,844.9389655172414,646.96,1,1,0,0,0,0,0,28,167,37,21,94.52464285714284,245.71467065868265,95.57216216216216,56.05333333333334,0.0091666666666666,0.0397860962566844,0.007719298245614,0.0351219512195121,0.0398513888888888,0.0583575757575757,0.0335590643274853,0.0466552845528455,169875.0,94676.0,151608.0,137707.0,0,0,0,0,0,1,0,0,0,0,0,0,0,0,0,2,2,1,3,5,0,24,0,1,0,1,0,0,1,28,0,5,0,9.267530387011703,3.5651513914561828,9.165953559925004,15.628151760228352,1,1,0,0,0,0,0,0,1,5,0,0,2,0,0,0.9836226859469448,1,1,high,1,101,0.0022444444444444443,1,1,1,1,true_positive,top_1pct_review_queue,101
TXN_000299184,2026-03-23 05:09:55,2026-03-23,approved,1,account_takeover,ATO_001317,medium,CUST_006507,MERCH_000460,DEV_005903,PM_004582,sme,DE,Munich,electronics,ES,medium,desktop,macos,chrome,credit_card,ES,web,IT,ES,866.04,EUR,5,0,0,1,1,1,1,1,1,0,0,2169,0.218,0,2,2271,1,0,0,3178,0.0238,0,0,0,0,0,92.06483146067416,235.77,9.406849350177025,3.6732408703397375,773.9751685393258,630.27,1,1,1,1,0,1,0,87,377,90,70,189.74678160919535,196.80689655172415,187.292,104.92657142857142,0.0414953271028037,0.1270528967254408,0.0403636363636363,0.0048888888888888,0.0739520249221183,0.0501583543240974,0.0719351515151515,0.0545874074074074,356550.0,356550.0,685.0,13217.0,0,0,0,0,0,5,0,0,1,1,0,5,0,0,0,3,4,1,3,15,0,23,0,17,0,29,0,0,1,87,0,15,0,4.564188086118403,4.400455548936467,4.624009567947377,8.253772025607024,1,1,1,0,0,0,0,0,2,5,0,0,1,3,0,0.9835893958032916,1,1,high,1,102,0.002266666666666667,1,1,1,1,true_positive,top_1pct_review_queue,102
TXN_000172355,2026-03-14 07:01:33,2026-03-14,declined,1,stolen_card,SC_001592,medium,CUST_005832,MERCH_000108,DEV_007893,PM_006066,mass,DE,Hamburg,travel,FR,medium,mobile,windows,firefox,debit_card,ES,web,PT,FR,53.57,EUR,7,5,1,0,1,1,1,1,0,0,0,2258,0.278,1,5,30,1,0,0,1798,0.0362,0,0,0,0,0,44.89214285714286,304.45,1.193304587185158,0.1759566431269502,8.677857142857142,-250.88,0,0,1,1,0,1,0,14,174,14,31,99.96642857142857,334.55436781609194,99.96642857142857,90.90193548387096,0.0129411764705882,0.0383505154639175,0.0129411764705882,0.0086274509803921,0.0856725490196078,0.0614065292096219,0.0856725490196078,0.0963307189542483,790627.0,790627.0,179489.0,10164.0,0,0,0,0,0,0,0,0,0,0,0,2,0,0,0,1,3,1,2,13,0,2,0,1,0,2,0,0,1,14,0,13,0,0.5358799025387094,0.1601234512336362,0.5358799025387094,0.5893163849025536,0,0,1,0,0,0,0,0,2,3,0,1,1,0,0,0.9833543740141716,1,1,high,1,103,0.002288888888888889,1,1,1,1,true_positive,top_1pct_review_queue,103
TXN_000221786,2026-03-25 22:11:28,2026-03-25,declined,1,stolen_card,SC_001791,medium,CUST_005258,MERCH_000945,DEV_000118,PM_009999,mass,IT,Turin,marketplace,ES,low,mobile,android,chrome,debit_card,DE,web,FR,ES,191.81,EUR,22,2,0,0,1,1,1,1,0,0,0,1984,0.982,0,1,1631,1,0,0,166,0.0456,0,0,0,0,0,22.203333333333333,43.55,8.638792974027924,4.404362801377727,169.60666666666668,148.26,1,1,1,0,0,0,0,20,363,35,54,68.0155,74.0461432506887,116.96742857142856,77.35462962962963,0.036,0.0272584856396866,0.0443636363636363,0.0329729729729729,0.0228216666666666,0.0337150565709312,0.0165975757575757,0.039363063063063,174979.0,174979.0,174979.0,59021.0,0,0,0,0,0,1,0,0,0,0,0,2,0,0,0,2,3,1,1,20,0,6,0,4,0,3,0,0,1,20,0,20,0,2.820092478920246,2.590411756499093,1.6398582267102442,2.479618878900686,0,0,0,0,0,0,0,0,2,3,0,1,0,0,0,0.983095232010776,1,1,high,1,104,0.002311111111111111,1,1,1,1,true_positive,top_1pct_review_queue,104
TXN_000199426,2026-03-12 21:10:10,2026-03-12,approved,1,merchant_collusion,MC_000938,medium,CUST_008714,MERCH_000487,DEV_007217,PM_010234,digital_native,ES,Sevilla,marketplace,DE,high,mobile,macos,chrome,credit_card,FR,mobile,GB,DE,270.06,EUR,21,3,0,0,1,1,1,1,0,0,0,30,0.785,0,2,178,3,0,0,2028,0.0245,1,0,0,0,0,61.62192307692308,135.8,4.382531192070754,1.9886597938144328,208.4380769230769,134.26,1,0,0,0,0,0,0,43,291,122,27,80.60441860465117,146.463264604811,85.09131147540985,87.35666666666667,0.0228571428571428,0.2618649517684887,0.0101408450704225,0.0306382978723404,0.014489947089947,0.1026137191854233,0.0205131455399061,0.0194226950354609,131759.0,78569.0,131759.0,59593.0,0,0,0,0,0,3,0,1,0,0,0,1,0,0,1,6,1,4,2,27,0,28,0,9,0,3,0,0,1,32,0,27,0,3.350436671773432,1.8438753275688569,3.173767042925921,3.0914641126416607,1,0,0,0,0,0,0,0,1,3,1,0,2,2,0,0.9829214676516976,1,1,high,1,105,0.0023333333333333335,1,1,1,1,true_positive,top_1pct_review_queue,105
TXN_000209353,2026-03-13 15:41:40,2026-03-13,approved,1,stolen_card,SC_001581,medium,CUST_002161,MERCH_000387,DEV_003086,PM_006074,mass,ES,Barcelona,electronics,IT,medium,mobile,ios,safari,debit_card,US,web,PT,IT,367.43,EUR,15,4,0,0,1,1,1,1,0,0,0,30,0.773,0,1,2551,1,0,0,2278,0.0211,0,0,0,0,0,68.63541666666667,118.33,5.353358628016391,3.105129721963999,298.7945833333333,249.1,1,1,1,0,0,0,0,24,239,50,38,42.47625,141.3845188284519,159.5194,63.08105263157896,0.2145454545454545,0.0364478764478764,0.1348571428571428,0.0248275862068965,0.1798378787878788,0.0421346203346203,0.1416123809523809,0.0502218390804597,136328.0,136328.0,136328.0,46897.0,0,0,0,0,0,1,0,0,0,0,0,2,0,0,0,4,3,1,2,24,0,12,0,2,0,3,0,0,1,24,0,15,0,8.650245725552514,2.598799380898408,2.3033562062043864,5.824728419577151,1,0,0,0,0,0,0,0,2,3,0,1,1,0,0,0.9829178058158152,1,1,high,1,106,0.0023555555555555556,1,1,1,1,true_positive,top_1pct_review_queue,106
TXN_000170154,2026-03-24 21:42:03,2026-03-24,approved,1,merchant_collusion,MC_001037,medium,CUST_002904,MERCH_000819,DEV_007355,PM_002076,sme,DE,Munich,marketplace,ES,medium,mobile,windows,chrome,credit_card,DE,mobile,US,ES,850.0,EUR,21,1,0,0,1,0,1,1,1,0,0,1038,0.84,0,1,1474,3,1,0,868,0.0197,0,1,0,1,0,218.6235,201.14,3.887962638966077,4.225912299890624,631.3765,648.86,1,1,0,0,0,0,0,14,335,39,39,313.1478571428571,166.84970149253732,116.2,201.4479487179487,0.0129411764705882,0.1787042253521126,0.007457627118644,0.0244067796610169,0.0268490196078431,0.0448249765258216,0.0154723163841807,0.0324214689265536,936324.0,239252.0,70425.0,1682.0,0,0,0,0,0,0,0,0,0,1,1,2,0,0,0,3,4,2,3,13,0,8,0,1,0,5,0,0,1,10,0,11,0,2.7143727175889074,5.094405278501609,7.314974182444062,4.219452247637935,0,1,0,0,0,0,0,0,1,4,1,0,1,3,0,0.9827552279711036,1,1,high,1,107,0.0023777777777777777,1,1,1,1,true_positive,top_1pct_review_queue,107
TXN_000087841,2026-03-10 06:25:57,2026-03-10,declined,1,merchant_collusion,MC_000919,medium,CUST_005722,MERCH_000566,DEV_004689,PM_002539,mass,ES,Madrid,digital_services,PT,high,mobile,android,safari,credit_card,ES,mobile,PT,PT,71.27,EUR,6,1,0,0,1,0,1,1,1,1,0,1554,0.824,0,2,702,2,0,0,1204,0.0426,1,0,0,0,0,9.491875,67.37,7.508527029696451,1.0578892682202758,61.778125,3.899999999999992,1,0,0,0,0,0,1,40,250,50,10,69.1235,102.90392,190.5464,46.788,0.1073333333333333,0.2201481481481481,0.0205714285714285,0.0813333333333333,0.0152144444444444,0.077455061728395,0.0130409523809523,0.0304288888888888,279861.0,51115.0,279861.0,10578.0,0,0,0,0,0,5,0,1,0,0,0,3,0,0,1,4,1,2,2,40,0,24,0,6,0,0,1,0,1,26,0,10,0,1.031053115076638,0.6925878042352517,0.3740296326773951,1.5232538257672907,0,0,0,1,0,0,0,0,2,4,1,0,2,0,0,0.9826221278842312,1,1,high,1,108,0.0024,1,1,1,1,true_positive,top_1pct_review_queue,108
TXN_000198218,2026-03-12 22:24:54,2026-03-12,approved,1,account_takeover,ATO_001212,medium,CUST_004830,MERCH_000723,DEV_007442,PM_006177,sme,IT,Turin,travel,DE,high,desktop,windows,chrome,debit_card,ES,mobile,FR,DE,1115.99,EUR,22,3,0,0,1,1,1,1,0,0,0,3035,0.433,1,8,1608,1,0,0,1828,0.0627,1,0,0,0,0,162.25818181818184,240.85,6.877865803097196,4.633547851359768,953.7318181818182,875.14,1,1,1,0,0,1,0,42,148,45,35,262.7959523809524,268.18986486486483,246.83822222222224,139.7557142857143,0.0393548387096774,0.0204761904761904,0.0375384615384615,0.0079999999999999,0.063110752688172,0.0709099206349206,0.0601979487179487,0.0347793939393939,99829.0,99829.0,581456.0,5807.0,0,0,0,0,0,6,0,0,0,0,0,2,0,0,0,2,3,1,4,9,0,5,0,4,0,5,0,0,1,42,0,5,0,4.246602696461042,4.161193789192309,4.521139351730148,7.985290660233672,1,1,1,0,0,0,0,0,2,5,1,1,2,3,0,0.9826141275932008,1,1,high,1,109,0.0024222222222222223,1,1,1,1,true_positive,top_1pct_review_queue,109
TXN_000252935,2026-03-18 23:45:21,2026-03-18,approved,1,stolen_card,SC_001665,medium,CUST_004508,MERCH_000894,DEV_004462,PM_010295,mass,FR,Lyon,marketplace,ES,high,mobile,windows,chrome,credit_card,ES,mobile,GB,ES,175.14,EUR,23,2,0,0,1,1,1,1,0,0,0,2183,0.432,1,9,2339,2,0,0,687,0.033,1,0,0,0,0,20.81955555555556,35.48,8.412283323371188,4.9363021420518605,154.32044444444443,139.66,1,1,0,0,0,1,0,41,314,120,64,48.23317073170732,65.77754777070064,56.118583333333326,89.60234374999999,0.04,0.0162874251497005,0.0245714285714285,0.0409523809523809,0.0313584699453551,0.0476433133732534,0.0708061904761904,0.0584865079365079,65329.0,65329.0,26977.0,12557.0,0,0,0,0,1,4,0,1,0,2,0,4,1,1,1,4,3,2,1,41,0,27,0,12,0,11,0,0,1,29,0,41,0,3.631111066162341,2.662610661779836,3.1208913268480587,1.9546363707701564,1,0,1,0,0,0,0,0,1,5,1,0,2,0,0,0.9824203620061868,1,1,high,1,110,0.0024444444444444444,1,1,1,1,true_positive,top_1pct_review_queue,110
TXN_000243631,2026-03-13 22:53:21,2026-03-13,declined,1,merchant_collusion,MC_000948,medium,CUST_005439,MERCH_000566,DEV_007487,PM_005398,sme,ES,Barcelona,digital_services,PT,high,desktop,android,chrome,bank_transfer,ES,web,IT,PT,200.48,EUR,22,4,0,0,1,0,1,1,0,0,0,2423,0.938,0,3,2026,2,0,0,1204,0.0426,1,0,0,0,0,63.38436170212766,67.37,3.1629252802473258,2.975805254564346,137.0956382978723,133.11,1,0,0,0,0,0,0,81,258,140,66,135.16185185185185,103.95352713178296,128.5759285714286,133.05212121212122,0.0043564356435643,0.2246043165467625,0.0215,0.0051162790697674,0.0585432343234323,0.0824203836930455,0.0557054166666666,0.0454984496124031,84304.0,6383.0,84304.0,360.0,0,0,0,0,1,5,0,3,0,1,1,2,1,1,3,7,1,2,4,73,0,52,0,11,0,7,0,0,1,52,0,66,0,1.4832587542507336,1.9285540907702867,1.5592343156878394,1.5067779316376355,0,0,0,0,0,0,0,0,1,3,0,3,2,3,0,0.9823399558807372,1,1,high,1,111,0.0024666666666666665,1,1,1,1,true_positive,top_1pct_review_queue,111
TXN_000231814,2026-03-22 23:38:33,2026-03-22,declined,1,stolen_card,SC_001740,medium,CUST_009972,MERCH_000826,DEV_004090,PM_011060,mass,DE,Berlin,digital_services,FR,medium,desktop,windows,chrome,debit_card,IT,web,FR,FR,70.38,EUR,23,6,1,0,1,1,1,1,0,0,0,1970,0.267,1,2,944,1,0,0,587,0.0647,0,0,0,0,0,33.85333333333333,6.02,2.0789680976762503,11.691029900332223,36.52666666666666,64.36,0,1,1,1,0,1,0,26,234,51,26,68.33076923076922,47.44717948717949,70.75725490196078,68.33076923076922,0.0095652173913043,0.0450393700787401,0.0061971830985915,0.0095652173913043,0.0198449275362318,0.0626490813648294,0.0410262910798122,0.0198449275362318,57783.0,21169.0,57783.0,9553.0,0,0,0,0,2,3,0,3,0,2,0,1,2,2,2,2,1,1,1,26,0,6,0,3,0,2,0,0,1,26,0,26,0,1.0299898682877406,1.4833336936080066,0.9946683219624124,1.0299898682877406,0,0,1,0,0,0,0,0,2,4,0,1,1,0,0,0.9823182918291828,1,1,high,1,112,0.002488888888888889,1,1,1,1,true_positive,top_1pct_review_queue,112
TXN_000034524,2026-03-16 01:20:36,2026-03-16,approved,1,account_takeover,ATO_001249,medium,CUST_001083,MERCH_000506,DEV_000293,PM_008599,sme,ES,Madrid,marketplace,PT,high,desktop,windows,chrome,bank_transfer,PT,web,FR,PT,804.73,EUR,1,0,0,1,1,1,1,1,0,0,0,1574,0.935,0,2,2276,2,0,0,1354,0.0557,1,0,0,0,0,58.97939130434783,154.61,13.644257463550275,5.204902658301533,745.7506086956522,650.12,1,1,1,0,0,0,0,103,237,77,70,133.82660194174758,126.45008438818566,135.69064935064935,103.58,0.0035772357723577,0.0406225680933852,0.0045360824742268,0.0048888888888888,0.0318119241192411,0.0424625162127107,0.0403388316151202,0.0323651851851851,6724.0,6724.0,83136.0,2167.0,0,0,0,0,3,11,0,3,0,1,1,2,3,1,1,1,4,2,3,16,0,23,0,23,0,3,0,0,1,77,0,16,0,6.013228971847354,6.364013151067431,5.930622366766269,7.769163931260861,1,1,0,0,0,0,0,0,2,5,0,3,2,3,0,0.9817450653500934,1,1,high,1,113,0.002511111111111111,1,1,1,1,true_positive,top_1pct_review_queue,113
TXN_000283869,2026-03-23 00:23:05,2026-03-23,approved,1,stolen_card,SC_001741,medium,CUST_005105,MERCH_000006,DEV_000205,PM_006883,digital_native,ES,Valencia,electronics,FR,low,mobile,macos,chrome,credit_card,DE,web,GB,FR,72.82,EUR,0,0,0,1,1,1,1,1,0,0,0,307,0.331,0,2,680,2,2,0,2387,0.0147,0,1,0,2,0,33.879375,377.26,2.149390300145737,0.1930233791019455,38.94062499999999,-304.44,0,0,1,1,0,1,0,49,257,36,55,97.82081632653062,308.43315175097274,87.50111111111111,188.67727272727276,0.0208695652173913,0.0160288808664259,0.0435714285714285,0.0192,0.042215458937198,0.0574471720818291,0.0163011904761904,0.0655048888888888,1486.0,1486.0,1486.0,1657.0,0,0,0,1,1,4,1,1,1,1,1,2,1,1,1,3,3,2,2,35,0,15,0,15,0,5,0,0,1,30,0,35,0,0.7444223298742806,0.2360965401630836,0.8322180035809068,0.3859500349321833,0,0,1,0,0,0,0,0,2,4,0,0,0,2,0,0.9816989778967318,1,1,high,1,114,0.002533333333333333,1,1,1,1,true_positive,top_1pct_review_queue,114
TXN_000210281,2026-03-09 04:36:18,2026-03-09,approved,1,merchant_collusion,MC_000905,medium,CUST_006721,MERCH_000487,DEV_004014,PM_011384,mass,PT,Lisboa,marketplace,DE,high,mobile,windows,chrome,credit_card,ES,web,PT,DE,477.62,EUR,4,0,0,1,1,1,0,1,0,0,0,1751,0.839,0,4,1532,1,0,0,2028,0.0245,1,0,0,0,0,24.269782608695653,135.8,19.679615911717026,3.517083946980854,453.35021739130434,341.82,1,1,0,0,0,0,0,36,286,95,45,61.634166666666665,144.15615384615384,61.79515789473684,98.57822222222224,0.0257142857142857,0.2563398692810457,0.0125217391304347,0.0221538461538461,0.069872619047619,0.1042904139433551,0.0427205797101449,0.0601979487179487,184935.0,9621.0,184935.0,3473.0,0,0,0,0,0,2,0,1,0,0,1,1,0,0,1,4,2,1,1,36,0,26,0,13,0,2,0,0,1,36,0,36,0,7.749273265639999,3.3132127020378546,7.729084547588467,4.84508636119765,1,1,0,0,0,0,0,0,1,5,0,0,2,0,0,0.9815362008719308,1,1,high,1,115,0.0025555555555555557,1,1,1,1,true_positive,top_1pct_review_queue,115
TXN_000293905,2026-03-14 15:04:43,2026-03-14,declined,1,stolen_card,SC_001593,medium,CUST_009494,MERCH_001000,DEV_005278,PM_002529,affluent,ES,Valencia,marketplace,FR,medium,mobile,macos,chrome,credit_card,FR,mobile,FR,FR,950.0,EUR,15,5,1,0,1,1,1,1,0,1,1,1779,0.682,0,3,3161,3,0,0,3486,0.0232,0,0,0,0,0,245.342,164.71,3.8721458209356734,5.767712950033392,704.658,785.29,1,1,0,0,0,0,1,17,244,66,77,304.0488235294118,147.9465163934426,119.27545454545456,136.51051948051946,0.0118918918918918,0.0243939393939393,0.0167441860465116,0.0045360824742268,0.0516990990990991,0.0413366161616161,0.0454984496124031,0.0712666666666666,457115.0,237382.0,380556.0,28718.0,0,0,0,0,0,1,0,0,0,0,0,2,0,0,0,4,6,3,3,14,0,14,0,2,0,1,0,0,1,14,0,14,0,3.124498193982004,6.421239398929886,7.964756903424464,6.959170645713998,1,1,0,1,0,0,0,0,1,4,1,0,1,1,0,0.9810299360346604,1,1,high,1,116,0.002577777777777778,1,1,1,1,true_positive,top_1pct_review_queue,116
TXN_000059760,2026-03-15 22:03:27,2026-03-15,approved,1,merchant_collusion,MC_000965,medium,CUST_006080,MERCH_000066,DEV_007685,PM_004898,digital_native,IT,Milan,electronics,DE,medium,tablet,ios,firefox,wallet,ES,mobile,ES,DE,147.45,EUR,22,6,1,0,1,1,1,1,0,0,0,578,0.955,0,1,938,3,0,0,2159,0.0407,0,0,0,0,0,26.187708333333333,48.88,5.630504132823128,3.016571194762684,121.26229166666666,98.57,1,1,0,0,0,0,0,50,304,32,35,68.5352,131.41470394736842,89.2271875,72.89542857142858,0.0062857142857142,0.1896296296296296,0.0084615384615384,0.0079999999999999,0.0273266666666666,0.083064403292181,0.0367858974358974,0.0347793939393939,793516.0,793516.0,793516.0,5932.0,0,0,0,0,0,0,0,0,0,0,0,3,0,0,0,2,1,4,3,35,0,35,0,7,0,8,0,0,1,31,0,35,0,2.151449182317991,1.1220205621667243,1.652523228976594,2.0227605885534654,0,0,0,0,0,0,0,0,1,3,1,2,1,2,0,0.9809663835890232,1,1,high,1,117,0.0026,1,1,1,1,true_positive,top_1pct_review_queue,117
TXN_000087591,2026-03-24 03:48:43,2026-03-24,approved,0,none,,none,CUST_001874,MERCH_000149,DEV_005705,PM_007313,sme,DE,Munich,electronics,ES,medium,desktop,macos,edge,credit_card,PT,web,ES,ES,1234.63,EUR,3,1,0,1,1,1,1,1,0,0,1,3620,0.507,1,10,2055,2,1,0,1243,0.0215,0,1,0,1,0,111.39766666666668,483.86,11.083086719350796,2.5516265035340804,1123.2323333333334,750.7700000000001,1,0,0,0,0,1,1,34,312,12,47,149.68088235294118,359.14435897435897,440.3233333333333,143.96297872340426,0.0081481481481481,0.0163855421686747,0.0137499999999999,0.0065671641791044,0.0169049382716049,0.0509423694779116,0.0285270833333333,0.0285502487562189,188612.0,304333.0,188612.0,498.0,0,0,0,0,0,4,0,0,0,0,1,5,0,0,0,2,3,2,3,26,0,23,0,6,0,9,0,0,1,7,0,26,0,8.248414764744604,3.437698432813604,2.803916818701409,8.576024273379977,1,1,1,1,0,0,0,0,1,6,0,0,1,3,0,0.9807571080031446,1,1,high,1,118,0.0026222222222222224,1,1,1,1,false_positive,top_1pct_review_queue,118
TXN_000278857,2026-03-20 02:57:41,2026-03-20,approved,1,account_takeover,ATO_001280,medium,CUST_000320,MERCH_000911,DEV_003211,PM_011903,sme,PT,Braga,electronics,DE,high,mobile,macos,edge,credit_card,IT,web,US,DE,1200.0,EUR,2,4,0,1,1,1,1,1,0,0,0,2942,0.482,1,10,732,2,0,0,2670,0.0574,1,0,0,0,0,104.4247,306.05,11.491534091072324,3.920927952948865,1095.5753,893.95,1,1,0,0,0,1,0,76,206,69,16,185.75394736842105,264.5067475728155,150.6636231884058,174.74875,0.0254166666666666,0.0240707964601769,0.0161797752808988,0.0677777777777777,0.0511756944444444,0.0704109144542772,0.0552007490636704,0.0531351851851851,97710.0,97710.0,12274.0,31394.0,0,0,0,0,0,5,0,0,0,1,0,2,0,0,0,2,2,2,3,63,0,47,0,12,0,12,0,0,1,53,0,8,0,6.460158812237467,4.536746268333493,7.96476265873012,6.867001909884906,1,1,1,0,0,0,0,0,1,6,0,0,2,3,0,0.9802116119259844,1,1,high,1,119,0.0026444444444444445,1,1,1,1,true_positive,top_1pct_review_queue,119
TXN_000271404,2026-03-24 20:19:45,2026-03-24,declined,1,stolen_card,SC_001768,medium,CUST_001599,MERCH_000323,DEV_005633,PM_002056,digital_native,ES,Barcelona,travel,DE,high,mobile,android,chrome,credit_card,PT,web,IT,DE,236.75,EUR,20,1,0,0,1,1,1,1,0,0,1,2456,0.904,0,1,483,4,0,1,1543,0.0336,1,0,1,0,1,61.06479166666667,52.65,3.8770295212393937,4.49667616334283,175.68520833333332,184.1,1,1,1,0,0,0,1,54,178,18,31,92.025,145.3865168539326,157.94833333333335,94.82096774193548,0.0194594594594594,0.0274747474747474,0.011578947368421,0.0674509803921568,0.012336036036036,0.0753175084175084,0.0240228070175438,0.0571150326797385,71368.0,847419.0,71368.0,45508.0,0,0,0,0,1,6,0,0,0,1,0,1,1,1,0,4,2,5,2,54,0,15,0,5,0,5,0,0,1,3,0,17,0,2.5726704699809835,1.628417855541988,1.4989078707172174,2.4968106278385416,0,0,0,1,0,0,0,0,2,6,0,0,2,2,0,0.9800238460447576,1,1,high,1,120,0.0026666666666666666,1,1,1,1,true_positive,top_1pct_review_queue,120
TXN_000075124,2026-03-09 03:46:39,2026-03-09,approved,1,merchant_collusion,MC_000903,medium,CUST_003743,MERCH_000566,DEV_004768,PM_006635,digital_native,DE,Berlin,digital_services,PT,high,mobile,windows,firefox,wallet,ES,mobile,US,PT,114.95,EUR,3,0,0,1,1,1,1,1,0,1,0,430,0.199,0,3,453,3,0,0,1204,0.0426,1,0,0,0,0,35.843272727272726,67.37,3.2070174192697505,1.7062490722873682,79.10672727272728,47.58,1,0,0,1,1,1,1,44,245,14,49,82.16068181818183,102.30048979591837,62.64857142857142,80.86571428571429,0.0225,0.2205283018867924,0.0129411764705882,0.0353623188405797,0.0611385416666666,0.0789164779874213,0.1150843137254902,0.0712009661835748,442555.0,1837332.0,442555.0,7851.0,0,0,0,0,0,1,0,0,0,0,0,4,0,0,0,2,2,3,1,44,0,35,0,7,0,0,1,0,1,7,0,44,0,1.3990877078452144,1.1236505341207694,1.8348383271765405,1.4214924212980955,0,0,1,1,0,0,0,0,2,6,1,2,2,2,0,0.9798361712604964,1,1,high,1,121,0.002688888888888889,1,1,1,1,true_positive,top_1pct_review_queue,121
TXN_000271590,2026-03-17 05:44:48,2026-03-17,declined,1,account_takeover,ATO_001259,medium,CUST_004899,MERCH_000275,DEV_007641,PM_001976,sme,ES,Barcelona,travel,PT,high,mobile,android,chrome,wallet,US,mobile,FR,PT,957.57,EUR,5,1,0,1,1,1,1,1,0,0,1,934,0.346,1,7,925,2,0,0,1813,0.056,1,0,0,0,0,98.79827586206896,229.05,9.692173184650018,4.180615586116568,858.7717241379311,728.52,1,1,0,1,0,1,1,64,162,92,15,201.391875,243.67765432098764,131.7896739130435,130.24533333333332,0.029047619047619,0.0353846153846153,0.0217857142857142,0.0125714285714285,0.046581746031746,0.0544663003663003,0.0706505952380952,0.0546533333333333,371287.0,203182.0,371287.0,29498.0,0,0,0,0,0,2,0,0,0,0,0,2,0,0,0,3,1,2,3,15,0,46,0,5,0,3,0,0,1,37,0,15,0,4.754759843216118,3.9296586413238703,7.265895510385866,7.352048441914746,1,1,1,1,0,0,0,0,1,8,1,2,2,3,0,0.9794572940756066,1,1,high,1,122,0.002711111111111111,1,1,1,1,true_positive,top_1pct_review_queue,122
TXN_000250484,2026-03-12 00:56:32,2026-03-12,declined,1,stolen_card,SC_001558,medium,CUST_004537,MERCH_001119,DEV_003811,PM_000235,affluent,IT,Milan,digital_services,IT,medium,desktop,android,chrome,credit_card,IT,mobile,ES,IT,412.3,EUR,0,3,0,1,0,0,1,1,0,0,0,1233,0.756,0,2,2606,1,1,0,60,0.0375,0,1,0,1,0,127.66310344827586,33.56,3.2295940554746734,12.285458879618592,284.63689655172413,378.74,1,1,0,0,0,0,0,21,206,66,55,214.74380952380952,64.70912621359223,154.20212121212123,146.75163636363635,0.0107317073170731,0.0594690265486725,0.0051162790697674,0.0058666666666666,0.0466552845528455,0.0438622418879056,0.0454984496124031,0.0388382222222222,7557.0,7557.0,1657.0,156865.0,0,0,0,0,1,2,0,1,1,2,0,0,1,1,1,4,3,1,1,21,0,17,0,1,0,6,0,0,1,21,0,21,0,1.919962214111167,6.371589667878963,2.673763478472764,2.809508706113236,0,1,0,0,0,0,0,0,1,5,1,0,1,1,0,0.9791139960463616,1,1,high,1,123,0.0027333333333333333,1,1,1,1,true_positive,top_1pct_review_queue,123
TXN_000162090,2026-03-22 00:29:49,2026-03-22,approved,1,account_takeover,ATO_001300,medium,CUST_002948,MERCH_000970,DEV_006030,PM_010579,digital_native,FR,Paris,marketplace,ES,medium,mobile,macos,chrome,debit_card,PT,mobile,GB,ES,118.4,EUR,0,6,1,1,1,1,1,1,1,0,0,1497,0.499,1,8,1175,4,0,0,3527,0.0456,0,0,0,0,0,8.671999999999999,46.1,13.653136531365316,2.5683297180043385,109.728,72.30000000000001,1,0,0,0,0,1,0,29,342,44,58,75.20655172413792,76.2003216374269,67.11068181818182,87.65965517241379,0.0293877551020408,0.0371270718232044,0.038125,0.0184615384615384,0.0594462585034013,0.0467206261510128,0.0767635416666666,0.0758059829059829,249132.0,249132.0,145797.0,77033.0,0,0,0,0,0,3,0,0,0,0,0,3,0,0,0,2,5,3,3,25,0,26,0,6,0,7,0,0,1,26,0,21,0,1.5743309231128986,1.553799215748272,1.764249696058411,1.3506783681401031,0,0,1,0,0,0,0,0,1,4,1,1,1,2,0,0.9786797296545438,1,1,high,1,124,0.0027555555555555554,1,1,1,1,true_positive,top_1pct_review_queue,124
TXN_000014440,2026-03-15 05:42:07,2026-03-15,declined,1,merchant_collusion,MC_000961,medium,CUST_004013,MERCH_000066,DEV_006894,PM_006350,sme,IT,Rome,electronics,DE,medium,mobile,ios,firefox,bank_transfer,ES,web,IT,DE,850.0,EUR,5,6,1,1,1,1,0,1,0,0,0,178,0.931,0,2,60,5,2,0,2159,0.0407,0,1,0,2,0,105.85793650793651,48.88,8.029629407486823,17.389525368248773,744.1420634920635,801.12,1,1,1,0,0,0,0,63,302,85,42,193.91698412698412,127.47615894039735,139.6084705882353,182.47785714285715,0.0053012048192771,0.1845962732919254,0.0232380952380952,0.0070967741935483,0.0109983935742971,0.0804747412008281,0.0277415873015873,0.0147236559139784,121749.0,202731.0,121749.0,24656.0,0,0,0,0,0,5,0,0,0,0,0,2,0,0,0,6,1,5,2,42,0,12,0,15,0,7,0,0,1,45,0,42,0,4.383318995119004,6.667913491160534,6.088455782221204,4.658099417150417,1,1,0,0,0,0,0,0,2,5,0,3,1,3,0,0.9786624819307748,1,1,high,1,125,0.002777777777777778,1,1,1,1,true_positive,top_1pct_review_queue,125
TXN_000093937,2026-03-19 08:43:45,2026-03-19,approved,1,merchant_collusion,MC_000996,medium,CUST_009317,MERCH_000660,DEV_003539,PM_003480,sme,DE,Berlin,marketplace,IT,medium,mobile,android,chrome,bank_transfer,ES,mobile,ES,IT,283.68,EUR,8,3,0,0,1,1,1,1,0,0,0,2324,0.122,0,1,3231,2,0,0,3982,0.0258,0,0,0,0,0,94.12969072164948,46.53,3.013714353305048,6.096711798839459,189.5503092783505,237.15,1,1,0,1,1,1,0,100,313,84,12,149.1708,105.11025559105433,119.09821428571428,207.83166666666668,0.037,0.1845045045045045,0.0042307692307692,0.045,0.0576072222222222,0.0688074074074074,0.0472391025641025,0.0597770833333333,1102.0,1102.0,361910.0,22364.0,0,0,0,1,2,13,1,1,0,0,0,3,2,1,1,5,1,2,4,12,0,65,0,18,0,19,0,0,1,29,0,12,0,1.9017126676266405,2.6988803176703846,2.381899692630632,1.3649508015300844,0,0,1,0,0,0,0,0,1,4,1,3,1,3,0,0.9785536366765516,1,1,high,1,126,0.0028,1,1,1,1,true_positive,top_1pct_review_queue,126
TXN_000165842,2026-03-25 00:52:40,2026-03-25,approved,1,stolen_card,SC_001777,medium,CUST_006398,MERCH_000685,DEV_005738,PM_004935,mass,PT,Lisboa,digital_services,ES,high,desktop,macos,safari,credit_card,ES,web,IT,ES,186.19,EUR,0,2,0,1,1,1,1,1,0,0,1,363,0.602,0,2,1737,2,0,0,1441,0.045,1,0,0,0,0,77.416,69.63,2.4050583858633874,2.673991095792044,108.774,116.56,0,0,1,0,0,0,1,14,277,9,24,58.05571428571428,67.01083032490975,41.178888888888885,62.64625,0.0423529411764705,0.0486195286195286,0.0151724137931034,0.0327272727272727,0.0268490196078431,0.0670466891133557,0.0314781609195402,0.0434742424242424,2832626.0,2832626.0,353357.0,76865.0,0,0,0,0,0,0,0,0,0,0,0,4,0,0,0,1,3,2,2,14,0,4,0,1,0,5,0,0,1,9,0,8,0,3.207091709933808,2.778506087706066,4.521491594938076,2.97208532035038,1,0,0,1,0,0,0,0,2,4,0,0,2,0,0,0.978546175991266,1,1,high,1,127,0.002822222222222222,1,1,1,1,true_positive,top_1pct_review_queue,127
TXN_000087697,2026-03-23 03:30:40,2026-03-23,approved,1,account_takeover,ATO_001325,medium,CUST_009317,MERCH_000243,DEV_003539,PM_011659,sme,DE,Berlin,marketplace,ES,high,mobile,android,chrome,wallet,GB,mobile,ES,ES,629.61,EUR,3,0,0,1,1,1,1,1,0,1,0,16,0.122,0,1,3231,2,0,0,2664,0.0538,1,0,0,0,0,94.12969072164948,117.6,6.688750331304255,5.353826530612245,535.4803092783505,512.01,1,1,0,1,1,1,1,104,318,88,12,147.72913461538462,116.3424213836478,118.65170454545456,172.17999999999998,0.0438709677419354,0.016094674556213,0.0133333333333333,0.0137499999999999,0.0557489247311828,0.0559552268244575,0.0454895061728395,0.0285270833333333,89541.0,89541.0,698636.0,685.0,0,0,0,0,0,8,0,0,0,0,1,1,0,0,0,5,1,2,4,12,0,67,0,19,0,27,0,0,1,32,0,12,0,4.261921669271269,5.411697577823433,5.30637130256145,3.65669648042746,1,1,1,1,0,0,0,0,1,7,1,2,2,3,0,0.9782346220449326,1,1,high,1,128,0.0028444444444444446,1,1,1,1,true_positive,top_1pct_review_queue,128
TXN_000104955,2026-03-21 02:11:55,2026-03-21,approved,1,merchant_collusion,MC_001010,medium,CUST_007745,MERCH_000819,DEV_004728,PM_006044,digital_native,FR,Marseille,marketplace,ES,medium,desktop,windows,chrome,wallet,ES,mobile,FR,ES,850.0,EUR,2,5,1,1,1,1,0,1,0,0,0,699,0.904,0,1,202,3,0,0,868,0.0197,0,0,0,0,0,43.28970149253731,201.14,19.63515502980613,4.225912299890624,806.7102985074627,648.86,1,1,0,0,0,0,0,57,325,25,43,78.6498245614035,163.74461538461537,88.9712,81.19372093023256,0.0187012987012987,0.1693913043478261,0.032,0.0228571428571428,0.0248424242424242,0.0403271497584541,0.0425081481481481,0.0303629629629629,84119.0,110003.0,84119.0,4568.0,0,0,0,0,1,4,0,0,0,1,0,4,1,1,0,3,2,3,3,46,0,40,0,11,0,13,0,0,1,4,0,40,0,10.807398550983262,5.1910103914162775,9.553653317028433,10.468789830809463,1,1,0,0,0,0,0,0,1,4,1,2,1,2,0,0.9781316498003512,1,1,high,1,129,0.0028666666666666667,1,1,1,1,true_positive,top_1pct_review_queue,129
TXN_000185597,2026-03-10 21:20:52,2026-03-10,approved,1,merchant_collusion,MC_000923,medium,CUST_003732,MERCH_001028,DEV_003380,PM_010582,sme,DE,Munich,digital_services,FR,high,desktop,ios,safari,credit_card,DE,web,DE,FR,128.5,EUR,21,1,0,0,1,0,0,1,1,1,0,901,0.871,0,1,1216,2,0,0,2939,0.0715,1,0,0,0,0,39.71801724137931,5.92,3.2353075235116524,21.70608108108108,88.7819827586207,122.58,1,1,1,0,0,0,1,106,248,36,95,140.06716981132075,94.93846774193548,138.9972222222222,129.94263157894736,0.0034920634920634,0.2031343283582089,0.0078571428571428,0.0038260869565217,0.0469275132275132,0.0892271144278606,0.069872619047619,0.0514162318840579,162573.0,244539.0,162573.0,96921.0,0,0,0,0,0,12,0,0,0,0,0,0,0,0,0,1,2,2,4,93,0,16,0,12,0,26,0,0,1,36,0,76,0,0.9174169805322514,1.3535082570459476,0.9244789064529668,0.98889793471613,0,0,0,1,0,0,0,0,2,5,0,0,2,3,0,0.9781267447672748,1,1,high,1,130,0.0028888888888888888,1,1,1,1,true_positive,top_1pct_review_queue,130
TXN_000050997,2026-03-19 00:41:57,2026-03-19,approved,1,merchant_collusion,MC_000992,medium,CUST_003244,MERCH_000500,DEV_001113,PM_006631,mass,ES,Madrid,marketplace,IT,medium,mobile,windows,safari,debit_card,US,web,ES,IT,689.72,EUR,0,3,0,1,1,1,0,1,1,0,0,1899,0.181,0,3,262,1,0,0,60,0.0399,0,0,0,0,0,45.2904347826087,218.07,15.22882267106981,3.1628376209474025,644.4295652173913,471.65,1,1,0,1,1,1,0,25,306,51,21,67.3976,187.76098039215685,86.82607843137255,69.0647619047619,0.032,0.2007361963190184,0.0484507042253521,0.0351219512195121,0.0202859259259259,0.0702848670756646,0.0410262910798122,0.0222650406504065,847510.0,68568.0,847510.0,15852.0,0,0,0,0,0,0,0,1,0,0,0,1,0,0,1,2,1,1,3,24,0,15,0,2,0,3,0,0,1,25,0,21,0,10.233598822510002,3.673393686800386,7.943696323278675,9.986568851871262,1,1,1,0,0,0,0,0,1,5,0,1,1,0,0,0.977931385524586,1,1,high,1,131,0.0029111111111111113,1,1,1,1,true_positive,top_1pct_review_queue,131
TXN_000180367,2026-03-17 02:48:22,2026-03-17,approved,0,none,,none,CUST_004259,MERCH_001018,DEV_000915,PM_001912,sme,DE,Hamburg,travel,IT,high,mobile,android,safari,credit_card,IT,web,GB,IT,1148.83,EUR,2,1,0,1,1,1,1,1,0,0,1,1800,0.813,0,2,624,3,1,0,320,0.0455,1,1,0,1,0,71.20820512820512,402.93,16.133393587601546,2.8511900330082147,1077.621794871795,745.8999999999999,1,0,1,0,0,0,1,62,204,64,141,153.5083870967742,343.89985294117645,120.68984375,110.55418439716313,0.0053658536585365,0.0376785714285714,0.0052380952380952,0.0275776397515527,0.0233276422764227,0.0665752976190476,0.0227722222222222,0.086415320910973,12786.0,12786.0,30267.0,14547.0,0,0,0,0,1,3,0,1,0,1,0,1,1,1,1,3,5,3,4,9,0,16,0,8,0,13,0,0,1,44,0,9,0,7.483825618438415,3.3405946242044644,9.518862269634846,10.391556016304705,1,1,0,1,0,0,0,0,2,6,0,0,2,3,0,0.9776751987656468,1,1,high,1,132,0.0029333333333333334,1,1,1,1,false_positive,top_1pct_review_queue,132
TXN_000043597,2026-03-18 04:48:16,2026-03-18,declined,1,stolen_card,SC_001659,medium,CUST_000863,MERCH_000548,DEV_003056,PM_007108,digital_native,ES,Madrid,digital_services,ES,high,desktop,android,firefox,debit_card,GB,web,PT,ES,128.16,EUR,4,2,0,1,0,1,1,1,0,0,0,3401,0.795,0,1,52,2,0,1,1842,0.059,1,0,1,0,1,10.974230769230768,48.67,11.678267269477448,2.6332442983357303,117.18576923076922,79.49,1,0,1,0,0,0,0,54,270,25,116,56.30796296296297,59.27748148148148,80.13639999999998,122.91870689655173,0.0464864864864864,0.0463448275862068,0.032,0.0399999999999999,0.0258495495495495,0.0583202298850574,0.0425081481481481,0.0434769607843137,16909.0,16909.0,16816.0,10556.0,0,0,0,0,1,4,0,1,0,3,0,5,1,1,1,2,2,2,3,51,0,14,0,8,0,31,0,1,0,16,0,41,0,2.2760546334147853,2.1620351741839383,1.5992732391272884,1.042640320873692,0,0,0,0,0,0,0,0,1,5,0,1,2,2,0,0.9773327452331664,1,1,high,1,133,0.0029555555555555555,1,1,1,1,true_positive,top_1pct_review_queue,133
TXN_000135262,2026-03-24 01:10:35,2026-03-24,declined,1,stolen_card,SC_001760,medium,CUST_005498,MERCH_000514,DEV_001542,PM_007642,mass,FR,Marseille,electronics,IT,medium,desktop,macos,chrome,debit_card,IT,web,US,IT,60.83,EUR,1,1,0,1,1,1,1,1,0,0,0,1241,0.757,0,2,30,2,0,0,1239,0.0355,0,0,0,0,0,25.89583333333333,329.8,2.3490265486725663,0.1844451182534869,34.93416666666667,-268.97,0,0,1,0,0,0,0,29,275,31,50,70.16620689655173,268.6212727272727,139.89612903225805,73.1376,0.0497959183673469,0.032,0.0086274509803921,0.0348571428571428,0.0594462585034013,0.0708910734463276,0.0178993464052287,0.0416123809523809,436058.0,434988.0,98737.0,22555.0,0,0,0,0,0,1,0,0,0,0,0,1,0,0,0,2,3,2,1,29,0,8,0,3,0,4,0,0,1,6,0,29,0,0.8669415476553208,0.2264526535162381,0.4348226103237886,0.8317199361204085,0,0,0,0,0,0,0,0,2,2,0,1,1,0,0,0.976778393530254,1,1,high,1,134,0.002977777777777778,1,1,1,1,true_positive,top_1pct_review_queue,134
TXN_000297195,2026-03-10 05:05:33,2026-03-10,approved,1,stolen_card,SC_001538,medium,CUST_009463,MERCH_000062,DEV_001365,PM_000888,mass,PT,Lisboa,digital_services,FR,medium,mobile,windows,edge,debit_card,US,web,ES,FR,131.66,EUR,5,1,0,1,1,1,1,1,0,0,0,866,0.726,0,1,2683,1,2,0,1299,0.061,0,1,0,2,0,51.559000000000005,49.82,2.55357939448011,2.6427137695704537,80.101,81.84,0,0,1,0,0,0,0,24,226,65,69,69.3175,61.22694690265487,50.35553846153847,62.53449275362319,0.0327272727272727,0.0302439024390243,0.0169411764705882,0.0274157303370786,0.0889287878787878,0.0606214092140921,0.0813278431372549,0.0552007490636704,36317.0,32532.0,21450.0,92318.0,0,0,0,0,1,1,0,2,0,2,0,0,1,1,2,4,3,1,1,24,0,4,0,2,0,1,0,0,1,24,0,24,0,1.8993760594366504,2.150360366805928,2.6146081249942714,2.1053980643725896,0,0,0,0,0,0,0,0,2,3,0,1,1,0,0,0.9766355394285888,1,1,high,1,135,0.003,1,1,1,1,true_positive,top_1pct_review_queue,135
TXN_000020635,2026-03-23 02:25:17,2026-03-23,approved,0,none,,none,CUST_008394,MERCH_000542,DEV_000559,PM_010575,digital_native,ES,Bilbao,travel,ES,high,mobile,android,safari,credit_card,IT,mobile,PT,ES,51.36,EUR,2,0,0,1,0,1,1,1,0,0,0,2256,0.657,1,6,756,4,0,0,2300,0.0439,1,0,0,0,0,20.9535,308.49,2.451141814016751,0.1664883788777594,30.4065,-257.13,0,0,0,0,0,1,0,48,257,78,127,86.09750000000001,295.6380155642024,61.621025641025646,119.65771653543308,0.0505882352941176,0.0412996389891696,0.0453061224489795,0.0234013605442176,0.0134245098039215,0.0682774969915764,0.0603353741496598,0.0266181405895691,28836.0,28836.0,27293.0,7538.0,0,0,0,0,1,3,0,1,0,2,0,1,1,1,1,3,5,5,2,34,0,37,0,4,0,26,0,1,0,36,0,34,0,0.5965330003774789,0.1737259665404782,0.8334817453250222,0.4292243031797391,0,0,1,0,0,0,0,0,0,4,1,0,2,2,0,0.9764186625463932,1,1,high,1,136,0.003022222222222222,1,1,1,1,false_positive,top_1pct_review_queue,136
TXN_000017922,2026-03-21 02:19:54,2026-03-21,approved,1,account_takeover,ATO_001290,medium,CUST_005813,MERCH_000970,DEV_000019,PM_003109,affluent,ES,Madrid,marketplace,ES,medium,desktop,android,chrome,credit_card,US,web,DE,ES,611.68,EUR,2,5,1,1,0,1,1,1,0,0,0,244,0.707,0,2,2383,1,0,0,3527,0.0456,0,0,0,0,0,161.18763157894736,46.1,3.794832109685835,13.268546637744032,450.49236842105256,565.5799999999999,1,1,0,0,0,0,0,26,340,48,13,171.34999999999997,74.79635294117647,128.6208333333333,80.86307692307695,0.0530434782608695,0.0345555555555555,0.0358823529411764,0.0436363636363636,0.0633231884057971,0.0469801851851851,0.0722480392156862,0.0276626262626262,106636.0,106636.0,188865.0,5528.0,0,0,0,0,0,2,0,0,0,0,0,2,0,0,0,3,2,1,3,4,0,16,0,6,0,11,0,0,1,26,0,4,0,3.5697694776772693,8.177938842567032,4.755683695616963,7.564391849470136,1,1,0,0,0,0,0,0,1,4,0,0,1,1,0,0.9763096642737578,1,1,high,1,137,0.0030444444444444442,1,1,1,1,true_positive,top_1pct_review_queue,137
TXN_000274321,2026-03-12 03:16:47,2026-03-12,approved,1,account_takeover,ATO_001204,medium,CUST_004876,MERCH_001080,DEV_002197,PM_008272,affluent,PT,Lisboa,electronics,FR,medium,desktop,macos,edge,credit_card,ES,web,FR,FR,853.69,EUR,3,3,0,1,1,1,1,1,0,0,0,2560,0.783,0,2,1140,3,0,0,3126,0.0204,0,0,0,0,0,146.30083333333334,223.59,5.835168403005223,3.818104566393846,707.3891666666667,630.1,1,1,0,0,0,0,0,26,238,41,42,131.36538461538458,217.6502521008403,108.37024390243904,86.7357142857143,0.0095652173913043,0.0133333333333333,0.0236065573770491,0.0070967741935483,0.0198449275362318,0.0422979328165374,0.047751912568306,0.0469817204301075,356250.0,356250.0,11015.0,9611.0,0,0,0,0,0,2,0,0,0,2,0,3,0,0,0,2,4,3,2,26,0,19,0,3,0,3,0,0,1,23,0,14,0,6.49859171424389,3.922301912172718,7.8775314076854865,9.84242773614428,1,1,0,0,0,0,0,0,1,4,0,0,1,1,0,0.976094194986676,1,1,high,1,138,0.0030666666666666668,1,1,1,1,true_positive,top_1pct_review_queue,138
TXN_000121386,2026-03-22 06:24:02,2026-03-22,approved,1,merchant_collusion,MC_001019,medium,CUST_002111,MERCH_000066,DEV_003301,PM_006399,mass,ES,Valencia,electronics,DE,medium,mobile,android,chrome,debit_card,ES,mobile,ES,DE,132.86,EUR,6,6,1,0,1,0,0,1,0,0,0,2660,0.799,0,1,1472,2,1,0,2159,0.0407,0,1,0,1,0,35.46619047619048,48.88,3.746102928342218,2.7180851063829787,97.39380952380954,83.98000000000002,1,0,0,0,0,0,0,19,317,70,3,37.95368421052632,130.52119873817034,53.38,71.28333333333335,0.0112820512820512,0.1912166172106824,0.0271111111111111,0.0191304347826086,0.0490478632478632,0.0828274975272007,0.021254074074074,0.0396898550724637,104651.0,104651.0,1827772.0,20039.0,0,0,0,0,0,1,0,0,0,0,0,1,0,0,0,4,2,1,2,2,0,11,0,4,0,1,0,0,1,19,0,2,0,3.500582427335256,1.0179189379536835,2.4889471712251785,1.8638297872340424,1,0,0,0,0,0,0,0,1,3,1,1,1,0,0,0.9759686819975264,1,1,high,1,139,0.003088888888888889,1,1,1,1,true_positive,top_1pct_review_queue,139
TXN_000136829,2026-03-23 04:24:06,2026-03-23,approved,1,account_takeover,ATO_001320,medium,CUST_003688,MERCH_000285,DEV_002909,PM_004042,sme,ES,Bilbao,marketplace,IT,medium,mobile,android,firefox,credit_card,PT,mobile,GB,IT,1200.0,EUR,4,0,0,1,1,1,1,1,0,0,0,1525,0.908,0,1,622,2,1,0,1261,0.0446,0,1,0,1,0,622.813,152.78,1.9267420558016608,7.8544312082733345,577.187,1047.22,0,1,1,0,0,0,0,13,303,6,42,579.0946153846154,129.43983498349837,637.5966666666667,202.3461904761905,0.0133333333333333,0.0230340557275541,0.0169230769230769,0.0070967741935483,0.0579656565656565,0.0461698658410732,0.0351102564102564,0.0469817204301075,376628.0,376628.0,274752.0,19278.0,0,0,0,0,0,2,0,0,0,0,0,1,0,0,0,1,2,2,2,12,0,0,1,4,0,0,1,0,1,6,0,12,0,2.072200238303028,9.270716392314483,1.8820675557693207,5.930430403339868,0,1,0,0,0,0,0,0,4,4,1,0,1,3,0,0.9759623553304244,1,1,high,1,140,0.003111111111111111,1,1,1,1,true_positive,top_1pct_review_queue,140
TXN_000233228,2026-03-11 08:28:59,2026-03-11,declined,1,stolen_card,SC_001546,medium,CUST_002669,MERCH_000989,DEV_004532,PM_008103,affluent,DE,Hamburg,electronics,IT,medium,mobile,macos,chrome,credit_card,US,web,DE,IT,950.0,EUR,8,2,0,0,1,1,0,1,0,0,0,1827,0.792,0,2,60,3,0,0,3560,0.044,0,0,0,0,0,68.80277777777778,149.97,13.807582058217934,6.33460025338401,881.1972222222222,800.03,1,1,1,0,0,0,0,25,206,2,33,90.054,168.5514563106796,47.184999999999945,77.13909090909091,0.0097777777777777,0.0240707964601769,0.0199999999999999,0.0083018867924528,0.0425081481481481,0.0527117994100294,0.0414939393939393,0.036091823899371,173926.0,4009768.0,173926.0,107562.0,0,0,0,0,0,1,0,0,0,0,0,0,0,0,0,1,3,3,3,18,0,3,0,4,0,2,0,0,1,2,0,18,0,10.549226019943587,5.636261001797152,20.1335170075236,12.315416072501856,1,1,0,0,0,0,0,0,2,3,0,0,1,1,0,0.9758025239811678,1,1,high,1,141,0.0031333333333333335,1,1,1,1,true_positive,top_1pct_review_queue,141
TXN_000198090,2026-03-14 00:12:17,2026-03-14,approved,1,account_takeover,ATO_001226,medium,CUST_005708,MERCH_000693,DEV_001154,PM_004844,digital_native,ES,Valencia,electronics,DE,medium,mobile,macos,firefox,debit_card,PT,mobile,FR,DE,83.27,EUR,0,5,1,1,1,1,1,1,0,0,0,2738,0.517,1,7,483,2,2,0,1557,0.0409,0,1,0,2,0,18.1725,435.89,4.5821983766680425,0.1910344352933079,65.0975,-352.62,1,0,0,0,0,1,0,56,227,35,60,54.27428571428572,348.6615859030837,59.36685714285715,59.67083333333333,0.0189473684210526,0.0179757085020242,0.0079999999999999,0.018,0.025169298245614,0.0522788124156545,0.0347793939393939,0.0239108333333333,75538.0,325755.0,75538.0,1305.0,0,0,0,0,1,4,0,0,0,1,1,2,1,1,0,2,2,2,1,56,0,46,0,6,0,7,0,0,1,18,0,56,0,1.5342440513792377,0.2388275719687292,1.402634466561429,1.3954891418197053,0,0,1,0,0,0,0,0,1,5,1,1,1,2,0,0.9757329469915808,1,1,high,1,142,0.0031555555555555555,1,1,1,1,true_positive,top_1pct_review_queue,142
TXN_000285281,2026-03-10 00:11:13,2026-03-10,approved,0,none,,none,CUST_005404,MERCH_000696,DEV_001419,PM_008030,mass,DE,Munich,marketplace,ES,medium,mobile,android,chrome,credit_card,ES,web,PT,ES,139.99,EUR,0,1,0,1,1,1,1,1,0,0,0,2681,0.139,0,3,559,1,0,0,60,0.0464,0,0,0,0,0,59.370000000000005,237.92,2.3579248778844533,0.5883910558170814,80.62,-97.92999999999998,0,0,0,1,1,1,0,9,337,9,34,44.22888888888888,177.6951632047478,44.22888888888888,138.8170588235294,0.0151724137931034,0.1580952380952381,0.0151724137931034,0.0451851851851851,0.0314781609195402,0.0529772175536881,0.0314781609195402,0.0539419753086419,1456935.0,1456935.0,177110.0,58853.0,0,0,0,0,0,0,0,0,0,0,0,1,0,0,0,1,2,1,2,9,0,6,0,1,0,5,0,0,1,9,0,4,0,3.165125860423053,0.7878098507312643,3.165125860423053,1.0084495463771617,1,0,1,0,0,0,0,0,1,3,0,0,1,0,0,0.9750936500970092,1,1,high,1,143,0.0031777777777777776,1,1,1,1,false_positive,top_1pct_review_queue,143
TXN_000238811,2026-03-15 00:04:30,2026-03-15,approved,1,stolen_card,SC_001603,medium,CUST_008418,MERCH_001061,DEV_007459,PM_002116,digital_native,ES,Bilbao,digital_services,ES,medium,mobile,windows,safari,credit_card,US,web,GB,ES,301.48,EUR,0,6,1,1,0,1,1,1,0,0,0,1018,0.831,0,2,1536,3,0,0,1446,0.0677,0,0,0,0,0,44.5553488372093,81.91,6.766415433116897,3.68062507630326,256.9246511627907,219.57,1,1,1,0,0,0,0,36,297,22,19,65.0225,74.43919191919191,61.54772727272728,88.41578947368421,0.0435714285714285,0.0360883280757097,0.0342857142857142,0.0369230769230769,0.0520154761904761,0.0407345951629863,0.0455444444444444,0.0490478632478632,59562.0,158095.0,59562.0,2021.0,0,0,0,0,1,2,0,0,0,1,1,3,1,1,0,2,3,4,3,31,0,7,0,6,0,22,0,0,1,20,0,8,0,4.636548886923758,4.050017097542839,4.898312469997415,3.409798202273945,1,1,0,0,0,0,0,0,2,4,0,0,1,2,0,0.97492671332826,1,1,high,1,144,0.0032,1,1,1,1,true_positive,top_1pct_review_queue,144
TXN_000175635,2026-03-15 04:35:47,2026-03-15,approved,0,none,,none,CUST_003798,MERCH_000532,DEV_007968,PM_009285,digital_native,DE,Berlin,electronics,IT,medium,desktop,windows,chrome,credit_card,US,mobile,IT,IT,234.62,EUR,4,6,1,1,1,1,1,1,0,0,0,1207,0.447,1,6,1130,2,0,0,2059,0.0393,0,0,0,0,0,17.036470588235293,128.62,13.771631793384437,1.8241331052713416,217.58352941176472,106.0,1,0,0,0,0,1,0,20,233,17,28,54.0065,140.87515021459225,78.58470588235295,53.08749999999999,0.011,0.0215019762845849,0.0118918918918918,0.0091666666666666,0.0478216666666666,0.0312761528326745,0.0516990990990991,0.0398513888888888,525710.0,525710.0,525710.0,21984.0,0,0,0,0,0,2,0,0,0,0,0,1,0,0,0,2,2,2,3,17,0,13,0,1,0,2,0,0,1,14,0,14,0,4.344291890790923,1.6654463164199516,2.9855682141413533,4.419496114904639,1,0,1,0,0,0,0,0,1,4,1,0,1,2,0,0.9744880288458908,1,1,high,1,145,0.0032222222222222222,1,1,1,1,false_positive,top_1pct_review_queue,145
TXN_000269306,2026-03-26 00:04:28,2026-03-26,declined,0,none,,none,CUST_004530,MERCH_000752,DEV_001941,PM_004414,affluent,IT,Rome,marketplace,ES,medium,mobile,ios,safari,credit_card,FR,mobile,PT,ES,535.51,EUR,0,3,0,1,1,1,1,1,0,0,0,1818,0.86,0,1,2279,2,0,0,1137,0.0371,0,0,0,0,0,252.79291666666663,18.5,2.1183742292357217,28.946486486486485,282.71708333333333,517.01,0,1,0,0,0,0,0,22,344,104,61,244.68545454545452,60.54209302325581,137.93298076923077,187.0727868852459,0.0342857142857142,0.0149450549450549,0.0116129032258064,0.0177777777777777,0.0455444444444444,0.0217386446886446,0.0476844086021505,0.0359613168724279,160260.0,95284.0,69917.0,4231.0,0,0,0,0,0,2,0,0,0,1,0,5,0,0,0,7,4,2,1,22,0,14,0,3,0,7,0,0,1,16,0,22,0,2.188564910794564,8.84525085372084,3.8823927171989183,2.862575625863169,0,1,0,0,0,0,0,0,1,3,1,0,1,1,0,0.9744214477547726,1,1,high,1,146,0.0032444444444444443,1,1,1,1,false_positive,top_1pct_review_queue,146
TXN_000073069,2026-03-15 06:28:26,2026-03-15,declined,1,stolen_card,SC_001610,medium,CUST_005978,MERCH_000589,DEV_000714,PM_011498,mass,ES,Bilbao,marketplace,IT,medium,mobile,macos,edge,credit_card,US,web,FR,IT,183.04,EUR,6,6,1,0,1,1,1,1,0,0,0,2058,0.84,0,1,1983,2,0,0,1713,0.023,0,0,0,0,0,60.27428571428571,115.42,3.036784224497535,1.5858603361635764,122.76571428571428,67.61999999999999,1,0,1,0,0,0,0,13,260,68,23,54.715384615384615,118.08115384615384,151.18720588235294,81.33000000000001,0.0436363636363636,0.0444285714285714,0.0163636363636363,0.1032558139534883,0.0579656565656565,0.0354030952380952,0.0444643939393939,0.0909968992248062,1202097.0,294020.0,1202097.0,19219.0,0,0,0,0,0,0,0,0,0,0,0,2,0,0,0,4,5,1,1,13,0,1,0,3,0,2,0,0,1,13,0,13,0,3.3453114016589343,1.5501203539938309,1.2106844552867355,2.2505840403295214,1,0,0,0,0,0,0,0,2,2,0,0,1,0,0,0.9743120032330976,1,1,high,1,147,0.003266666666666667,1,1,1,1,true_positive,top_1pct_review_queue,147
TXN_000013568,2026-03-13 01:54:53,2026-03-13,approved,1,account_takeover,ATO_001216,medium,CUST_000201,MERCH_000555,DEV_000675,PM_000857,digital_native,DE,Munich,marketplace,IT,medium,desktop,android,chrome,wallet,DE,mobile,PT,IT,527.34,EUR,1,4,0,1,1,0,1,1,0,0,1,811,0.639,1,7,717,2,1,1,1297,0.0519,0,1,1,1,1,191.47875,53.55,2.7540392863437853,9.847619047619048,335.86125000000004,473.79,0,1,0,0,0,1,1,5,238,41,21,120.478,80.54739495798319,103.44878048780488,149.36095238095237,0.0175999999999999,0.0365891472868217,0.1055737704918032,0.0107317073170731,0.0765146666666666,0.0229180878552971,0.1788994535519125,0.0710455284552845,961714.0,71615.0,961714.0,2747.0,0,0,0,0,0,0,0,1,0,0,1,1,0,0,1,4,3,2,1,5,0,4,0,2,0,1,0,0,1,3,0,5,0,4.37706469230897,6.546952887490429,5.097595133682275,3.530641654285879,1,1,1,1,0,0,0,0,1,7,1,2,1,2,0,0.9741642181541068,1,1,high,1,148,0.003288888888888889,1,1,1,1,true_positive,top_1pct_review_queue,148
TXN_000037158,2026-03-09 05:36:13,2026-03-09,approved,1,merchant_collusion,MC_000906,medium,CUST_001531,MERCH_000500,DEV_000048,PM_007088,mass,FR,Lyon,marketplace,IT,medium,mobile,macos,chrome,credit_card,ES,web,PT,IT,119.57,EUR,5,0,0,1,1,1,1,1,0,0,1,2189,0.394,1,12,521,2,0,1,60,0.0399,0,0,1,0,1,81.07166666666666,218.07,1.474867915219045,0.5483101756316779,38.498333333333335,-98.5,0,0,0,0,0,1,1,19,283,38,30,56.99526315789474,191.2507067137809,53.90026315789473,86.61399999999999,0.0112820512820512,0.1928712871287128,0.0075862068965517,0.0087999999999999,0.0490478632478632,0.0756200220022002,0.0674632183908046,0.0382573333333333,9472.0,397.0,9472.0,45252.0,0,0,0,0,2,3,1,5,0,1,0,1,2,1,2,2,3,2,2,12,0,15,0,3,0,0,1,0,1,16,0,12,0,2.097893638437174,0.6252003041167542,2.2183565161775407,1.380492760985522,0,0,1,1,0,0,0,0,2,5,0,0,1,0,0,0.9739074786228876,1,1,high,1,149,0.003311111111111111,1,1,1,1,true_positive,top_1pct_review_queue,149
TXN_000188186,2026-03-24 03:42:17,2026-03-24,approved,0,none,,none,CUST_005835,MERCH_000497,DEV_005958,PM_002553,affluent,FR,Paris,marketplace,ES,medium,desktop,android,chrome,credit_card,DE,web,GB,ES,593.82,EUR,3,1,0,1,1,1,1,1,0,0,0,2519,0.463,1,8,2292,1,0,0,2486,0.007,0,0,0,0,0,153.48891891891893,218.07,3.868813489485112,2.723070573669005,440.3310810810812,375.75000000000006,1,0,0,0,0,1,0,24,333,105,52,178.39208333333332,148.14042042042044,104.5935238095238,169.94000000000003,0.0099999999999999,0.0210764872521246,0.06752,0.0477777777777777,0.0662015151515151,0.0337474976392823,0.1033029333333333,0.0543453703703703,68986.0,68986.0,68986.0,80967.0,0,0,0,0,1,2,0,1,0,1,0,1,1,1,1,5,3,1,3,24,0,12,0,1,0,4,0,0,1,24,0,20,0,3.3287351596787045,4.008494091718839,5.677406959549532,3.49429210309521,1,1,1,0,0,0,0,0,1,4,0,0,1,1,0,0.973791064104104,1,1,high,1,150,0.0033333333333333335,1,1,1,1,false_positive,top_1pct_review_queue,150
TXN_000174761,2026-03-08 22:40:52,2026-03-08,approved,1,stolen_card,SC_001511,medium,CUST_003613,MERCH_001165,DEV_002307,PM_009719,affluent,ES,Barcelona,electronics,ES,high,desktop,android,firefox,credit_card,DE,web,US,ES,411.26,EUR,22,6,1,0,0,1,1,1,0,0,0,2541,0.512,1,12,2311,2,0,0,2010,0.0163,1,0,0,0,0,133.92365853658535,44.74,3.070853981245231,9.192221725525256,277.33634146341467,366.52,1,1,1,0,0,1,0,36,258,22,29,206.1622222222222,91.16732558139536,226.82,170.75655172413792,0.0078571428571428,0.0303597122302158,0.0104761904761904,0.0089795918367346,0.0341583333333333,0.0608376498800959,0.0217349206349206,0.0594462585034013,86133.0,86133.0,8291.0,84670.0,0,0,0,0,1,8,0,1,0,2,0,1,1,1,1,1,3,2,3,36,0,5,0,11,0,20,0,0,1,22,0,18,0,1.9948368598622448,4.511046006639975,1.8131558063662816,2.408458099249991,0,1,1,0,0,0,0,0,2,5,0,0,2,1,0,0.9737266475309236,1,1,high,1,151,0.0033555555555555556,1,1,1,1,true_positive,top_1pct_review_queue,151
TXN_000261488,2026-03-15 00:16:36,2026-03-15,approved,1,stolen_card,SC_001605,medium,CUST_004298,MERCH_000377,DEV_003035,PM_004980,affluent,ES,Sevilla,digital_services,FR,medium,mobile,android,chrome,credit_card,DE,mobile,US,FR,227.74,EUR,0,6,1,1,1,1,1,1,0,0,0,1015,0.332,0,3,2115,2,0,0,1980,0.0567,0,0,0,0,0,77.99622641509434,80.5,2.919884851710291,2.8290683229813665,149.74377358490568,147.24,0,0,1,1,0,1,0,52,209,63,69,119.65192307692308,81.99822966507176,132.6804761904762,106.57202898550725,0.0338888888888888,0.0324890829694323,0.0293975903614457,0.0274157303370786,0.0265675925925925,0.0432876273653566,0.0109983935742971,0.0327288389513108,411927.0,411927.0,411927.0,97162.0,0,0,0,0,0,2,0,0,0,0,0,0,0,0,0,3,2,2,1,52,0,14,0,5,0,6,0,0,1,38,0,52,0,1.9033542808466868,2.777377035214321,1.7164544968398836,2.1369584699468414,0,0,1,0,0,0,0,0,2,3,1,0,1,1,0,0.9736824517995434,1,1,high,1,152,0.0033777777777777777,1,1,1,1,true_positive,top_1pct_review_queue,152
TXN_000294037,2026-03-20 08:21:03,2026-03-20,approved,1,stolen_card,SC_001695,medium,CUST_007977,MERCH_000274,DEV_007800,PM_001514,digital_native,ES,Valencia,marketplace,ES,low,desktop,linux,firefox,credit_card,US,web,GB,ES,384.84,EUR,8,4,0,0,0,1,1,1,0,0,0,605,0.694,0,1,973,3,2,0,3687,0.0391,0,1,0,2,0,41.773555555555554,77.11,9.212526797921068,4.990792374529892,343.0664444444444,307.73,1,1,1,0,0,0,0,42,346,44,73,65.44619047619047,87.5071965317919,71.84363636363636,107.21219178082193,0.0070967741935483,0.014863387978142,0.0225,0.0477419354838709,0.0469817204301075,0.0352810564663023,0.0611385416666666,0.074331899641577,379273.0,379273.0,21556.0,10072.0,0,0,0,0,0,1,0,0,0,2,0,2,0,0,0,3,6,4,3,28,0,6,0,9,0,22,0,0,1,24,0,28,0,5.880250587541929,4.3978097259713405,5.356633092068633,3.5895171398672967,1,1,0,0,0,0,0,0,2,4,0,0,0,2,0,0.9736434786639524,1,1,high,1,153,0.0034,1,1,1,1,true_positive,top_1pct_review_queue,153
TXN_000059590,2026-03-18 02:16:15,2026-03-18,approved,1,merchant_collusion,MC_000982,medium,CUST_008375,MERCH_000289,DEV_002860,PM_009483,affluent,DE,Hamburg,digital_services,DE,high,mobile,windows,edge,wallet,DE,web,DE,DE,850.0,EUR,2,2,0,1,0,0,0,0,0,0,1,1080,0.27,1,13,2212,2,0,0,660,0.0799,1,0,0,0,0,136.82161290322583,66.25,6.212468790301474,12.830188679245284,713.1783870967741,783.75,1,1,1,1,0,1,1,27,262,20,50,191.7148148148148,102.88114503816794,182.98450000000005,150.02540000000002,0.0306382978723404,0.246241134751773,0.036,0.0205714285714285,0.1045290780141844,0.0989817966903073,0.0978216666666666,0.0844695238095238,174990.0,511335.0,174990.0,31685.0,0,0,0,0,0,3,0,0,0,0,0,2,0,0,0,1,3,2,1,27,0,10,0,2,0,9,0,0,1,20,0,27,0,4.433668836813941,8.261960922816886,4.645202189256467,5.665707273568342,1,1,0,0,0,0,0,0,2,7,0,2,2,1,0,0.9734990125681108,1,1,high,1,154,0.0034222222222222223,1,1,1,1,true_positive,top_1pct_review_queue,154
TXN_000272490,2026-03-09 01:39:42,2026-03-09,approved,1,account_takeover,ATO_001171,medium,CUST_005162,MERCH_000996,DEV_006602,PM_004690,sme,ES,Valencia,travel,PT,high,mobile,macos,safari,wallet,ES,web,US,PT,1200.0,EUR,1,0,0,1,1,0,1,1,0,0,1,80,0.353,1,11,127,1,1,0,1611,0.0404,1,1,0,1,0,23.050731707317077,249.31,52.059084945189824,4.813284665677269,1176.949268292683,950.69,1,1,1,0,0,1,1,62,150,92,55,111.53258064516127,318.139,104.40130434782608,109.80127272727272,0.0053658536585365,0.0496470588235294,0.0128571428571428,0.0058666666666666,0.0477178861788617,0.0641933333333333,0.0349363095238095,0.0388382222222222,83210.0,68762.0,83210.0,13860.0,0,0,0,0,1,6,0,2,0,1,0,2,1,1,2,4,2,1,3,46,0,13,0,5,0,5,0,0,1,62,0,46,0,10.759187970533707,3.771936166266946,11.494109268999638,10.928835068975854,1,1,1,1,0,0,0,0,2,8,0,2,2,3,0,0.9733221277263,1,1,high,1,155,0.0034444444444444444,1,1,1,1,true_positive,top_1pct_review_queue,155
TXN_000221892,2026-03-23 19:22:54,2026-03-23,approved,1,merchant_collusion,MC_001028,medium,CUST_001982,MERCH_000345,DEV_001340,PM_002543,mass,ES,Bilbao,digital_services,IT,high,mobile,ios,firefox,debit_card,US,web,ES,IT,165.31,EUR,19,0,0,0,1,1,0,1,1,0,0,1485,0.466,1,10,2030,2,0,0,1029,0.0653,1,0,0,0,0,42.08758620689655,65.35,3.927761482622446,2.5296097934200463,123.22241379310344,99.96,1,0,1,0,0,1,0,33,281,65,33,56.17636363636364,86.8338434163701,68.17861538461538,56.17636363636364,0.0083018867924528,0.2340199335548172,0.0051764705882352,0.0083018867924528,0.0549597484276729,0.0894115171650055,0.0695631372549019,0.0549597484276729,324048.0,324048.0,324048.0,328.0,0,0,0,0,0,1,0,0,0,0,1,1,0,0,0,3,1,1,1,33,0,4,0,1,0,1,0,0,1,33,0,33,0,2.9426967019451724,1.903750813001966,2.424660563542369,2.9426967019451724,0,0,1,0,0,0,0,0,2,4,0,1,2,0,0,0.9731590243143312,1,1,high,1,156,0.0034666666666666665,1,1,1,1,true_positive,top_1pct_review_queue,156
TXN_000156474,2026-03-18 12:06:11,2026-03-18,approved,0,none,,none,CUST_002997,MERCH_000444,DEV_004053,PM_009601,affluent,IT,Milan,travel,FR,high,desktop,android,safari,credit_card,IT,web,PT,FR,1181.36,EUR,12,2,0,0,1,0,1,1,0,0,0,418,0.962,0,1,1925,2,1,0,2800,0.0347,1,1,0,1,0,143.06,330.86,8.257793932615686,3.570573656531463,1038.3,850.4999999999999,1,1,1,0,0,0,0,18,173,6,23,135.4427777777778,334.29820809248554,95.25,98.8982608695652,0.0378947368421052,0.0489119170984455,0.0169230769230769,0.0102325581395348,0.050338596491228,0.0928127806563039,0.0351102564102564,0.021229457364341,216734.0,2728673.0,2543580.0,42066.0,0,0,0,0,0,2,0,0,0,0,0,2,0,0,0,2,2,2,2,18,0,2,0,4,0,4,0,0,1,5,0,12,0,8.722207410263454,3.5338508295957416,12.40272965879265,11.945204997669984,1,1,0,0,0,0,0,0,2,5,0,0,2,1,0,0.9729381060072604,1,1,high,1,157,0.003488888888888889,1,1,1,1,false_positive,top_1pct_review_queue,157
TXN_000192318,2026-03-20 22:49:37,2026-03-20,declined,1,stolen_card,SC_001706,medium,CUST_003226,MERCH_000148,DEV_000186,PM_007369,digital_native,IT,Milan,digital_services,PT,medium,mobile,android,safari,credit_card,PT,web,PT,PT,102.27,EUR,22,4,0,0,1,1,1,1,0,0,0,1971,0.413,1,5,253,2,0,1,674,0.0329,0,0,1,0,1,10.959574468085108,26.83,9.331566686080372,3.8117778606038017,91.31042553191487,75.44,1,1,0,0,0,1,0,35,208,96,34,59.109142857142864,49.012355769230766,107.9875,64.75676470588235,0.0079999999999999,0.0370175438596491,0.0210344827586206,0.0081481481481481,0.0529612121212121,0.0654073099415204,0.0423522988505747,0.0354234567901234,771912.0,246265.0,876642.0,15468.0,0,0,0,0,0,0,0,0,0,0,0,1,0,0,0,5,4,2,3,21,0,20,0,6,0,2,0,0,1,26,0,21,0,1.730189189973028,2.0866166988897032,0.9470540571825444,1.579294463898843,0,0,1,0,0,0,0,0,1,5,0,0,1,2,0,0.9726990298553,1,1,high,1,158,0.003511111111111111,1,1,1,1,true_positive,top_1pct_review_queue,158
TXN_000222272,2026-03-11 04:58:25,2026-03-11,approved,1,merchant_collusion,MC_000929,medium,CUST_001716,MERCH_000614,DEV_003647,PM_009951,digital_native,FR,Lyon,marketplace,IT,medium,mobile,macos,chrome,credit_card,US,mobile,FR,IT,97.3,EUR,4,2,0,1,1,1,0,1,1,1,1,763,0.776,0,1,1013,4,1,0,2513,0.0449,0,1,0,1,0,21.771,35.0,4.469248082311331,2.78,75.529,62.3,1,0,0,0,0,0,1,42,302,75,38,80.45,102.73122516556292,85.30666666666667,77.985,0.0232258064516129,0.1690683229813664,0.0256842105263157,0.0248275862068965,0.0792397849462365,0.0463132505175983,0.0622407017543859,0.0674632183908046,113727.0,113727.0,113727.0,7983.0,0,0,0,0,0,2,0,0,0,0,0,3,0,0,0,5,2,4,4,33,0,29,0,10,0,9,0,0,1,28,0,32,0,1.209446861404599,0.9471317006410672,1.1405908096280086,1.247675835096493,0,0,0,1,0,0,0,0,1,5,1,0,1,2,0,0.9726649414867516,1,1,high,1,159,0.003533333333333333,1,1,1,1,true_positive,top_1pct_review_queue,159
TXN_000097294,2026-03-09 04:32:20,2026-03-09,declined,1,stolen_card,SC_001521,medium,CUST_006233,MERCH_000273,DEV_000700,PM_011746,digital_native,FR,Lyon,marketplace,ES,low,desktop,android,chrome,credit_card,IT,mobile,ES,ES,350.76,EUR,4,0,0,1,1,1,1,1,0,0,0,2475,0.75,0,1,1476,3,1,0,1140,0.0295,0,1,0,1,0,37.95973684210527,108.58,9.240316956331847,3.230429176643949,312.80026315789473,242.18,1,1,0,0,0,0,0,32,291,37,48,81.8515625,109.36388316151204,70.5108108108108,124.49708333333332,0.0661538461538461,0.0335691318327974,0.0428070175438596,0.0652941176470588,0.0175551282051282,0.0640285101822079,0.0160152046783625,0.0134245098039215,38793.0,38793.0,38793.0,25365.0,0,0,0,0,1,5,0,1,0,1,0,3,1,1,1,3,4,3,1,32,0,18,0,6,0,9,0,0,1,25,0,32,0,4.285318316311921,3.207274557743954,4.974556326421098,2.8174154012978887,1,1,0,0,0,0,0,0,1,5,1,0,0,2,0,0.9724822882514208,1,1,high,1,160,0.0035555555555555557,1,1,1,1,true_positive,top_1pct_review_queue,160
TXN_000151006,2026-03-16 02:42:41,2026-03-16,approved,1,stolen_card,SC_001621,medium,CUST_005105,MERCH_000189,DEV_000205,PM_006883,digital_native,ES,Valencia,electronics,FR,low,mobile,macos,chrome,credit_card,DE,web,IT,FR,950.0,EUR,2,0,0,1,1,1,1,1,0,0,0,307,0.331,0,2,680,2,2,0,1121,0.0119,0,1,0,2,0,33.879375,389.12,28.04065895548545,2.44140625,916.120625,560.88,1,0,1,1,0,1,0,45,242,34,49,80.10422222222222,313.4027685950413,62.83882352941176,178.79408163265305,0.0067692307692307,0.0054961832061068,0.0266666666666666,0.0063768115942028,0.0448133333333333,0.037835368956743,0.0169049382716049,0.0712009661835748,440787.0,712490.0,7651.0,17172.0,0,0,0,0,0,2,0,0,0,2,0,4,0,0,0,3,3,2,2,31,0,14,0,12,0,4,0,1,0,28,0,31,0,11.859549642271595,3.031243164375258,15.11804242412896,5.313374980452944,1,1,1,0,0,0,0,0,1,5,0,0,0,2,0,0.9723339492264348,1,1,high,1,161,0.003577777777777778,1,1,1,1,true_positive,top_1pct_review_queue,161
TXN_000106821,2026-03-11 21:38:04,2026-03-11,declined,1,stolen_card,SC_001553,medium,CUST_006991,MERCH_000555,DEV_007183,PM_002628,mass,ES,Valencia,marketplace,IT,medium,mobile,ios,chrome,credit_card,ES,web,US,IT,126.5,EUR,21,2,0,0,1,0,1,1,0,0,0,30,0.797,0,1,339,1,0,0,1297,0.0519,0,0,0,0,0,30.0,53.55,4.216666666666667,2.362278244631186,96.5,72.95,1,0,0,0,0,0,0,4,234,17,8,36.8725,80.5173076923077,46.14235294117647,43.11,0.0183333333333333,0.0332283464566929,0.0118918918918918,0.0157142857142857,0.0380361111111111,0.0193419947506561,0.024672072072072,0.0326023809523809,3101810.0,685472.0,1288346.0,96510.0,0,0,0,0,0,0,0,0,0,0,0,0,0,0,0,2,2,1,2,1,0,4,0,1,0,0,1,0,1,4,0,1,0,3.430741067190996,1.5710907831569896,2.7415160245786696,2.9343539781953143,1,0,0,0,0,0,0,0,2,2,0,0,1,0,0,0.972295853874997,1,1,high,1,162,0.0036,1,1,1,1,true_positive,top_1pct_review_queue,162
TXN_000203138,2026-03-15 04:35:46,2026-03-15,approved,1,stolen_card,SC_001608,medium,CUST_003860,MERCH_000801,DEV_003066,PM_001500,mass,ES,Bilbao,marketplace,IT,high,mobile,linux,chrome,debit_card,ES,web,FR,IT,255.89,EUR,4,6,1,1,1,0,1,1,0,0,0,2179,0.607,0,2,185,1,1,0,1652,0.031,1,1,0,1,0,25.488148148148145,176.5,10.039568136243425,1.4498016997167138,230.40185185185183,79.38999999999999,1,0,0,0,0,0,0,22,237,66,22,64.16681818181819,137.12379746835444,69.61181818181818,64.16681818181819,0.0104761904761904,0.0522957198443579,0.0167441860465116,0.0104761904761904,0.0217349206349206,0.0658088197146562,0.0222426356589147,0.0217349206349206,43510.0,43510.0,43510.0,9656.0,0,0,0,0,1,2,0,1,0,1,0,2,1,1,1,3,1,1,1,22,0,9,0,4,0,2,0,0,1,22,0,22,0,3.987886687398612,1.866123931253104,3.675956277016703,3.987886687398612,1,0,0,0,0,0,0,0,1,5,0,1,2,0,0,0.9721579150917962,1,1,high,1,163,0.0036222222222222224,1,1,1,1,true_positive,top_1pct_review_queue,163
TXN_000106788,2026-03-17 04:57:22,2026-03-17,approved,0,none,,none,CUST_003445,MERCH_000075,DEV_005704,PM_002879,digital_native,ES,Valencia,electronics,DE,medium,tablet,macos,chrome,credit_card,PT,mobile,FR,DE,153.67,EUR,4,1,0,1,1,1,1,1,0,0,0,912,0.107,0,3,1074,3,0,2,1762,0.0473,0,0,1,0,2,62.93909090909092,35.57,2.441566882844885,4.320213663199325,90.73090909090908,118.1,0,1,0,1,1,1,0,32,247,22,18,69.0775,88.90773279352229,61.23045454545454,194.6261111111111,0.0276923076923076,0.016629213483146,0.0342857142857142,0.0378947368421052,0.0367858974358974,0.0184002496878901,0.0455444444444444,0.0240228070175438,162758.0,162758.0,273676.0,85489.0,0,0,0,0,0,4,0,0,0,0,0,1,0,0,0,1,3,4,4,25,0,28,0,2,0,1,0,0,1,22,0,3,0,2.2246028012015486,1.728421085226416,2.5096988278263197,0.7895651776768562,0,0,1,0,0,0,0,0,1,5,1,0,1,2,0,0.9721169077663214,1,1,high,1,164,0.0036444444444444445,1,1,1,1,false_positive,top_1pct_review_queue,164
TXN_000007335,2026-03-18 03:09:26,2026-03-18,approved,1,stolen_card,SC_001656,medium,CUST_000592,MERCH_000922,DEV_000573,PM_001514,mass,IT,Turin,marketplace,ES,low,mobile,ios,edge,credit_card,US,mobile,GB,ES,247.2,EUR,3,2,0,1,1,1,1,1,0,0,0,605,0.44,0,3,765,1,0,1,1407,0.0402,0,0,1,0,1,53.01875,171.24,4.662501473535306,1.4435879467414154,194.18125,75.95999999999998,1,0,1,0,0,0,0,8,357,17,70,77.775,133.2890756302521,71.18705882352941,105.52285714285716,0.0157142857142857,0.0144297082228116,0.0118918918918918,0.0382222222222222,0.0683166666666666,0.0342516357206012,0.0516990990990991,0.0768096296296296,522771.0,187343.0,95807.0,20479.0,0,0,0,0,0,1,0,0,0,0,0,1,0,0,0,2,6,1,1,8,0,0,1,5,0,2,0,0,1,8,0,8,0,3.178399228543876,1.854615607701716,3.472541274851675,2.34262042076192,1,0,0,0,0,0,0,0,3,4,1,0,0,0,0,0.9720338699564368,1,1,high,1,165,0.0036666666666666666,1,1,1,1,true_positive,top_1pct_review_queue,165
TXN_000269107,2026-03-15 00:11:39,2026-03-15,approved,1,stolen_card,SC_001604,medium,CUST_007909,MERCH_001046,DEV_003982,PM_007873,mass,PT,Porto,digital_services,FR,low,mobile,ios,safari,credit_card,PT,web,US,FR,381.87,EUR,0,6,1,1,1,0,1,1,0,0,0,1283,0.847,0,3,308,1,0,0,60,0.0481,0,0,0,0,0,216.79666666666665,67.03,1.7614200710343026,5.697001342682381,165.07333333333335,314.84000000000003,0,1,1,0,0,0,0,2,231,95,42,53.775000000000006,76.1396103896104,153.54810526315788,107.78857142857144,0.0199999999999999,0.0296414342629482,0.0038260869565217,0.0554838709677419,0.0414939393939393,0.0633978751660026,0.0427205797101449,0.063110752688172,2690830.0,186566.0,7672.0,85972.0,0,0,0,0,0,0,0,0,0,1,0,1,0,0,0,4,5,1,1,2,0,0,1,0,1,0,1,0,1,2,0,2,0,7.101255230125522,5.015392094153767,2.4869730521619493,3.542768912686211,1,1,0,0,0,0,0,0,5,3,0,0,0,0,0,0.9716965899478828,1,1,high,1,166,0.0036888888888888887,1,1,1,1,true_positive,top_1pct_review_queue,166
TXN_000279826,2026-03-14 01:38:49,2026-03-14,approved,0,none,,none,CUST_002651,MERCH_000522,DEV_002975,PM_008306,sme,IT,Rome,electronics,FR,high,mobile,android,safari,credit_card,US,mobile,FR,FR,782.46,EUR,1,5,1,1,1,1,1,1,0,0,0,1507,0.976,0,1,1135,3,1,1,2592,0.0329,1,1,1,1,1,106.4167032967033,248.19,7.3527930837925135,3.152665296748459,676.0432967032967,534.27,1,1,1,0,0,0,0,66,193,45,67,159.66939393939396,221.2675129533679,158.94488888888887,126.51238805970146,0.0051162790697674,0.0396244131455399,0.0067692307692307,0.016551724137931,0.0803821705426356,0.0887928012519561,0.0601979487179487,0.0679639846743295,104766.0,769902.0,104766.0,10880.0,0,0,0,0,0,1,0,0,0,0,0,1,0,0,0,2,5,3,2,22,0,10,0,12,0,5,0,0,1,43,0,22,0,4.90050084549704,3.536262461470805,4.92283838423381,6.184848867375387,1,1,0,0,0,0,0,0,2,7,1,0,2,3,0,0.971547860042246,1,1,high,1,167,0.003711111111111111,1,1,1,1,false_positive,top_1pct_review_queue,167
TXN_000199555,2026-03-15 08:55:08,2026-03-15,approved,1,merchant_collusion,MC_000963,medium,CUST_006103,MERCH_000566,DEV_002936,PM_002741,digital_native,FR,Paris,digital_services,PT,high,tablet,android,chrome,debit_card,US,mobile,US,PT,78.5,EUR,8,6,1,0,1,1,1,1,1,0,0,4000,0.935,0,2,946,2,0,0,1204,0.0426,1,0,0,0,0,9.427454545454545,67.37,8.326743939364718,1.1652070654594031,69.07254545454546,11.129999999999995,1,0,0,0,0,0,0,41,264,51,73,62.39756097560976,103.59102272727272,146.84941176470588,80.91150684931507,0.0072131147540983,0.2269014084507042,0.0061971830985915,0.0047311827956989,0.0149650273224043,0.0912424882629108,0.0269417840375586,0.074331899641577,119465.0,213945.0,29734.0,20899.0,0,0,0,0,0,5,0,0,0,2,0,4,0,0,0,4,5,3,2,28,0,29,0,5,0,2,0,0,1,4,0,28,0,1.258061994293085,0.7577876724575774,0.5345612151704027,0.9701957491187734,0,0,0,0,0,0,0,0,1,3,1,1,2,2,0,0.9714425160071788,1,1,high,1,168,0.0037333333333333333,1,1,1,1,true_positive,top_1pct_review_queue,168
TXN_000003294,2026-03-21 01:47:14,2026-03-21,approved,1,stolen_card,SC_001711,medium,CUST_001965,MERCH_000758,DEV_004222,PM_003590,digital_native,DE,Munich,electronics,DE,medium,mobile,android,chrome,debit_card,ES,web,US,DE,108.89,EUR,1,5,1,1,0,1,1,1,0,0,0,1847,0.968,0,3,145,4,0,0,1954,0.0284,0,0,0,0,0,30.80864406779661,20.0,3.5343976761969733,5.4445,78.0813559322034,88.89,1,1,1,0,0,0,0,62,247,3,92,77.1182258064516,92.04336032388665,57.82666666666668,71.03945652173913,0.0053658536585365,0.0241198501872659,0.0191304347826086,0.0128571428571428,0.0355227642276422,0.0408721598002496,0.0396898550724637,0.0349363095238095,88364.0,1741567.0,99485.0,11330.0,0,0,0,0,0,5,0,0,0,0,0,4,0,0,0,1,5,5,3,9,0,10,0,17,0,23,0,0,1,3,0,9,0,1.411987877849887,1.183029385463901,1.883041272769195,1.5328101499013869,0,0,0,0,0,0,0,0,2,4,0,1,1,2,0,0.9713951409928478,1,1,high,1,169,0.0037555555555555554,1,1,1,1,true_positive,top_1pct_review_queue,169
TXN_000001463,2026-03-11 21:05:38,2026-03-11,approved,1,merchant_collusion,MC_000936,medium,CUST_008620,MERCH_000819,DEV_007457,PM_004001,digital_native,FR,Paris,marketplace,ES,medium,mobile,android,chrome,credit_card,ES,web,FR,ES,10.25,EUR,21,2,0,0,1,1,0,1,0,1,1,1597,0.857,0,1,1260,1,0,0,868,0.0197,0,0,0,0,0,6.25,201.14,1.64,0.0509595306751516,4.0,-190.89,0,0,1,0,0,0,1,29,291,76,20,70.2496551724138,166.90085910652925,153.3957894736842,53.6785,0.0293877551020408,0.1589710610932475,0.015,0.036,0.0594462585034013,0.0383050375133976,0.0407590277777777,0.0478216666666666,44801.0,44801.0,332639.0,12029.0,0,0,0,0,1,2,0,1,0,0,0,3,1,1,1,2,1,2,3,26,0,4,0,6,0,7,0,0,1,22,0,20,0,0.1459081895112996,0.0614137042485661,0.0668206085393135,0.1909516845664465,0,0,0,1,0,0,0,0,2,2,0,0,1,2,0,0.9713228710251194,1,1,high,1,170,0.003777777777777778,1,1,1,1,true_positive,top_1pct_review_queue,170
TXN_000180531,2026-03-15 23:05:44,2026-03-15,approved,1,merchant_collusion,MC_000969,medium,CUST_004413,MERCH_000345,DEV_006472,PM_001738,digital_native,ES,Sevilla,digital_services,IT,high,desktop,ios,firefox,credit_card,US,web,ES,IT,166.03,EUR,23,6,1,0,1,1,0,1,1,1,0,2384,0.253,1,8,1392,2,0,0,1029,0.0653,1,0,0,0,0,43.34479166666667,65.35,3.8304486794357255,2.540627390971691,122.68520833333332,100.68,1,0,0,1,0,1,1,43,263,32,31,64.15953488372092,87.09882129277567,65.8396875,81.40967741935484,0.0228571428571428,0.2347703180212014,0.0276923076923076,0.028235294117647,0.1097280423280423,0.0915648998822143,0.1329397435897436,0.0963307189542483,514491.0,596221.0,596221.0,7843.0,0,0,0,0,0,3,0,0,0,0,0,2,0,0,0,1,3,2,2,43,0,33,0,3,0,5,0,0,1,32,0,28,0,2.5877681361141924,1.9062255669557635,2.5217312885939807,2.039438126560209,0,0,1,1,0,0,0,0,1,6,0,0,2,2,0,0.9712513278103346,1,1,high,1,171,0.0038,1,1,1,1,true_positive,top_1pct_review_queue,171
TXN_000264416,2026-03-13 02:31:01,2026-03-13,approved,1,stolen_card,SC_001571,medium,CUST_008241,MERCH_000326,DEV_005550,PM_007653,mass,FR,Lyon,travel,DE,high,mobile,macos,safari,credit_card,IT,mobile,ES,DE,44.89,EUR,2,4,0,1,1,1,1,1,0,0,0,30,0.779,0,2,528,2,0,0,1291,0.0491,1,0,0,0,0,19.70935483870968,206.38,2.2775986513690896,0.2175113867622831,25.18064516129032,-161.49,0,0,1,0,0,0,0,26,150,76,60,61.013461538461534,241.0504666666667,110.315,99.192,0.0530434782608695,0.0437647058823529,0.0358333333333333,0.043,0.0633231884057971,0.0524286274509803,0.0511756944444444,0.0364108333333333,87264.0,10960.0,87264.0,82023.0,0,0,0,0,0,2,0,2,0,0,0,1,0,0,1,6,3,1,1,26,0,2,0,3,0,1,0,0,1,26,0,26,0,0.7357392756957797,0.1862265633448265,0.406925622082219,0.4525566577949835,0,0,0,0,0,0,0,0,2,3,1,0,2,0,0,0.9702164267385216,1,1,high,1,172,0.003822222222222222,1,1,1,1,true_positive,top_1pct_review_queue,172
TXN_000202435,2026-03-12 08:56:11,2026-03-12,approved,1,stolen_card,SC_001565,medium,CUST_008394,MERCH_000276,DEV_000559,PM_010575,digital_native,ES,Bilbao,digital_services,ES,medium,mobile,android,safari,credit_card,IT,mobile,US,ES,134.37,EUR,8,3,0,0,0,1,1,1,0,0,0,2256,0.657,1,6,756,4,0,0,1072,0.0486,0,0,0,0,0,20.9535,31.75,6.412771136087049,4.232125984251969,113.4165,102.62,1,1,0,0,0,1,0,42,273,65,114,89.85285714285715,50.50131868131868,63.0163076923077,121.08877192982456,0.0393548387096774,0.0356313993174061,0.0404705882352941,0.0182089552238805,0.0147236559139784,0.0406582480091012,0.057798431372549,0.0292004975124378,120982.0,120982.0,103354.0,21183.0,0,0,0,0,0,6,0,0,0,0,0,3,0,0,0,3,5,5,2,30,0,32,0,5,0,23,0,0,1,30,0,30,0,1.4954449337806257,2.6607226010853817,2.132305190841931,1.1096817471885208,0,0,1,0,0,0,0,0,1,4,1,0,1,2,0,0.9700989926130108,1,1,high,1,173,0.0038444444444444446,1,1,1,1,true_positive,top_1pct_review_queue,173
TXN_000176832,2026-03-14 04:53:01,2026-03-14,approved,1,merchant_collusion,MC_000952,medium,CUST_008110,MERCH_000696,DEV_003487,PM_011078,affluent,DE,Hamburg,marketplace,ES,medium,mobile,windows,edge,credit_card,PT,mobile,PT,ES,192.08,EUR,4,5,1,1,1,1,1,1,0,0,0,1990,0.373,1,6,2225,4,0,0,60,0.0464,0,0,0,0,0,118.65,237.92,1.6188790560471975,0.8073301950235374,73.43,-45.839999999999975,0,0,0,0,0,1,0,33,350,45,14,127.8209090909091,178.01191428571428,129.6697777777778,52.005,0.0271698113207547,0.1552432432432432,0.0221538461538461,0.0129411764705882,0.036091823899371,0.0538185585585585,0.0601979487179487,0.0268490196078431,24444.0,303021.0,3493319.0,14427.0,0,0,0,0,1,4,0,0,0,0,0,4,1,1,0,2,2,4,3,31,0,28,0,7,0,8,0,0,1,24,0,5,0,1.50272753781925,1.0790288996707604,1.481301219850766,3.693491010479762,0,0,1,0,0,0,0,0,1,3,1,0,1,1,0,0.9698957851480812,1,1,high,1,174,0.0038666666666666667,1,1,1,1,true_positive,top_1pct_review_queue,174
TXN_000195317,2026-03-08 23:37:59,2026-03-08,approved,1,merchant_collusion,MC_000899,medium,CUST_009017,MERCH_000345,DEV_003516,PM_000576,affluent,FR,Paris,digital_services,IT,high,desktop,windows,chrome,credit_card,PT,mobile,PT,IT,401.27,EUR,23,6,1,0,1,1,1,1,1,0,0,2823,0.447,1,6,1862,1,0,0,1029,0.0653,1,0,0,0,0,266.3941176470588,65.35,1.5063020292799258,6.140321346595257,134.87588235294118,335.92,0,1,0,0,0,1,0,10,249,10,11,326.94100000000003,85.73144578313253,326.94100000000003,387.0436363636363,0.2479999999999999,0.2358364312267657,0.2479999999999999,0.2077419354838709,0.1304288888888889,0.0963303593556381,0.1304288888888889,0.093963440860215,167760.0,167760.0,1462846.0,54596.0,0,0,0,0,0,1,0,0,0,0,0,2,0,0,0,1,3,1,2,8,0,5,0,1,0,3,0,0,1,10,0,8,0,1.2273468301620167,4.68054628420776,1.2273468301620167,1.0367564850568882,0,1,1,0,0,0,0,0,1,4,1,0,2,1,0,0.9698657485361308,1,1,high,1,175,0.0038888888888888888,1,1,1,1,true_positive,top_1pct_review_queue,175
TXN_000204692,2026-03-21 05:53:56,2026-03-21,approved,0,none,,none,CUST_009572,MERCH_000267,DEV_000632,PM_007567,affluent,PT,Braga,electronics,ES,medium,mobile,android,firefox,credit_card,DE,mobile,GB,ES,439.46,EUR,5,5,1,1,1,1,1,1,0,0,0,1288,0.283,1,8,1207,2,1,0,610,0.0412,0,1,0,1,0,130.666,152.3,3.363231445058393,2.885489166119501,308.794,287.16,1,0,0,1,0,1,0,19,276,46,35,159.9378947368421,157.02717391304347,93.725,150.91942857142857,0.0112820512820512,0.0183783783783783,0.0066666666666666,0.0261818181818181,0.0746888888888889,0.0503813063063063,0.1198919191919192,0.0347793939393939,278741.0,184221.0,275161.0,2393.0,0,0,0,0,0,2,0,0,0,0,1,2,0,0,0,2,2,2,2,19,0,14,0,3,0,5,0,0,1,16,0,7,0,2.7476915381628397,2.798623888138996,4.688823686316351,2.9118848657183207,0,0,1,0,0,0,0,0,1,6,1,0,1,1,0,0.9696969820808587,1,1,high,1,176,0.003911111111111111,1,1,1,1,false_positive,top_1pct_review_queue,176
TXN_000293959,2026-03-09 22:09:34,2026-03-09,approved,1,merchant_collusion,MC_000913,medium,CUST_007441,MERCH_000487,DEV_006017,PM_002575,sme,ES,Bilbao,marketplace,DE,high,mobile,android,chrome,debit_card,FR,web,GB,DE,360.05,EUR,22,0,0,0,1,1,1,1,1,0,0,665,0.927,0,1,2776,3,0,0,2028,0.0245,1,0,0,0,0,41.782407407407405,135.8,8.617263157894739,2.651325478645066,318.2675925925926,224.25,1,0,1,0,0,0,0,102,288,60,64,122.85137254901962,145.15965277777775,65.76933333333334,142.52375,0.0281967213114754,0.2579220779220779,0.0305,0.0171428571428571,0.06485956284153,0.1036132034632034,0.0239108333333333,0.0703912698412698,62213.0,50786.0,146295.0,3750.0,0,0,0,0,1,5,0,1,0,0,0,3,1,1,1,5,1,3,2,64,0,32,0,21,0,13,0,0,1,13,0,64,0,2.9307771865254044,2.480372425188933,5.474435907312425,2.5262456257290453,0,0,0,0,0,0,0,0,2,3,0,1,2,3,0,0.9685513931854238,1,1,high,1,177,0.003933333333333333,1,1,1,1,true_positive,top_1pct_review_queue,177
TXN_000147788,2026-03-23 22:45:48,2026-03-23,approved,1,account_takeover,ATO_001318,medium,CUST_000512,MERCH_000365,DEV_007508,PM_005545,digital_native,IT,Rome,travel,FR,medium,mobile,android,chrome,wallet,GB,web,FR,FR,59.38,EUR,22,0,0,0,1,1,1,1,0,1,0,545,0.02,1,4,158,2,0,0,3456,0.0622,0,0,0,0,0,16.930625,400.28,3.507253866883237,0.1483461576896173,42.449375,-340.9,1,0,1,1,1,1,1,44,187,35,35,61.27681818181818,379.57112299465234,71.6242857142857,103.8865714285714,0.0225,0.0166183574879227,0.0261818181818181,0.0261818181818181,0.0455135416666666,0.0575500805152979,0.0347793939393939,0.0711430303030303,181026.0,521841.0,521841.0,72174.0,0,0,0,0,0,3,0,0,0,0,0,1,0,0,0,2,2,3,4,27,0,15,0,2,0,5,0,0,1,31,0,27,0,0.9690450934284804,0.1564397194694829,0.8290484073638232,0.5715849429185129,0,0,1,1,0,0,0,0,2,5,0,2,1,2,0,0.9681816855885572,1,1,high,1,178,0.003955555555555556,1,1,1,1,true_positive,top_1pct_review_queue,178
TXN_000087873,2026-03-11 00:17:43,2026-03-11,declined,1,merchant_collusion,MC_000925,medium,CUST_004228,MERCH_000819,DEV_001476,PM_000294,mass,ES,Valencia,marketplace,ES,medium,desktop,macos,chrome,credit_card,ES,mobile,IT,ES,442.64,EUR,0,2,0,1,0,0,1,1,0,0,0,666,0.834,0,1,335,1,0,0,868,0.0197,0,0,0,0,0,29.019090909090902,201.14,15.253406848156388,2.2006562593218653,413.6209090909091,241.5,1,0,0,0,0,0,0,25,288,43,69,37.9164,166.11753472222222,54.54813953488373,83.24666666666666,0.0097777777777777,0.1572727272727272,0.0069841269841269,0.0049438202247191,0.0425081481481481,0.0354313852813852,0.0462359788359788,0.0327288389513108,429285.0,188357.0,87525.0,38352.0,0,0,0,0,0,2,0,0,0,0,0,4,0,0,0,2,6,1,1,25,0,18,0,5,0,17,0,0,1,25,0,25,0,11.674104081611125,2.664619365680884,8.114667223745187,5.317209898294227,1,0,0,0,0,0,0,0,1,3,1,0,1,0,0,0.9680774639649976,1,1,high,1,179,0.003977777777777778,1,1,1,1,true_positive,top_1pct_review_queue,179
TXN_000281423,2026-03-16 19:59:36,2026-03-16,approved,1,merchant_collusion,MC_000974,medium,CUST_008979,MERCH_000500,DEV_004750,PM_000614,digital_native,FR,Marseille,marketplace,IT,medium,mobile,ios,chrome,credit_card,DE,web,DE,IT,139.74,EUR,19,0,0,0,1,1,1,1,0,0,0,2218,0.066,0,4,419,2,0,0,60,0.0399,0,0,0,0,0,82.96423076923078,218.07,1.684340332024459,0.6408034117485212,56.77576923076923,-78.32999999999998,0,0,1,1,1,1,0,32,302,32,37,73.52125000000001,186.9480463576159,119.0453125,90.89216216216217,0.0276923076923076,0.1970186335403726,0.0276923076923076,0.0252631578947368,0.0752474358974359,0.0711579710144927,0.0560166666666666,0.0861906432748538,1033014.0,1033014.0,1033014.0,42549.0,0,0,0,0,0,0,0,0,0,0,0,5,0,0,0,2,3,2,3,21,0,6,0,6,0,1,0,0,1,24,0,21,0,1.9006749749222165,0.7474803974826735,1.1738387431256485,1.5374262937071257,0,0,1,0,0,0,0,0,2,2,0,0,1,2,0,0.9680643181384744,1,1,high,1,180,0.004,1,1,1,1,true_positive,top_1pct_review_queue,180
TXN_000257349,2026-03-22 19:07:55,2026-03-22,approved,1,stolen_card,SC_001734,medium,CUST_004914,MERCH_000731,DEV_002511,PM_003547,sme,ES,Bilbao,electronics,ES,medium,mobile,macos,edge,debit_card,GB,web,PT,ES,950.0,EUR,19,6,1,0,0,1,1,1,0,0,0,1303,0.99,0,1,1800,1,1,0,2032,0.0174,0,1,0,1,0,35.888467741935486,203.7,26.47089886453776,4.66372115856652,914.1115322580644,746.3,1,1,1,0,0,0,0,114,348,241,24,128.16149122807016,199.41545977011492,131.42585062240664,85.36041666666667,0.0032835820895522,0.0147826086956521,0.0016858237547892,0.0099999999999999,0.0292004975124378,0.0405240942028985,0.0303174968071519,0.0889287878787878,585045.0,256086.0,767246.0,146703.0,0,0,0,0,0,1,0,0,0,0,0,0,0,0,0,4,3,1,4,108,0,24,0,23,0,75,0,1,0,114,0,15,0,7.412522988745697,4.763923524761594,7.22841051057299,11.1292802577307,1,1,0,0,0,0,0,0,1,4,0,1,1,3,0,0.9680496329493088,1,1,high,1,181,0.004022222222222222,1,1,1,1,true_positive,top_1pct_review_queue,181
TXN_000071636,2026-03-23 16:30:40,2026-03-23,declined,1,stolen_card,SC_001750,medium,CUST_000038,MERCH_000618,DEV_004672,PM_002177,mass,ES,Madrid,electronics,IT,medium,mobile,ios,chrome,debit_card,DE,mobile,DE,IT,30.05,EUR,16,0,0,0,1,1,1,1,0,0,1,661,0.319,1,3,30,2,0,0,1664,0.0338,0,0,0,0,0,19.154230769230768,250.17,1.5688439991164838,0.1201183195427109,10.895769230769233,-220.12,0,0,1,1,0,1,1,30,242,103,103,63.830666666666666,231.32322314049583,109.49679611650484,64.43980582524271,0.0087999999999999,0.0283969465648854,0.0117073170731707,0.0035772357723577,0.0382573333333333,0.0302017811704834,0.0318119241192411,0.0724623306233062,759285.0,155257.0,66792.0,418.0,0,0,0,0,0,0,0,0,0,1,1,4,0,0,0,7,5,2,1,30,0,8,0,7,0,1,0,0,1,27,0,30,0,0.4707768470745514,0.1299048128070951,0.2744372535615264,0.466326668976843,0,0,1,1,0,0,0,0,2,4,1,1,1,0,0,0.9677412643447648,1,1,high,1,182,0.004044444444444444,1,1,1,1,true_positive,top_1pct_review_queue,182
TXN_000200653,2026-03-11 02:41:46,2026-03-11,approved,1,merchant_collusion,MC_000926,medium,CUST_006184,MERCH_000487,DEV_005588,PM_003783,affluent,ES,Sevilla,marketplace,DE,high,mobile,android,firefox,credit_card,FR,mobile,GB,DE,401.47,EUR,2,2,0,1,1,1,1,1,0,0,1,2151,0.901,0,2,2457,2,0,0,2028,0.0245,1,0,0,0,0,238.73962962962963,135.8,1.6816227813657216,2.956332842415317,162.7303703703704,265.67,0,0,0,0,0,0,1,25,289,28,97,287.9116,145.90321799307958,342.2078571428572,121.67340206185568,0.0097777777777777,0.2603236245954692,0.0091666666666666,0.0379487179487179,0.0425081481481481,0.1032778856526429,0.0606847222222222,0.0590843304843304,348742.0,348742.0,22104.0,102732.0,0,0,0,0,0,1,0,0,0,1,0,0,0,0,0,2,6,2,3,25,0,18,0,3,0,1,0,0,1,18,0,4,0,1.3944210653547826,2.7516185422246298,1.173175868467577,3.299570762358587,0,0,0,1,0,0,0,0,1,4,1,0,2,1,0,0.967338531845142,1,1,high,1,183,0.004066666666666666,1,1,1,1,true_positive,top_1pct_review_queue,183
TXN_000168035,2026-03-12 22:28:38,2026-03-12,approved,0,none,,none,CUST_002747,MERCH_000042,DEV_000410,PM_009638,mass,ES,Valencia,travel,ES,high,desktop,windows,chrome,debit_card,ES,web,IT,ES,642.39,EUR,22,3,0,0,0,0,1,1,0,0,1,1535,0.855,0,1,1061,2,0,0,1233,0.0393,1,0,0,0,0,16.215454545454545,326.07,39.61591074732298,1.970098445119146,626.1745454545454,316.32,1,0,1,0,0,0,1,26,216,128,20,35.71730769230769,341.60523148148144,104.97359375,54.661000000000016,0.0313043478260869,0.0188135593220338,0.0232432432432432,0.011,0.0415840579710144,0.058952824858757,0.060222072072072,0.0228216666666666,517746.0,339329.0,517746.0,67595.0,0,0,0,0,0,1,0,0,0,0,0,4,0,0,0,5,2,1,3,13,0,6,0,0,1,18,0,0,1,26,0,13,0,17.985398158617347,1.8805039876411385,6.1195389912046325,11.752254806900712,1,0,0,1,0,0,0,0,3,4,0,1,2,0,0,0.9671911903852642,1,1,high,1,184,0.004088888888888889,1,1,1,1,false_positive,top_1pct_review_queue,184
TXN_000035920,2026-03-11 00:55:11,2026-03-11,approved,0,none,,none,CUST_000075,MERCH_000297,DEV_004852,PM_009176,mass,ES,Madrid,electronics,ES,low,mobile,android,firefox,credit_card,FR,web,US,ES,825.37,EUR,0,2,0,1,0,1,1,1,0,0,0,1900,0.337,1,4,1231,1,0,0,1828,0.0418,0,0,0,0,0,78.50800000000001,300.65,10.513196107403068,2.7452852153667058,746.862,524.72,1,0,1,1,0,1,0,8,328,8,8,49.45,246.570762195122,49.45,49.45,0.0157142857142857,0.0185057471264367,0.0157142857142857,0.0157142857142857,0.0326023809523809,0.037105938697318,0.0326023809523809,0.0326023809523809,720680.0,720680.0,720680.0,4574.0,0,0,0,0,0,0,0,0,0,0,0,7,0,0,0,1,1,1,1,8,0,2,0,1,0,5,0,0,1,8,0,8,0,16.691001011122346,3.3473960685851694,16.691001011122346,16.691001011122346,1,1,1,0,0,0,0,0,2,5,0,0,0,0,0,0.9667527522011854,1,1,high,1,185,0.004111111111111111,1,1,1,1,false_positive,top_1pct_review_queue,185
TXN_000250955,2026-03-16 23:50:19,2026-03-16,approved,1,stolen_card,SC_001633,medium,CUST_009655,MERCH_000858,DEV_004805,PM_008145,digital_native,IT,Rome,electronics,ES,high,desktop,ios,firefox,credit_card,ES,web,ES,ES,104.78,EUR,23,0,0,0,1,1,1,1,0,0,1,2315,0.982,0,1,828,3,2,0,1787,0.0464,1,1,0,2,0,30.805769230769236,57.34,3.4013109432548845,1.827345657481688,73.97423076923077,47.44,1,0,1,0,0,0,1,47,287,109,54,74.80851063829788,116.02355400696864,70.31614678899082,69.60314814814814,0.0662686567164179,0.0502931596091205,0.0189147286821705,0.0329729729729729,0.0584009950248756,0.0322894679695982,0.030332299741602,0.06639009009009,331832.0,77163.0,331832.0,79276.0,0,0,0,0,0,3,0,1,0,0,0,1,0,0,1,3,3,3,3,41,0,12,0,7,0,11,0,0,1,36,0,34,0,1.4006427758816835,0.903092487528064,1.4901271583386175,1.505391678218046,0,0,0,1,0,0,0,0,2,5,0,0,2,2,0,0.9667389230823124,1,1,high,1,186,0.0041333333333333335,1,1,1,1,true_positive,top_1pct_review_queue,186
TXN_000182359,2026-03-18 22:43:53,2026-03-18,approved,1,merchant_collusion,MC_000990,medium,CUST_000912,MERCH_000819,DEV_005889,PM_010721,digital_native,FR,Paris,marketplace,ES,medium,mobile,macos,chrome,credit_card,FR,mobile,US,ES,214.99,EUR,22,2,0,0,1,0,1,1,1,0,0,2211,0.828,0,1,120,3,0,0,868,0.0197,0,0,0,0,0,51.29036363636363,201.14,4.191625575599884,1.0688575121805708,163.6996363636364,13.850000000000025,1,0,0,0,0,0,0,49,314,44,55,82.48734693877552,165.18146496815288,106.47909090909091,74.97636363636363,0.0063768115942028,0.1659880239520958,0.0068749999999999,0.0058666666666666,0.0277227053140096,0.0386612774451097,0.0455135416666666,0.0121715555555555,275738.0,341078.0,275738.0,8894.0,0,0,0,0,0,2,0,0,0,0,0,5,0,0,0,2,3,4,4,43,0,45,0,10,0,12,0,0,1,38,0,36,0,2.6063391293160607,1.3015382811954734,2.0190818513237767,2.8674370104517792,0,0,0,0,0,0,0,0,1,2,1,0,1,2,0,0.9665033083907936,1,1,high,1,187,0.0041555555555555556,1,1,1,1,true_positive,top_1pct_review_queue,187
TXN_000164450,2026-03-21 04:50:54,2026-03-21,approved,0,none,,none,CUST_000148,MERCH_000116,DEV_007847,PM_007311,affluent,PT,Porto,electronics,PT,low,mobile,linux,firefox,credit_card,US,web,ES,PT,257.16,EUR,4,5,1,1,0,1,1,1,0,0,1,2228,0.755,0,1,1851,2,0,0,1763,0.0452,0,0,0,0,0,66.37967741935483,20.0,3.8740772778298846,12.858,190.7803225806452,237.16000000000005,1,1,0,0,0,0,1,29,235,82,17,80.00655172413794,92.29872340425533,122.8760975609756,86.49764705882352,0.0089795918367346,0.0095686274509803,0.0141176470588235,0.0118918918918918,0.0390380952380952,0.0427955555555555,0.0187535947712418,0.0516990990990991,368490.0,106598.0,368490.0,21248.0,0,0,0,0,0,1,0,0,0,0,0,1,0,0,0,6,1,2,2,29,0,18,0,3,0,7,0,0,1,22,0,17,0,3.2142367650925143,2.7861707130409124,2.092839902181853,2.973028848115556,1,0,0,1,0,0,0,0,1,5,0,0,0,1,0,0.9663515060952684,1,1,high,1,188,0.004177777777777778,1,1,1,1,false_positive,top_1pct_review_queue,188
TXN_000036309,2026-03-21 04:03:11,2026-03-21,approved,0,none,,none,CUST_004611,MERCH_000213,DEV_007740,PM_004597,digital_native,ES,Madrid,marketplace,PT,medium,mobile,linux,chrome,credit_card,PT,web,GB,PT,167.92,EUR,4,5,1,1,1,1,1,1,1,0,0,546,0.521,1,7,1533,1,0,0,2501,0.0593,0,0,0,0,0,23.60697674418605,165.93,7.113151413653827,1.011993009100223,144.31302325581393,1.989999999999981,1,0,0,0,0,1,0,49,287,16,53,73.2230612244898,134.83240418118467,67.075625,111.38396226415097,0.1223188405797101,0.0372638436482084,0.0122222222222222,0.0334246575342465,0.0567082125603864,0.0257748099891422,0.0253574074074074,0.0672995433789954,112391.0,515625.0,308501.0,20279.0,0,0,0,0,0,4,0,0,0,0,0,3,0,0,0,1,5,2,2,49,0,29,0,9,0,4,0,0,1,16,0,13,0,2.293266591042746,1.2453979517739149,2.5034429422014326,1.50757790068351,0,0,1,0,0,0,0,0,1,4,0,0,1,2,0,0.9660901219667962,1,1,high,1,189,0.0042,1,1,1,1,false_positive,top_1pct_review_queue,189
TXN_000004397,2026-03-15 02:48:43,2026-03-15,approved,1,merchant_collusion,MC_000960,medium,CUST_009368,MERCH_000500,DEV_007120,PM_009865,digital_native,ES,Sevilla,marketplace,IT,medium,desktop,windows,edge,credit_card,IT,mobile,IT,IT,51.18,EUR,2,6,1,1,1,1,1,1,1,0,0,2482,0.75,1,9,1353,3,1,1,60,0.0399,0,1,1,1,1,57.17107142857143,218.07,0.8952079910544168,0.2346952813316825,-5.991071428571431,-166.89,0,0,0,0,0,1,0,34,296,54,55,91.44058823529411,188.4608108108108,79.29166666666667,96.86654545454545,0.0637037037037037,0.1944303797468354,0.1005405405405405,0.0458666666666666,0.090979012345679,0.0725090717299578,0.1339576576576576,0.0655048888888888,200569.0,191126.0,200569.0,5987.0,0,0,0,0,0,3,0,0,0,0,0,1,0,0,0,2,3,3,1,34,0,26,0,4,0,0,1,0,1,25,0,34,0,0.5597076854788388,0.2715683954653989,0.6454650551760378,0.528355788469985,0,0,1,0,0,0,0,0,2,5,1,0,1,2,0,0.965979133604608,1,1,high,1,190,0.004222222222222222,1,1,1,1,true_positive,top_1pct_review_queue,190
TXN_000132702,2026-03-11 03:11:42,2026-03-11,declined,1,stolen_card,SC_001543,medium,CUST_006032,MERCH_000437,DEV_004294,PM_010266,mass,FR,Marseille,electronics,ES,medium,mobile,macos,safari,credit_card,FR,web,IT,ES,94.24,EUR,3,2,0,1,1,0,1,1,0,0,0,2152,0.848,0,2,1129,2,0,0,2295,0.0297,0,0,0,0,0,15.510000000000002,59.49,6.076079948420373,1.5841317868549334,78.72999999999999,34.74999999999999,1,0,0,0,0,0,0,26,289,34,95,48.841923076923074,104.81498269896193,84.74323529411765,128.46052631578948,0.0095652173913043,0.0176051779935275,0.0266666666666666,0.0299130434782608,0.0415840579710144,0.0417892125134843,0.0354234567901234,0.1122857971014492,272424.0,272424.0,4617.0,16665.0,0,0,0,0,0,2,0,0,0,1,0,2,0,0,0,5,4,2,1,26,0,16,0,7,0,4,0,0,1,15,0,26,0,1.9294899558229448,0.8991081005152266,1.1120651657081773,0.733610570521356,0,0,0,0,0,0,0,0,1,3,0,0,1,0,0,0.9656920459543024,1,1,high,1,191,0.004244444444444445,1,1,1,1,true_positive,top_1pct_review_queue,191
TXN_000175286,2026-03-25 02:49:14,2026-03-25,declined,1,stolen_card,SC_001782,medium,CUST_000877,MERCH_000902,DEV_001406,PM_007225,mass,IT,Milan,marketplace,ES,high,mobile,macos,chrome,credit_card,FR,web,IT,ES,950.0,EUR,2,2,0,1,1,1,0,1,0,0,0,565,0.762,0,1,1738,1,0,0,1596,0.0273,1,0,0,0,0,14.578857142857142,95.26,65.16285815074669,9.972706277556162,935.4211428571429,854.74,1,1,0,0,0,0,0,33,341,65,96,76.39121212121212,106.31211143695016,114.60646153846156,154.23364583333333,0.0460377358490566,0.0261495844875346,0.0287058823529411,0.0296551724137931,0.036091823899371,0.060700461680517,0.0342690196078431,0.0251109195402298,276788.0,180628.0,186159.0,206.0,0,0,0,0,0,2,0,0,0,0,1,5,0,0,0,4,4,1,1,33,0,21,0,5,0,12,0,0,1,33,0,33,0,12.435985417964147,8.93595270717025,8.289235940516173,6.159486115154024,1,1,0,0,0,0,0,0,1,5,0,0,2,0,0,0.9656416142111424,1,1,high,1,192,0.004266666666666667,1,1,1,1,true_positive,top_1pct_review_queue,192
TXN_000081261,2026-03-17 03:39:56,2026-03-17,approved,0,none,,none,CUST_002110,MERCH_000164,DEV_000996,PM_010750,mass,IT,Rome,electronics,FR,medium,mobile,ios,firefox,credit_card,ES,web,PT,FR,23.33,EUR,3,1,0,1,1,1,1,1,0,0,0,30,0.886,0,4,1275,1,0,0,2715,0.023,0,0,0,0,0,8.054722222222223,246.86,2.8964375625064656,0.0945070080207404,15.275277777777776,-223.53000000000003,0,0,0,0,0,0,0,34,219,56,20,43.07176470588235,215.8777625570776,77.79678571428572,26.447,0.1192592592592592,0.0311297071129707,0.0847368421052631,0.1609999999999999,0.128016049382716,0.0331082287308228,0.1041166666666666,0.1728216666666666,250930.0,188275.0,302988.0,12320.0,0,0,0,0,0,5,0,0,0,0,0,2,0,0,0,2,1,1,2,20,0,25,0,4,0,1,0,0,1,34,0,20,0,0.5416541476605392,0.1080704178311631,0.2998838549150487,0.8821416417741144,0,0,0,0,0,0,0,0,1,2,0,0,1,0,0,0.965144120532744,1,1,high,1,193,0.004288888888888889,1,1,1,1,false_positive,top_1pct_review_queue,193
TXN_000226884,2026-03-11 22:00:03,2026-03-11,approved,1,account_takeover,ATO_001195,medium,CUST_002255,MERCH_000474,DEV_005907,PM_011578,sme,ES,Valencia,marketplace,PT,high,mobile,android,chrome,credit_card,IT,mobile,DE,PT,486.01,EUR,22,2,0,0,1,1,1,1,1,1,0,2612,0.072,0,2,1484,1,0,0,2390,0.004,1,0,0,0,0,102.75416666666666,70.17,4.729832529094522,6.926179278894114,383.2558333333333,415.84,1,1,1,1,1,1,1,43,215,61,95,140.3220930232558,87.79172093023256,127.11983606557376,148.23210526315788,0.0069841269841269,0.0146382978723404,0.005432098765432,0.0299130434782608,0.0462359788359788,0.0549483687943262,0.0483069958847736,0.0427205797101449,282731.0,282731.0,393.0,4246.0,0,0,0,0,0,5,0,0,1,2,0,5,0,0,0,2,5,1,1,43,0,4,0,3,0,2,0,0,1,43,0,43,0,3.463531576025258,5.5359434221164046,3.8232428159307537,3.278709420858469,1,1,1,1,0,0,0,0,2,6,1,0,2,3,0,0.9645589269209812,1,1,high,1,194,0.004311111111111111,1,1,1,1,true_positive,top_1pct_review_queue,194
TXN_000292381,2026-03-09 01:36:50,2026-03-09,approved,1,stolen_card,SC_001515,medium,CUST_001620,MERCH_001078,DEV_007374,PM_010371,mass,ES,Bilbao,travel,FR,high,mobile,android,chrome,credit_card,US,web,FR,FR,144.93,EUR,1,0,0,1,1,1,1,1,0,0,0,1059,0.884,0,3,896,1,0,0,3164,0.0466,1,0,0,0,0,45.71333333333334,443.75,3.1704098002041707,0.3266028169014084,99.21666666666668,-298.82,1,0,1,0,0,0,0,18,165,64,18,67.45555555555556,444.498303030303,79.15312499999999,67.45555555555556,0.011578947368421,0.0239999999999999,0.0171428571428571,0.011578947368421,0.0240228070175438,0.0427722522522522,0.0346769841269841,0.0240228070175438,177669.0,43766.0,177669.0,79945.0,0,0,0,0,0,1,0,1,0,0,0,1,0,0,1,3,1,1,1,18,0,2,0,3,0,2,0,0,1,18,0,18,0,2.148525778290232,0.3260529883060535,1.8310079355679263,2.148525778290232,0,0,0,0,0,0,0,0,2,4,0,0,2,0,0,0.964335345936221,1,1,high,1,195,0.004333333333333333,1,1,1,1,true_positive,top_1pct_review_queue,195
TXN_000268216,2026-03-14 04:55:01,2026-03-14,declined,1,account_takeover,ATO_001229,medium,CUST_006053,MERCH_001018,DEV_005330,PM_005185,digital_native,ES,Sevilla,travel,IT,high,desktop,windows,firefox,credit_card,ES,mobile,FR,IT,122.31,EUR,4,5,1,1,1,0,1,1,0,0,1,414,0.273,1,12,553,3,2,0,320,0.0455,1,1,0,2,0,106.97694444444444,402.93,1.1433304684031087,0.3035514853696672,15.33305555555556,-280.62,0,0,0,1,0,1,1,30,198,20,22,133.57,342.4958585858586,116.9215,163.50727272727272,0.0288,0.0341284403669724,0.036,0.0342857142857142,0.0382573333333333,0.063820489296636,0.0478216666666666,0.0217349206349206,609234.0,798372.0,609234.0,23611.0,0,0,0,0,0,0,0,0,0,0,0,1,0,0,0,1,2,4,2,20,0,21,0,3,0,2,0,0,1,20,0,20,0,0.9156996331511568,0.3571138071713025,1.046086476824194,0.7480401205395368,0,0,1,1,0,0,0,0,1,7,1,0,2,2,0,0.9642092013345512,1,1,high,1,196,0.004355555555555555,1,1,1,1,true_positive,top_1pct_review_queue,196
TXN_000212708,2026-03-21 02:10:34,2026-03-21,approved,1,stolen_card,SC_001712,medium,CUST_003222,MERCH_000605,DEV_000883,PM_006452,digital_native,FR,Marseille,marketplace,ES,medium,desktop,windows,edge,credit_card,FR,mobile,DE,ES,168.36,EUR,2,5,1,1,1,0,1,1,0,0,0,1497,0.31,1,9,651,3,1,0,1112,0.049,0,1,0,1,0,23.23139534883721,81.24,7.247089443916112,2.0723781388478586,145.1286046511628,87.12000000000002,1,0,0,1,0,1,0,42,356,65,10,80.60857142857142,90.1708988764045,81.04153846153848,49.734,0.0554838709677419,0.0251063829787234,0.0287058823529411,0.0146666666666666,0.0147236559139784,0.0343427304964539,0.0107396078431372,0.0304288888888888,10814.0,10814.0,896216.0,3892.0,0,0,0,0,1,2,0,1,0,0,0,4,1,1,1,2,2,4,3,8,0,31,0,9,0,13,0,0,1,28,0,8,0,2.088611632935172,1.8671212342106935,2.077453157924711,3.385209313548076,0,0,1,0,0,0,0,0,1,6,1,0,1,2,0,0.9641647263810048,1,1,high,1,197,0.004377777777777778,1,1,1,1,true_positive,top_1pct_review_queue,197
TXN_000227523,2026-03-15 05:08:22,2026-03-15,approved,0,none,,none,CUST_008611,MERCH_000487,DEV_001594,PM_009060,mass,ES,Valencia,marketplace,DE,high,mobile,android,chrome,debit_card,ES,web,US,DE,123.7,EUR,5,6,1,1,1,0,1,1,1,0,0,1722,0.98,0,1,1947,1,1,0,2028,0.0245,1,1,0,1,0,25.349642857142857,135.8,4.879753166429508,0.9108983799705448,98.35035714285716,-12.100000000000009,1,0,0,0,0,0,0,25,299,98,29,66.1456,146.38127090301003,79.5173469387755,94.47620689655174,0.0097777777777777,0.2647021943573667,0.003728813559322,0.0089795918367346,0.0202859259259259,0.1000403343782654,0.0331598870056497,0.0186299319727891,608859.0,37270.0,608859.0,4922.0,0,0,0,0,0,0,0,1,0,0,0,3,0,0,1,8,2,1,1,25,0,17,0,3,0,3,0,0,1,25,0,25,0,1.8701168331680411,0.8450534637177847,1.5556354023637509,1.3093243692080836,0,0,0,0,0,0,0,0,1,5,0,1,2,0,0,0.963855095136465,1,1,high,1,198,0.0044,1,1,1,1,false_positive,top_1pct_review_queue,198
TXN_000228750,2026-03-14 03:56:39,2026-03-14,approved,1,account_takeover,ATO_001224,medium,CUST_009132,MERCH_000996,DEV_002360,PM_003405,digital_native,PT,Lisboa,travel,PT,high,mobile,windows,chrome,bank_transfer,ES,mobile,US,PT,652.38,EUR,3,5,1,1,0,1,1,1,0,0,0,957,0.486,1,12,1013,2,1,0,1611,0.0404,1,1,0,1,0,43.80787878787879,249.31,14.891841788525657,2.6167422084954475,608.5721212121211,403.07,1,0,0,0,0,1,0,58,159,9,60,78.12120689655173,343.58446540880504,77.4011111111111,168.81633333333335,0.0312820512820512,0.0583240223463687,0.0496551724137931,0.043,0.0501649572649572,0.0721389199255121,0.0314781609195402,0.0614108333333333,26191.0,250874.0,26191.0,17013.0,0,0,0,0,1,4,0,0,0,1,0,1,1,1,0,1,2,3,3,41,0,44,0,5,0,13,0,0,1,9,0,41,0,8.350869449109805,1.89874707875335,8.428561174832403,3.8644364980481742,1,0,1,0,0,0,0,0,1,6,1,3,2,2,0,0.9636659622697562,1,1,high,1,199,0.004422222222222222,1,1,1,1,true_positive,top_1pct_review_queue,199
TXN_000220261,2026-03-23 02:38:51,2026-03-23,approved,1,stolen_card,SC_001744,medium,CUST_004966,MERCH_001182,DEV_001728,PM_001103,mass,PT,Braga,marketplace,ES,medium,mobile,ios,safari,credit_card,US,mobile,FR,ES,135.12,EUR,2,0,0,1,1,1,1,1,0,0,0,1627,0.861,0,2,1940,1,1,0,1292,0.0426,0,1,0,1,0,38.62925925925926,108.06,3.4978667101314493,1.2504164353137146,96.49074074074076,27.06,1,0,1,0,0,0,0,21,351,73,21,77.70714285714286,103.8153846153846,103.78534246575344,77.70714285714286,0.0107317073170731,0.0254447439353099,0.0047311827956989,0.0107317073170731,0.0466552845528455,0.0536734950584007,0.052826523297491,0.0466552845528455,1750782.0,528681.0,1750782.0,13604.0,0,0,0,0,0,0,0,0,0,0,0,2,0,0,0,4,1,1,1,21,0,1,0,3,0,5,0,0,1,21,0,21,0,1.738836290100193,1.30154119739182,1.3019179470799187,1.738836290100193,0,0,0,0,0,0,0,0,2,4,1,0,1,0,0,0.9635952423725608,1,1,high,1,200,0.0044444444444444444,1,1,1,1,true_positive,top_1pct_review_queue,200
TXN_000253343,2026-03-17 19:00:16,2026-03-17,approved,0,none,,none,CUST_004331,MERCH_000324,DEV_004742,PM_000453,mass,PT,Braga,digital_services,FR,high,mobile,ios,safari,debit_card,GB,mobile,PT,FR,224.5,EUR,19,1,0,0,1,1,0,1,0,0,0,2037,0.853,0,2,874,2,1,0,60,0.0608,1,1,0,1,0,132.12,31.81,1.6992128368150166,7.057529078906005,92.38,192.69,0,1,0,0,0,0,0,9,264,6,23,115.47,95.50428030303031,100.505,93.57434782608696,0.0151724137931034,0.2092957746478873,0.0169230769230769,0.0102325581395348,0.0314781609195402,0.0806791079812206,0.0351102564102564,0.021229457364341,516447.0,516447.0,421128.0,59388.0,0,0,0,0,0,1,0,0,0,0,0,3,0,0,0,1,3,2,1,9,0,6,0,0,1,2,0,0,1,6,0,9,0,1.944227937992552,2.3506799830088525,2.233719715437043,2.399161791832581,0,0,0,0,0,0,0,0,2,4,1,1,2,0,0,0.9635715469576612,1,1,high,1,201,0.0044666666666666665,1,1,1,1,false_positive,top_1pct_review_queue,201
TXN_000247670,2026-03-17 23:51:55,2026-03-17,approved,0,none,,none,CUST_005214,MERCH_000345,DEV_003130,PM_002654,sme,PT,Braga,digital_services,IT,high,desktop,ios,chrome,debit_card,DE,web,PT,IT,286.48,EUR,23,1,0,0,1,1,0,1,1,0,0,2198,0.747,0,2,2383,2,0,0,1029,0.0653,1,0,0,0,0,48.39432,65.35,5.919702973406797,4.383779648048968,238.08568,221.13,1,1,0,0,0,0,0,108,267,111,39,152.74342592592595,86.79621722846441,131.4609009009009,142.30692307692306,0.026875,0.2349825783972125,0.0186259541984732,0.007457627118644,0.0461942708333333,0.0902887340301974,0.0222356234096692,0.0493706214689265,73880.0,73880.0,73880.0,1172.0,0,0,0,0,1,7,0,1,0,1,1,2,1,1,1,3,3,2,2,24,0,80,0,12,0,17,0,0,1,75,0,24,0,1.87556353580108,3.3006046708916967,2.1792030789136088,2.013113584397754,0,1,0,0,0,0,0,0,1,4,0,1,2,3,0,0.9632467723096352,1,1,high,1,202,0.004488888888888889,1,1,1,1,false_positive,top_1pct_review_queue,202
TXN_000198826,2026-03-23 21:41:47,2026-03-23,approved,1,merchant_collusion,MC_001030,medium,CUST_000225,MERCH_000819,DEV_005937,PM_008034,mass,DE,Munich,marketplace,ES,medium,tablet,macos,safari,debit_card,US,mobile,DE,ES,230.41,EUR,21,0,0,0,1,1,0,1,0,0,0,493,0.802,0,1,876,1,1,0,868,0.0197,0,1,0,1,0,18.0908,201.14,12.736307957635926,1.145520532962116,212.3192,29.27000000000001,1,0,0,0,0,0,0,47,332,52,47,50.385319148936176,166.5289156626506,59.01942307692308,50.385319148936176,0.0364179104477611,0.1773863636363636,0.0338888888888888,0.0364179104477611,0.0434756218905472,0.0452070075757575,0.0404564814814814,0.0434756218905472,90719.0,90719.0,90719.0,4831.0,0,0,0,0,0,2,0,0,0,0,0,4,0,0,0,2,1,1,1,47,0,34,0,6,0,14,0,0,1,47,0,47,0,4.572959026396577,1.3836035566745526,3.903969032358969,4.572959026396577,1,0,0,0,0,0,0,0,1,3,1,1,1,0,0,0.9630929968834948,1,1,high,1,203,0.004511111111111111,1,1,1,1,true_positive,top_1pct_review_queue,203
TXN_000167959,2026-03-09 04:45:46,2026-03-09,approved,0,none,,none,CUST_009559,MERCH_000716,DEV_001636,PM_010701,affluent,FR,Paris,electronics,IT,medium,mobile,macos,firefox,credit_card,DE,mobile,GB,IT,229.1,EUR,4,0,0,1,1,1,1,1,0,0,0,1512,0.792,0,2,585,3,0,0,665,0.0354,0,0,0,0,0,88.70487804878049,20.0,2.5827215485715858,11.455,140.3951219512195,209.1,0,1,1,0,0,0,0,32,215,105,52,201.6325,85.8066511627907,128.1227619047619,115.51153846153844,0.0469230769230769,0.0146382978723404,0.02752,0.0338888888888888,0.0560166666666666,0.025161134751773,0.0393029333333333,0.0821231481481481,180628.0,21638.0,451535.0,37499.0,0,0,0,0,0,2,0,1,0,0,0,1,0,0,1,7,3,3,2,32,0,8,0,9,0,2,0,0,1,23,0,24,0,1.136225558875677,2.66995619681458,1.7881287961174144,1.983351646522159,0,0,0,0,0,0,0,0,2,3,1,0,1,1,0,0.963074673014702,1,1,high,1,204,0.004533333333333334,1,1,1,1,false_positive,top_1pct_review_queue,204
TXN_000176242,2026-03-26 00:15:54,2026-03-26,approved,1,merchant_collusion,MC_001048,medium,CUST_001619,MERCH_000910,DEV_001354,PM_002694,sme,ES,Sevilla,digital_services,IT,high,desktop,macos,edge,debit_card,PT,web,DE,IT,92.6,EUR,0,3,0,1,1,1,1,1,1,0,0,1941,0.727,0,1,1493,2,0,0,1411,0.079,1,0,0,0,0,51.59104166666666,19.22,1.7948852554343655,4.81789802289282,41.00895833333333,73.38,0,1,0,0,0,0,0,95,305,142,63,141.94021052631578,91.11891803278688,109.40584507042252,134.5963492063492,0.0212173913043478,0.2444307692307692,0.0150617283950617,0.0173493975903614,0.0340249275362318,0.1012703589743589,0.0426720164609053,0.0471429718875502,330527.0,9368.0,505207.0,9955.0,0,0,0,0,0,3,0,1,0,0,0,2,0,0,1,4,1,2,4,73,0,70,0,12,0,15,0,0,1,58,0,63,0,0.6523873654733795,1.0162543849201566,0.8463898792646323,0.6879829991379279,0,0,0,0,0,0,0,0,1,4,0,1,2,3,0,0.9621796268990176,1,1,high,1,205,0.004555555555555556,1,1,1,1,true_positive,top_1pct_review_queue,205
TXN_000239526,2026-03-21 22:20:33,2026-03-21,approved,0,none,,none,CUST_006840,MERCH_000137,DEV_002067,PM_005120,sme,PT,Lisboa,electronics,ES,medium,mobile,ios,safari,credit_card,IT,web,GB,ES,677.07,EUR,22,5,1,0,1,1,1,1,0,1,1,1890,0.81,0,1,1273,3,1,0,762,0.0284,0,1,0,1,0,155.3852,231.89,4.357364794073052,2.919789555392644,521.6848,445.18000000000006,1,0,1,0,0,0,1,37,335,14,47,247.83216216216215,196.9082985074627,119.99214285714284,187.14489361702127,0.0252631578947368,0.0181408450704225,0.0129411764705882,0.0364179104477611,0.0335590643274853,0.0279235680751173,0.0268490196078431,0.0285502487562189,1282046.0,1282046.0,337781.0,7791.0,0,0,0,0,0,0,0,0,0,0,0,2,0,0,0,3,3,3,4,28,0,8,0,8,0,14,0,0,1,5,0,22,0,2.7319698706295346,3.4385041419386373,5.642619457226367,3.617891928088488,0,1,0,1,0,0,0,0,2,4,0,0,1,3,0,0.962118861838964,1,1,high,1,206,0.004577777777777778,1,1,1,1,false_positive,top_1pct_review_queue,206
TXN_000209205,2026-03-24 03:03:03,2026-03-24,approved,1,stolen_card,SC_001763,medium,CUST_000079,MERCH_000952,DEV_003635,PM_008226,affluent,ES,Sevilla,digital_services,FR,medium,mobile,ios,safari,credit_card,US,mobile,US,FR,233.12,EUR,3,1,0,1,1,1,1,1,0,0,0,1284,0.816,0,1,949,3,0,0,1443,0.0261,0,0,0,0,0,87.54219512195122,43.25,2.6629444198337806,5.390057803468208,145.57780487804877,189.87,0,1,1,0,0,0,0,33,252,48,15,164.21848484848485,65.40424603174604,95.45395833333332,150.24533333333335,0.0271698113207547,0.0751470588235294,0.0211764705882352,0.0411428571428571,0.036091823899371,0.0879149509803921,0.0575421568627451,0.0546533333333333,20703.0,164595.0,20703.0,84509.0,0,0,0,0,1,4,0,0,0,1,0,1,1,1,0,3,3,3,2,33,0,6,0,5,0,4,0,0,1,24,0,9,0,1.4195722254719785,3.564294585505164,2.442224545428752,1.551595612509318,0,1,0,0,0,0,0,0,2,3,1,0,1,1,0,0.9620940670119452,1,1,high,1,207,0.0046,1,1,1,1,true_positive,top_1pct_review_queue,207
TXN_000018868,2026-03-16 08:05:50,2026-03-16,approved,1,stolen_card,SC_001627,medium,CUST_008989,MERCH_001011,DEV_005948,PM_005252,mass,FR,Lyon,travel,IT,medium,mobile,ios,edge,credit_card,DE,web,DE,IT,30.59,EUR,8,0,0,0,1,1,1,1,0,0,1,2288,0.874,0,4,1193,1,0,0,3461,0.0363,0,0,0,0,0,30.34142857142857,193.14,1.008192476105278,0.158382520451486,0.2485714285714308,-162.54999999999998,0,0,1,0,0,0,1,25,159,25,40,47.7672,222.37836477987423,47.7672,76.576,0.032,0.019217877094972,0.032,0.024,0.0202859259259259,0.0721389199255121,0.0202859259259259,0.0152144444444444,997093.0,997093.0,29786.0,54069.0,0,0,0,0,0,0,0,0,0,1,0,1,0,0,0,1,4,1,2,16,0,8,0,0,1,2,0,0,1,25,0,16,0,0.6403975950024284,0.1375583457962744,0.6403975950024284,0.3994724195570414,0,0,0,1,0,0,0,0,3,2,0,0,1,0,0,0.9613702609482307,1,1,high,1,208,0.004622222222222222,1,1,1,1,true_positive,top_1pct_review_queue,208
TXN_000277094,2026-03-11 21:45:09,2026-03-11,declined,1,stolen_card,SC_001555,medium,CUST_008385,MERCH_000400,DEV_003553,PM_000415,mass,PT,Porto,marketplace,PT,medium,desktop,android,chrome,credit_card,ES,web,ES,PT,213.1,EUR,21,2,0,0,0,1,1,1,0,0,0,530,0.777,0,1,525,1,0,0,3070,0.0423,0,0,0,0,0,23.162333333333333,112.73,9.200282067149251,1.8903574913510155,189.93766666666667,100.37,1,0,1,0,0,0,0,25,216,41,50,63.6232,112.85898148148148,81.73317073170732,92.339,0.1208888888888888,0.0315254237288135,0.0891803278688524,0.1348571428571428,0.2202859259259259,0.0250545197740113,0.1625060109289617,0.1987552380952381,752765.0,752765.0,752765.0,8801.0,0,0,0,0,0,0,0,0,0,0,0,2,0,0,0,2,2,1,1,25,0,7,0,5,0,4,0,0,1,25,0,25,0,3.3494071345043945,1.888197086334388,2.6072645670325207,2.307800604295043,1,0,0,0,0,0,0,0,2,2,0,0,1,0,0,0.9612728355828852,1,1,high,1,209,0.004644444444444444,1,1,1,1,true_positive,top_1pct_review_queue,209
TXN_000046010,2026-03-12 23:20:51,2026-03-12,approved,0,none,,none,CUST_004867,MERCH_000570,DEV_005061,PM_003102,mass,DE,Berlin,electronics,IT,high,tablet,android,edge,credit_card,ES,web,IT,IT,191.39,EUR,23,3,0,0,1,1,1,1,0,0,0,1694,0.866,0,2,1960,2,0,0,3378,0.0307,1,0,0,0,0,104.5575,448.43,1.8304760538459697,0.4268001694801864,86.83249999999998,-257.04,0,0,0,0,0,0,0,5,204,24,7,112.28,341.70073529411764,236.22791666666663,366.81428571428575,0.0175999999999999,0.0332142857142857,0.0554545454545454,0.0162962962962962,0.0765146666666666,0.0665752976190476,0.0434742424242424,0.0338098765432098,4117.0,4117.0,4117.0,13262.0,0,0,0,0,1,1,0,1,0,1,0,1,1,1,1,2,3,1,2,5,0,4,0,2,0,1,0,0,1,5,0,2,0,1.704577841111507,0.5601100033784292,0.8101921343617658,0.5217626669782295,0,0,0,0,0,0,0,0,1,2,0,0,2,0,0,0.9612287080247616,1,1,high,1,210,0.004666666666666667,1,1,1,1,false_positive,top_1pct_review_queue,210
TXN_000044706,2026-03-12 18:56:09,2026-03-12,declined,1,stolen_card,SC_001567,medium,CUST_001961,MERCH_000819,DEV_002770,PM_006934,affluent,IT,Rome,marketplace,ES,medium,mobile,linux,safari,credit_card,ES,web,DE,ES,56.39,EUR,18,3,0,0,1,1,1,1,0,0,1,1737,0.919,0,1,742,3,0,0,868,0.0197,0,0,0,0,0,37.5,201.14,1.5037333333333334,0.2803519936362733,18.89,-144.75,0,0,1,0,0,0,1,30,292,2,21,109.22166666666666,166.36438356164385,98.57500000000002,70.52571428571429,0.0288,0.1616666666666666,0.0199999999999999,0.0107317073170731,0.0582573333333333,0.0381822649572649,0.0414939393939393,0.0222650406504065,1730.0,1011478.0,1730.0,78631.0,0,0,0,1,1,4,0,0,1,1,0,1,1,1,0,1,2,3,2,30,0,10,0,10,0,10,0,0,1,2,0,9,0,0.5162895029984893,0.3389547617871317,0.5720517372558964,0.7995665208232053,0,0,0,1,0,0,0,0,2,2,0,0,1,1,0,0.9610881112864648,1,1,high,1,211,0.004688888888888889,1,1,1,1,true_positive,top_1pct_review_queue,211
TXN_000104747,2026-03-14 22:25:24,2026-03-14,declined,1,merchant_collusion,MC_000958,medium,CUST_009269,MERCH_000566,DEV_002007,PM_005871,sme,ES,Sevilla,digital_services,PT,high,mobile,windows,chrome,bank_transfer,IT,web,ES,PT,112.76,EUR,22,5,1,0,1,1,0,1,0,0,0,3087,0.815,0,2,1198,4,0,2,1204,0.0426,1,0,1,0,2,34.89911111111111,67.37,3.2310278517122373,1.673742021671367,77.8608888888889,45.39,1,0,1,0,0,0,0,49,261,42,42,121.57020408163264,103.99402298850576,99.44476190476188,96.99833333333332,0.0063768115942028,0.2257651245551601,0.0070967741935483,0.0070967741935483,0.042215458937198,0.0886578884934756,0.0469817204301075,0.0147236559139784,410364.0,410364.0,936811.0,14375.0,0,0,0,0,0,1,0,0,0,0,0,4,0,0,0,3,2,4,4,47,0,10,0,4,0,3,0,0,1,33,0,32,0,0.9275299062941712,1.084293084925305,1.1338958215616233,1.1624942009312875,0,0,0,0,0,0,0,0,2,4,0,3,2,3,0,0.9601728506760216,1,1,high,1,212,0.004711111111111111,1,1,1,1,true_positive,top_1pct_review_queue,212
TXN_000066419,2026-03-19 19:25:07,2026-03-19,declined,1,stolen_card,SC_001677,medium,CUST_001156,MERCH_001061,DEV_006695,PM_009542,mass,FR,Paris,digital_services,ES,medium,mobile,ios,chrome,credit_card,US,web,DE,ES,155.9,EUR,19,3,0,0,1,1,1,1,0,0,0,30,0.709,0,1,2018,1,0,0,1446,0.0677,0,0,0,0,0,53.69407407407408,81.91,2.903486142342765,1.9033085093395192,102.20592592592592,73.99000000000001,0,0,1,0,0,0,0,18,306,67,38,90.35833333333332,75.09895424836601,79.32955223880597,208.41526315789477,0.011578947368421,0.0381595092024539,0.0050574712643678,0.0593103448275862,0.0240228070175438,0.0426775051124744,0.0104927203065134,0.0329804597701149,246221.0,143056.0,174713.0,47339.0,0,0,0,0,0,2,0,0,0,0,0,1,0,0,0,4,4,1,3,16,0,2,0,1,0,3,0,0,1,18,0,12,0,1.7253527621506966,2.0759277084526384,1.965219714472783,0.7480258290003006,0,0,0,0,0,0,0,0,2,1,0,0,1,0,0,0.9599113000906648,1,1,high,1,213,0.004733333333333333,1,1,1,1,true_positive,top_1pct_review_queue,213
TXN_000269247,2026-03-18 01:17:37,2026-03-18,declined,0,none,,none,CUST_007216,MERCH_000888,DEV_005500,PM_009651,mass,IT,Rome,travel,IT,medium,mobile,ios,edge,debit_card,PT,web,ES,IT,759.42,EUR,1,2,0,1,0,1,1,1,0,0,0,1650,0.859,0,1,1074,3,1,0,2045,0.061,0,1,0,1,0,42.50578947368421,316.33,17.866272086774558,2.40072076628837,716.9142105263157,443.09,1,0,1,0,0,0,0,16,200,28,51,78.48374999999999,305.2631,97.65892857142856,124.4870588235294,0.0677777777777777,0.0201818181818181,0.0508333333333333,0.0343661971830985,0.0531351851851851,0.0359675757575757,0.0606847222222222,0.0410262910798122,1027194.0,843005.0,705673.0,77661.0,0,0,0,0,0,0,0,0,0,0,0,1,0,0,0,3,5,3,2,14,0,4,0,1,0,8,0,0,1,13,0,14,0,9.676143150652209,2.4877556442295186,7.776247508639764,6.100393142684332,1,0,0,0,0,0,0,0,2,4,0,1,1,0,0,0.9597717111950363,1,1,high,1,214,0.004755555555555555,1,1,1,1,false_positive,top_1pct_review_queue,214
TXN_000250688,2026-03-20 00:53:41,2026-03-20,approved,1,stolen_card,SC_001682,medium,CUST_001840,MERCH_001071,DEV_003723,PM_005360,digital_native,FR,Paris,marketplace,ES,low,mobile,windows,safari,credit_card,FR,mobile,DE,ES,307.05,EUR,0,4,0,1,1,0,1,1,0,0,0,2004,0.851,0,1,694,4,0,0,2881,0.0477,0,0,0,0,0,56.207115384615385,192.95,5.462831492043507,1.591344908007256,250.84288461538463,114.10000000000002,1,0,1,0,0,0,0,51,376,30,53,87.76705882352941,145.1173404255319,164.8213333333333,102.54415094339622,0.0343661971830985,0.0137373737373737,0.0087999999999999,0.0334246575342465,0.0269417840375586,0.0477597643097643,0.0382573333333333,0.0399022831050228,633023.0,360547.0,1404380.0,2448.0,0,0,0,0,0,0,0,0,0,0,1,3,0,0,0,4,4,5,2,38,0,14,0,7,0,15,0,0,1,4,0,38,0,3.498465188600842,2.115873947935017,1.862926320217448,2.994319979981012,1,0,0,0,0,0,0,0,2,3,1,0,0,2,0,0.9596624944097432,1,1,high,1,215,0.0047777777777777775,1,1,1,1,true_positive,top_1pct_review_queue,215
TXN_000262406,2026-03-21 05:58:35,2026-03-21,approved,1,account_takeover,ATO_001296,medium,CUST_007496,MERCH_000009,DEV_002019,PM_010454,digital_native,ES,Madrid,travel,DE,medium,mobile,ios,chrome,debit_card,ES,web,US,DE,187.56,EUR,5,5,1,1,1,0,1,1,1,0,0,1629,0.951,0,2,545,2,2,0,2438,0.0308,0,1,0,2,0,40.54414634146341,65.74,4.626068543171852,2.853057499239428,147.0158536585366,121.82,1,0,0,0,0,0,0,39,188,36,35,48.71615384615384,139.88,48.74555555555556,46.05885714285714,0.007457627118644,0.0261538461538461,0.0257142857142857,0.0079999999999999,0.0493706214689265,0.0476580128205128,0.0520154761904761,0.0711430303030303,107748.0,90994.0,107748.0,189215.0,0,0,0,0,0,3,0,0,0,0,0,0,0,0,0,4,2,2,3,30,0,25,0,0,1,3,0,0,1,12,0,30,0,3.850057633702295,1.3408635973691736,3.847735406076907,4.072180936193442,1,0,0,0,0,0,0,0,2,4,0,1,1,2,0,0.9596086376262308,1,1,high,1,216,0.0048,1,1,1,1,true_positive,top_1pct_review_queue,216
TXN_000261377,2026-03-20 04:49:22,2026-03-20,approved,0,none,,none,CUST_000755,MERCH_000487,DEV_001199,PM_005018,affluent,ES,Sevilla,marketplace,DE,high,mobile,android,safari,credit_card,US,mobile,DE,DE,176.72,EUR,4,4,0,1,1,1,1,1,0,0,1,940,0.97,0,1,1086,3,0,0,2028,0.0245,1,0,0,0,0,132.22033333333334,135.8,1.336556908796176,1.301325478645066,44.499666666666656,40.91999999999999,0,0,0,0,0,0,1,25,313,26,33,195.2792,145.5361980830671,143.30423076923077,121.05272727272728,0.0097777777777777,0.2685885885885886,0.0095652173913043,0.0083018867924528,0.0425081481481481,0.1018404404404404,0.0415840579710144,0.036091823899371,112909.0,77771.0,9515.0,3316.0,0,0,0,0,0,2,0,1,0,2,1,4,0,0,1,3,2,3,4,25,0,18,0,1,0,5,0,0,1,15,0,15,0,0.9049606921781738,1.21426835610433,1.2331806189628842,1.4598597155259163,0,0,0,1,0,0,0,0,1,4,1,0,2,1,0,0.959524097641252,1,1,high,1,217,0.0048222222222222225,1,1,1,1,false_positive,top_1pct_review_queue,217
TXN_000106639,2026-03-13 21:05:28,2026-03-13,approved,1,stolen_card,SC_001583,medium,CUST_006193,MERCH_000622,DEV_006556,PM_008529,mass,ES,Bilbao,electronics,FR,medium,mobile,android,firefox,credit_card,FR,mobile,DE,FR,101.53,EUR,21,4,0,0,1,1,1,1,0,0,0,3776,0.191,0,3,832,2,0,0,2875,0.0195,0,0,0,0,0,30.962857142857143,432.91,3.279090154101689,0.2345291169065163,70.56714285714285,-331.38,1,0,1,1,1,1,0,15,244,27,31,95.46933333333332,333.2780737704918,79.2137037037037,157.66741935483873,0.0125714285714285,0.0319696969696969,0.0093617021276595,0.028235294117647,0.0546533333333333,0.0451244949494949,0.0619758865248227,0.0571150326797385,336258.0,3314.0,150532.0,2964.0,0,0,0,0,0,1,1,1,0,0,1,2,0,0,1,2,3,1,1,15,0,2,0,3,0,1,0,0,1,15,0,15,0,1.0634828636071618,0.3046405029030427,1.281722672377114,0.6439504142038467,0,0,1,0,0,0,0,0,2,3,1,0,1,0,0,0.959364598884588,1,1,high,1,218,0.004844444444444445,1,1,1,1,true_positive,top_1pct_review_queue,218
TXN_000038493,2026-03-18 01:24:18,2026-03-18,approved,0,none,,none,CUST_001889,MERCH_000460,DEV_004754,PM_011203,digital_native,DE,Berlin,electronics,ES,medium,tablet,macos,edge,debit_card,US,web,ES,ES,318.29,EUR,1,2,0,1,1,1,1,1,0,0,0,2430,0.679,0,2,1283,2,0,0,3178,0.0238,0,0,0,0,0,16.502368421052633,235.77,19.287534484683217,1.3500021207108623,301.7876315789474,82.52000000000001,1,0,1,0,0,0,0,64,356,39,59,66.89359375,196.421797752809,73.65897435897436,71.00745762711864,0.0052380952380952,0.1208510638297872,0.007457627118644,0.0055696202531645,0.0346769841269841,0.0503001773049645,0.0154723163841807,0.0242135021097046,258221.0,425361.0,269311.0,3097.0,0,0,0,0,0,2,0,0,0,0,1,2,0,0,0,3,2,3,2,46,0,14,0,9,0,21,0,0,1,14,0,46,0,4.7581536909130415,1.6204413341158732,4.32112994743621,4.48248691949282,1,0,0,0,0,0,0,0,2,3,0,1,1,2,0,0.9591895940200922,1,1,high,1,219,0.004866666666666667,1,1,1,1,false_positive,top_1pct_review_queue,219
TXN_000102667,2026-03-21 00:15:02,2026-03-21,declined,0,none,,none,CUST_007386,MERCH_000398,DEV_001598,PM_008610,digital_native,IT,Turin,electronics,ES,high,mobile,ios,chrome,credit_card,US,web,DE,ES,54.09,EUR,0,5,1,1,1,1,1,1,0,0,0,2410,0.607,0,1,1419,4,1,0,2156,0.0174,1,1,0,1,0,31.15207547169811,267.37,1.7363209089917997,0.2023039234020271,22.93792452830189,-213.28,0,0,1,0,0,0,0,47,295,63,46,81.1191489361702,220.6314915254237,80.84507936507936,82.09760869565217,0.0513432835820895,0.0267936507936507,0.0414457831325301,0.0672727272727272,0.0285502487562189,0.0568662433862433,0.0591911646586345,0.0441343434343434,431968.0,251428.0,431968.0,71299.0,0,0,0,0,0,1,0,0,0,0,0,2,0,0,0,2,2,5,3,37,0,6,0,11,0,10,0,0,1,34,0,37,0,0.6667969364737976,0.2451599253852078,0.6690574172825158,0.6588498844164821,0,0,0,0,0,0,0,0,2,4,0,0,2,2,0,0.9590188514911868,1,1,high,1,220,0.004888888888888889,1,1,1,1,false_positive,top_1pct_review_queue,220
TXN_000177256,2026-03-12 01:48:01,2026-03-12,approved,0,none,,none,CUST_007687,MERCH_000247,DEV_000881,PM_004192,mass,PT,Braga,electronics,DE,low,mobile,windows,safari,credit_card,FR,mobile,FR,DE,306.16,EUR,1,3,0,1,1,1,1,1,0,0,0,1636,0.864,0,3,329,1,0,0,2273,0.0383,0,0,0,0,0,34.756,142.35,8.808838761652664,2.150755180892168,271.404,163.81000000000003,1,0,0,0,0,0,0,28,202,29,33,69.66857142857143,151.62386138613863,68.07758620689654,206.05818181818185,0.03,0.0154954954954954,0.0293877551020408,0.0271698113207547,0.0606847222222222,0.0266345345345345,0.0594462585034013,0.0549597484276729,61781.0,4947.0,61781.0,70077.0,0,0,0,0,1,1,0,2,0,1,0,1,1,1,2,2,2,1,1,28,0,17,0,7,0,4,0,0,1,28,0,28,0,4.394520997375329,2.0192072487872217,4.4972217297708,1.485793950517065,1,0,0,0,0,0,0,0,1,3,1,0,0,0,0,0.9587758479647605,1,1,high,1,221,0.004911111111111111,1,1,1,1,false_positive,top_1pct_review_queue,221
TXN_000290623,2026-03-11 04:23:03,2026-03-11,approved,0,none,,none,CUST_001917,MERCH_000850,DEV_007022,PM_010370,affluent,ES,Bilbao,electronics,ES,high,mobile,android,firefox,credit_card,GB,web,FR,ES,467.13,EUR,4,2,0,1,0,1,1,1,0,0,0,1403,0.179,0,4,2480,2,0,0,2112,0.0388,1,0,0,0,0,34.285714285714285,223.43,13.624625,2.0907219263303944,432.8442857142857,243.7,1,0,1,1,1,1,0,14,252,20,16,76.64928571428572,219.3398015873016,189.9265,105.68,0.0423529411764705,0.0126470588235294,0.011,0.04,0.0856725490196078,0.0511502450980392,0.0478216666666666,0.0809129629629629,16506.0,16506.0,16506.0,179754.0,0,0,0,0,1,2,0,1,0,1,0,0,1,1,1,2,3,2,3,14,0,5,0,4,0,9,0,0,1,8,0,11,0,6.094381645528333,2.1297092302423417,2.459530397285266,4.420230885692657,1,0,1,0,0,0,0,0,2,5,0,0,2,1,0,0.9580805840394522,1,1,high,1,222,0.004933333333333333,1,1,1,1,false_positive,top_1pct_review_queue,222
TXN_000262068,2026-03-23 05:42:08,2026-03-23,approved,0,none,,none,CUST_004335,MERCH_000988,DEV_002779,PM_002191,digital_native,IT,Turin,electronics,DE,medium,desktop,android,firefox,credit_card,FR,mobile,GB,DE,359.9,EUR,5,0,0,1,1,1,1,1,0,0,0,842,0.805,0,1,723,4,0,0,2335,0.0399,0,0,0,0,0,18.88849056603773,282.84,19.05393121497568,1.2724508556074106,341.01150943396226,77.06,1,0,0,0,0,0,0,41,303,117,37,80.29756097560976,242.7677557755776,117.40880341880342,72.74054054054054,0.0236065573770491,0.1902167182662538,0.0178102189781021,0.0252631578947368,0.0641453551912568,0.0647457172342621,0.0504588807785888,0.068646783625731,112754.0,17607.0,16979.0,1512.0,0,0,0,0,0,2,0,1,0,2,1,1,0,0,1,3,2,4,2,41,0,31,0,14,0,6,0,0,1,33,0,28,0,4.482078853046595,1.4824868271744591,3.065357873687015,4.947722374972133,1,0,0,0,0,0,0,0,1,3,1,0,1,2,0,0.9578228788492058,1,1,high,1,223,0.004955555555555556,1,1,1,1,false_positive,top_1pct_review_queue,223
TXN_000286009,2026-03-21 00:34:07,2026-03-21,approved,1,stolen_card,SC_001708,medium,CUST_007511,MERCH_000025,DEV_005787,PM_011318,affluent,PT,Braga,electronics,ES,medium,mobile,windows,edge,credit_card,PT,web,FR,ES,555.14,EUR,0,5,1,1,1,0,1,1,0,0,0,545,0.466,1,9,1580,3,0,0,90,0.0316,0,0,0,0,0,118.04375,367.5,4.702832636204796,1.510585034013605,437.09625,187.64,1,0,1,0,0,1,0,31,325,27,39,168.52709677419352,313.4052615384616,159.61296296296294,114.22410256410257,0.028235294117647,0.0186666666666666,0.0519148936170212,0.0583050847457627,0.0571150326797385,0.031631497584541,0.0832524822695035,0.0832689265536723,603471.0,704471.0,662571.0,16774.0,0,0,0,0,0,1,0,0,0,0,0,2,0,0,0,3,2,3,2,31,0,8,0,6,0,7,0,0,1,20,0,19,0,3.2940696815291504,1.7713167841372452,3.478038310264413,4.860095089724653,1,0,1,0,0,0,0,0,2,4,0,0,1,1,0,0.9573159421320953,1,1,high,1,224,0.004977777777777778,1,1,1,1,true_positive,top_1pct_review_queue,224
TXN_000282976,2026-03-21 19:25:47,2026-03-21,approved,0,none,,none,CUST_006885,MERCH_000584,DEV_004375,PM_004739,sme,ES,Bilbao,electronics,PT,low,desktop,android,chrome,credit_card,DE,web,FR,PT,545.5,EUR,19,5,1,0,1,1,1,1,0,0,1,30,0.209,1,6,3131,4,1,0,1529,0.0445,0,1,0,1,0,96.87863636363636,139.84,5.630756382165127,3.9008867276887873,448.6213636363637,405.66,1,1,1,1,0,1,1,61,234,77,7,192.4737704918033,154.29235042735044,192.3814285714286,262.63142857142856,0.0424691358024691,0.0056692913385826,0.0354639175257731,0.0162962962962962,0.072998353909465,0.0272160104986876,0.0403388316151202,0.0708469135802469,342305.0,342305.0,2225752.0,75987.0,0,0,0,0,0,1,0,0,0,0,0,3,0,0,0,3,1,4,3,61,0,14,0,17,0,3,0,0,1,46,0,7,0,2.834152407396367,3.535496079287821,2.8355127833841998,2.077055297483709,0,1,1,1,0,0,0,0,2,7,0,0,0,3,0,0.957259544470642,1,1,high,1,225,0.005,1,1,1,1,false_positive,top_1pct_review_queue,225
TXN_000159047,2026-03-22 07:22:29,2026-03-22,approved,1,merchant_collusion,MC_001020,medium,CUST_006967,MERCH_000696,DEV_005930,PM_004053,affluent,DE,Berlin,marketplace,ES,medium,desktop,ios,chrome,credit_card,FR,mobile,GB,ES,821.1,EUR,7,6,1,0,1,1,1,1,0,0,1,2113,0.866,0,2,2495,2,0,0,60,0.0464,0,0,0,0,0,309.92055555555555,237.92,2.6493886426091278,3.451160053799597,511.17944444444447,583.1800000000001,0,1,0,0,0,0,1,16,378,44,85,309.5375,180.09849206349205,154.87249999999997,109.76529411764704,0.0122222222222222,0.1468341708542713,0.0068749999999999,0.0708571428571428,0.0253574074074074,0.0500323283082077,0.0611385416666666,0.1039320634920634,830086.0,973870.0,519960.0,4786.0,0,0,0,0,0,0,0,0,0,0,0,7,0,0,0,2,4,2,3,12,0,9,0,2,0,7,0,0,1,12,0,10,0,2.6526672858700486,4.559171987461888,5.301780496860322,7.480506535334753,0,1,0,1,0,0,0,0,1,3,1,0,1,1,0,0.9571790422055024,1,1,high,1,226,0.005022222222222222,1,1,1,1,true_positive,top_1pct_review_queue,226
TXN_000042184,2026-03-17 22:31:15,2026-03-17,declined,1,stolen_card,SC_001646,medium,CUST_003727,MERCH_000858,DEV_002566,PM_008820,sme,FR,Marseille,electronics,ES,high,mobile,ios,safari,debit_card,GB,web,FR,ES,327.98,EUR,22,1,0,0,1,1,0,1,0,0,1,2102,0.116,0,5,265,2,1,0,1787,0.0464,1,1,0,1,0,19.258044692737432,57.34,17.030804800431657,5.719916288803628,308.7219553072626,270.64,1,1,0,1,1,1,1,163,288,96,25,129.090490797546,115.98451388888888,180.89645833333336,141.94,0.0242622950819672,0.0533766233766233,0.0813793103448275,0.0097777777777777,0.0978845173041894,0.032184632034632,0.1285591954022988,0.131397037037037,73313.0,88911.0,88458.0,81656.0,0,0,0,0,1,12,0,0,0,0,0,1,1,1,0,2,1,2,3,25,0,108,0,23,0,53,0,0,1,44,0,25,0,2.5406983734717885,2.827791305951406,1.8130813782746344,2.310694659715373,0,0,1,1,0,0,0,0,1,7,0,1,2,3,0,0.9568973532709828,1,1,high,1,227,0.005044444444444444,1,1,1,1,true_positive,top_1pct_review_queue,227
TXN_000012910,2026-03-26 01:35:14,2026-03-26,approved,1,stolen_card,SC_001798,medium,CUST_008485,MERCH_001047,DEV_005794,PM_001557,digital_native,PT,Lisboa,electronics,ES,low,mobile,macos,safari,credit_card,ES,web,FR,ES,330.49,EUR,1,3,0,1,1,1,1,1,0,0,0,973,0.734,0,2,252,4,1,0,208,0.0233,0,1,0,1,0,21.080645161290324,200.28,15.677413925019128,1.6501398042740163,309.4093548387097,130.21,1,0,1,0,0,0,0,28,351,67,20,55.262142857142855,198.8178347578348,117.64223880597017,61.1685,0.03,0.0146630727762803,0.016551724137931,0.036,0.0398513888888888,0.0455872416891284,0.0564697318007662,0.0228216666666666,65724.0,65724.0,153033.0,5486.0,0,0,0,0,1,4,0,2,0,0,0,5,1,1,2,4,1,4,2,20,0,7,0,3,0,7,0,0,1,21,0,20,0,5.980405082270219,1.6622754211288204,2.809280096624854,5.402944325919387,1,0,0,0,0,0,0,0,2,4,0,0,0,2,0,0.956505445889615,1,1,high,1,228,0.005066666666666666,1,1,1,1,true_positive,top_1pct_review_queue,228
TXN_000229668,2026-03-25 22:33:35,2026-03-25,approved,0,none,,none,CUST_002361,MERCH_000696,DEV_006274,PM_009558,digital_native,PT,Porto,marketplace,ES,medium,mobile,linux,firefox,credit_card,ES,web,GB,ES,117.31,EUR,22,2,0,0,1,1,1,1,0,0,1,1302,0.885,0,1,1063,3,0,0,60,0.0464,0,0,0,0,0,69.07314285714286,237.92,1.6983446119227652,0.4930648957632818,48.23685714285715,-120.61,0,0,1,0,0,0,1,36,389,30,62,89.16111111111111,180.86383033419023,96.58833333333334,134.66580645161292,0.0078571428571428,0.1453300733496332,0.0087999999999999,0.017560975609756,0.1234440476190476,0.0486867155664221,0.0982573333333333,0.0721081300813008,135676.0,135676.0,5807.0,2309.0,0,0,0,0,0,3,0,0,0,1,1,3,0,0,0,2,3,3,3,33,0,13,0,6,0,6,0,0,1,23,0,24,0,1.3157081438095832,0.648609507955466,1.2145359170362189,0.8711194258666615,0,0,0,1,0,0,0,0,2,2,0,0,1,2,0,0.9563302030158772,1,1,high,1,229,0.005088888888888889,1,1,1,1,false_positive,top_1pct_review_queue,229
TXN_000199525,2026-03-22 02:20:53,2026-03-22,approved,1,stolen_card,SC_001727,medium,CUST_005168,MERCH_000552,DEV_000664,PM_007877,digital_native,FR,Lyon,travel,DE,high,mobile,ios,chrome,credit_card,US,web,US,DE,142.7,EUR,2,6,1,1,1,1,1,1,0,1,0,2099,0.82,0,2,983,3,0,0,1884,0.0427,1,0,0,0,0,40.2815,508.18,3.542569169469856,0.2808060136172222,102.4185,-365.48,1,0,1,0,0,0,1,41,154,38,37,66.51853658536587,505.7246753246754,77.54263157894736,62.958108108108114,0.0072131147540983,0.0312643678160919,0.0075862068965517,0.007719298245614,0.0641453551912568,0.0339819923371647,0.0674632183908046,0.0511029239766081,83636.0,83636.0,83636.0,22432.0,0,0,0,0,1,3,0,1,0,1,0,3,1,1,1,2,2,3,3,34,0,6,0,2,0,6,0,0,1,29,0,30,0,2.145266677911163,0.282169344235352,1.8402780134527017,2.266586533301852,0,0,0,1,0,0,0,0,2,5,0,0,2,2,0,0.9563035496662508,1,1,high,1,230,0.005111111111111111,1,1,1,1,true_positive,top_1pct_review_queue,230
TXN_000086631,2026-03-08 22:12:39,2026-03-08,approved,0,none,,none,CUST_001508,MERCH_000614,DEV_002775,PM_011850,mass,DE,Berlin,marketplace,IT,medium,desktop,macos,safari,credit_card,ES,mobile,ES,IT,69.36,EUR,22,6,1,0,1,1,1,1,1,0,0,1097,0.746,0,2,1822,1,0,1,2513,0.0449,0,0,1,0,1,37.15857142857143,35.0,1.86659490215678,1.9817142857142855,32.20142857142857,34.36,0,0,1,0,0,0,0,7,296,9,7,98.11,103.16918918918918,90.51111111111112,98.11,0.0162962962962962,0.1659493670886075,0.0151724137931034,0.0162962962962962,0.0338098765432098,0.0408635021097046,0.0314781609195402,0.0338098765432098,693843.0,693843.0,693843.0,3633.0,0,0,0,0,0,0,0,0,0,0,0,3,0,0,0,2,1,1,1,7,0,0,1,0,1,0,1,0,1,7,0,7,0,0.706961573743757,0.6722937394885337,0.766314755708323,0.706961573743757,0,0,0,0,0,0,0,0,5,2,1,0,1,0,0,0.9562055181532348,1,1,high,1,231,0.0051333333333333335,1,1,1,1,false_positive,top_1pct_review_queue,231
TXN_000229369,2026-03-11 08:03:04,2026-03-11,approved,1,merchant_collusion,MC_000931,medium,CUST_003450,MERCH_000289,DEV_004400,PM_009792,digital_native,ES,Barcelona,digital_services,DE,high,mobile,ios,chrome,wallet,IT,mobile,US,DE,85.58,EUR,8,2,0,0,1,1,1,1,0,1,1,521,0.989,0,1,1337,3,0,0,660,0.0799,1,0,0,0,0,40.57083333333333,66.25,2.1093971449111635,1.2917735849056604,45.009166666666665,19.33,0,0,0,0,0,0,1,40,248,58,28,72.9615,103.70209677419356,66.09155172413793,81.78107142857142,0.0073333333333333,0.247910447761194,0.0056410256410256,0.0091666666666666,0.0152144444444444,0.104152487562189,0.0373444444444444,0.0190180555555555,217482.0,106283.0,217482.0,19632.0,0,0,0,0,0,3,0,0,0,0,0,2,0,0,0,3,1,3,3,36,0,25,0,4,0,4,0,0,1,31,0,28,0,1.1729473763560234,0.8252485018345042,1.294870490516029,1.0464524186962578,0,0,0,1,0,0,0,0,1,3,1,2,2,2,0,0.9561542890459368,1,1,high,1,232,0.005155555555555556,1,1,1,1,true_positive,top_1pct_review_queue,232
TXN_000283315,2026-03-16 05:16:19,2026-03-16,approved,0,none,,none,CUST_005798,MERCH_000396,DEV_004457,PM_008049,sme,DE,Hamburg,electronics,ES,high,mobile,windows,edge,credit_card,US,mobile,GB,ES,361.38,EUR,5,0,0,1,1,1,1,1,0,1,0,1256,0.095,0,2,2042,3,0,1,2211,0.0307,1,0,1,0,1,115.29409090909093,311.1,3.1344190942530368,1.161620057859209,246.08590909090907,50.27999999999997,1,0,0,1,1,1,1,54,349,41,68,192.26814814814816,253.1738681948424,189.5890243902439,177.41147058823532,0.0194594594594594,0.1610840108401084,0.0072131147540983,0.039090909090909,0.06639009009009,0.0512543812104787,0.0641453551912568,0.1012825757575757,442313.0,1056285.0,203995.0,4501.0,0,0,0,0,0,2,0,0,0,0,0,4,0,0,0,1,4,3,3,46,0,33,0,10,0,15,0,0,1,41,0,38,0,1.879562493739453,1.427398501182919,1.9061230003280525,2.0369596103441814,0,0,1,1,0,0,0,0,1,7,1,0,2,3,0,0.955741957431376,1,1,high,1,233,0.005177777777777778,1,1,1,1,false_positive,top_1pct_review_queue,233
TXN_000289061,2026-03-15 03:05:50,2026-03-15,approved,1,account_takeover,ATO_001238,medium,CUST_004274,MERCH_000902,DEV_005240,PM_006129,digital_native,DE,Hamburg,marketplace,ES,high,mobile,android,chrome,credit_card,PT,mobile,PT,ES,363.37,EUR,3,6,1,1,1,1,1,1,1,0,0,1736,0.516,1,9,976,1,0,0,1596,0.0273,1,0,0,0,0,90.37672727272728,95.26,4.020614719799143,3.814507663237455,272.9932727272727,268.11,1,1,0,0,0,1,0,47,313,107,34,95.2668085106383,101.60396166134186,130.12990654205606,97.31529411764708,0.0065671641791044,0.0223423423423423,0.0034645669291338,0.0081481481481481,0.1031771144278607,0.0567953953953953,0.0623060367454068,0.090979012345679,9423.0,9423.0,9423.0,1504.0,0,0,0,0,1,5,0,1,0,1,1,4,1,1,1,5,1,2,3,40,0,40,0,11,0,10,0,0,1,38,0,34,0,3.8142350487097834,3.5763369268135,2.7923634901141208,3.733945453226625,1,1,1,0,0,0,0,0,1,6,1,0,2,2,0,0.9555240907657356,1,1,high,1,234,0.0052,1,1,1,1,true_positive,top_1pct_review_queue,234
TXN_000066089,2026-03-16 03:46:59,2026-03-16,approved,0,none,,none,CUST_001723,MERCH_000500,DEV_001518,PM_008552,digital_native,ES,Madrid,marketplace,IT,medium,mobile,ios,edge,wallet,PT,mobile,ES,IT,255.01,EUR,3,0,0,1,1,1,0,1,0,1,0,10,0.696,0,1,598,3,0,0,60,0.0399,0,0,0,0,0,38.79313725490197,218.07,6.573585382496398,1.1693951483468612,216.216862745098,36.94,1,0,0,0,0,0,1,43,300,68,41,72.40697674418605,187.17803333333333,58.1235294117647,147.08341463414635,0.0228571428571428,0.195125,0.039090909090909,0.0236065573770491,0.0303629629629629,0.0716027083333333,0.0217371212121212,0.0313584699453551,175044.0,99039.0,210568.0,11151.0,0,0,0,0,0,2,0,0,0,0,0,3,0,0,0,4,2,4,3,37,0,27,0,7,0,3,0,0,1,36,0,31,0,3.5218981853219846,1.3623927736534611,4.3873798198562906,1.7337780784754626,1,0,0,1,0,0,0,0,1,4,1,2,1,2,0,0.9552278421210808,1,1,high,1,235,0.005222222222222222,1,1,1,1,false_positive,top_1pct_review_queue,235
TXN_000127193,2026-03-11 18:44:48,2026-03-11,approved,1,merchant_collusion,MC_000934,medium,CUST_009801,MERCH_000500,DEV_004958,PM_000449,mass,ES,Valencia,marketplace,IT,medium,mobile,macos,chrome,credit_card,ES,mobile,GB,IT,224.71,EUR,18,2,0,0,1,0,1,1,0,0,1,1559,0.21,0,1,723,1,0,0,60,0.0399,0,0,0,0,0,11.762391304347828,218.07,19.104108525699075,1.0304489384142708,212.94760869565215,6.640000000000015,1,0,0,1,0,1,1,50,289,69,48,68.047,189.21242214532876,109.85405797101448,90.22708333333333,0.0062857142857142,0.1923624595469255,0.0049438202247191,0.0358823529411764,0.0416123809523809,0.0741516720604099,0.0327288389513108,0.0575421568627451,321483.0,321483.0,560294.0,7210.0,0,0,0,0,0,3,0,0,0,0,0,2,0,0,0,2,3,1,3,41,0,34,0,6,0,3,0,0,1,50,0,30,0,3.302276367804606,1.187607015713834,2.0455320827501047,2.4904938927243765,1,0,1,1,0,0,0,0,1,4,1,0,1,0,0,0.9549275719661297,1,1,high,1,236,0.005244444444444445,1,1,1,1,true_positive,top_1pct_review_queue,236
TXN_000268015,2026-03-12 22:10:43,2026-03-12,declined,1,account_takeover,ATO_001211,medium,CUST_005928,MERCH_000769,DEV_002677,PM_005819,digital_native,ES,Sevilla,travel,DE,low,mobile,android,safari,credit_card,ES,mobile,GB,DE,623.47,EUR,22,3,0,0,1,0,1,1,0,0,0,1343,0.484,1,6,451,3,0,0,2950,0.0245,0,0,0,0,0,68.75127659574468,253.02,9.06848615576964,2.4641135088135324,554.7187234042553,370.4500000000001,1,0,1,0,0,1,0,41,180,18,57,97.8260975609756,292.7233888888889,215.88166666666663,79.88894736842106,0.0072131147540983,0.0121999999999999,0.011578947368421,0.0057142857142857,0.0149650273224043,0.0445643333333333,0.0240228070175438,0.0118554112554112,82654.0,374882.0,263811.0,85772.0,0,0,0,0,1,2,0,0,0,0,0,1,1,1,0,2,3,3,3,36,0,13,0,1,0,4,0,0,1,5,0,31,0,6.373248198021876,2.129894718582446,2.8880173551868698,7.804208473604807,1,0,1,0,0,0,0,0,2,3,1,0,0,2,0,0.9545788440557098,1,1,high,1,237,0.005266666666666667,1,1,1,1,true_positive,top_1pct_review_queue,237
TXN_000088046,2026-03-21 03:57:12,2026-03-21,approved,1,merchant_collusion,MC_001011,medium,CUST_005891,MERCH_000697,DEV_002310,PM_005872,sme,DE,Munich,digital_services,FR,high,mobile,macos,edge,bank_transfer,GB,mobile,DE,FR,320.01,EUR,3,5,1,1,1,1,0,1,0,0,0,1603,0.653,0,1,2449,2,1,0,472,0.0613,1,1,0,1,0,38.58931034482759,97.8,8.292711042007344,3.272085889570552,281.4206896551724,222.21,1,1,0,0,0,0,0,85,279,62,59,129.94,118.20752688172044,121.52370967741936,142.08406779661016,0.0041904761904761,0.208829431438127,0.0053658536585365,0.0055696202531645,0.0372653968253968,0.1000430323299888,0.0355227642276422,0.0495299578059071,28816.0,104570.0,104570.0,15082.0,0,0,0,0,1,7,0,0,0,0,0,2,1,1,0,1,1,2,2,59,0,64,0,6,0,17,0,0,1,62,0,59,0,2.462752039402801,2.707188014517933,2.633313292109465,2.2522581522517107,0,0,0,0,0,0,0,0,1,6,1,3,2,3,0,0.9545510434041086,1,1,high,1,238,0.005288888888888889,1,1,1,1,true_positive,top_1pct_review_queue,238
TXN_000283853,2026-03-20 21:39:26,2026-03-20,approved,0,none,,none,CUST_009952,MERCH_000283,DEV_003148,PM_008659,sme,ES,Valencia,electronics,DE,low,mobile,windows,chrome,debit_card,DE,web,GB,DE,972.02,EUR,21,4,0,0,1,1,1,1,0,0,0,1637,0.787,0,1,1928,2,0,0,1249,0.0326,0,0,0,0,0,72.62142857142858,338.94,13.384754598209891,2.8678232135481205,899.3985714285714,633.0799999999999,1,0,1,0,0,0,0,59,251,86,63,137.6650847457627,272.5526693227092,154.4004651162791,108.1095238095238,0.0182278481012658,0.0126937269372693,0.0230188679245283,0.0173493975903614,0.0495299578059071,0.0328888068880688,0.0369138364779874,0.0712393574297188,251922.0,17093.0,97680.0,68699.0,0,0,0,0,0,5,0,2,0,0,0,2,0,0,1,5,4,2,4,41,0,13,0,15,0,2,0,0,1,43,0,41,0,7.060759100937673,3.566356559322866,6.295447356767813,8.991067259833502,1,1,0,0,0,0,0,0,2,2,0,1,0,3,0,0.9545211016711338,1,1,high,1,239,0.005311111111111111,1,1,1,1,false_positive,top_1pct_review_queue,239
TXN_000012803,2026-03-16 23:52:06,2026-03-16,approved,1,stolen_card,SC_001634,medium,CUST_003221,MERCH_001138,DEV_006014,PM_005400,mass,DE,Munich,digital_services,IT,medium,mobile,macos,safari,credit_card,PT,web,FR,IT,94.89,EUR,23,0,0,0,1,1,1,1,0,0,0,1721,0.782,0,1,30,2,1,0,526,0.055,0,1,0,1,0,23.2716,71.76,4.0775021915124015,1.322324414715719,71.61840000000001,23.129999999999995,1,0,1,0,0,0,0,16,230,53,10,123.348125,80.68069565217392,120.3788679245283,125.796,0.04,0.0377599999999999,0.0471232876712328,0.048,0.0531351851851851,0.0436514666666666,0.0399022831050228,0.0637622222222222,770383.0,188689.0,1005319.0,481.0,0,0,0,0,0,0,0,0,0,0,1,2,0,0,0,5,1,1,3,12,0,5,0,0,1,2,0,0,1,16,0,10,0,0.7692861160232473,1.176117771828399,0.7882612757206807,0.7543165124487264,0,0,0,0,0,0,0,0,3,3,0,0,1,0,0,0.9543308567131964,1,1,high,1,240,0.005333333333333333,1,1,1,1,true_positive,top_1pct_review_queue,240
TXN_000104624,2026-03-20 00:42:35,2026-03-20,approved,0,none,,none,CUST_006305,MERCH_000706,DEV_001350,PM_006410,digital_native,FR,Lyon,marketplace,IT,low,mobile,linux,chrome,debit_card,PT,mobile,DE,IT,227.15,EUR,0,4,0,1,1,1,1,1,1,0,1,1492,0.286,0,6,796,3,0,0,1888,0.0543,0,0,0,0,0,33.98651162790698,139.72,6.683533823267781,1.625751503006012,193.163488372093,87.43,1,0,0,1,0,1,1,39,242,2,23,107.5774358974359,117.6806611570248,79.04,76.14347826086956,0.0244067796610169,0.0169465648854961,0.0199999999999999,0.0334883720930232,0.0493706214689265,0.0340185750636132,0.0414939393939393,0.021229457364341,172713.0,1269427.0,328345.0,6842.0,0,0,0,0,0,3,0,0,0,0,0,4,0,0,0,1,2,4,2,22,0,26,0,9,0,2,0,0,1,2,0,22,0,2.111502269087026,1.9302236898287568,2.8738613360323884,2.9831839205161885,0,0,1,1,0,0,0,0,1,5,1,1,0,2,0,0.9542960601962512,1,1,high,1,241,0.005355555555555555,1,1,1,1,false_positive,top_1pct_review_queue,241
TXN_000200904,2026-03-11 23:02:04,2026-03-11,approved,0,none,,none,CUST_006007,MERCH_000241,DEV_004673,PM_007177,affluent,IT,Turin,marketplace,IT,medium,mobile,linux,chrome,credit_card,DE,web,PT,IT,345.65,EUR,23,2,0,0,0,1,1,1,0,1,0,2908,0.554,1,5,615,4,0,0,2078,0.0494,0,0,0,0,0,36.850208333333335,140.18,9.379865559330849,2.46575831074333,308.79979166666664,205.47,1,0,1,0,0,1,1,54,239,93,76,92.27370370370372,123.1863179916318,86.07870967741935,82.94355263157895,0.0059459459459459,0.0596138996138996,0.0304424778761061,0.0045833333333333,0.0934171171171171,0.049856628056628,0.0080784660766961,0.0720090277777777,426938.0,352984.0,273098.0,78557.0,0,0,0,0,0,2,0,0,0,0,0,1,0,0,0,4,5,4,1,54,0,12,0,11,0,21,0,0,1,4,0,54,0,3.745920951757853,2.805912260673953,4.015510935228073,4.167291959814141,1,0,1,1,0,0,0,0,2,4,0,0,1,1,0,0.9542054904625856,1,1,high,1,242,0.005377777777777778,1,1,1,1,false_positive,top_1pct_review_queue,242
TXN_000203447,2026-03-10 00:30:28,2026-03-10,approved,1,stolen_card,SC_001532,medium,CUST_009897,MERCH_000609,DEV_007913,PM_011153,affluent,ES,Bilbao,electronics,IT,low,tablet,macos,chrome,credit_card,US,web,IT,IT,416.03,EUR,0,1,0,1,1,1,1,1,0,0,0,677,0.892,0,1,1021,2,0,0,2199,0.0284,0,0,0,0,0,137.01958333333332,134.06,3.0362813101533543,3.103311949873191,279.01041666666663,281.97,1,1,1,0,0,0,0,15,261,59,77,151.30933333333334,157.57264367816092,118.42338983050848,136.36051948051949,0.0411428571428571,0.0051245551601423,0.0055696202531645,0.0148453608247422,0.0260819047619047,0.0139247924080664,0.0368717299578059,0.0197202749140893,1037054.0,237035.0,112230.0,1170.0,0,0,0,0,0,0,0,0,0,0,1,3,0,0,0,3,5,2,3,15,0,7,0,2,0,0,1,0,1,9,0,7,0,2.7495329655804444,2.640242559169936,3.513072886998388,3.0509564028130165,0,0,0,0,0,0,0,0,3,4,0,0,0,1,0,0.9541858333969012,1,1,high,1,243,0.0054,1,1,1,1,true_positive,top_1pct_review_queue,243
TXN_000168967,2026-03-12 00:46:44,2026-03-12,approved,1,stolen_card,SC_001557,medium,CUST_002641,MERCH_001157,DEV_002155,PM_001031,digital_native,ES,Sevilla,electronics,ES,low,mobile,ios,firefox,credit_card,US,web,IT,ES,950.0,EUR,0,3,0,1,0,1,1,1,0,0,0,1647,0.908,0,1,367,3,0,0,2364,0.0343,0,0,0,0,0,94.70344827586209,255.24,10.03131371977862,3.721987149349632,855.2965517241379,694.76,1,1,0,0,0,0,0,18,312,26,17,99.56222222222222,226.36256410256408,119.75730769230768,94.55117647058825,0.0378947368421052,0.0163855421686747,0.0095652173913043,0.0389189189189189,0.0240228070175438,0.0419062248995983,0.0633231884057971,0.024672072072072,3303352.0,259348.0,3303352.0,2637.0,0,0,0,0,0,0,0,0,0,0,1,4,0,0,0,5,1,4,2,17,0,14,0,0,1,10,0,0,1,1,0,17,0,9.5417717563556,4.196807028434076,7.932710064264587,10.047468846625232,1,1,0,0,0,0,0,0,2,4,0,0,0,2,0,0.95397639238746,1,1,high,1,244,0.005422222222222222,1,1,1,1,true_positive,top_1pct_review_queue,244
TXN_000124108,2026-03-11 03:15:35,2026-03-11,approved,0,none,,none,CUST_004770,MERCH_000536,DEV_006355,PM_001537,digital_native,IT,Rome,marketplace,PT,high,mobile,macos,chrome,credit_card,ES,web,PT,PT,174.72,EUR,3,2,0,1,1,1,1,1,0,0,1,30,0.341,0,5,1189,3,0,0,875,0.0257,1,0,0,0,0,82.34241379310345,165.1,2.121871244131947,1.058267716535433,92.37758620689657,9.620000000000005,0,0,1,1,0,1,1,25,241,101,55,74.2276,148.4428215767635,88.4132673267327,87.7721818181818,0.032,0.0361685823754789,0.0614876033057851,0.0591999999999999,0.0647303703703703,0.0648002554278416,0.0901889807162534,0.0655048888888888,178766.0,20770.0,166974.0,95007.0,0,0,0,0,0,1,0,1,0,0,0,0,0,0,1,5,3,3,2,4,0,9,0,3,0,1,0,0,1,17,0,4,0,2.353841428255797,1.177018855773015,1.976173998347096,1.990607916776283,0,0,1,1,0,0,0,0,2,5,0,0,2,2,0,0.953691408768994,1,1,high,1,245,0.0054444444444444445,1,1,1,1,false_positive,top_1pct_review_queue,245
TXN_000281474,2026-03-22 21:06:16,2026-03-22,approved,0,none,,none,CUST_004451,MERCH_000648,DEV_000904,PM_003838,digital_native,ES,Bilbao,electronics,IT,low,mobile,android,chrome,credit_card,IT,web,US,IT,332.43,EUR,21,6,1,0,1,1,1,1,0,0,1,30,0.244,0,4,764,1,0,0,1529,0.0149,0,0,0,0,0,32.85608695652174,257.5,10.11775992801281,1.290990291262136,299.5739130434783,74.93,1,0,0,1,0,1,1,38,266,82,57,57.35473684210526,221.9457894736842,95.2660975609756,65.07736842105264,0.0420689655172413,0.0155244755244755,0.0533333333333333,0.0966233766233766,0.1019459770114942,0.0381568764568764,0.0677732026143791,0.0638034632034632,1326.0,1326.0,586272.0,12492.0,0,0,0,1,1,3,1,1,0,0,0,5,1,1,1,4,2,1,3,25,0,30,0,2,0,3,0,0,1,38,0,25,0,5.796033916347019,1.4977981821070578,3.489489005123006,5.108227453961681,1,0,1,1,0,0,0,0,1,4,0,0,0,2,0,0.9536859908170396,1,1,high,1,246,0.0054666666666666665,1,1,1,1,false_positive,top_1pct_review_queue,246
TXN_000159197,2026-03-09 19:49:11,2026-03-09,declined,0,none,,none,CUST_000591,MERCH_000763,DEV_004816,PM_010435,sme,IT,Milan,digital_services,ES,medium,mobile,android,edge,credit_card,DE,mobile,US,ES,96.67,EUR,19,0,0,0,1,1,1,1,0,0,0,1553,0.503,1,5,869,1,0,0,1362,0.0651,0,0,0,0,0,26.39938775510204,66.2,3.661827346026887,1.4602719033232627,70.27061224489796,30.47,1,0,1,0,0,1,0,87,242,101,57,88.34425287356322,59.72078512396694,87.05188118811881,173.99754385964914,0.0414953271028037,0.0207633587786259,0.036694214876033,0.0057142857142857,0.0552604361370716,0.0607361323155216,0.0488666666666666,0.0378294372294372,1286.0,1286.0,41117.0,51570.0,0,0,0,1,2,9,1,2,0,1,0,3,2,2,1,3,4,1,3,24,0,10,0,13,0,28,0,0,1,87,0,12,0,1.0942420910882844,1.6186994159459691,1.1104872023511645,0.5555825551076542,0,0,1,0,0,0,0,0,2,3,1,0,1,3,0,0.9535849004787512,1,1,high,1,247,0.005488888888888889,1,1,1,1,false_positive,top_1pct_review_queue,247
TXN_000172863,2026-03-12 18:06:48,2026-03-12,approved,1,stolen_card,SC_001566,medium,CUST_002349,MERCH_000996,DEV_003415,PM_010887,mass,DE,Munich,travel,PT,high,mobile,ios,safari,debit_card,ES,web,GB,PT,89.15,EUR,18,3,0,0,1,1,1,1,0,0,0,1760,0.758,0,3,891,1,0,0,1611,0.0404,1,0,0,0,0,31.646857142857147,249.31,2.817025387309956,0.3575869399542738,57.50314285714286,-160.16,0,0,1,0,0,0,0,24,156,24,44,74.21749999999999,328.7475,74.21749999999999,62.58727272727272,0.0327272727272727,0.0536363636363636,0.0327272727272727,0.0068749999999999,0.0207469696969696,0.0676867424242424,0.0207469696969696,0.0298885416666666,811760.0,811760.0,61253.0,52988.0,0,0,0,0,0,0,0,0,0,1,0,3,0,0,0,1,3,1,2,24,0,2,0,0,1,1,0,0,1,24,0,15,0,1.2011991780914208,0.271180769435509,1.2011991780914208,1.4244110042704008,0,0,0,0,0,0,0,0,3,2,0,1,2,0,0,0.9534637415786852,1,1,high,1,248,0.005511111111111111,1,1,1,1,true_positive,top_1pct_review_queue,248
TXN_000227393,2026-03-25 02:11:17,2026-03-25,approved,0,none,,none,CUST_009384,MERCH_000165,DEV_006676,PM_002991,sme,IT,Turin,electronics,DE,medium,mobile,ios,firefox,credit_card,DE,mobile,DE,DE,152.05,EUR,2,2,0,1,1,1,1,1,0,0,0,855,0.253,0,1,842,4,0,0,3762,0.0463,0,0,0,0,0,70.35247422680412,315.97,2.161260164209965,0.4812165711934677,81.69752577319589,-163.92000000000002,0,0,1,1,0,1,0,85,240,49,89,127.65094117647058,269.9315833333333,96.6165306122449,119.34449438202248,0.0137142857142857,0.0478461538461538,0.0208695652173913,0.0132110091743119,0.0372653968253968,0.0650494871794871,0.0567082125603864,0.0358978593272171,102743.0,76865.0,102743.0,63730.0,0,0,0,0,0,5,0,1,0,0,0,1,0,0,1,3,4,4,3,73,0,14,0,20,0,11,0,0,1,9,0,57,0,1.1911388870200263,0.5632908832762871,1.5737472566700674,1.2740428520589062,0,0,1,0,0,0,0,0,2,3,1,0,1,3,0,0.9534555446579656,1,1,high,1,249,0.005533333333333334,1,1,1,1,false_positive,top_1pct_review_queue,249
TXN_000237463,2026-03-18 22:01:11,2026-03-18,approved,1,account_takeover,ATO_001266,medium,CUST_003275,MERCH_001167,DEV_001951,PM_007681,digital_native,PT,Lisboa,travel,PT,medium,mobile,windows,chrome,credit_card,US,web,DE,PT,163.77,EUR,22,2,0,0,0,1,1,1,0,0,0,2864,0.529,1,9,30,4,0,1,2743,0.0508,0,0,1,0,1,43.80547619047619,40.0,3.7385736725675742,4.094250000000001,119.96452380952384,123.77,1,1,1,0,0,1,0,32,190,116,106,90.8865625,126.79947368421053,113.5373275862069,124.9643396226415,0.0084615384615384,0.0163809523809523,0.0547058823529411,0.0034920634920634,0.0560166666666666,0.0710136507936508,0.0655357843137254,0.0548640211640211,78929.0,78929.0,78929.0,10286.0,0,0,0,0,1,5,0,1,0,1,0,1,1,1,1,5,8,4,4,26,0,4,0,3,0,6,0,0,1,27,0,22,0,1.801916537441935,1.291566875173814,1.4424331053208237,1.3105338730596352,0,0,1,0,0,0,0,0,2,5,0,0,1,2,0,0.9534003921527184,1,1,high,1,250,0.005555555555555556,1,1,1,1,true_positive,top_1pct_review_queue,250
TXN_000297119,2026-03-16 17:54:54,2026-03-16,approved,1,stolen_card,SC_001629,medium,CUST_001624,MERCH_000723,DEV_003337,PM_005869,mass,IT,Rome,travel,DE,high,mobile,ios,chrome,credit_card,ES,web,GB,DE,113.35,EUR,17,0,0,0,1,1,1,1,0,1,0,1818,0.817,0,1,1338,1,0,0,1828,0.0627,1,0,0,0,0,33.1621875,240.85,3.418049548148776,0.4706248702511936,80.18781249999999,-127.5,1,0,1,0,0,0,1,27,157,123,83,49.57,272.73025477707006,87.02837398373984,156.13481927710842,0.0306382978723404,0.0250847457627118,0.024055944055944,0.0139805825242718,0.0194226950354609,0.0729540489642184,0.0413487179487179,0.0185715210355987,240008.0,240008.0,96861.0,75314.0,0,0,0,0,0,2,0,0,0,0,0,3,0,0,0,11,3,1,1,27,0,6,0,0,1,3,0,0,1,27,0,27,0,2.286665321767198,0.4156121222878348,1.3024487855096318,0.7259751573979547,0,0,0,1,0,0,0,0,3,4,0,0,2,0,0,0.9532394603176808,1,1,high,1,251,0.005577777777777778,1,1,1,1,true_positive,top_1pct_review_queue,251
TXN_000257736,2026-03-26 01:10:23,2026-03-26,approved,0,none,,none,CUST_008067,MERCH_001107,DEV_001697,PM_007478,mass,IT,Turin,marketplace,ES,medium,desktop,android,firefox,wallet,ES,mobile,US,ES,106.75,EUR,1,3,0,1,1,1,1,1,0,0,1,410,0.453,1,8,1323,2,1,0,1930,0.0204,0,1,0,1,0,27.70888888888889,66.21,3.852554334750181,1.612294215375321,79.0411111111111,40.540000000000006,1,0,0,0,0,1,1,33,335,66,72,60.88878787878787,90.13349253731344,55.419393939393935,70.13416666666666,0.0083018867924528,0.0294084507042253,0.0051162790697674,0.0156521739130434,0.0549597484276729,0.0476418779342723,0.0454984496124031,0.0642702898550724,941.0,941.0,941.0,6812.0,0,0,0,1,1,2,1,1,1,2,0,3,1,1,1,3,2,1,1,33,0,21,0,7,0,5,0,0,1,33,0,33,0,1.7531963390782004,1.1843544169311722,1.9262209925417209,1.52208267487316,0,0,1,1,0,0,0,0,1,6,1,2,1,0,0,0.9532301922313252,1,1,high,1,252,0.0056,1,1,1,1,false_positive,top_1pct_review_queue,252
TXN_000142059,2026-03-15 00:23:03,2026-03-15,approved,1,account_takeover,ATO_001240,medium,CUST_006693,MERCH_000349,DEV_007436,PM_010903,sme,ES,Sevilla,marketplace,IT,high,desktop,windows,safari,debit_card,IT,web,PT,IT,184.57,EUR,0,6,1,1,1,1,1,1,0,0,0,1255,0.85,0,3,427,3,0,0,1561,0.0519,1,0,0,0,0,91.67855263157894,46.94,2.0132298634961687,3.932040903280784,92.89144736842104,137.63,0,1,1,0,0,0,0,65,250,13,51,149.21046153846154,92.3666,100.70538461538462,104.1521568627451,0.0051764705882352,0.0349629629629629,0.0133333333333333,0.020281690140845,0.057798431372549,0.0663439506172839,0.0882686868686868,0.0128572769953051,11847.0,41523.0,1516.0,60024.0,0,0,0,0,2,3,0,1,1,2,0,2,2,2,1,1,6,3,4,5,0,10,0,16,0,12,0,0,1,13,0,5,0,1.2369776093241551,1.998233127559096,1.832771908919392,1.7721188457309818,0,0,0,0,0,0,0,0,2,4,0,1,2,3,0,0.9528877930915955,1,1,high,1,253,0.005622222222222222,1,1,1,1,true_positive,top_1pct_review_queue,253
TXN_000171445,2026-03-13 08:56:34,2026-03-13,approved,0,none,,none,CUST_001432,MERCH_000165,DEV_003675,PM_001516,affluent,ES,Barcelona,electronics,DE,medium,mobile,android,safari,credit_card,IT,mobile,GB,DE,1232.17,EUR,8,4,0,0,1,1,1,1,0,0,0,1692,0.734,0,1,2292,2,0,0,3762,0.0463,0,0,0,0,0,192.8603703703704,315.97,6.388922709386757,3.899642371111181,1039.3096296296296,916.2,1,1,0,0,0,0,0,21,216,46,42,261.01476190476194,263.920462962963,131.0895652173913,118.7547619047619,0.0107317073170731,0.0484745762711864,0.0066666666666666,0.0232258064516129,0.0222650406504065,0.0674274011299435,0.0289828282828282,0.0147236559139784,439673.0,466569.0,128851.0,1847.0,0,0,0,0,0,1,0,0,0,0,1,4,0,0,0,3,4,2,2,21,0,14,0,4,0,0,1,0,1,13,0,13,0,4.720690856747748,4.668717181558277,9.39945142053558,10.375752350782928,1,1,0,0,0,0,0,0,2,3,1,0,1,1,0,0.9527164593449572,1,1,high,1,254,0.005644444444444444,1,1,1,1,false_positive,top_1pct_review_queue,254
TXN_000047779,2026-03-18 04:46:50,2026-03-18,approved,1,account_takeover,ATO_001261,medium,CUST_000868,MERCH_000450,DEV_001367,PM_008835,digital_native,FR,Marseille,marketplace,FR,low,mobile,android,chrome,credit_card,DE,mobile,ES,FR,413.56,EUR,4,2,0,1,0,1,1,1,1,0,0,30,0.243,0,5,357,3,1,0,1517,0.0353,0,1,0,1,0,44.46681818181818,86.32,9.30041808498676,4.791010194624653,369.09318181818185,327.24,1,1,0,1,0,1,0,53,274,73,93,82.11924528301886,93.98098540145983,110.63397260273972,71.15301075268816,0.0197260273972602,0.0253061224489795,0.0154838709677419,0.0215929203539823,0.0536009132420091,0.0337172335600907,0.095837275985663,0.0611758112094395,6352.0,365901.0,6352.0,4775.0,0,0,0,0,1,2,0,0,0,1,0,1,1,1,0,5,4,3,3,46,0,44,0,7,0,22,0,0,1,37,0,39,0,5.036091096242924,4.400464607105258,3.73809229001471,5.812262835053339,1,1,1,0,0,0,0,0,1,6,1,0,0,2,0,0.9526206519340352,1,1,high,1,255,0.005666666666666667,1,1,1,1,true_positive,top_1pct_review_queue,255
TXN_000251593,2026-03-18 03:49:30,2026-03-18,approved,1,stolen_card,SC_001658,medium,CUST_009246,MERCH_000328,DEV_006105,PM_003508,affluent,ES,Barcelona,marketplace,FR,high,desktop,android,chrome,credit_card,FR,mobile,IT,FR,306.4,EUR,3,2,0,1,1,1,1,1,0,0,1,1529,0.31,0,1,1140,2,0,1,1677,0.034,1,0,1,0,1,123.0548387096774,102.52,2.4899467848061447,2.988685134607881,183.34516129032252,203.88,0,0,0,1,0,1,1,27,229,15,37,213.8807407407408,104.70724890829692,282.898,155.96783783783786,0.0519148936170212,0.0338955823293172,0.0697142857142857,0.0428070175438596,0.0619758865248227,0.0478428380187416,0.0546533333333333,0.068646783625731,188396.0,188396.0,188396.0,14448.0,0,0,0,0,0,4,0,0,0,0,0,1,0,0,0,1,3,2,4,27,0,22,0,6,0,4,0,0,1,15,0,16,0,1.4325740547691856,2.9262539432045096,1.0830758789386985,1.9645075821245197,0,0,1,1,0,0,0,0,1,6,1,0,2,1,0,0.9526045531347846,1,1,high,1,256,0.005688888888888889,1,1,1,1,true_positive,top_1pct_review_queue,256
TXN_000140105,2026-03-24 05:09:45,2026-03-24,declined,0,none,,none,CUST_005364,MERCH_000716,DEV_002583,PM_002477,sme,IT,Milan,electronics,IT,medium,mobile,linux,chrome,bank_transfer,DE,mobile,US,IT,371.31,EUR,5,1,0,1,0,1,1,1,0,0,0,1632,0.307,1,4,60,2,1,0,665,0.0354,0,1,0,1,0,160.54151515151514,20.0,2.312859696444043,18.5655,210.7684848484849,351.31,0,1,1,1,0,1,0,55,245,48,55,217.16181818181815,84.49322448979592,193.985,164.6989090909091,0.0591999999999999,0.0129811320754716,0.0505882352941176,0.0591999999999999,0.0388382222222222,0.0374070440251572,0.0281303921568627,0.0255048888888888,713958.0,368716.0,551115.0,21666.0,0,0,0,0,0,0,0,0,0,0,0,5,0,0,0,3,2,2,3,40,0,13,0,10,0,24,0,0,1,41,0,40,0,1.7098309597367694,4.394553554348519,1.9141170709075443,2.254477592168188,0,1,1,0,0,0,0,0,2,6,1,3,1,3,0,0.9525127972318036,1,1,high,1,257,0.005711111111111111,1,1,1,1,false_positive,top_1pct_review_queue,257
TXN_000248246,2026-03-15 03:36:23,2026-03-15,approved,1,account_takeover,ATO_001236,medium,CUST_003073,MERCH_000858,DEV_005767,PM_007019,digital_native,IT,Rome,electronics,ES,high,mobile,android,chrome,wallet,ES,mobile,GB,ES,128.11,EUR,3,6,1,1,1,1,1,1,0,1,1,125,0.203,0,4,941,2,1,0,1787,0.0464,1,1,0,1,0,45.27918918918919,57.34,2.829335116066685,2.2342169515172654,82.83081081081082,70.77000000000001,0,0,0,1,0,1,1,26,284,19,25,45.170384615384606,114.43169014084506,48.88842105263158,57.1628,0.0313043478260869,0.0475,0.0112820512820512,0.032,0.0633231884057971,0.0326081140350877,0.0490478632478632,0.0869525925925926,251513.0,251513.0,251513.0,23682.0,0,0,0,0,0,2,0,0,0,0,0,1,0,0,0,1,2,3,3,20,0,22,0,1,0,10,0,0,1,19,0,20,0,2.8361503027000343,1.1195325337091446,2.620456894324348,2.2411428411484398,0,0,1,1,0,0,0,0,1,6,1,2,2,2,0,0.9521299934462216,1,1,high,1,258,0.005733333333333333,1,1,1,1,true_positive,top_1pct_review_queue,258
TXN_000180769,2026-03-26 01:12:22,2026-03-26,approved,0,none,,none,CUST_003716,MERCH_000988,DEV_002670,PM_005592,digital_native,PT,Porto,electronics,DE,medium,mobile,ios,safari,credit_card,ES,web,DE,DE,157.69,EUR,1,3,0,1,1,1,1,1,0,0,0,2905,0.774,0,1,515,3,0,1,2335,0.0399,0,0,1,0,1,19.36887096774193,282.84,8.141414141414142,0.5575236883043417,138.32112903225806,-125.14999999999998,1,0,1,0,0,0,0,57,308,48,61,57.07017543859649,242.3373051948052,67.639375,73.13426229508198,0.0187012987012987,0.1873170731707317,0.0064705882352941,0.0301234567901234,0.0378294372294372,0.0637587398373983,0.0428362745098039,0.0359613168724279,9112.0,291515.0,9112.0,5027.0,0,0,0,0,1,2,0,0,0,1,0,2,1,1,0,2,3,4,1,57,0,14,0,8,0,7,0,0,1,44,0,57,0,2.763089455886873,0.6507046031284344,2.331334374393613,2.1561713354508547,0,0,0,0,0,0,0,0,2,4,0,0,1,2,0,0.9521255788266092,1,1,high,1,259,0.005755555555555555,1,1,1,1,false_positive,top_1pct_review_queue,259
TXN_000094243,2026-03-25 22:44:38,2026-03-25,approved,0,none,,none,CUST_004574,MERCH_000216,DEV_004714,PM_006243,mass,ES,Madrid,travel,ES,high,mobile,android,firefox,credit_card,FR,mobile,PT,ES,491.04,EUR,22,2,0,0,0,1,1,1,0,0,0,1302,0.116,0,3,1795,1,0,0,3002,0.0281,1,0,0,0,0,54.4125,207.79,9.024396967608546,2.363155108523028,436.6275,283.25,1,0,0,1,1,1,0,18,236,18,39,90.18444444444444,237.96377118644065,90.18444444444444,60.373333333333335,0.0642105263157894,0.0251562499999999,0.0642105263157894,0.0244067796610169,0.050338596491228,0.0621596354166666,0.050338596491228,0.0154723163841807,86188.0,86188.0,256939.0,6266.0,0,0,0,0,1,1,0,1,0,0,0,1,1,1,1,1,2,1,2,18,0,17,0,0,1,11,0,0,1,18,0,11,0,5.44484143606929,2.063507388338027,5.44484143606929,8.13339222614841,1,0,1,0,0,0,0,0,2,4,1,0,2,0,0,0.951714886435562,1,1,high,1,260,0.0057777777777777775,1,1,1,1,false_positive,top_1pct_review_queue,260
TXN_000005449,2026-03-24 17:23:46,2026-03-24,approved,0,none,,none,CUST_008430,MERCH_000402,DEV_003829,PM_000322,affluent,DE,Munich,travel,FR,high,desktop,android,firefox,wallet,ES,web,FR,FR,1536.73,EUR,17,1,0,0,1,1,1,1,0,0,0,782,0.447,1,11,3213,2,0,0,2341,0.0263,1,0,0,0,0,183.80473684210529,271.15,8.36066592407847,5.6674534390558735,1352.9252631578947,1265.58,1,1,0,0,0,1,0,44,186,10,33,193.1327272727273,269.76682795698923,209.886,213.56333333333333,0.0068749999999999,0.0506796116504854,0.0146666666666666,0.0083018867924528,0.0455135416666666,0.0723925566343042,0.0637622222222222,0.036091823899371,308069.0,747751.0,308069.0,62048.0,0,0,0,0,0,2,0,0,0,0,0,1,0,0,0,1,1,2,2,33,0,32,0,3,0,10,0,0,1,10,0,33,0,7.956859625504834,5.696512101350769,7.321736561752569,7.195664049696421,1,1,1,0,0,0,0,0,1,5,0,2,2,1,0,0.9517040685386484,1,1,high,1,261,0.0058,1,1,1,1,false_positive,top_1pct_review_queue,261
TXN_000266796,2026-03-13 04:09:15,2026-03-13,approved,1,stolen_card,SC_001577,medium,CUST_006312,MERCH_001048,DEV_000856,PM_003451,digital_native,ES,Sevilla,electronics,IT,medium,mobile,android,safari,credit_card,FR,web,IT,IT,106.4,EUR,4,4,0,1,1,1,1,1,0,0,0,2433,0.986,0,1,30,1,0,0,3102,0.004,0,0,0,0,0,35.06362318840579,357.57,3.0344838988340044,0.2975641133204687,71.33637681159422,-251.17,1,0,1,0,0,0,0,61,217,72,7,80.61852459016394,316.2494470046083,77.1276388888889,120.92142857142858,0.0177777777777777,0.0271729957805907,0.0156521739130434,0.0533333333333333,0.072998353909465,0.0502652601969057,0.0642702898550724,0.1078839506172839,182421.0,182421.0,948166.0,35373.0,0,0,0,0,0,3,0,0,0,0,0,2,0,0,0,2,2,1,4,52,0,19,0,10,0,5,0,0,1,61,0,4,0,1.3197959221022706,0.3364432760524307,1.3795314044720242,0.8799102132435466,0,0,0,0,0,0,0,0,2,3,0,0,1,2,0,0.9515894069460628,1,1,high,1,262,0.0058222222222222226,1,1,1,1,true_positive,top_1pct_review_queue,262
TXN_000045148,2026-03-23 03:30:28,2026-03-23,approved,0,none,,none,CUST_006580,MERCH_000979,DEV_001690,PM_011303,sme,FR,Lyon,marketplace,PT,high,mobile,windows,edge,debit_card,ES,web,PT,PT,286.06,EUR,3,0,0,1,1,1,1,1,0,0,0,1759,0.631,0,2,60,3,0,0,1882,0.0331,1,0,0,0,0,71.51362831858407,147.21,4.000076722798056,1.9432103797296376,214.54637168141596,138.85,1,0,1,0,0,0,0,123,241,126,116,139.4950406504065,136.35265560165976,124.22126984126984,128.50991379310344,0.017062937062937,0.0246743295019157,0.0030136986301369,0.0179411764705882,0.0203696969696969,0.0533060025542784,0.0541977168949771,0.0214181372549019,23433.0,17518.0,94492.0,16139.0,0,0,0,0,1,10,0,1,0,0,0,1,1,1,1,4,2,3,3,111,0,38,0,32,0,10,0,0,1,14,0,88,0,2.0506822225809818,2.097942271367965,2.3028262419594325,2.225976125550491,0,0,0,0,0,0,0,0,2,4,0,1,2,3,0,0.9515855528897053,1,1,high,1,263,0.005844444444444445,1,1,1,1,false_positive,top_1pct_review_queue,263
TXN_000252095,2026-03-10 01:07:51,2026-03-10,approved,1,account_takeover,ATO_001192,medium,CUST_003646,MERCH_001108,DEV_007392,PM_000761,digital_native,ES,Bilbao,travel,FR,medium,mobile,android,firefox,wallet,ES,mobile,US,FR,564.36,EUR,1,1,0,1,1,0,1,1,0,0,1,494,0.269,0,4,539,6,0,0,3117,0.0549,0,0,0,0,0,44.15975609756097,255.03,12.779961890033416,2.21291612751441,520.2002439024391,309.33000000000004,1,0,0,1,0,1,1,22,168,20,14,75.7840909090909,270.39755952380955,100.254,78.6792857142857,0.058095238095238,0.0182978723404255,0.061,0.0717647058823529,0.0217349206349206,0.0314514184397163,0.0228216666666666,0.0268490196078431,88517.0,14243.0,161834.0,69965.0,0,0,0,0,0,2,0,1,0,0,0,1,0,0,1,2,1,5,3,14,0,18,0,1,0,4,0,0,1,16,0,14,0,7.446945569050833,2.087149014931497,5.629301574002035,7.172917177329304,1,0,1,1,0,0,0,0,1,5,1,2,1,2,0,0.9515811240962652,1,1,high,1,264,0.005866666666666667,1,1,1,1,true_positive,top_1pct_review_queue,264
TXN_000211642,2026-03-10 05:35:34,2026-03-10,approved,0,none,,none,CUST_001335,MERCH_000948,DEV_006893,PM_006947,sme,DE,Hamburg,travel,ES,medium,desktop,ios,chrome,credit_card,GB,web,IT,ES,463.78,EUR,5,1,0,1,1,1,1,1,0,0,1,2809,0.761,0,1,1171,4,1,0,2392,0.0479,0,1,0,1,0,95.86646153846154,194.48,4.837771130354403,2.384718222953517,367.9135384615385,269.29999999999995,1,0,0,0,0,0,1,47,207,104,117,154.5395744680851,207.2231400966184,89.9451923076923,154.27777777777777,0.0214925373134328,0.0283700440528634,0.0196774193548387,0.0251094890510948,0.0733263681592039,0.0304531571218795,0.0476844086021505,0.0796559610705596,21318.0,13268.0,21318.0,999.0,0,0,0,0,1,4,0,2,0,1,1,2,1,1,2,4,4,4,4,43,0,34,0,4,0,15,0,0,1,32,0,35,0,3.001043594149264,2.2380705155986016,5.156251135841272,3.0061361181130715,1,0,0,1,0,0,0,0,1,5,0,0,1,3,0,0.9514665792864712,1,1,high,1,265,0.005888888888888889,1,1,1,1,false_positive,top_1pct_review_queue,265
TXN_000046577,2026-03-13 02:07:47,2026-03-13,approved,0,none,,none,CUST_006926,MERCH_000977,DEV_006081,PM_004442,mass,ES,Bilbao,electronics,IT,medium,mobile,windows,safari,credit_card,ES,web,FR,IT,74.27,EUR,2,4,0,1,1,0,1,1,0,0,1,1409,0.881,0,3,1358,2,1,0,863,0.0184,0,1,0,1,0,27.052916666666665,289.32,2.745360173733577,0.2567053781280243,47.217083333333335,-215.05,0,0,0,0,0,0,1,21,248,62,73,66.62952380952382,231.2509677419355,78.2724193548387,84.23657534246574,0.0107317073170731,0.0128358208955223,0.0297560975609756,0.0154838709677419,0.0466552845528455,0.0519136815920397,0.0477178861788617,0.020568458781362,36814.0,36814.0,84762.0,2542.0,0,0,0,0,1,2,0,2,0,1,1,3,1,1,2,4,3,2,2,13,0,16,0,2,0,1,0,0,1,16,0,13,0,1.1146710310029873,0.321166223541523,0.9488655213697406,0.8816835169052587,0,0,0,1,0,0,0,0,1,4,0,0,1,0,0,0.9514364087840352,1,1,high,1,266,0.005911111111111111,1,1,1,1,false_positive,top_1pct_review_queue,266
TXN_000002873,2026-03-13 23:21:12,2026-03-13,approved,1,stolen_card,SC_001585,medium,CUST_002837,MERCH_000494,DEV_000181,PM_007233,affluent,FR,Lyon,digital_services,ES,low,mobile,ios,edge,credit_card,GB,web,DE,ES,385.37,EUR,23,4,0,0,1,1,1,1,0,0,0,2151,0.888,0,2,1189,3,1,0,1618,0.0565,0,1,0,1,0,204.645,85.17,1.8831146619756165,4.5247152753316895,180.725,300.2,0,1,1,0,0,0,0,8,283,9,4,271.05,74.56766784452297,233.8511111111111,205.67,0.0157142857142857,0.0278547854785478,0.0151724137931034,0.0183333333333333,0.0326023809523809,0.0525177117711771,0.0314781609195402,0.0380361111111111,608627.0,608627.0,608627.0,10802.0,0,0,0,0,0,0,0,0,0,0,0,2,0,0,0,3,1,2,3,4,0,2,0,1,0,2,0,0,1,7,0,4,0,1.4217672016233167,5.168057566229834,1.6479288816245856,1.8737297612680508,0,1,0,0,0,0,0,0,2,3,0,0,0,1,0,0.9514288027715192,1,1,high,1,267,0.005933333333333333,1,1,1,1,true_positive,top_1pct_review_queue,267
TXN_000126203,2026-03-16 20:16:48,2026-03-16,approved,0,none,,none,CUST_009442,MERCH_000500,DEV_002421,PM_007927,sme,FR,Lyon,marketplace,IT,medium,desktop,ios,firefox,credit_card,ES,web,IT,IT,204.45,EUR,20,0,0,0,1,1,1,1,0,0,0,2461,0.328,1,6,1979,4,0,0,60,0.0399,0,0,0,0,0,115.72706666666669,218.07,1.7666567198915146,0.937542990782776,88.72293333333332,-13.620000000000005,0,0,0,1,0,1,0,70,303,89,135,187.3955714285714,186.7922442244225,170.3434831460674,149.09644444444444,0.0382222222222222,0.1995046439628482,0.0774311926605504,0.0157419354838709,0.0323651851851851,0.0709376676986584,0.0634207951070336,0.0316959139784946,2131.0,408244.0,2131.0,1032.0,0,0,0,1,2,3,0,0,1,5,1,6,2,2,0,4,2,4,2,47,0,51,0,13,0,11,0,0,1,11,0,47,0,1.091007639302347,1.0945315253794077,1.200222023314427,1.3712600643282349,0,0,1,0,0,0,0,0,1,3,0,0,1,3,0,0.9513305133769548,1,1,high,1,268,0.005955555555555556,1,1,1,1,false_positive,top_1pct_review_queue,268
TXN_000280451,2026-03-20 19:15:59,2026-03-20,approved,1,stolen_card,SC_001698,medium,CUST_009883,MERCH_000182,DEV_004862,PM_006937,affluent,ES,Barcelona,marketplace,IT,medium,desktop,macos,chrome,credit_card,ES,mobile,GB,IT,625.64,EUR,19,4,0,0,1,0,1,1,0,0,0,1746,0.845,0,1,2016,3,1,0,249,0.0461,0,1,0,1,0,441.8022222222222,157.11,1.4161087666175414,3.982178091782827,183.83777777777777,468.53,0,1,1,0,0,0,0,8,249,17,24,438.71875000000006,131.7614859437751,82.77529411764708,245.02666666666667,0.0157142857142857,0.0239405204460966,0.0118918918918918,0.0099999999999999,0.0326023809523809,0.0256983890954151,0.024672072072072,0.0207469696969696,240574.0,511473.0,53681.0,69355.0,0,0,0,0,0,1,0,0,0,1,0,4,0,0,0,2,5,1,2,8,0,1,0,1,0,1,0,0,1,0,1,6,0,1.426061685305221,4.748276748085335,7.558293892750037,2.553354736899385,0,1,0,0,0,0,0,0,3,3,1,0,1,1,0,0.9511280085637164,1,1,high,1,269,0.005977777777777778,1,1,1,1,true_positive,top_1pct_review_queue,269
TXN_000247402,2026-03-10 01:17:43,2026-03-10,approved,0,none,,none,CUST_004820,MERCH_000365,DEV_007022,PM_009524,affluent,PT,Porto,travel,FR,medium,mobile,android,firefox,credit_card,PT,mobile,IT,FR,826.14,EUR,1,1,0,1,1,0,1,1,0,1,1,1580,0.179,0,4,2194,2,0,0,3456,0.0622,0,0,0,0,0,141.7590909090909,400.28,5.827774393176644,2.0639052663135806,684.3809090909091,425.86,1,0,1,1,1,1,1,17,163,18,45,202.5658823529412,373.9366871165644,161.13333333333333,136.90577777777776,0.0118918918918918,0.0187978142076502,0.011578947368421,0.0375384615384615,0.0516990990990991,0.0541686703096539,0.050338596491228,0.0755825641025641,1119272.0,249349.0,190268.0,76106.0,0,0,0,0,0,0,0,0,0,0,0,1,0,0,0,2,3,2,4,13,0,4,0,2,0,1,0,0,1,11,0,1,0,4.078376824388289,2.209304485126579,5.1270583367811335,6.034369136275395,1,0,1,1,0,0,0,0,2,5,1,0,1,1,0,0.9511016914194306,1,1,high,1,270,0.006,1,1,1,1,false_positive,top_1pct_review_queue,270
TXN_000219355,2026-03-22 05:06:05,2026-03-22,declined,1,account_takeover,ATO_001310,medium,CUST_009301,MERCH_000198,DEV_006772,PM_000429,digital_native,ES,Barcelona,marketplace,ES,medium,mobile,android,chrome,credit_card,US,web,GB,ES,231.81,EUR,5,6,1,1,0,1,1,1,1,0,0,2223,0.311,0,4,2070,3,0,1,1745,0.0558,0,0,1,0,1,58.4935,52.73,3.963004436390369,4.396169163663949,173.31650000000002,179.08,1,1,1,1,0,1,0,42,333,105,36,88.57404761904762,72.15051051051051,148.38238095238094,105.42333333333332,0.0070967741935483,0.0154107648725212,0.01952,0.0078571428571428,0.0147236559139784,0.0224160528800755,0.0313029333333333,0.0163011904761904,30748.0,30748.0,30748.0,10763.0,0,0,0,0,1,2,0,1,0,1,0,2,1,1,1,5,2,3,2,30,0,11,0,10,0,28,0,0,1,29,0,30,0,2.6171322890989783,3.2128670796616348,1.5622474751526785,2.1988490846428683,0,1,1,0,0,0,0,0,2,6,0,0,1,2,0,0.950899688137852,1,1,high,1,271,0.006022222222222222,1,1,1,1,true_positive,top_1pct_review_queue,271
TXN_000114805,2026-03-18 01:09:49,2026-03-18,approved,1,stolen_card,SC_001654,medium,CUST_006426,MERCH_000485,DEV_007224,PM_004131,mass,ES,Valencia,marketplace,FR,low,tablet,windows,chrome,debit_card,GB,web,FR,FR,162.58,EUR,1,2,0,1,1,1,1,1,0,0,0,3331,0.99,0,1,1174,2,0,0,2156,0.0614,0,0,0,0,0,41.733870967741936,83.43,3.8956367149758457,1.9486995085700587,120.84612903225808,79.15,1,0,1,0,0,0,0,26,248,91,29,52.77538461538462,105.70625,76.86626373626373,51.83172413793104,0.0095652173913043,0.0314925373134328,0.0219819819819819,0.0293877551020408,0.0198449275362318,0.0407196517412935,0.008224024024024,0.0186299319727891,254345.0,153648.0,162837.0,7105.0,0,0,0,0,0,1,0,0,0,0,0,2,0,0,0,5,2,2,3,23,0,8,0,3,0,1,0,0,1,19,0,22,0,3.080602845149254,1.5380358304262995,2.115102154019469,3.1366890201713766,1,0,0,0,0,0,0,0,2,3,0,1,0,0,0,0.9508684632908996,1,1,high,1,272,0.006044444444444444,1,1,1,1,true_positive,top_1pct_review_queue,272
TXN_000210907,2026-03-12 00:41:07,2026-03-12,approved,0,none,,none,CUST_005994,MERCH_000986,DEV_000050,PM_000446,sme,ES,Barcelona,electronics,FR,low,tablet,ios,firefox,credit_card,ES,web,GB,FR,592.27,EUR,0,3,0,1,1,0,1,1,0,0,0,177,0.417,0,3,2594,3,0,1,1993,0.0331,0,0,1,0,1,121.34621621621622,209.66,4.880827919221526,2.8249069922732044,470.9237837837837,382.61,1,0,0,0,0,0,0,28,230,72,28,154.05249999999998,200.35034782608696,80.82,61.04464285714285,0.03,0.01376,0.0047826086956521,0.03,0.0190180555555555,0.0316514666666666,0.0316615942028985,0.0398513888888888,104873.0,6215.0,128962.0,80744.0,0,0,0,0,0,1,0,2,0,0,0,2,0,0,2,3,2,3,4,2,0,19,0,8,0,6,0,0,1,16,0,2,0,3.844598432352608,2.956171558604514,7.328260331601089,9.70224367412608,1,0,0,0,0,0,0,0,1,4,0,0,0,3,0,0.9508541880627586,1,1,high,1,273,0.006066666666666666,1,1,1,1,false_positive,top_1pct_review_queue,273
TXN_000089497,2026-03-11 04:04:30,2026-03-11,approved,0,none,,none,CUST_000992,MERCH_000709,DEV_006090,PM_007504,digital_native,DE,Berlin,travel,PT,high,desktop,linux,chrome,credit_card,FR,mobile,IT,PT,244.47,EUR,4,2,0,1,1,1,1,1,0,0,0,428,0.595,1,10,1343,1,1,0,2541,0.0414,1,1,0,1,0,38.49352941176471,200.78,6.350937514326319,1.2176013547166051,205.9764705882353,43.69,1,0,0,0,0,1,0,15,167,37,41,51.64866666666667,215.1340119760479,163.0854054054054,153.43243902439022,0.0125714285714285,0.0504812834224598,0.007719298245614,0.0563934426229508,0.0546533333333333,0.0904431372549019,0.0335590643274853,0.047751912568306,14644.0,9885.0,439686.0,14827.0,0,0,0,0,1,3,0,4,0,0,0,2,1,1,2,3,4,2,3,13,0,10,0,0,1,2,0,0,1,10,0,8,0,4.733326449214565,1.1363614602567735,1.4990305195752185,1.593339723688666,1,0,1,0,0,0,0,0,2,6,1,0,2,2,0,0.9507949678205564,1,1,high,1,274,0.0060888888888888885,1,1,1,1,false_positive,top_1pct_review_queue,274
TXN_000067235,2026-03-14 00:09:36,2026-03-14,approved,1,account_takeover,ATO_001232,medium,CUST_000353,MERCH_000164,DEV_006102,PM_008445,affluent,ES,Valencia,electronics,FR,medium,mobile,macos,edge,credit_card,DE,web,IT,FR,612.71,EUR,0,5,1,1,1,1,1,1,0,0,1,3317,0.914,0,1,383,2,0,0,2715,0.023,0,0,0,0,0,282.30611111111114,246.86,2.17037455402036,2.4820140970590616,330.4038888888889,365.85,0,0,1,0,0,0,1,16,212,66,11,287.260625,214.5379245283019,83.22515151515151,281.8109090909091,0.0122222222222222,0.0277586206896551,0.0632558139534883,0.0141935483870967,0.0531351851851851,0.0341071839080459,0.103637984496124,0.0294473118279569,77318.0,77318.0,77318.0,99759.0,0,0,0,0,1,1,0,1,0,1,0,0,1,1,1,5,1,2,2,16,0,2,0,2,0,2,0,0,1,7,0,11,0,2.132941122717393,2.855951931795496,7.362077314914272,2.1741883661513848,0,0,0,1,0,0,0,0,2,3,0,0,1,1,0,0.9503695152383624,1,1,high,1,275,0.006111111111111111,1,1,1,1,true_positive,top_1pct_review_queue,275
TXN_000262106,2026-03-20 06:29:14,2026-03-20,declined,1,stolen_card,SC_001694,medium,CUST_009713,MERCH_000528,DEV_000192,PM_003158,digital_native,ES,Barcelona,marketplace,IT,medium,mobile,macos,chrome,credit_card,GB,web,IT,IT,185.15,EUR,6,4,0,0,1,1,1,1,0,0,0,730,0.935,0,1,902,2,1,0,1873,0.0254,0,1,0,1,0,58.55515151515152,87.45,3.1619762772211644,2.1172098341909664,126.59484848484848,97.7,1,0,1,0,0,0,0,69,219,80,62,92.21565217391304,100.48497716894975,110.97025,106.9617741935484,0.0161797752808988,0.0269456066945606,0.0144,0.017560975609756,0.021492883895131,0.049844630404463,0.0291286666666666,0.0233276422764227,276557.0,212883.0,276557.0,78817.0,0,0,0,0,0,5,0,0,0,0,0,2,0,0,0,4,2,3,2,50,0,12,0,13,0,7,0,1,0,47,0,50,0,2.0077936406155703,1.8425639853477724,1.6684651967531838,1.7309922296629938,0,0,0,0,0,0,0,0,1,3,0,0,1,2,0,0.9501636587990702,1,1,high,1,276,0.0061333333333333335,1,1,1,1,true_positive,top_1pct_review_queue,276
TXN_000175558,2026-03-24 23:43:31,2026-03-24,approved,0,none,,none,CUST_001085,MERCH_000396,DEV_004454,PM_008369,sme,FR,Lyon,electronics,ES,high,desktop,android,chrome,credit_card,PT,web,GB,ES,290.72,EUR,23,1,0,0,1,1,1,1,0,0,0,3234,0.97,0,1,1001,3,1,0,2211,0.0307,1,1,0,1,0,84.04888888888888,311.1,3.458939241711174,0.9344905175184828,206.67111111111117,-20.379999999999995,1,0,1,0,0,0,0,64,369,90,50,197.20140625,251.76281842818423,202.9532222222222,190.942,0.0052380952380952,0.1579434447300771,0.013090909090909,0.0062857142857142,0.0108674603174603,0.0537605826906598,0.0537533333333333,0.0130409523809523,152335.0,169379.0,152335.0,1220.0,0,0,0,0,0,4,0,0,0,0,1,2,0,0,0,3,2,3,2,48,0,12,0,19,0,14,0,0,1,9,0,48,0,1.474228838061341,1.1547376289121436,1.432448309106806,1.5225565878643776,0,0,0,0,0,0,0,0,2,4,0,0,2,3,0,0.9501270948435304,1,1,high,1,277,0.006155555555555556,1,1,1,1,false_positive,top_1pct_review_queue,277
TXN_000125196,2026-03-22 22:05:03,2026-03-22,approved,0,none,,none,CUST_007527,MERCH_000289,DEV_003363,PM_009340,digital_native,DE,Hamburg,digital_services,DE,high,mobile,android,chrome,wallet,GB,mobile,IT,DE,111.71,EUR,22,6,1,0,0,1,1,1,0,1,1,1116,0.333,1,10,674,2,0,1,660,0.0799,1,0,1,0,1,61.98323529411764,66.25,1.802261522328144,1.686188679245283,49.72676470588235,45.46,0,0,0,1,0,1,1,34,269,30,55,84.63647058823528,104.61996282527882,90.441,74.56745454545455,0.0081481481481481,0.24719723183391,0.0087999999999999,0.0058666666666666,0.0539419753086419,0.1000445213379469,0.0782573333333333,0.0388382222222222,47221.0,47221.0,48639.0,78011.0,0,0,0,0,1,2,0,1,0,1,0,3,1,1,1,2,4,3,3,23,0,23,0,4,0,10,0,0,1,25,0,23,0,1.31988017959161,1.067769448423165,1.2351698897623864,1.498106656328254,0,0,1,1,0,0,0,0,1,6,1,2,2,2,0,0.949966564789122,1,1,high,1,278,0.006177777777777778,1,1,1,1,false_positive,top_1pct_review_queue,278
TXN_000063578,2026-03-21 02:00:57,2026-03-21,approved,1,account_takeover,ATO_001294,medium,CUST_004511,MERCH_000955,DEV_006773,PM_003163,affluent,FR,Lyon,travel,ES,high,mobile,android,chrome,credit_card,PT,mobile,IT,ES,249.21,EUR,2,5,1,1,1,1,1,1,0,0,0,658,0.148,1,8,207,3,0,0,1907,0.0698,1,0,0,0,0,55.865483870967736,178.29,4.460893967652715,1.397778899545684,193.3445161290323,70.92000000000002,1,0,1,1,1,1,0,24,242,37,15,188.40375,232.55727272727276,44.96324324324324,157.72133333333335,0.0327272727272727,0.0207633587786259,0.007719298245614,0.0411428571428571,0.0434742424242424,0.0760033078880407,0.0335590643274853,0.0260819047619047,541290.0,100309.0,541290.0,809.0,0,0,0,0,0,1,0,0,0,0,1,4,0,0,0,2,1,3,3,23,0,4,0,2,0,5,0,0,1,3,0,15,0,1.3227443721263512,1.0716069941715238,5.542527229448679,1.580065262784151,0,0,1,0,0,0,0,0,2,6,1,0,2,1,0,0.9496517836665408,1,1,high,1,279,0.0062,1,1,1,1,true_positive,top_1pct_review_queue,279
TXN_000088259,2026-03-08 06:30:02,2026-03-08,approved,0,none,,none,CUST_008978,MERCH_000280,DEV_004169,PM_002118,sme,PT,Porto,electronics,ES,low,mobile,android,safari,credit_card,IT,web,FR,ES,494.48,EUR,6,6,1,0,1,1,1,1,0,0,0,2041,0.232,1,3,1746,3,0,0,4183,0.0421,0,0,0,0,0,71.05904761904762,191.86,6.958719776979574,2.5772959449598667,423.4209523809524,302.62,1,0,1,1,0,1,0,69,288,82,63,150.60536231884058,200.3409722222222,125.80121951219512,151.71031746031747,0.0049438202247191,0.0338961038961038,0.0141176470588235,0.0053012048192771,0.0327288389513108,0.045171645021645,0.0481653594771241,0.0350947791164658,33771.0,33771.0,33771.0,9062.0,0,0,0,0,1,4,0,1,0,1,0,5,1,1,1,3,2,3,3,69,0,15,0,10,0,17,0,0,1,41,0,49,0,3.2832828286230358,2.4681920753160416,3.930645520905028,3.259369621511339,1,0,1,0,0,0,0,0,2,4,0,0,0,3,0,0.9496282752317656,1,1,high,1,280,0.006222222222222222,1,1,1,1,false_positive,top_1pct_review_queue,280
TXN_000204045,2026-03-22 02:10:46,2026-03-22,approved,1,stolen_card,SC_001725,medium,CUST_004651,MERCH_000570,DEV_004577,PM_010435,digital_native,IT,Turin,electronics,IT,high,mobile,ios,chrome,credit_card,DE,web,US,IT,950.0,EUR,2,6,1,1,0,1,1,1,0,0,0,1553,0.679,0,3,459,4,0,0,3378,0.0307,1,0,0,0,0,49.98425,448.43,19.00598688586905,2.1185023303525634,900.01575,501.57,1,0,1,0,0,0,0,27,215,106,66,68.03,339.9789302325581,68.10622641509434,165.3631818181818,0.0093617021276595,0.0316595744680851,0.0273015873015873,0.0167441860465116,0.0406992907801418,0.0677143262411347,0.0389910052910052,0.0454984496124031,321771.0,76392.0,321771.0,8063.0,0,0,0,0,0,1,0,1,0,0,0,1,0,0,1,4,4,5,2,19,0,5,0,4,0,10,0,0,1,2,0,19,0,13.964427458474203,2.794290808992678,13.948798076257123,5.7449305797981856,1,0,0,0,0,0,0,0,2,4,0,0,2,2,0,0.9495924526104051,1,1,high,1,281,0.006244444444444445,1,1,1,1,true_positive,top_1pct_review_queue,281
TXN_000265944,2026-03-17 11:52:49,2026-03-17,approved,1,stolen_card,SC_001639,medium,CUST_006342,MERCH_000994,DEV_003529,PM_003857,sme,DE,Berlin,travel,DE,high,mobile,android,firefox,credit_card,DE,mobile,GB,DE,823.26,EUR,11,1,0,0,0,0,1,1,0,0,0,1978,0.909,0,3,1296,4,1,1,3578,0.0485,1,1,1,1,1,157.53410256410257,181.79,5.225916081662415,4.528631937950382,665.7258974358974,641.47,1,1,1,0,0,0,0,31,134,48,20,186.20258064516128,225.7721641791045,152.34708333333333,145.1175,0.0086274509803921,0.0612987012987013,0.0211764705882352,0.036,0.0178993464052287,0.0838497835497835,0.0134245098039215,0.0478216666666666,21283.0,392120.0,476792.0,132946.0,0,0,0,0,1,4,0,0,0,0,0,0,1,1,0,2,3,4,3,7,0,0,1,2,0,13,0,0,1,21,0,7,0,4.421313588391416,3.646419402468543,5.4038448389505325,5.673058039175151,1,1,0,0,0,0,0,0,3,6,1,0,2,3,0,0.9490727339370012,1,1,high,1,282,0.006266666666666667,1,1,1,1,true_positive,top_1pct_review_queue,282
TXN_000188143,2026-03-18 03:40:49,2026-03-18,approved,1,merchant_collusion,MC_000984,medium,CUST_007905,MERCH_000819,DEV_001868,PM_009505,sme,FR,Paris,marketplace,ES,medium,mobile,android,edge,credit_card,US,web,IT,ES,423.68,EUR,3,2,0,1,1,1,1,1,1,0,0,1550,0.702,0,2,2550,4,0,0,868,0.0197,0,0,0,0,0,81.92621621621622,201.14,5.171482579908751,2.1063935567266583,341.7537837837838,222.54,1,0,1,0,0,0,0,61,311,48,50,142.29639344262296,164.55971061093248,115.871875,129.97019999999998,0.005432098765432,0.1644712990936555,0.0064705882352941,0.0062857142857142,0.0606526748971193,0.0390116817724068,0.0575421568627451,0.0701838095238095,195246.0,195246.0,80011.0,9801.0,0,0,0,0,0,2,0,0,0,1,0,2,0,0,0,3,4,4,4,44,0,8,0,16,0,21,0,0,1,39,0,38,0,2.977447212468088,2.574627765369034,3.656452439386176,3.2598241750801344,0,0,0,0,0,0,0,0,2,3,0,0,1,3,0,0.9488500618840146,1,1,high,1,283,0.006288888888888889,1,1,1,1,true_positive,top_1pct_review_queue,283
TXN_000262379,2026-03-26 01:22:14,2026-03-26,approved,0,none,,none,CUST_000359,MERCH_000396,DEV_001101,PM_010544,mass,PT,Lisboa,electronics,ES,high,desktop,android,firefox,credit_card,US,web,PT,ES,599.6,EUR,1,3,0,1,1,1,0,1,0,0,1,51,0.795,0,2,1724,1,0,0,2211,0.0307,1,0,0,0,0,100.4876923076923,311.1,5.966899888237366,1.927354548376728,499.1123076923077,288.5,1,0,0,0,0,0,1,11,372,24,10,66.11454545454546,251.66543010752687,91.35291666666669,199.903,0.0141935483870967,0.156734693877551,0.0099999999999999,0.0146666666666666,0.0294473118279569,0.0533491496598639,0.0662015151515151,0.0637622222222222,868743.0,868743.0,868743.0,605.0,0,0,0,0,0,0,0,0,0,0,1,2,0,0,0,3,2,1,3,11,0,10,0,0,1,4,0,0,1,11,0,7,0,9.069108709402414,2.382528262796421,6.563556171806227,2.99945473554674,1,0,0,1,0,0,0,0,2,5,0,0,2,0,0,0.948690431128286,1,1,high,1,284,0.006311111111111111,1,1,1,1,false_positive,top_1pct_review_queue,284
TXN_000182004,2026-03-21 07:51:05,2026-03-21,approved,1,stolen_card,SC_001713,medium,CUST_003529,MERCH_001041,DEV_001113,PM_006109,digital_native,IT,Rome,electronics,DE,low,mobile,windows,safari,credit_card,PT,mobile,ES,DE,950.0,EUR,7,5,1,0,1,1,1,1,0,0,0,323,0.181,0,3,1383,3,1,0,825,0.004,0,1,0,1,0,38.68176470588235,294.54,24.559375902918237,3.2253683710192163,911.3182352941176,655.46,1,1,0,1,1,1,0,46,258,53,71,108.50391304347826,255.356007751938,97.10830188679245,98.0111267605634,0.1127272727272727,0.0159712230215827,0.0608219178082191,0.0597802197802197,0.0441343434343434,0.0536434052757793,0.0399022831050228,0.0539875457875457,35056.0,35056.0,35056.0,9306.0,0,0,0,0,1,2,0,1,0,1,0,1,1,1,1,2,4,3,2,37,0,33,0,8,0,5,0,0,1,27,0,37,0,8.755444604281953,3.720296257618752,9.782891694548397,9.692777048883498,1,1,1,0,0,0,0,0,1,5,1,0,0,2,0,0.9483833009551674,1,1,high,1,285,0.006333333333333333,1,1,1,1,true_positive,top_1pct_review_queue,285
TXN_000102596,2026-03-18 00:48:09,2026-03-18,approved,0,none,,none,CUST_007399,MERCH_000533,DEV_007063,PM_011903,sme,IT,Turin,marketplace,DE,high,mobile,ios,chrome,credit_card,IT,web,FR,DE,192.93,EUR,0,2,0,1,1,0,1,1,0,0,0,2942,0.208,1,4,2664,1,0,0,949,0.0135,1,0,0,0,0,98.26257142857143,140.21,1.96341289664136,1.3760074174452606,94.66742857142856,52.72,0,0,0,1,0,1,0,24,243,58,14,166.085,127.95263374485596,153.19931034482758,175.77428571428572,0.0554545454545454,0.035893536121673,0.0569230769230769,0.0717647058823529,0.0434742424242424,0.0490983523447401,0.06298547008547,0.0562607843137254,1632066.0,749699.0,97194.0,5393.0,0,0,0,0,0,0,0,0,0,0,0,5,0,0,0,4,2,1,2,6,0,18,0,2,0,4,0,0,1,24,0,6,0,1.161634103019538,1.5078235934143585,1.259339872782357,1.0976008192324571,0,0,1,0,0,0,0,0,1,5,0,0,2,3,0,0.9483563798641736,1,1,high,1,286,0.006355555555555555,1,1,1,1,false_positive,top_1pct_review_queue,286
TXN_000150268,2026-03-20 06:28:40,2026-03-20,approved,0,none,,none,CUST_005023,MERCH_000487,DEV_007615,PM_004555,digital_native,IT,Milan,marketplace,DE,high,mobile,macos,chrome,debit_card,US,web,ES,DE,92.81,EUR,6,4,0,0,1,1,1,1,0,0,0,737,0.767,0,1,1056,3,2,1,2028,0.0245,1,1,1,2,1,39.352,135.8,2.358457003455987,0.6834315169366716,53.458000000000006,-42.99000000000001,0,0,1,0,0,0,0,37,314,11,24,106.5991891891892,145.63550955414013,163.06454545454545,76.00541666666668,0.0252631578947368,0.2677844311377245,0.0141935483870967,0.0099999999999999,0.0335590643274853,0.1015355289421157,0.0294473118279569,0.0662015151515151,445307.0,1207881.0,445690.0,5958.0,0,0,0,0,0,1,0,0,0,0,0,5,0,0,0,4,3,4,2,9,0,7,0,8,0,4,0,0,1,2,0,9,0,0.8706445209004683,0.6372758970949857,0.5691611241505037,1.221097180573753,0,0,0,0,0,0,0,0,2,4,0,1,2,2,0,0.9482140298469208,1,1,high,1,287,0.006377777777777777,1,1,1,1,false_positive,top_1pct_review_queue,287
TXN_000273870,2026-03-12 04:12:59,2026-03-12,approved,0,none,,none,CUST_008558,MERCH_000323,DEV_007666,PM_007517,digital_native,ES,Valencia,travel,DE,high,mobile,android,firefox,credit_card,PT,mobile,PT,DE,47.43,EUR,4,3,0,1,1,1,1,1,0,0,0,211,0.805,0,1,282,3,1,0,1543,0.0336,1,1,0,1,0,24.86941176470588,52.65,1.907162117413312,0.9008547008547008,22.56058823529412,-5.219999999999999,0,0,1,0,0,0,0,45,158,37,47,71.358,146.3537341772152,124.9662162162162,78.36808510638298,0.0375384615384615,0.0305617977528089,0.0428070175438596,0.0364179104477611,0.0448133333333333,0.0781621722846441,0.0511029239766081,0.0434756218905472,102266.0,102266.0,102266.0,513.0,0,0,0,0,0,1,0,0,0,0,1,1,0,0,0,4,2,3,1,45,0,11,0,4,0,1,0,0,1,8,0,45,0,0.6646767005801731,0.3240778260059185,0.3795425790754258,0.6052208617272554,0,0,0,0,0,0,0,0,2,4,1,0,2,2,0,0.9481720002648928,1,1,high,1,288,0.0064,1,1,1,1,false_positive,top_1pct_review_queue,288
TXN_000064737,2026-03-10 23:02:38,2026-03-10,approved,0,none,,none,CUST_008544,MERCH_000289,DEV_006322,PM_011090,sme,ES,Madrid,digital_services,DE,high,desktop,ios,chrome,credit_card,US,web,ES,DE,143.25,EUR,23,1,0,0,1,1,0,1,0,0,0,1833,0.99,0,1,1476,2,0,0,660,0.0799,1,0,0,0,0,84.75375,66.25,1.6901906995265696,2.1622641509433964,58.49625,77.0,0,0,1,0,0,0,0,31,246,17,68,150.4606451612903,103.89841463414632,189.1764705882353,85.55264705882352,0.028235294117647,0.2497744360902255,0.0389189189189189,0.0163636363636363,0.0375071895424836,0.104935588972431,0.0787261261261261,0.0558280303030303,5331.0,16879.0,16879.0,111141.0,0,0,0,0,3,6,0,2,0,1,0,0,3,2,2,2,6,2,3,27,0,5,0,3,0,1,0,0,1,8,0,3,0,0.9520762046875404,1.3787505854099984,0.7572294776119403,1.6744075715331803,0,0,0,0,0,0,0,0,2,2,0,0,2,3,0,0.9473714803890558,1,1,high,1,289,0.006422222222222222,1,1,1,1,false_positive,top_1pct_review_queue,289
TXN_000128909,2026-03-25 22:14:31,2026-03-25,approved,0,none,,none,CUST_001131,MERCH_001039,DEV_000394,PM_004653,sme,ES,Bilbao,travel,ES,medium,desktop,android,safari,credit_card,ES,web,DE,ES,632.35,EUR,22,2,0,0,0,0,1,1,0,0,0,1847,0.927,0,1,736,4,1,0,1293,0.0418,0,1,0,1,0,72.1532530120482,175.16,8.763984624427257,3.610127883078329,560.1967469879519,457.19000000000005,1,1,1,0,0,0,0,70,250,75,70,134.50457142857144,215.29488,130.90586666666667,134.50457142857144,0.016,0.0312592592592592,0.0151578947368421,0.016,0.0434762962962963,0.0293069135802469,0.0411880701754386,0.0434762962962963,75742.0,75742.0,75742.0,11956.0,0,0,0,0,1,8,0,1,0,1,0,5,1,1,1,3,1,4,1,70,0,12,0,8,0,47,0,0,1,53,0,70,0,4.701327198650709,2.937134408398379,4.830570364047856,4.701327198650709,1,0,0,0,0,0,0,0,2,4,0,0,1,3,0,0.9471503549735466,1,1,high,1,290,0.0064444444444444445,1,1,1,1,false_positive,top_1pct_review_queue,290
TXN_000235373,2026-03-22 23:13:07,2026-03-22,approved,0,none,,none,CUST_003430,MERCH_000079,DEV_003558,PM_009579,digital_native,ES,Madrid,electronics,FR,medium,mobile,macos,chrome,debit_card,US,web,GB,FR,70.71,EUR,23,6,1,0,1,1,1,1,0,0,0,1136,0.56,1,8,1267,2,1,0,1388,0.0415,0,1,0,1,0,44.21230769230769,140.83,1.599328415338576,0.5020947241354824,26.497692307692304,-70.12000000000002,0,0,1,0,0,1,0,30,247,21,53,61.40566666666666,183.0540890688259,46.77,67.54509433962264,0.0288,0.0091385767790262,0.0351219512195121,0.0197260273972602,0.0582573333333333,0.0333815230961298,0.0222650406504065,0.0399022831050228,188051.0,102785.0,317396.0,20673.0,0,0,0,0,0,2,0,0,0,0,0,2,0,0,0,2,4,3,3,23,0,10,0,7,0,4,0,0,1,2,0,23,0,1.1515223893560311,0.3862792705680231,1.511866581141757,1.0468561883186356,0,0,1,0,0,0,0,0,2,3,0,1,1,2,0,0.9471320559611726,1,1,high,1,291,0.006466666666666667,1,1,1,1,false_positive,top_1pct_review_queue,291
TXN_000277932,2026-03-11 05:07:49,2026-03-11,approved,0,none,,none,CUST_002160,MERCH_000466,DEV_003720,PM_007492,mass,ES,Valencia,electronics,IT,low,mobile,android,firefox,credit_card,GB,web,PT,IT,75.7,EUR,5,2,0,1,1,1,1,1,0,0,1,2408,0.157,0,2,1910,2,0,0,2210,0.0456,0,0,0,0,0,37.57025,170.99,2.014892102128679,0.4427159483010702,38.12975,-95.29,0,0,1,1,1,1,1,26,227,27,46,58.238076923076925,175.62612334801764,96.1851851851852,138.14760869565217,0.0095652173913043,0.0179757085020242,0.0093617021276595,0.0066666666666666,0.0633231884057971,0.0644245614035087,0.0619758865248227,0.0441343434343434,296883.0,296883.0,296883.0,438.0,0,0,0,0,0,2,0,0,0,0,1,2,0,0,0,2,2,2,1,26,0,7,0,5,0,1,0,0,1,22,0,26,0,1.2998368764818151,0.4310292714825471,0.7870234886407392,0.5479646062261696,0,0,1,1,0,0,0,0,2,4,0,0,0,0,0,0.9468522917143376,1,1,high,1,292,0.006488888888888889,1,1,1,1,false_positive,top_1pct_review_queue,292
TXN_000172544,2026-03-21 04:18:03,2026-03-21,declined,1,merchant_collusion,MC_001012,medium,CUST_006008,MERCH_000819,DEV_000077,PM_001170,digital_native,DE,Munich,marketplace,ES,medium,desktop,ios,chrome,credit_card,IT,mobile,US,ES,23.71,EUR,4,5,1,1,1,1,1,1,1,0,0,2407,0.842,0,2,925,3,1,0,868,0.0197,0,1,0,1,0,9.352,201.14,2.5352865697177074,0.117878094859302,14.358,-177.42999999999998,0,0,0,0,0,0,0,55,326,88,72,50.75745454545454,165.84969325153375,102.95568181818182,84.46291666666667,0.0058666666666666,0.1717919075144508,0.0133333333333333,0.0156521739130434,0.0121715555555555,0.0402105973025048,0.0454895061728395,0.0642702898550724,9689.0,8608.0,21546.0,7568.0,0,0,0,0,2,3,0,2,0,2,0,5,2,2,2,4,2,4,2,41,0,42,0,10,0,17,0,0,1,5,0,41,0,0.467123503578516,0.1429607708953705,0.2302932638712597,0.2807149094030418,0,0,0,0,0,0,0,0,1,3,1,0,1,2,0,0.9465072574483232,1,1,high,1,293,0.006511111111111111,1,1,1,1,true_positive,top_1pct_review_queue,293
TXN_000094386,2026-03-16 02:41:19,2026-03-16,approved,0,none,,none,CUST_007396,MERCH_000487,DEV_005747,PM_003300,sme,IT,Milan,marketplace,DE,high,mobile,ios,chrome,bank_transfer,PT,web,US,DE,154.41,EUR,2,0,0,1,1,1,1,1,0,0,0,1883,0.194,0,4,1692,4,0,0,2028,0.0245,1,0,0,0,0,48.630480769230765,135.8,3.175169102948649,1.137039764359352,105.77951923076924,18.609999999999985,1,0,1,1,1,1,0,82,302,100,62,117.70621951219512,146.19619205298014,133.9909,129.6167741935484,0.0435294117647058,0.2653416149068323,0.0536666666666666,0.0419512195121951,0.0579692810457516,0.1022138716356107,0.0742738888888888,0.0477178861788617,21119.0,2197.0,21119.0,6882.0,0,0,0,0,1,4,1,4,0,1,0,5,1,1,3,4,1,4,2,62,0,21,0,18,0,10,0,0,1,61,0,62,0,1.3118253278366665,1.0561834602644318,1.1523916922716393,1.191280997083213,0,0,1,0,0,0,0,0,2,5,0,3,2,3,0,0.94642730081445,1,1,high,1,294,0.006533333333333334,1,1,1,1,false_positive,top_1pct_review_queue,294
TXN_000139060,2026-03-13 01:07:52,2026-03-13,approved,0,none,,none,CUST_004238,MERCH_000986,DEV_001831,PM_009870,digital_native,PT,Porto,electronics,FR,low,tablet,android,edge,credit_card,DE,mobile,FR,FR,430.24,EUR,1,4,0,1,1,1,1,1,0,0,0,220,0.419,1,9,234,3,0,0,1993,0.0331,0,0,0,0,0,39.82153846153846,209.66,10.804203368876529,2.052084327005628,390.4184615384616,220.58,1,0,0,0,0,1,0,35,234,15,54,97.13971428571428,201.653547008547,184.16333333333333,121.68962962962964,0.0261818181818181,0.0135433070866141,0.0411428571428571,0.0329729729729729,0.0529612121212121,0.0311530183727034,0.0546533333333333,0.0799036036036036,67263.0,76964.0,17099.0,215.0,0,0,0,0,2,5,0,1,0,2,1,3,2,2,1,3,3,3,2,23,0,23,0,5,0,12,0,0,1,3,0,23,0,4.429084470379924,2.1335602888342176,2.336187080309146,3.53555188974988,1,0,1,0,0,0,0,0,1,4,1,0,0,2,0,0.9462232407259248,1,1,high,1,295,0.006555555555555556,1,1,1,1,false_positive,top_1pct_review_queue,295
TXN_000084233,2026-03-20 22:29:45,2026-03-20,approved,1,stolen_card,SC_001705,medium,CUST_007676,MERCH_001030,DEV_006716,PM_006933,affluent,FR,Marseille,digital_services,ES,high,desktop,macos,edge,credit_card,ES,web,ES,ES,167.45,EUR,22,4,0,0,1,1,1,1,0,0,0,1993,0.867,0,1,2287,2,0,0,83,0.0128,1,0,0,0,0,87.80560975609757,20.29,1.907053552331508,8.252833908329226,79.64439024390242,147.16,0,1,1,0,0,0,0,36,251,89,55,230.17388888888885,49.901274900398406,129.9176404494382,209.6330909090909,0.0257142857142857,0.0495940959409594,0.0315596330275229,0.0325333333333333,0.0341583333333333,0.0587190651906519,0.0542464831804281,0.0388382222222222,240650.0,79681.0,826.0,10599.0,0,0,0,0,0,3,0,1,1,1,0,2,0,0,1,3,2,2,1,36,0,6,0,4,0,15,0,0,1,25,0,36,0,0.7274934650855754,3.3556256896086456,1.2888934822147478,0.7987765637277945,0,1,0,0,0,0,0,0,2,3,0,0,2,1,0,0.9461767076526952,1,1,high,1,296,0.006577777777777778,1,1,1,1,true_positive,top_1pct_review_queue,296
TXN_000042483,2026-03-10 06:20:31,2026-03-10,approved,0,none,,none,CUST_003917,MERCH_001080,DEV_004000,PM_000640,mass,PT,Lisboa,electronics,FR,medium,mobile,android,chrome,credit_card,DE,mobile,FR,FR,217.81,EUR,6,1,0,0,1,1,1,1,0,0,1,1723,0.482,1,10,774,1,0,0,3126,0.0204,0,0,0,0,0,41.6425,223.59,5.2304736747313445,0.9741491122143208,176.16750000000002,-5.780000000000001,1,0,1,0,0,1,1,21,233,33,50,50.57428571428572,216.5089270386266,66.67242424242424,109.43359999999998,0.0107317073170731,0.013596837944664,0.0460377358490566,0.0062857142857142,0.0954357723577235,0.0431338603425559,0.0738276729559748,0.0701838095238095,2023189.0,537514.0,264113.0,5391.0,0,0,0,0,0,0,0,0,0,0,0,5,0,0,0,2,2,1,1,21,0,2,0,0,1,2,0,0,1,21,0,21,0,4.30673408282018,1.0060093270941262,3.266867861411969,1.9903393473302533,1,0,1,1,0,0,0,0,3,4,1,0,1,0,0,0.9460565101606324,1,1,high,1,297,0.0066,1,1,1,1,false_positive,top_1pct_review_queue,297
TXN_000184579,2026-03-19 23:55:37,2026-03-19,approved,1,stolen_card,SC_001681,medium,CUST_001132,MERCH_001023,DEV_004737,PM_004639,mass,PT,Porto,electronics,FR,medium,mobile,macos,safari,debit_card,ES,mobile,ES,FR,109.87,EUR,23,3,0,0,1,1,1,1,0,0,0,1226,0.352,1,8,1580,2,0,0,1198,0.0514,0,0,0,0,0,30.1328125,211.79,3.646191340420016,0.5187685915293452,79.7371875,-101.92,1,0,1,0,0,1,0,31,256,26,76,47.24709677419354,197.42171875,56.99346153846154,66.92539473684211,0.028235294117647,0.0233333333333333,0.1399999999999999,0.0254166666666666,0.0375071895424836,0.028669806763285,0.1068014492753623,0.0615923611111111,339936.0,509181.0,99127.0,4538.0,0,0,0,0,0,2,0,0,0,0,0,3,0,0,0,5,4,2,1,31,0,2,0,5,0,4,0,0,1,11,0,31,0,2.325433889093715,0.5565243818950392,1.9277649932853296,1.6416787742832255,0,0,1,0,0,0,0,0,2,3,1,1,1,0,0,0.9458755173096116,1,1,high,1,298,0.006622222222222222,1,1,1,1,true_positive,top_1pct_review_queue,298
TXN_000102491,2026-03-20 21:48:42,2026-03-20,approved,1,stolen_card,SC_001703,medium,CUST_000932,MERCH_000555,DEV_004990,PM_010356,mass,ES,Barcelona,marketplace,IT,medium,desktop,ios,edge,debit_card,IT,mobile,GB,IT,96.02,EUR,21,4,0,0,1,1,1,1,0,0,0,2010,0.829,0,1,539,1,0,0,1297,0.0519,0,0,0,0,0,38.185,53.55,2.514599973811706,1.793090569561158,57.835,42.47,0,0,1,0,0,0,0,24,253,49,15,58.06208333333333,84.3998023715415,54.35224489795919,38.839333333333336,0.0327272727272727,0.0382417582417582,0.0208695652173913,0.0411428571428571,0.0662015151515151,0.0253218559218559,0.0567082125603864,0.0832247619047619,244753.0,244753.0,244753.0,69493.0,0,0,0,0,0,1,0,0,0,0,0,4,0,0,0,2,1,1,3,23,0,5,0,5,0,0,1,0,1,24,0,15,0,1.6537470667173786,1.1376803890760847,1.766624362623251,2.472236049365763,0,0,0,0,0,0,0,0,3,1,1,1,1,0,0,0.9455353780525988,1,1,high,1,299,0.006644444444444444,1,1,1,1,true_positive,top_1pct_review_queue,299
TXN_000165745,2026-03-18 01:00:56,2026-03-18,approved,0,none,,none,CUST_004278,MERCH_000264,DEV_007156,PM_006545,digital_native,PT,Braga,marketplace,FR,high,mobile,ios,edge,credit_card,ES,web,FR,FR,137.83,EUR,1,2,0,1,1,1,1,1,0,0,1,1323,0.65,1,5,1182,4,0,1,1353,0.0303,1,0,1,0,1,62.06127659574468,80.36,2.2208695592550947,1.7151567944250872,75.76872340425533,57.47000000000001,0,0,0,0,0,1,1,39,231,49,58,70.16025641025641,88.83112554112553,57.04326530612245,68.51293103448276,0.007457627118644,0.0336254980079681,0.0208695652173913,0.0056410256410256,0.0324214689265536,0.0594138114209827,0.0712009661835748,0.0245239316239316,80433.0,119955.0,80433.0,2089.0,0,0,0,0,1,3,0,0,0,1,1,2,1,1,0,3,2,4,1,39,0,26,0,16,0,3,0,0,1,4,0,39,0,1.9645025125628144,1.5515957853780633,2.416236154440597,2.0117370242214534,0,0,1,1,0,0,0,0,1,6,0,0,2,2,0,0.9452359063831454,1,1,high,1,300,0.006666666666666667,1,1,1,1,false_positive,top_1pct_review_queue,300
TXN_000208191,2026-03-11 01:29:57,2026-03-11,approved,0,none,,none,CUST_009828,MERCH_000954,DEV_000636,PM_010324,mass,DE,Berlin,electronics,FR,medium,mobile,android,chrome,credit_card,IT,web,ES,FR,69.08,EUR,1,2,0,1,1,1,1,1,0,0,1,1274,0.332,1,11,658,1,0,0,2815,0.0416,0,0,0,0,0,20.412258064516127,212.88,3.384240968425045,0.3245020668921458,48.66774193548388,-143.8,1,0,1,1,0,1,1,20,223,115,38,71.0395,200.7892825112108,114.65565217391304,97.59684210526316,0.011,0.0306172839506172,0.0032592592592592,0.0248275862068965,0.0978216666666666,0.0449089163237311,0.1030582716049382,0.0157390804597701,319779.0,164.0,91318.0,8439.0,0,1,0,0,0,1,1,3,0,0,0,1,0,0,2,3,3,1,2,12,0,6,0,2,0,3,0,0,1,20,0,12,0,0.9724167540593612,0.3440422672766063,0.6024997345548865,0.7078097867704952,0,0,1,1,0,0,0,0,2,6,0,0,1,0,0,0.945090064775435,1,1,high,1,301,0.006688888888888889,1,1,1,1,false_positive,top_1pct_review_queue,301
TXN_000138914,2026-03-20 02:56:35,2026-03-20,approved,0,none,,none,CUST_003282,MERCH_000253,DEV_000022,PM_000414,mass,PT,Braga,electronics,ES,medium,mobile,windows,chrome,credit_card,US,mobile,ES,ES,208.63,EUR,2,4,0,1,1,1,1,1,0,0,0,562,0.318,1,5,1079,1,1,0,2608,0.0237,0,1,0,1,0,94.46823529411763,336.16,2.208467209644076,0.620627082341742,114.16176470588236,-127.53000000000004,0,0,1,1,0,1,0,17,336,21,48,113.98764705882353,246.61663690476192,97.27095238095238,90.06520833333333,0.0389189189189189,0.0180898876404494,0.0351219512195121,0.0358823529411764,0.0516990990990991,0.041890074906367,0.0466552845528455,0.0575421568627451,238153.0,238153.0,93125.0,8050.0,0,0,0,0,0,1,0,0,0,0,0,2,0,0,0,2,2,1,1,17,0,6,0,4,0,6,0,0,1,17,0,17,0,1.830286047507728,0.8459688795471185,2.1448335283376334,2.316432769775602,0,0,1,0,0,0,0,0,2,5,1,0,1,0,0,0.9448482826460118,1,1,high,1,302,0.006711111111111111,1,1,1,1,false_positive,top_1pct_review_queue,302
TXN_000129148,2026-03-15 01:23:41,2026-03-15,approved,0,none,,none,CUST_002232,MERCH_001009,DEV_004489,PM_003422,affluent,ES,Barcelona,marketplace,IT,low,mobile,android,chrome,wallet,DE,mobile,DE,IT,1025.0,EUR,1,6,1,1,1,1,1,1,0,0,0,824,0.943,0,1,1949,3,0,0,3015,0.0285,0,0,0,0,0,186.62921052631577,269.58,5.492173476538761,3.8022108465019664,838.3707894736842,755.4200000000001,1,1,0,0,0,0,0,38,223,72,82,202.4928947368421,174.86928251121077,186.33861111111116,119.8220731707317,0.0075862068965517,0.0223868312757201,0.0047826086956521,0.0141176470588235,0.0502218390804597,0.0531393689986282,0.0425311594202898,0.0677732026143791,77970.0,77970.0,111337.0,25218.0,0,0,0,0,1,2,0,1,0,0,0,3,1,1,1,5,2,3,3,18,0,29,0,4,0,5,0,0,1,26,0,18,0,5.061906005798774,5.861521161867224,5.500738649322693,8.554350403698168,1,1,0,0,0,0,0,0,1,4,1,2,0,1,0,0.9448474417735776,1,1,high,1,303,0.006733333333333333,1,1,1,1,false_positive,top_1pct_review_queue,303
TXN_000273930,2026-03-15 01:08:56,2026-03-15,approved,1,merchant_collusion,MC_000959,medium,CUST_007796,MERCH_000500,DEV_005608,PM_005683,digital_native,DE,Munich,marketplace,IT,medium,mobile,windows,edge,credit_card,US,web,DE,IT,221.54,EUR,1,6,1,1,1,1,0,1,0,0,0,1233,0.299,1,6,907,2,1,0,60,0.0399,0,1,0,1,0,36.99053571428571,218.07,5.98909952835426,1.015912321731554,184.5494642857143,3.469999999999999,1,0,1,1,0,1,0,34,295,26,64,79.38617647058824,188.3486779661017,95.21615384615384,177.91984374999998,0.0266666666666666,0.1918730158730158,0.0313043478260869,0.0528571428571428,0.090979012345679,0.0727392592592592,0.0850623188405797,0.0703912698412698,65442.0,65442.0,65442.0,115746.0,0,0,0,0,1,2,0,1,0,1,0,0,1,1,1,2,3,3,2,28,0,9,0,5,0,4,0,0,1,23,0,28,0,2.7906621763308914,1.176222750232799,2.326706037275511,1.2451674604171297,0,0,1,0,0,0,0,0,2,6,0,0,1,2,0,0.9446258411485066,1,1,high,1,304,0.0067555555555555554,1,1,1,1,true_positive,top_1pct_review_queue,304
TXN_000287545,2026-03-15 22:32:20,2026-03-15,approved,1,merchant_collusion,MC_000967,medium,CUST_004098,MERCH_000487,DEV_001649,PM_008407,affluent,ES,Valencia,marketplace,DE,high,mobile,macos,firefox,credit_card,ES,web,ES,DE,215.09,EUR,22,6,1,0,1,0,0,1,0,0,0,2111,0.772,0,2,1058,3,0,0,2028,0.0245,1,0,0,0,0,130.21032258064517,135.8,1.6518659637509536,1.5838733431516936,84.87967741935483,79.28999999999999,0,0,0,0,0,0,0,26,300,143,51,146.39,146.30566666666667,125.4758041958042,126.0164705882353,0.0095652173913043,0.2638749999999999,0.0026993865030674,0.020281690140845,0.0415840579710144,0.0997277083333333,0.0362752556237218,0.0269417840375586,369510.0,6008.0,235359.0,62638.0,0,0,0,0,0,1,0,2,0,0,0,3,0,0,1,4,2,3,1,26,0,17,0,5,0,1,0,0,1,21,0,26,0,1.4692943507070158,1.4701412795585498,1.7141950304965043,1.706840375674515,0,0,0,0,0,0,0,0,1,2,0,0,2,1,0,0.9444517750195344,1,1,high,1,305,0.0067777777777777775,1,1,1,1,true_positive,top_1pct_review_queue,305
TXN_000067031,2026-03-19 00:24:33,2026-03-19,approved,0,none,,none,CUST_006020,MERCH_000389,DEV_007557,PM_008937,sme,DE,Munich,travel,ES,high,mobile,macos,firefox,credit_card,IT,mobile,US,ES,139.65,EUR,0,3,0,1,1,1,1,1,0,0,0,44,0.318,1,12,724,1,2,0,1871,0.0375,1,1,0,2,0,85.22046728971962,255.62,1.6386908502301345,0.5463187544010641,54.429532710280384,-115.97,0,0,0,1,0,1,0,97,214,108,70,192.12,264.0444392523365,189.53907407407405,191.165,0.0208547008547008,0.0147008547008547,0.026875,0.016,0.0419903133903133,0.0380891737891737,0.0461942708333333,0.021254074074074,90536.0,90536.0,99412.0,154514.0,0,0,0,0,0,8,0,0,0,0,0,0,0,0,0,2,2,1,4,76,0,76,0,14,0,23,0,0,1,97,0,68,0,0.7268894440974392,0.5288882447039235,0.7367873916352634,0.7305207543221823,0,0,1,0,0,0,0,0,1,6,1,0,2,3,0,0.9442442228673412,1,1,high,1,306,0.0068,1,1,1,1,false_positive,top_1pct_review_queue,306
TXN_000154068,2026-03-10 23:47:57,2026-03-10,approved,0,none,,none,CUST_001917,MERCH_000265,DEV_007022,PM_010370,affluent,ES,Bilbao,electronics,ES,medium,mobile,android,firefox,credit_card,GB,web,US,ES,71.99,EUR,23,1,0,0,0,1,1,1,0,0,0,1403,0.179,0,4,2480,2,0,0,929,0.0408,0,0,0,0,0,34.285714285714285,346.86,2.099708333333333,0.20754771377501,37.70428571428571,-274.87,0,0,1,1,1,1,0,13,301,19,15,77.00769230769232,286.54026578073086,196.13368421052635,107.926,0.0436363636363636,0.0138317757009345,0.0112820512820512,0.0411428571428571,0.0882686868686868,0.0371117341640706,0.0490478632478632,0.0832247619047619,330363.0,81014.0,264422.0,11196.0,0,0,0,0,0,1,0,1,0,0,0,6,0,0,1,2,3,2,3,13,0,4,0,3,0,8,0,0,1,7,0,10,0,0.9348416741584256,0.2512386864856504,0.3670455704218927,0.6670311139113837,0,0,1,0,0,0,0,0,2,2,0,0,1,1,0,0.9439699496440564,1,1,high,1,307,0.006822222222222223,1,1,1,1,false_positive,top_1pct_review_queue,307
TXN_000109977,2026-03-08 22:36:11,2026-03-08,approved,0,none,,none,CUST_003676,MERCH_000380,DEV_005222,PM_010711,digital_native,IT,Rome,travel,ES,medium,desktop,windows,safari,credit_card,ES,web,PT,ES,162.4,EUR,22,6,1,0,1,1,1,1,0,0,0,2472,0.826,0,2,30,3,0,0,1382,0.0164,0,0,0,0,0,58.11117647058824,408.39,2.7946431282835134,0.3976591003697446,104.28882352941176,-245.99,0,0,1,0,0,0,0,28,196,27,50,83.88392857142857,374.97168367346944,87.8648148148148,135.27020000000002,0.0091666666666666,0.0159259259259259,0.0093617021276595,0.0062857142857142,0.0190180555555555,0.0227447530864197,0.0194226950354609,0.0130409523809523,155398.0,155398.0,155398.0,2189.0,0,0,0,0,0,5,0,0,0,0,1,1,0,0,0,2,2,4,1,28,0,8,0,2,0,11,0,0,1,21,0,28,0,1.9360085151676425,0.4330993700884896,1.8482938858094295,1.2005600642270062,0,0,0,0,0,0,0,0,2,1,0,0,1,2,0,0.9435208827935598,1,1,high,1,308,0.006844444444444445,1,1,1,1,false_positive,top_1pct_review_queue,308
TXN_000278483,2026-03-25 22:23:14,2026-03-25,approved,0,none,,none,CUST_004357,MERCH_000819,DEV_003225,PM_011883,sme,ES,Barcelona,marketplace,ES,medium,mobile,android,firefox,debit_card,PT,web,PT,ES,99.44,EUR,22,2,0,0,0,1,1,1,0,0,0,1596,0.369,1,4,71,1,0,0,868,0.0197,0,0,0,0,0,47.964183673469385,201.14,2.0732136436839563,0.4943820224719101,51.47581632653061,-101.7,0,0,0,0,0,1,0,90,338,121,64,136.44,168.3693195266272,135.4511570247934,126.1703125,0.0403636363636363,0.18,0.0314893617021276,0.0409523809523809,0.0446624242424242,0.0444493482309124,0.0490274231678487,0.0346769841269841,1181.0,1181.0,7765.0,5604.0,0,0,0,1,5,12,1,5,0,2,0,1,5,2,1,2,2,1,3,59,0,71,0,22,0,62,0,0,1,90,0,59,0,0.7288185282908238,0.5906064138025681,0.7341391700463525,0.7881410296102738,0,0,1,0,0,0,0,0,1,2,0,1,1,3,0,0.9433849847952092,1,1,high,1,309,0.006866666666666667,1,1,1,1,false_positive,top_1pct_review_queue,309
TXN_000079594,2026-03-26 01:21:54,2026-03-26,approved,0,none,,none,CUST_007756,MERCH_000630,DEV_000136,PM_005291,sme,IT,Milan,marketplace,FR,medium,mobile,android,firefox,bank_transfer,ES,web,PT,FR,129.66,EUR,1,3,0,1,1,1,1,1,0,0,0,1603,0.222,1,1,314,1,0,0,923,0.0471,0,0,0,0,0,23.22755813953488,133.15,5.582162327227582,0.973788959819752,106.43244186046512,-3.490000000000009,1,0,1,1,0,1,0,88,274,113,63,113.03534090909092,124.41616788321168,102.84115044247788,130.1931746031746,0.004074074074074,0.0355102040816326,0.0183458646616541,0.0053012048192771,0.0362302469135802,0.0575267573696145,0.0369388471177944,0.0350947791164658,5402.0,5402.0,289020.0,4082.0,0,0,0,0,1,4,0,1,0,0,0,5,1,1,1,3,1,1,4,63,0,19,0,28,0,9,0,0,1,88,0,63,0,1.1470748790352172,1.0421475135105485,1.2607793615895293,0.9959047422816156,0,0,1,0,0,0,0,0,2,5,0,3,1,3,0,0.942933317636578,1,1,high,1,310,0.006888888888888889,1,1,1,1,false_positive,top_1pct_review_queue,310
TXN_000189834,2026-03-12 20:21:15,2026-03-12,approved,0,none,,none,CUST_009835,MERCH_000660,DEV_003961,PM_006279,digital_native,FR,Marseille,marketplace,IT,medium,mobile,android,safari,wallet,IT,mobile,US,IT,103.69,EUR,20,3,0,0,1,1,1,1,0,0,0,222,0.936,0,1,634,3,0,0,3982,0.0258,0,0,0,0,0,68.31454545454545,46.53,1.5178319537966092,2.228454760369654,35.375454545454545,57.16,0,0,0,0,0,0,0,25,290,112,52,96.042,107.61389655172415,86.46187499999999,84.36826923076924,0.0097777777777777,0.188516129032258,0.0109090909090909,0.02,0.0869525925925926,0.0642350537634408,0.0296429292929292,0.0543453703703703,320659.0,137668.0,388609.0,573.0,0,0,0,0,0,2,0,0,0,0,1,3,0,0,0,8,3,4,3,19,0,20,0,7,0,2,0,0,1,1,0,19,0,1.0796318277420296,0.9635372690938836,1.199256897910206,1.229016559725562,0,0,0,0,0,0,0,0,1,1,1,2,1,2,0,0.9426819536568036,1,1,high,1,311,0.006911111111111111,1,1,1,1,false_positive,top_1pct_review_queue,311
TXN_000192163,2026-03-13 03:42:13,2026-03-13,approved,0,none,,none,CUST_005328,MERCH_000074,DEV_002045,PM_006887,sme,ES,Barcelona,marketplace,PT,medium,mobile,windows,chrome,credit_card,US,web,GB,PT,103.32,EUR,3,4,0,1,1,1,1,1,0,0,1,1092,0.708,0,1,1585,5,0,0,1993,0.0434,0,0,0,0,0,30.509154929577463,64.31,3.386524478914202,1.606593064842171,72.81084507042253,39.00999999999999,1,0,1,0,0,0,1,123,221,115,131,115.29178861788618,88.48760180995474,115.9951304347826,133.85076335877864,0.003076923076923,0.0391701244813278,0.0032592592592592,0.0161589403973509,0.0763137529137529,0.0411322268326417,0.0660212345679012,0.0722706401766004,167594.0,30444.0,167594.0,2136.0,0,0,0,0,0,6,0,1,0,0,1,3,0,0,1,3,2,5,1,123,0,29,0,20,0,1,0,0,1,82,0,123,0,0.8961609602782336,1.1676212021419776,0.8907270470124682,0.7719044509522681,0,0,0,1,0,0,0,0,2,4,0,0,1,3,0,0.9424796163739564,1,1,high,1,312,0.006933333333333333,1,1,1,1,false_positive,top_1pct_review_queue,312
TXN_000127403,2026-03-09 02:33:57,2026-03-09,approved,0,none,,none,CUST_003798,MERCH_000380,DEV_007968,PM_009285,digital_native,DE,Berlin,travel,ES,medium,desktop,windows,chrome,credit_card,US,web,ES,ES,204.38,EUR,2,0,0,1,1,1,1,1,0,0,0,1207,0.447,1,6,1130,2,0,0,1382,0.0164,0,0,0,0,0,17.036470588235293,408.39,11.99661625578344,0.5004529983594114,187.3435294117647,-204.01,1,0,1,0,0,1,0,19,198,16,27,46.0921052631579,373.575404040404,70.7225,47.48407407407408,0.0112820512820512,0.0157798165137614,0.0122222222222222,0.0093617021276595,0.0490478632478632,0.0225360856269113,0.0531351851851851,0.0406992907801418,7032.0,7032.0,189681.0,6568.0,0,0,0,0,1,2,0,1,0,0,0,3,1,1,1,2,2,2,3,16,0,6,0,1,0,8,0,0,1,13,0,13,0,4.434165001427347,0.5470916923050301,2.889886528332568,4.304179958972599,1,0,1,0,0,0,0,0,2,4,0,0,1,2,0,0.942235641020204,1,1,high,1,313,0.006955555555555556,1,1,1,1,false_positive,top_1pct_review_queue,313
TXN_000296185,2026-03-14 00:09:55,2026-03-14,approved,0,none,,none,CUST_001409,MERCH_000260,DEV_006085,PM_005403,digital_native,IT,Turin,travel,PT,high,desktop,android,edge,credit_card,FR,mobile,FR,PT,198.4,EUR,0,5,1,1,1,1,1,1,0,0,0,1133,0.201,0,5,975,3,0,0,997,0.0608,1,0,0,0,0,87.7351282051282,196.25,2.261351912954785,1.0109554140127388,110.6648717948718,2.1500000000000057,0,0,0,1,0,1,0,33,167,55,27,92.54181818181816,205.055748502994,68.34109090909091,99.87333333333332,0.0271698113207547,0.0237433155080213,0.0192,0.0306382978723404,0.0738276729559748,0.0744003565062388,0.0388382222222222,0.0832524822695035,445795.0,445795.0,843281.0,14022.0,0,0,0,0,0,1,0,0,0,0,0,1,0,0,0,4,1,4,3,27,0,27,0,3,0,1,0,0,1,23,0,27,0,2.143895634406068,0.9675417609524036,2.903085059966585,1.986516253921634,0,0,1,0,0,0,0,0,1,4,1,0,2,2,0,0.9418149756224692,1,1,high,1,314,0.006977777777777778,1,1,1,1,false_positive,top_1pct_review_queue,314
TXN_000026513,2026-03-11 02:09:15,2026-03-11,approved,0,none,,none,CUST_009632,MERCH_000943,DEV_000436,PM_003906,sme,FR,Marseille,electronics,ES,medium,desktop,android,chrome,credit_card,PT,web,US,ES,239.16,EUR,2,2,0,1,1,1,1,1,0,0,0,2585,0.509,1,7,2606,1,1,0,2608,0.0284,0,1,0,1,0,90.35623529411764,131.05,2.64685662501888,1.8249523082792825,148.80376470588237,108.11,0,0,1,0,0,1,0,81,308,83,86,163.84925925925924,155.2056818181818,162.295421686747,167.78732558139535,0.0439603960396039,0.0074390243902439,0.0431067961165048,0.0324528301886792,0.0783452145214521,0.0302221544715447,0.0768239482200647,0.0463477987421383,107881.0,107881.0,10758.0,17383.0,0,0,0,0,0,4,0,0,0,1,0,3,0,0,0,2,3,1,3,67,0,15,0,13,0,28,0,0,1,81,0,52,0,1.459634307052779,1.5409229687877524,1.473609036622194,1.4253758391540785,0,0,1,0,0,0,0,0,2,4,0,0,1,3,0,0.9416893193759835,1,1,high,1,315,0.007,1,1,1,1,false_positive,top_1pct_review_queue,315
TXN_000279034,2026-03-23 22:58:49,2026-03-23,approved,0,none,,none,CUST_008233,MERCH_000324,DEV_001208,PM_005439,sme,ES,Valencia,digital_services,FR,high,desktop,macos,firefox,bank_transfer,ES,mobile,US,FR,233.01,EUR,22,0,0,0,1,0,1,1,0,0,0,4461,0.942,0,3,3088,3,1,0,60,0.0608,1,1,0,1,0,211.05775,31.81,1.1040106321611027,7.3250550141464945,21.952249999999992,201.2,0,1,1,0,0,0,0,31,279,57,38,239.08935483870965,94.78709677419356,146.86701754385965,242.9392105263158,0.0086274509803921,0.2054849498327759,0.0187012987012987,0.0075862068965517,0.0178993464052287,0.0833206243032329,0.0118554112554112,0.0157390804597701,867987.0,71793.0,867987.0,73101.0,0,0,0,0,0,0,0,1,0,0,0,2,0,0,1,4,2,3,1,31,0,4,0,4,0,4,0,0,1,20,0,31,0,0.9745728753050892,2.458245984209093,1.5865372899699215,0.9591288268995168,0,0,0,0,0,0,0,0,2,4,1,3,2,3,0,0.9414768263495782,1,1,high,1,316,0.007022222222222222,1,1,1,1,false_positive,top_1pct_review_queue,316
TXN_000071766,2026-03-22 00:37:32,2026-03-22,approved,0,none,,none,CUST_002440,MERCH_000989,DEV_005352,PM_010636,digital_native,IT,Milan,electronics,IT,medium,mobile,windows,firefox,credit_card,US,web,GB,IT,46.6,EUR,0,6,1,1,0,1,1,1,0,0,0,478,0.328,1,7,697,2,1,0,3560,0.044,0,1,0,1,0,105.3338888888889,149.97,0.4424027299434074,0.3107288124291525,-58.73388888888889,-103.37,0,0,1,1,0,1,0,30,231,134,41,109.31833333333334,170.84645021645022,97.51552238805972,89.30975609756098,0.0288,0.0296414342629482,0.0223376623376623,0.0236065573770491,0.0582573333333333,0.0514456839309428,0.0578757575757575,0.0641453551912568,177869.0,468.0,187374.0,595.0,0,0,0,0,0,2,1,1,0,0,1,2,0,0,1,5,2,2,3,23,0,6,0,3,0,10,0,1,0,24,0,20,0,0.4262779954566937,0.2727595448483778,0.4778726387226526,0.5217795013245214,0,0,1,0,0,0,0,0,1,5,0,0,1,2,0,0.941405999528236,1,1,high,1,317,0.007044444444444444,1,1,1,1,false_positive,top_1pct_review_queue,317
TXN_000124533,2026-03-20 04:51:14,2026-03-20,approved,1,account_takeover,ATO_001283,medium,CUST_003467,MERCH_001189,DEV_005953,PM_004152,affluent,DE,Berlin,marketplace,PT,low,desktop,android,chrome,credit_card,ES,mobile,DE,PT,1200.0,EUR,4,4,0,1,1,1,0,1,1,0,1,2628,0.486,1,8,659,1,1,0,2857,0.0253,0,1,0,1,0,208.55655172413796,190.06,5.753835063341787,6.313795643481006,991.443448275862,1009.94,1,1,0,0,0,1,1,25,264,25,14,189.438,149.43166666666667,189.438,221.74500000000003,0.1208888888888888,0.0261971830985915,0.1208888888888888,0.0129411764705882,0.0647303703703703,0.0595523474178403,0.0647303703703703,0.0268490196078431,95401.0,95401.0,1474545.0,6088.0,0,0,0,0,0,2,0,0,0,0,0,2,0,0,0,1,3,1,2,25,0,17,0,5,0,2,0,0,1,25,0,8,0,6.3345263357932415,8.030426393334746,6.3345263357932415,5.411621457079076,1,1,1,1,0,0,0,0,1,7,1,0,0,1,0,0.941374107392664,1,1,high,1,318,0.007066666666666666,1,1,1,1,true_positive,top_1pct_review_queue,318
TXN_000175869,2026-03-23 21:16:45,2026-03-23,approved,0,none,,none,CUST_007975,MERCH_000345,DEV_006072,PM_011685,digital_native,IT,Turin,digital_services,IT,high,mobile,android,chrome,wallet,ES,web,US,IT,171.15,EUR,21,0,0,0,0,1,1,1,0,1,0,958,0.767,0,1,30,2,0,2,1029,0.0653,1,0,1,0,2,85.17545454545454,65.35,2.009381704076078,2.6189747513389445,85.97454545454546,105.8,0,0,0,0,0,0,1,25,282,11,63,151.4532,87.11212765957447,151.5563636363636,117.51809523809524,0.0097777777777777,0.2365562913907284,0.0141935483870967,0.0053012048192771,0.0202859259259259,0.0891154525386313,0.0294473118279569,0.0230465863453815,20313.0,257018.0,20313.0,6831.0,0,0,0,0,1,2,0,0,0,2,0,2,1,1,0,2,4,2,3,19,0,16,0,3,0,15,0,0,1,7,0,18,0,1.1300520556845282,1.964709215562237,1.1292828350688615,1.456371460524823,0,0,0,1,0,0,0,0,1,4,0,2,2,2,0,0.9411323533790078,1,1,high,1,319,0.0070888888888888885,1,1,1,1,false_positive,top_1pct_review_queue,319
TXN_000133459,2026-03-17 18:26:12,2026-03-17,approved,1,stolen_card,SC_001642,medium,CUST_009813,MERCH_000639,DEV_007932,PM_007971,affluent,ES,Valencia,marketplace,DE,low,mobile,ios,edge,credit_card,FR,mobile,DE,DE,634.22,EUR,18,1,0,0,1,1,1,1,0,0,0,1976,0.752,0,1,2252,3,0,0,1659,0.0537,0,0,0,0,0,218.1555,156.74,2.907192346743493,4.046318744417507,416.06450000000007,477.48,0,1,0,0,0,0,0,21,231,28,82,252.1380952380952,139.42012987012984,78.03214285714284,148.34158536585366,0.0351219512195121,0.0216733067729083,0.0091666666666666,0.0239215686274509,0.0466552845528455,0.0394934926958831,0.0398513888888888,0.0383614379084967,121954.0,315610.0,140103.0,74118.0,0,0,0,0,0,2,0,0,0,0,0,2,0,0,0,3,2,3,2,16,0,13,0,3,0,2,0,0,1,3,0,16,0,2.515367617896467,4.548984429944064,8.127676323859218,4.275402601609174,0,1,0,0,0,0,0,0,1,2,1,0,0,1,0,0.9410684395614376,1,1,high,1,320,0.0071111111111111115,1,1,1,1,true_positive,top_1pct_review_queue,320
TXN_000093251,2026-03-14 00:15:18,2026-03-14,approved,0,none,,none,CUST_002620,MERCH_000010,DEV_005514,PM_005505,sme,FR,Lyon,electronics,ES,low,mobile,android,edge,debit_card,PT,web,DE,ES,181.1,EUR,0,5,1,1,1,1,1,1,1,0,0,1875,0.471,1,9,1489,2,1,0,2444,0.01,0,1,0,1,0,56.624027777777776,70.22,3.1982889085660045,2.57903731130732,124.47597222222224,110.88,1,0,1,0,0,1,0,69,292,93,155,146.69072463768117,110.83421232876712,169.31075268817204,165.11554838709677,0.0049438202247191,0.0078205128205128,0.03929203539823,0.0025142857142857,0.0439647940074906,0.0381822649572649,0.0346271386430678,0.022359238095238,28656.0,182554.0,28656.0,5582.0,0,0,0,0,1,5,0,0,0,1,0,1,1,1,0,3,2,2,1,69,0,15,0,11,0,13,0,0,1,46,0,69,0,1.2345702187190637,1.6339720037239378,1.0696308245321005,1.096807670561886,0,0,1,0,0,0,0,0,2,5,0,1,0,3,0,0.9407504137633664,1,1,high,1,321,0.0071333333333333335,1,1,1,1,false_positive,top_1pct_review_queue,321
TXN_000112323,2026-03-21 01:30:40,2026-03-21,approved,1,merchant_collusion,MC_001009,medium,CUST_000458,MERCH_000910,DEV_001257,PM_009021,mass,ES,Barcelona,digital_services,IT,high,desktop,android,edge,bank_transfer,PT,web,ES,IT,57.96,EUR,1,5,1,1,1,1,0,1,0,0,0,620,0.477,1,7,30,1,0,0,1411,0.079,1,0,0,0,0,15.512608695652174,19.22,3.7363154796939377,3.0156087408949013,42.44739130434783,38.74,1,1,0,0,0,1,0,41,287,57,28,64.71780487804878,88.30456445993032,66.64508771929825,66.9082142857143,0.0072131147540983,0.2424755700325732,0.0057142857142857,0.0091666666666666,0.0313584699453551,0.0974360477741585,0.0248424242424242,0.0398513888888888,104886.0,104886.0,104886.0,21067.0,0,0,0,0,0,3,0,0,0,0,0,1,0,0,0,4,1,1,3,28,0,31,0,4,0,3,0,0,1,41,0,28,0,0.895580437396125,0.6563647117731986,0.8696815021704394,0.8662613495033173,0,0,1,0,0,0,0,0,1,6,0,3,2,0,0,0.9407337035586923,1,1,high,1,322,0.007155555555555556,1,1,1,1,true_positive,top_1pct_review_queue,322
TXN_000068518,2026-03-22 00:03:22,2026-03-22,approved,0,none,,none,CUST_001810,MERCH_000387,DEV_000986,PM_004104,mass,ES,Sevilla,electronics,IT,medium,desktop,macos,edge,debit_card,ES,mobile,FR,IT,103.89,EUR,0,6,1,1,1,0,1,1,0,0,0,2782,0.319,1,5,1071,1,0,0,2278,0.0211,0,0,0,0,0,30.544074074074075,118.33,3.4013144333022103,0.8779683934758726,73.34592592592593,-14.439999999999998,1,0,1,1,0,1,0,31,249,107,60,56.95322580645161,142.62497991967874,98.49121495327104,53.12666666666667,0.0086274509803921,0.038810408921933,0.0900787401574803,0.0055,0.0571150326797385,0.0442857496902106,0.1016761154855643,0.0364108333333333,605047.0,58761.0,350237.0,177533.0,0,0,0,0,0,0,0,1,0,0,0,0,0,0,1,7,3,1,1,31,0,5,0,4,0,4,0,0,1,31,0,31,0,1.824128458553992,0.728413774771482,1.054814889320742,1.95551512109424,0,0,1,0,0,0,0,0,2,5,1,1,1,0,0,0.9405390234210532,1,1,high,1,323,0.007177777777777778,1,1,1,1,false_positive,top_1pct_review_queue,323
TXN_000241181,2026-03-14 01:20:33,2026-03-14,approved,1,merchant_collusion,MC_000950,medium,CUST_001384,MERCH_000988,DEV_005021,PM_004902,sme,FR,Paris,electronics,DE,medium,tablet,ios,safari,debit_card,PT,mobile,DE,DE,272.84,EUR,1,5,1,1,1,1,1,1,0,0,1,2714,0.618,0,2,240,3,0,1,2335,0.0399,0,0,1,0,1,37.799072164948456,282.84,7.21816659439085,0.9646443218780936,235.04092783505152,-10.0,1,0,0,0,0,0,1,70,280,47,18,125.91528571428572,243.72042857142856,113.01212765957446,66.57944444444445,0.016,0.1948,0.0065671641791044,0.011578947368421,0.0545874074074074,0.0697095555555555,0.0584009950248756,0.0766543859649123,189411.0,189411.0,443241.0,25683.0,0,0,0,0,0,1,0,0,0,0,0,2,0,0,0,2,2,3,3,59,0,50,0,24,0,7,0,0,1,45,0,11,0,2.1668536782666803,1.1194794035085869,2.4142541659057493,4.09796149962868,0,0,0,1,0,0,0,0,1,5,1,1,1,3,0,0.9400594141361048,1,1,high,1,324,0.0072,1,1,1,1,true_positive,top_1pct_review_queue,324
TXN_000007281,2026-03-11 02:55:13,2026-03-11,approved,1,stolen_card,SC_001542,medium,CUST_007712,MERCH_000250,DEV_004840,PM_009783,digital_native,FR,Lyon,travel,DE,medium,mobile,windows,chrome,credit_card,ES,mobile,PT,DE,179.91,EUR,2,2,0,1,1,1,1,1,0,0,0,922,0.553,0,1,624,2,0,0,2100,0.0669,0,0,0,0,0,27.960967741935484,397.3,6.434326653514692,0.4528316133903851,151.9490322580645,-217.39,1,0,1,0,0,0,0,31,164,20,81,81.60967741935484,385.902987804878,62.042,137.93469135802468,0.028235294117647,0.0295652173913043,0.011,0.0835643564356435,0.0375071895424836,0.0647438405797101,0.0228216666666666,0.0684442244224422,341741.0,1166259.0,36631.0,15271.0,0,0,0,0,0,1,0,0,0,1,0,1,0,0,0,1,5,3,3,24,0,10,0,2,0,5,0,0,1,20,0,24,0,2.204517965136962,0.4662052528366712,2.8998098062602757,1.3043129196050018,0,0,0,0,0,0,0,0,2,3,1,0,1,2,0,0.9399587961883444,1,1,high,1,325,0.007222222222222222,1,1,1,1,true_positive,top_1pct_review_queue,325
TXN_000276921,2026-03-10 05:18:14,2026-03-10,approved,0,none,,none,CUST_003910,MERCH_000635,DEV_001184,PM_008025,digital_native,ES,Bilbao,digital_services,IT,high,mobile,windows,chrome,debit_card,FR,web,IT,IT,103.71,EUR,5,1,0,1,1,1,1,1,1,0,0,1718,0.436,1,10,271,3,0,0,1764,0.0742,1,0,0,0,0,42.60428571428572,92.67,2.434262146665325,1.1191324053091614,61.10571428571428,11.039999999999992,0,0,0,0,0,1,0,55,208,61,49,80.37963636363637,76.355625,135.47229508196725,134.52,0.0058666666666666,0.0501754385964912,0.0301234567901234,0.0208695652173913,0.0255048888888888,0.0697932748538011,0.0606526748971193,0.0277227053140096,277301.0,98514.0,278029.0,103138.0,0,0,0,0,0,8,0,0,0,0,0,0,0,0,0,3,3,3,2,37,0,39,0,7,0,8,0,0,1,32,0,37,0,1.2902521669893776,1.3582496377968225,0.7655439803190052,0.7709634255129347,0,0,1,0,0,0,0,0,1,4,0,1,2,2,0,0.938938053848292,1,1,high,1,326,0.007244444444444445,1,1,1,1,false_positive,top_1pct_review_queue,326
TXN_000002426,2026-03-17 01:23:08,2026-03-17,approved,0,none,,none,CUST_004028,MERCH_000697,DEV_005710,PM_004145,affluent,DE,Munich,digital_services,FR,high,desktop,android,chrome,credit_card,GB,web,DE,FR,301.77,EUR,1,1,0,1,1,1,0,1,0,0,0,1476,0.99,0,2,1275,1,1,0,472,0.0613,1,1,0,1,0,189.3319230769231,97.8,1.5938675057845093,3.0855828220858896,112.43807692307688,203.97,0,1,0,0,0,0,0,19,264,77,16,295.32210526315794,119.92344696969695,134.3887012987013,227.0975,0.0625641025641025,0.2128169014084507,0.0251546391752577,0.0677777777777777,0.0490478632478632,0.0947636150234741,0.0197202749140893,0.0531351851851851,438678.0,271690.0,438678.0,8378.0,0,0,0,0,0,1,0,0,0,0,0,5,0,0,0,6,1,1,3,19,0,12,0,3,0,2,0,0,1,19,0,16,0,1.0218334307589214,2.5163552885221283,2.245501274167877,1.3288125144486398,0,0,0,0,0,0,0,0,1,5,0,0,2,1,0,0.9389360666680188,1,1,high,1,327,0.007266666666666667,1,1,1,1,false_positive,top_1pct_review_queue,327
TXN_000071314,2026-03-11 04:41:57,2026-03-11,approved,1,account_takeover,ATO_001198,medium,CUST_008754,MERCH_000557,DEV_004233,PM_004961,digital_native,ES,Sevilla,electronics,IT,low,mobile,android,chrome,wallet,US,mobile,GB,IT,69.27,EUR,4,2,0,1,1,1,1,1,0,0,0,683,0.236,0,1,1447,4,0,0,2026,0.0463,0,0,0,0,0,55.84875,446.12,1.2403142415900088,0.1552721240921725,13.42125,-376.85,0,0,0,1,0,1,0,42,215,89,3,68.115,331.37139534883715,76.61853932584269,35.763333333333335,0.0232258064516129,0.0274042553191489,0.0040366972477064,0.0191304347826086,0.1114978494623656,0.0379270921985815,0.1001180428134556,0.1266463768115942,100473.0,159647.0,514352.0,110073.0,0,0,0,0,0,4,0,0,0,0,0,0,0,0,0,4,1,4,3,33,0,33,0,5,0,3,0,0,1,33,0,3,0,1.0169566174851354,0.2090403727427316,0.904089279298436,1.9368999906794664,0,0,1,0,0,0,0,0,1,3,1,2,0,2,0,0.9388405218292788,1,1,high,1,328,0.007288888888888889,1,1,1,1,true_positive,top_1pct_review_queue,328
TXN_000088485,2026-03-15 02:55:47,2026-03-15,approved,1,account_takeover,ATO_001243,medium,CUST_007223,MERCH_000330,DEV_001310,PM_002051,affluent,FR,Paris,electronics,ES,high,desktop,ios,firefox,credit_card,ES,mobile,ES,ES,196.79,EUR,2,6,1,1,1,1,1,1,0,0,0,1836,0.214,0,5,3650,2,0,0,1241,0.0376,1,0,0,0,0,108.09558823529412,136.29,1.8205183320862528,1.443906376109766,88.69441176470588,60.5,0,0,0,1,0,1,0,29,291,37,40,140.5744827586207,144.4594501718213,97.90783783783785,113.92775,0.0089795918367346,0.0110610932475884,0.007719298245614,0.0073333333333333,0.0390380952380952,0.0511667738478027,0.0511029239766081,0.0318811111111111,7700.0,7700.0,7700.0,18917.0,0,0,0,0,1,4,0,1,0,2,0,5,1,1,1,3,2,2,1,29,0,21,0,3,0,13,0,0,1,16,0,29,0,1.3998984462770994,1.362250789172576,2.0099514435804213,1.7273227988791142,0,0,1,0,0,0,0,0,1,4,1,0,2,1,0,0.9387688414513552,1,1,high,1,329,0.007311111111111111,1,1,1,1,true_positive,top_1pct_review_queue,329
TXN_000249268,2026-03-21 02:27:30,2026-03-21,approved,0,none,,none,CUST_006678,MERCH_000786,DEV_000956,PM_004818,sme,IT,Turin,digital_services,ES,medium,mobile,android,safari,credit_card,ES,web,DE,ES,256.85,EUR,2,5,1,1,1,1,1,1,0,0,0,1657,0.412,1,6,2470,4,0,0,1698,0.065,0,0,0,0,0,159.3525974025974,25.9,1.611834411152268,9.91698841698842,97.4974025974026,230.95,0,1,0,0,0,1,0,61,293,37,67,255.425737704918,63.12112627986349,146.27756756756756,167.10253731343283,0.005432098765432,0.0365495207667731,0.007719298245614,0.0050574712643678,0.0606526748971193,0.0540347177848775,0.0511029239766081,0.0679639846743295,89428.0,13498.0,89428.0,109607.0,0,0,0,0,0,5,0,2,0,0,0,0,0,0,2,5,2,4,3,54,0,46,0,7,0,8,0,0,1,10,0,45,0,1.0055760328143886,4.069160598643164,1.7559083342109691,1.5370801911776395,0,1,1,0,0,0,0,0,1,4,0,0,1,3,0,0.93845175460614,1,1,high,1,330,0.007333333333333333,1,1,1,1,false_positive,top_1pct_review_queue,330
TXN_000021920,2026-03-15 06:53:52,2026-03-15,declined,1,stolen_card,SC_001611,medium,CUST_005962,MERCH_001051,DEV_002417,PM_011334,mass,ES,Valencia,travel,IT,high,mobile,windows,firefox,credit_card,ES,web,IT,IT,61.97,EUR,6,6,1,0,1,0,1,1,0,0,0,30,0.78,0,1,2017,3,0,0,1071,0.0705,1,0,0,0,0,10.701698113207549,229.43,5.790669793190993,0.270104171206904,51.26830188679245,-167.46,1,0,1,0,0,0,0,36,178,200,76,34.67472222222222,266.0319662921348,91.4475,67.85013157894737,0.0257142857142857,0.0375757575757575,0.0565454545454545,0.0254166666666666,0.0163011904761904,0.0702670033670033,0.0814221212121212,0.0615923611111111,135395.0,24349.0,135395.0,88345.0,0,0,0,0,0,3,0,1,0,0,0,0,0,0,1,10,3,3,1,36,0,8,0,0,1,3,0,0,1,21,0,36,0,1.78718086342116,0.2329419312412612,0.6776565789113972,0.9133364749321744,0,0,0,0,0,0,0,0,3,3,0,0,2,0,0,0.938413652389536,1,1,high,1,331,0.007355555555555555,1,1,1,1,true_positive,top_1pct_review_queue,331
TXN_000267367,2026-03-26 00:14:37,2026-03-26,approved,1,stolen_card,SC_001796,medium,CUST_005042,MERCH_000339,DEV_007371,PM_010441,mass,PT,Braga,travel,IT,low,mobile,ios,firefox,credit_card,IT,mobile,IT,IT,228.48,EUR,0,3,0,1,1,1,1,1,0,0,0,805,0.708,0,1,1297,2,0,0,1689,0.0796,0,0,0,0,0,56.85782608695652,163.15,4.018444174256154,1.4004290530186942,171.62217391304347,65.32999999999998,1,0,1,0,0,0,0,17,194,119,29,51.92705882352941,198.5378350515464,120.92873949579833,69.65965517241379,0.0118918918918918,0.0207476635514018,0.0031654676258992,0.0293877551020408,0.0516990990990991,0.0276302180685358,0.0137616306954436,0.0390380952380952,440447.0,87625.0,1014206.0,91023.0,0,0,0,0,0,2,0,0,0,0,0,0,0,0,0,5,2,1,2,17,0,2,0,0,1,2,0,0,1,17,0,11,0,4.400018124971679,1.150813395042208,1.8893771733057596,3.2799473301223188,1,0,0,0,0,0,0,0,3,3,1,0,0,0,0,0.9383037865900988,1,1,high,1,332,0.007377777777777777,1,1,1,1,true_positive,top_1pct_review_queue,332
TXN_000282683,2026-03-23 22:59:50,2026-03-23,approved,1,account_takeover,ATO_001327,medium,CUST_003103,MERCH_001029,DEV_006916,PM_006767,sme,FR,Paris,travel,ES,low,desktop,android,chrome,wallet,US,web,GB,ES,757.39,EUR,22,0,0,0,1,1,1,1,0,0,0,151,0.756,0,1,60,4,0,0,1346,0.0511,0,0,0,0,0,43.04711111111111,135.87,17.594444329726606,5.5743725620078015,714.3428888888889,621.52,1,1,0,0,0,0,0,92,236,102,105,135.3988043478261,173.61139830508475,151.51235294117646,128.93409523809524,0.0217857142857142,0.036875,0.0363934426229508,0.0355199999999999,0.0170791666666666,0.0387221354166666,0.0484661202185792,0.0313029333333333,1552.0,20124.0,1552.0,2636.0,0,0,0,1,1,4,0,2,1,1,1,1,1,1,2,4,3,4,3,77,0,66,0,12,0,29,0,0,1,70,0,70,0,5.593771700186808,4.362559183291928,4.998866332001662,5.874241399075792,1,1,0,0,0,0,0,0,1,3,0,2,0,3,0,0.9382898890197334,1,1,high,1,333,0.0074,1,1,1,1,true_positive,top_1pct_review_queue,333
TXN_000149390,2026-03-10 05:50:24,2026-03-10,approved,1,account_takeover,ATO_001186,medium,CUST_007411,MERCH_000481,DEV_001059,PM_010841,digital_native,ES,Valencia,marketplace,DE,high,mobile,windows,chrome,wallet,ES,mobile,FR,DE,97.74,EUR,5,1,0,1,1,0,1,1,0,0,0,525,0.31,1,15,30,3,0,0,1792,0.0515,1,0,0,0,0,31.6125,286.04,3.091814946619217,0.3417004614739197,66.1275,-188.3,1,0,0,1,0,1,0,33,214,51,27,96.96666666666668,189.7632710280374,132.2696078431373,157.00851851851854,0.1215094339622641,0.0446153846153846,0.1188732394366197,0.0519148936170212,0.0926955974842767,0.0209951566951566,0.0973643192488263,0.0619758865248227,601051.0,7234.0,81181.0,18309.0,0,0,0,0,0,1,0,1,0,1,0,3,0,0,1,4,2,4,3,10,0,23,0,5,0,4,0,0,1,23,0,10,0,1.0079752492265384,0.515062790973702,0.7389452618315234,0.6225139942866982,0,0,1,0,0,0,0,0,1,6,1,2,2,2,0,0.9380954870688692,1,1,high,1,334,0.007422222222222222,1,1,1,1,true_positive,top_1pct_review_queue,334
TXN_000114161,2026-03-10 22:40:25,2026-03-10,approved,0,none,,none,CUST_000862,MERCH_000448,DEV_005381,PM_008327,digital_native,IT,Rome,electronics,IT,low,mobile,android,chrome,credit_card,FR,web,PT,IT,580.7,EUR,22,1,0,0,0,1,1,1,0,0,0,2144,0.302,1,3,127,1,0,0,2783,0.0506,0,0,0,0,0,18.771052631578947,427.83,30.935931585588115,1.3573148213075288,561.9289473684211,152.87000000000006,1,0,1,1,0,1,0,42,233,122,41,63.56595238095239,340.7025321888412,111.7738524590164,62.29219512195121,0.0554838709677419,0.005691699604743,0.052394366197183,0.0563934426229508,0.063110752688172,0.0431338603425559,0.0698089201877934,0.0805387978142076,899.0,899.0,899.0,2974.0,0,0,0,1,1,2,1,2,1,1,1,1,1,1,2,4,2,1,2,35,0,11,0,8,0,19,0,0,1,42,0,35,0,9.135393685598384,1.7044193838809965,5.195311669273658,9.322195162060783,1,0,1,0,0,0,0,0,2,4,0,0,0,2,0,0.9379834608011836,1,1,high,1,335,0.0074444444444444445,1,1,1,1,false_positive,top_1pct_review_queue,335
TXN_000106660,2026-03-15 05:25:52,2026-03-15,approved,0,none,,none,CUST_001612,MERCH_000324,DEV_004735,PM_008242,digital_native,FR,Paris,digital_services,FR,high,desktop,ios,safari,credit_card,ES,mobile,FR,FR,119.23,EUR,5,6,1,1,0,1,0,1,0,0,0,1663,0.649,0,2,299,3,0,0,60,0.0608,1,0,0,0,0,61.30078431372549,31.81,1.9449995841783043,3.748192392329456,57.92921568627451,87.42,0,1,0,0,0,0,0,41,260,53,4,120.76926829268292,95.67196153846152,118.36735849056603,126.04999999999998,0.0727868852459016,0.2122857142857142,0.0471232876712328,0.06,0.0313584699453551,0.078260238095238,0.0262036529680365,0.0380361111111111,345024.0,224340.0,2348044.0,83654.0,0,0,0,0,0,2,0,0,0,0,0,1,0,0,0,3,1,4,3,41,0,29,0,8,0,18,0,0,1,30,0,4,0,0.9872544703264036,1.246237644579575,1.0072878327305304,0.9458944863149544,0,0,0,0,0,0,0,0,1,4,1,0,2,2,0,0.9375247066197118,1,1,high,1,336,0.007466666666666667,1,1,1,1,false_positive,top_1pct_review_queue,336
TXN_000078603,2026-03-15 07:13:38,2026-03-15,approved,0,none,,none,CUST_001775,MERCH_000486,DEV_004557,PM_006049,affluent,ES,Bilbao,marketplace,PT,high,mobile,android,firefox,credit_card,DE,mobile,IT,PT,699.0,EUR,7,6,1,0,1,1,1,1,0,0,1,425,0.698,0,2,527,3,0,0,1512,0.0335,1,0,0,0,0,267.8622222222223,308.98,2.60955051519023,2.2622823483720627,431.1377777777777,390.02,0,0,1,0,0,0,1,13,214,36,43,265.3023076923077,223.7091121495327,61.9375,183.99325581395348,0.0133333333333333,0.0531623931623931,0.0257142857142857,0.0228571428571428,0.0276626262626262,0.0551831908831908,0.0520154761904761,0.0303629629629629,1264377.0,630037.0,296085.0,12142.0,0,0,0,0,0,0,0,0,0,0,0,3,0,0,0,2,4,2,3,11,0,1,0,1,0,3,0,0,1,0,1,10,0,2.634730191682638,3.124593331418575,11.285570131180624,3.799052290844836,0,1,0,1,0,0,0,0,3,3,1,0,2,1,0,0.9367450327682778,1,1,high,1,337,0.007488888888888889,1,1,1,1,false_positive,top_1pct_review_queue,337
TXN_000174222,2026-03-22 04:14:54,2026-03-22,approved,1,stolen_card,SC_001730,medium,CUST_003438,MERCH_001076,DEV_002351,PM_011678,mass,DE,Munich,travel,DE,medium,mobile,windows,chrome,debit_card,ES,web,GB,DE,56.01,EUR,4,6,1,1,0,1,1,1,0,0,0,1712,0.895,0,2,892,1,0,0,2966,0.0698,0,0,0,0,0,18.047714285714285,430.43,3.1034400873874017,0.1301256882652231,37.96228571428571,-374.42,1,0,1,0,0,0,0,24,194,203,12,32.416666666666664,412.6411340206186,88.88226600985223,55.105,0.0099999999999999,0.0347663551401869,0.0199103139013452,0.0137499999999999,0.0889287878787878,0.0463218068535825,0.0399680119581464,0.0597770833333333,192172.0,16636.0,369570.0,94275.0,0,0,0,0,0,3,0,1,0,0,0,0,0,0,1,7,3,1,2,7,0,3,0,2,0,13,0,0,1,24,0,7,0,1.727814910025707,0.1357353772617378,0.6301594515354899,1.0164231920878324,0,0,0,0,0,0,0,0,2,3,0,1,1,0,0,0.9364629601367656,1,1,high,1,338,0.007511111111111111,1,1,1,1,true_positive,top_1pct_review_queue,338
TXN_000297976,2026-03-17 17:28:10,2026-03-17,approved,0,none,,none,CUST_000370,MERCH_000289,DEV_005821,PM_011656,sme,ES,Madrid,digital_services,DE,high,mobile,ios,firefox,credit_card,IT,web,ES,DE,153.57,EUR,17,1,0,0,1,1,0,1,0,0,1,3639,0.771,0,1,60,3,0,0,660,0.0799,1,0,0,0,0,96.41173913043478,66.25,1.5928558221757227,2.3180377358490567,57.15826086956521,87.32,0,0,0,0,0,0,1,58,261,100,112,180.03362068965518,102.68693486590038,108.3987,136.7720535714286,0.0953846153846153,0.2471174377224199,0.012,0.0715151515151515,0.0886264957264957,0.0993340450771055,0.0326072222222222,0.0675217171717171,205425.0,205425.0,146493.0,48072.0,0,0,0,0,0,3,0,0,0,0,0,1,0,0,0,5,7,3,2,41,0,40,0,4,0,4,0,0,1,38,0,41,0,0.853007340582937,1.4955164471560882,1.4167144070915978,1.122817095963239,0,0,0,1,0,0,0,0,1,3,0,0,2,3,0,0.9364585335889728,1,1,high,1,339,0.007533333333333334,1,1,1,1,false_positive,top_1pct_review_queue,339
TXN_000173579,2026-03-14 00:28:54,2026-03-14,approved,0,none,,none,CUST_002095,MERCH_000536,DEV_002827,PM_006284,sme,ES,Sevilla,marketplace,PT,high,mobile,windows,chrome,debit_card,PT,web,IT,PT,386.97,EUR,0,5,1,1,1,1,1,1,0,0,0,1890,0.85,0,3,60,3,1,1,875,0.0257,1,1,1,1,1,136.25111111111113,165.1,2.840123627941872,2.343852210781345,250.7188888888889,221.87000000000003,0,0,1,0,0,0,0,24,256,38,51,173.57333333333335,147.3230078125,92.16157894736844,100.32549019607842,0.0099999999999999,0.0342028985507246,0.0075862068965517,0.020281690140845,0.0207469696969696,0.0685248792270531,0.0329804597701149,0.0551107981220657,166303.0,166303.0,98956.0,413.0,0,0,0,0,0,1,0,0,0,0,3,5,0,0,0,3,4,3,3,21,0,6,0,2,0,0,1,0,1,15,0,19,0,2.229432324473805,2.6266772973607897,4.1988212921242445,3.857145369972248,0,0,0,0,0,0,0,0,3,5,0,1,2,3,0,0.9363065889053178,1,1,high,1,340,0.007555555555555556,1,1,1,1,false_positive,top_1pct_review_queue,340
TXN_000052388,2026-03-21 04:36:03,2026-03-21,approved,0,none,,none,CUST_008787,MERCH_000506,DEV_005508,PM_004354,affluent,IT,Turin,marketplace,PT,high,mobile,android,safari,credit_card,ES,web,ES,PT,218.46,EUR,4,5,1,1,1,1,1,1,0,0,1,1156,0.855,0,1,1646,1,1,0,1354,0.0557,1,1,0,1,0,63.344,154.61,3.448787572619348,1.4129745812043204,155.116,63.85,1,0,0,0,0,0,1,16,249,28,11,108.001875,130.67530120481928,95.3575,81.75818181818181,0.0122222222222222,0.0462453531598513,0.0091666666666666,0.0141935483870967,0.0253574074074074,0.0442857496902106,0.0190180555555555,0.0294473118279569,184036.0,127655.0,460651.0,1476.0,0,0,0,0,0,1,0,0,0,0,1,1,0,0,0,2,2,1,3,16,0,11,0,1,0,3,0,0,1,16,0,2,0,2.022742660717696,1.671777282973986,2.2909577117688698,2.6720261525118425,0,0,0,1,0,0,0,0,1,6,0,0,2,1,0,0.936110035331696,1,1,high,1,341,0.007577777777777778,1,1,1,1,false_positive,top_1pct_review_queue,341
TXN_000249533,2026-03-14 03:33:58,2026-03-14,approved,0,none,,none,CUST_003597,MERCH_000607,DEV_003018,PM_009675,digital_native,FR,Lyon,travel,IT,high,mobile,android,firefox,debit_card,DE,mobile,GB,IT,108.03,EUR,3,5,1,1,1,1,1,1,0,0,0,3401,0.02,0,4,111,2,1,0,903,0.0377,1,1,0,1,0,64.27021276595744,352.27,1.6808719833151258,0.3066681806568825,43.75978723404256,-244.24,0,0,0,1,1,1,0,25,181,28,35,113.336,345.31038674033147,79.0,88.77399999999999,0.0097777777777777,0.0618905472636815,0.0091666666666666,0.0079999999999999,0.0425081481481481,0.0791684908789386,0.0398513888888888,0.0529612121212121,183442.0,183442.0,509405.0,79667.0,0,0,0,0,0,1,0,0,0,0,0,1,0,0,0,2,3,3,2,16,0,18,0,2,0,6,0,0,1,21,0,16,0,0.9531834545069529,0.312848973411382,1.3674683544303798,1.2169103566359525,0,0,1,0,0,0,0,0,1,5,1,1,2,2,0,0.93603549766547,1,1,high,1,342,0.0076,1,1,1,1,false_positive,top_1pct_review_queue,342
TXN_000208047,2026-03-12 08:23:44,2026-03-12,approved,0,none,,none,CUST_005763,MERCH_000066,DEV_003414,PM_004857,digital_native,PT,Porto,electronics,DE,medium,mobile,ios,chrome,credit_card,FR,mobile,PT,DE,271.05,EUR,8,3,0,0,1,1,0,1,0,0,1,3389,0.821,0,1,483,3,0,0,2159,0.0407,0,0,0,0,0,138.5648,48.88,1.9561244991513,5.545212765957447,132.48520000000002,222.17,0,1,0,0,0,0,1,25,296,21,8,140.8036,127.28844594594594,139.03142857142856,123.16625000000002,0.0764444444444444,0.1849367088607595,0.0595121951219512,0.0157142857142857,0.0647303703703703,0.0820027426160337,0.0710455284552845,0.0326023809523809,345061.0,345061.0,967837.0,17981.0,0,0,0,0,0,1,0,0,0,0,0,4,0,0,0,1,2,4,3,21,0,19,0,6,0,3,0,0,1,21,0,4,0,1.9250218034197992,2.1294155803827124,1.949559195248762,2.2006840347903744,0,0,0,1,0,0,0,0,1,3,1,0,1,2,0,0.935785149762604,1,1,high,1,343,0.007622222222222222,1,1,1,1,false_positive,top_1pct_review_queue,343
TXN_000076433,2026-03-17 01:05:13,2026-03-17,approved,0,none,,none,CUST_007196,MERCH_000791,DEV_002262,PM_009380,sme,ES,Valencia,marketplace,IT,medium,desktop,macos,chrome,debit_card,ES,web,GB,IT,538.25,EUR,1,1,0,1,1,0,1,1,0,0,0,3390,0.919,0,3,1537,1,0,0,2739,0.0146,0,0,0,0,0,181.71125,202.09,2.962117095116566,2.6634172893265378,356.53875000000005,336.16,0,0,0,0,0,0,0,45,212,104,44,217.23288888888888,144.1194811320755,141.90923076923076,157.66636363636363,0.0221538461538461,0.0493103448275862,0.0116129032258064,0.0225,0.0448133333333333,0.0341071839080459,0.0396198924731182,0.0455135416666666,2804.0,2804.0,2804.0,1123.0,0,0,0,1,2,3,1,3,1,2,1,5,2,2,2,5,3,1,3,27,0,32,0,8,0,7,0,0,1,45,0,27,0,2.4777555680130288,3.734748389128124,3.792917466202665,3.4138543414459765,0,1,0,0,0,0,0,0,1,2,0,1,1,3,0,0.9357130491029488,1,1,high,1,344,0.007644444444444444,1,1,1,1,false_positive,top_1pct_review_queue,344
TXN_000222994,2026-03-12 04:37:31,2026-03-12,approved,0,none,,none,CUST_000340,MERCH_001104,DEV_005349,PM_005417,sme,PT,Lisboa,electronics,ES,high,mobile,windows,chrome,credit_card,IT,mobile,IT,ES,528.59,EUR,4,3,0,1,1,1,1,1,0,0,1,658,0.882,0,1,1075,1,0,0,3268,0.0217,1,0,0,0,0,64.24,205.55,8.228362391033626,2.571588421308684,464.35,323.04,1,0,0,0,0,0,1,78,287,78,76,142.58307692307693,201.5819860627178,142.58307692307693,152.5338157894737,0.0555102040816326,0.0307491856677524,0.0555102040816326,0.015,0.0501312925170068,0.0844067318132464,0.0501312925170068,0.0199256944444444,103726.0,103726.0,79693.0,4983.0,0,0,0,0,0,6,0,0,0,1,0,2,0,0,0,1,4,1,2,78,0,43,0,19,0,23,0,0,1,78,0,53,0,3.707242201577488,2.622208513391375,3.707242201577488,3.465395507639807,1,0,0,1,0,0,0,0,1,5,1,0,2,3,0,0.9356155668262548,1,1,high,1,345,0.007666666666666666,1,1,1,1,false_positive,top_1pct_review_queue,345
TXN_000035923,2026-03-21 22:10:11,2026-03-21,declined,1,stolen_card,SC_001717,medium,CUST_005708,MERCH_000056,DEV_001575,PM_004844,digital_native,ES,Valencia,marketplace,PT,low,desktop,windows,safari,debit_card,PT,mobile,FR,PT,289.24,EUR,22,5,1,0,1,1,1,1,0,0,0,2738,0.845,0,1,483,2,2,0,2735,0.0464,0,1,0,2,0,18.1725,160.23,15.91635713303068,1.8051550895587596,271.0675,129.01000000000002,1,0,0,0,0,0,0,61,283,70,66,53.21491803278688,130.11265017667847,74.48814285714286,59.02560606060607,0.0301234567901234,0.0245544554455445,0.016,0.0283720930232558,0.0359613168724279,0.029415401540154,0.0545874074074074,0.0338705426356589,109016.0,109016.0,109016.0,5723.0,0,0,0,0,0,1,0,0,0,0,0,4,0,0,0,3,2,2,1,61,0,50,0,8,0,1,0,0,1,41,0,61,0,5.4353179651952646,2.222996761707984,3.88303411664752,4.900246169484738,1,0,0,0,0,0,0,0,1,3,1,1,0,2,0,0.9355786553107834,1,1,high,1,346,0.007688888888888889,1,1,1,1,true_positive,top_1pct_review_queue,346
TXN_000275074,2026-03-12 02:11:07,2026-03-12,approved,0,none,,none,CUST_001494,MERCH_000630,DEV_004630,PM_011581,digital_native,FR,Paris,marketplace,FR,medium,mobile,macos,chrome,credit_card,FR,web,GB,FR,281.49,EUR,2,3,0,1,0,0,1,1,0,0,0,853,0.713,0,1,953,2,0,0,923,0.0471,0,0,0,0,0,43.28086206896552,133.15,6.503798365925849,2.1140818625610214,238.2091379310345,148.34,1,0,1,0,0,0,0,44,233,29,53,60.77727272727272,126.58467811158798,57.28379310344828,67.69735849056603,0.038125,0.0333596837944664,0.0293877551020408,0.0334246575342465,0.0455135416666666,0.0589441370223978,0.0186299319727891,0.0399022831050228,265024.0,281565.0,265024.0,24616.0,0,0,0,0,0,2,0,0,0,0,0,3,0,0,0,2,2,3,1,44,0,10,0,5,0,13,0,0,1,6,0,44,0,4.631501009647746,2.2237288445909598,4.9139553222612165,4.158064749885729,1,0,0,0,0,0,0,0,2,3,0,0,1,2,0,0.9355363721364413,1,1,high,1,347,0.007711111111111111,1,1,1,1,false_positive,top_1pct_review_queue,347
TXN_000262209,2026-03-21 04:10:53,2026-03-21,approved,0,none,,none,CUST_007356,MERCH_000410,DEV_006655,PM_002056,mass,ES,Valencia,electronics,IT,medium,desktop,android,chrome,credit_card,PT,mobile,FR,IT,87.33,EUR,4,5,1,1,1,1,1,1,0,0,1,2456,0.624,1,11,777,2,0,1,1552,0.0191,0,0,1,0,1,30.169473684210526,267.81,2.89464777921217,0.326089391732945,57.16052631578947,-180.48,0,0,0,0,0,1,1,13,230,62,27,84.08230769230771,242.75621739130435,106.96112903225809,96.5648148148148,0.1042424242424242,0.03376,0.1151219512195121,0.0731914893617021,0.0882686868686868,0.0516514666666666,0.0964983739837398,0.0619758865248227,631413.0,122357.0,631413.0,4208.0,0,0,0,0,0,0,0,0,0,0,0,2,0,0,0,3,2,1,1,13,0,9,0,0,1,0,1,0,1,13,0,13,0,1.0386251566688316,0.3597436182622287,0.8164648297014743,0.9043666698628824,0,0,1,1,0,0,0,0,3,5,1,0,1,0,0,0.9354109709289627,1,1,high,1,348,0.007733333333333333,1,1,1,1,false_positive,top_1pct_review_queue,348
TXN_000142200,2026-03-18 03:20:12,2026-03-18,approved,1,account_takeover,ATO_001260,medium,CUST_007964,MERCH_000487,DEV_001274,PM_006429,digital_native,ES,Valencia,marketplace,DE,high,tablet,android,firefox,wallet,ES,mobile,US,DE,81.15,EUR,3,2,0,1,1,0,1,1,0,0,0,1421,0.318,1,11,671,2,0,1,2028,0.0245,1,0,1,0,1,74.14137254901961,135.8,1.0945305867698436,0.5975699558173785,7.008627450980399,-54.650000000000006,0,0,0,1,0,1,0,58,307,92,117,107.14396551724138,145.06850162866448,117.35054347826087,144.33384615384614,0.0441025641025641,0.2643425076452599,0.0753571428571428,0.0543065693430656,0.0373444444444444,0.1006509683995922,0.0527934523809523,0.0504588807785888,97415.0,96573.0,97415.0,12614.0,0,0,0,0,0,3,0,0,0,0,0,1,0,0,0,4,5,2,2,50,0,41,0,9,0,9,0,0,1,43,0,50,0,0.7573921649086389,0.5593909021527066,0.6915178881556097,0.5622381871089462,0,0,1,0,0,0,0,0,1,6,1,2,2,2,0,0.9352896940685111,1,1,high,1,349,0.0077555555555555555,1,1,1,1,true_positive,top_1pct_review_queue,349
TXN_000040726,2026-03-16 18:18:45,2026-03-16,approved,0,none,,none,CUST_004644,MERCH_001093,DEV_002977,PM_007868,mass,IT,Milan,electronics,ES,high,desktop,windows,edge,debit_card,GB,mobile,FR,ES,121.61,EUR,18,0,0,0,1,1,1,1,0,0,0,1087,0.351,1,5,735,1,0,0,716,0.034,1,0,0,0,0,6.0,343.9,20.26833333333333,0.3536202384414074,115.61,-222.29,1,0,1,0,0,1,0,17,273,17,27,58.77235294117647,287.39435897435897,58.77235294117647,46.27148148148149,0.0118918918918918,0.0185665529010238,0.0118918918918918,0.0093617021276595,0.0516990990990991,0.0440712172923777,0.0516990990990991,0.0406992907801418,267289.0,267289.0,17129.0,1565.0,0,0,0,0,0,2,0,0,0,2,1,3,0,0,0,1,4,1,2,4,0,1,0,2,0,4,0,0,1,17,0,4,0,2.069170178054908,0.423146788385119,2.069170178054908,2.628184707002953,0,0,1,0,0,0,0,0,2,4,1,1,2,0,0,0.9351025252385056,1,1,high,1,350,0.0077777777777777776,1,1,1,1,false_positive,top_1pct_review_queue,350
TXN_000025457,2026-03-09 06:08:24,2026-03-09,approved,0,none,,none,CUST_001036,MERCH_000366,DEV_001316,PM_011536,affluent,DE,Berlin,travel,FR,high,mobile,android,chrome,credit_card,ES,web,IT,FR,629.61,EUR,6,0,0,0,1,1,1,1,0,0,1,2475,0.661,0,1,1000,1,1,0,1784,0.0121,1,1,0,1,0,206.768,272.25,3.0450069643271687,2.312617079889807,422.842,357.36,1,0,1,0,0,0,1,24,152,52,64,252.39416666666668,340.32236842105266,156.89365384615385,128.5584375,0.0099999999999999,0.0374418604651162,0.02,0.0171428571428571,0.0434742424242424,0.0808887596899224,0.0404564814814814,0.0346769841269841,21607.0,21607.0,4539.0,29908.0,0,0,0,0,1,3,0,1,0,1,0,1,1,1,1,3,3,1,3,21,0,5,0,5,0,5,0,0,1,24,0,3,0,2.494550521175542,1.8500400162384736,4.012973020676671,4.897461514340511,0,0,0,1,0,0,0,0,2,5,0,0,2,1,0,0.9347618372654768,1,1,high,1,351,0.0078,1,1,1,1,false_positive,top_1pct_review_queue,351
TXN_000136692,2026-03-18 01:54:04,2026-03-18,approved,0,none,,none,CUST_006921,MERCH_000977,DEV_001915,PM_006031,digital_native,IT,Rome,electronics,IT,medium,mobile,ios,chrome,credit_card,DE,web,US,IT,595.58,EUR,1,2,0,1,0,1,1,1,0,1,0,1533,0.928,0,2,690,1,0,0,863,0.0184,0,0,0,0,0,26.924468085106383,289.32,22.120399857758112,2.0585510853034705,568.6555319148937,306.26000000000005,1,0,1,0,0,0,1,34,263,14,41,67.86441176470589,227.73019011406845,81.34071428571428,128.17634146341462,0.0266666666666666,0.0121554770318021,0.0423529411764705,0.0072131147540983,0.0539419753086419,0.0491620730270906,0.0562607843137254,0.0641453551912568,90839.0,90839.0,6010.0,38895.0,0,0,0,0,0,3,0,0,0,1,0,4,0,0,0,1,3,2,2,25,0,9,0,4,0,16,0,0,1,14,0,25,0,8.776028326377421,2.6152878531462087,7.322040447149118,4.646567324360685,1,0,0,1,0,0,0,0,2,4,0,0,1,2,0,0.9347082085181744,1,1,high,1,352,0.007822222222222222,1,1,1,1,false_positive,top_1pct_review_queue,352
TXN_000102951,2026-03-25 02:45:48,2026-03-25,approved,1,stolen_card,SC_001781,medium,CUST_004602,MERCH_000902,DEV_001566,PM_003153,sme,PT,Braga,marketplace,ES,high,desktop,android,firefox,debit_card,FR,web,PT,ES,643.12,EUR,2,2,0,1,1,1,0,1,0,0,0,3122,0.785,0,1,3171,3,1,0,1596,0.0273,1,1,0,1,0,66.21155339805826,95.26,9.713108468149311,6.751207222338862,576.9084466019417,547.86,1,1,0,0,0,0,0,102,340,83,115,144.18764705882353,104.73326470588236,148.5778313253012,115.73252173913043,0.0527868852459016,0.0234444444444444,0.0528155339805825,0.0254814814814814,0.0812530054644808,0.060869074074074,0.067115210355987,0.0512064197530864,174318.0,174318.0,78514.0,6325.0,0,0,0,0,0,5,0,0,0,1,0,4,0,0,0,2,3,3,4,93,0,63,0,29,0,29,0,0,1,67,0,69,0,4.4602988752401895,6.140551445675302,4.328505768750467,5.556951411200038,1,1,0,0,0,0,0,0,1,6,0,1,2,3,0,0.9346371474619056,1,1,high,1,353,0.007844444444444444,1,1,1,1,true_positive,top_1pct_review_queue,353
TXN_000079610,2026-03-20 21:22:32,2026-03-20,declined,1,merchant_collusion,MC_001006,medium,CUST_007286,MERCH_000345,DEV_006458,PM_009139,sme,PT,Porto,digital_services,IT,high,tablet,android,chrome,credit_card,ES,web,PT,IT,297.18,EUR,21,4,0,0,1,1,0,1,0,0,0,2810,0.941,0,1,1567,4,2,1,1029,0.0653,1,1,1,2,1,91.35023529411764,65.35,3.253193591052922,4.54751338944147,205.82976470588235,231.83,1,1,0,0,0,0,0,101,273,74,76,142.86425742574255,87.53216117216117,140.03851351351352,133.1953947368421,0.036694214876033,0.2335836177474402,0.0472340425531914,0.0358333333333333,0.0323377410468319,0.0884398179749715,0.0416262411347517,0.0407590277777777,88472.0,88472.0,149775.0,14396.0,0,0,0,0,0,10,0,0,0,0,0,4,0,0,0,1,2,4,3,70,0,64,0,15,0,18,0,1,0,74,0,70,0,2.080156404091955,3.395094968756644,2.1221304949893125,2.23115822125192,0,1,0,0,0,0,0,0,0,6,0,0,2,3,0,0.9345839361305892,1,1,high,1,354,0.007866666666666666,1,1,1,1,true_positive,top_1pct_review_queue,354
TXN_000203351,2026-03-16 19:19:14,2026-03-16,approved,0,none,,none,CUST_002001,MERCH_001090,DEV_001294,PM_006048,digital_native,FR,Lyon,electronics,ES,medium,mobile,ios,firefox,credit_card,DE,mobile,DE,ES,203.1,EUR,19,0,0,0,1,1,1,1,0,0,0,1189,0.785,0,2,496,4,0,0,2022,0.0444,0,0,0,0,0,28.489636363636365,68.84,7.1289081196990285,2.950319581638582,174.61036363636362,134.26,1,0,0,0,0,0,0,55,284,97,58,75.50163636363636,104.20228873239436,72.50432989690721,75.61137931034483,0.0192,0.0113157894736842,0.0123076923076923,0.0441025641025641,0.0521715555555555,0.0556344298245614,0.0334433048433048,0.0373444444444444,68290.0,68290.0,221426.0,71106.0,0,0,0,0,1,4,0,1,0,0,0,1,1,1,1,5,3,5,3,6,0,41,0,8,0,14,0,0,1,41,0,6,0,2.6900079227662737,1.949093464939032,2.8012120143553463,2.686103624249224,0,0,0,0,0,0,0,0,1,2,1,0,1,2,0,0.9345201458476644,1,1,high,1,355,0.00788888888888889,1,1,1,1,false_positive,top_1pct_review_queue,355
TXN_000199240,2026-03-14 08:45:58,2026-03-14,approved,0,none,,none,CUST_005671,MERCH_000696,DEV_004550,PM_008526,affluent,IT,Rome,marketplace,ES,medium,mobile,ios,chrome,credit_card,PT,mobile,IT,ES,441.89,EUR,8,5,1,0,1,1,0,1,0,1,0,673,0.866,0,2,315,3,0,0,60,0.0464,0,0,0,0,0,73.4346511627907,237.92,6.017458965256247,1.8573049764626768,368.45534883720927,203.97,1,0,1,0,0,0,1,49,351,92,72,137.8234693877551,178.0519943019943,169.8163043478261,127.67027777777778,0.0208695652173913,0.1575202156334231,0.0217857142857142,0.0156521739130434,0.042215458937198,0.0536734950584007,0.0349363095238095,0.0207920289855072,580624.0,92637.0,121161.0,13977.0,0,0,0,0,0,1,0,0,0,0,0,4,0,0,0,5,4,3,3,49,0,9,0,9,0,14,0,0,1,31,0,32,0,3.2062028474756974,2.481803148188891,2.602164743232777,3.4611814722386005,1,0,0,1,0,0,0,0,2,3,1,0,1,1,0,0.9345134947732344,1,1,high,1,356,0.007911111111111112,1,1,1,1,false_positive,top_1pct_review_queue,356
TXN_000086886,2026-03-17 02:03:02,2026-03-17,approved,0,none,,none,CUST_008204,MERCH_000743,DEV_006282,PM_008247,affluent,ES,Valencia,electronics,ES,low,desktop,windows,firefox,credit_card,IT,web,ES,ES,280.57,EUR,2,1,0,1,0,1,0,1,0,0,0,1149,0.292,1,1,1304,2,0,0,3188,0.0475,0,0,0,0,0,206.36206896551724,298.15,1.359600634973682,0.9410363910783164,74.20793103448275,-17.579999999999984,0,0,0,1,0,1,0,26,342,14,46,269.745,256.19321637426896,255.61142857142855,219.88304347826087,0.0747826086956521,0.0150276243093922,0.1011764705882353,0.0521212121212121,0.0415840579710144,0.0356709023941068,0.0268490196078431,0.0592858585858585,236.0,2640.0,236.0,2100.0,1,0,1,2,2,4,1,1,2,2,1,2,2,1,1,1,2,2,1,26,0,17,0,3,0,17,0,0,1,14,0,26,0,1.0401304936143394,1.0951499964390914,1.097642627202003,1.275996527798375,0,0,1,0,0,0,0,0,1,4,0,0,0,1,0,0.9343161651187104,1,1,high,1,357,0.007933333333333334,1,1,1,1,false_positive,top_1pct_review_queue,357
TXN_000012308,2026-03-23 01:29:38,2026-03-23,approved,0,none,,none,CUST_002822,MERCH_000460,DEV_005117,PM_009665,affluent,PT,Lisboa,electronics,ES,medium,mobile,macos,chrome,credit_card,ES,web,GB,ES,242.71,EUR,1,0,0,1,1,1,1,1,0,0,0,699,0.894,0,1,1250,3,0,0,3178,0.0238,0,0,0,0,0,94.08209302325582,235.77,2.5797682874678967,1.0294354667684609,148.6279069767442,6.939999999999998,0,0,1,0,0,0,0,49,376,9,67,151.4265306122449,196.6848138297872,63.53333333333333,129.91835820895523,0.0208695652173913,0.1273737373737373,0.0151724137931034,0.016551724137931,0.0712009661835748,0.0502850168350168,0.0314781609195402,0.0564697318007662,426985.0,2427253.0,252324.0,16335.0,0,0,0,0,0,1,0,0,0,0,0,5,0,0,0,2,4,3,2,32,0,11,0,6,0,18,0,0,1,6,0,32,0,1.6028234881871724,1.2340047778678196,3.820199370409234,1.8681732385321208,0,0,0,0,0,0,0,0,2,2,0,0,1,1,0,0.9342149580081406,1,1,high,1,358,0.007955555555555556,1,1,1,1,false_positive,top_1pct_review_queue,358
TXN_000075129,2026-03-23 02:00:40,2026-03-23,approved,0,none,,none,CUST_000892,MERCH_000194,DEV_000396,PM_002988,sme,PT,Lisboa,marketplace,FR,low,mobile,android,firefox,debit_card,DE,web,US,FR,422.59,EUR,2,0,0,1,1,1,1,1,1,1,0,1774,0.588,0,1,331,1,0,0,2169,0.0393,0,0,0,0,0,117.2517808219178,97.95,3.604124364147871,4.31434405308831,305.33821917808217,324.64,1,1,1,0,0,0,1,71,254,93,50,197.51408450704224,106.13507874015748,167.32720430107528,205.7062,0.0158241758241758,0.0344525547445255,0.0127433628318584,0.0205714285714285,0.0429985347985348,0.0471272506082725,0.0434766961651917,0.0558980952380952,92331.0,92331.0,98493.0,7122.0,0,0,0,0,0,4,0,0,0,0,0,3,0,0,0,5,1,1,3,64,0,15,0,22,0,19,0,0,1,71,0,50,0,2.139543623203908,3.981624219025599,2.525530751351257,2.054337691328701,0,1,0,1,0,0,0,0,2,5,0,1,0,3,0,0.9341739491204925,1,1,high,1,359,0.007977777777777778,1,1,1,1,false_positive,top_1pct_review_queue,359
TXN_000267244,2026-03-14 00:47:49,2026-03-14,approved,0,none,,none,CUST_008969,MERCH_000487,DEV_007382,PM_000708,sme,IT,Milan,marketplace,DE,high,mobile,android,chrome,wallet,GB,web,IT,DE,409.19,EUR,0,5,1,1,1,1,0,1,0,0,0,428,0.876,0,2,1018,4,1,0,2028,0.0245,1,1,0,1,0,113.697,135.8,3.5989515994265457,3.0131811487481586,295.493,273.39,1,1,0,0,0,0,0,31,294,42,38,167.208064516129,146.76333333333332,162.16666666666666,135.0484210526316,0.0086274509803921,0.2657324840764331,0.0232258064516129,0.0075862068965517,0.0375071895424836,0.1016333333333333,0.063110752688172,0.0329804597701149,113082.0,196918.0,113082.0,2662.0,0,0,0,0,0,4,0,0,0,0,1,1,0,0,0,4,3,4,3,21,0,21,0,11,0,2,0,0,1,20,0,21,0,2.4471905777040392,2.7880942106339006,2.523268242548818,3.0299502712477397,0,0,0,0,0,0,0,0,1,6,0,2,2,3,0,0.9341287462221994,1,1,high,1,360,0.008,1,1,1,1,false_positive,top_1pct_review_queue,360
TXN_000135012,2026-03-22 03:54:50,2026-03-22,approved,0,none,,none,CUST_002287,MERCH_000473,DEV_006336,PM_000548,sme,IT,Rome,marketplace,FR,high,desktop,ios,chrome,credit_card,GB,mobile,PT,FR,84.48,EUR,3,6,1,1,1,1,1,1,0,0,0,2242,0.327,1,9,1628,1,0,0,1739,0.0081,1,0,0,0,0,48.93081081081081,266.92,1.7265195201166568,0.3164993256406413,35.54918918918919,-182.44,0,0,0,1,0,1,0,64,241,76,87,117.10328125,192.66427385892115,130.86907894736842,177.87494252873563,0.029047619047619,0.0093486590038314,0.0358333333333333,0.0134579439252336,0.046581746031746,0.0494745849297573,0.0511756944444444,0.0926436137071651,280912.0,82808.0,110125.0,30283.0,0,0,0,0,0,2,0,1,0,0,0,1,0,0,1,2,5,1,3,20,0,43,0,13,0,9,0,0,1,64,0,11,0,0.7214144565227544,0.4384829543533363,0.6455306377908818,0.474940420494316,0,0,1,0,0,0,0,0,1,5,1,0,2,3,0,0.9340144107720684,1,1,high,1,361,0.008022222222222222,1,1,1,1,false_positive,top_1pct_review_queue,361
TXN_000205727,2026-03-12 23:07:18,2026-03-12,declined,1,stolen_card,SC_001570,medium,CUST_000320,MERCH_000978,DEV_004254,PM_002236,sme,PT,Braga,digital_services,ES,low,mobile,android,chrome,credit_card,ES,mobile,FR,ES,254.79,EUR,23,3,0,0,1,1,1,1,0,0,0,594,0.359,0,3,732,2,0,0,3200,0.0573,0,0,0,0,0,104.4247,104.09,2.439939975886931,2.447785570179652,150.3653,150.7,0,0,1,0,0,0,0,70,274,21,64,181.69114285714284,81.02970802919708,173.07857142857142,230.041875,0.016,0.0389115646258503,0.0107317073170731,0.029047619047619,0.0434762962962963,0.0473226757369614,0.0466552845528455,0.046581746031746,452189.0,612138.0,3363.0,17415.0,0,0,0,0,0,1,0,0,1,1,0,1,0,0,0,1,2,2,3,58,0,15,0,8,0,20,0,0,1,21,0,51,0,1.4023248243880118,3.144402296355216,1.4721059799430485,1.107580956727987,0,1,0,0,0,0,0,0,2,1,1,0,0,3,0,0.9339803931753372,1,1,high,1,362,0.008044444444444444,1,1,1,1,true_positive,top_1pct_review_queue,362
TXN_000252456,2026-03-13 06:54:35,2026-03-13,approved,1,stolen_card,SC_001580,medium,CUST_003613,MERCH_000801,DEV_002307,PM_009719,affluent,ES,Barcelona,marketplace,IT,high,desktop,android,firefox,credit_card,DE,mobile,ES,IT,950.0,EUR,6,4,0,0,1,1,0,1,0,0,0,2541,0.512,1,12,2311,2,0,0,1652,0.031,1,0,0,0,0,133.92365853658535,176.5,7.093593547106379,5.38243626062323,816.0763414634147,773.5,1,1,0,0,0,1,0,39,234,25,32,211.6951282051282,133.08478632478634,232.9724,180.8190625,0.0244067796610169,0.0489763779527559,0.032,0.0276923076923076,0.0324214689265536,0.0665860892388451,0.0202859259259259,0.0560166666666666,42187.0,42187.0,42187.0,14215.0,0,0,0,0,1,6,0,1,0,1,0,2,1,1,1,1,3,2,3,39,0,29,0,5,0,4,0,0,1,25,0,21,0,4.487585557847461,7.138306535516206,4.077736246868728,5.253870841189656,1,1,1,0,0,0,0,0,1,5,1,0,2,1,0,0.9337599698100092,1,1,high,1,363,0.008066666666666666,1,1,1,1,true_positive,top_1pct_review_queue,363
TXN_000049903,2026-03-10 03:48:53,2026-03-10,approved,0,none,,none,CUST_008749,MERCH_001132,DEV_002030,PM_004431,digital_native,DE,Berlin,marketplace,PT,low,mobile,ios,chrome,credit_card,ES,mobile,GB,PT,201.46,EUR,3,1,0,1,1,1,1,1,0,0,0,637,0.633,1,12,1087,3,0,0,3152,0.0493,0,0,0,0,0,12.379473684210526,212.33,16.273712852344715,0.9488061037064944,189.08052631578948,-10.870000000000005,1,0,0,0,0,1,0,47,261,103,52,60.45382978723404,168.4421072796935,96.86825242718449,63.24538461538461,0.0513432835820895,0.0478291814946619,0.0848780487804878,0.0477777777777777,0.0733263681592039,0.056629418742586,0.0480720867208672,0.0682342592592592,8935.0,35908.0,174729.0,24115.0,0,0,0,0,1,4,0,1,0,0,0,3,1,1,1,5,3,3,2,31,0,36,0,7,0,6,0,0,1,31,0,31,0,3.3324605026519274,1.196019233275687,2.0797319550224858,3.185370778044005,1,0,1,0,0,0,0,0,1,4,1,0,0,2,0,0.9335853033309016,1,1,high,1,364,0.008088888888888889,1,1,1,1,false_positive,top_1pct_review_queue,364
TXN_000008676,2026-03-11 04:51:53,2026-03-11,approved,0,none,,none,CUST_004726,MERCH_000259,DEV_005763,PM_006717,mass,PT,Porto,electronics,DE,high,mobile,macos,safari,debit_card,ES,web,ES,DE,140.66,EUR,4,2,0,1,1,1,1,1,0,0,0,1624,0.872,0,1,1901,1,0,0,1303,0.0308,1,0,0,0,0,36.99172413793104,201.99,3.802472127968977,0.6963711074805683,103.66827586206897,-61.33000000000001,1,0,1,0,0,0,0,29,201,79,45,70.71310344827587,196.45462686567163,57.48430379746836,74.91222222222223,0.0089795918367346,0.0155656108597285,0.0044444444444444,0.0221538461538461,0.0594462585034013,0.0539043740573152,0.0597259259259259,0.0601979487179487,192646.0,192646.0,189925.0,94165.0,0,0,0,0,0,2,0,0,0,0,0,0,0,0,0,5,2,1,1,29,0,8,0,3,0,2,0,0,1,29,0,29,0,1.9891645698012363,0.7159922993118308,2.4469288259205597,1.8776642292460803,0,0,0,0,0,0,0,0,2,4,0,1,2,0,0,0.9334076642802386,1,1,high,1,365,0.00811111111111111,1,1,1,1,false_positive,top_1pct_review_queue,365
TXN_000264030,2026-03-20 23:26:52,2026-03-20,approved,1,merchant_collusion,MC_001008,medium,CUST_009736,MERCH_000819,DEV_007765,PM_004138,affluent,ES,Valencia,marketplace,ES,medium,mobile,ios,edge,credit_card,US,mobile,ES,ES,389.37,EUR,23,4,0,0,0,1,0,1,1,0,0,2053,0.45,1,10,2536,4,0,0,868,0.0197,0,0,0,0,0,110.22028571428572,201.14,3.532652791422891,1.9358158496569555,279.1497142857143,188.23,1,0,0,0,0,1,0,27,323,84,35,163.51074074074074,163.23696594427244,117.02583333333334,152.95857142857145,0.0306382978723404,0.1674635568513119,0.0619230769230769,0.0079999999999999,0.0619758865248227,0.0405622934888241,0.0953160256410256,0.0529612121212121,54743.0,4788.0,54743.0,52802.0,0,0,0,0,1,2,0,3,0,1,0,6,1,1,2,4,2,4,2,27,0,21,0,0,1,19,0,0,1,19,0,9,0,2.3813114553580124,2.3853052998603714,3.327214076663984,2.545591243193768,0,0,1,0,0,0,0,0,2,3,1,0,1,1,0,0.9332538955485512,1,1,high,1,366,0.008133333333333333,1,1,1,1,true_positive,top_1pct_review_queue,366
TXN_000164781,2026-03-08 20:51:57,2026-03-08,declined,1,stolen_card,SC_001508,medium,CUST_004883,MERCH_000067,DEV_002005,PM_007331,affluent,DE,Berlin,electronics,ES,medium,mobile,macos,chrome,credit_card,DE,web,IT,ES,950.0,EUR,20,6,1,0,1,0,1,1,0,0,0,1545,0.897,0,2,1316,3,0,0,337,0.0391,0,0,0,0,0,215.92952380952383,292.47,4.399583638400536,3.248196396211577,734.0704761904761,657.53,1,1,0,0,0,0,0,23,285,43,43,234.84434782608696,253.7156140350877,134.8672093023256,150.44953488372093,0.0334883720930232,0.0178360655737704,0.0228571428571428,0.0228571428571428,0.0677410852713178,0.0488946448087431,0.0621089947089947,0.0462359788359788,143234.0,143234.0,86351.0,3854.0,0,0,0,0,0,1,0,0,0,1,0,3,0,0,0,3,2,3,1,23,0,12,0,5,0,8,0,0,1,19,0,23,0,4.045232549959085,3.744349765831201,7.043965726838975,6.314409683846704,1,1,0,0,0,0,0,0,1,3,0,0,1,1,0,0.9327064055046324,1,1,high,1,367,0.008155555555555555,1,1,1,1,true_positive,top_1pct_review_queue,367
TXN_000199538,2026-03-21 04:54:42,2026-03-21,approved,1,account_takeover,ATO_001291,medium,CUST_005473,MERCH_000165,DEV_006336,PM_006814,sme,FR,Lyon,electronics,DE,medium,desktop,ios,chrome,credit_card,ES,mobile,US,DE,285.96,EUR,4,5,1,1,1,1,1,1,0,0,0,3101,0.327,1,9,2508,3,1,0,3762,0.0463,0,1,0,1,0,106.98837209302326,315.97,2.672813824584284,0.9050226287305756,178.97162790697672,-30.010000000000048,0,0,0,1,0,1,0,96,234,75,64,185.3116666666667,270.02004273504275,128.8012,171.72234375000002,0.0210344827586206,0.0450393700787401,0.0256842105263157,0.0171428571428571,0.0509729885057471,0.0665860892388451,0.0517143859649122,0.0584865079365079,160153.0,198104.0,368106.0,3732.0,0,0,0,0,0,7,0,0,0,0,0,4,0,0,0,2,1,3,3,96,0,53,0,26,0,9,0,0,1,11,0,64,0,1.54313004218119,1.0590324966380305,2.220165650630584,1.6652463142263625,0,0,1,0,0,0,0,0,1,5,1,0,1,3,0,0.9327025972887268,1,1,high,1,368,0.008177777777777779,1,1,1,1,true_positive,top_1pct_review_queue,368
TXN_000243205,2026-03-21 00:29:03,2026-03-21,approved,1,stolen_card,SC_001707,medium,CUST_004097,MERCH_000297,DEV_005721,PM_005548,affluent,ES,Sevilla,electronics,ES,low,mobile,android,safari,credit_card,ES,mobile,US,ES,950.0,EUR,0,5,1,1,0,0,1,1,0,1,1,30,0.23,0,1,2167,2,0,0,1828,0.0418,0,0,0,0,0,128.25578947368422,300.65,7.407073036612689,3.159820389156827,821.7442105263158,649.35,1,1,0,1,0,1,1,19,357,17,4,154.41631578947369,242.3698879551821,156.38176470588235,210.6925,0.0369230769230769,0.0170822281167108,0.0118918918918918,0.0183333333333333,0.0490478632478632,0.0395566755083996,0.024672072072072,0.0380361111111111,317221.0,317221.0,317221.0,6729.0,0,0,0,0,0,1,0,0,0,0,0,3,0,0,0,2,1,2,3,19,0,15,0,2,0,12,0,0,1,14,0,4,0,6.152199624392023,3.919628828543542,6.074877091882986,4.508940754891608,1,1,1,1,0,0,0,0,1,6,1,0,0,1,0,0.9325508747845376,1,1,high,1,369,0.0082,1,1,1,1,true_positive,top_1pct_review_queue,369
TXN_000073808,2026-03-10 05:12:29,2026-03-10,approved,0,none,,none,CUST_007824,MERCH_000530,DEV_002520,PM_004116,mass,FR,Marseille,electronics,PT,high,mobile,macos,safari,credit_card,ES,mobile,DE,PT,182.66,EUR,5,1,0,1,1,1,1,1,0,0,1,1550,0.676,0,3,750,2,0,0,2710,0.033,1,0,0,0,0,28.997857142857143,217.28,6.299086139369903,0.8406664212076583,153.66214285714284,-34.620000000000005,1,0,1,0,0,0,1,19,231,16,12,39.88368421052632,186.8705627705628,31.043125000000003,39.80083333333334,0.0369230769230769,0.0256573705179282,0.04,0.045,0.1259709401709401,0.0554297476759628,0.1086907407407407,0.1222770833333333,283103.0,283103.0,283103.0,13100.0,0,0,0,0,0,3,0,0,0,0,0,3,0,0,0,1,1,2,3,19,0,3,0,4,0,0,1,0,1,16,0,12,0,4.579817627574921,0.9774680254175054,5.884072560349513,4.589351144239023,1,0,0,1,0,0,0,0,3,5,1,0,2,0,0,0.9323887555619824,1,1,high,1,370,0.008222222222222223,1,1,1,1,false_positive,top_1pct_review_queue,370
TXN_000018874,2026-03-11 22:30:55,2026-03-11,approved,0,none,,none,CUST_002108,MERCH_000396,DEV_006964,PM_006770,sme,DE,Munich,electronics,ES,high,mobile,windows,safari,credit_card,US,mobile,DE,ES,1284.6,EUR,22,2,0,0,1,1,0,1,0,0,0,2654,0.281,1,6,554,1,0,0,2211,0.0307,1,0,0,0,0,101.36064102564104,311.1,12.673558365470845,4.129218900675023,1183.2393589743588,973.5,1,1,0,1,0,1,0,65,337,82,50,153.72092307692307,247.2752225519288,145.0020731707317,102.51919999999998,0.0169411764705882,0.1580952380952381,0.0239215686274509,0.0062857142857142,0.046033725490196,0.0501760971055088,0.0481653594771241,0.0273266666666666,89979.0,89979.0,67509.0,106.0,0,0,0,0,0,5,0,0,0,2,2,5,0,0,0,3,3,1,2,65,0,47,0,16,0,22,0,0,1,65,0,17,0,8.356702355717553,5.195021105401002,8.859183678618557,12.530335781004926,1,1,1,0,0,0,0,0,1,6,1,0,2,3,0,0.9323556488573456,1,1,high,1,371,0.008244444444444445,1,1,1,1,false_positive,top_1pct_review_queue,371
TXN_000026892,2026-03-16 03:10:42,2026-03-16,approved,1,account_takeover,ATO_001245,medium,CUST_006937,MERCH_000284,DEV_007887,PM_009683,sme,ES,Madrid,marketplace,FR,low,desktop,windows,firefox,debit_card,IT,mobile,DE,FR,259.41,EUR,3,0,0,1,1,1,1,1,1,0,0,343,0.322,1,6,1880,3,0,0,60,0.0383,0,0,0,0,0,97.97735294117648,150.19,2.6476526688340343,1.7272121978826822,161.43264705882353,109.22000000000004,0,0,0,1,0,1,0,54,232,66,43,186.11185185185187,129.3998706896552,140.8459090909091,163.86511627906978,0.0194594594594594,0.0295238095238095,0.0283720930232558,0.0069841269841269,0.0258495495495495,0.0353685185185185,0.0454984496124031,0.014489947089947,13361.0,13361.0,92175.0,10178.0,0,0,0,0,3,7,0,2,0,0,0,1,3,1,1,2,3,3,4,29,0,38,0,11,0,5,0,0,1,35,0,29,0,1.3938392285005832,2.004716068242087,1.841800032917986,1.5830703073997332,0,0,1,0,0,0,0,0,1,4,1,1,0,3,0,0.9323499196165091,1,1,high,1,372,0.008266666666666667,1,1,1,1,true_positive,top_1pct_review_queue,372
TXN_000274951,2026-03-17 17:34:46,2026-03-17,approved,1,stolen_card,SC_001641,medium,CUST_009373,MERCH_001048,DEV_002213,PM_008477,affluent,FR,Paris,electronics,IT,medium,mobile,macos,chrome,credit_card,DE,mobile,DE,IT,47.69,EUR,17,1,0,0,1,1,1,1,0,0,0,2319,0.725,0,1,405,1,0,0,3102,0.004,0,0,0,0,0,83.64769230769231,357.57,0.5701292968678155,0.1333724865061386,-35.95769230769231,-309.88,0,0,0,0,0,0,0,50,227,107,71,166.3134,314.23422907488987,117.78588785046728,150.7638028169014,0.0062857142857142,0.0301214574898785,0.0113385826771653,0.0048351648351648,0.0701838095238095,0.0482302294197031,0.0544320209973753,0.0539875457875457,327397.0,139325.0,311709.0,60881.0,0,0,0,0,0,4,0,0,0,0,0,1,0,0,0,5,4,1,1,50,0,28,0,9,0,7,0,0,1,50,0,50,0,0.2867477906169917,0.1517657708404334,0.4048872141673192,0.3163226126493919,0,0,0,0,0,0,0,0,1,1,1,0,1,1,0,0.9317115390948398,1,1,high,1,373,0.008288888888888889,1,1,1,1,true_positive,top_1pct_review_queue,373
TXN_000082453,2026-03-14 21:01:25,2026-03-14,approved,1,merchant_collusion,MC_000957,medium,CUST_001876,MERCH_000988,DEV_004233,PM_001329,digital_native,ES,Sevilla,electronics,DE,medium,mobile,android,chrome,credit_card,DE,web,ES,DE,54.13,EUR,21,5,1,0,1,1,0,1,0,0,0,983,0.236,0,1,68,3,1,0,2335,0.0399,0,1,0,1,0,30.80097560975609,282.84,1.757411865319439,0.1913802856738792,23.32902439024391,-228.71,0,0,1,1,0,1,0,47,284,93,48,77.32212765957446,242.67211267605632,74.78860215053764,84.84604166666666,0.0214925373134328,0.1988157894736842,0.0127433628318584,0.0358823529411764,0.0733263681592039,0.0687923245614035,0.096574041297935,0.0428362745098039,96019.0,60831.0,309507.0,12613.0,0,0,0,0,0,4,0,1,0,0,0,4,0,0,1,4,5,4,3,29,0,11,0,8,0,3,0,0,1,31,0,29,0,0.7000583356722637,0.2230581808642276,0.7237733885043721,0.6379790846656076,0,0,1,0,0,0,0,0,2,3,0,0,1,2,0,0.9315611826535452,1,1,high,1,374,0.008311111111111111,1,1,1,1,true_positive,top_1pct_review_queue,374
TXN_000218629,2026-03-22 01:48:15,2026-03-22,approved,1,account_takeover,ATO_001313,medium,CUST_001720,MERCH_001008,DEV_001197,PM_000619,digital_native,ES,Bilbao,electronics,ES,medium,desktop,android,safari,debit_card,ES,mobile,FR,ES,37.93,EUR,1,6,1,1,0,0,1,1,1,0,0,2288,0.368,1,8,1263,2,0,0,2686,0.0365,0,0,0,0,0,22.999736842105264,318.73,1.6491493037677776,0.1190035453204906,14.930263157894736,-280.8,0,0,0,0,0,1,0,74,321,39,80,46.41945945945946,259.03317757009347,125.72820512820512,48.548625,0.0259574468085106,0.027683284457478,0.0244067796610169,0.0243999999999999,0.0203496453900709,0.0349350928641251,0.0663197740112994,0.0191286666666666,186231.0,328077.0,186231.0,4798.0,0,0,0,0,0,3,0,0,0,0,0,2,0,0,0,4,2,3,1,74,0,56,0,10,0,40,0,0,1,15,0,74,0,0.8171142111882248,0.1464291190642414,0.3016825060162336,0.7812785635020559,0,0,1,0,0,0,0,0,1,3,1,1,1,2,0,0.9314336283596087,1,1,high,1,375,0.008333333333333333,1,1,1,1,true_positive,top_1pct_review_queue,375
TXN_000292159,2026-03-16 23:56:17,2026-03-16,approved,0,none,,none,CUST_002466,MERCH_000284,DEV_000191,PM_011554,digital_native,ES,Barcelona,marketplace,FR,low,mobile,macos,chrome,credit_card,ES,web,DE,FR,138.97,EUR,23,0,0,0,1,0,1,1,0,0,0,1344,0.828,0,2,600,4,1,0,60,0.0383,0,1,0,1,0,32.42957446808511,150.19,4.28528595516307,0.9252946268060456,106.54042553191488,-11.22,1,0,1,0,0,0,0,39,235,47,7,61.26820512820513,129.97531914893617,127.87297872340424,75.9742857142857,0.0583050847457627,0.0330980392156862,0.0065671641791044,0.0533333333333333,0.0832689265536723,0.0349524183006535,0.0285502487562189,0.0708469135802469,261233.0,336470.0,1741643.0,6238.0,0,0,0,0,0,3,0,0,0,0,0,4,0,0,0,5,1,5,3,7,0,7,0,4,0,3,0,0,1,5,0,7,0,2.2682237827793728,1.0692029910752288,1.0867815967640762,1.8291715241999176,0,0,0,0,0,0,0,0,2,3,0,0,0,2,0,0.9313612290869514,1,1,high,1,376,0.008355555555555555,1,1,1,1,false_positive,top_1pct_review_queue,376
TXN_000196562,2026-03-10 00:45:46,2026-03-10,approved,1,stolen_card,SC_001533,medium,CUST_006512,MERCH_000749,DEV_004297,PM_001068,mass,FR,Paris,marketplace,IT,high,desktop,ios,chrome,debit_card,IT,web,DE,IT,73.3,EUR,0,1,0,1,1,1,1,1,0,0,1,1261,0.384,1,7,1872,2,0,1,2177,0.0595,1,0,1,0,1,31.484210526315792,149.76,2.328151120026747,0.4894497863247863,41.815789473684205,-76.46,0,0,1,0,0,1,1,20,248,25,22,81.45450000000001,121.7882258064516,131.5348,75.91954545454546,0.011,0.0202985074626865,0.032,0.0104761904761904,0.0728216666666666,0.0556450248756218,0.0647303703703703,0.0693539682539682,77487.0,77487.0,77487.0,59565.0,0,0,0,0,1,3,0,1,0,1,0,2,1,1,1,3,2,2,1,20,0,6,0,2,0,0,1,0,1,15,0,20,0,0.899888895027285,0.601864420921033,0.5572669742151887,0.9654957700436466,0,0,1,1,0,0,0,0,3,6,0,1,2,0,0,0.931302733100824,1,1,high,1,377,0.008377777777777777,1,1,1,1,true_positive,top_1pct_review_queue,377
TXN_000085283,2026-03-23 01:23:47,2026-03-23,approved,0,none,,none,CUST_004357,MERCH_000167,DEV_003225,PM_011883,sme,ES,Barcelona,electronics,DE,low,mobile,android,firefox,debit_card,PT,web,GB,DE,206.64,EUR,1,0,0,1,1,1,1,1,0,0,0,1596,0.369,1,4,71,1,0,0,1373,0.0224,0,0,0,0,0,47.964183673469385,272.08,4.308214675491279,0.7594825051455454,158.6758163265306,-65.44,1,0,0,0,0,1,0,83,222,114,60,137.9263855421687,240.38729729729727,136.4726315789474,127.94566666666668,0.0431067961165048,0.0100826446280991,0.0331343283582089,0.043,0.0476977346278317,0.040962258953168,0.0515885572139303,0.0364108333333333,12702.0,12702.0,155891.0,440.0,0,0,0,0,1,7,0,1,0,0,1,4,1,1,1,2,2,1,3,55,0,65,0,14,0,2,0,0,1,83,0,55,0,1.498190496239918,0.8596128095089791,1.5141497427670092,1.6150605595604384,0,0,1,0,0,0,0,0,1,4,0,1,0,3,0,0.9313002670546304,1,1,high,1,378,0.0084,1,1,1,1,false_positive,top_1pct_review_queue,378
TXN_000087532,2026-03-12 02:49:42,2026-03-12,approved,0,none,,none,CUST_006395,MERCH_001008,DEV_007976,PM_005495,affluent,FR,Marseille,electronics,ES,medium,mobile,windows,chrome,credit_card,PT,web,PT,ES,876.86,EUR,2,3,0,1,1,1,1,1,1,1,0,2121,0.775,0,1,1964,2,0,1,2686,0.0365,0,0,1,0,1,128.1878125,318.73,6.84043188583158,2.751105951745992,748.6721875000001,558.13,1,0,0,0,0,0,1,24,292,80,97,164.32291666666666,259.44147260273974,165.572375,97.34206185567012,0.0099999999999999,0.0302564102564102,0.0243999999999999,0.0123076923076923,0.0434742424242424,0.0349771367521367,0.0591286666666666,0.0334433048433048,800308.0,67143.0,158217.0,22949.0,0,0,0,0,0,0,0,1,0,0,0,3,0,0,1,3,4,2,3,24,0,17,0,4,0,8,0,0,1,18,0,19,0,5.336200316957211,3.3797988856726078,5.295931763979348,9.008027807137758,1,1,0,1,0,0,0,0,1,5,0,0,1,1,0,0.9310017657217574,1,1,high,1,379,0.008422222222222222,1,1,1,1,false_positive,top_1pct_review_queue,379
TXN_000288275,2026-03-09 02:52:42,2026-03-09,approved,1,merchant_collusion,MC_000902,medium,CUST_005110,MERCH_000066,DEV_004828,PM_010338,digital_native,IT,Milan,electronics,DE,medium,mobile,windows,edge,credit_card,DE,mobile,IT,DE,81.76,EUR,2,0,0,1,1,1,0,1,0,0,0,30,0.818,0,1,678,2,0,0,2159,0.0407,0,0,0,0,0,28.07525423728813,48.88,2.912173094105431,1.672667757774141,53.68474576271187,32.88,0,0,0,0,0,0,0,52,286,37,66,63.92826923076923,127.6864685314685,67.54891891891891,80.29560606060606,0.0338888888888888,0.1844444444444444,0.007719298245614,0.0283720930232558,0.0404564814814814,0.081414596949891,0.0160152046783625,0.0454984496124031,104609.0,849240.0,166665.0,4313.0,0,0,0,0,0,2,0,0,0,0,0,1,0,0,0,2,4,3,2,14,0,42,0,8,0,6,0,2,0,35,0,14,0,1.2789334199688955,0.6403184373436575,1.2103820654500643,1.0182375351683457,0,0,0,0,0,0,0,0,0,2,1,0,1,2,0,0.9309117460989498,1,1,high,1,380,0.008444444444444444,1,1,1,1,true_positive,top_1pct_review_queue,380
TXN_000190339,2026-03-13 03:40:44,2026-03-13,approved,0,none,,none,CUST_006595,MERCH_000727,DEV_006221,PM_011858,sme,ES,Barcelona,marketplace,PT,low,mobile,windows,edge,debit_card,US,web,FR,PT,98.12,EUR,3,4,0,1,1,1,1,1,0,1,0,2189,0.303,1,10,1167,4,0,0,1322,0.016,0,0,0,0,0,72.47381578947369,226.44,1.3538682754751716,0.4333156686097862,25.646184210526314,-128.32,0,0,1,1,0,1,1,73,256,61,84,167.77342465753424,187.20421875,155.2040983606557,124.2017857142857,0.090752688172043,0.048695652173913,0.1412345679012345,0.0715384615384615,0.031321146953405,0.0612785024154589,0.0483069958847736,0.0472391025641025,292020.0,365116.0,90174.0,1019.0,0,0,0,0,0,4,0,0,0,0,1,1,0,0,0,3,4,4,2,54,0,18,0,19,0,6,0,0,1,54,0,54,0,0.5848363660710059,0.5241334872427922,0.6321998003686317,0.7900047445832675,0,0,1,1,0,0,0,0,2,5,0,1,0,3,0,0.9306103960216492,1,1,high,1,381,0.008466666666666667,1,1,1,1,false_positive,top_1pct_review_queue,381
TXN_000260737,2026-03-11 08:35:34,2026-03-11,declined,1,stolen_card,SC_001547,medium,CUST_002792,MERCH_001048,DEV_004247,PM_006517,mass,FR,Paris,electronics,IT,medium,mobile,android,chrome,debit_card,IT,mobile,PT,IT,56.58,EUR,8,2,0,0,1,1,1,1,0,0,0,1615,0.836,0,1,3091,2,0,0,3102,0.004,0,0,0,0,0,24.58454545454545,357.57,2.3014458455053064,0.1582347512375199,31.995454545454542,-300.99,0,0,0,0,0,0,0,25,214,69,35,54.4676,317.9859813084112,137.23507246376812,73.15028571428572,0.032,0.0232478632478632,0.0274157303370786,0.0625454545454545,0.0647303703703703,0.0466361823361823,0.0552007490636704,0.0711430303030303,540734.0,128971.0,540734.0,31604.0,0,0,0,0,0,1,0,0,0,0,0,3,0,0,0,6,2,1,1,25,0,13,0,2,0,0,1,0,1,25,0,25,0,1.0387826891583252,0.1779323722611647,0.4122852779848815,0.7734761313304117,0,0,0,0,0,0,0,0,2,1,1,1,1,0,0,0.9304434989585696,1,1,high,1,382,0.00848888888888889,1,1,1,1,true_positive,top_1pct_review_queue,382
TXN_000090002,2026-03-12 01:37:04,2026-03-12,approved,0,none,,none,CUST_003480,MERCH_000149,DEV_000833,PM_011036,affluent,ES,Madrid,electronics,ES,medium,mobile,macos,chrome,credit_card,IT,web,FR,ES,1131.03,EUR,1,3,0,1,0,1,1,1,0,0,0,977,0.915,0,1,1859,1,0,0,1243,0.0215,0,0,0,0,0,151.94193548387096,483.86,7.443830410598276,2.337514983672963,979.088064516129,647.17,1,0,1,0,0,0,0,19,279,56,77,195.69368421052636,355.3610394265233,244.66910714285717,92.59311688311688,0.0369230769230769,0.0181939799331103,0.0189473684210526,0.0148453608247422,0.0490478632478632,0.0532202898550724,0.025169298245614,0.0300295532646048,375213.0,167061.0,10649.0,5378.0,0,0,0,0,0,1,0,0,0,1,0,3,0,0,0,2,6,1,2,19,0,4,0,1,0,12,0,0,1,19,0,16,0,5.779593779752459,3.182763090251088,4.6226923096572845,12.215054834234962,1,1,0,0,0,0,0,0,2,3,0,0,1,1,0,0.930398309958775,1,1,high,1,383,0.008511111111111112,1,1,1,1,false_positive,top_1pct_review_queue,383
TXN_000184862,2026-03-22 02:01:33,2026-03-22,approved,0,none,,none,CUST_009069,MERCH_000456,DEV_007038,PM_006273,affluent,FR,Lyon,electronics,ES,medium,desktop,android,safari,credit_card,GB,mobile,GB,ES,589.19,EUR,2,6,1,1,1,1,1,1,0,0,0,1021,0.793,0,2,2230,2,1,0,162,0.0276,0,1,0,1,0,187.04314285714287,251.88,3.1500219200764987,2.3391694457678263,402.1468571428572,337.31000000000006,1,0,1,0,0,0,0,30,327,17,142,171.07600000000002,222.12045871559636,113.55,123.22683098591553,0.0087999999999999,0.0070317002881844,0.0389189189189189,0.0150617283950617,0.0382573333333333,0.0429765609990393,0.0787261261261261,0.0426720164609053,1294911.0,695290.0,358710.0,1310.0,0,0,0,0,0,0,0,0,0,0,1,3,0,0,0,3,4,2,3,30,0,0,1,1,0,11,0,0,1,8,0,18,0,3.4440248778320743,2.6525697065770992,5.1888154997798335,4.781345063295046,1,0,0,0,0,0,0,0,3,4,1,0,1,1,0,0.9299294972999482,1,1,high,1,384,0.008533333333333334,1,1,1,1,false_positive,top_1pct_review_queue,384
TXN_000280097,2026-03-14 00:00:33,2026-03-14,approved,1,stolen_card,SC_001587,medium,CUST_003781,MERCH_000392,DEV_003892,PM_005449,mass,DE,Berlin,marketplace,FR,medium,mobile,macos,chrome,credit_card,ES,mobile,ES,FR,52.9,EUR,0,5,1,1,1,1,1,1,0,0,0,3314,0.53,1,14,2260,1,0,0,95,0.033,0,0,0,0,0,27.892592592592592,147.43,1.8965608816890187,0.3588143525741029,25.00740740740741,-94.53,0,0,0,0,0,1,0,20,229,60,47,75.727,132.47113537117903,136.28466666666665,170.11021276595744,0.011,0.0338955823293172,0.018,0.0513432835820895,0.0228216666666666,0.0237464524765729,0.0739108333333333,0.0434756218905472,423526.0,423526.0,12699.0,81838.0,0,0,0,0,0,2,0,0,0,1,0,1,0,0,0,7,4,1,1,20,0,12,0,1,0,2,0,0,1,20,0,20,0,0.6985619395988221,0.399332276059809,0.3881581200135012,0.3109748623545686,0,0,1,0,0,0,0,0,1,3,1,0,1,0,0,0.9296306451829978,1,1,high,1,385,0.008555555555555556,1,1,1,1,true_positive,top_1pct_review_queue,385
TXN_000056435,2026-03-14 23:34:56,2026-03-14,approved,0,none,,none,CUST_000025,MERCH_000824,DEV_005779,PM_011275,digital_native,PT,Braga,travel,DE,high,mobile,android,firefox,credit_card,US,web,ES,DE,559.39,EUR,23,5,1,0,1,1,1,1,0,0,1,2036,0.887,0,1,732,3,0,0,1133,0.0234,1,0,0,0,0,7.084153846153846,399.59,78.96355897235433,1.3999099076553467,552.3058461538461,159.8,1,0,0,0,0,0,1,58,157,11,85,69.345,401.5845859872612,91.07454545454546,84.57270588235293,0.0441025641025641,0.0363841807909604,0.0141935483870967,0.0327619047619047,0.0886264957264957,0.0503551789077212,0.061705376344086,0.0753606349206349,5299.0,2167499.0,5299.0,6164.0,0,0,0,0,2,6,0,0,0,3,0,2,2,2,0,1,3,3,1,58,0,40,0,6,0,12,0,0,1,11,0,58,0,8.066767611219266,1.3929568502356429,6.14211135732966,6.614308885636863,1,0,0,1,0,0,0,0,1,4,0,0,2,2,0,0.929569755522614,1,1,high,1,386,0.008577777777777778,1,1,1,1,false_positive,top_1pct_review_queue,386
TXN_000284710,2026-03-17 08:21:59,2026-03-17,approved,0,none,,none,CUST_009372,MERCH_000091,DEV_005717,PM_001073,mass,FR,Lyon,marketplace,IT,high,desktop,linux,chrome,debit_card,US,web,IT,IT,34.9,EUR,8,1,0,0,1,1,1,1,0,0,0,548,0.73,0,1,1022,1,0,0,912,0.0444,1,0,0,0,0,10.5044,117.93,3.32241727276189,0.2959382684643432,24.3956,-83.03,1,0,1,0,0,0,0,22,211,22,21,43.94772727272727,110.16218009478672,43.94772727272727,41.05380952380953,0.0104761904761904,0.0365367965367965,0.0104761904761904,0.0107317073170731,0.0217349206349206,0.06022886002886,0.0217349206349206,0.0222650406504065,288549.0,288549.0,288549.0,20963.0,0,0,0,0,0,1,0,0,0,0,0,4,0,0,0,1,4,1,2,22,0,4,0,3,0,1,0,0,1,22,0,9,0,0.794125252107359,0.3168056402839072,0.794125252107359,0.8501038126500643,0,0,0,0,0,0,0,0,2,3,0,1,2,0,0,0.929391831978297,1,1,high,1,387,0.0086,1,1,1,1,false_positive,top_1pct_review_queue,387
TXN_000080731,2026-03-09 00:42:49,2026-03-09,approved,1,stolen_card,SC_001513,medium,CUST_004834,MERCH_000928,DEV_007628,PM_000625,digital_native,DE,Munich,travel,ES,high,mobile,linux,firefox,credit_card,ES,mobile,GB,ES,284.63,EUR,0,0,0,1,1,1,1,1,0,0,0,2030,0.875,0,2,460,3,0,0,2278,0.0179,1,0,0,0,0,16.997179487179487,242.93,16.745719500973014,1.17165438603713,267.6328205128205,41.69999999999999,1,0,0,0,0,0,0,34,169,20,31,67.90294117647058,278.26011834319524,135.31199999999998,74.48258064516129,0.0451851851851851,0.0287830687830687,0.011,0.028235294117647,0.0354234567901234,0.0683220458553791,0.0728216666666666,0.0375071895424836,188989.0,503390.0,188989.0,68540.0,0,0,0,0,0,1,0,0,0,0,0,2,0,0,0,4,3,4,3,28,0,29,0,1,0,9,0,0,1,2,0,25,0,4.191718283016416,1.0228918240052942,2.1035089275156675,3.821430427551798,1,0,0,0,0,0,0,0,1,4,1,0,2,2,0,0.9289862173715604,1,1,high,1,388,0.008622222222222222,1,1,1,1,true_positive,top_1pct_review_queue,388
TXN_000278949,2026-03-12 02:25:29,2026-03-12,approved,0,none,,none,CUST_002156,MERCH_000611,DEV_007085,PM_010444,digital_native,FR,Lyon,electronics,FR,medium,mobile,ios,safari,credit_card,PT,web,GB,FR,233.83,EUR,2,3,0,1,0,1,1,1,0,0,1,2501,0.955,0,1,519,4,0,0,2869,0.0171,0,0,0,0,0,88.73371428571429,95.09,2.635187784961748,2.459038805342307,145.09628571428573,138.74,0,0,1,0,0,0,1,35,224,63,6,96.61228571428572,127.61004464285712,70.13333333333333,57.835,0.0261818181818181,0.0140983606557377,0.0053012048192771,0.0169230769230769,0.0893248484848484,0.0283314207650273,0.0591911646586345,0.0351102564102564,99236.0,99236.0,534192.0,80492.0,0,0,0,0,0,2,0,0,0,0,0,2,0,0,0,5,2,5,4,3,0,5,0,8,0,12,0,0,1,27,0,1,0,2.4202925981019865,1.8323792664944296,3.334077946768061,4.043053514307945,0,0,0,1,0,0,0,0,2,3,0,0,1,2,0,0.928630257048348,1,1,high,1,389,0.008644444444444444,1,1,1,1,false_positive,top_1pct_review_queue,389
TXN_000135786,2026-03-26 01:32:42,2026-03-26,approved,0,none,,none,CUST_008692,MERCH_000488,DEV_006192,PM_001936,mass,ES,Madrid,electronics,FR,medium,desktop,macos,edge,credit_card,PT,web,US,FR,157.24,EUR,1,3,0,1,1,1,1,1,0,0,0,316,0.314,0,6,2664,2,0,1,3326,0.0558,0,0,1,0,1,24.698823529411765,281.8,6.36629513194246,0.5579843860894251,132.54117647058823,-124.56,1,0,0,1,0,1,0,38,238,46,29,49.68078947368421,275.3223529411765,80.3108695652174,47.65172413793104,0.0075862068965517,0.0365891472868217,0.0066666666666666,0.0089795918367346,0.0329804597701149,0.0306700258397932,0.0138313131313131,0.0390380952380952,278351.0,929.0,278351.0,26341.0,0,0,0,0,0,2,1,1,0,0,0,2,0,0,1,4,1,2,2,38,0,23,0,6,0,3,0,0,1,24,0,29,0,3.1650060650362577,0.5711123645438074,1.9578918875023683,3.2997756711773643,1,0,1,0,0,0,0,0,1,5,0,0,1,0,0,0.928585805953524,1,1,high,1,390,0.008666666666666666,1,1,1,1,false_positive,top_1pct_review_queue,390
TXN_000068381,2026-03-13 02:47:33,2026-03-13,approved,0,none,,none,CUST_006625,MERCH_000013,DEV_003868,PM_008588,mass,PT,Porto,travel,ES,medium,mobile,android,chrome,debit_card,US,web,FR,ES,56.54,EUR,2,4,0,1,1,1,1,1,0,0,0,2310,0.89,0,1,1091,2,0,0,2809,0.0607,0,0,0,0,0,6.315789473684211,268.98,8.952166666666667,0.2102015019704067,50.22421052631579,-212.44000000000003,1,0,1,0,0,0,0,20,241,93,14,37.429,273.96244813278014,96.74516129032256,37.90785714285715,0.011,0.0285057471264367,0.0127433628318584,0.0129411764705882,0.0478216666666666,0.0379803320561941,0.0346271386430678,0.0562607843137254,356958.0,29140.0,715782.0,7362.0,0,0,0,0,0,1,0,1,0,0,0,3,0,0,1,5,2,2,3,15,0,4,0,0,1,4,0,0,1,15,0,12,0,1.510593390152021,0.206378649283339,0.5844219932646461,1.491511371558855,0,0,0,0,0,0,0,0,3,3,0,1,1,0,0,0.927871837676563,1,1,high,1,391,0.008688888888888888,1,1,1,1,false_positive,top_1pct_review_queue,391
TXN_000042362,2026-03-15 23:40:56,2026-03-15,approved,0,none,,none,CUST_007041,MERCH_000441,DEV_001666,PM_010171,affluent,IT,Rome,electronics,DE,medium,mobile,android,chrome,debit_card,FR,web,US,DE,166.87,EUR,23,6,1,0,1,1,1,1,0,0,0,556,0.547,1,5,3385,2,0,0,1948,0.03,0,0,0,0,0,71.69562499999999,114.61,2.327478141099963,1.455981153477009,95.174375,52.260000000000005,0,0,1,0,0,1,0,49,209,34,51,148.55673469387756,148.58363636363637,154.7144117647059,132.61647058823527,0.0788405797101449,0.0324890829694323,0.1007407407407407,0.0625352112676056,0.0277227053140096,0.0476544395924308,0.0354234567901234,0.0269417840375586,101706.0,101706.0,339525.0,59666.0,0,0,0,0,0,1,0,0,0,0,0,1,0,0,0,1,3,2,3,44,0,12,0,10,0,4,0,0,1,34,0,35,0,1.1232745546262817,1.123071181214131,1.0785679116550608,1.2582901600369043,0,0,1,0,0,0,0,0,2,2,0,1,1,1,0,0.9278110893431234,1,1,high,1,392,0.00871111111111111,1,1,1,1,false_positive,top_1pct_review_queue,392
TXN_000053345,2026-03-14 05:16:44,2026-03-14,approved,0,none,,none,CUST_001068,MERCH_000888,DEV_004837,PM_007514,affluent,FR,Marseille,travel,IT,medium,desktop,macos,safari,credit_card,FR,web,GB,IT,782.32,EUR,5,5,1,1,1,0,1,1,0,0,0,30,0.909,0,1,1424,3,0,0,2045,0.061,0,0,0,0,0,276.1030769230769,316.33,2.8334345589997048,2.4731135206904185,506.2169230769232,465.99000000000007,0,0,1,0,0,0,0,13,192,32,17,311.64230769230767,305.3586979166667,124.36375,323.5241176470588,0.0133333333333333,0.020943396226415,0.0084615384615384,0.0118918918918918,0.0579656565656565,0.0373248427672956,0.0560166666666666,0.024672072072072,369132.0,369132.0,1831898.0,3124.0,0,0,0,0,0,2,0,0,0,0,1,2,0,0,0,3,3,3,3,13,0,2,0,2,0,1,0,0,1,9,0,2,0,2.5103138460019503,2.561970578658603,6.2905790473510175,2.418119569229315,0,0,0,0,0,0,0,0,2,2,0,0,1,1,0,0.9277297196534832,1,1,high,1,393,0.008733333333333333,1,1,1,1,false_positive,top_1pct_review_queue,393
TXN_000294694,2026-03-20 18:16:17,2026-03-20,approved,0,none,,none,CUST_003785,MERCH_000396,DEV_001462,PM_000752,affluent,PT,Porto,electronics,ES,high,desktop,android,chrome,credit_card,ES,mobile,IT,ES,395.58,EUR,18,4,0,0,1,1,1,1,0,0,0,2325,0.556,0,1,2107,3,0,0,2211,0.0307,1,0,0,0,0,211.52391304347827,311.1,1.870143163996259,1.2715525554484086,184.0560869565217,84.47999999999996,0,0,0,0,0,0,0,15,356,10,66,192.154,253.4037078651685,219.216,106.26333333333334,0.0125714285714285,0.1580851063829787,0.0146666666666666,0.0051162790697674,0.0546533333333333,0.0503001773049645,0.0637622222222222,0.0454984496124031,922032.0,2333395.0,76003.0,77584.0,0,0,0,0,0,0,0,0,0,1,0,1,0,0,0,1,5,3,3,10,0,11,0,2,0,5,0,0,1,10,0,9,0,2.058661282096652,1.5610663448163942,1.804521567768776,3.722638727689074,0,0,0,0,0,0,0,0,1,2,1,0,2,1,0,0.9277195363486528,1,1,high,1,394,0.008755555555555556,1,1,1,1,false_positive,top_1pct_review_queue,394
TXN_000007715,2026-03-19 02:25:35,2026-03-19,approved,0,none,,none,CUST_006223,MERCH_000606,DEV_006849,PM_011113,affluent,FR,Lyon,electronics,ES,medium,desktop,linux,edge,credit_card,IT,mobile,US,ES,660.76,EUR,2,3,0,1,1,1,1,1,0,1,0,574,0.93,0,1,2280,3,0,0,2296,0.0383,0,0,0,0,0,113.27340909090908,317.68,5.8333196228754645,2.079954671367413,547.4865909090909,343.08,1,0,0,0,0,0,1,47,294,153,133,165.51531914893616,267.3355782312925,147.96372549019608,88.14090225563909,0.0065671641791044,0.014140127388535,0.0083236994219653,0.0094117647058823,0.0285502487562189,0.0379390658174097,0.0110570327552986,0.051718082788671,19351.0,85790.0,19351.0,2147.0,0,0,0,0,1,5,0,1,0,1,1,2,1,1,1,4,5,3,2,35,0,34,0,9,0,17,0,0,1,5,0,35,0,3.9921380292625743,2.471650067572846,4.465689126243183,7.496633039715971,1,0,0,1,0,0,0,0,1,4,1,0,1,1,0,0.9276368489744484,1,1,high,1,395,0.008777777777777778,1,1,1,1,false_positive,top_1pct_review_queue,395
TXN_000186961,2026-03-15 01:36:08,2026-03-15,approved,0,none,,none,CUST_004480,MERCH_000193,DEV_002601,PM_011697,sme,ES,Barcelona,marketplace,IT,high,mobile,macos,chrome,bank_transfer,GB,mobile,FR,IT,171.59,EUR,1,6,1,1,1,1,1,1,0,0,0,2131,0.605,0,1,3031,3,3,0,1477,0.0271,1,1,0,3,0,50.63884057971014,78.16,3.388505701071527,2.1953684749232347,120.95115942028986,93.43,1,0,0,0,0,0,0,66,241,24,93,110.04545454545456,98.79448132780084,247.77083333333331,211.5343010752688,0.0051162790697674,0.0668199233716475,0.0099999999999999,0.0038938053097345,0.0338705426356589,0.083957343550447,0.0434742424242424,0.0257775811209439,544.0,952277.0,544.0,74087.0,0,0,0,1,1,3,0,0,1,1,0,4,1,1,0,2,2,3,4,48,0,42,0,14,0,9,0,0,1,4,0,48,0,1.5592647666253614,1.7368379052536658,0.6925351046834272,0.8111686810497192,0,0,0,0,0,0,0,0,1,5,1,3,2,3,0,0.9271973135659816,1,1,high,1,396,0.0088,1,1,1,1,false_positive,top_1pct_review_queue,396
TXN_000021638,2026-03-25 20:24:22,2026-03-25,declined,1,merchant_collusion,MC_001043,medium,CUST_001130,MERCH_000345,DEV_000867,PM_006957,sme,ES,Valencia,digital_services,IT,high,mobile,ios,chrome,bank_transfer,FR,web,ES,IT,177.45,EUR,20,2,0,0,1,1,0,1,0,0,0,678,0.502,1,5,1134,3,0,1,1029,0.0653,1,0,1,0,1,57.63675,65.35,3.0787648505510807,2.715378729915838,119.81324999999998,112.1,1,0,0,0,0,1,0,112,288,99,77,120.30491071428573,87.57753472222221,150.4790909090909,122.4651948051948,0.0109090909090909,0.2351948051948051,0.0121008403361344,0.0148453608247422,0.0144914141414141,0.0873794372294372,0.0328812324929972,0.0197202749140893,44277.0,44277.0,75299.0,62316.0,0,0,0,0,2,9,0,3,0,1,0,3,2,1,2,4,2,3,3,97,0,80,0,16,0,7,0,0,1,82,0,74,0,1.4750021337152992,2.026204557628102,1.1792335993523717,1.4489831195081135,0,0,1,0,0,0,0,0,1,5,0,3,2,3,0,0.9267917536151954,1,1,high,1,397,0.008822222222222223,1,1,1,1,true_positive,top_1pct_review_queue,397
TXN_000061512,2026-03-24 04:24:52,2026-03-24,approved,0,none,,none,CUST_000194,MERCH_000507,DEV_003822,PM_004124,digital_native,FR,Paris,electronics,IT,low,desktop,ios,edge,credit_card,PT,web,DE,IT,96.59,EUR,4,1,0,1,1,1,1,1,0,0,1,2512,0.942,0,2,790,1,0,0,1236,0.0584,0,0,0,0,0,23.046,228.75,4.191182851687929,0.4222513661202186,73.54400000000001,-132.16,1,0,1,0,0,0,1,37,265,53,32,55.05621621621622,208.6624528301887,70.27792452830188,55.4996875,0.007719298245614,0.0120701754385964,0.0060273972602739,0.0084615384615384,0.068646783625731,0.0382907602339181,0.0399022831050228,0.0367858974358974,79258.0,79258.0,79258.0,11939.0,0,0,0,0,1,3,0,1,0,1,0,3,1,1,1,3,4,2,2,26,0,9,0,3,0,5,0,0,1,25,0,26,0,1.7543886347124311,0.4629007216674759,1.3744002921017096,1.7403701597418906,0,0,0,1,0,0,0,0,2,4,0,0,0,2,0,0.9266530407828908,1,1,high,1,398,0.008844444444444445,1,1,1,1,false_positive,top_1pct_review_queue,398
TXN_000145322,2026-03-22 01:10:20,2026-03-22,declined,1,stolen_card,SC_001722,medium,CUST_009461,MERCH_000486,DEV_006658,PM_004202,digital_native,DE,Berlin,marketplace,PT,high,mobile,android,chrome,credit_card,GB,mobile,GB,PT,447.01,EUR,1,6,1,1,1,1,1,1,0,0,1,737,0.715,0,1,1192,4,1,1,1512,0.0335,1,1,1,1,1,67.526,308.98,6.619820513579954,1.446727943556217,379.484,138.02999999999997,1,0,0,0,0,0,1,38,230,31,33,110.50736842105262,222.5931304347826,64.21709677419354,79.25727272727272,0.0248275862068965,0.04976,0.0086274509803921,0.0083018867924528,0.0502218390804597,0.0596514666666666,0.0375071895424836,0.036091823899371,145109.0,1540828.0,75743.0,77612.0,0,0,0,0,0,1,0,0,0,1,0,1,0,0,0,3,3,4,3,8,0,30,0,3,0,3,0,0,1,3,0,3,0,4.04506963098436,2.0081931510054805,6.960918858911054,5.639987153458817,1,0,0,1,0,0,0,0,1,7,1,0,2,2,0,0.9262531249935946,1,1,high,1,399,0.008866666666666667,1,1,1,1,true_positive,top_1pct_review_queue,399
TXN_000208685,2026-03-09 23:52:51,2026-03-09,approved,0,none,,none,CUST_001510,MERCH_000582,DEV_004536,PM_009530,digital_native,ES,Valencia,travel,ES,medium,mobile,ios,safari,credit_card,US,web,ES,ES,403.29,EUR,23,0,0,0,0,1,0,1,1,0,0,2714,0.955,0,3,265,1,0,0,2711,0.0586,0,0,0,0,0,70.6427027027027,40.0,5.708869912540458,10.08225,332.6472972972973,363.29,1,1,1,0,0,0,0,38,227,33,7,71.55736842105264,126.98299559471366,83.6530303030303,82.62857142857145,0.0075862068965517,0.0301214574898785,0.0083018867924528,0.0162962962962962,0.0329804597701149,0.0360844804318488,0.0549597484276729,0.0338098765432098,336003.0,278277.0,336003.0,1980.0,0,0,0,0,0,1,0,0,0,0,1,2,0,0,0,3,1,2,3,38,0,12,0,2,0,25,0,0,1,11,0,7,0,5.635897586772482,3.1759370466197216,4.820984948651537,4.880757261410787,1,1,0,0,0,0,0,0,2,3,0,0,1,2,0,0.9261401811344572,1,1,high,1,400,0.008888888888888889,1,1,1,1,false_positive,top_1pct_review_queue,400
TXN_000225251,2026-03-21 00:40:09,2026-03-21,approved,0,none,,none,CUST_007386,MERCH_000140,DEV_001598,PM_008610,digital_native,IT,Turin,travel,ES,medium,mobile,ios,chrome,credit_card,US,mobile,ES,ES,228.51,EUR,0,5,1,1,1,1,1,1,0,0,0,2410,0.607,0,1,1419,4,1,0,232,0.0395,0,1,0,1,0,31.15207547169811,406.4,7.33530580354439,0.5622785433070866,197.35792452830188,-177.89,1,0,0,0,0,0,0,48,230,64,47,80.55604166666666,385.5849130434783,80.42703125,81.50170212765957,0.0505882352941176,0.0257599999999999,0.0409523809523809,0.0662686567164179,0.0428362745098039,0.0476514666666666,0.0703912698412698,0.0584009950248756,1507.0,1507.0,1507.0,38035.0,0,0,0,1,1,2,1,1,1,1,0,3,1,1,1,2,2,5,3,38,0,40,0,1,0,11,0,0,1,35,0,38,0,2.836658744300681,0.5926321084410099,2.841208937449124,2.8037451247591747,0,0,0,0,0,0,0,0,1,4,1,0,1,2,0,0.9261260922381184,1,1,high,1,401,0.008911111111111111,1,1,1,1,false_positive,top_1pct_review_queue,401
TXN_000187838,2026-03-19 03:23:39,2026-03-19,approved,1,account_takeover,ATO_001273,medium,CUST_002300,MERCH_000602,DEV_002058,PM_001305,digital_native,PT,Lisboa,electronics,FR,low,mobile,android,chrome,credit_card,ES,web,ES,FR,51.13,EUR,3,3,0,1,1,1,1,1,0,0,0,2412,0.274,1,3,277,3,1,1,1634,0.0529,0,1,1,1,1,46.4984,216.62,1.0996077284379675,0.2360354537900471,4.631599999999999,-165.49,0,0,1,1,0,1,0,43,223,55,64,79.42046511627906,222.04659192825116,147.42727272727274,68.863125,0.0228571428571428,0.0182716049382716,0.0058666666666666,0.0052380952380952,0.0303629629629629,0.0572545953360768,0.0388382222222222,0.0227722222222222,84606.0,84606.0,84606.0,5995.0,0,0,0,0,1,4,0,1,0,1,0,2,1,1,1,3,3,3,3,37,0,8,0,7,0,7,0,0,1,6,0,29,0,0.6437887253007252,0.2302669883648626,0.3468150706049208,0.7424873617048312,0,0,1,0,0,0,0,0,2,6,0,0,0,2,0,0.9254988783937628,1,1,high,1,402,0.008933333333333333,1,1,1,1,true_positive,top_1pct_review_queue,402
TXN_000188179,2026-03-10 22:10:01,2026-03-10,approved,1,merchant_collusion,MC_000924,medium,CUST_005567,MERCH_000988,DEV_001847,PM_005944,affluent,FR,Marseille,electronics,DE,medium,tablet,android,chrome,credit_card,FR,mobile,DE,DE,191.44,EUR,22,1,0,0,1,0,1,1,0,1,1,2455,0.249,1,4,1741,2,0,0,2335,0.0399,0,0,0,0,0,170.93238095238095,282.84,1.1199750388624854,0.6768491019657757,20.507619047619045,-91.39999999999998,0,0,0,1,0,1,1,17,271,41,31,156.75117647058823,244.90619926199264,91.17487804878049,168.1409677419355,0.0118918918918918,0.1905154639175257,0.0072131147540983,0.0086274509803921,0.0516990990990991,0.0684290950744559,0.0313584699453551,0.0571150326797385,270764.0,76611.0,270764.0,50870.0,0,0,0,0,0,5,0,1,0,0,0,2,0,0,1,4,3,2,1,17,0,9,0,1,0,1,0,0,1,13,0,17,0,1.2212986486638622,0.7816870319203466,2.099701190689562,1.138568443913229,0,0,1,1,0,0,0,0,1,4,1,0,1,1,0,0.9254452826062052,1,1,high,1,403,0.008955555555555555,1,1,1,1,true_positive,top_1pct_review_queue,403
TXN_000129553,2026-03-08 23:40:40,2026-03-08,approved,1,stolen_card,SC_001512,medium,CUST_001999,MERCH_000909,DEV_001045,PM_005775,digital_native,FR,Lyon,marketplace,ES,high,mobile,android,safari,credit_card,IT,web,DE,ES,143.05,EUR,23,6,1,0,1,1,1,1,0,0,0,30,0.81,0,1,1205,2,1,1,1147,0.0412,1,1,1,1,1,44.77439999999999,140.75,3.194906017724415,1.016341030195382,98.27560000000004,2.300000000000012,1,0,1,0,0,0,0,40,294,70,42,103.36125,121.28064625850338,92.68471428571428,157.38142857142856,0.0406666666666666,0.0332484076433121,0.016,0.0554838709677419,0.0485477777777777,0.0729709129511677,0.0434762962962963,0.0469817204301075,186440.0,186440.0,186440.0,7351.0,0,0,0,0,0,6,0,0,0,0,0,1,0,0,0,2,4,3,4,28,0,12,0,8,0,15,0,0,1,29,0,23,0,1.3839809406329744,1.179495693773732,1.543404444869165,0.9089382482957692,0,0,0,0,0,0,0,0,2,5,0,0,2,2,0,0.9252621717342538,1,1,high,1,404,0.008977777777777777,1,1,1,1,true_positive,top_1pct_review_queue,404
TXN_000270961,2026-03-09 01:50:33,2026-03-09,approved,0,none,,none,CUST_001650,MERCH_001189,DEV_007087,PM_010559,digital_native,DE,Munich,marketplace,PT,low,mobile,windows,chrome,credit_card,ES,mobile,PT,PT,105.54,EUR,1,0,0,1,1,1,1,1,0,0,0,1481,0.461,1,13,1021,2,0,0,2857,0.0253,0,0,0,0,0,45.89636363636363,190.06,2.2995285821811997,0.5552983268441545,59.643636363636375,-84.52,0,0,0,0,0,1,0,32,240,9,23,99.8259375,152.64441666666664,78.74444444444445,154.05913043478262,0.0084615384615384,0.0286153846153846,0.0151724137931034,0.0102325581395348,0.0367858974358974,0.0612033333333333,0.0659609195402298,0.0677410852713178,258405.0,2171288.0,74263.0,4626.0,0,0,0,0,0,2,0,0,0,1,0,5,0,0,0,2,3,2,2,9,0,24,0,9,0,3,0,0,1,6,0,9,0,1.0572402588255183,0.6914108115101929,1.3402850289262027,0.6850616364128962,0,0,1,0,0,0,0,0,1,3,1,0,0,2,0,0.9252185193803129,1,1,high,1,405,0.009,1,1,1,1,false_positive,top_1pct_review_queue,405
TXN_000188550,2026-03-11 22:50:48,2026-03-11,approved,0,none,,none,CUST_008292,MERCH_000843,DEV_006986,PM_001839,sme,ES,Madrid,travel,DE,medium,desktop,android,safari,credit_card,DE,mobile,GB,DE,337.57,EUR,22,2,0,0,1,1,1,1,0,0,0,2502,0.838,0,1,962,3,0,0,2111,0.0247,0,0,0,0,0,85.43947368421053,236.41,3.9509840761388486,1.4279006810202617,252.13052631578947,101.16,1,0,1,0,0,0,0,41,149,65,37,164.0809756097561,260.42624161073826,214.21092307692308,138.26162162162163,0.0236065573770491,0.0203550295857988,0.0287058823529411,0.0252631578947368,0.0969322404371584,0.0290702169625246,0.0225043137254901,0.0861906432748538,164118.0,86035.0,164118.0,82427.0,0,0,0,0,0,1,0,1,0,0,0,1,0,0,1,5,3,3,4,32,0,9,0,7,0,6,0,0,1,9,0,28,0,2.0573378403286893,1.2962211408194773,1.5758766880378865,2.4415307446908328,0,0,0,0,0,0,0,0,2,2,1,0,1,3,0,0.9252029789511936,1,1,high,1,406,0.009022222222222221,1,1,1,1,false_positive,top_1pct_review_queue,406
TXN_000144377,2026-03-13 01:41:56,2026-03-13,declined,0,none,,none,CUST_003972,MERCH_000866,DEV_006272,PM_005172,mass,ES,Bilbao,marketplace,FR,medium,mobile,macos,chrome,credit_card,DE,mobile,PT,FR,34.38,EUR,1,4,0,1,1,1,1,1,0,0,1,2635,0.779,0,2,1205,2,0,1,2269,0.042,0,0,1,0,1,32.705789473684206,73.64,1.0511900355642814,0.4668658337859859,1.6742105263157967,-39.26,0,0,1,0,0,0,1,8,247,33,25,39.68375,92.71716599190285,43.87545454545455,47.9024,0.1585714285714285,0.0278651685393258,0.0837735849056603,0.1431111111111111,0.1754595238095238,0.0446174781523096,0.0926955974842767,0.1758414814814815,1474401.0,1123391.0,364407.0,27364.0,0,0,0,0,0,0,0,0,0,0,0,1,0,0,0,2,2,1,1,8,0,3,0,0,1,1,0,0,1,8,0,8,0,0.8663495763379216,0.3708051214917686,0.7835816256759838,0.7177093423294032,0,0,0,1,0,0,0,0,3,4,1,0,1,0,0,0.9250444226132658,1,1,high,1,407,0.009044444444444445,1,1,1,1,false_positive,top_1pct_review_queue,407
TXN_000029974,2026-03-15 05:31:49,2026-03-15,approved,0,none,,none,CUST_005112,MERCH_000389,DEV_004786,PM_008982,affluent,FR,Lyon,travel,ES,high,mobile,ios,chrome,credit_card,DE,mobile,US,ES,241.51,EUR,5,6,1,1,1,1,1,1,0,0,0,626,0.15,0,6,1100,2,0,0,1871,0.0375,1,0,0,0,0,185.99971428571428,255.62,1.298442854750929,0.9448008763007588,55.51028571428572,-14.110000000000014,0,0,0,1,1,1,0,36,210,23,72,196.7255555555556,265.24923809523807,182.4491304347826,118.93027777777776,0.0257142857142857,0.0149565217391304,0.0102325581395348,0.0156521739130434,0.0341583333333333,0.0387515942028985,0.021229457364341,0.0642702898550724,111755.0,111755.0,16823.0,7778.0,0,0,0,0,0,4,0,0,0,1,0,2,0,0,0,1,2,2,3,36,0,22,0,8,0,7,0,1,0,23,0,23,0,1.2276493479353638,0.9105021440750964,1.323711433562184,2.0306855790857856,0,0,1,0,0,0,0,0,0,4,1,0,2,1,0,0.9248583774477984,1,1,high,1,408,0.009066666666666667,1,1,1,1,false_positive,top_1pct_review_queue,408
TXN_000027005,2026-03-15 03:22:11,2026-03-15,approved,0,none,,none,CUST_009060,MERCH_000389,DEV_004416,PM_010772,digital_native,DE,Hamburg,travel,ES,high,desktop,windows,chrome,credit_card,GB,mobile,ES,ES,125.94,EUR,3,6,1,1,1,1,1,1,0,0,0,1341,0.303,1,10,391,1,0,0,1871,0.0375,1,0,0,0,0,20.91857142857143,255.62,6.020487604998976,0.4926844534856427,105.02142857142856,-129.68,1,0,0,1,0,1,0,44,209,58,69,66.7784090909091,265.9157894736842,67.57379310344827,63.82869565217392,0.038125,0.0150218340611353,0.0312820512820512,0.0274157303370786,0.0611385416666666,0.0389208151382823,0.0501649572649572,0.0664367041198501,114703.0,114703.0,114703.0,8909.0,0,0,0,0,0,4,0,0,0,0,0,1,0,0,0,2,3,1,3,32,0,35,0,3,0,17,0,0,1,44,0,32,0,1.8859389092146688,0.4736085820600111,1.8637402788267237,1.9730937427625568,0,0,1,0,0,0,0,0,1,6,1,0,2,2,0,0.9247493393730606,1,1,high,1,409,0.00908888888888889,1,1,1,1,false_positive,top_1pct_review_queue,409
TXN_000125662,2026-03-20 01:50:43,2026-03-20,approved,1,stolen_card,SC_001684,medium,CUST_005654,MERCH_000515,DEV_006478,PM_000514,mass,PT,Braga,marketplace,FR,low,mobile,macos,edge,credit_card,ES,web,IT,FR,87.64,EUR,1,4,0,1,1,1,1,1,0,0,0,1848,0.709,0,1,1102,1,0,0,560,0.0586,0,0,0,0,0,15.469411764705884,93.32,5.665373792683854,0.9391341620231464,72.17058823529412,-5.679999999999993,1,0,1,0,0,0,0,26,284,45,46,68.43153846153847,112.65693661971832,66.05244444444445,64.24260869565218,0.0095652173913043,0.0244736842105263,0.0067692307692307,0.0066666666666666,0.0198449275362318,0.0556344298245614,0.0294287179487179,0.0138313131313131,428343.0,89777.0,354408.0,4426.0,0,0,0,0,0,3,0,0,0,0,0,4,0,0,0,2,3,1,1,26,0,6,0,3,0,5,0,1,0,26,0,26,0,1.2806960353413293,0.7779370061857371,1.3268244761738146,1.3642036302602905,0,0,0,0,0,0,0,0,1,3,0,0,0,0,0,0.9246677606672142,1,1,high,1,410,0.009111111111111111,1,1,1,1,true_positive,top_1pct_review_queue,410
TXN_000008999,2026-03-19 22:44:04,2026-03-19,declined,0,none,,none,CUST_007019,MERCH_000268,DEV_001622,PM_010788,mass,FR,Marseille,electronics,ES,medium,mobile,android,safari,credit_card,DE,web,US,ES,95.74,EUR,22,3,0,0,1,1,1,1,0,0,0,1902,0.881,0,2,1489,1,0,0,2594,0.0257,0,0,0,0,0,25.359473684210524,163.37,3.77531494510512,0.5860317071677786,70.38052631578947,-67.63000000000001,1,0,1,0,0,0,0,22,343,45,16,75.41681818181817,161.40002915451896,97.39711111111112,82.214375,0.0104761904761904,0.0149862258953168,0.0221538461538461,0.0122222222222222,0.0217349206349206,0.0465919191919191,0.0294287179487179,0.0253574074074074,505934.0,505934.0,505934.0,57265.0,0,0,0,0,0,1,0,0,0,0,0,4,0,0,0,3,1,1,2,16,0,5,0,6,0,7,0,0,1,22,0,16,0,1.2694781125502512,0.5931845272985777,0.9829860342652188,1.1645165459203453,0,0,0,0,0,0,0,0,2,2,0,0,1,0,0,0.9246099276424352,1,1,high,1,411,0.009133333333333334,1,1,1,1,false_positive,top_1pct_review_queue,411
TXN_000172770,2026-03-24 23:17:03,2026-03-24,approved,0,none,,none,CUST_004909,MERCH_000660,DEV_004007,PM_010976,affluent,FR,Paris,marketplace,IT,medium,mobile,android,chrome,credit_card,PT,web,GB,IT,202.5,EUR,23,1,0,0,1,1,1,1,0,0,0,1854,0.841,0,1,2089,1,0,0,3982,0.0258,0,0,0,0,0,220.07347826086956,46.53,0.9201472235557692,4.352030947775629,-17.573478260869535,155.97,0,1,0,0,0,0,0,19,321,83,13,240.2884210526316,104.84476635514018,104.20795180722892,272.7269230769231,0.0369230769230769,0.1831085043988269,0.1110679611650485,0.0436363636363636,0.0746888888888889,0.0671931573802541,0.1350763754045307,0.0882686868686868,951178.0,6841.0,951178.0,18732.0,0,0,0,0,0,0,0,1,0,0,0,2,0,0,1,4,1,1,2,19,0,13,0,4,0,5,0,0,1,19,0,13,0,0.8427372368294241,1.931426880327748,1.943229825441714,0.7425009519242973,0,0,0,0,0,0,0,0,1,2,0,0,1,1,0,0.9245704681392756,1,1,high,1,412,0.009155555555555556,1,1,1,1,false_positive,top_1pct_review_queue,412
TXN_000098708,2026-03-09 16:10:17,2026-03-09,approved,1,merchant_collusion,MC_000911,medium,CUST_001417,MERCH_000289,DEV_006660,PM_010716,affluent,IT,Rome,digital_services,DE,high,mobile,android,edge,credit_card,ES,web,DE,DE,56.33,EUR,16,0,0,0,1,1,1,1,0,0,0,1387,0.943,0,3,1323,1,0,0,660,0.0799,1,0,0,0,0,57.50528301886793,66.25,0.979562173122732,0.8502641509433962,-1.1752830188679295,-9.920000000000002,0,0,1,0,0,0,0,52,245,74,24,127.08769230769232,104.09257142857142,119.08945945945948,135.3733333333333,0.02,0.2469433962264151,0.0153191489361702,0.0327272727272727,0.0543453703703703,0.105331572327044,0.0416262411347517,0.0662015151515151,217707.0,217707.0,930336.0,42304.0,0,0,0,0,0,2,0,0,0,0,0,2,0,0,0,4,3,1,2,52,0,8,0,3,0,6,0,0,1,52,0,15,0,0.4432372559226215,0.5411529298097298,0.4730057576520943,0.4161085393479759,0,0,0,0,0,0,0,0,2,2,0,0,2,1,0,0.9244796764596706,1,1,high,1,413,0.009177777777777778,1,1,1,1,true_positive,top_1pct_review_queue,413
TXN_000230546,2026-03-23 02:47:40,2026-03-23,approved,0,none,,none,CUST_005002,MERCH_000970,DEV_007166,PM_010284,affluent,FR,Lyon,marketplace,ES,medium,mobile,android,firefox,credit_card,GB,mobile,DE,ES,139.71,EUR,2,0,0,1,1,1,1,1,0,0,0,1390,0.855,0,3,864,2,0,0,3527,0.0456,0,0,0,0,0,75.850625,46.1,1.8419096744423664,3.03058568329718,63.859375000000014,93.61,0,1,0,0,0,0,0,49,346,39,81,112.955306122449,76.2635260115607,161.43128205128204,146.12432098765433,0.0063768115942028,0.0394535519125683,0.007457627118644,0.0142574257425742,0.0132299516908212,0.0462100182149362,0.0154723163841807,0.0189392739273927,277951.0,594600.0,348528.0,14142.0,0,0,0,0,0,2,0,0,0,0,0,2,0,0,0,2,5,2,2,49,0,41,0,3,0,14,0,0,1,33,0,35,0,1.2368608859202033,1.8319373271414376,0.8654456448881958,0.9561036729252193,0,0,0,0,0,0,0,0,1,3,1,0,1,1,0,0.9243439292676198,1,1,high,1,414,0.0092,1,1,1,1,false_positive,top_1pct_review_queue,414
TXN_000119058,2026-03-21 03:09:34,2026-03-21,approved,0,none,,none,CUST_003613,MERCH_001084,DEV_002307,PM_009719,affluent,ES,Barcelona,travel,PT,medium,desktop,android,firefox,credit_card,DE,mobile,PT,PT,433.22,EUR,3,5,1,1,1,1,1,1,0,0,0,2541,0.512,1,12,2311,2,0,0,1553,0.0116,0,0,0,0,0,133.92365853658535,327.9,3.234827996292027,1.3211954864287894,299.2963414634147,105.32000000000004,1,0,0,0,0,1,0,43,189,29,36,219.0606976744186,318.3631216931217,240.95896551724132,193.0475,0.0387301587301587,0.0116746411483253,0.0497959183673469,0.0435714285714285,0.0303629629629629,0.037860606060606,0.0186299319727891,0.0520154761904761,68173.0,68173.0,68173.0,29140.0,0,0,0,0,1,3,0,1,0,1,0,1,1,1,1,1,3,2,3,43,0,32,0,2,0,4,0,0,1,29,0,25,0,1.97762540062699,1.360773187849288,1.797899484960238,2.2441109053471298,0,0,1,0,0,0,0,0,1,4,1,0,1,1,0,0.9242404131398664,1,1,high,1,415,0.009222222222222222,1,1,1,1,false_positive,top_1pct_review_queue,415
TXN_000107503,2026-03-24 21:30:28,2026-03-24,approved,1,stolen_card,SC_001771,medium,CUST_005257,MERCH_001182,DEV_006962,PM_001914,affluent,FR,Paris,marketplace,ES,medium,desktop,android,chrome,credit_card,US,web,GB,ES,142.85,EUR,21,1,0,0,1,1,1,1,0,0,0,30,0.99,0,1,2553,2,0,0,1292,0.0426,0,0,0,0,0,90.86733333333332,108.06,1.572072105120285,1.3219507680918008,51.98266666666666,34.78999999999999,0,0,1,0,0,0,0,27,356,19,62,102.89148148148148,104.49494382022472,55.3842105263158,130.0622580645161,0.0306382978723404,0.0277659574468085,0.0112820512820512,0.0419512195121951,0.0194226950354609,0.0529597517730496,0.0234068376068376,0.0233276422764227,14604.0,265948.0,14604.0,1781.0,0,0,0,0,1,4,0,0,0,1,1,2,1,1,0,3,2,2,3,20,0,5,0,7,0,6,0,0,1,5,0,20,0,1.3883559449545906,1.3670517900441392,2.5792549653140733,1.098320159328163,0,0,0,0,0,0,0,0,2,1,0,0,1,1,0,0.9241157824793744,1,1,high,1,416,0.009244444444444444,1,1,1,1,true_positive,top_1pct_review_queue,416
TXN_000070262,2026-03-09 03:08:08,2026-03-09,declined,1,stolen_card,SC_001518,medium,CUST_007344,MERCH_000577,DEV_000234,PM_007350,mass,ES,Bilbao,digital_services,FR,medium,mobile,android,chrome,credit_card,US,web,DE,FR,52.97,EUR,3,0,0,1,1,1,1,1,0,0,0,2148,0.743,0,1,2178,1,0,0,1171,0.053,0,0,0,0,0,37.31066666666666,81.48,1.4197012471857915,0.6500981836033382,15.659333333333336,-28.510000000000005,0,0,1,0,0,0,0,24,197,113,52,65.71291666666667,78.45578680203046,91.35513274336284,46.08538461538462,0.0099999999999999,0.0342857142857142,0.0183458646616541,0.0338888888888888,0.0207469696969696,0.0456814132104454,0.0369388471177944,0.0126787037037037,24906.0,24906.0,275309.0,88798.0,0,0,0,0,1,3,0,1,0,0,0,0,1,1,1,4,3,1,2,15,0,6,0,1,0,2,0,0,1,24,0,15,0,0.8060820107665285,0.6751573358592475,0.5798251111823641,1.1493882592512226,0,0,0,0,0,0,0,0,2,2,0,0,1,0,0,0.92399905956494,1,1,high,1,417,0.009266666666666666,1,1,1,1,true_positive,top_1pct_review_queue,417
TXN_000110961,2026-03-13 00:53:52,2026-03-13,approved,1,account_takeover,ATO_001219,medium,CUST_004357,MERCH_001131,DEV_003225,PM_002102,sme,ES,Barcelona,marketplace,PT,low,mobile,android,firefox,wallet,US,web,FR,PT,285.15,EUR,0,4,0,1,1,1,1,1,0,1,0,1326,0.369,1,4,71,1,0,0,1431,0.0447,0,0,0,0,0,47.964183673469385,218.6,5.945061046827033,1.304437328453797,237.18581632653056,66.54999999999998,1,0,0,0,0,1,1,74,273,104,54,129.1752702702703,169.57358974358974,130.97259615384615,151.27166666666668,0.036595744680851,0.0185665529010238,0.0277419354838709,0.087027027027027,0.0416262411347517,0.0508971558589306,0.0476844086021505,0.0799036036036036,195985.0,195985.0,407.0,2863.0,0,0,0,0,0,4,0,0,1,2,1,3,0,0,0,2,4,1,3,23,0,59,0,17,0,5,0,0,1,74,0,6,0,2.2074658671384046,1.6815708179037314,2.1771729993429334,1.8850192258960143,0,0,1,1,0,0,0,0,1,5,0,2,0,3,0,0.9237514381011804,1,1,high,1,418,0.009288888888888888,1,1,1,1,true_positive,top_1pct_review_queue,418
TXN_000294811,2026-03-15 01:30:12,2026-03-15,approved,0,none,,none,CUST_004949,MERCH_000731,DEV_001327,PM_000122,affluent,IT,Rome,electronics,ES,medium,mobile,macos,safari,credit_card,FR,web,PT,ES,315.57,EUR,1,6,1,1,1,1,1,1,0,0,0,1638,0.987,0,2,3123,1,0,0,2032,0.0174,0,0,0,0,0,93.99666666666668,203.7,3.357246710876272,1.5491899852724595,221.57333333333327,111.87,1,0,0,0,0,0,0,42,331,63,56,151.4597619047619,199.40190332326284,138.65809523809526,109.92910714285716,0.0232258064516129,0.0154985754985754,0.0173493975903614,0.0189473684210526,0.030852688172043,0.0396377967711301,0.0350947791164658,0.0646429824561403,174899.0,7061.0,174899.0,3297.0,0,0,0,0,0,5,0,1,0,0,1,2,0,0,1,4,3,1,2,42,0,30,0,10,0,10,0,0,1,42,0,12,0,2.083523676726964,1.5825826872294686,2.275885872066268,2.870668271597117,0,0,0,0,0,0,0,0,1,3,0,0,1,1,0,0.923623528310616,1,1,high,1,419,0.00931111111111111,1,1,1,1,false_positive,top_1pct_review_queue,419
TXN_000050689,2026-03-09 03:57:19,2026-03-09,approved,0,none,,none,CUST_002331,MERCH_000633,DEV_007302,PM_009773,affluent,DE,Hamburg,travel,FR,medium,desktop,windows,chrome,credit_card,ES,web,PT,FR,735.68,EUR,3,0,0,1,1,1,1,1,0,0,0,1671,0.87,0,1,2157,3,0,1,1770,0.0326,0,0,1,0,1,489.4341666666666,154.25,1.5031235048636091,4.7694003241491085,246.24583333333328,581.43,0,1,1,0,0,0,0,10,165,81,50,456.632,191.92169696969697,169.27555555555554,91.0266,0.048,0.0185945945945945,0.0241584158415841,0.0205714285714285,0.0637622222222222,0.0427722522522522,0.0585432343234323,0.0273266666666666,2962161.0,11689.0,24934.0,74906.0,0,0,0,0,0,0,0,2,0,1,0,1,0,0,1,5,2,3,2,10,0,3,0,1,0,2,0,0,1,2,0,0,1,1.6111004047022548,3.833229966261493,4.346049833276446,8.0820331639323,0,1,0,0,0,0,0,0,3,4,0,0,1,1,0,0.9234228687910668,1,1,high,1,420,0.009333333333333334,1,1,1,1,false_positive,top_1pct_review_queue,420
TXN_000030846,2026-03-17 23:48:42,2026-03-17,approved,1,stolen_card,SC_001649,medium,CUST_009106,MERCH_000328,DEV_004722,PM_004836,digital_native,FR,Marseille,marketplace,FR,high,desktop,ios,chrome,credit_card,IT,web,US,FR,212.97,EUR,23,1,0,0,0,1,1,1,0,0,0,30,0.695,0,2,1574,3,0,1,1677,0.034,1,0,1,0,1,68.685,102.52,3.100677003712601,2.0773507608271555,144.285,110.45,1,0,1,0,0,0,0,29,228,33,38,97.9648275862069,104.23241228070177,155.08393939393935,103.03342105263158,0.0089795918367346,0.03,0.0271698113207547,0.0248275862068965,0.0186299319727891,0.048035752688172,0.0549597484276729,0.0502218390804597,1053991.0,777709.0,263072.0,72703.0,0,0,0,0,0,0,0,0,0,0,0,2,0,0,0,5,2,4,2,29,0,5,0,4,0,12,0,0,1,21,0,9,0,2.173943498370281,2.043222404048981,1.373256320624022,2.0669992107823982,0,0,0,0,0,0,0,0,2,4,0,0,2,2,0,0.9233911121496918,1,1,high,1,421,0.009355555555555556,1,1,1,1,true_positive,top_1pct_review_queue,421
TXN_000131237,2026-03-25 22:07:01,2026-03-25,approved,0,none,,none,CUST_006870,MERCH_000547,DEV_007587,PM_003441,affluent,DE,Hamburg,travel,PT,medium,mobile,windows,chrome,credit_card,ES,mobile,US,PT,274.45,EUR,22,2,0,0,1,1,1,1,0,0,0,1571,0.464,1,10,2595,1,0,0,666,0.0092,0,0,0,0,0,52.17533333333333,262.02,5.260148473735993,1.047439126784215,222.27466666666663,12.430000000000009,1,0,1,0,0,1,0,46,184,84,61,156.53326086956525,297.64559782608694,124.69428571428573,96.22967213114754,0.0218181818181818,0.0266666666666666,0.0234615384615384,0.0301234567901234,0.0441343434343434,0.0534944444444444,0.0568544871794871,0.0236156378600823,182455.0,182455.0,589141.0,18227.0,0,0,0,0,0,1,0,0,0,0,0,2,0,0,0,2,3,1,4,46,0,10,0,7,0,8,0,0,1,46,0,6,0,1.7533014930845368,0.9220697433608944,2.2009829755058083,2.852030916472033,0,0,1,0,0,0,0,0,2,3,1,0,1,1,0,0.9230895183418416,1,1,high,1,422,0.009377777777777778,1,1,1,1,false_positive,top_1pct_review_queue,422
TXN_000008806,2026-03-25 01:08:00,2026-03-25,approved,1,account_takeover,ATO_001344,medium,CUST_009822,MERCH_000275,DEV_006381,PM_009630,sme,IT,Milan,travel,PT,high,tablet,android,chrome,bank_transfer,PT,mobile,GB,PT,221.11,EUR,1,2,0,1,1,1,1,1,0,0,0,1834,0.404,1,7,530,2,0,0,1813,0.056,1,0,0,0,0,112.37732394366198,229.05,1.9675677640343965,0.9653350796769264,108.73267605633804,-7.939999999999998,0,0,0,0,0,1,0,70,176,66,52,204.85842857142856,250.07710227272727,211.945,209.73961538461535,0.016,0.0481632653061224,0.0516279069767441,0.02,0.0323651851851851,0.0556778911564625,0.0454984496124031,0.0265675925925925,99028.0,99028.0,99028.0,150210.0,0,0,0,0,0,6,0,0,0,0,0,0,0,0,0,3,2,2,2,70,0,43,0,7,0,4,0,0,1,47,0,50,0,1.0793307433914294,0.8841673147622428,1.043242350609828,1.054211907438344,0,0,1,0,0,0,0,0,1,4,1,3,2,3,0,0.9222545819205118,1,1,high,1,423,0.0094,1,1,1,1,true_positive,top_1pct_review_queue,423
TXN_000221893,2026-03-09 08:54:44,2026-03-09,approved,0,none,,none,CUST_003826,MERCH_000460,DEV_005052,PM_005818,affluent,IT,Turin,electronics,ES,medium,mobile,android,safari,credit_card,US,mobile,DE,ES,47.84,EUR,8,0,0,0,1,1,1,1,0,0,0,500,0.69,0,1,2540,4,0,0,3178,0.0238,0,0,0,0,0,64.96466666666666,235.77,0.7364002996500664,0.2029096153030496,-17.124666666666656,-187.93,0,0,1,0,0,0,0,29,328,19,20,115.80206896551724,195.76743902439023,121.11894736842105,112.7925,0.0089795918367346,0.1219540229885057,0.0112820512820512,0.011,0.0390380952380952,0.051473754789272,0.0490478632478632,0.0478216666666666,309417.0,958433.0,554025.0,10854.0,0,0,0,0,0,2,0,0,0,0,0,4,0,0,0,1,1,4,2,20,0,2,0,9,0,9,0,0,1,19,0,20,0,0.4131186983735625,0.2443715882396546,0.3949836176703198,0.4241416760866193,0,0,0,0,0,0,0,0,2,1,1,0,1,1,0,0.9221069984262836,1,1,high,1,424,0.009422222222222222,1,1,1,1,false_positive,top_1pct_review_queue,424
TXN_000019243,2026-03-25 21:33:20,2026-03-25,approved,1,stolen_card,SC_001789,medium,CUST_004880,MERCH_001172,DEV_006296,PM_002147,mass,FR,Marseille,electronics,ES,low,desktop,android,safari,credit_card,ES,mobile,PT,ES,28.61,EUR,21,2,0,0,1,1,1,1,0,0,0,30,0.774,0,1,1917,3,0,0,1558,0.0052,0,0,0,0,0,21.132285714285715,262.82,1.353852601976664,0.1088577733810212,7.477714285714285,-234.21,0,0,0,0,0,0,0,33,344,19,31,56.229090909090914,230.68622093023257,146.3763157894737,75.94967741935484,0.0083018867924528,0.0149450549450549,0.0112820512820512,0.0086274509803921,0.0738276729559748,0.0492111721611721,0.0746888888888889,0.0767228758169934,21296.0,922089.0,21296.0,16475.0,0,0,0,0,1,4,0,0,0,2,0,4,1,1,0,2,2,3,2,25,0,24,0,8,0,12,0,0,1,6,0,25,0,0.5088113561404642,0.1240212782741481,0.1954551174873703,0.3766967941421314,0,0,0,0,0,0,0,0,1,1,1,0,0,0,0,0.92158830881464,1,1,high,1,425,0.009444444444444445,1,1,1,1,true_positive,top_1pct_review_queue,425
TXN_000103217,2026-03-26 01:53:04,2026-03-26,approved,0,none,,none,CUST_007860,MERCH_000218,DEV_000592,PM_000560,digital_native,IT,Milan,electronics,DE,low,mobile,ios,chrome,credit_card,PT,mobile,US,DE,148.92,EUR,1,3,0,1,1,1,1,1,0,0,0,30,0.457,1,11,519,1,0,0,1155,0.0186,0,0,0,0,0,13.329285714285714,242.43,11.172391618884305,0.6142804108402424,135.59071428571428,-93.51000000000002,1,0,0,0,0,1,0,64,252,49,35,71.27359375,240.4358333333333,66.56510204081633,86.84628571428571,0.0528571428571428,0.0236764705882352,0.0643478260869565,0.0261818181818181,0.046581746031746,0.0511502450980392,0.0567082125603864,0.0347793939393939,90350.0,90350.0,353259.0,302.0,0,0,0,0,0,5,0,0,0,0,1,3,0,0,0,1,3,2,3,19,0,51,0,14,0,5,0,0,1,49,0,8,0,2.089413374080074,0.6193752317839478,2.237208318387093,1.7147538179114494,0,0,1,0,0,0,0,0,1,4,1,0,0,2,0,0.9210033631062748,1,1,high,1,426,0.009466666666666667,1,1,1,1,false_positive,top_1pct_review_queue,426
TXN_000040489,2026-03-23 05:41:28,2026-03-23,approved,1,merchant_collusion,MC_001024,medium,CUST_003313,MERCH_000566,DEV_003397,PM_004413,affluent,PT,Lisboa,digital_services,PT,high,desktop,macos,chrome,credit_card,US,web,PT,PT,496.18,EUR,5,0,0,1,0,1,0,1,0,0,0,30,0.99,0,3,665,2,0,1,1204,0.0426,1,0,1,0,1,265.2537037037037,67.37,1.870586510468664,7.364999257829894,230.9262962962963,428.81,0,1,1,0,0,0,0,25,279,95,72,246.4684,101.2147311827957,193.94726315789472,108.46805555555557,0.032,0.2222073578595317,0.0212173913043478,0.0265217391304347,0.0425081481481481,0.0933540691192865,0.0427205797101449,0.0316615942028985,203681.0,189334.0,194076.0,105405.0,0,0,0,0,0,1,0,0,0,0,0,0,0,0,0,4,4,2,3,16,0,3,0,4,0,4,0,0,1,18,0,16,0,2.013158684845603,4.902250830503019,2.558324319307636,4.574434357273646,0,1,0,0,0,0,0,0,2,5,0,0,2,1,0,0.9207152255176064,1,1,high,1,427,0.009488888888888889,1,1,1,1,true_positive,top_1pct_review_queue,427
TXN_000176035,2026-03-22 20:32:50,2026-03-22,approved,0,none,,none,CUST_003976,MERCH_000749,DEV_002856,PM_000454,mass,ES,Bilbao,marketplace,IT,high,tablet,macos,safari,debit_card,ES,web,GB,IT,75.16,EUR,20,6,1,0,1,0,1,1,0,0,0,1623,0.984,0,2,2450,2,1,0,2177,0.0595,1,1,0,1,0,51.91611111111112,149.76,1.4477201468180505,0.5018696581196581,23.243888888888883,-74.6,0,0,1,0,0,0,0,14,278,58,27,52.307857142857145,124.49888489208632,107.86293103448276,71.31444444444445,0.0129411764705882,0.0283221476510067,0.0056410256410256,0.0093617021276595,0.0268490196078431,0.0567545861297539,0.0373444444444444,0.0194226950354609,82036.0,221014.0,82036.0,57864.0,0,0,0,0,1,1,0,0,0,1,0,4,1,1,0,5,4,2,1,14,0,6,0,2,0,0,1,0,1,3,0,14,0,1.436877824964837,0.6037001862719293,0.6968102876415629,1.0539239362448,0,0,0,0,0,0,0,0,3,3,0,1,2,0,0,0.9206940130029388,1,1,high,1,428,0.00951111111111111,1,1,1,1,false_positive,top_1pct_review_queue,428
TXN_000023656,2026-03-19 01:36:41,2026-03-19,approved,0,none,,none,CUST_006015,MERCH_000780,DEV_006267,PM_002326,mass,FR,Paris,electronics,IT,medium,desktop,macos,chrome,debit_card,DE,web,GB,IT,66.47,EUR,1,3,0,1,1,1,1,1,0,0,0,1660,0.364,1,5,2309,1,0,0,1947,0.0345,0,0,0,0,0,48.471,191.23,1.3713354376843887,0.3475919050358207,17.999000000000002,-124.76,0,0,0,0,0,1,0,14,249,23,16,55.87642857142857,176.97437751004014,77.47478260869565,73.21625,0.0129411764705882,0.0276579925650557,0.0102325581395348,0.0122222222222222,0.0562607843137254,0.0405682775712515,0.0444852713178294,0.0531351851851851,497465.0,59050.0,95318.0,6796.0,0,0,0,0,0,1,0,1,0,0,0,2,0,0,1,2,2,1,2,5,0,4,0,1,0,1,0,0,1,14,0,5,0,1.1895892722461554,0.3755910936668163,0.8579565861542606,0.9078585696481314,0,0,1,0,0,0,0,0,1,3,0,1,1,0,0,0.9205886972543402,1,1,high,1,429,0.009533333333333333,1,1,1,1,false_positive,top_1pct_review_queue,429
TXN_000225263,2026-03-22 04:07:31,2026-03-22,approved,1,account_takeover,ATO_001305,medium,CUST_008560,MERCH_001000,DEV_007765,PM_009619,digital_native,DE,Berlin,marketplace,FR,medium,mobile,ios,edge,credit_card,IT,web,GB,FR,62.9,EUR,4,6,1,1,1,1,1,1,1,0,0,1095,0.45,1,10,446,5,0,0,3486,0.0232,0,0,0,0,0,26.76186440677966,164.71,2.35035941606764,0.3818833100601056,36.13813559322034,-101.81,0,0,0,0,0,1,0,59,262,88,65,97.78474576271186,151.95923664122137,122.65,97.76753846153846,0.0815189873417721,0.0299290780141843,0.0688888888888888,0.052235294117647,0.0875046413502109,0.0493364066193853,0.0917858024691358,0.0695631372549019,16124.0,16124.0,108027.0,69420.0,0,0,0,0,1,7,0,1,0,0,0,1,1,1,1,4,4,5,2,59,0,37,0,12,0,8,0,0,1,46,0,40,0,0.6432496143379612,0.4139267963586056,0.5128414186710151,0.6433628276807308,0,0,1,0,0,0,0,0,1,3,0,0,1,2,0,0.9205720298168484,1,1,high,1,430,0.009555555555555555,1,1,1,1,true_positive,top_1pct_review_queue,430
TXN_000105504,2026-03-24 00:44:45,2026-03-24,approved,1,account_takeover,ATO_001328,medium,CUST_004558,MERCH_000531,DEV_001241,PM_003996,digital_native,ES,Madrid,marketplace,FR,low,desktop,android,firefox,wallet,ES,mobile,US,FR,263.48,EUR,0,1,0,1,1,0,1,1,0,0,0,724,0.936,0,1,942,3,0,0,1737,0.0448,0,0,0,0,0,61.84818181818182,75.24,4.260109064718592,3.5018607123870287,201.6318181818182,188.24,1,1,0,0,0,0,0,42,285,46,49,68.27619047619048,91.82417543859648,72.42282608695653,104.55571428571427,0.0070967741935483,0.0309508196721311,0.0066666666666666,0.0063768115942028,0.030852688172043,0.0357798907103825,0.0138313131313131,0.0277227053140096,170108.0,170108.0,429686.0,19171.0,0,0,0,0,0,3,0,0,0,0,0,2,0,0,0,3,2,3,3,27,0,30,0,11,0,3,0,0,1,29,0,27,0,3.859031943088297,2.869396852642484,3.638079514925933,2.5199961742884867,1,0,0,0,0,0,0,0,1,4,1,2,0,2,0,0.920486392537457,1,1,high,1,431,0.009577777777777777,1,1,1,1,true_positive,top_1pct_review_queue,431
TXN_000024733,2026-03-19 20:14:19,2026-03-19,declined,1,stolen_card,SC_001678,medium,CUST_004420,MERCH_000709,DEV_003412,PM_000917,mass,FR,Paris,travel,PT,high,mobile,android,safari,debit_card,FR,mobile,PT,PT,106.98,EUR,20,3,0,0,1,0,1,1,0,0,1,2808,0.853,0,2,1173,2,2,0,2541,0.0414,1,1,0,2,0,28.76258064516129,200.78,3.719415907765466,0.5328219942225322,78.21741935483871,-93.8,1,0,1,0,0,0,1,23,183,144,45,72.03565217391304,213.808087431694,75.970625,78.99799999999999,0.0102325581395348,0.0465024630541871,0.0148780487804878,0.0067692307692307,0.0444852713178294,0.0833146141215106,0.0421516260162601,0.0294287179487179,157337.0,249599.0,157337.0,73264.0,0,0,0,0,0,3,0,0,0,0,0,1,0,0,0,7,2,2,1,23,0,0,1,0,1,0,1,0,1,4,0,23,0,1.4850979587402375,0.5003552544951195,1.4081758574449006,1.354211499025292,0,0,0,1,0,0,0,0,5,5,1,1,2,0,0,0.920406713138078,1,1,high,1,432,0.0096,1,1,1,1,true_positive,top_1pct_review_queue,432
TXN_000187368,2026-03-08 05:40:29,2026-03-08,approved,1,account_takeover,ATO_001160,medium,CUST_006255,MERCH_000928,DEV_003490,PM_006065,sme,ES,Bilbao,travel,ES,high,desktop,ios,chrome,bank_transfer,ES,mobile,FR,ES,627.44,EUR,5,6,1,1,0,0,1,1,0,0,0,2853,0.515,1,6,60,3,0,0,2278,0.0179,1,0,0,0,0,125.72849315068494,242.93,4.990436012368465,2.5828016300992056,501.7115068493151,384.5100000000001,1,0,0,0,0,1,0,69,168,53,23,174.40565217391304,276.1816666666667,153.55886792452827,158.57043478260871,0.0161797752808988,0.0236170212765957,0.0197260273972602,0.0334883720930232,0.021492883895131,0.0686854609929078,0.0262036529680365,0.0444852713178294,13999.0,13999.0,283766.0,11379.0,0,0,0,0,1,4,0,1,0,0,0,1,1,1,1,1,2,3,2,69,0,51,0,3,0,52,0,0,1,53,0,14,0,3.597589826815545,2.2718379810390505,4.0859900081340585,3.9568536269714185,1,0,1,0,0,0,0,0,1,5,1,3,2,3,0,0.9202750407364916,1,1,high,1,433,0.009622222222222223,1,1,1,1,true_positive,top_1pct_review_queue,433
TXN_000020514,2026-03-13 21:58:33,2026-03-13,approved,0,none,,none,CUST_006500,MERCH_000872,DEV_006300,PM_003951,affluent,DE,Berlin,electronics,ES,medium,desktop,windows,edge,credit_card,IT,mobile,IT,ES,371.33,EUR,21,4,0,0,1,1,1,1,0,0,0,1561,0.302,1,11,1052,3,1,0,1642,0.0525,0,1,0,1,0,111.38948717948718,277.35,3.333618004737362,1.3388498287362536,259.9405128205128,93.97999999999996,1,0,1,1,0,1,0,33,275,26,49,197.4030303030303,231.78992727272723,190.0853846153846,148.2565306122449,0.0271698113207547,0.0286101694915254,0.0313043478260869,0.0208695652173913,0.0549597484276729,0.0471622598870056,0.0415840579710144,0.0277227053140096,157678.0,1043978.0,157678.0,4846.0,0,0,0,0,0,1,0,0,0,0,0,6,0,0,0,2,4,3,3,32,0,7,0,8,0,14,0,0,1,18,0,27,0,1.8810754800976317,1.602010943137697,1.9534905366414284,2.5046451476136924,0,0,1,0,0,0,0,0,2,5,1,0,1,1,0,0.9202260889302132,1,1,high,1,434,0.009644444444444445,1,1,1,1,false_positive,top_1pct_review_queue,434
TXN_000050160,2026-03-11 19:04:25,2026-03-11,approved,1,merchant_collusion,MC_000935,medium,CUST_005386,MERCH_000988,DEV_003927,PM_005559,digital_native,ES,Sevilla,electronics,DE,medium,mobile,macos,chrome,debit_card,GB,web,ES,DE,111.56,EUR,19,2,0,0,1,1,0,1,0,0,0,437,0.812,0,2,588,2,2,1,2335,0.0399,0,1,1,2,1,46.37040816326531,282.84,2.4058446845498755,0.3944279451279876,65.18959183673469,-171.27999999999997,0,0,1,0,0,0,0,45,274,64,30,74.912,243.3980291970803,73.5271875,75.62100000000001,0.0067692307692307,0.1953741496598639,0.0171428571428571,0.0087999999999999,0.0294287179487179,0.0711321995464852,0.0346769841269841,0.0382573333333333,37578.0,36793.0,37578.0,54964.0,0,0,0,0,2,4,0,2,0,1,0,3,2,1,2,4,1,3,3,30,0,12,0,7,0,1,0,0,1,7,0,30,0,1.4892140111063648,0.4583438919699282,1.5172618971723897,1.4752515835548323,0,0,0,0,0,0,0,0,2,3,0,1,1,2,0,0.9202101704374248,1,1,high,1,435,0.009666666666666667,1,1,1,1,true_positive,top_1pct_review_queue,435
TXN_000271916,2026-03-22 20:14:41,2026-03-22,declined,1,stolen_card,SC_001736,medium,CUST_006442,MERCH_000182,DEV_000413,PM_008698,sme,ES,Sevilla,marketplace,IT,medium,mobile,android,firefox,credit_card,FR,web,IT,IT,569.92,EUR,20,6,1,0,1,1,1,1,0,0,0,1710,0.697,0,3,1564,1,1,1,249,0.0461,0,1,1,1,1,148.35263157894735,157.11,3.841657501685174,3.62752211826109,421.5673684210526,412.81,1,1,0,0,0,0,0,28,252,73,81,255.29892857142855,133.92242063492066,147.6472602739726,126.04938271604938,0.0091666666666666,0.0273529411764705,0.0047311827956989,0.0241584158415841,0.0606847222222222,0.0254149509803921,0.031321146953405,0.0585432343234323,267959.0,3337.0,7415.0,68925.0,0,0,0,0,0,2,1,1,0,1,0,1,0,0,1,5,2,1,1,28,0,23,0,9,0,7,0,0,1,28,0,28,0,2.2323634618801207,4.255598108950188,3.8600106696356087,4.521402546523016,0,1,0,0,0,0,0,0,1,5,0,0,1,3,0,0.9201934916818674,1,1,high,1,436,0.00968888888888889,1,1,1,1,true_positive,top_1pct_review_queue,436
TXN_000267494,2026-03-17 00:13:43,2026-03-17,approved,1,account_takeover,ATO_001256,medium,CUST_000490,MERCH_000972,DEV_001232,PM_008597,affluent,DE,Hamburg,electronics,FR,medium,mobile,windows,chrome,debit_card,DE,web,IT,FR,275.22,EUR,0,1,0,1,1,0,1,1,0,0,0,1670,0.749,0,4,3650,1,1,0,1231,0.0353,0,1,0,1,0,76.09119047619048,119.48,3.616975871682787,2.303481754268497,199.12880952380957,155.74,1,0,0,0,0,0,0,45,229,85,103,130.84866666666665,163.96427947598252,115.09929411764706,141.89,0.0067692307692307,0.0379116465863453,0.0137142857142857,0.0035772357723577,0.0294287179487179,0.0438267737617135,0.0467892063492063,0.0318119241192411,3751.0,3751.0,3751.0,822.0,0,0,0,0,1,1,0,1,0,2,1,1,1,1,1,4,2,1,4,32,0,29,0,10,0,3,0,0,1,45,0,28,0,2.103345849913132,1.6785363304713832,2.3911528051482915,1.9396715765734016,0,0,0,0,0,0,0,0,1,4,0,1,1,1,0,0.9198437868819352,1,1,high,1,437,0.009711111111111111,1,1,1,1,true_positive,top_1pct_review_queue,437
TXN_000039592,2026-03-12 01:19:21,2026-03-12,approved,1,account_takeover,ATO_001206,medium,CUST_003910,MERCH_000320,DEV_001184,PM_008025,digital_native,ES,Bilbao,electronics,IT,low,mobile,windows,chrome,debit_card,FR,web,DE,IT,190.23,EUR,1,3,0,1,1,1,1,1,1,0,0,1718,0.436,1,10,271,3,0,0,2396,0.0361,0,0,0,0,0,42.60428571428572,205.52,4.465043758173222,0.9256033476060724,147.62571428571428,-15.29000000000002,1,0,0,0,0,1,0,57,230,63,52,80.11368421052633,195.92656521739127,133.4826984126984,136.1023076923077,0.0057142857142857,0.0177599999999999,0.0293975903614457,0.02,0.0248424242424242,0.0436514666666666,0.0591911646586345,0.0265675925925925,13372.0,13372.0,9273.0,14878.0,0,0,0,0,1,9,0,1,0,2,0,2,1,1,1,3,3,3,2,39,0,41,0,6,0,9,0,0,1,34,0,39,0,2.3745007095180526,0.9709249982968332,1.4251285167449323,1.397698563863157,0,0,1,0,0,0,0,0,1,4,0,1,0,2,0,0.9198314074729552,1,1,high,1,438,0.009733333333333333,1,1,1,1,true_positive,top_1pct_review_queue,438
TXN_000184266,2026-03-24 23:45:35,2026-03-24,approved,1,account_takeover,ATO_001330,medium,CUST_001673,MERCH_000365,DEV_007323,PM_010139,digital_native,IT,Turin,travel,FR,medium,mobile,linux,chrome,debit_card,IT,mobile,PT,FR,70.83,EUR,23,1,0,0,1,0,1,1,0,0,1,30,0.737,0,1,257,3,1,0,3456,0.0622,0,1,0,1,0,24.51442857142857,400.28,2.8893188268133634,0.1769511342060557,46.31557142857143,-329.45,0,0,0,0,0,0,1,68,190,51,80,79.73573529411765,376.7048947368421,60.87627450980392,76.09175,0.0277272727272727,0.0211428571428571,0.020281690140845,0.0243999999999999,0.0444643939393939,0.0567279365079365,0.0551107981220657,0.0291286666666666,174873.0,341806.0,174873.0,69516.0,0,0,0,0,0,3,0,0,0,0,0,2,0,0,0,2,3,3,2,47,0,46,0,3,0,13,0,0,1,49,0,47,0,0.8883093601473987,0.1880251650286634,1.1635074677342987,0.9308499278831148,0,0,0,1,0,0,0,0,1,3,1,1,1,2,0,0.9196165709563332,1,1,high,1,439,0.009755555555555556,1,1,1,1,true_positive,top_1pct_review_queue,439
TXN_000074633,2026-03-22 05:57:31,2026-03-22,approved,0,none,,none,CUST_002108,MERCH_000659,DEV_006964,PM_006770,sme,DE,Munich,electronics,DE,low,mobile,windows,safari,credit_card,US,mobile,ES,DE,165.6,EUR,5,6,1,1,0,1,1,1,0,0,0,2654,0.281,1,6,554,1,0,0,2302,0.0434,0,0,0,0,0,101.36064102564104,59.71,1.6337702516907766,2.7734047898174508,64.23935897435896,105.89,0,0,0,1,0,1,0,74,251,96,57,162.9216216216216,97.68294820717132,150.18572916666668,125.37754385964912,0.0153191489361702,0.0126937269372693,0.0210344827586206,0.0057142857142857,0.0416262411347517,0.0439589175891758,0.0423522988505747,0.0248424242424242,212049.0,100905.0,17726.0,29136.0,0,0,0,0,0,6,0,0,0,1,0,2,0,0,0,3,3,1,2,74,0,54,0,18,0,25,0,1,0,74,0,19,0,1.0164396741925317,1.6952805278643566,1.102634723810726,1.320810688279051,0,0,1,0,0,0,0,0,0,4,1,0,0,3,0,0.9194523346928848,1,1,high,1,440,0.009777777777777778,1,1,1,1,false_positive,top_1pct_review_queue,440
TXN_000181519,2026-03-19 03:36:48,2026-03-19,approved,1,stolen_card,SC_001672,medium,CUST_005823,MERCH_000245,DEV_004718,PM_006677,digital_native,ES,Barcelona,electronics,IT,medium,mobile,windows,firefox,debit_card,FR,mobile,GB,IT,32.15,EUR,3,3,0,1,1,1,1,1,0,0,0,1498,0.725,0,2,655,3,0,0,722,0.0398,0,0,0,0,0,13.948275862068966,236.19,2.3049443757725583,0.1361192260468267,18.20172413793103,-204.04,0,0,0,0,0,0,0,59,241,110,31,66.00050847457626,230.3336514522821,109.84863636363636,97.40290322580644,0.0055696202531645,0.0361685823754789,0.0033846153846153,0.0086274509803921,0.0368717299578059,0.0379803320561941,0.037791282051282,0.0178993464052287,12624.0,8272.0,674804.0,5347.0,0,0,0,0,1,3,0,2,0,0,0,2,1,1,2,5,2,3,2,15,0,43,0,11,0,5,0,0,1,38,0,15,0,0.4871174592902469,0.1395801256016664,0.292675458378678,0.3300722969773041,0,0,0,0,0,0,0,0,1,2,1,1,1,2,0,0.9190144499425416,1,1,high,1,441,0.0098,1,1,1,1,true_positive,top_1pct_review_queue,441
TXN_000226428,2026-03-09 20:48:35,2026-03-09,approved,1,stolen_card,SC_001527,medium,CUST_008213,MERCH_000992,DEV_001662,PM_006553,affluent,ES,Bilbao,marketplace,IT,low,desktop,android,edge,credit_card,DE,web,PT,IT,449.99,EUR,20,0,0,0,1,1,1,1,0,0,0,2783,0.944,0,1,266,1,0,0,1694,0.0347,0,0,0,0,0,34.665217391304346,262.14,12.981023454157784,1.7166018158236058,415.32478260869567,187.85,1,0,1,0,0,0,0,41,233,44,136,139.10731707317075,180.60326180257516,136.61045454545456,73.67617647058825,0.0072131147540983,0.0175494071146245,0.0225,0.0028205128205128,0.0149650273224043,0.035228722002635,0.0142635416666666,0.031492735042735,64107.0,64107.0,73647.0,82841.0,0,0,0,0,2,2,0,2,0,1,0,1,2,2,1,2,6,1,3,41,0,11,0,1,0,1,0,0,1,41,0,28,0,3.234840621383736,2.491593980688469,3.293964590757396,6.107673084523291,1,0,0,0,0,0,0,0,2,2,0,0,0,1,0,0.918838667538198,1,1,high,1,442,0.009822222222222222,1,1,1,1,true_positive,top_1pct_review_queue,442
TXN_000276644,2026-03-10 03:52:56,2026-03-10,approved,0,none,,none,CUST_004285,MERCH_000737,DEV_002093,PM_008984,sme,ES,Valencia,travel,IT,medium,mobile,ios,chrome,credit_card,ES,web,GB,IT,155.8,EUR,3,1,0,1,1,0,1,1,0,0,1,1052,0.959,0,1,2840,3,0,0,2643,0.0352,0,0,0,0,0,34.21205882352941,87.2,4.553949845685646,1.786697247706422,121.5879411764706,68.60000000000001,1,0,0,0,0,0,1,79,176,133,50,104.17696202531648,163.19750000000002,90.00699248120301,108.6418,0.0145454545454545,0.0124489795918367,0.0486274509803921,0.0205714285714285,0.0092208754208754,0.0454738095238095,0.051718082788671,0.0130409523809523,95815.0,27534.0,95815.0,6936.0,0,0,0,0,0,5,0,1,0,0,0,3,0,0,1,6,1,3,2,79,0,55,0,5,0,10,0,0,1,15,0,50,0,1.4955321884135806,0.9546714870019456,1.7309766242054712,1.434070495886482,0,0,0,1,0,0,0,0,1,4,0,0,1,3,0,0.9183194823713569,1,1,high,1,443,0.009844444444444444,1,1,1,1,false_positive,top_1pct_review_queue,443
TXN_000051811,2026-03-21 23:27:47,2026-03-21,approved,1,merchant_collusion,MC_001016,medium,CUST_003496,MERCH_001155,DEV_000267,PM_001697,digital_native,FR,Paris,digital_services,ES,medium,desktop,macos,edge,credit_card,US,mobile,US,ES,51.02,EUR,23,5,1,0,1,1,1,1,1,0,0,886,0.701,0,2,1463,2,0,2,881,0.0518,0,0,1,0,2,7.513809523809524,143.36,6.790164142214336,0.3558872767857142,43.50619047619048,-92.34,1,0,0,0,0,0,0,60,376,69,92,52.73266666666667,113.65726063829788,104.7808695652174,80.07597826086956,0.018,0.1703030303030303,0.0161797752808988,0.0307142857142857,0.0489108333333333,0.0881638047138047,0.0664367041198501,0.0706505952380952,148141.0,2510.0,148141.0,78915.0,0,0,0,0,0,1,1,1,0,0,0,1,0,0,1,3,4,3,2,60,0,43,0,9,0,19,0,1,0,44,0,38,0,0.9675217132959962,0.4488934513595723,0.4869209447459709,0.637144885495976,0,0,0,0,0,0,0,0,0,3,1,0,1,2,0,0.9182428224255536,1,1,high,1,444,0.009866666666666666,1,1,1,1,true_positive,top_1pct_review_queue,444
TXN_000235140,2026-03-23 19:03:50,2026-03-23,approved,1,stolen_card,SC_001753,medium,CUST_002592,MERCH_000875,DEV_006436,PM_001168,sme,IT,Rome,marketplace,FR,low,mobile,android,safari,credit_card,GB,mobile,DE,FR,550.54,EUR,19,0,0,0,1,1,1,1,0,0,0,1932,0.116,0,1,1309,2,0,1,1963,0.0577,0,0,1,0,1,64.54944444444445,221.86,8.52896573685977,2.481474803930406,485.9905555555555,328.67999999999995,1,0,0,1,1,1,0,68,268,52,152,119.3319117647059,176.04294776119403,137.20096153846154,106.71092105263156,0.0049999999999999,0.0327777777777777,0.0061111111111111,0.0141860465116279,0.0558280303030303,0.0552530092592592,0.0821231481481481,0.0343771317829457,75423.0,75423.0,75423.0,78561.0,0,0,0,0,1,2,0,1,0,1,0,1,1,1,1,2,7,2,3,58,0,52,0,12,0,9,0,0,1,49,0,50,0,4.613518646089688,3.127305052553534,4.012654093868483,5.159172037588024,1,1,1,0,0,0,0,0,1,4,1,0,0,3,0,0.918016681439507,1,1,high,1,445,0.009888888888888888,1,1,1,1,true_positive,top_1pct_review_queue,445
TXN_000286869,2026-03-23 08:19:45,2026-03-23,declined,1,stolen_card,SC_001748,medium,CUST_000661,MERCH_000725,DEV_007816,PM_011284,mass,ES,Bilbao,marketplace,DE,high,mobile,ios,chrome,credit_card,IT,mobile,DE,DE,74.99,EUR,8,0,0,0,1,1,1,1,0,0,1,3248,0.922,0,1,1914,2,0,0,1785,0.0083,1,0,0,0,0,47.27074074074074,69.71,1.586393587764728,1.0757423612107302,27.719259259259253,5.280000000000001,0,0,1,0,0,0,1,24,241,102,12,88.68666666666667,93.87983402489624,95.21215686274508,136.9925,0.0554545454545454,0.0246743295019157,0.0118032786885245,0.045,0.0207469696969696,0.0686316730523627,0.0566628415300546,0.0597770833333333,278293.0,207543.0,285668.0,35841.0,0,0,0,0,0,4,0,0,0,0,0,2,0,0,0,5,2,2,2,24,0,1,0,1,0,1,0,0,1,18,0,7,0,0.8455611516199353,0.7987870960670125,0.7876095077659386,0.5474022300490902,0,0,0,1,0,0,0,0,2,3,1,0,2,0,0,0.9174619110935892,1,1,high,1,446,0.009911111111111112,1,1,1,1,true_positive,top_1pct_review_queue,446
TXN_000298541,2026-03-22 00:46:00,2026-03-22,approved,0,none,,none,CUST_008045,MERCH_000278,DEV_003554,PM_010026,sme,PT,Lisboa,electronics,FR,high,desktop,windows,chrome,bank_transfer,GB,web,IT,FR,314.1,EUR,0,6,1,1,1,1,1,1,0,0,0,1694,0.243,0,8,1122,3,1,0,2208,0.014,1,1,0,1,0,104.49037735849056,182.56,3.0060184290690306,1.7205302366345312,209.60962264150947,131.54000000000002,1,0,0,1,0,1,0,49,215,38,63,171.18408163265306,192.74051162790695,172.2615789473684,110.43047619047618,0.0208695652173913,0.0316595744680851,0.0075862068965517,0.0053012048192771,0.042215458937198,0.0719696453900709,0.0502218390804597,0.0350947791164658,164175.0,164175.0,164175.0,11506.0,0,0,0,0,0,5,0,0,0,0,0,2,0,0,0,1,2,3,3,33,0,29,0,12,0,10,0,0,1,38,0,33,0,1.834866869654579,1.629652206207599,1.823389765259077,2.844323513177867,0,0,1,0,0,0,0,0,1,6,0,3,2,3,0,0.9171656516959088,1,1,high,1,447,0.009933333333333334,1,1,1,1,false_positive,top_1pct_review_queue,447
TXN_000264672,2026-03-25 21:06:39,2026-03-25,approved,0,none,,none,CUST_006925,MERCH_000237,DEV_005045,PM_010330,mass,PT,Braga,marketplace,DE,low,desktop,linux,chrome,debit_card,ES,web,DE,DE,104.14,EUR,21,2,0,0,1,1,1,1,0,1,0,2252,0.892,0,1,964,1,0,0,2000,0.0338,0,0,0,0,0,63.47882352941177,155.82,1.6405471023222191,0.6683352586317546,40.66117647058823,-51.67999999999999,0,0,1,0,0,0,1,19,281,20,6,71.13578947368421,146.05405693950178,91.13649999999998,70.05666666666667,0.0112820512820512,0.0213953488372093,0.011,0.0169230769230769,0.0490478632478632,0.0528666666666666,0.0478216666666666,0.0351102564102564,478038.0,478038.0,1725082.0,93208.0,0,0,0,0,0,2,0,0,0,0,0,0,0,0,0,2,1,1,2,19,0,0,1,6,0,1,0,0,1,19,0,6,0,1.4639606978499238,0.7130236720718868,1.1426815820225706,1.4865109197316455,0,0,0,1,0,0,0,0,3,2,0,1,0,0,0,0.9169181995392124,1,1,high,1,448,0.009955555555555556,1,1,1,1,false_positive,top_1pct_review_queue,448
TXN_000174999,2026-03-24 06:51:36,2026-03-24,declined,0,none,,none,CUST_001640,MERCH_000697,DEV_003824,PM_008549,digital_native,ES,Valencia,digital_services,FR,high,mobile,ios,chrome,wallet,ES,mobile,PT,FR,45.09,EUR,6,1,0,0,1,0,1,1,0,0,1,855,0.902,0,1,479,3,0,1,472,0.0613,1,0,1,0,1,13.973,97.8,3.2269376654977457,0.4610429447852761,31.117000000000004,-52.71,1,0,0,0,0,0,1,52,285,81,22,40.85326923076923,118.60680701754389,99.0132098765432,60.55272727272728,0.0338888888888888,0.2112786885245901,0.0043564356435643,0.0104761904761904,0.0265675925925925,0.1013536612021858,0.0387412541254125,0.0455444444444444,100458.0,100458.0,453108.0,45305.0,0,0,0,0,0,5,0,0,0,0,0,2,0,0,0,4,2,4,4,40,0,36,0,9,0,5,0,0,1,37,0,10,0,1.1037060399083023,0.3801636780706057,0.4553937808522869,0.7446402834494356,0,0,0,1,0,0,0,0,1,5,1,2,2,2,0,0.9165826667507936,1,1,high,1,449,0.009977777777777778,1,1,1,1,false_positive,top_1pct_review_queue,449
TXN_000147009,2026-03-24 23:35:30,2026-03-24,approved,0,none,,none,CUST_004821,MERCH_000988,DEV_001060,PM_011534,digital_native,IT,Rome,electronics,DE,medium,mobile,android,edge,debit_card,IT,web,IT,DE,183.24,EUR,23,1,0,0,1,0,0,1,0,1,0,760,0.249,0,4,509,3,0,0,2335,0.0399,0,0,0,0,0,52.03896551724138,282.84,3.5212075831770626,0.6478574459058125,131.20103448275864,-99.59999999999997,1,0,1,1,0,1,1,30,304,26,17,92.25866666666668,243.15305921052632,122.68076923076924,109.64117647058822,0.0288,0.1896296296296296,0.0095652173913043,0.0118918918918918,0.0382573333333333,0.0645458847736625,0.0415840579710144,0.024672072072072,103518.0,334297.0,103518.0,150802.0,0,0,0,0,0,2,0,0,0,0,0,0,0,0,0,2,1,3,3,24,0,9,0,9,0,4,0,0,1,22,0,17,0,1.9861548689192705,0.7535994019361586,1.4936326300279024,1.6712699179140516,0,0,1,1,0,0,0,0,2,4,0,1,1,2,0,0.9165154778036586,1,1,high,1,450,0.01,1,1,1,1,false_positive,top_1pct_review_queue,450
