merchant_id,txn_count,fraud_count,alert_count,high_risk_count,medium_risk_count,approved_amount_sum,avg_amount,median_amount,avg_fraud_score,max_fraud_score,cross_border_count,geo_mismatch_count,ip_mismatch_count,low_trust_device_count,fraud_rate,alert_rate,high_risk_rate,cross_border_rate,geo_mismatch_rate,ip_mismatch_rate,low_trust_device_rate,merchant_category,merchant_country,merchant_risk_level
MERCH_000500,44,12,11,11,15,7352.5,167.10227272727272,121.97,0.6652395423018672,0.9869136220684116,28,43,12,15,0.2727272727272727,0.25,0.25,0.6363636363636364,0.9772727272727273,0.2727272727272727,0.3409090909090909,marketplace,IT,medium
MERCH_000487,39,13,15,15,6,6933.61,177.78487179487178,99.7,0.6611410567841365,0.9971251732823916,31,38,14,7,0.3333333333333333,0.38461538461538464,0.38461538461538464,0.7948717948717948,0.9743589743589743,0.358974358974359,0.1794871794871795,marketplace,DE,high
MERCH_000988,43,6,7,7,19,9429.27,219.2853488372093,183.24,0.6492023658728924,0.9578228788492058,25,41,9,11,0.13953488372093023,0.16279069767441862,0.16279069767441862,0.5813953488372093,0.9534883720930233,0.20930232558139536,0.2558139534883721,electronics,DE,medium
MERCH_000819,62,17,13,13,22,10552.76,170.20580645161291,122.44,0.6213020455600868,0.9827552279711036,26,50,15,18,0.27419354838709675,0.20967741935483872,0.20967741935483872,0.41935483870967744,0.8064516129032258,0.24193548387096775,0.2903225806451613,marketplace,ES,medium
MERCH_000396,51,8,5,5,20,14758.35,289.3794117647059,195.13,0.6113241364213958,0.955741957431376,22,45,10,15,0.1568627450980392,0.09803921568627451,0.09803921568627451,0.43137254901960786,0.8823529411764706,0.19607843137254902,0.29411764705882354,electronics,ES,high
MERCH_000066,41,11,9,9,9,6050.56,147.57463414634148,100.93,0.5819613971146539,0.9979898083145532,24,40,8,12,0.2682926829268293,0.21951219512195122,0.21951219512195122,0.5853658536585366,0.975609756097561,0.1951219512195122,0.2926829268292683,electronics,DE,medium
MERCH_000289,32,7,8,8,5,3118.2,97.44375,54.825,0.5600169182290825,0.988967228361906,20,30,10,6,0.21875,0.25,0.25,0.625,0.9375,0.3125,0.1875,digital_services,DE,high
MERCH_000697,47,5,4,4,18,4814.5199999999995,102.43659574468084,64.37,0.5451224847189216,0.9969210940739436,29,46,5,10,0.10638297872340426,0.0851063829787234,0.0851063829787234,0.6170212765957447,0.9787234042553191,0.10638297872340426,0.2127659574468085,digital_services,FR,high
MERCH_000566,49,12,11,11,6,6426.99,131.16306122448978,68.54,0.5436232780418611,0.99907068327453,38,48,14,6,0.24489795918367346,0.22448979591836735,0.22448979591836735,0.7755102040816326,0.9795918367346939,0.2857142857142857,0.12244897959183673,digital_services,PT,high
MERCH_001155,52,7,1,1,18,6181.83,118.88134615384615,73.72,0.5058079284091618,0.9182428224255536,17,42,12,14,0.1346153846153846,0.019230769230769232,0.019230769230769232,0.3269230769230769,0.8076923076923077,0.23076923076923078,0.2692307692307692,digital_services,ES,medium
MERCH_000345,41,10,11,11,2,4149.22,101.20048780487805,46.66,0.4998682114961853,0.9916966589380946,30,41,9,9,0.24390243902439024,0.2682926829268293,0.2682926829268293,0.7317073170731707,1.0,0.21951219512195122,0.21951219512195122,digital_services,IT,high
MERCH_001028,25,10,7,7,1,2278.61,91.1444,35.67,0.4744872328548697,0.9980318791492514,20,23,4,4,0.4,0.28,0.28,0.8,0.92,0.16,0.16,digital_services,FR,high
MERCH_000910,44,12,10,10,6,4879.05,110.8875,55.105000000000004,0.46915437047972103,0.9985462953913792,25,43,14,10,0.2727272727272727,0.22727272727272727,0.22727272727272727,0.5681818181818182,0.9772727272727273,0.3181818181818182,0.22727272727272727,digital_services,IT,high
MERCH_000696,57,5,5,5,12,11079.84,194.38315789473685,139.99,0.45286181947803,0.9750936500970092,24,44,10,15,0.08771929824561403,0.08771929824561403,0.08771929824561403,0.42105263157894735,0.7719298245614035,0.17543859649122806,0.2631578947368421,marketplace,ES,medium
MERCH_000460,72,12,4,4,10,14853.22,206.29472222222222,147.61,0.41560119599304735,0.9835893958032916,28,61,15,13,0.16666666666666666,0.05555555555555555,0.05555555555555555,0.3888888888888889,0.8472222222222222,0.20833333333333334,0.18055555555555555,electronics,ES,medium
MERCH_000660,45,7,5,5,5,4933.96,109.64355555555555,58.15,0.41354908097242443,0.99619238709991,26,42,8,11,0.15555555555555556,0.1111111111111111,0.1111111111111111,0.5777777777777777,0.9333333333333333,0.17777777777777778,0.24444444444444444,marketplace,IT,medium
MERCH_000324,37,5,7,7,4,3299.02,89.1627027027027,40.95,0.4010204985182133,0.996536655699677,19,36,8,8,0.13513513513513514,0.1891891891891892,0.1891891891891892,0.5135135135135135,0.972972972972973,0.21621621621621623,0.21621621621621623,digital_services,FR,high
MERCH_000614,53,7,3,3,5,3307.16,62.399245283018864,35.78,0.3742619126335259,0.9726649414867516,32,53,13,12,0.1320754716981132,0.05660377358490566,0.05660377358490566,0.6037735849056604,1.0,0.24528301886792453,0.22641509433962265,marketplace,IT,medium
MERCH_000996,35,4,3,3,4,14218.44,406.24114285714285,278.68,0.26420318495013856,0.9733221277263,23,35,12,9,0.11428571428571428,0.08571428571428572,0.08571428571428572,0.6571428571428571,1.0,0.34285714285714286,0.2571428571428571,travel,PT,high
MERCH_000552,26,2,2,2,3,12338.64,474.5630769230769,373.04499999999996,0.24402616813494044,0.9865839589693568,14,25,6,8,0.07692307692307693,0.07692307692307693,0.07692307692307693,0.5384615384615384,0.9615384615384616,0.23076923076923078,0.3076923076923077,travel,DE,high
MERCH_000323,32,2,3,3,3,4599.49,143.7340625,89.625,0.2405911391556319,0.9946730327288948,20,32,8,6,0.0625,0.09375,0.09375,0.625,1.0,0.25,0.1875,travel,DE,high
MERCH_000389,35,3,3,3,3,9506.6,271.6171428571429,241.51,0.24028315865127087,0.9442442228673412,22,32,11,10,0.08571428571428572,0.08571428571428572,0.08571428571428572,0.6285714285714286,0.9142857142857143,0.3142857142857143,0.2857142857142857,travel,ES,high
MERCH_000709,36,3,2,2,5,8211.71,228.10305555555553,194.385,0.2396345181002151,0.9507949678205564,26,34,7,6,0.08333333333333333,0.05555555555555555,0.05555555555555555,0.7222222222222222,0.9444444444444444,0.19444444444444445,0.16666666666666666,travel,PT,high
MERCH_000486,35,2,2,2,5,6746.2,192.7485714285714,165.67,0.2388512188935802,0.9367450327682778,24,35,12,6,0.05714285714285714,0.05714285714285714,0.05714285714285714,0.6857142857142857,1.0,0.34285714285714286,0.17142857142857143,marketplace,PT,high
MERCH_000275,32,5,4,4,2,8901.36,278.1675,191.515,0.23064857121255394,0.9836226859469448,22,31,8,8,0.15625,0.125,0.125,0.6875,0.96875,0.25,0.25,travel,PT,high
MERCH_000737,30,2,2,2,2,7460.28,248.676,141.31,0.2200859499190124,0.9855676534967902,23,29,6,5,0.06666666666666667,0.06666666666666667,0.06666666666666667,0.7666666666666667,0.9666666666666667,0.2,0.16666666666666666,travel,IT,medium
MERCH_000402,29,3,3,3,2,8689.460000000001,299.636551724138,194.23,0.21669303082747418,0.9840832930120272,19,28,5,7,0.10344827586206896,0.10344827586206896,0.10344827586206896,0.6551724137931034,0.9655172413793104,0.1724137931034483,0.2413793103448276,travel,FR,high
MERCH_000582,39,2,3,3,2,5937.42,152.24153846153845,90.65,0.21063784912816244,0.9944122810346744,17,33,6,14,0.05128205128205128,0.07692307692307693,0.07692307692307693,0.4358974358974359,0.8461538461538461,0.15384615384615385,0.358974358974359,travel,ES,medium
MERCH_001040,25,1,0,0,4,7908.9,316.356,215.6,0.20793413275956887,0.8845713442997786,10,24,7,4,0.04,0.0,0.0,0.4,0.96,0.28,0.16,travel,FR,medium
MERCH_000165,46,1,3,3,4,13755.41,299.03065217391304,260.375,0.20695678787568766,0.9534555446579656,32,46,12,11,0.021739130434782608,0.06521739130434782,0.06521739130434782,0.6956521739130435,1.0,0.2608695652173913,0.2391304347826087,electronics,DE,medium
MERCH_000339,31,1,1,1,2,5425.08,175.0025806451613,135.63,0.2064872106053355,0.9383037865900988,19,30,5,8,0.03225806451612903,0.03225806451612903,0.03225806451612903,0.6129032258064516,0.967741935483871,0.16129032258064516,0.25806451612903225,travel,IT,low
MERCH_000607,23,1,1,1,2,7941.14,345.26695652173913,274.22,0.2063049187582024,0.93603549766547,16,22,5,3,0.043478260869565216,0.043478260869565216,0.043478260869565216,0.6956521739130435,0.9565217391304348,0.21739130434782608,0.13043478260869565,travel,IT,high
MERCH_000164,32,2,2,2,4,6193.09,193.5340625,165.995,0.20338359440799442,0.965144120532744,16,29,8,8,0.0625,0.0625,0.0625,0.5,0.90625,0.25,0.25,electronics,FR,medium
MERCH_000187,21,2,1,1,0,8187.78,389.89428571428573,290.44,0.2007879299459803,0.9125592920253942,14,21,3,5,0.09523809523809523,0.047619047619047616,0.047619047619047616,0.6666666666666666,1.0,0.14285714285714285,0.23809523809523808,travel,PT,high
MERCH_000488,41,1,2,2,4,9562.27,233.22609756097563,175.85,0.19928312848189447,0.928585805953524,23,41,11,15,0.024390243902439025,0.04878048780487805,0.04878048780487805,0.5609756097560976,1.0,0.2682926829268293,0.36585365853658536,electronics,FR,medium
MERCH_001150,42,1,0,0,6,6122.88,145.78285714285715,112.885,0.19904059156346174,0.8433472541962205,22,42,11,6,0.023809523809523808,0.0,0.0,0.5238095238095238,1.0,0.2619047619047619,0.14285714285714285,marketplace,IT,medium
MERCH_000555,37,3,4,4,3,4166.96,112.62054054054055,66.26,0.1961200191660058,0.9741642181541068,24,36,10,8,0.08108108108108109,0.10810810810810811,0.10810810810810811,0.6486486486486487,0.972972972972973,0.2702702702702703,0.21621621621621623,marketplace,IT,medium
MERCH_000259,37,1,1,1,5,7235.49,195.55378378378379,156.92,0.19596918874497896,0.9334076642802386,24,34,13,5,0.02702702702702703,0.02702702702702703,0.02702702702702703,0.6486486486486487,0.918918918918919,0.35135135135135137,0.13513513513513514,electronics,DE,high
MERCH_000184,31,0,1,1,2,9123.65,294.31129032258065,236.31,0.19452002022859438,0.9117301306644784,18,31,9,10,0.0,0.03225806451612903,0.03225806451612903,0.5806451612903226,1.0,0.2903225806451613,0.3225806451612903,travel,FR,medium
MERCH_000801,33,2,2,2,2,5304.7699999999995,160.75060606060606,112.55,0.1939377139601568,0.9721579150917962,18,32,8,12,0.06060606060606061,0.06060606060606061,0.06060606060606061,0.5454545454545454,0.9696969696969697,0.24242424242424243,0.36363636363636365,marketplace,IT,high
MERCH_000723,26,2,2,2,2,7732.71,297.4119230769231,223.24,0.1932816990092112,0.9826141275932008,13,26,8,6,0.07692307692307693,0.07692307692307693,0.07692307692307693,0.5,1.0,0.3076923076923077,0.23076923076923078,travel,DE,high
MERCH_000557,35,2,1,1,3,12146.82,347.05199999999996,296.14,0.1931989783225988,0.9388405218292788,20,34,9,11,0.05714285714285714,0.02857142857142857,0.02857142857142857,0.5714285714285714,0.9714285714285714,0.2571428571428571,0.3142857142857143,electronics,IT,low
MERCH_001167,32,1,1,1,2,4161.08,130.03375,106.18,0.19247973097657375,0.9534003921527184,25,31,9,8,0.03125,0.03125,0.03125,0.78125,0.96875,0.28125,0.25,travel,PT,medium
MERCH_000542,46,2,3,3,3,13349.92,290.21565217391304,297.29499999999996,0.19206745894994445,0.9764186625463932,26,42,10,12,0.043478260869565216,0.06521739130434782,0.06521739130434782,0.5652173913043478,0.9130434782608695,0.21739130434782608,0.2608695652173913,travel,ES,high
MERCH_001039,37,2,3,3,1,8772.04,237.08216216216218,169.74,0.19202191102467595,0.9471503549735466,12,32,10,11,0.05405405405405406,0.08108108108108109,0.08108108108108109,0.32432432432432434,0.8648648648648649,0.2702702702702703,0.2972972972972973,travel,ES,medium
MERCH_000928,29,2,2,2,3,7772.95,268.03275862068966,262.7,0.19177816215126015,0.9289862173715604,14,21,5,6,0.06896551724137931,0.06896551724137931,0.06896551724137931,0.4827586206896552,0.7241379310344828,0.1724137931034483,0.20689655172413793,travel,ES,high
MERCH_000365,31,2,3,3,2,11478.06,370.26,326.89,0.18988847593251396,0.9681816855885572,15,27,7,9,0.06451612903225806,0.0967741935483871,0.0967741935483871,0.4838709677419355,0.8709677419354839,0.22580645161290322,0.2903225806451613,travel,FR,medium
MERCH_000977,52,1,5,5,2,13279.15,255.36826923076922,210.475,0.18769159354887083,0.9892339109295096,32,48,16,11,0.019230769230769232,0.09615384615384616,0.09615384615384616,0.6153846153846154,0.9230769230769231,0.3076923076923077,0.21153846153846154,electronics,IT,medium
MERCH_000639,32,2,1,1,4,5244.7300000000005,163.89781250000001,112.075,0.1855304345581018,0.9410684395614376,16,32,6,7,0.0625,0.03125,0.03125,0.5,1.0,0.1875,0.21875,marketplace,DE,low
MERCH_000884,38,2,0,0,4,6876.54,180.96157894736842,117.79499999999999,0.18371212057962594,0.8953033235681468,24,35,7,10,0.05263157894736842,0.0,0.0,0.631578947368421,0.9210526315789473,0.18421052631578946,0.2631578947368421,electronics,IT,high
MERCH_000013,38,1,1,1,3,13629.69,358.67605263157895,223.60500000000002,0.1822968867491517,0.927871837676563,16,33,12,6,0.02631578947368421,0.02631578947368421,0.02631578947368421,0.42105263157894735,0.868421052631579,0.3157894736842105,0.15789473684210525,travel,ES,medium
MERCH_000507,35,0,2,1,3,7379.61,210.846,184.35,0.1817122249447709,0.9266530407828908,18,34,6,12,0.0,0.05714285714285714,0.02857142857142857,0.5142857142857142,0.9714285714285714,0.17142857142857143,0.34285714285714286,electronics,IT,low
MERCH_000182,52,2,2,2,4,8010.31,154.0444230769231,100.78999999999999,0.18014321941946576,0.9511280085637164,32,48,12,11,0.038461538461538464,0.038461538461538464,0.038461538461538464,0.6153846153846154,0.9230769230769231,0.23076923076923078,0.21153846153846154,marketplace,IT,medium
MERCH_001103,34,0,1,1,2,8043.66,236.57823529411763,206.34,0.17802482570342956,0.9002359956427481,19,31,5,5,0.0,0.029411764705882353,0.029411764705882353,0.5588235294117647,0.9117647058823529,0.14705882352941177,0.14705882352941177,travel,IT,high
MERCH_000380,35,0,3,3,2,12902.49,368.64257142857144,311.08,0.17695715724310532,0.9435208827935598,20,30,8,9,0.0,0.08571428571428572,0.08571428571428572,0.5714285714285714,0.8571428571428571,0.22857142857142856,0.2571428571428571,travel,ES,medium
MERCH_001108,25,1,1,1,1,7412.7,296.508,230.07,0.17608597637805745,0.9515811240962652,13,24,3,9,0.04,0.04,0.04,0.52,0.96,0.12,0.36,travel,FR,medium
MERCH_000208,27,0,1,1,2,4191.97,155.25814814814817,137.72,0.17589270258246306,0.9109742022088568,20,26,5,7,0.0,0.037037037037037035,0.037037037037037035,0.7407407407407407,0.9629629629629629,0.18518518518518517,0.25925925925925924,marketplace,DE,medium
MERCH_000901,50,2,1,1,4,7913.87,158.2774,112.525,0.17420170546595226,0.9927664572227776,17,43,11,11,0.04,0.02,0.02,0.34,0.86,0.22,0.22,marketplace,ES,medium
MERCH_000108,35,4,3,3,1,9774.98,279.28514285714283,252.12,0.1736791147926169,0.9833543740141716,26,35,6,12,0.11428571428571428,0.08571428571428572,0.08571428571428572,0.7428571428571429,1.0,0.17142857142857143,0.34285714285714286,travel,FR,medium
MERCH_000506,26,3,2,2,1,4212.01,162.00038461538463,117.015,0.17170768381167803,0.9817450653500934,16,26,5,5,0.11538461538461539,0.07692307692307693,0.07692307692307693,0.6153846153846154,1.0,0.19230769230769232,0.19230769230769232,marketplace,PT,high
MERCH_000955,39,1,1,1,3,8827.44,226.3446153846154,199.95,0.1706452136271569,0.9496517836665408,18,30,8,11,0.02564102564102564,0.02564102564102564,0.02564102564102564,0.46153846153846156,0.7692307692307693,0.20512820512820512,0.28205128205128205,travel,ES,high
MERCH_000902,49,3,3,3,1,7469.0199999999995,152.42897959183674,73.48,0.1703811432189198,0.9656416142111424,19,38,11,7,0.061224489795918366,0.061224489795918366,0.061224489795918366,0.3877551020408163,0.7755102040816326,0.22448979591836735,0.14285714285714285,marketplace,ES,high
MERCH_000218,39,1,2,2,3,8297.880000000001,212.76615384615388,162.1,0.1700022116591551,0.9210033631062748,28,36,7,8,0.02564102564102564,0.05128205128205128,0.05128205128205128,0.717948717948718,0.9230769230769231,0.1794871794871795,0.20512820512820512,electronics,DE,low
MERCH_000888,35,0,2,2,2,11246.76,321.336,238.42,0.16682712270537303,0.9597717111950363,16,33,12,6,0.0,0.05714285714285714,0.05714285714285714,0.45714285714285713,0.9428571428571428,0.34285714285714286,0.17142857142857143,travel,IT,medium
MERCH_000747,27,2,1,1,2,7332.01,271.5559259259259,206.94,0.16639738604473012,0.9037003825423756,14,27,4,10,0.07407407407407407,0.037037037037037035,0.037037037037037035,0.5185185185185185,1.0,0.14814814814814814,0.37037037037037035,travel,DE,medium
MERCH_000584,47,0,1,1,4,8234.34,175.19872340425533,108.34,0.1653014528075915,0.957259544470642,32,45,11,13,0.0,0.02127659574468085,0.02127659574468085,0.6808510638297872,0.9574468085106383,0.23404255319148937,0.2765957446808511,electronics,PT,low
MERCH_000328,40,4,2,2,2,4699.63,117.49075,69.06,0.1640086875421221,0.9526045531347846,22,38,10,9,0.1,0.05,0.05,0.55,0.95,0.25,0.225,marketplace,FR,high
MERCH_000731,45,1,2,2,3,9236.79,205.26200000000003,173.24,0.16345491187599126,0.9680496329493088,11,37,10,10,0.022222222222222223,0.044444444444444446,0.044444444444444446,0.24444444444444444,0.8222222222222222,0.2222222222222222,0.2222222222222222,electronics,ES,medium
MERCH_000444,20,0,1,1,0,6154.84,307.742,232.885,0.16333246718722014,0.9729381060072604,15,19,5,0,0.0,0.05,0.05,0.75,0.95,0.25,0.0,travel,FR,high
MERCH_000749,40,4,3,3,4,5344.23,133.60575,99.555,0.16331511027382342,0.9973041824883528,24,40,10,12,0.1,0.075,0.075,0.6,1.0,0.25,0.3,marketplace,IT,high
MERCH_000436,48,0,1,1,2,7508.56,156.42833333333334,134.13,0.16298854432269216,0.9117796486911176,32,47,8,17,0.0,0.020833333333333332,0.020833333333333332,0.6666666666666666,0.9791666666666666,0.16666666666666666,0.3541666666666667,electronics,DE,low
MERCH_000919,47,3,2,2,3,7221.79,153.65510638297872,106.89,0.16298532532374083,0.9896571268161684,32,47,9,11,0.06382978723404255,0.0425531914893617,0.0425531914893617,0.6808510638297872,1.0,0.19148936170212766,0.23404255319148937,marketplace,IT,low
MERCH_000995,27,1,0,0,2,6971.9800000000005,258.2214814814815,232.19,0.16233947125498652,0.7792140160113725,13,26,4,9,0.037037037037037035,0.0,0.0,0.48148148148148145,0.9629629629629629,0.14814814814814814,0.3333333333333333,travel,FR,high
MERCH_001048,34,5,4,4,0,9803.92,288.35058823529414,259.56,0.1622875941501166,0.9515894069460628,26,34,10,5,0.14705882352941177,0.11764705882352941,0.11764705882352941,0.7647058823529411,1.0,0.29411764705882354,0.14705882352941177,electronics,IT,medium
MERCH_000227,33,2,0,0,3,8700.35,263.64696969696973,199.71,0.16168743447375133,0.8874681337599363,23,32,5,12,0.06060606060606061,0.0,0.0,0.696969696969697,0.9696969696969697,0.15151515151515152,0.36363636363636365,travel,DE,medium
MERCH_001000,36,4,2,2,3,5895.12,163.75333333333333,114.255,0.16145687927452232,0.9810299360346604,23,35,6,8,0.1111111111111111,0.05555555555555555,0.05555555555555555,0.6388888888888888,0.9722222222222222,0.16666666666666666,0.2222222222222222,marketplace,FR,medium
MERCH_001018,36,2,2,2,2,13453.74,373.715,310.125,0.1614354014183165,0.9776751987656468,22,34,7,8,0.05555555555555555,0.05555555555555555,0.05555555555555555,0.6111111111111112,0.9444444444444444,0.19444444444444445,0.2222222222222222,travel,IT,high
MERCH_000912,33,4,2,2,2,4199.62,127.26121212121211,67.74,0.1607078684038941,0.9935012403288368,21,30,6,11,0.12121212121212122,0.06060606060606061,0.06060606060606061,0.6363636363636364,0.9090909090909091,0.18181818181818182,0.3333333333333333,marketplace,FR,medium
MERCH_000593,25,1,2,2,0,2799.49,111.97959999999999,80.87,0.159958468724015,0.9976144359960094,11,25,4,8,0.04,0.08,0.08,0.44,1.0,0.16,0.32,travel,IT,medium
MERCH_000195,46,0,0,0,5,16983.14,369.1986956521739,316.725,0.15980209495020276,0.8858992245472829,14,39,9,16,0.0,0.0,0.0,0.30434782608695654,0.8478260869565217,0.1956521739130435,0.34782608695652173,travel,ES,medium
MERCH_000758,40,4,2,2,3,4178.44,104.46099999999998,59.545,0.15882608899136572,0.9956809224914908,24,39,8,8,0.1,0.05,0.05,0.6,0.975,0.2,0.2,electronics,DE,medium
MERCH_000253,47,1,1,1,2,13818.01,294.00021276595743,214.4,0.1586761584179412,0.9448482826460118,15,38,9,17,0.02127659574468085,0.02127659574468085,0.02127659574468085,0.3191489361702128,0.8085106382978723,0.19148936170212766,0.3617021276595745,electronics,ES,medium
MERCH_000283,41,1,1,1,3,12394.69,302.30951219512195,247.24,0.15847497380087627,0.9545211016711338,23,40,10,9,0.024390243902439025,0.024390243902439025,0.024390243902439025,0.5609756097560976,0.975609756097561,0.24390243902439024,0.21951219512195122,electronics,DE,low
MERCH_000474,37,2,2,2,2,4047.14,109.38216216216216,67.5,0.15841346477688972,0.989708488623634,24,36,9,12,0.05405405405405406,0.05405405405405406,0.05405405405405406,0.6486486486486487,0.972972972972973,0.24324324324324326,0.32432432432432434,marketplace,PT,high
MERCH_000431,29,0,0,0,2,9532.78,328.71655172413796,256.59,0.1576637437137063,0.7774055643792772,23,28,4,5,0.0,0.0,0.0,0.7931034482758621,0.9655172413793104,0.13793103448275862,0.1724137931034483,travel,IT,low
MERCH_000821,35,1,1,1,1,4743.92,135.54057142857144,87.61,0.15743616404733451,0.9940382804871892,21,32,8,12,0.02857142857142857,0.02857142857142857,0.02857142857142857,0.6,0.9142857142857143,0.22857142857142856,0.34285714285714286,digital_services,IT,medium
MERCH_001078,27,1,1,1,1,10584.06,392.0022222222222,323.39,0.1573659620276483,0.964335345936221,17,24,5,6,0.037037037037037035,0.037037037037037035,0.037037037037037035,0.6296296296296297,0.8888888888888888,0.18518518518518517,0.2222222222222222,travel,FR,high
MERCH_000565,41,1,0,0,4,6763.62,164.96634146341464,142.28,0.15734931466719443,0.8876153857257543,23,39,5,15,0.024390243902439025,0.0,0.0,0.5609756097560976,0.9512195121951219,0.12195121951219512,0.36585365853658536,marketplace,IT,medium
MERCH_000241,53,0,1,1,2,6614.33,124.79867924528301,84.58,0.157288777096361,0.9542054904625856,26,51,8,15,0.0,0.018867924528301886,0.018867924528301886,0.49056603773584906,0.9622641509433962,0.1509433962264151,0.2830188679245283,marketplace,IT,medium
MERCH_000245,40,1,2,2,2,6191.84,154.796,130.29,0.15726071190897992,0.9190144499425416,19,40,9,7,0.025,0.05,0.05,0.475,1.0,0.225,0.175,electronics,IT,medium
MERCH_000067,47,2,2,2,4,10350.23,220.2176595744681,169.7,0.15706628174645954,0.9327064055046324,21,37,10,9,0.0425531914893617,0.0425531914893617,0.0425531914893617,0.44680851063829785,0.7872340425531915,0.2127659574468085,0.19148936170212766,electronics,ES,medium
MERCH_001076,31,1,1,1,1,10933.960000000001,352.70838709677423,280.29,0.1566271094065901,0.9364629601367656,20,29,5,6,0.03225806451612903,0.03225806451612903,0.03225806451612903,0.6451612903225806,0.9354838709677419,0.16129032258064516,0.1935483870967742,travel,DE,medium
MERCH_001098,33,1,0,0,3,8919.89,270.2996969696969,208.44,0.1564776315348511,0.8032898302921064,22,31,8,9,0.030303030303030304,0.0,0.0,0.6666666666666666,0.9393939393939394,0.24242424242424243,0.2727272727272727,travel,FR,medium
MERCH_000740,26,1,0,0,3,11478.96,441.4984615384615,348.64,0.15597995916309876,0.8568663575808607,13,25,4,7,0.038461538461538464,0.0,0.0,0.5,0.9615384615384616,0.15384615384615385,0.2692307692307692,travel,PT,high
MERCH_001044,39,2,1,1,2,12582.87,322.6376923076923,321.67,0.15591985165808572,0.9141416146514424,29,39,11,12,0.05128205128205128,0.02564102564102564,0.02564102564102564,0.7435897435897436,1.0,0.28205128205128205,0.3076923076923077,electronics,DE,low
MERCH_000536,57,0,2,2,2,8537.42,149.77929824561403,113.82,0.1553542284593394,0.953691408768994,37,56,14,14,0.0,0.03508771929824561,0.03508771929824561,0.6491228070175439,0.9824561403508771,0.24561403508771928,0.24561403508771928,marketplace,PT,high
MERCH_000042,39,0,1,1,2,12107.83,310.4571794871795,270.59,0.15506868387931577,0.9671911903852642,14,32,9,10,0.0,0.02564102564102564,0.02564102564102564,0.358974358974359,0.8205128205128205,0.23076923076923078,0.2564102564102564,travel,ES,high
MERCH_000850,40,1,1,1,3,9148.11,228.70275,179.28,0.1549116907958315,0.9580805840394522,12,37,8,16,0.025,0.025,0.025,0.3,0.925,0.2,0.4,electronics,ES,high
MERCH_000387,36,1,2,2,2,5454.37,151.5102777777778,119.925,0.15468174780635968,0.9829178058158152,22,35,6,9,0.027777777777777776,0.05555555555555555,0.05555555555555555,0.6111111111111112,0.9722222222222222,0.16666666666666666,0.25,electronics,IT,medium
MERCH_000312,43,3,2,2,2,5056.76,117.59906976744186,75.11,0.15386723975055316,0.9978482336376796,28,42,9,10,0.06976744186046512,0.046511627906976744,0.046511627906976744,0.6511627906976745,0.9767441860465116,0.20930232558139536,0.23255813953488372,electronics,PT,medium
MERCH_000976,32,1,1,1,2,4161.2,130.0375,82.305,0.1530967258441163,0.9907352725602754,19,29,4,8,0.03125,0.03125,0.03125,0.59375,0.90625,0.125,0.25,travel,IT,high
MERCH_000533,33,1,2,2,1,4827.17,146.2778787878788,94.29,0.1526723047492719,0.992289914333371,21,31,8,8,0.030303030303030304,0.06060606060606061,0.06060606060606061,0.6363636363636364,0.9393939393939394,0.24242424242424243,0.24242424242424243,marketplace,DE,high
MERCH_000858,53,4,4,4,0,6419.91,121.13037735849056,68.58,0.15259635295722693,0.9954803418808648,17,38,7,11,0.07547169811320754,0.07547169811320754,0.07547169811320754,0.32075471698113206,0.7169811320754716,0.1320754716981132,0.20754716981132076,electronics,ES,high
MERCH_000755,29,2,0,0,1,7983.65,275.298275862069,241.28,0.15217025988358,0.7706179712878568,20,29,6,6,0.06896551724137931,0.0,0.0,0.6896551724137931,1.0,0.20689655172413793,0.20689655172413793,travel,FR,high
MERCH_000237,33,0,1,1,2,3966.84,120.20727272727274,103.22,0.151927709278765,0.9169181995392124,17,30,7,7,0.0,0.030303030303030304,0.030303030303030304,0.5151515151515151,0.9090909090909091,0.21212121212121213,0.21212121212121213,marketplace,DE,low
MERCH_000987,30,0,0,0,1,6622.84,220.76133333333334,160.2,0.15188348006293914,0.8619932521840641,15,29,5,3,0.0,0.0,0.0,0.5,0.9666666666666667,0.16666666666666666,0.1,electronics,IT,medium
MERCH_000972,38,2,1,1,2,5224.01,137.47394736842105,100.39,0.15163497316963237,0.9198437868819352,29,37,8,9,0.05263157894736842,0.02631578947368421,0.02631578947368421,0.7631578947368421,0.9736842105263158,0.21052631578947367,0.23684210526315788,electronics,FR,medium
MERCH_000290,33,1,1,1,2,8438.67,255.71727272727273,211.36,0.1509016420967745,0.9116240152815802,18,31,6,9,0.030303030303030304,0.030303030303030304,0.030303030303030304,0.5454545454545454,0.9393939393939394,0.18181818181818182,0.2727272727272727,travel,ES,high
MERCH_000530,46,1,1,1,2,8918.65,193.8836956521739,140.62,0.15090109658406883,0.9323887555619824,24,44,9,9,0.021739130434782608,0.021739130434782608,0.021739130434782608,0.5217391304347826,0.9565217391304348,0.1956521739130435,0.1956521739130435,electronics,PT,high
MERCH_000964,31,0,0,0,4,8855.5,285.66129032258067,242.87,0.15053545416121789,0.8629667834420026,11,27,7,9,0.0,0.0,0.0,0.3548387096774194,0.8709677419354839,0.22580645161290322,0.2903225806451613,travel,ES,high
MERCH_000075,36,0,1,1,0,3474.69,96.51916666666666,61.385000000000005,0.1504931905488715,0.9721169077663214,21,35,7,12,0.0,0.027777777777777776,0.027777777777777776,0.5833333333333334,0.9722222222222222,0.19444444444444445,0.3333333333333333,electronics,DE,medium
MERCH_000872,51,1,1,1,4,11124.380000000001,218.12509803921571,161.51,0.15006711477798856,0.9202260889302132,21,42,7,16,0.0196078431372549,0.0196078431372549,0.0196078431372549,0.4117647058823529,0.8235294117647058,0.13725490196078433,0.3137254901960784,electronics,ES,medium
MERCH_000994,22,1,1,1,1,5042.5599999999995,229.2072727272727,181.70999999999998,0.14938527449808914,0.9490727339370012,14,21,2,4,0.045454545454545456,0.045454545454545456,0.045454545454545456,0.6363636363636364,0.9545454545454546,0.09090909090909091,0.18181818181818182,travel,DE,high
MERCH_000079,48,2,2,2,2,7548.58,157.26208333333332,95.775,0.14931585628744282,0.9471320559611726,35,46,8,16,0.041666666666666664,0.041666666666666664,0.041666666666666664,0.7291666666666666,0.9583333333333334,0.16666666666666666,0.3333333333333333,electronics,FR,medium
MERCH_000435,29,0,0,0,1,4458.63,153.74586206896552,94.09,0.14893725622937629,0.8466242531610663,21,27,4,7,0.0,0.0,0.0,0.7241379310344828,0.9310344827586207,0.13793103448275862,0.2413793103448276,marketplace,IT,medium
MERCH_000559,34,0,0,0,3,3508.12,103.17999999999999,83.72999999999999,0.14820193474722443,0.8279099155399443,21,33,4,5,0.0,0.0,0.0,0.6176470588235294,0.9705882352941176,0.11764705882352941,0.14705882352941177,marketplace,IT,high
MERCH_000851,33,0,0,0,1,8194.5,248.3181818181818,206.37,0.148132737944615,0.8342052568638303,19,33,6,8,0.0,0.0,0.0,0.5757575757575758,1.0,0.18181818181818182,0.24242424242424243,travel,IT,medium
MERCH_000615,37,1,0,0,2,12131.37,327.8748648648649,254.83,0.14798817268520092,0.7845799382797018,26,36,5,12,0.02702702702702703,0.0,0.0,0.7027027027027027,0.972972972972973,0.13513513513513514,0.32432432432432434,travel,DE,low
MERCH_001148,35,0,0,0,3,6205.22,177.292,164.95,0.14753903321129685,0.8624461144271508,23,35,8,9,0.0,0.0,0.0,0.6571428571428571,1.0,0.22857142857142856,0.2571428571428571,electronics,PT,medium
MERCH_000699,49,0,2,2,2,16181.41,330.23285714285714,270.01,0.14737315278335533,0.9121900566244022,15,34,12,13,0.0,0.04081632653061224,0.04081632653061224,0.30612244897959184,0.6938775510204082,0.24489795918367346,0.2653061224489796,travel,ES,medium
MERCH_000497,36,2,1,1,2,5601.85,155.60694444444445,126.365,0.14664006833445117,0.973791064104104,11,30,6,14,0.05555555555555555,0.027777777777777776,0.027777777777777776,0.3055555555555556,0.8333333333333334,0.16666666666666666,0.3888888888888889,marketplace,ES,medium
MERCH_000222,24,0,0,0,2,9922.710000000001,413.44625,365.11,0.14520190174447825,0.8596264125282976,18,24,6,4,0.0,0.0,0.0,0.75,1.0,0.25,0.16666666666666666,travel,DE,high
MERCH_000410,39,1,1,1,2,9773.93,250.61358974358976,216.9,0.1451873699416892,0.9354109709289627,23,39,9,9,0.02564102564102564,0.02564102564102564,0.02564102564102564,0.5897435897435898,1.0,0.23076923076923078,0.23076923076923078,electronics,IT,medium
MERCH_000589,41,2,1,1,2,3984.38,97.18,56.1,0.1443228789067359,0.9743120032330976,28,40,9,11,0.04878048780487805,0.024390243902439025,0.024390243902439025,0.6829268292682927,0.975609756097561,0.21951219512195122,0.2682926829268293,marketplace,IT,medium
MERCH_001080,42,1,2,2,1,9421.51,224.32166666666666,204.87,0.1439047971615894,0.976094194986676,30,40,8,16,0.023809523809523808,0.047619047619047616,0.047619047619047616,0.7142857142857143,0.9523809523809523,0.19047619047619047,0.38095238095238093,electronics,FR,medium
MERCH_000173,26,2,0,0,2,9575.78,368.2992307692308,353.695,0.14325875438883237,0.8837916699581325,18,26,3,9,0.07692307692307693,0.0,0.0,0.6923076923076923,1.0,0.11538461538461539,0.34615384615384615,travel,FR,medium
MERCH_000366,34,0,1,1,0,12247.51,360.2208823529412,202.555,0.14269173924075607,0.9347618372654768,22,32,6,6,0.0,0.029411764705882353,0.029411764705882353,0.6470588235294118,0.9411764705882353,0.17647058823529413,0.17647058823529413,travel,FR,high
MERCH_001190,48,1,0,0,3,7731.33,161.069375,123.675,0.14266906123012588,0.8842583437841297,34,46,8,12,0.020833333333333332,0.0,0.0,0.7083333333333334,0.9583333333333334,0.16666666666666666,0.25,electronics,IT,medium
MERCH_000466,44,0,1,1,2,8550.34,194.3259090909091,153.25,0.14184054086090067,0.9468522917143376,24,43,13,7,0.0,0.022727272727272728,0.022727272727272728,0.5454545454545454,0.9772727272727273,0.29545454545454547,0.1590909090909091,electronics,IT,low
MERCH_000149,54,0,3,3,1,21846.64,404.5674074074074,325.155,0.14092520915899914,0.9807571080031446,19,47,10,13,0.0,0.05555555555555555,0.05555555555555555,0.35185185185185186,0.8703703703703703,0.18518518518518517,0.24074074074074073,electronics,ES,medium
MERCH_000351,61,1,0,0,4,11510.869999999999,188.70278688524587,153.24,0.14086246633455718,0.8718718664726984,21,48,15,17,0.01639344262295082,0.0,0.0,0.3442622950819672,0.7868852459016393,0.2459016393442623,0.2786885245901639,marketplace,ES,high
MERCH_000811,58,2,0,0,4,17054.12,294.0365517241379,263.89,0.1404687420955498,0.8892920834937753,24,48,13,6,0.034482758620689655,0.0,0.0,0.41379310344827586,0.8275862068965517,0.22413793103448276,0.10344827586206896,electronics,ES,medium
MERCH_000922,56,1,1,1,2,8133.94,145.24892857142856,96.55,0.14043130934754328,0.9720338699564368,25,51,18,9,0.017857142857142856,0.017857142857142856,0.017857142857142856,0.44642857142857145,0.9107142857142857,0.32142857142857145,0.16071428571428573,marketplace,ES,low
MERCH_000349,31,2,2,2,0,2820.83,90.99451612903225,48.21,0.1403869915847989,0.996865017247868,21,29,6,6,0.06451612903225806,0.06451612903225806,0.06451612903225806,0.6774193548387096,0.9354838709677419,0.1935483870967742,0.1935483870967742,marketplace,IT,high
MERCH_000504,42,0,0,0,3,5952.05,141.71547619047618,104.13499999999999,0.14005678956596257,0.8625565119673242,30,41,8,5,0.0,0.0,0.0,0.7142857142857143,0.9761904761904762,0.19047619047619047,0.11904761904761904,electronics,DE,low
MERCH_000140,38,2,1,1,2,13191.64,347.1484210526316,272.33000000000004,0.13929190342908787,0.9261260922381184,9,31,8,13,0.05263157894736842,0.02631578947368421,0.02631578947368421,0.23684210526315788,0.8157894736842105,0.21052631578947367,0.34210526315789475,travel,ES,medium
MERCH_000162,40,1,0,0,2,16364.67,409.11675,358.71000000000004,0.1390255953356057,0.886203168862456,23,36,5,7,0.025,0.0,0.0,0.575,0.9,0.125,0.175,travel,ES,medium
MERCH_000824,36,2,2,2,1,13581.61,377.26694444444445,313.125,0.13901483339906473,0.929569755522614,27,36,10,6,0.05555555555555555,0.05555555555555555,0.05555555555555555,0.75,1.0,0.2777777777777778,0.16666666666666666,travel,DE,high
MERCH_000568,39,1,1,1,0,11554.06,296.2579487179487,258.13,0.13884859679222317,0.9104881777053628,23,37,6,6,0.02564102564102564,0.02564102564102564,0.02564102564102564,0.5897435897435898,0.9487179487179487,0.15384615384615385,0.15384615384615385,electronics,DE,low
MERCH_000514,38,2,1,1,0,10114.09,266.16026315789475,248.44,0.13871386946655304,0.976778393530254,22,37,8,10,0.05263157894736842,0.02631578947368421,0.02631578947368421,0.5789473684210527,0.9736842105263158,0.21052631578947367,0.2631578947368421,electronics,IT,medium
MERCH_001127,39,0,0,0,2,17933.63,459.8366666666667,414.7,0.13844931158191004,0.8891360421282166,23,38,8,9,0.0,0.0,0.0,0.5897435897435898,0.9743589743589743,0.20512820512820512,0.23076923076923078,travel,PT,medium
MERCH_000979,35,0,1,1,3,3763.94,107.54114285714286,79.98,0.13804712660434118,0.9515855528897053,20,33,9,7,0.0,0.02857142857142857,0.02857142857142857,0.5714285714285714,0.9428571428571428,0.2571428571428571,0.2,marketplace,PT,high
MERCH_000954,30,1,1,1,2,5964.64,198.82133333333334,141.35500000000002,0.13764932193289836,0.945090064775435,11,29,6,8,0.03333333333333333,0.03333333333333333,0.03333333333333333,0.36666666666666664,0.9666666666666667,0.2,0.26666666666666666,electronics,FR,medium
MERCH_001189,43,1,2,2,3,6152.98,143.09255813953487,105.54,0.13726152752209975,0.941374107392664,25,38,7,9,0.023255813953488372,0.046511627906976744,0.046511627906976744,0.5813953488372093,0.8837209302325582,0.16279069767441862,0.20930232558139536,marketplace,PT,low
MERCH_001011,30,1,1,1,1,7079.56,235.98533333333336,222.27999999999997,0.1369559970318937,0.9613702609482307,19,30,5,6,0.03333333333333333,0.03333333333333333,0.03333333333333333,0.6333333333333333,1.0,0.16666666666666666,0.2,travel,IT,medium
MERCH_000483,29,1,1,1,2,4384.6,151.19310344827588,91.95,0.136072070318308,0.996272817179445,18,27,7,10,0.034482758620689655,0.034482758620689655,0.034482758620689655,0.6206896551724138,0.9310344827586207,0.2413793103448276,0.3448275862068966,marketplace,IT,high
MERCH_000989,44,2,3,3,0,7486.49,170.1475,124.25,0.1358562385781841,0.9758025239811678,23,40,4,10,0.045454545454545456,0.06818181818181818,0.06818181818181818,0.5227272727272727,0.9090909090909091,0.09090909090909091,0.22727272727272727,electronics,IT,medium
MERCH_000693,37,2,1,1,3,12077.13,326.4089189189189,315.65,0.1357767875700636,0.9757329469915808,25,37,6,8,0.05405405405405406,0.02702702702702703,0.02702702702702703,0.6756756756756757,1.0,0.16216216216216217,0.21621621621621623,electronics,DE,medium
MERCH_000791,33,2,1,1,1,5280.5,160.0151515151515,127.41,0.13494064233541284,0.9357130491029488,24,32,8,10,0.06060606060606061,0.030303030303030304,0.030303030303030304,0.7272727272727273,0.9696969696969697,0.24242424242424243,0.30303030303030304,marketplace,IT,medium
MERCH_000481,44,4,2,2,1,7550.49,171.60204545454545,129.72,0.13489065900608252,0.9380954870688692,24,41,6,14,0.09090909090909091,0.045454545454545456,0.045454545454545456,0.5454545454545454,0.9318181818181818,0.13636363636363635,0.3181818181818182,marketplace,DE,high
MERCH_000104,26,0,0,0,3,6685.47,257.1334615384616,155.76,0.13465601633904734,0.8560108618595419,9,21,8,6,0.0,0.0,0.0,0.34615384615384615,0.8076923076923077,0.3076923076923077,0.23076923076923078,travel,ES,medium
MERCH_000911,35,1,1,1,3,11074.75,316.4214285714286,208.97,0.13437092563350403,0.9802116119259844,25,34,7,10,0.02857142857142857,0.02857142857142857,0.02857142857142857,0.7142857142857143,0.9714285714285714,0.2,0.2857142857142857,electronics,DE,high
MERCH_000147,37,0,0,0,3,4848.79,131.04837837837837,102.15,0.13424324940511817,0.8918455876413928,22,37,8,9,0.0,0.0,0.0,0.5945945945945946,1.0,0.21621621621621623,0.24324324324324326,marketplace,IT,medium
MERCH_000986,33,0,2,2,0,6981.76,211.56848484848484,175.45,0.13418038140750332,0.9508541880627586,20,33,10,8,0.0,0.06060606060606061,0.06060606060606061,0.6060606060606061,1.0,0.30303030303030304,0.24242424242424243,electronics,FR,low
MERCH_000900,38,1,0,0,4,9049.22,238.13736842105263,214.07,0.13403028891437205,0.8524159703232881,21,35,7,6,0.02631578947368421,0.0,0.0,0.5526315789473685,0.9210526315789473,0.18421052631578946,0.15789473684210525,travel,FR,low
MERCH_000210,34,0,0,0,0,4566.51,134.30911764705883,117.155,0.13400252084413705,0.6785967443392305,21,33,8,5,0.0,0.0,0.0,0.6176470588235294,0.9705882352941176,0.23529411764705882,0.14705882352941177,marketplace,FR,medium
MERCH_001008,58,1,2,2,1,14116.44,243.38689655172413,198.825,0.13383753397215042,0.9314336283596087,15,47,10,20,0.017241379310344827,0.034482758620689655,0.034482758620689655,0.25862068965517243,0.8103448275862069,0.1724137931034483,0.3448275862068966,electronics,ES,medium
MERCH_000570,28,1,2,2,0,10686.03,381.6439285714286,324.735,0.13369852149481126,0.9612287080247616,19,27,6,5,0.03571428571428571,0.07142857142857142,0.07142857142857142,0.6785714285714286,0.9642857142857143,0.21428571428571427,0.17857142857142858,electronics,IT,high
MERCH_000711,26,1,0,0,2,1968.7,75.71923076923078,54.655,0.13357840077558567,0.8496194287776058,17,26,7,9,0.038461538461538464,0.0,0.0,0.6538461538461539,1.0,0.2692307692307692,0.34615384615384615,digital_services,FR,medium
MERCH_000292,34,1,1,1,1,4314.43,126.89500000000001,80.185,0.13347459835391914,0.910263843477311,13,31,4,10,0.029411764705882353,0.029411764705882353,0.029411764705882353,0.38235294117647056,0.9117647058823529,0.11764705882352941,0.29411764705882354,travel,ES,high
MERCH_000676,32,1,0,0,2,3020.49,94.3903125,86.975,0.13342277068136815,0.810069464324886,22,32,10,8,0.03125,0.0,0.0,0.6875,1.0,0.3125,0.25,marketplace,PT,high
MERCH_000434,44,2,1,1,3,12818.72,291.33454545454543,231.0,0.1327809222514026,0.9042109012470944,28,43,8,9,0.045454545454545456,0.022727272727272728,0.022727272727272728,0.6363636363636364,0.9772727272727273,0.18181818181818182,0.20454545454545456,electronics,FR,low
MERCH_000630,52,2,3,3,0,6027.46,115.91269230769231,79.25999999999999,0.13271281334962068,0.942933317636578,34,50,11,13,0.038461538461538464,0.057692307692307696,0.057692307692307696,0.6538461538461539,0.9615384615384616,0.21153846153846154,0.25,marketplace,FR,medium
MERCH_000280,53,2,1,1,4,11066.75,208.8066037735849,173.4,0.1325709940207898,0.9496282752317656,21,45,14,8,0.03773584905660377,0.018867924528301886,0.018867924528301886,0.39622641509433965,0.8490566037735849,0.2641509433962264,0.1509433962264151,electronics,ES,low
MERCH_000086,44,0,0,0,2,7996.5599999999995,181.73999999999998,129.685,0.13228381958000046,0.8521331166412,31,43,9,12,0.0,0.0,0.0,0.7045454545454546,0.9772727272727273,0.20454545454545456,0.2727272727272727,marketplace,FR,medium
MERCH_000268,67,2,1,1,3,12099.96,180.59641791044774,123.12,0.13214775278549307,0.9246099276424352,26,52,14,12,0.029850746268656716,0.014925373134328358,0.014925373134328358,0.3880597014925373,0.7761194029850746,0.208955223880597,0.1791044776119403,electronics,ES,medium
MERCH_000868,46,2,1,1,2,11907.39,258.8563043478261,211.975,0.13201046035002853,0.9051657155965108,16,34,6,10,0.043478260869565216,0.021739130434782608,0.021739130434782608,0.34782608695652173,0.7391304347826086,0.13043478260869565,0.21739130434782608,electronics,ES,high
MERCH_001059,34,0,0,0,2,8584.14,252.47470588235294,208.605,0.13159906779793681,0.8891950171625724,23,34,3,6,0.0,0.0,0.0,0.6764705882352942,1.0,0.08823529411764706,0.17647058823529413,travel,PT,low
MERCH_000852,18,0,0,0,1,3419.53,189.9738888888889,145.735,0.13149545258922976,0.8411092689621323,11,17,2,5,0.0,0.0,0.0,0.6111111111111112,0.9444444444444444,0.1111111111111111,0.2777777777777778,travel,PT,high
MERCH_000519,32,1,0,0,2,6142.16,191.9425,178.735,0.13131821789583203,0.889293142006653,16,32,9,5,0.03125,0.0,0.0,0.5,1.0,0.28125,0.15625,travel,PT,medium
MERCH_000814,27,1,0,0,3,4700.54,174.0940740740741,176.58,0.13045599789466394,0.8704974843657081,11,21,4,9,0.037037037037037035,0.0,0.0,0.4074074074074074,0.7777777777777778,0.14814814814814814,0.3333333333333333,travel,ES,medium
MERCH_000347,30,0,0,0,2,3820.35,127.345,100.69,0.1303548199782684,0.8676991252335912,18,29,6,6,0.0,0.0,0.0,0.6,0.9666666666666667,0.2,0.2,travel,PT,high
MERCH_000193,40,3,2,2,2,3855.31,96.38275,67.655,0.12954360860008465,0.993706553477937,27,37,7,9,0.075,0.05,0.05,0.675,0.925,0.175,0.225,marketplace,IT,high
MERCH_000440,40,0,0,0,0,8080.61,202.01524999999998,161.89499999999998,0.12811876778087097,0.6840061093633776,27,38,5,11,0.0,0.0,0.0,0.675,0.95,0.125,0.275,electronics,DE,low
MERCH_000213,37,2,1,1,1,5075.26,137.16918918918918,104.82,0.1279829534375976,0.9660901219667962,23,37,6,10,0.05405405405405406,0.02702702702702703,0.02702702702702703,0.6216216216216216,1.0,0.16216216216216217,0.2702702702702703,marketplace,PT,medium
MERCH_000203,36,1,0,0,3,3794.0,105.38888888888889,69.125,0.12797209938221174,0.8724104635011113,27,33,7,9,0.027777777777777776,0.0,0.0,0.75,0.9166666666666666,0.19444444444444445,0.25,marketplace,FR,low
MERCH_000354,51,1,1,0,4,7121.81,139.64333333333335,114.73,0.12789090742929266,0.8991670644829853,35,47,8,9,0.0196078431372549,0.0196078431372549,0.0,0.6862745098039216,0.9215686274509803,0.1568627450980392,0.17647058823529413,marketplace,IT,low
MERCH_001029,36,4,1,1,2,7158.79,198.8552777777778,146.91,0.1278895843557719,0.9382898890197334,13,34,5,8,0.1111111111111111,0.027777777777777776,0.027777777777777776,0.3611111111111111,0.9444444444444444,0.1388888888888889,0.2222222222222222,travel,ES,low
MERCH_000501,33,1,1,1,0,3140.08,95.1539393939394,53.87,0.12776489214949008,0.9912826258832256,22,33,8,8,0.030303030303030304,0.030303030303030304,0.030303030303030304,0.6666666666666666,1.0,0.24242424242424243,0.24242424242424243,electronics,IT,low
MERCH_001077,28,1,0,0,1,3548.72,126.74,116.975,0.12727953484095708,0.8327317525777972,18,27,5,5,0.03571428571428571,0.0,0.0,0.6428571428571429,0.9642857142857143,0.17857142857142858,0.17857142857142858,marketplace,IT,high
MERCH_000326,20,1,1,1,0,3735.62,186.781,157.39,0.1271499698156105,0.9702164267385216,12,20,3,3,0.05,0.05,0.05,0.6,1.0,0.15,0.15,travel,DE,high
MERCH_000949,26,1,1,1,1,11854.19,455.93038461538464,366.385,0.12609759228408352,0.9904422724644836,20,25,2,6,0.038461538461538464,0.038461538461538464,0.038461538461538464,0.7692307692307693,0.9615384615384616,0.07692307692307693,0.23076923076923078,travel,IT,medium
MERCH_000258,30,0,0,0,1,4582.16,152.73866666666666,147.47,0.12590957523755447,0.7966732583645052,20,30,5,4,0.0,0.0,0.0,0.6666666666666666,1.0,0.16666666666666666,0.13333333333333333,travel,FR,low
MERCH_001037,52,1,1,1,2,13180.86,253.47807692307694,225.71,0.1256211977293349,0.9030720456506762,14,40,11,11,0.019230769230769232,0.019230769230769232,0.019230769230769232,0.2692307692307692,0.7692307692307693,0.21153846153846154,0.21153846153846154,electronics,ES,low
MERCH_000563,54,0,0,0,3,9843.39,182.285,155.71,0.12539694637812743,0.8109239249594413,16,47,9,10,0.0,0.0,0.0,0.2962962962962963,0.8703703703703703,0.16666666666666666,0.18518518518518517,electronics,ES,low
MERCH_000946,37,0,1,1,1,10011.07,270.56945945945944,249.48,0.12536006996581478,0.9126455122236474,25,35,4,11,0.0,0.02702702702702703,0.02702702702702703,0.6756756756756757,0.9459459459459459,0.10810810810810811,0.2972972972972973,electronics,FR,low
MERCH_001084,28,1,1,1,1,10996.25,392.7232142857143,287.15999999999997,0.12448912427731793,0.9242404131398664,21,27,6,8,0.03571428571428571,0.03571428571428571,0.03571428571428571,0.75,0.9642857142857143,0.21428571428571427,0.2857142857142857,travel,PT,medium
MERCH_000855,39,1,0,0,2,10477.27,268.64794871794874,246.81,0.12448810800718078,0.761832188040343,24,36,7,8,0.02564102564102564,0.0,0.0,0.6153846153846154,0.9230769230769231,0.1794871794871795,0.20512820512820512,electronics,PT,low
MERCH_000330,50,3,1,1,3,8011.54,160.2308,130.055,0.12436913131480283,0.9387688414513552,18,44,8,16,0.06,0.02,0.02,0.36,0.88,0.16,0.32,electronics,ES,high
MERCH_000364,38,0,0,0,2,11953.48,314.5652631578947,288.53499999999997,0.12435449567200023,0.8111061792047881,17,34,6,9,0.0,0.0,0.0,0.4473684210526316,0.8947368421052632,0.15789473684210525,0.23684210526315788,travel,ES,medium
MERCH_000217,34,0,0,0,2,6336.09,186.35558823529414,155.185,0.1242089739182813,0.86864415229218,13,28,8,9,0.0,0.0,0.0,0.38235294117647056,0.8235294117647058,0.23529411764705882,0.2647058823529412,travel,ES,low
MERCH_000441,33,0,1,1,2,5479.32,166.04,104.6,0.12364702496312224,0.9278110893431234,19,32,6,6,0.0,0.030303030303030304,0.030303030303030304,0.5757575757575758,0.9696969696969697,0.18181818181818182,0.18181818181818182,electronics,DE,medium
MERCH_000654,35,1,0,0,2,6210.37,177.43914285714285,117.18,0.12293961371203659,0.7943857256269653,19,33,6,8,0.02857142857142857,0.0,0.0,0.5428571428571428,0.9428571428571428,0.17142857142857143,0.22857142857142856,marketplace,IT,medium
MERCH_000875,36,1,1,1,2,6047.69,167.99138888888888,125.86,0.1225942807471985,0.918016681439507,26,34,7,9,0.027777777777777776,0.027777777777777776,0.027777777777777776,0.7222222222222222,0.9444444444444444,0.19444444444444445,0.25,marketplace,FR,low
MERCH_000727,42,0,1,1,2,7119.56,169.51333333333335,126.6,0.1225026608803117,0.9306103960216492,31,41,8,12,0.0,0.023809523809523808,0.023809523809523808,0.7380952380952381,0.9761904761904762,0.19047619047619047,0.2857142857142857,marketplace,PT,low
MERCH_000368,49,0,0,0,3,5223.05,106.59285714285714,77.75,0.1223981113059573,0.8670966029861235,32,48,10,12,0.0,0.0,0.0,0.6530612244897959,0.9795918367346939,0.20408163265306123,0.24489795918367346,digital_services,DE,medium
MERCH_000080,36,1,0,0,3,8684.68,241.2411111111111,223.235,0.12183942011458658,0.8335301443847764,20,35,7,9,0.027777777777777776,0.0,0.0,0.5555555555555556,0.9722222222222222,0.19444444444444445,0.25,electronics,FR,low
MERCH_000605,46,1,1,1,1,5267.47,114.51021739130435,75.305,0.12170253704487452,0.9641647263810048,13,40,13,10,0.021739130434782608,0.021739130434782608,0.021739130434782608,0.2826086956521739,0.8695652173913043,0.2826086956521739,0.21739130434782608,marketplace,ES,medium
MERCH_000909,49,3,2,2,1,5468.65,111.60510204081632,78.05,0.12152647408490765,0.988537538938541,18,39,7,13,0.061224489795918366,0.04081632653061224,0.04081632653061224,0.3673469387755102,0.7959183673469388,0.14285714285714285,0.2653061224489796,marketplace,ES,high
MERCH_000760,34,0,0,0,2,9214.09,271.0026470588235,185.91500000000002,0.12141954014051105,0.8711183285661734,23,33,7,7,0.0,0.0,0.0,0.6764705882352942,0.9705882352941176,0.20588235294117646,0.20588235294117646,electronics,FR,medium
MERCH_000225,45,0,0,0,1,5416.64,120.36977777777778,114.84,0.12094707549798775,0.8786462063838048,25,44,10,9,0.0,0.0,0.0,0.5555555555555556,0.9777777777777777,0.2222222222222222,0.2,marketplace,FR,medium
MERCH_000970,52,3,4,4,0,5508.37,105.93019230769231,55.849999999999994,0.12035623405287657,0.997263777149333,20,43,15,11,0.057692307692307696,0.07692307692307693,0.07692307692307693,0.38461538461538464,0.8269230769230769,0.28846153846153844,0.21153846153846154,marketplace,ES,medium
MERCH_000267,41,0,1,1,0,6118.2699999999995,149.2260975609756,121.06,0.12031508538547021,0.9696969820808587,16,33,5,13,0.0,0.024390243902439025,0.024390243902439025,0.3902439024390244,0.8048780487804879,0.12195121951219512,0.3170731707317073,electronics,ES,medium
MERCH_000743,55,0,2,2,0,13360.5,242.9181818181818,197.4,0.11989962906394214,0.9343161651187104,24,51,8,13,0.0,0.03636363636363636,0.03636363636363636,0.43636363636363634,0.9272727272727272,0.14545454545454545,0.23636363636363636,electronics,ES,low
MERCH_000547,27,0,1,1,0,8384.73,310.54555555555555,260.65,0.11981187604592802,0.9230895183418416,18,27,1,7,0.0,0.037037037037037035,0.037037037037037035,0.6666666666666666,1.0,0.037037037037037035,0.25925925925925924,travel,PT,medium
MERCH_001023,42,1,1,1,1,8653.27,206.0302380952381,137.45499999999998,0.11974257419510297,0.9458755173096116,26,40,6,13,0.023809523809523808,0.023809523809523808,0.023809523809523808,0.6190476190476191,0.9523809523809523,0.14285714285714285,0.30952380952380953,electronics,FR,medium
MERCH_000833,26,1,1,1,0,6499.07,249.96423076923077,228.62,0.11963898339713058,0.9141059904927316,20,24,5,3,0.038461538461538464,0.038461538461538464,0.038461538461538464,0.7692307692307693,0.9230769230769231,0.19230769230769232,0.11538461538461539,travel,PT,medium
MERCH_001026,57,1,0,0,3,8145.1,142.89649122807018,106.79,0.11944728986680384,0.8791574784290762,41,56,12,15,0.017543859649122806,0.0,0.0,0.7192982456140351,0.9824561403508771,0.21052631578947367,0.2631578947368421,marketplace,PT,low
MERCH_000534,32,0,1,1,2,4640.47,145.0146875,124.725,0.11900283914209839,0.9153899533834328,21,31,4,7,0.0,0.03125,0.03125,0.65625,0.96875,0.125,0.21875,marketplace,IT,medium
MERCH_000622,40,1,1,1,0,13694.44,342.361,256.685,0.11872361664016169,0.959364598884588,23,38,3,14,0.025,0.025,0.025,0.575,0.95,0.075,0.35,electronics,FR,medium
MERCH_001071,57,1,1,1,2,6559.89,115.08578947368422,97.72,0.11841186037741282,0.9596624944097432,21,49,10,16,0.017543859649122806,0.017543859649122806,0.017543859649122806,0.3684210526315789,0.8596491228070176,0.17543859649122806,0.2807017543859649,marketplace,ES,low
MERCH_000948,38,1,1,1,0,7993.64,210.35894736842107,172.305,0.1183265490559432,0.9514665792864712,16,36,8,5,0.02631578947368421,0.02631578947368421,0.02631578947368421,0.42105263157894735,0.9473684210526315,0.21052631578947367,0.13157894736842105,travel,ES,medium
MERCH_000428,32,0,0,0,1,3606.63,112.7071875,79.22999999999999,0.11818108532966252,0.782124835720348,20,29,9,9,0.0,0.0,0.0,0.625,0.90625,0.28125,0.28125,travel,FR,high
MERCH_000769,33,1,1,1,1,9737.22,295.0672727272727,209.48,0.11817749869246508,0.9545788440557098,19,30,3,10,0.030303030303030304,0.030303030303030304,0.030303030303030304,0.5757575757575758,0.9090909090909091,0.09090909090909091,0.30303030303030304,travel,DE,low
MERCH_000216,33,0,1,1,1,7974.47,241.65060606060607,186.36,0.11797516900016292,0.951714886435562,16,29,5,9,0.0,0.030303030303030304,0.030303030303030304,0.48484848484848486,0.8787878787878788,0.15151515151515152,0.2727272727272727,travel,ES,high
MERCH_000839,47,2,0,0,3,12632.25,268.77127659574467,176.16,0.11789550434838175,0.8349060190847427,22,41,10,12,0.0425531914893617,0.0,0.0,0.46808510638297873,0.8723404255319149,0.2127659574468085,0.2553191489361702,travel,ES,medium
MERCH_000485,39,1,1,1,1,3848.71,98.6848717948718,58.18,0.11766079566294974,0.9508684632908996,19,39,8,8,0.02564102564102564,0.02564102564102564,0.02564102564102564,0.48717948717948717,1.0,0.20512820512820512,0.20512820512820512,marketplace,FR,low
MERCH_001009,35,0,1,1,0,8921.25,254.89285714285714,210.49,0.11684256387418672,0.9448474417735776,22,35,7,3,0.0,0.02857142857142857,0.02857142857142857,0.6285714285714286,1.0,0.2,0.08571428571428572,marketplace,IT,low
MERCH_000320,43,1,1,1,2,7563.14,175.88697674418606,141.05,0.11645949774747785,0.9198314074729552,23,39,7,11,0.023255813953488372,0.023255813953488372,0.023255813953488372,0.5348837209302325,0.9069767441860465,0.16279069767441862,0.2558139534883721,electronics,IT,low
MERCH_000992,39,1,1,1,1,7168.16,183.79897435897436,139.55,0.11619699019836269,0.918838667538198,27,38,5,9,0.02564102564102564,0.02564102564102564,0.02564102564102564,0.6923076923076923,0.9743589743589743,0.1282051282051282,0.23076923076923078,marketplace,IT,low
MERCH_001056,35,1,2,2,1,2982.28,85.20800000000001,52.67,0.11600693847968484,0.9944268211800716,19,34,7,8,0.02857142857142857,0.05714285714285714,0.05714285714285714,0.5428571428571428,0.9714285714285714,0.2,0.22857142857142856,electronics,IT,high
MERCH_000363,46,2,0,0,3,5768.33,125.39847826086957,97.155,0.11575130335373111,0.748004296667817,18,41,11,7,0.043478260869565216,0.0,0.0,0.391304347826087,0.8913043478260869,0.2391304347826087,0.15217391304347827,marketplace,ES,high
MERCH_000056,43,1,1,1,1,5804.83,134.9960465116279,116.38,0.11556264288919818,0.9355786553107834,20,41,5,11,0.023255813953488372,0.023255813953488372,0.023255813953488372,0.46511627906976744,0.9534883720930233,0.11627906976744186,0.2558139534883721,marketplace,PT,low
MERCH_000377,37,1,1,1,1,3133.61,84.69216216216216,46.84,0.11513874356633776,0.9736824517995434,19,36,9,9,0.02702702702702703,0.02702702702702703,0.02702702702702703,0.5135135135135135,0.972972972972973,0.24324324324324326,0.24324324324324326,digital_services,FR,medium
MERCH_000250,28,1,1,1,1,10964.58,391.59214285714285,269.495,0.11485170327491882,0.9399587961883444,15,27,7,8,0.03571428571428571,0.03571428571428571,0.03571428571428571,0.5357142857142857,0.9642857142857143,0.25,0.2857142857142857,travel,DE,medium
MERCH_000194,37,0,1,1,2,4206.14,113.67945945945947,81.02,0.11482816671925261,0.9341739491204925,23,35,8,10,0.0,0.02702702702702703,0.02702702702702703,0.6216216216216216,0.9459459459459459,0.21621621621621623,0.2702702702702703,marketplace,FR,low
MERCH_000633,32,1,1,1,1,7614.9,237.965625,205.24,0.11461328226111271,0.9234228687910668,20,31,4,6,0.03125,0.03125,0.03125,0.625,0.96875,0.125,0.1875,travel,FR,medium
MERCH_000531,37,1,1,1,1,3138.08,84.81297297297297,61.3,0.11368989844791363,0.920486392537457,25,37,10,6,0.02702702702702703,0.02702702702702703,0.02702702702702703,0.6756756756756757,1.0,0.2702702702702703,0.16216216216216217,marketplace,FR,low
MERCH_000093,42,0,1,1,1,15239.53,362.8459523809524,269.895,0.1135790266956976,0.901179171600072,13,36,5,9,0.0,0.023809523809523808,0.023809523809523808,0.30952380952380953,0.8571428571428571,0.11904761904761904,0.21428571428571427,travel,ES,high
MERCH_000091,36,1,1,1,2,2948.11,81.89194444444445,60.215,0.11337043979681573,0.929391831978297,18,35,8,9,0.027777777777777776,0.027777777777777776,0.027777777777777776,0.5,0.9722222222222222,0.2222222222222222,0.25,marketplace,IT,high
MERCH_000287,37,0,0,0,2,3722.24,100.60108108108108,90.38,0.11330716784554216,0.8969515169092062,20,36,6,7,0.0,0.0,0.0,0.5405405405405406,0.972972972972973,0.16216216216216217,0.1891891891891892,marketplace,FR,high
MERCH_000141,34,0,0,0,1,9216.27,271.06676470588235,236.735,0.11328640925067487,0.8147805502699155,24,33,8,5,0.0,0.0,0.0,0.7058823529411765,0.9705882352941176,0.23529411764705882,0.14705882352941177,travel,FR,low
MERCH_001051,31,1,1,1,1,7416.12,239.22967741935483,150.35,0.11318602281836893,0.938413652389536,22,30,7,4,0.03225806451612903,0.03225806451612903,0.03225806451612903,0.7096774193548387,0.967741935483871,0.22580645161290322,0.12903225806451613,travel,IT,high
MERCH_000505,55,1,0,0,1,20409.45,371.08090909090913,315.5,0.11299424480626925,0.7817684821690447,37,55,7,17,0.01818181818181818,0.0,0.0,0.6727272727272727,1.0,0.12727272727272726,0.3090909090909091,electronics,FR,medium
MERCH_000835,43,1,0,0,2,10824.25,251.72674418604652,206.69,0.11296147472572216,0.8124414405226577,24,41,9,11,0.023255813953488372,0.0,0.0,0.5581395348837209,0.9534883720930233,0.20930232558139536,0.2558139534883721,electronics,DE,medium
MERCH_000131,49,1,1,1,2,6109.65,124.68673469387754,98.5,0.11249006651855442,0.9128561668513884,22,37,10,9,0.02040816326530612,0.02040816326530612,0.02040816326530612,0.4489795918367347,0.7551020408163265,0.20408163265306123,0.1836734693877551,electronics,ES,low
MERCH_000172,30,2,0,0,2,10432.78,347.75933333333336,216.07999999999998,0.11152579081940131,0.8506384019144753,14,26,4,8,0.06666666666666667,0.0,0.0,0.4666666666666667,0.8666666666666667,0.13333333333333333,0.26666666666666666,travel,ES,medium
MERCH_000491,46,2,0,0,2,11078.86,240.84478260869565,179.93,0.1114569986356133,0.8588987008619269,16,37,10,7,0.043478260869565216,0.0,0.0,0.34782608695652173,0.8043478260869565,0.21739130434782608,0.15217391304347827,electronics,ES,medium
MERCH_000765,49,1,0,0,1,5347.98,109.14244897959183,84.52,0.11136038969477427,0.8318827335201547,21,42,9,13,0.02040816326530612,0.0,0.0,0.42857142857142855,0.8571428571428571,0.1836734693877551,0.2653061224489796,marketplace,ES,low
MERCH_000432,27,0,0,0,0,5822.4,215.64444444444442,189.27,0.11104483718945936,0.6706884478431853,17,27,4,5,0.0,0.0,0.0,0.6296296296296297,1.0,0.14814814814814814,0.18518518518518517,travel,PT,high
MERCH_000681,50,0,1,0,3,12699.54,253.9908,205.56,0.11090292835328314,0.899415539996237,24,44,7,7,0.0,0.02,0.0,0.48,0.88,0.14,0.14,electronics,ES,medium
MERCH_000674,45,0,0,0,2,11302.67,251.17044444444446,202.16,0.11072144282969323,0.7958916820293144,20,37,9,9,0.0,0.0,0.0,0.4444444444444444,0.8222222222222222,0.2,0.2,electronics,ES,low
MERCH_000975,23,2,1,1,1,2804.95,121.95434782608694,97.3,0.11065996901793662,0.9014431580126064,14,23,4,7,0.08695652173913043,0.043478260869565216,0.043478260869565216,0.6086956521739131,1.0,0.17391304347826086,0.30434782608695654,digital_services,PT,high
MERCH_001166,26,0,0,0,0,6313.84,242.84,169.065,0.1104196552496099,0.6475674759474791,18,25,3,10,0.0,0.0,0.0,0.6923076923076923,0.9615384615384616,0.11538461538461539,0.38461538461538464,travel,DE,high
MERCH_000029,33,1,0,0,2,4335.42,131.37636363636364,129.1,0.11017229165691675,0.8012959571080677,15,33,5,8,0.030303030303030304,0.0,0.0,0.45454545454545453,1.0,0.15151515151515152,0.24242424242424243,electronics,IT,high
MERCH_000825,48,0,0,0,3,6414.59,133.63729166666667,88.71,0.11009423127705453,0.796093677933115,30,48,10,13,0.0,0.0,0.0,0.625,1.0,0.20833333333333334,0.2708333333333333,marketplace,IT,medium
MERCH_000885,35,0,0,0,2,4177.14,119.34685714285715,96.44,0.10992792157720845,0.8309648121714815,19,34,4,12,0.0,0.0,0.0,0.5428571428571428,0.9714285714285714,0.11428571428571428,0.34285714285714286,electronics,FR,low
MERCH_000692,50,2,0,0,0,5369.74,107.39479999999999,91.24000000000001,0.10940767833755183,0.6384063368889691,18,40,6,12,0.04,0.0,0.0,0.36,0.8,0.12,0.24,marketplace,ES,high
MERCH_000284,39,2,2,2,0,5051.56,129.5271794871795,102.96,0.10931835549540271,0.9323499196165091,22,38,9,11,0.05128205128205128,0.05128205128205128,0.05128205128205128,0.5641025641025641,0.9743589743589743,0.23076923076923078,0.28205128205128205,marketplace,FR,low
MERCH_000116,23,0,1,1,1,1748.32,76.01391304347825,56.11,0.10923897187039902,0.9663515060952684,15,22,6,3,0.0,0.043478260869565216,0.043478260869565216,0.6521739130434783,0.9565217391304348,0.2608695652173913,0.13043478260869565,electronics,PT,low
MERCH_000006,45,2,1,1,0,13966.2,310.36,268.43,0.10916678674182412,0.9816989778967318,23,44,11,7,0.044444444444444446,0.022222222222222223,0.022222222222222223,0.5111111111111111,0.9777777777777777,0.24444444444444444,0.15555555555555556,electronics,FR,low
MERCH_000260,26,0,1,1,0,5546.83,213.33961538461537,193.36,0.10906207766279546,0.9418149756224692,13,26,3,9,0.0,0.038461538461538464,0.038461538461538464,0.5,1.0,0.11538461538461539,0.34615384615384615,travel,PT,high
MERCH_000420,41,1,1,1,2,4286.92,104.5590243902439,71.17,0.10892945383911626,0.9164601100288016,25,40,9,9,0.024390243902439025,0.024390243902439025,0.024390243902439025,0.6097560975609756,0.975609756097561,0.21951219512195122,0.21951219512195122,marketplace,IT,low
MERCH_000602,39,2,1,1,0,7785.16,199.61948717948718,167.29,0.10891828362405896,0.9254988783937628,21,33,4,9,0.05128205128205128,0.02564102564102564,0.02564102564102564,0.5384615384615384,0.8461538461538461,0.10256410256410256,0.23076923076923078,electronics,FR,low
MERCH_000543,52,2,0,0,1,14872.93,286.0178846153846,259.20500000000004,0.10889480185812175,0.7596594545025657,12,42,10,12,0.038461538461538464,0.0,0.0,0.23076923076923078,0.8076923076923077,0.19230769230769232,0.23076923076923078,electronics,ES,low
MERCH_000618,40,1,1,1,0,9018.94,225.4735,175.565,0.10871868731285372,0.9677412643447648,23,40,8,10,0.025,0.025,0.025,0.575,1.0,0.2,0.25,electronics,IT,medium
MERCH_001083,37,1,0,0,2,8777.54,237.23081081081082,155.8,0.10863912873434951,0.8559210992967394,13,33,4,8,0.02702702702702703,0.0,0.0,0.35135135135135137,0.8918918918918919,0.10810810810810811,0.21621621621621623,electronics,ES,high
MERCH_000278,46,0,1,1,0,8352.24,181.5704347826087,138.995,0.10804301521565737,0.9171656516959088,29,46,8,11,0.0,0.021739130434782608,0.021739130434782608,0.6304347826086957,1.0,0.17391304347826086,0.2391304347826087,electronics,FR,high
MERCH_000770,33,0,0,0,0,7057.63,213.86757575757576,194.35,0.10695295396063159,0.6467420014640686,17,32,5,12,0.0,0.0,0.0,0.5151515151515151,0.9696969696969697,0.15151515151515152,0.36363636363636365,travel,FR,medium
MERCH_000285,47,1,1,1,1,7156.78,152.271914893617,102.71,0.10689640957667333,0.9759623553304244,35,45,8,12,0.02127659574468085,0.02127659574468085,0.02127659574468085,0.7446808510638298,0.9574468085106383,0.1702127659574468,0.2553191489361702,marketplace,IT,medium
MERCH_001112,49,2,1,1,0,5768.67,117.72795918367348,87.57,0.10667309292329334,0.9073607455196152,32,47,9,14,0.04081632653061224,0.02040816326530612,0.02040816326530612,0.6530612244897959,0.9591836734693877,0.1836734693877551,0.2857142857142857,marketplace,IT,low
MERCH_000288,33,1,0,0,2,4820.54,146.07696969696968,139.17,0.10642028720520641,0.8381032138172335,23,32,6,9,0.030303030303030304,0.0,0.0,0.696969696969697,0.9696969696969697,0.18181818181818182,0.2727272727272727,electronics,DE,medium
MERCH_000515,46,3,2,2,1,5806.29,126.22369565217392,91.005,0.10599201101050477,0.993610747015663,29,44,8,15,0.06521739130434782,0.043478260869565216,0.043478260869565216,0.6304347826086957,0.9565217391304348,0.17391304347826086,0.32608695652173914,marketplace,FR,low
MERCH_000800,38,1,0,0,1,4233.73,111.41394736842103,85.58,0.10594257482546214,0.7961273374682457,28,37,7,9,0.02631578947368421,0.0,0.0,0.7368421052631579,0.9736842105263158,0.18421052631578946,0.23684210526315788,marketplace,FR,low
MERCH_000244,27,0,0,0,1,2286.17,84.67296296296297,53.94,0.10562355306393931,0.7226045907235188,19,27,4,8,0.0,0.0,0.0,0.7037037037037037,1.0,0.14814814814814814,0.2962962962962963,digital_services,IT,high
MERCH_000836,36,1,0,0,2,2955.6,82.1,64.155,0.10559996405918787,0.8975956188362705,29,36,7,6,0.027777777777777776,0.0,0.0,0.8055555555555556,1.0,0.19444444444444445,0.16666666666666666,digital_services,PT,medium
MERCH_000392,34,1,1,1,0,4308.81,126.72970588235296,107.875,0.10531305383772098,0.9296306451829978,22,32,7,6,0.029411764705882353,0.029411764705882353,0.029411764705882353,0.6470588235294118,0.9411764705882353,0.20588235294117646,0.17647058823529413,marketplace,FR,medium
MERCH_000018,43,0,0,0,1,4631.72,107.71441860465117,86.66,0.10513485795556593,0.7105560546643913,25,42,10,10,0.0,0.0,0.0,0.5813953488372093,0.9767441860465116,0.23255813953488372,0.23255813953488372,marketplace,DE,low
MERCH_000518,44,1,1,1,1,3751.44,85.26,76.015,0.105028887244955,0.986576012419168,32,44,7,8,0.022727272727272728,0.022727272727272728,0.022727272727272728,0.7272727272727273,1.0,0.1590909090909091,0.18181818181818182,marketplace,DE,low
MERCH_000209,48,2,0,0,3,9634.07,200.70979166666666,185.76,0.10497617786508905,0.8243630359920583,17,38,7,11,0.041666666666666664,0.0,0.0,0.3541666666666667,0.7916666666666666,0.14583333333333334,0.22916666666666666,electronics,ES,low
MERCH_000297,56,1,2,2,1,12121.33,216.45232142857142,165.77,0.10427643744732114,0.9667527522011854,22,48,9,11,0.017857142857142856,0.03571428571428571,0.03571428571428571,0.39285714285714285,0.8571428571428571,0.16071428571428573,0.19642857142857142,electronics,ES,low
MERCH_000866,48,1,2,2,2,4331.82,90.24624999999999,50.33,0.10402223705628283,0.9947670122150116,27,46,10,12,0.020833333333333332,0.041666666666666664,0.041666666666666664,0.5625,0.9583333333333334,0.20833333333333334,0.25,marketplace,FR,medium
MERCH_000273,57,3,2,2,0,7801.99,136.87701754385964,88.67,0.10393670155426717,0.990853551838374,24,52,10,13,0.05263157894736842,0.03508771929824561,0.03508771929824561,0.42105263157894735,0.9122807017543859,0.17543859649122806,0.22807017543859648,marketplace,ES,low
MERCH_000675,45,0,0,0,3,7802.4,173.38666666666666,156.94,0.10359948410432354,0.8777728797085745,15,39,11,9,0.0,0.0,0.0,0.3333333333333333,0.8666666666666667,0.24444444444444444,0.2,electronics,ES,medium
MERCH_001094,32,1,0,0,1,3373.51,105.4221875,96.805,0.10344196141300314,0.8599235833763483,21,32,6,7,0.03125,0.0,0.0,0.65625,1.0,0.1875,0.21875,marketplace,PT,high
MERCH_000644,48,1,0,0,2,9334.99,194.47895833333334,145.04500000000002,0.10338308459464968,0.8953862946995947,17,39,5,9,0.020833333333333332,0.0,0.0,0.3541666666666667,0.8125,0.10416666666666667,0.1875,electronics,ES,high
MERCH_000757,46,2,1,1,2,4078.86,88.67086956521739,42.96,0.10300730351604816,0.99329044954026,17,38,7,12,0.043478260869565216,0.021739130434782608,0.021739130434782608,0.3695652173913043,0.8260869565217391,0.15217391304347827,0.2608695652173913,marketplace,ES,low
MERCH_000074,40,0,1,1,1,3331.5,83.2875,49.39,0.10293518307636643,0.9424796163739564,24,40,8,10,0.0,0.025,0.025,0.6,1.0,0.2,0.25,marketplace,PT,medium
MERCH_000197,47,0,0,0,2,10885.75,231.61170212765958,190.81,0.10288750879606247,0.7707296591074428,29,44,7,13,0.0,0.0,0.0,0.6170212765957447,0.9361702127659575,0.14893617021276595,0.2765957446808511,electronics,FR,medium
MERCH_001116,32,0,0,0,3,2765.88,86.43375,60.525,0.10284827976698215,0.8965462635141295,19,30,10,1,0.0,0.0,0.0,0.59375,0.9375,0.3125,0.03125,marketplace,IT,low
MERCH_000745,34,2,0,0,2,8393.04,246.85411764705884,231.85500000000002,0.10283832283364533,0.8527711726924742,16,30,5,9,0.058823529411764705,0.0,0.0,0.47058823529411764,0.8823529411764706,0.14705882352941177,0.2647058823529412,travel,ES,medium
MERCH_000793,48,2,0,0,3,11675.89,243.24770833333332,146.74,0.10262992575253536,0.8402807814685851,20,42,4,11,0.041666666666666664,0.0,0.0,0.4166666666666667,0.875,0.08333333333333333,0.22916666666666666,electronics,ES,low
MERCH_000274,57,1,1,1,3,4837.04,84.86035087719299,78.02,0.1023744565269506,0.9736434786639524,17,49,12,13,0.017543859649122806,0.017543859649122806,0.017543859649122806,0.2982456140350877,0.8596491228070176,0.21052631578947367,0.22807017543859648,marketplace,ES,low
MERCH_001086,53,0,0,0,2,8891.53,167.7647169811321,123.23,0.10171941168918508,0.8963525542389635,29,51,10,16,0.0,0.0,0.0,0.5471698113207547,0.9622641509433962,0.18867924528301888,0.3018867924528302,electronics,DE,low
MERCH_000525,35,1,1,1,0,4246.93,121.34085714285715,74.79,0.10171868505325685,0.9915682962028258,25,34,4,9,0.02857142857142857,0.02857142857142857,0.02857142857142857,0.7142857142857143,0.9714285714285714,0.11428571428571428,0.2571428571428571,electronics,PT,medium
MERCH_000413,34,2,0,0,1,2968.43,87.30676470588234,66.09,0.10171432096344557,0.8541585222487417,21,32,9,10,0.058823529411764705,0.0,0.0,0.6176470588235294,0.9411764705882353,0.2647058823529412,0.29411764705882354,marketplace,FR,low
MERCH_000522,35,1,1,1,1,7419.02,211.972,197.95,0.10130194857515575,0.971547860042246,18,33,6,7,0.02857142857142857,0.02857142857142857,0.02857142857142857,0.5142857142857142,0.9428571428571428,0.17142857142857143,0.2,electronics,FR,high
MERCH_000223,37,0,0,0,2,5200.42,140.5518918918919,117.35,0.10117077114864284,0.7813912536926282,21,36,6,7,0.0,0.0,0.0,0.5675675675675675,0.972972972972973,0.16216216216216217,0.1891891891891892,electronics,IT,high
MERCH_000388,37,0,0,0,2,10773.36,291.1718918918919,214.18,0.10065078657665727,0.8178274748819266,23,37,4,6,0.0,0.0,0.0,0.6216216216216216,1.0,0.10810810810810811,0.16216216216216217,travel,IT,high
MERCH_000663,34,0,1,1,1,8494.0,249.8235294117647,216.38,0.1004617168687124,0.9004779425257848,22,34,5,8,0.0,0.029411764705882353,0.029411764705882353,0.6470588235294118,1.0,0.14705882352941177,0.23529411764705882,electronics,FR,medium
MERCH_000926,41,1,1,1,0,7210.19,175.85829268292682,123.54,0.10019474569677564,0.9891683153846388,8,36,6,10,0.024390243902439025,0.024390243902439025,0.024390243902439025,0.1951219512195122,0.8780487804878049,0.14634146341463414,0.24390243902439024,marketplace,ES,low
MERCH_001019,42,0,0,0,1,4152.78,98.87571428571428,91.61500000000001,0.10011606805871849,0.804266618132148,27,40,8,10,0.0,0.0,0.0,0.6428571428571429,0.9523809523809523,0.19047619047619047,0.23809523809523808,digital_services,DE,high
MERCH_000390,46,0,1,1,2,7736.46,168.18391304347827,139.49,0.10000165629279253,0.9123928655177502,22,45,8,15,0.0,0.021739130434782608,0.021739130434782608,0.4782608695652174,0.9782608695652174,0.17391304347826086,0.32608695652173914,marketplace,DE,low
MERCH_000832,17,0,0,0,1,1670.2,98.24705882352941,73.02,0.09934846225134715,0.7287903007392517,13,15,4,3,0.0,0.0,0.0,0.7647058823529411,0.8823529411764706,0.23529411764705882,0.17647058823529413,digital_services,DE,medium
MERCH_000553,45,0,0,0,2,6384.88,141.88622222222222,130.19,0.09920724280233197,0.7972686701552848,25,44,7,8,0.0,0.0,0.0,0.5555555555555556,0.9777777777777777,0.15555555555555556,0.17777777777777778,marketplace,DE,medium
MERCH_001062,27,1,1,1,1,2928.48,108.46222222222222,53.11,0.09913805124932962,0.9945558235200508,19,25,5,5,0.037037037037037035,0.037037037037037035,0.037037037037037035,0.7037037037037037,0.9259259259259259,0.18518518518518517,0.18518518518518517,marketplace,IT,high
MERCH_001058,28,0,1,1,1,2982.4,106.51428571428572,70.59,0.09911501999924278,0.9050640090648452,12,28,4,6,0.0,0.03571428571428571,0.03571428571428571,0.42857142857142855,1.0,0.14285714285714285,0.21428571428571427,electronics,IT,low
MERCH_000137,57,1,1,1,3,11790.17,206.84508771929825,187.77,0.0987182666758588,0.962118861838964,22,52,8,8,0.017543859649122806,0.017543859649122806,0.017543859649122806,0.38596491228070173,0.9122807017543859,0.14035087719298245,0.14035087719298245,electronics,ES,medium
MERCH_000270,58,0,1,1,2,16075.04,277.1558620689655,216.075,0.09869570180550664,0.9118253178464104,25,48,9,15,0.0,0.017241379310344827,0.017241379310344827,0.43103448275862066,0.8275862068965517,0.15517241379310345,0.25862068965517243,electronics,ES,high
MERCH_000973,32,2,1,1,1,10485.0,327.65625,268.325,0.09829918987132945,0.9154008325041936,17,27,4,8,0.0625,0.03125,0.03125,0.53125,0.84375,0.125,0.25,travel,ES,medium
MERCH_001054,43,0,0,0,0,7192.72,167.27255813953488,94.83,0.09827729366224788,0.5992260847580417,13,38,9,9,0.0,0.0,0.0,0.3023255813953488,0.8837209302325582,0.20930232558139536,0.20930232558139536,electronics,ES,high
MERCH_000627,36,1,0,0,2,4335.19,120.42194444444443,106.435,0.09805529806443863,0.799141994785021,16,33,5,12,0.027777777777777776,0.0,0.0,0.4444444444444444,0.9166666666666666,0.1388888888888889,0.3333333333333333,marketplace,DE,low
MERCH_000532,36,0,1,1,0,5532.4,153.67777777777778,136.785,0.0975895705069721,0.9744880288458908,28,35,4,8,0.0,0.027777777777777776,0.027777777777777776,0.7777777777777778,0.9722222222222222,0.1111111111111111,0.2222222222222222,electronics,IT,medium
MERCH_000932,45,1,0,0,3,8803.289999999999,195.62866666666665,166.1,0.0974698550455649,0.8285483865441002,22,42,6,12,0.022222222222222223,0.0,0.0,0.4888888888888889,0.9333333333333333,0.13333333333333333,0.26666666666666666,electronics,FR,low
MERCH_000881,32,0,0,0,0,6916.15,216.1296875,201.11,0.09746334231731736,0.5420477484842029,19,31,8,7,0.0,0.0,0.0,0.59375,0.96875,0.25,0.21875,electronics,FR,low
MERCH_001107,48,1,2,2,1,4411.75,91.91145833333333,70.07,0.09743036076477242,0.9938481631720348,16,39,9,15,0.020833333333333332,0.041666666666666664,0.041666666666666664,0.3333333333333333,0.8125,0.1875,0.3125,marketplace,ES,medium
MERCH_000619,52,0,0,0,2,6806.86,130.90115384615385,126.63499999999999,0.09727632105699165,0.8031958094653797,21,46,9,8,0.0,0.0,0.0,0.40384615384615385,0.8846153846153846,0.17307692307692307,0.15384615384615385,marketplace,ES,medium
MERCH_000942,47,0,0,0,1,16341.91,347.7002127659574,305.58,0.09722845031880306,0.7830083464216341,18,43,8,10,0.0,0.0,0.0,0.3829787234042553,0.9148936170212766,0.1702127659574468,0.2127659574468085,electronics,ES,medium
MERCH_000381,35,0,0,0,0,2554.54,72.98685714285715,58.34,0.09700838412847333,0.5636480411014452,21,33,8,14,0.0,0.0,0.0,0.6,0.9428571428571428,0.22857142857142856,0.4,digital_services,DE,low
MERCH_001061,40,2,2,2,0,3141.42,78.5355,54.739999999999995,0.09699185634381338,0.97492671332826,16,33,12,8,0.05,0.05,0.05,0.4,0.825,0.3,0.2,digital_services,ES,medium
MERCH_001104,43,1,1,1,1,10312.050000000001,239.8151162790698,174.63,0.09697654001302088,0.9356155668262548,20,36,8,9,0.023255813953488372,0.023255813953488372,0.023255813953488372,0.46511627906976744,0.8372093023255814,0.18604651162790697,0.20930232558139536,electronics,ES,high
MERCH_000189,48,2,1,1,0,13490.21,281.04604166666667,217.2,0.09684416067228974,0.9723339492264348,29,45,7,14,0.041666666666666664,0.020833333333333332,0.020833333333333332,0.6041666666666666,0.9375,0.14583333333333334,0.2916666666666667,electronics,FR,low
MERCH_000448,49,0,1,1,0,17159.35,350.1908163265306,247.25,0.09675199714717894,0.9379834608011836,27,46,9,14,0.0,0.02040816326530612,0.02040816326530612,0.5510204081632653,0.9387755102040817,0.1836734693877551,0.2857142857142857,electronics,IT,low
MERCH_000049,38,0,0,0,0,4519.27,118.92815789473686,93.65,0.09649967572374821,0.6576429337868145,19,36,5,13,0.0,0.0,0.0,0.5,0.9473684210526315,0.13157894736842105,0.34210526315789475,marketplace,IT,medium
MERCH_001010,33,1,0,0,1,2679.86,81.2078787878788,57.57,0.09649863364224796,0.7252214925969225,20,32,7,10,0.030303030303030304,0.0,0.0,0.6060606060606061,0.9696969696969697,0.21212121212121213,0.30303030303030304,electronics,DE,medium
MERCH_000211,37,1,0,0,2,12663.18,342.2481081081081,250.51,0.09623037124811412,0.7627550574727242,16,31,2,18,0.02702702702702703,0.0,0.0,0.43243243243243246,0.8378378378378378,0.05405405405405406,0.4864864864864865,travel,FR,low
MERCH_000780,44,1,2,2,0,9682.39,220.05431818181816,175.99,0.09618117147939302,0.9901971056821784,22,44,3,11,0.022727272727272728,0.045454545454545456,0.045454545454545456,0.5,1.0,0.06818181818181818,0.25,electronics,IT,medium
MERCH_001072,33,1,0,0,2,2978.82,90.26727272727273,70.07,0.09580506912790712,0.8932283022192354,22,33,4,9,0.030303030303030304,0.0,0.0,0.6666666666666666,1.0,0.12121212121212122,0.2727272727272727,marketplace,DE,low
MERCH_000489,50,0,0,0,1,8857.35,177.14700000000002,154.345,0.09571276890769714,0.8028646089048174,15,42,5,14,0.0,0.0,0.0,0.3,0.84,0.1,0.28,electronics,ES,medium
MERCH_000961,25,0,0,0,1,8792.59,351.7036,348.71,0.09569616813826647,0.8470142535808981,18,24,5,6,0.0,0.0,0.0,0.72,0.96,0.2,0.24,electronics,FR,high
MERCH_001102,26,0,0,0,0,2798.72,107.64307692307692,78.67500000000001,0.09551497983543503,0.5856140973966141,14,25,7,6,0.0,0.0,0.0,0.5384615384615384,0.9615384615384616,0.2692307692307692,0.23076923076923078,digital_services,FR,medium
MERCH_000025,43,2,1,1,2,11890.55,276.52441860465115,260.12,0.09544195658140252,0.9573159421320953,19,37,8,11,0.046511627906976744,0.023255813953488372,0.023255813953488372,0.4418604651162791,0.8604651162790697,0.18604651162790697,0.2558139534883721,electronics,ES,medium
MERCH_001131,43,2,1,1,1,7267.97,169.02255813953488,142.8,0.09510446666187586,0.9237514381011804,27,40,6,9,0.046511627906976744,0.023255813953488372,0.023255813953488372,0.627906976744186,0.9302325581395349,0.13953488372093023,0.20930232558139536,marketplace,PT,low
MERCH_000594,32,0,1,1,0,5371.12,167.8475,126.50999999999999,0.09508349244327212,0.9052806221851007,17,32,7,6,0.0,0.03125,0.03125,0.53125,1.0,0.21875,0.1875,marketplace,IT,low
MERCH_000450,40,1,1,1,2,4213.03,105.32575,75.17,0.09496553154427481,0.9526206519340352,23,39,8,7,0.025,0.025,0.025,0.575,0.975,0.2,0.175,marketplace,FR,low
MERCH_000845,42,0,0,0,1,11944.38,284.39,215.48000000000002,0.09487639846314304,0.8431174378449691,27,40,8,13,0.0,0.0,0.0,0.6428571428571429,0.9523809523809523,0.19047619047619047,0.30952380952380953,electronics,FR,medium
MERCH_000635,35,0,1,1,1,2919.54,83.41542857142856,62.49,0.09448952722746369,0.938938053848292,22,32,6,11,0.0,0.02857142857142857,0.02857142857142857,0.6285714285714286,0.9142857142857143,0.17142857142857143,0.3142857142857143,digital_services,IT,high
MERCH_000611,33,0,1,1,1,5278.18,159.9448484848485,117.64,0.09415635368416839,0.928630257048348,20,32,5,9,0.0,0.030303030303030304,0.030303030303030304,0.6060606060606061,0.9696969696969697,0.15151515151515152,0.2727272727272727,electronics,FR,medium
MERCH_000427,31,2,2,2,0,2917.97,94.12806451612903,44.19,0.09407383487118412,0.995969556226097,21,29,7,10,0.06451612903225806,0.06451612903225806,0.06451612903225806,0.6774193548387096,0.9354838709677419,0.22580645161290322,0.3225806451612903,digital_services,PT,medium
MERCH_000576,39,1,0,0,2,4637.0599999999995,118.89897435897434,95.66,0.0938115667152541,0.8172481095679898,23,39,6,5,0.02564102564102564,0.0,0.0,0.5897435897435898,1.0,0.15384615384615385,0.1282051282051282,marketplace,IT,medium
MERCH_000708,31,1,0,0,2,1850.86,59.70516129032258,32.81,0.09370711769104348,0.8591153751687245,19,29,8,5,0.03225806451612903,0.0,0.0,0.6129032258064516,0.9354838709677419,0.25806451612903225,0.16129032258064516,digital_services,PT,high
MERCH_000308,42,1,1,1,1,4035.9,96.09285714285714,60.730000000000004,0.09366179292322895,0.9895584525998464,28,39,5,6,0.023809523809523808,0.023809523809523808,0.023809523809523808,0.6666666666666666,0.9285714285714286,0.11904761904761904,0.14285714285714285,marketplace,PT,medium
MERCH_000477,41,0,0,0,1,5111.17,124.66268292682928,91.22,0.09328935124227833,0.7332447740242461,24,40,5,8,0.0,0.0,0.0,0.5853658536585366,0.975609756097561,0.12195121951219512,0.1951219512195122,marketplace,FR,medium
MERCH_000783,52,1,0,0,3,6200.16,119.23384615384614,93.005,0.09327427908275915,0.8719193692896938,35,51,9,11,0.019230769230769232,0.0,0.0,0.6730769230769231,0.9807692307692307,0.17307692307692307,0.21153846153846154,marketplace,IT,medium
MERCH_000332,62,2,1,1,3,9385.91,151.3856451612903,105.855,0.09321753529685359,0.9911557498756786,22,55,10,11,0.03225806451612903,0.016129032258064516,0.016129032258064516,0.3548387096774194,0.8870967741935484,0.16129032258064516,0.1774193548387097,marketplace,ES,medium
MERCH_000591,27,0,1,1,0,2995.73,110.95296296296296,61.44,0.0930922345956605,0.9038186555086256,16,27,6,5,0.0,0.037037037037037035,0.037037037037037035,0.5925925925925926,1.0,0.2222222222222222,0.18518518518518517,gaming,PT,medium
MERCH_000264,47,1,1,1,2,4801.58,102.16127659574468,90.12,0.09249839508229077,0.9452359063831454,32,45,10,13,0.02127659574468085,0.02127659574468085,0.02127659574468085,0.6808510638297872,0.9574468085106383,0.2127659574468085,0.2765957446808511,marketplace,FR,high
MERCH_000773,47,2,0,0,0,17723.64,377.0987234042553,297.99,0.09248091535752523,0.6526482058241397,15,37,7,7,0.0425531914893617,0.0,0.0,0.3191489361702128,0.7872340425531915,0.14893617021276595,0.14893617021276595,travel,ES,high
MERCH_000118,39,0,0,0,2,11335.869999999999,290.6633333333333,257.75,0.09244631863792162,0.8934830521155098,10,32,5,8,0.0,0.0,0.0,0.2564102564102564,0.8205128205128205,0.1282051282051282,0.20512820512820512,travel,ES,low
MERCH_000356,33,0,0,0,0,13134.72,398.02181818181816,432.78,0.09240226291873668,0.6270447315971763,22,32,4,10,0.0,0.0,0.0,0.6666666666666666,0.9696969696969697,0.12121212121212122,0.30303030303030304,travel,FR,high
MERCH_000917,43,1,0,0,2,9751.26,226.77348837209303,177.49,0.09227076719075271,0.8478640226876191,23,43,7,9,0.023255813953488372,0.0,0.0,0.5348837209302325,1.0,0.16279069767441862,0.20930232558139536,marketplace,DE,high
MERCH_001045,45,0,1,1,0,10400.04,231.11200000000002,167.97,0.09162217893268393,0.9057508944824424,23,43,7,6,0.0,0.022222222222222223,0.022222222222222223,0.5111111111111111,0.9555555555555556,0.15555555555555556,0.13333333333333333,electronics,IT,low
MERCH_000890,39,0,0,0,0,9466.13,242.72128205128203,220.6,0.09148673781790748,0.631531575035361,20,36,6,11,0.0,0.0,0.0,0.5128205128205128,0.9230769230769231,0.15384615384615385,0.28205128205128205,electronics,FR,low
MERCH_000338,42,2,1,0,2,5852.0,139.33333333333334,125.94,0.09117980827884836,0.8995667814395052,14,36,12,4,0.047619047619047616,0.023809523809523808,0.0,0.3333333333333333,0.8571428571428571,0.2857142857142857,0.09523809523809523,travel,ES,medium
MERCH_000904,24,0,0,0,0,6159.33,256.63875,237.83499999999998,0.09115040375103982,0.4995910491716493,17,23,4,2,0.0,0.0,0.0,0.7083333333333334,0.9583333333333334,0.16666666666666666,0.08333333333333333,travel,DE,low
MERCH_000032,38,1,1,1,0,8983.27,236.40184210526317,223.99,0.09102067153082044,0.902427710058995,13,30,5,7,0.02631578947368421,0.02631578947368421,0.02631578947368421,0.34210526315789475,0.7894736842105263,0.13157894736842105,0.18421052631578946,travel,ES,low
MERCH_001111,62,1,2,2,1,10545.15,170.083064516129,94.245,0.09096137458635675,0.9956426781605908,18,50,9,17,0.016129032258064516,0.03225806451612903,0.03225806451612903,0.2903225806451613,0.8064516129032258,0.14516129032258066,0.27419354838709675,marketplace,ES,medium
MERCH_000648,46,0,1,1,0,9768.64,212.36173913043476,162.45999999999998,0.09071815147205865,0.9536859908170396,33,45,6,9,0.0,0.021739130434782608,0.021739130434782608,0.717391304347826,0.9782608695652174,0.13043478260869565,0.1956521739130435,electronics,IT,low
MERCH_000722,37,1,0,0,1,2775.54,75.0145945945946,60.27,0.0906683504207802,0.8524636290266437,26,35,8,9,0.02702702702702703,0.0,0.0,0.7027027027027027,0.9459459459459459,0.21621621621621623,0.24324324324324326,marketplace,IT,high
MERCH_001100,37,0,0,0,1,2577.78,69.66972972972974,58.79,0.09065931652482853,0.8653223430618856,21,36,6,15,0.0,0.0,0.0,0.5675675675675675,0.972972972972973,0.16216216216216217,0.40540540540540543,digital_services,DE,medium
MERCH_000859,37,2,0,0,1,5023.05,135.7581081081081,105.51,0.09063698839628946,0.8949528723209623,30,34,2,8,0.05405405405405406,0.0,0.0,0.8108108108108109,0.918918918918919,0.05405405405405406,0.21621621621621623,electronics,FR,medium
MERCH_000160,53,0,0,0,1,8196.16,154.6445283018868,115.76,0.09055840144195364,0.7297938530265551,18,48,8,10,0.0,0.0,0.0,0.33962264150943394,0.9056603773584906,0.1509433962264151,0.18867924528301888,electronics,ES,medium
MERCH_001196,34,0,0,0,0,3201.1,94.14999999999999,75.58,0.09054866829581469,0.6661490628893735,16,32,5,6,0.0,0.0,0.0,0.47058823529411764,0.9411764705882353,0.14705882352941177,0.17647058823529413,marketplace,FR,high
MERCH_000154,58,1,0,0,1,5770.56,99.49241379310345,78.8,0.09047916544788641,0.8291283037008939,20,49,12,19,0.017241379310344827,0.0,0.0,0.3448275862068966,0.8448275862068966,0.20689655172413793,0.3275862068965517,marketplace,ES,medium
MERCH_001165,42,1,1,1,1,4015.9,95.61666666666667,52.945,0.09034133670629065,0.9737266475309236,9,35,7,8,0.023809523809523808,0.023809523809523808,0.023809523809523808,0.21428571428571427,0.8333333333333334,0.16666666666666666,0.19047619047619047,electronics,ES,high
MERCH_000480,51,1,1,1,1,7525.22,147.55333333333334,68.41,0.09029189865908015,0.9916729993164654,19,47,12,14,0.0196078431372549,0.0196078431372549,0.0196078431372549,0.37254901960784315,0.9215686274509803,0.23529411764705882,0.27450980392156865,electronics,ES,low
MERCH_000657,58,0,0,0,2,11100.92,191.3951724137931,158.91,0.0900636499083404,0.8147464454502326,29,50,10,18,0.0,0.0,0.0,0.5,0.8620689655172413,0.1724137931034483,0.3103448275862069,electronics,ES,low
MERCH_001168,36,0,0,0,0,5918.34,164.39833333333334,147.975,0.08992920733247106,0.5937329013531275,22,35,6,5,0.0,0.0,0.0,0.6111111111111112,0.9722222222222222,0.16666666666666666,0.1388888888888889,electronics,IT,low
MERCH_000097,50,2,1,1,1,7401.92,148.0384,102.785,0.08984775082262471,0.9868037676863596,19,46,7,13,0.04,0.02,0.02,0.38,0.92,0.14,0.26,electronics,ES,medium
MERCH_000815,30,1,1,1,1,1613.73,53.791000000000004,30.295,0.08982472214149909,0.9149779126445026,17,29,5,6,0.03333333333333333,0.03333333333333333,0.03333333333333333,0.5666666666666667,0.9666666666666667,0.16666666666666666,0.2,marketplace,IT,high
MERCH_000945,50,3,2,2,1,4256.41,85.12819999999999,54.685,0.08917850315429096,0.983095232010776,19,39,7,13,0.06,0.04,0.04,0.38,0.78,0.14,0.26,marketplace,ES,low
MERCH_000265,49,0,1,1,0,13095.69,267.25897959183675,202.1,0.0890974981660366,0.9439699496440564,20,43,6,12,0.0,0.02040816326530612,0.02040816326530612,0.40816326530612246,0.8775510204081632,0.12244897959183673,0.24489795918367346,electronics,ES,medium
MERCH_000716,38,0,2,2,0,3197.43,84.1428947368421,65.58500000000001,0.08897906260673813,0.963074673014702,27,38,7,10,0.0,0.05263157894736842,0.05263157894736842,0.7105263157894737,1.0,0.18421052631578946,0.2631578947368421,electronics,IT,medium
MERCH_000022,30,0,1,1,1,5667.41,188.91366666666667,127.28,0.08834913612056743,0.902408611605207,16,30,3,8,0.0,0.03333333333333333,0.03333333333333333,0.5333333333333333,1.0,0.1,0.26666666666666666,electronics,DE,medium
MERCH_001173,36,0,0,0,1,8149.67,226.37972222222223,205.32999999999998,0.08817474276274732,0.7967489883406516,19,34,3,6,0.0,0.0,0.0,0.5277777777777778,0.9444444444444444,0.08333333333333333,0.16666666666666666,travel,IT,high
MERCH_001132,53,0,1,1,0,9709.7,183.20188679245285,163.85,0.0881223022954656,0.9335853033309016,30,49,5,13,0.0,0.018867924528301886,0.018867924528301886,0.5660377358490566,0.9245283018867925,0.09433962264150944,0.24528301886792453,marketplace,PT,low
MERCH_000728,58,0,0,0,1,9624.48,165.9393103448276,122.775,0.08762071429152118,0.8089442780608397,18,44,6,13,0.0,0.0,0.0,0.3103448275862069,0.7586206896551724,0.10344827586206896,0.22413793103448276,marketplace,ES,low
MERCH_000826,36,2,2,2,1,2482.41,68.95583333333333,23.575,0.08697484626515124,0.9872283842962812,23,34,8,7,0.05555555555555555,0.05555555555555555,0.05555555555555555,0.6388888888888888,0.9444444444444444,0.2222222222222222,0.19444444444444445,digital_services,FR,medium
MERCH_000023,50,2,0,0,3,7299.77,145.99540000000002,107.13,0.08688804728951917,0.7942340019383503,19,41,7,13,0.04,0.0,0.0,0.38,0.82,0.14,0.26,marketplace,ES,low
MERCH_000944,52,0,0,0,2,8372.49,161.00942307692307,146.81,0.08679612125145811,0.8426398184729614,32,51,10,10,0.0,0.0,0.0,0.6153846153846154,0.9807692307692307,0.19230769230769232,0.19230769230769232,marketplace,IT,low
MERCH_000669,31,1,0,0,2,9617.61,310.24548387096775,315.48,0.0857266889773489,0.8948008324721876,12,27,4,8,0.03225806451612903,0.0,0.0,0.3870967741935484,0.8709677419354839,0.12903225806451613,0.25806451612903225,travel,ES,medium
MERCH_000220,28,0,0,0,1,2943.93,105.14035714285714,81.495,0.08551560716806209,0.8836864820108383,17,28,5,8,0.0,0.0,0.0,0.6071428571428571,1.0,0.17857142857142858,0.2857142857142857,gaming,PT,medium
MERCH_000009,25,1,1,1,0,2752.21,110.08840000000001,84.27,0.08524531128441487,0.9596086376262308,13,23,2,9,0.04,0.04,0.04,0.52,0.92,0.08,0.36,travel,DE,medium
MERCH_001006,62,1,0,0,2,9417.99,151.90306451612904,141.44,0.08522539689557439,0.7459482906839058,22,49,10,15,0.016129032258064516,0.0,0.0,0.3548387096774194,0.7903225806451613,0.16129032258064516,0.24193548387096775,marketplace,ES,low
MERCH_000750,28,1,1,1,0,1928.55,68.87678571428572,37.66,0.08519985356103502,0.9933384634151288,21,28,4,7,0.03571428571428571,0.03571428571428571,0.03571428571428571,0.75,1.0,0.14285714285714285,0.25,marketplace,FR,medium
MERCH_000558,36,0,0,0,0,4044.35,112.34305555555555,78.86000000000001,0.08496139674722081,0.689249662310934,20,36,4,8,0.0,0.0,0.0,0.5555555555555556,1.0,0.1111111111111111,0.2222222222222222,electronics,PT,medium
MERCH_000337,35,2,0,0,2,1996.11,57.03171428571428,39.72,0.08487141116523733,0.8664605665252204,18,34,9,4,0.05714285714285714,0.0,0.0,0.5142857142857142,0.9714285714285714,0.2571428571428571,0.11428571428571428,digital_services,FR,medium
MERCH_000135,35,1,0,0,0,3597.39,102.78257142857143,91.36,0.0848539179320822,0.6609226384870904,23,33,5,6,0.02857142857142857,0.0,0.0,0.6571428571428571,0.9428571428571428,0.14285714285714285,0.17142857142857143,electronics,IT,high
MERCH_000276,49,1,1,1,1,4108.49,83.84673469387755,48.4,0.08484974208790153,0.9700989926130108,21,41,12,8,0.02040816326530612,0.02040816326530612,0.02040816326530612,0.42857142857142855,0.8367346938775511,0.24489795918367346,0.16326530612244897,digital_services,ES,medium
MERCH_000204,40,0,0,0,0,3343.55,83.58875,54.465,0.0848081822270865,0.6436171029457555,15,36,8,10,0.0,0.0,0.0,0.375,0.9,0.2,0.25,digital_services,ES,low
MERCH_001182,43,2,2,2,0,3917.07,91.0946511627907,78.95,0.08467096632483166,0.9635952423725608,17,37,10,11,0.046511627906976744,0.046511627906976744,0.046511627906976744,0.3953488372093023,0.8604651162790697,0.23255813953488372,0.2558139534883721,marketplace,ES,medium
MERCH_000128,53,2,1,1,1,9128.75,172.24056603773585,112.94,0.08454283800817546,0.908640935340713,34,51,5,8,0.03773584905660377,0.018867924528301886,0.018867924528301886,0.6415094339622641,0.9622641509433962,0.09433962264150944,0.1509433962264151,marketplace,DE,low
MERCH_000243,61,1,1,1,1,7114.74,116.63508196721311,90.51,0.0843678509590427,0.9782346220449326,16,49,13,14,0.01639344262295082,0.01639344262295082,0.01639344262295082,0.26229508196721313,0.8032786885245902,0.21311475409836064,0.22950819672131148,marketplace,ES,high
MERCH_000247,45,0,1,1,1,6364.2,141.42666666666668,103.41,0.08433285892933767,0.9587758479647605,25,42,4,10,0.0,0.022222222222222223,0.022222222222222223,0.5555555555555556,0.9333333333333333,0.08888888888888889,0.2222222222222222,electronics,DE,low
MERCH_001121,54,0,0,0,1,8357.23,154.7635185185185,120.46000000000001,0.08420985812584281,0.7761774140435346,23,45,7,9,0.0,0.0,0.0,0.42592592592592593,0.8333333333333334,0.12962962962962962,0.16666666666666666,electronics,ES,low
MERCH_000252,34,0,0,0,1,2624.27,77.18441176470589,57.245000000000005,0.08400813955149815,0.7985974431734086,23,34,8,7,0.0,0.0,0.0,0.6764705882352942,1.0,0.23529411764705882,0.20588235294117646,marketplace,DE,medium
MERCH_000706,41,0,1,1,1,4928.8099999999995,120.21487804878048,90.42,0.08379149891482011,0.9542960601962512,30,39,7,8,0.0,0.024390243902439025,0.024390243902439025,0.7317073170731707,0.9512195121951219,0.17073170731707318,0.1951219512195122,marketplace,IT,low
MERCH_000581,26,1,0,0,1,8680.07,333.8488461538461,316.445,0.08373850090380847,0.7656978074560185,13,25,3,8,0.038461538461538464,0.0,0.0,0.5,0.9615384615384616,0.11538461538461539,0.3076923076923077,travel,FR,medium
MERCH_000174,60,2,1,1,1,8410.94,140.18233333333333,105.655,0.08360612962016843,0.9957257439192836,18,47,8,18,0.03333333333333333,0.016666666666666666,0.016666666666666666,0.3,0.7833333333333333,0.13333333333333333,0.3,marketplace,ES,low
MERCH_000235,38,0,0,0,3,5374.62,141.43736842105264,96.375,0.08359791932296728,0.8080764643045237,21,36,5,5,0.0,0.0,0.0,0.5526315789473685,0.9473684210526315,0.13157894736842105,0.13157894736842105,electronics,FR,high
MERCH_000528,49,1,1,1,2,4907.94,100.16204081632652,82.66,0.08347701066372216,0.9501636587990702,30,47,9,10,0.02040816326530612,0.02040816326530612,0.02040816326530612,0.6122448979591837,0.9591836734693877,0.1836734693877551,0.20408163265306123,marketplace,IT,medium
MERCH_000846,50,2,0,0,1,6009.67,120.1934,95.825,0.08340035964651758,0.8016059922657192,18,39,6,11,0.04,0.0,0.0,0.36,0.78,0.12,0.22,marketplace,ES,low
MERCH_000511,40,0,0,0,2,3435.01,85.87525000000001,69.13,0.08337777261517927,0.8916156039081683,28,40,4,12,0.0,0.0,0.0,0.7,1.0,0.1,0.3,marketplace,FR,high
MERCH_001093,45,1,1,1,1,12726.62,282.8137777777778,244.97,0.08328863270848838,0.9351025252385056,21,39,6,9,0.022222222222222223,0.022222222222222223,0.022222222222222223,0.4666666666666667,0.8666666666666667,0.13333333333333333,0.2,electronics,ES,high
MERCH_000148,33,1,1,1,1,1647.83,49.93424242424242,34.24,0.08293294076798785,0.9726990298553,22,32,5,7,0.030303030303030304,0.030303030303030304,0.030303030303030304,0.6666666666666666,0.9696969696969697,0.15151515151515152,0.21212121212121213,digital_services,PT,medium
MERCH_000314,30,0,0,0,0,4248.23,141.60766666666666,116.07499999999999,0.08249675236755799,0.6836177378623556,22,30,4,7,0.0,0.0,0.0,0.7333333333333333,1.0,0.13333333333333333,0.23333333333333334,electronics,FR,low
MERCH_001091,24,0,0,0,0,3122.21,130.09208333333333,100.25999999999999,0.08242105848887078,0.3755701350445948,18,22,1,5,0.0,0.0,0.0,0.75,0.9166666666666666,0.041666666666666664,0.20833333333333334,travel,PT,low
MERCH_001186,36,0,1,1,0,6399.63,177.7675,154.775,0.08222375603342719,0.9147678202217612,18,34,7,5,0.0,0.027777777777777776,0.027777777777777776,0.5,0.9444444444444444,0.19444444444444445,0.1388888888888889,marketplace,FR,medium
MERCH_000523,49,2,2,2,1,3539.96,72.24408163265306,41.63,0.08070990398751464,0.9948733791096688,35,49,11,10,0.04081632653061224,0.04081632653061224,0.04081632653061224,0.7142857142857143,1.0,0.22448979591836735,0.20408163265306123,digital_services,FR,medium
MERCH_000478,55,1,0,0,1,12428.82,225.97854545454544,187.52,0.08052084076221598,0.7694998572978068,22,41,8,18,0.01818181818181818,0.0,0.0,0.4,0.7454545454545455,0.14545454545454545,0.32727272727272727,electronics,ES,low
MERCH_000167,38,0,1,1,0,9938.35,261.53552631578947,195.71499999999997,0.08016479453371037,0.9313002670546304,28,38,3,11,0.0,0.02631578947368421,0.02631578947368421,0.7368421052631579,1.0,0.07894736842105263,0.2894736842105263,electronics,DE,low
MERCH_000879,41,1,0,0,2,8679.289999999999,211.68999999999997,154.92,0.07972729295068012,0.8569083301726756,14,32,6,10,0.024390243902439025,0.0,0.0,0.34146341463414637,0.7804878048780488,0.14634146341463414,0.24390243902439024,electronics,ES,medium
MERCH_000121,36,1,0,0,2,10526.36,292.3988888888889,237.28,0.07957859294807876,0.8790072975013172,20,34,3,6,0.027777777777777776,0.0,0.0,0.5555555555555556,0.9444444444444444,0.08333333333333333,0.16666666666666666,travel,FR,medium
MERCH_000026,42,1,0,0,2,6017.19,143.26642857142855,117.045,0.07954760551719683,0.8693891895191485,25,42,7,9,0.023809523809523808,0.0,0.0,0.5952380952380952,1.0,0.16666666666666666,0.21428571428571427,electronics,FR,high
MERCH_000155,68,2,0,0,4,15476.95,227.60220588235296,174.615,0.07954107778309985,0.8820719246504425,24,61,13,10,0.029411764705882353,0.0,0.0,0.35294117647058826,0.8970588235294118,0.19117647058823528,0.14705882352941177,marketplace,ES,low
MERCH_001047,58,1,1,1,0,10405.17,179.39948275862068,158.025,0.07949103065572015,0.956505445889615,18,52,11,10,0.017241379310344827,0.017241379310344827,0.017241379310344827,0.3103448275862069,0.896551724137931,0.1896551724137931,0.1724137931034483,electronics,ES,low
MERCH_001069,36,0,0,0,2,10962.82,304.5227777777778,227.535,0.07923283997426525,0.7903949275066287,25,36,5,3,0.0,0.0,0.0,0.6944444444444444,1.0,0.1388888888888889,0.08333333333333333,electronics,DE,low
MERCH_000473,41,1,2,2,0,7159.06,174.61121951219513,160.03,0.07877969380469739,0.9340144107720684,26,39,4,12,0.024390243902439025,0.04878048780487805,0.04878048780487805,0.6341463414634146,0.9512195121951219,0.0975609756097561,0.2926829268292683,marketplace,FR,high
MERCH_000938,45,0,0,0,2,5522.66,122.72577777777778,78.33,0.0784765891248492,0.7601758636775547,11,34,11,12,0.0,0.0,0.0,0.24444444444444444,0.7555555555555555,0.24444444444444444,0.26666666666666666,marketplace,ES,low
MERCH_000725,36,1,1,1,0,3349.78,93.04944444444445,58.150000000000006,0.07807280679788114,0.9174619110935892,18,35,6,7,0.027777777777777776,0.027777777777777776,0.027777777777777776,0.5,0.9722222222222222,0.16666666666666666,0.19444444444444445,marketplace,DE,high
MERCH_000001,28,0,0,0,0,9372.53,334.7332142857143,269.65,0.07729079072390388,0.4178165486038429,14,25,1,5,0.0,0.0,0.0,0.5,0.8928571428571429,0.03571428571428571,0.17857142857142858,travel,FR,medium
MERCH_001156,37,0,0,0,0,2670.6,72.17837837837837,52.0,0.07725923360000608,0.5983570675592579,24,34,7,12,0.0,0.0,0.0,0.6486486486486487,0.918918918918919,0.1891891891891892,0.32432432432432434,digital_services,PT,high
MERCH_000943,60,0,1,1,1,9430.49,157.17483333333334,142.315,0.07702713347224455,0.9416893193759835,20,46,11,14,0.0,0.016666666666666666,0.016666666666666666,0.3333333333333333,0.7666666666666667,0.18333333333333332,0.23333333333333334,electronics,ES,medium
MERCH_000205,54,0,0,0,1,5513.72,102.10592592592593,95.505,0.07689110375334682,0.7375822687932777,24,42,9,16,0.0,0.0,0.0,0.4444444444444444,0.7777777777777778,0.16666666666666666,0.2962962962962963,marketplace,ES,low
MERCH_000550,37,1,0,0,0,3407.7400000000002,92.10108108108109,71.36,0.07653162226369506,0.6355641787517043,21,37,6,9,0.02702702702702703,0.0,0.0,0.5675675675675675,1.0,0.16216216216216217,0.24324324324324326,digital_services,PT,high
MERCH_000761,39,0,0,0,1,3119.57,79.98897435897436,53.82,0.07627260252547503,0.8659599430541588,24,38,6,5,0.0,0.0,0.0,0.6153846153846154,0.9743589743589743,0.15384615384615385,0.1282051282051282,digital_services,IT,high
MERCH_000426,39,0,0,0,1,3336.37,85.54794871794871,54.06,0.07613925963796006,0.8861249528912982,26,37,8,12,0.0,0.0,0.0,0.6666666666666666,0.9487179487179487,0.20512820512820512,0.3076923076923077,marketplace,FR,low
MERCH_000411,35,1,0,0,0,9121.6,260.6171428571429,188.21,0.07610299563558971,0.6013150370616712,13,27,5,11,0.02857142857142857,0.0,0.0,0.37142857142857144,0.7714285714285715,0.14285714285714285,0.3142857142857143,travel,ES,low
MERCH_000609,50,1,1,1,1,7969.19,159.38379999999998,116.525,0.0756258135273935,0.9541858333969012,33,49,6,9,0.02,0.02,0.02,0.66,0.98,0.12,0.18,electronics,IT,low
MERCH_000437,66,1,1,1,1,7183.58,108.84212121212121,61.295,0.0755247697485098,0.9656920459543024,27,55,8,18,0.015151515151515152,0.015151515151515152,0.015151515151515152,0.4090909090909091,0.8333333333333334,0.12121212121212122,0.2727272727272727,electronics,ES,medium
MERCH_000924,50,1,0,0,1,14945.16,298.90319999999997,205.225,0.07551266323495777,0.8300391479385201,17,44,5,8,0.02,0.0,0.0,0.34,0.88,0.1,0.16,electronics,ES,low
MERCH_000577,40,1,1,1,0,2771.64,69.291,46.535,0.07548936724071767,0.92399905956494,31,39,6,14,0.025,0.025,0.025,0.775,0.975,0.15,0.35,digital_services,FR,medium
MERCH_000672,49,1,1,1,1,4591.599999999999,93.70612244897958,68.23,0.07503015527600476,0.9098996749636988,17,43,9,7,0.02040816326530612,0.02040816326530612,0.02040816326530612,0.3469387755102041,0.8775510204081632,0.1836734693877551,0.14285714285714285,digital_services,ES,medium
MERCH_001144,55,0,0,0,2,3559.82,64.724,45.75,0.07494859840610095,0.891966125763688,17,47,9,13,0.0,0.0,0.0,0.3090909090909091,0.8545454545454545,0.16363636363636364,0.23636363636363636,marketplace,ES,medium
MERCH_000040,30,1,0,0,1,3418.9700000000003,113.96566666666668,103.755,0.07486104292008401,0.7019717589978911,18,30,3,9,0.03333333333333333,0.0,0.0,0.6,1.0,0.1,0.3,marketplace,PT,low
MERCH_000398,49,0,1,1,0,10907.39,222.59979591836733,173.36,0.07460198027856234,0.9590188514911868,19,44,3,8,0.0,0.02040816326530612,0.02040816326530612,0.3877551020408163,0.8979591836734694,0.061224489795918366,0.16326530612244897,electronics,ES,high
MERCH_000744,25,1,1,1,0,1088.33,43.533199999999994,30.02,0.07441006125186457,0.9871742324319328,11,24,9,2,0.04,0.04,0.04,0.44,0.96,0.36,0.08,digital_services,IT,high
MERCH_001036,54,0,0,0,0,7138.46,132.1937037037037,119.50999999999999,0.07417974197293097,0.6546744479563807,31,53,8,12,0.0,0.0,0.0,0.5740740740740741,0.9814814814814815,0.14814814814814814,0.2222222222222222,marketplace,FR,low
MERCH_000180,17,0,0,0,0,1463.52,86.08941176470589,61.97,0.07381192590769695,0.4740892652903926,7,17,2,6,0.0,0.0,0.0,0.4117647058823529,1.0,0.11764705882352941,0.35294117647058826,gaming,FR,high
MERCH_001157,59,2,2,2,1,13548.91,229.64254237288137,185.71,0.07374564474704023,0.95397639238746,21,49,8,13,0.03389830508474576,0.03389830508474576,0.03389830508474576,0.3559322033898305,0.8305084745762712,0.13559322033898305,0.22033898305084745,electronics,ES,low
MERCH_000421,36,1,0,0,2,1844.8700000000001,51.246388888888895,37.265,0.07363861242524757,0.8426584817877484,26,36,6,12,0.027777777777777776,0.0,0.0,0.7222222222222222,1.0,0.16666666666666666,0.3333333333333333,marketplace,IT,high
MERCH_000456,47,0,1,1,1,8525.94,181.40297872340426,138.02,0.0736228380792368,0.9299294972999482,20,46,6,15,0.0,0.02127659574468085,0.02127659574468085,0.425531914893617,0.9787234042553191,0.1276595744680851,0.3191489361702128,electronics,ES,medium
MERCH_000214,55,0,0,0,1,15506.07,281.92854545454543,242.74,0.0732969447509617,0.8314144502252631,21,47,8,11,0.0,0.0,0.0,0.38181818181818183,0.8545454545454545,0.14545454545454545,0.2,electronics,ES,medium
MERCH_000425,44,0,0,0,0,2989.04,67.93272727272728,57.18,0.07326131444418739,0.6775771800052364,32,44,5,13,0.0,0.0,0.0,0.7272727272727273,1.0,0.11363636363636363,0.29545454545454547,digital_services,PT,medium
MERCH_000628,50,1,0,0,1,5068.39,101.3678,74.315,0.07317392304625088,0.7233432828315577,31,48,5,10,0.02,0.0,0.0,0.62,0.96,0.1,0.2,marketplace,DE,low
MERCH_000878,38,2,0,0,1,4095.09,107.76552631578947,83.775,0.07310036591307266,0.7992399072436972,21,34,7,9,0.05263157894736842,0.0,0.0,0.5526315789473685,0.8947368421052632,0.18421052631578946,0.23684210526315788,marketplace,FR,low
MERCH_001140,39,0,0,0,1,5026.69,128.88948717948716,106.24,0.07303517299555501,0.720969350777605,30,39,6,13,0.0,0.0,0.0,0.7692307692307693,1.0,0.15384615384615385,0.3333333333333333,marketplace,FR,high
MERCH_001041,32,1,1,1,0,8451.74,264.116875,228.98,0.07295493457722378,0.9483833009551674,22,32,4,8,0.03125,0.03125,0.03125,0.6875,1.0,0.125,0.25,electronics,DE,low
MERCH_001172,57,3,1,1,0,12632.09,221.61561403508773,187.8,0.07292666256808773,0.92158830881464,28,54,11,15,0.05263157894736842,0.017543859649122806,0.017543859649122806,0.49122807017543857,0.9473684210526315,0.19298245614035087,0.2631578947368421,electronics,ES,low
MERCH_000299,43,0,0,0,0,11708.869999999999,272.2993023255814,277.08,0.07250410205122623,0.5257105839665274,27,42,8,10,0.0,0.0,0.0,0.627906976744186,0.9767441860465116,0.18604651162790697,0.23255813953488372,electronics,FR,low
MERCH_000068,31,2,2,2,0,2696.82,86.9941935483871,47.5,0.07237661519097315,0.9979073768857856,19,30,5,6,0.06451612903225806,0.06451612903225806,0.06451612903225806,0.6129032258064516,0.967741935483871,0.16129032258064516,0.1935483870967742,digital_services,DE,medium
MERCH_000548,46,2,1,1,2,2536.67,55.145,37.379999999999995,0.07232569102494957,0.9773327452331664,22,42,12,12,0.043478260869565216,0.021739130434782608,0.021739130434782608,0.4782608695652174,0.9130434782608695,0.2608695652173913,0.2608695652173913,digital_services,ES,high
MERCH_000133,30,0,0,0,1,8472.83,282.42766666666665,274.78999999999996,0.07211463749467435,0.8524991285603607,20,29,3,3,0.0,0.0,0.0,0.6666666666666666,0.9666666666666667,0.1,0.1,travel,FR,medium
MERCH_000461,50,2,0,0,1,16678.41,333.5682,243.95,0.07206901761211527,0.752611015201066,19,45,6,12,0.04,0.0,0.0,0.38,0.9,0.12,0.24,electronics,ES,low
MERCH_000099,51,0,0,0,2,8337.08,163.4721568627451,109.65,0.07108931193715833,0.7618565516784415,16,42,7,9,0.0,0.0,0.0,0.3137254901960784,0.8235294117647058,0.13725490196078433,0.17647058823529413,electronics,ES,low
MERCH_000106,57,0,0,0,1,12614.39,221.30508771929823,178.68,0.0710588643282075,0.7809852403126744,19,49,8,14,0.0,0.0,0.0,0.3333333333333333,0.8596491228070176,0.14035087719298245,0.24561403508771928,electronics,ES,low
MERCH_000221,47,1,0,0,2,4380.34,93.19872340425532,65.85,0.07093218226121821,0.799976474017157,20,42,7,13,0.02127659574468085,0.0,0.0,0.425531914893617,0.8936170212765957,0.14893617021276595,0.2765957446808511,digital_services,ES,medium
MERCH_000759,47,0,0,0,0,8273.02,176.02170212765958,152.13,0.07022448418194752,0.6495361557830428,26,47,5,10,0.0,0.0,0.0,0.5531914893617021,1.0,0.10638297872340426,0.2127659574468085,electronics,PT,low
MERCH_000613,41,2,1,1,1,3554.53,86.69585365853659,55.46,0.0701808893211628,0.9922618188197292,23,35,5,9,0.04878048780487805,0.024390243902439025,0.024390243902439025,0.5609756097560976,0.8536585365853658,0.12195121951219512,0.21951219512195122,digital_services,ES,high
MERCH_000871,59,0,0,0,0,8922.56,151.22983050847458,125.46,0.07004357161776896,0.6785226420745786,20,48,7,14,0.0,0.0,0.0,0.3389830508474576,0.8135593220338984,0.11864406779661017,0.23728813559322035,marketplace,ES,low
MERCH_000920,39,1,0,0,0,12097.42,310.19025641025644,243.14,0.06992064621780589,0.485506824577167,14,33,4,11,0.02564102564102564,0.0,0.0,0.358974358974359,0.8461538461538461,0.10256410256410256,0.28205128205128205,travel,ES,medium
MERCH_000198,47,1,1,1,0,4072.82,86.65574468085107,55.58,0.0697849225829432,0.950899688137852,11,36,11,14,0.02127659574468085,0.02127659574468085,0.02127659574468085,0.23404255319148937,0.7659574468085106,0.23404255319148937,0.2978723404255319,marketplace,ES,medium
MERCH_000843,24,0,1,1,0,5417.83,225.74291666666667,212.83999999999997,0.06977955258060324,0.9252029789511936,16,23,4,4,0.0,0.041666666666666664,0.041666666666666664,0.6666666666666666,0.9583333333333334,0.16666666666666666,0.16666666666666666,travel,DE,medium
MERCH_000325,36,0,0,0,1,9675.58,268.7661111111111,190.69,0.0696141391059239,0.7049904264114327,20,36,7,4,0.0,0.0,0.0,0.5555555555555556,1.0,0.19444444444444445,0.1111111111111111,travel,IT,low
MERCH_000430,54,1,1,1,0,4250.25,78.70833333333333,43.135000000000005,0.06955993766602497,0.9146565267347532,14,40,15,14,0.018518518518518517,0.018518518518518517,0.018518518518518517,0.25925925925925924,0.7407407407407407,0.2777777777777778,0.25925925925925924,marketplace,ES,medium
MERCH_000567,43,1,1,1,1,3668.72,85.31906976744186,47.64,0.06886785077534416,0.9846194663612262,18,38,6,7,0.023255813953488372,0.023255813953488372,0.023255813953488372,0.4186046511627907,0.8837209302325582,0.13953488372093023,0.16279069767441862,digital_services,ES,high
MERCH_000952,46,2,2,2,0,3428.68,74.53652173913044,39.775000000000006,0.06886325006146446,0.995328191317944,29,43,8,11,0.043478260869565216,0.043478260869565216,0.043478260869565216,0.6304347826086957,0.9347826086956522,0.17391304347826086,0.2391304347826087,digital_services,FR,medium
MERCH_000062,35,1,1,1,0,2002.46,57.213142857142856,35.51,0.06860024090595747,0.9766355394285888,22,33,7,9,0.02857142857142857,0.02857142857142857,0.02857142857142857,0.6285714285714286,0.9428571428571428,0.2,0.2571428571428571,digital_services,FR,medium
MERCH_000143,44,0,0,0,1,2769.12,62.93454545454545,48.84,0.06846881222931628,0.825515409717562,24,44,6,9,0.0,0.0,0.0,0.5454545454545454,1.0,0.13636363636363635,0.20454545454545456,digital_services,FR,medium
MERCH_000496,45,1,1,1,1,3119.89,69.3308888888889,59.95,0.06832004095918455,0.9050653897657024,32,42,11,9,0.022222222222222223,0.022222222222222223,0.022222222222222223,0.7111111111111111,0.9333333333333333,0.24444444444444444,0.2,digital_services,FR,medium
MERCH_000650,60,0,0,0,1,8715.21,145.25349999999997,114.045,0.06777662397609423,0.8698177653847564,24,50,9,14,0.0,0.0,0.0,0.4,0.8333333333333334,0.15,0.23333333333333334,electronics,ES,medium
MERCH_000082,46,1,0,0,0,6302.2699999999995,137.00586956521738,111.275,0.06766447177492166,0.6807300326774999,18,38,6,7,0.021739130434782608,0.0,0.0,0.391304347826087,0.8260869565217391,0.13043478260869565,0.15217391304347827,electronics,ES,medium
MERCH_000620,64,0,0,0,3,5831.94,91.1240625,72.85499999999999,0.06764917972042832,0.8078114110935011,17,47,9,11,0.0,0.0,0.0,0.265625,0.734375,0.140625,0.171875,marketplace,ES,low
MERCH_000978,43,2,1,1,0,4508.6,104.85116279069769,75.37,0.06750171798077503,0.9339803931753372,14,34,8,11,0.046511627906976744,0.023255813953488372,0.023255813953488372,0.32558139534883723,0.7906976744186046,0.18604651162790697,0.2558139534883721,digital_services,ES,low
MERCH_000196,25,0,0,0,1,3657.06,146.2824,98.55,0.0674444972838622,0.8758052536638811,16,23,4,7,0.0,0.0,0.0,0.64,0.92,0.16,0.28,marketplace,IT,low
MERCH_001193,29,0,0,0,1,3022.63,104.22862068965517,64.34,0.06742187364290989,0.7727928305534302,14,28,4,8,0.0,0.0,0.0,0.4827586206896552,0.9655172413793104,0.13793103448275862,0.27586206896551724,digital_services,IT,high
MERCH_000076,58,1,0,0,2,5671.4800000000005,97.7841379310345,65.5,0.067212660952803,0.871924460984452,43,57,10,15,0.017241379310344827,0.0,0.0,0.7413793103448276,0.9827586206896551,0.1724137931034483,0.25862068965517243,marketplace,DE,low
MERCH_000361,54,0,0,0,0,8227.68,152.36444444444444,103.12,0.0669228861127872,0.591725380250101,27,50,8,10,0.0,0.0,0.0,0.5,0.9259259259259259,0.14814814814814814,0.18518518518518517,electronics,ES,medium
MERCH_000348,62,1,0,0,1,8072.24,130.1974193548387,112.69,0.066779050617043,0.7858820183467254,22,53,9,16,0.016129032258064516,0.0,0.0,0.3548387096774194,0.8548387096774194,0.14516129032258066,0.25806451612903225,electronics,ES,medium
MERCH_000002,49,1,0,0,0,18103.16,369.4522448979592,273.6,0.06667483345203623,0.564628575264734,21,41,5,10,0.02040816326530612,0.0,0.0,0.42857142857142855,0.8367346938775511,0.10204081632653061,0.20408163265306123,electronics,ES,low
MERCH_000255,41,1,1,1,0,3715.41,90.61975609756097,59.43,0.0664104266657857,0.9964136022681273,18,37,13,3,0.024390243902439025,0.024390243902439025,0.024390243902439025,0.43902439024390244,0.9024390243902439,0.3170731707317073,0.07317073170731707,digital_services,ES,high
MERCH_000451,20,0,0,0,1,2472.39,123.61949999999999,69.42500000000001,0.06608802372747447,0.7857900856897422,17,20,3,4,0.0,0.0,0.0,0.85,1.0,0.15,0.2,gaming,PT,high
MERCH_000606,43,0,1,1,0,10632.23,247.26116279069765,193.27,0.06559260970419982,0.9276368489744484,16,35,5,11,0.0,0.023255813953488372,0.023255813953488372,0.37209302325581395,0.813953488372093,0.11627906976744186,0.2558139534883721,electronics,ES,medium
MERCH_001138,39,1,1,1,0,2891.45,74.13974358974359,56.53,0.06537451077810089,0.9543308567131964,22,37,9,9,0.02564102564102564,0.02564102564102564,0.02564102564102564,0.5641025641025641,0.9487179487179487,0.23076923076923078,0.23076923076923078,digital_services,IT,medium
MERCH_000391,37,0,0,0,1,5184.65,140.12567567567567,100.65,0.06496962650892593,0.7937658614516251,21,35,5,13,0.0,0.0,0.0,0.5675675675675675,0.9459459459459459,0.13513513513513514,0.35135135135135137,marketplace,DE,low
MERCH_001119,34,1,1,1,0,3020.27,88.83147058823529,42.305,0.06478481298934768,0.9791139960463616,19,33,7,9,0.029411764705882353,0.029411764705882353,0.029411764705882353,0.5588235294117647,0.9705882352941176,0.20588235294117646,0.2647058823529412,digital_services,IT,medium
MERCH_000331,44,3,1,1,0,2804.13,63.73022727272728,35.13,0.06477872141926713,0.9917573721354516,29,44,7,15,0.06818181818181818,0.022727272727272728,0.022727272727272728,0.6590909090909091,1.0,0.1590909090909091,0.3409090909090909,marketplace,IT,low
MERCH_000150,51,0,0,0,1,5483.72,107.52392156862746,71.33,0.06475603809885223,0.7839651254430953,24,44,7,11,0.0,0.0,0.0,0.47058823529411764,0.8627450980392157,0.13725490196078433,0.21568627450980393,marketplace,ES,medium
MERCH_000965,59,1,0,0,1,5152.21,87.32559322033899,63.23,0.06447595885349379,0.7971663471386197,13,50,12,12,0.01694915254237288,0.0,0.0,0.22033898305084745,0.847457627118644,0.2033898305084746,0.2033898305084746,marketplace,ES,medium
MERCH_000186,33,0,0,0,0,2933.63,88.8978787878788,58.97,0.06426527351588122,0.6647567719584857,22,33,5,10,0.0,0.0,0.0,0.6666666666666666,1.0,0.15151515151515152,0.30303030303030304,marketplace,IT,high
MERCH_000098,53,0,0,0,1,12275.49,231.61301886792452,197.6,0.06401480939104676,0.8382852790113218,19,47,8,18,0.0,0.0,0.0,0.3584905660377358,0.8867924528301887,0.1509433962264151,0.33962264150943394,electronics,ES,low
MERCH_000604,33,0,0,0,1,2771.38,83.98121212121212,80.71,0.06380960920377951,0.7221040180322641,20,32,7,8,0.0,0.0,0.0,0.6060606060606061,0.9696969696969697,0.21212121212121213,0.24242424242424243,digital_services,IT,high
MERCH_001088,38,0,0,0,0,6065.99,159.6313157894737,113.495,0.06368111397382314,0.5590502960718109,24,38,7,10,0.0,0.0,0.0,0.631578947368421,1.0,0.18421052631578946,0.2631578947368421,marketplace,FR,low
MERCH_000242,38,0,0,0,1,2271.4,59.77368421052632,42.045,0.06354639738051525,0.7784222536264207,16,30,11,8,0.0,0.0,0.0,0.42105263157894735,0.7894736842105263,0.2894736842105263,0.21052631578947367,digital_services,ES,medium
MERCH_000282,39,1,0,0,1,7296.71,187.09512820512822,152.36,0.06336101358541599,0.8360600579107833,27,37,5,10,0.02564102564102564,0.0,0.0,0.6923076923076923,0.9487179487179487,0.1282051282051282,0.2564102564102564,electronics,DE,medium
MERCH_000400,36,1,1,1,0,3711.5299999999997,103.09805555555555,72.16,0.06323206232764164,0.9612728355828852,27,36,5,3,0.027777777777777776,0.027777777777777776,0.027777777777777776,0.75,1.0,0.1388888888888889,0.08333333333333333,marketplace,PT,medium
MERCH_000763,52,1,2,2,0,3343.7,64.30192307692307,42.345,0.0628126121390751,0.9967154740940776,25,44,5,12,0.019230769230769232,0.038461538461538464,0.038461538461538464,0.4807692307692308,0.8461538461538461,0.09615384615384616,0.23076923076923078,digital_services,ES,medium
MERCH_000903,38,1,0,0,2,2341.18,61.60999999999999,44.155,0.06274931506262396,0.858723734665503,24,36,5,10,0.02631578947368421,0.0,0.0,0.631578947368421,0.9473684210526315,0.13157894736842105,0.2631578947368421,digital_services,FR,low
MERCH_000513,40,0,0,0,1,3066.55,76.66375000000001,56.989999999999995,0.0625178616281672,0.8143057169467467,25,38,2,12,0.0,0.0,0.0,0.625,0.95,0.05,0.3,digital_services,FR,low
MERCH_000752,58,2,1,1,2,4455.24,76.81448275862068,42.43,0.062460297940564555,0.9744214477547726,14,45,13,15,0.034482758620689655,0.017241379310344827,0.017241379310344827,0.2413793103448276,0.7758620689655172,0.22413793103448276,0.25862068965517243,marketplace,ES,medium
MERCH_000095,57,1,0,0,1,4629.07,81.21175438596491,57.85,0.062183985565028,0.7894143573187592,17,45,8,15,0.017543859649122806,0.0,0.0,0.2982456140350877,0.7894736842105263,0.14035087719298245,0.2631578947368421,marketplace,ES,low
MERCH_000719,56,0,0,0,1,4646.92,82.98071428571428,61.349999999999994,0.061817778574547004,0.8114718079026186,16,41,8,17,0.0,0.0,0.0,0.2857142857142857,0.7321428571428571,0.14285714285714285,0.30357142857142855,electronics,ES,low
MERCH_001114,34,0,0,0,0,2748.15,80.82794117647059,57.725,0.06174664649913047,0.6414510447888911,25,33,5,8,0.0,0.0,0.0,0.7352941176470589,0.9705882352941176,0.14705882352941177,0.23529411764705882,digital_services,PT,medium
MERCH_000786,47,0,1,1,0,3178.42,67.62595744680851,40.08,0.06142170775337855,0.93845175460614,17,43,18,10,0.0,0.02127659574468085,0.02127659574468085,0.3617021276595745,0.9148936170212766,0.3829787234042553,0.2127659574468085,digital_services,ES,medium
MERCH_000183,52,0,0,0,0,11716.54,225.31807692307694,197.73000000000002,0.0601370501348728,0.6010659704130912,22,42,10,11,0.0,0.0,0.0,0.4230769230769231,0.8076923076923077,0.19230769230769232,0.21153846153846154,electronics,ES,low
MERCH_001067,36,0,0,0,0,2567.85,71.32916666666667,60.675,0.06007547713992298,0.5118916999116799,22,36,7,6,0.0,0.0,0.0,0.6111111111111112,1.0,0.19444444444444445,0.16666666666666666,digital_services,PT,medium
MERCH_000202,24,0,0,0,1,1078.32,44.93,41.9,0.06003933681691631,0.7184103283788035,16,24,6,6,0.0,0.0,0.0,0.6666666666666666,1.0,0.25,0.25,gaming,PT,high
MERCH_001169,32,0,0,0,1,3360.86,105.026875,70.72,0.05986733499390354,0.7277937025615159,21,32,3,7,0.0,0.0,0.0,0.65625,1.0,0.09375,0.21875,marketplace,DE,medium
MERCH_000236,42,0,0,0,1,9007.77,214.4707142857143,193.255,0.059777544416910855,0.8294901682340043,18,38,3,14,0.0,0.0,0.0,0.42857142857142855,0.9047619047619048,0.07142857142857142,0.3333333333333333,electronics,FR,medium
MERCH_000864,44,0,0,0,0,4378.14,99.50318181818183,84.535,0.0593827984899964,0.449187415943733,26,42,4,7,0.0,0.0,0.0,0.5909090909090909,0.9545454545454546,0.09090909090909091,0.1590909090909091,marketplace,PT,low
MERCH_000521,34,0,0,0,1,3636.0,106.94117647058823,75.38499999999999,0.0586677438902915,0.7886202245436693,17,31,4,4,0.0,0.0,0.0,0.5,0.9117647058823529,0.11764705882352941,0.11764705882352941,marketplace,IT,high
MERCH_001191,57,0,0,0,0,6491.04,113.87789473684211,71.04,0.05851768439176781,0.674919953445624,20,47,11,12,0.0,0.0,0.0,0.3508771929824561,0.8245614035087719,0.19298245614035087,0.21052631578947367,electronics,ES,low
MERCH_000574,44,0,0,0,1,3681.62,83.67318181818182,51.73,0.05830147106186887,0.8018960332259407,21,39,7,13,0.0,0.0,0.0,0.4772727272727273,0.8863636363636364,0.1590909090909091,0.29545454545454547,digital_services,ES,medium
MERCH_000894,57,1,1,1,1,3748.03,65.75491228070176,41.63,0.057870938891649924,0.9824203620061868,13,53,7,11,0.017543859649122806,0.017543859649122806,0.017543859649122806,0.22807017543859648,0.9298245614035088,0.12280701754385964,0.19298245614035087,marketplace,ES,high
MERCH_000152,53,0,0,0,0,8641.52,163.04754716981134,118.38,0.05771180104137235,0.5927536609014055,17,44,9,9,0.0,0.0,0.0,0.32075471698113206,0.8301886792452831,0.16981132075471697,0.16981132075471697,marketplace,ES,low
MERCH_000848,27,0,0,0,1,1500.74,55.58296296296297,48.48,0.05761460983914549,0.8419792246295758,16,27,7,7,0.0,0.0,0.0,0.5925925925925926,1.0,0.25925925925925924,0.25925925925925924,digital_services,FR,low
MERCH_000853,20,0,0,0,1,1235.06,61.753,58.91,0.05734893999917502,0.7910903055987093,12,20,5,2,0.0,0.0,0.0,0.6,1.0,0.25,0.1,gaming,DE,high
MERCH_000494,59,1,1,1,0,4551.2300000000005,77.13949152542374,52.4,0.05710902739046147,0.9514288027715192,25,49,11,17,0.01694915254237288,0.01694915254237288,0.01694915254237288,0.423728813559322,0.8305084745762712,0.1864406779661017,0.288135593220339,digital_services,ES,low
MERCH_000115,43,0,0,0,0,4984.5,115.9186046511628,95.87,0.05682360428393475,0.5517386122233762,12,32,5,8,0.0,0.0,0.0,0.27906976744186046,0.7441860465116279,0.11627906976744186,0.18604651162790697,marketplace,ES,medium
MERCH_000414,23,0,0,0,1,3537.9,153.8217391304348,85.77,0.05670559079519438,0.8609301539309627,10,20,2,4,0.0,0.0,0.0,0.43478260869565216,0.8695652173913043,0.08695652173913043,0.17391304347826086,gaming,ES,high
MERCH_000529,54,0,0,0,1,4865.9,90.10925925925925,69.53999999999999,0.05666875606804011,0.866570579744318,32,48,7,10,0.0,0.0,0.0,0.5925925925925926,0.8888888888888888,0.12962962962962962,0.18518518518518517,marketplace,FR,high
MERCH_000720,66,1,0,0,0,6239.42,94.53666666666666,61.349999999999994,0.05665958333760414,0.6890878983528173,24,58,7,19,0.015151515151515152,0.0,0.0,0.36363636363636365,0.8787878787878788,0.10606060606060606,0.2878787878787879,marketplace,ES,medium
MERCH_000010,48,0,1,1,0,5189.68,108.11833333333334,74.445,0.05640639374024143,0.9407504137633664,20,42,11,9,0.0,0.020833333333333332,0.020833333333333332,0.4166666666666667,0.875,0.22916666666666666,0.1875,electronics,ES,low
MERCH_001175,34,0,1,1,0,2389.13,70.2685294117647,52.5,0.05594993555342231,0.9150304091484196,21,33,6,9,0.0,0.029411764705882353,0.029411764705882353,0.6176470588235294,0.9705882352941176,0.17647058823529413,0.2647058823529412,digital_services,FR,high
MERCH_000043,44,0,0,0,2,11170.54,253.87590909090912,204.73,0.05581527020951545,0.8618292780429851,28,42,7,6,0.0,0.0,0.0,0.6363636363636364,0.9545454545454546,0.1590909090909091,0.13636363636363635,electronics,FR,low
MERCH_000144,50,0,0,0,0,9623.81,192.47619999999998,150.125,0.05532674910329148,0.6392437831720645,20,42,5,10,0.0,0.0,0.0,0.4,0.84,0.1,0.2,electronics,ES,low
MERCH_000490,28,0,1,1,0,1843.17,65.8275,45.47,0.054614448146965845,0.9050776353783292,11,23,7,5,0.0,0.03571428571428571,0.03571428571428571,0.39285714285714285,0.8214285714285714,0.25,0.17857142857142858,gaming,ES,low
MERCH_000207,30,0,0,0,0,6742.43,224.74766666666667,160.86,0.054593873795277977,0.3072676020555583,16,27,2,7,0.0,0.0,0.0,0.5333333333333333,0.9,0.06666666666666667,0.23333333333333334,travel,DE,medium
MERCH_000301,50,2,0,0,2,4607.25,92.145,57.81,0.05453177287445392,0.8924890462991562,11,39,7,11,0.04,0.0,0.0,0.22,0.78,0.14,0.22,electronics,ES,high
MERCH_000234,44,0,0,0,1,4566.05,103.77386363636364,89.56,0.05450937395020355,0.7765897231900475,26,42,4,13,0.0,0.0,0.0,0.5909090909090909,0.9545454545454546,0.09090909090909091,0.29545454545454547,marketplace,PT,medium
MERCH_000779,43,0,0,0,1,3804.47,88.4760465116279,64.69,0.05381973600167826,0.7573984828413766,26,39,2,14,0.0,0.0,0.0,0.6046511627906976,0.9069767441860465,0.046511627906976744,0.32558139534883723,marketplace,DE,medium
MERCH_000508,19,0,0,0,1,1760.77,92.67210526315789,73.3,0.053420994098397075,0.8586598990601237,13,19,3,2,0.0,0.0,0.0,0.6842105263157895,1.0,0.15789473684210525,0.10526315789473684,gaming,PT,high
MERCH_000971,26,0,0,0,0,2060.84,79.26307692307692,62.114999999999995,0.052980487603705856,0.6576513312891462,17,24,5,4,0.0,0.0,0.0,0.6538461538461539,0.9230769230769231,0.19230769230769232,0.15384615384615385,gaming,PT,high
MERCH_000120,32,0,0,0,1,2323.13,72.5978125,50.93,0.052739900756706655,0.8222357931223239,8,29,6,9,0.0,0.0,0.0,0.25,0.90625,0.1875,0.28125,gaming,ES,high
MERCH_000608,47,0,0,0,1,5031.08,107.04425531914893,70.36,0.05270825847596545,0.8942200914513537,17,38,5,10,0.0,0.0,0.0,0.3617021276595745,0.8085106382978723,0.10638297872340426,0.2127659574468085,marketplace,ES,medium
MERCH_000230,27,0,0,0,0,1736.48,64.31407407407407,50.45,0.05247098812168297,0.3888471074841041,15,26,6,7,0.0,0.0,0.0,0.5555555555555556,0.9629629629629629,0.2222222222222222,0.25925925925925924,digital_services,IT,medium
MERCH_001090,51,0,1,1,0,4940.27,96.86803921568628,55.98,0.05156750630712649,0.9345201458476644,17,39,6,12,0.0,0.0196078431372549,0.0196078431372549,0.3333333333333333,0.7647058823529411,0.11764705882352941,0.23529411764705882,electronics,ES,medium
MERCH_000215,50,1,1,1,0,4772.93,95.4586,81.805,0.05135121431863329,0.9946530247002872,18,39,9,7,0.02,0.02,0.02,0.36,0.78,0.18,0.14,digital_services,ES,medium
MERCH_000540,49,0,0,0,1,12495.71,255.01448979591834,234.81,0.051262961098973624,0.712259070126424,18,45,4,9,0.0,0.0,0.0,0.3673469387755102,0.9183673469387755,0.08163265306122448,0.1836734693877551,electronics,ES,low
MERCH_001046,35,1,1,1,0,2475.38,70.72514285714286,52.34,0.05102709123069199,0.9716965899478828,21,34,5,8,0.02857142857142857,0.02857142857142857,0.02857142857142857,0.6,0.9714285714285714,0.14285714285714285,0.22857142857142856,digital_services,FR,low
MERCH_000617,26,0,0,0,0,1866.27,71.77961538461538,62.855000000000004,0.05095097870999798,0.5999955725333712,17,25,4,5,0.0,0.0,0.0,0.6538461538461539,0.9615384615384616,0.15384615384615385,0.19230769230769232,gaming,FR,high
MERCH_000703,48,0,0,0,0,11458.210000000001,238.71270833333335,205.25,0.050808075504198795,0.5835231170328337,21,45,5,10,0.0,0.0,0.0,0.4375,0.9375,0.10416666666666667,0.20833333333333334,electronics,FR,medium
MERCH_000439,38,0,0,0,0,2741.46,72.14368421052632,52.69,0.05076736344357208,0.5580134257147916,22,37,11,11,0.0,0.0,0.0,0.5789473684210527,0.9736842105263158,0.2894736842105263,0.2894736842105263,digital_services,PT,medium
MERCH_000053,34,0,0,0,0,2691.88,79.17294117647059,62.925,0.05067490541271768,0.6343866403802813,9,26,9,14,0.0,0.0,0.0,0.2647058823529412,0.7647058823529411,0.2647058823529412,0.4117647058823529,gaming,ES,high
MERCH_000033,40,0,0,0,0,3594.38,89.8595,67.50999999999999,0.04928746639341759,0.662831749652979,20,38,6,8,0.0,0.0,0.0,0.5,0.95,0.15,0.2,marketplace,ES,medium
MERCH_000233,32,0,0,0,1,1572.26,49.133125,34.519999999999996,0.04917112792122337,0.830473685331569,20,31,3,6,0.0,0.0,0.0,0.625,0.96875,0.09375,0.1875,digital_services,FR,high
MERCH_000545,41,0,0,0,0,2992.83,72.99585365853659,50.93,0.04861863905573724,0.4930866132981872,15,34,6,7,0.0,0.0,0.0,0.36585365853658536,0.8292682926829268,0.14634146341463414,0.17073170731707318,digital_services,ES,low
MERCH_000982,40,0,0,0,0,2191.17,54.779250000000005,39.61,0.04850391955945264,0.5282725947341201,24,39,5,9,0.0,0.0,0.0,0.6,0.975,0.125,0.225,digital_services,PT,medium
MERCH_000658,34,0,0,0,0,1418.59,41.72323529411764,34.47,0.04829703169460449,0.6279135557991056,20,33,5,7,0.0,0.0,0.0,0.5882352941176471,0.9705882352941176,0.14705882352941177,0.20588235294117646,digital_services,FR,high
MERCH_000775,49,0,0,0,1,2963.67,60.483061224489795,42.28,0.047498389367894134,0.8911092353982368,34,49,8,11,0.0,0.0,0.0,0.6938775510204082,1.0,0.16326530612244897,0.22448979591836735,digital_services,DE,high
MERCH_000340,32,0,0,0,0,2330.13,72.8165625,54.96,0.047437115117289444,0.6804042234726124,15,32,7,8,0.0,0.0,0.0,0.46875,1.0,0.21875,0.25,gaming,IT,high
MERCH_000950,31,0,0,0,1,2162.13,69.74612903225807,60.36,0.046853727472762584,0.8352909966493468,19,30,5,6,0.0,0.0,0.0,0.6129032258064516,0.967741935483871,0.16129032258064516,0.1935483870967742,digital_services,IT,low
MERCH_000031,29,0,0,0,0,1165.33,40.183793103448274,34.16,0.046503560412564086,0.5559689765712703,19,28,7,12,0.0,0.0,0.0,0.6551724137931034,0.9655172413793104,0.2413793103448276,0.41379310344827586,gaming,FR,medium
MERCH_000114,20,0,0,0,1,1416.76,70.838,46.69,0.046377018215410126,0.7176126095597586,16,20,4,4,0.0,0.0,0.0,0.8,1.0,0.2,0.2,gaming,FR,medium
MERCH_000357,44,0,0,0,1,2612.67,59.37886363636364,42.545,0.04589270049063094,0.7181303622714603,21,42,9,6,0.0,0.0,0.0,0.4772727272727273,0.9545454545454546,0.20454545454545456,0.13636363636363635,digital_services,ES,medium
MERCH_001171,61,0,0,0,0,8567.58,140.452131147541,122.4,0.045800760706418246,0.5612870260180006,25,51,6,12,0.0,0.0,0.0,0.4098360655737705,0.8360655737704918,0.09836065573770492,0.19672131147540983,marketplace,ES,low
MERCH_001095,62,0,0,0,0,6242.72,100.68903225806451,73.19,0.04568015336889132,0.6770875429434721,16,53,10,14,0.0,0.0,0.0,0.25806451612903225,0.8548387096774194,0.16129032258064516,0.22580645161290322,marketplace,ES,low
MERCH_000041,32,0,0,0,0,2349.23,73.4134375,57.42,0.04542484962362937,0.2647118380321204,19,30,3,14,0.0,0.0,0.0,0.59375,0.9375,0.09375,0.4375,gaming,FR,low
MERCH_000739,60,2,0,0,2,4148.81,69.14683333333333,32.765,0.045362294016248826,0.8961014631239568,18,47,8,11,0.03333333333333333,0.0,0.0,0.3,0.7833333333333333,0.13333333333333333,0.18333333333333332,marketplace,ES,low
MERCH_000688,20,0,0,0,1,985.67,49.2835,34.515,0.045096894273477156,0.7243028660103578,13,20,8,2,0.0,0.0,0.0,0.65,1.0,0.4,0.1,gaming,PT,medium
MERCH_001063,42,0,0,0,1,3066.65,73.01547619047619,60.81,0.04470259090758447,0.779137007515307,26,38,6,6,0.0,0.0,0.0,0.6190476190476191,0.9047619047619048,0.14285714285714285,0.14285714285714285,marketplace,PT,low
MERCH_000685,47,1,1,1,0,2908.13,61.87510638297873,47.48,0.044483157474745766,0.978546175991266,27,45,9,12,0.02127659574468085,0.02127659574468085,0.02127659574468085,0.574468085106383,0.9574468085106383,0.19148936170212766,0.2553191489361702,digital_services,ES,high
MERCH_000659,40,0,1,1,0,4359.35,108.98375000000001,72.51,0.04430737655601195,0.9194523346928848,24,39,5,10,0.0,0.025,0.025,0.6,0.975,0.125,0.25,electronics,DE,low
MERCH_000027,46,0,0,0,0,2771.2200000000003,60.243913043478265,28.525,0.04417599638227783,0.4591612713649544,11,35,12,14,0.0,0.0,0.0,0.2391304347826087,0.7608695652173914,0.2608695652173913,0.30434782608695654,digital_services,ES,high
MERCH_000714,28,0,0,0,0,2714.43,96.94392857142857,93.155,0.04394656876772903,0.3198310693763825,16,26,7,8,0.0,0.0,0.0,0.5714285714285714,0.9285714285714286,0.25,0.2857142857142857,gaming,FR,medium
MERCH_000629,32,0,0,0,0,2128.78,66.524375,54.405,0.04387526571545473,0.6884906726169597,14,31,7,5,0.0,0.0,0.0,0.4375,0.96875,0.21875,0.15625,digital_services,PT,low
MERCH_000238,32,0,0,0,1,1922.01,60.0628125,54.865,0.04387438666793482,0.8331101215912292,15,28,8,4,0.0,0.0,0.0,0.46875,0.875,0.25,0.125,gaming,ES,high
MERCH_000781,43,0,0,0,0,9623.89,223.8113953488372,200.16,0.043138985291714324,0.3391888853509681,22,43,7,10,0.0,0.0,0.0,0.5116279069767442,1.0,0.16279069767441862,0.23255813953488372,electronics,FR,low
MERCH_000336,33,0,1,1,0,2484.85,75.29848484848485,64.78,0.04301603185974321,0.9069058637910498,17,32,2,5,0.0,0.030303030303030304,0.030303030303030304,0.5151515151515151,0.9696969696969697,0.06060606060606061,0.15151515151515152,marketplace,IT,high
MERCH_000100,54,1,0,0,1,3389.29,62.76462962962963,46.019999999999996,0.042928359681238176,0.7437269555641343,15,42,8,14,0.018518518518518517,0.0,0.0,0.2777777777777778,0.7777777777777778,0.14814814814814814,0.25925925925925924,digital_services,ES,medium
MERCH_000583,48,0,0,0,1,3127.88,65.16416666666667,54.980000000000004,0.0427821665047236,0.7173685185534888,15,41,10,8,0.0,0.0,0.0,0.3125,0.8541666666666666,0.20833333333333334,0.16666666666666666,digital_services,ES,medium
MERCH_001133,49,1,0,0,0,3488.39,71.19163265306122,57.57,0.04273435636080568,0.5516007970904534,29,49,7,17,0.02040816326530612,0.0,0.0,0.5918367346938775,1.0,0.14285714285714285,0.3469387755102041,electronics,IT,medium
MERCH_000726,29,0,0,0,0,3259.94,112.41172413793103,75.7,0.04260718550721987,0.3423719705932687,8,25,7,6,0.0,0.0,0.0,0.27586206896551724,0.8620689655172413,0.2413793103448276,0.20689655172413793,gaming,ES,medium
MERCH_000423,33,0,0,0,1,2761.13,83.67060606060606,76.61,0.04257705448991342,0.8157974637177757,16,27,7,6,0.0,0.0,0.0,0.48484848484848486,0.8181818181818182,0.21212121212121213,0.18181818181818182,digital_services,ES,high
MERCH_000580,64,0,0,0,0,4625.43,72.27234375,43.03,0.04193228310741178,0.5507306524029627,20,52,10,21,0.0,0.0,0.0,0.3125,0.8125,0.15625,0.328125,marketplace,ES,medium
MERCH_000228,43,0,0,0,0,2650.85,61.64767441860465,42.71,0.04179641115766925,0.4352000868390134,24,42,9,9,0.0,0.0,0.0,0.5581395348837209,0.9767441860465116,0.20930232558139536,0.20930232558139536,digital_services,FR,low
MERCH_000893,45,0,0,0,0,3274.13,72.75844444444445,58.84,0.04155137979904047,0.4389542343331868,14,36,7,6,0.0,0.0,0.0,0.3111111111111111,0.8,0.15555555555555556,0.13333333333333333,digital_services,ES,medium
MERCH_000192,42,1,0,0,1,2132.32,50.76952380952381,31.565,0.04120609387103118,0.7800617924457072,17,38,7,10,0.023809523809523808,0.0,0.0,0.40476190476190477,0.9047619047619048,0.16666666666666666,0.23809523809523808,digital_services,ES,medium
MERCH_000373,54,0,0,0,0,9016.56,166.97333333333333,140.14499999999998,0.041097457847783236,0.3590180711773688,23,44,5,9,0.0,0.0,0.0,0.42592592592592593,0.8148148148148148,0.09259259259259259,0.16666666666666666,marketplace,ES,medium
MERCH_000789,59,0,0,0,1,4799.03,81.33949152542372,54.64,0.04095983469563101,0.8750376341079197,22,49,4,13,0.0,0.0,0.0,0.3728813559322034,0.8305084745762712,0.06779661016949153,0.22033898305084745,marketplace,ES,medium
MERCH_000764,46,1,1,1,0,2987.65,64.94891304347826,38.685,0.04091334320147678,0.994900323584322,25,43,9,14,0.021739130434782608,0.021739130434782608,0.021739130434782608,0.5434782608695652,0.9347826086956522,0.1956521739130435,0.30434782608695654,digital_services,FR,low
MERCH_000014,22,0,0,0,0,1702.01,77.3640909090909,62.86,0.04069787133218277,0.5550031913060661,17,21,6,3,0.0,0.0,0.0,0.7727272727272727,0.9545454545454546,0.2727272727272727,0.13636363636363635,gaming,DE,medium
MERCH_000355,27,0,0,0,0,10431.35,386.3462962962963,334.61,0.04021829183956054,0.195023076343232,16,26,4,7,0.0,0.0,0.0,0.5925925925925926,0.9629629629629629,0.14814814814814814,0.25925925925925924,travel,DE,low
MERCH_000889,41,0,0,0,0,3081.8900000000003,75.16804878048781,64.06,0.03982866854505753,0.6215166299957928,13,34,7,12,0.0,0.0,0.0,0.3170731707317073,0.8292682926829268,0.17073170731707318,0.2926829268292683,digital_services,ES,high
MERCH_000554,49,0,0,0,0,3317.04,67.69469387755102,53.32,0.03960703129291419,0.3878896977684072,12,35,8,11,0.0,0.0,0.0,0.24489795918367346,0.7142857142857143,0.16326530612244897,0.22448979591836735,digital_services,ES,medium
MERCH_001200,49,1,1,1,0,3513.92,71.71265306122449,48.13,0.039213814105234036,0.9936096791321244,28,46,7,16,0.02040816326530612,0.02040816326530612,0.02040816326530612,0.5714285714285714,0.9387755102040817,0.14285714285714285,0.32653061224489793,digital_services,PT,low
MERCH_000383,48,0,0,0,0,2289.65,47.70104166666667,32.85,0.039051722867760076,0.5806688646878012,20,42,8,14,0.0,0.0,0.0,0.4166666666666667,0.875,0.16666666666666666,0.2916666666666667,digital_services,ES,medium
MERCH_000476,17,0,0,0,0,1514.89,89.11117647058825,60.36,0.03863979623316366,0.2198784380107627,14,17,0,4,0.0,0.0,0.0,0.8235294117647058,1.0,0.0,0.23529411764705882,gaming,DE,medium
MERCH_001034,33,0,0,0,0,3200.4900000000002,96.98454545454547,83.34,0.03843531010090904,0.5009196276990349,20,32,3,8,0.0,0.0,0.0,0.6060606060606061,0.9696969696969697,0.09090909090909091,0.24242424242424243,gaming,FR,high
MERCH_001030,45,1,1,1,0,2181.95,48.48777777777777,36.31,0.03801935858248169,0.9461767076526952,19,40,7,6,0.022222222222222223,0.022222222222222223,0.022222222222222223,0.4222222222222222,0.8888888888888888,0.15555555555555556,0.13333333333333333,digital_services,ES,high
MERCH_001153,45,1,1,1,0,1835.71,40.79355555555556,26.22,0.03774616186506742,0.901165200084776,12,34,7,13,0.022222222222222223,0.022222222222222223,0.022222222222222223,0.26666666666666666,0.7555555555555555,0.15555555555555556,0.28888888888888886,marketplace,ES,medium
MERCH_000704,27,0,0,0,1,1659.67,61.46925925925926,44.26,0.03751489504344942,0.8329575467011426,15,26,7,5,0.0,0.0,0.0,0.5555555555555556,0.9629629629629629,0.25925925925925924,0.18518518518518517,gaming,FR,high
MERCH_000645,28,0,0,0,0,8468.06,302.43071428571426,233.25,0.037147077706035536,0.1732711322528428,10,25,1,3,0.0,0.0,0.0,0.35714285714285715,0.8928571428571429,0.03571428571428571,0.10714285714285714,travel,ES,medium
MERCH_000465,24,0,0,0,0,1744.85,72.70208333333333,56.74,0.03711170852003943,0.3831508898099712,16,24,4,3,0.0,0.0,0.0,0.6666666666666666,1.0,0.16666666666666666,0.125,gaming,FR,low
MERCH_000960,44,1,1,1,0,2989.92,67.95272727272727,44.155,0.036559112956753556,0.997836108647706,15,35,3,12,0.022727272727272728,0.022727272727272728,0.022727272727272728,0.3409090909090909,0.7954545454545454,0.06818181818181818,0.2727272727272727,digital_services,ES,high
MERCH_000499,19,0,0,0,0,1243.33,65.43842105263157,37.99,0.03644437677858775,0.4249522360559513,12,16,3,6,0.0,0.0,0.0,0.631578947368421,0.8421052631578947,0.15789473684210525,0.3157894736842105,gaming,FR,high
MERCH_000797,30,0,0,0,0,1878.51,62.617,51.59,0.03640560406439761,0.3084381078528613,20,28,4,5,0.0,0.0,0.0,0.6666666666666666,0.9333333333333333,0.13333333333333333,0.16666666666666666,digital_services,FR,medium
MERCH_000457,47,0,0,0,0,3030.7,64.48297872340426,55.73,0.03607715617948724,0.590292147252277,30,46,7,13,0.0,0.0,0.0,0.6382978723404256,0.9787234042553191,0.14893617021276595,0.2765957446808511,digital_services,DE,low
MERCH_000524,34,0,0,0,0,1927.63,56.695,36.835,0.0358735001181818,0.6335519994303473,19,32,4,9,0.0,0.0,0.0,0.5588235294117647,0.9411764705882353,0.11764705882352941,0.2647058823529412,digital_services,IT,medium
MERCH_000578,32,0,0,0,0,1225.08,38.28375,26.89,0.0357183734975008,0.6417697197946226,24,32,7,8,0.0,0.0,0.0,0.75,1.0,0.21875,0.25,digital_services,PT,low
MERCH_000035,48,0,0,0,0,3646.72,75.97333333333333,54.010000000000005,0.03537213668013412,0.5996474659735115,20,40,8,17,0.0,0.0,0.0,0.4166666666666667,0.8333333333333334,0.16666666666666666,0.3541666666666667,digital_services,ES,medium
MERCH_000585,27,0,0,0,0,2320.79,85.95518518518519,68.58,0.03485282275606808,0.3799358145056571,21,27,6,10,0.0,0.0,0.0,0.7777777777777778,1.0,0.2222222222222222,0.37037037037037035,gaming,DE,low
MERCH_001022,45,0,0,0,0,2957.17,65.7148888888889,52.73,0.03437119764529003,0.4808205424195211,17,39,4,15,0.0,0.0,0.0,0.37777777777777777,0.8666666666666667,0.08888888888888889,0.3333333333333333,digital_services,ES,medium
MERCH_000378,36,0,0,0,1,2054.36,57.06555555555556,48.555,0.034273608148452046,0.8006668802565095,11,25,6,11,0.0,0.0,0.0,0.3055555555555556,0.6944444444444444,0.16666666666666666,0.3055555555555556,gaming,ES,high
MERCH_000188,32,0,0,0,0,2644.87,82.6521875,70.9,0.03420215034018803,0.1795841759614714,19,30,0,5,0.0,0.0,0.0,0.59375,0.9375,0.0,0.15625,digital_services,FR,medium
MERCH_000822,39,0,0,0,1,2375.87,60.91974358974359,41.93,0.03407524005577772,0.7087772223879941,22,39,8,9,0.0,0.0,0.0,0.5641025641025641,1.0,0.20512820512820512,0.23076923076923078,marketplace,DE,medium
MERCH_000799,23,0,0,0,0,2008.5,87.32608695652173,64.25,0.03387272989481661,0.2747493793337981,11,19,4,7,0.0,0.0,0.0,0.4782608695652174,0.8260869565217391,0.17391304347826086,0.30434782608695654,gaming,DE,medium
MERCH_000999,25,0,0,0,0,2062.02,82.4808,63.02,0.03386603637321055,0.3763472209176421,5,22,2,5,0.0,0.0,0.0,0.2,0.88,0.08,0.2,gaming,ES,high
MERCH_000896,33,0,0,0,0,1222.47,37.04454545454546,30.18,0.03380203685562622,0.6438267856025044,19,33,10,8,0.0,0.0,0.0,0.5757575757575758,1.0,0.30303030303030304,0.24242424242424243,gaming,FR,medium
MERCH_000113,42,1,0,0,1,2517.68,59.944761904761904,53.745000000000005,0.03317633046536108,0.7014468922891238,9,31,3,9,0.023809523809523808,0.0,0.0,0.21428571428571427,0.7380952380952381,0.07142857142857142,0.21428571428571427,digital_services,ES,medium
MERCH_000840,48,0,0,0,0,4009.84,83.53833333333334,65.455,0.032494460041651525,0.4953257848162766,21,37,7,5,0.0,0.0,0.0,0.4375,0.7708333333333334,0.14583333333333334,0.10416666666666667,marketplace,ES,low
MERCH_001065,45,0,0,0,0,1952.8500000000001,43.39666666666667,38.03,0.03246339819845324,0.3501554214038274,14,33,8,14,0.0,0.0,0.0,0.3111111111111111,0.7333333333333333,0.17777777777777778,0.3111111111111111,digital_services,ES,high
MERCH_000700,29,1,0,0,0,1785.85,61.58103448275862,46.79,0.032259028273810136,0.2918238720975487,18,28,6,5,0.034482758620689655,0.0,0.0,0.6206896551724138,0.9655172413793104,0.20689655172413793,0.1724137931034483,digital_services,DE,high
MERCH_000837,37,0,0,0,0,2110.91,57.05162162162162,43.07,0.03225472873375252,0.4364107050676134,22,35,10,8,0.0,0.0,0.0,0.5945945945945946,0.9459459459459459,0.2702702702702703,0.21621621621621623,digital_services,PT,low
MERCH_000687,47,0,0,0,0,3073.83,65.40063829787233,47.04,0.03136196732856089,0.3662072435811439,12,40,11,8,0.0,0.0,0.0,0.2553191489361702,0.851063829787234,0.23404255319148937,0.1702127659574468,digital_services,ES,medium
MERCH_000806,26,0,0,0,0,1510.66,58.1023076923077,50.485,0.031214796026138768,0.5581086896375712,12,25,7,6,0.0,0.0,0.0,0.46153846153846156,0.9615384615384616,0.2692307692307692,0.23076923076923078,gaming,IT,high
MERCH_000470,12,0,0,0,0,567.2,47.26666666666667,35.46,0.031192742271460443,0.1456762124327171,7,11,1,3,0.0,0.0,0.0,0.5833333333333334,0.9166666666666666,0.08333333333333333,0.25,gaming,FR,high
MERCH_000039,55,0,0,0,1,3637.28,66.13236363636364,42.2,0.031145576493569326,0.816053622182947,23,39,7,11,0.0,0.0,0.0,0.41818181818181815,0.7090909090909091,0.12727272727272726,0.2,marketplace,ES,low
MERCH_000956,30,0,0,0,0,1798.33,59.94433333333333,54.57,0.03099971076241287,0.6597728319835721,19,29,5,7,0.0,0.0,0.0,0.6333333333333333,0.9666666666666667,0.16666666666666666,0.23333333333333334,gaming,PT,high
MERCH_001170,53,1,0,0,1,2739.37,51.68622641509434,29.92,0.030907670959524642,0.8636407191015139,25,45,5,11,0.018867924528301886,0.0,0.0,0.4716981132075472,0.8490566037735849,0.09433962264150944,0.20754716981132076,marketplace,ES,low
MERCH_001013,40,0,0,0,0,3210.97,80.27425,65.91499999999999,0.030902744537789545,0.5127810614336598,13,29,3,9,0.0,0.0,0.0,0.325,0.725,0.075,0.225,gaming,ES,medium
MERCH_000493,35,0,0,0,0,2855.4700000000003,81.58485714285715,59.22,0.030533790592256027,0.3284700532651471,10,31,6,6,0.0,0.0,0.0,0.2857142857142857,0.8857142857142857,0.17142857142857143,0.17142857142857143,gaming,ES,medium
MERCH_001024,19,0,0,0,0,1047.7,55.142105263157895,35.28,0.03021234566029125,0.3539269296145034,11,17,6,3,0.0,0.0,0.0,0.5789473684210527,0.8947368421052632,0.3157894736842105,0.15789473684210525,gaming,DE,high
MERCH_000621,40,0,0,0,0,1908.36,47.708999999999996,22.995,0.0300543464447544,0.5023320529461376,18,36,6,12,0.0,0.0,0.0,0.45,0.9,0.15,0.3,digital_services,ES,low
MERCH_000052,36,0,0,0,0,3891.06,108.085,82.03,0.028611584563524986,0.1963086933259555,21,36,3,10,0.0,0.0,0.0,0.5833333333333334,1.0,0.08333333333333333,0.2777777777777778,marketplace,IT,low
MERCH_001027,38,0,0,0,0,2676.5499999999997,70.43552631578946,46.480000000000004,0.028362832693243176,0.4925728012564307,17,33,8,10,0.0,0.0,0.0,0.4473684210526316,0.868421052631579,0.21052631578947367,0.2631578947368421,gaming,ES,medium
MERCH_000342,24,0,0,0,0,1238.64,51.61000000000001,33.32,0.028102343503795747,0.3477896244886638,17,23,5,9,0.0,0.0,0.0,0.7083333333333334,0.9583333333333334,0.20833333333333334,0.375,gaming,FR,medium
MERCH_000812,15,0,0,0,0,1158.2,77.21333333333334,62.16,0.0279751607240832,0.1645253092840561,5,14,5,4,0.0,0.0,0.0,0.3333333333333333,0.9333333333333333,0.3333333333333333,0.26666666666666666,gaming,IT,high
MERCH_000662,20,0,0,0,0,746.46,37.323,25.225,0.02779553227710415,0.1659576938738187,10,20,7,4,0.0,0.0,0.0,0.5,1.0,0.35,0.2,gaming,PT,high
MERCH_000544,38,0,0,0,0,2882.59,75.85763157894738,60.275000000000006,0.02729088149197357,0.5660974072274916,30,36,3,10,0.0,0.0,0.0,0.7894736842105263,0.9473684210526315,0.07894736842105263,0.2631578947368421,digital_services,FR,low
MERCH_001199,29,0,0,0,0,2180.93,75.20448275862068,63.39,0.0267396615363334,0.3767082632505704,11,23,2,8,0.0,0.0,0.0,0.3793103448275862,0.7931034482758621,0.06896551724137931,0.27586206896551724,gaming,ES,medium
MERCH_000139,51,1,0,0,0,3128.31,61.33941176470588,33.9,0.026555969227745415,0.6153354010760933,14,42,8,8,0.0196078431372549,0.0,0.0,0.27450980392156865,0.8235294117647058,0.1568627450980392,0.1568627450980392,digital_services,ES,medium
MERCH_000011,14,0,0,0,0,1196.27,85.44785714285715,65.25,0.02630067950718931,0.2953508790891104,9,13,1,1,0.0,0.0,0.0,0.6428571428571429,0.9285714285714286,0.07142857142857142,0.07142857142857142,gaming,DE,medium
MERCH_000092,28,0,0,0,0,2148.7,76.73928571428571,55.565,0.025987257102430168,0.3045051128917702,10,23,3,9,0.0,0.0,0.0,0.35714285714285715,0.8214285714285714,0.10714285714285714,0.32142857142857145,gaming,ES,medium
MERCH_000181,39,0,0,0,0,1787.12,45.82358974358974,38.77,0.025883998675001747,0.2740624887789878,13,32,8,6,0.0,0.0,0.0,0.3333333333333333,0.8205128205128205,0.20512820512820512,0.15384615384615385,digital_services,ES,medium
MERCH_001049,22,0,0,0,0,901.14,40.96090909090909,31.549999999999997,0.025594843211362208,0.4911904744501935,13,22,4,4,0.0,0.0,0.0,0.5909090909090909,1.0,0.18181818181818182,0.18181818181818182,gaming,DE,high
MERCH_000935,28,0,0,0,0,1926.3,68.79642857142856,60.725,0.025585729164918056,0.3036465214355517,12,25,2,7,0.0,0.0,0.0,0.42857142857142855,0.8928571428571429,0.07142857142857142,0.25,gaming,ES,low
MERCH_000176,23,0,0,0,0,2231.72,97.03130434782608,56.39,0.024682496327960244,0.2656732036516736,16,22,3,8,0.0,0.0,0.0,0.6956521739130435,0.9565217391304348,0.13043478260869565,0.34782608695652173,gaming,FR,high
MERCH_000854,29,0,0,0,0,1890.44,65.18758620689655,53.54,0.02395950080859848,0.3277964207417454,10,22,7,7,0.0,0.0,0.0,0.3448275862068966,0.7586206896551724,0.2413793103448276,0.2413793103448276,gaming,ES,low
MERCH_000295,61,0,0,0,0,3849.41,63.10508196721311,45.35,0.023664515386528404,0.4805187308250027,25,50,9,18,0.0,0.0,0.0,0.4098360655737705,0.819672131147541,0.14754098360655737,0.29508196721311475,digital_services,ES,medium
MERCH_000823,20,0,0,0,0,1728.56,86.428,55.239999999999995,0.023409449505630495,0.2823628033659939,12,20,5,2,0.0,0.0,0.0,0.6,1.0,0.25,0.1,gaming,DE,high
MERCH_001164,34,0,0,0,0,3312.43,97.42441176470588,68.28999999999999,0.023379563046209886,0.1127906313584023,22,34,2,5,0.0,0.0,0.0,0.6470588235294118,1.0,0.058823529411764705,0.14705882352941177,marketplace,PT,medium
MERCH_000638,24,0,0,0,0,2068.4,86.18333333333334,53.519999999999996,0.023359725920342495,0.2340754652840184,9,20,5,8,0.0,0.0,0.0,0.375,0.8333333333333334,0.20833333333333334,0.3333333333333333,gaming,ES,medium
MERCH_000535,26,0,0,0,0,1798.09,69.15730769230768,47.03,0.023078360146004513,0.4566418363913677,13,21,4,7,0.0,0.0,0.0,0.5,0.8076923076923077,0.15384615384615385,0.2692307692307692,gaming,ES,high
MERCH_001087,35,0,0,0,0,1773.48,50.670857142857145,31.9,0.022935800445919686,0.2990871206091143,17,34,7,7,0.0,0.0,0.0,0.4857142857142857,0.9714285714285714,0.2,0.2,gaming,DE,low
MERCH_000538,33,0,0,0,0,4628.94,140.27090909090907,101.57,0.0228641860612138,0.1388432239696961,21,30,3,2,0.0,0.0,0.0,0.6363636363636364,0.9090909090909091,0.09090909090909091,0.06060606060606061,marketplace,DE,medium
MERCH_000541,35,0,0,0,0,2044.55,58.41571428571429,43.81,0.022803940089506494,0.2218614809619853,22,34,9,10,0.0,0.0,0.0,0.6285714285714286,0.9714285714285714,0.2571428571428571,0.2857142857142857,gaming,PT,low
MERCH_001130,34,0,0,0,0,1580.99,46.49970588235294,32.845,0.022605466502675448,0.3182183011535305,12,29,7,6,0.0,0.0,0.0,0.35294117647058826,0.8529411764705882,0.20588235294117646,0.17647058823529413,digital_services,ES,medium
MERCH_000646,43,0,0,0,0,2332.44,54.24279069767442,39.61,0.02163225439208192,0.2131757415369704,19,37,5,9,0.0,0.0,0.0,0.4418604651162791,0.8604651162790697,0.11627906976744186,0.20930232558139536,digital_services,ES,high
MERCH_000272,47,0,0,0,0,3203.94,68.16893617021277,44.92,0.021608441391547915,0.1703124408730464,16,40,7,14,0.0,0.0,0.0,0.3404255319148936,0.851063829787234,0.14893617021276595,0.2978723404255319,digital_services,ES,medium
MERCH_000376,39,0,0,0,1,3128.45,80.21666666666667,76.16,0.021580453502885597,0.7433880062412236,11,31,2,9,0.0,0.0,0.0,0.28205128205128205,0.7948717948717948,0.05128205128205128,0.23076923076923078,gaming,ES,low
MERCH_001137,28,0,0,0,0,1109.41,39.621785714285714,28.685,0.021193933248171388,0.3335658268963112,21,28,7,8,0.0,0.0,0.0,0.75,1.0,0.25,0.2857142857142857,gaming,IT,medium
MERCH_000302,25,0,0,0,0,1691.9,67.676,51.32,0.021118592586360948,0.3023063058748234,12,24,3,7,0.0,0.0,0.0,0.48,0.96,0.12,0.28,digital_services,IT,low
MERCH_000382,23,0,0,0,0,1468.89,63.864782608695656,49.72,0.02106097121858688,0.2117116586978611,14,22,4,5,0.0,0.0,0.0,0.6086956521739131,0.9565217391304348,0.17391304347826086,0.21739130434782608,gaming,IT,high
MERCH_000418,31,0,0,0,0,1840.8999999999999,59.383870967741935,50.76,0.02105575282766409,0.1265831036953595,21,29,8,8,0.0,0.0,0.0,0.6774193548387096,0.9354838709677419,0.25806451612903225,0.25806451612903225,gaming,PT,high
MERCH_000997,35,0,0,0,0,2249.15,64.26142857142857,47.89,0.020290142406771246,0.1723099031857067,23,33,5,5,0.0,0.0,0.0,0.6571428571428571,0.9428571428571428,0.14285714285714285,0.14285714285714285,digital_services,FR,high
MERCH_001109,29,0,0,0,0,1975.3,68.11379310344827,57.99,0.019807780322465062,0.3130102181982248,24,29,7,5,0.0,0.0,0.0,0.8275862068965517,1.0,0.2413793103448276,0.1724137931034483,gaming,PT,medium
MERCH_000318,51,0,0,0,0,2730.49,53.53901960784313,42.17,0.019784825469530372,0.4385449328510887,19,44,7,15,0.0,0.0,0.0,0.37254901960784315,0.8627450980392157,0.13725490196078433,0.29411764705882354,digital_services,ES,medium
MERCH_000829,22,0,0,0,0,1570.0,71.36363636363636,60.65,0.01955446354870458,0.2010698982145468,7,15,6,5,0.0,0.0,0.0,0.3181818181818182,0.6818181818181818,0.2727272727272727,0.22727272727272727,gaming,ES,high
MERCH_000929,29,0,0,0,0,1619.97,55.86103448275862,33.7,0.019464421390340193,0.3832160602005522,16,27,7,4,0.0,0.0,0.0,0.5517241379310345,0.9310344827586207,0.2413793103448276,0.13793103448275862,gaming,ES,medium
MERCH_000248,42,0,0,0,0,2024.15,48.19404761904762,25.265,0.01943078930083986,0.3540747280510112,23,40,5,11,0.0,0.0,0.0,0.5476190476190477,0.9523809523809523,0.11904761904761904,0.2619047619047619,digital_services,FR,high
MERCH_000597,26,0,0,0,0,1575.59,60.59961538461538,47.475,0.01923312736034669,0.2715084546234136,16,26,4,7,0.0,0.0,0.0,0.6153846153846154,1.0,0.15384615384615385,0.2692307692307692,gaming,PT,high
MERCH_000649,26,0,0,0,0,2484.4700000000003,95.55653846153847,79.065,0.018989498373167907,0.1705617938825546,17,25,5,5,0.0,0.0,0.0,0.6538461538461539,0.9615384615384616,0.19230769230769232,0.19230769230769232,gaming,FR,medium
MERCH_000735,32,0,0,0,0,999.33,31.2290625,20.88,0.018945850619183587,0.339703986421234,7,26,5,9,0.0,0.0,0.0,0.21875,0.8125,0.15625,0.28125,gaming,ES,low
MERCH_000468,39,0,0,0,0,2295.76,58.86564102564103,44.62,0.018768873587630915,0.1857234503510093,15,28,4,5,0.0,0.0,0.0,0.38461538461538464,0.717948717948718,0.10256410256410256,0.1282051282051282,digital_services,ES,low
MERCH_000395,24,0,0,0,0,1738.09,72.42041666666667,52.39,0.01875536654216553,0.1730496208470958,18,24,1,5,0.0,0.0,0.0,0.75,1.0,0.041666666666666664,0.20833333333333334,gaming,DE,medium
MERCH_000360,24,0,0,0,0,1168.7,48.69583333333333,39.44499999999999,0.018565782779266893,0.3763283493913707,15,23,4,4,0.0,0.0,0.0,0.625,0.9583333333333334,0.16666666666666666,0.16666666666666666,gaming,IT,medium
MERCH_001184,41,0,0,0,0,2127.96,51.90146341463415,45.71,0.018538972516889105,0.372488833769722,13,29,8,9,0.0,0.0,0.0,0.3170731707317073,0.7073170731707317,0.1951219512195122,0.21951219512195122,gaming,ES,medium
MERCH_000873,20,0,0,0,0,1032.08,51.604,34.555,0.018475800519199077,0.1898625224636161,10,18,3,5,0.0,0.0,0.0,0.5,0.9,0.15,0.25,gaming,ES,high
MERCH_000753,25,0,0,0,0,2364.33,94.5732,76.71,0.018459471406593393,0.3003573414945509,11,23,2,5,0.0,0.0,0.0,0.44,0.92,0.08,0.2,gaming,ES,medium
MERCH_001068,26,0,0,0,0,1859.93,71.53576923076923,58.510000000000005,0.01817400038395156,0.1728398111761356,17,26,4,4,0.0,0.0,0.0,0.6538461538461539,1.0,0.15384615384615385,0.15384615384615385,gaming,FR,low
MERCH_000603,18,0,0,0,0,1264.3799999999999,70.24333333333333,49.235,0.01795692973251671,0.1579398003020095,11,17,0,3,0.0,0.0,0.0,0.6111111111111112,0.9444444444444444,0.0,0.16666666666666666,gaming,DE,high
MERCH_000772,37,0,0,0,0,1286.49,34.77,25.07,0.01762686648353956,0.2271980483137904,14,30,4,8,0.0,0.0,0.0,0.3783783783783784,0.8108108108108109,0.10810810810810811,0.21621621621621623,gaming,ES,high
MERCH_000510,26,0,0,0,0,1781.1200000000001,68.50461538461539,47.485,0.017086200638054314,0.1103000862890224,16,26,1,7,0.0,0.0,0.0,0.6153846153846154,1.0,0.038461538461538464,0.2692307692307692,gaming,FR,high
MERCH_000974,19,0,0,0,0,1295.7,68.19473684210527,59.78,0.01692047617192916,0.1553050267678614,9,18,2,3,0.0,0.0,0.0,0.47368421052631576,0.9473684210526315,0.10526315789473684,0.15789473684210525,gaming,PT,high
MERCH_001110,36,0,0,0,0,1590.5,44.18055555555556,39.489999999999995,0.016531112138939565,0.2322827956031199,14,28,3,5,0.0,0.0,0.0,0.3888888888888889,0.7777777777777778,0.08333333333333333,0.1388888888888889,gaming,ES,high
MERCH_000443,38,0,0,0,0,2923.82,76.94263157894737,53.644999999999996,0.016506252819629634,0.2462306981748102,25,38,9,9,0.0,0.0,0.0,0.6578947368421053,1.0,0.23684210526315788,0.23684210526315788,digital_services,DE,low
MERCH_001120,36,0,0,0,0,1149.75,31.9375,16.634999999999998,0.016183127237760928,0.3309817282728645,16,29,5,8,0.0,0.0,0.0,0.4444444444444444,0.8055555555555556,0.1388888888888889,0.2222222222222222,gaming,ES,low
MERCH_001057,27,0,0,0,0,2306.78,85.4362962962963,66.26,0.015752669671910666,0.1506714583214125,11,22,2,9,0.0,0.0,0.0,0.4074074074074074,0.8148148148148148,0.07407407407407407,0.3333333333333333,gaming,ES,high
MERCH_000626,49,0,0,0,0,2284.27,46.61775510204082,29.87,0.015621181835127892,0.2785670923919562,20,41,6,11,0.0,0.0,0.0,0.40816326530612246,0.8367346938775511,0.12244897959183673,0.22448979591836735,digital_services,ES,medium
MERCH_001085,31,0,0,0,0,1341.79,43.28354838709677,36.24,0.01516085972570118,0.1697873807689739,8,24,6,5,0.0,0.0,0.0,0.25806451612903225,0.7741935483870968,0.1935483870967742,0.16129032258064516,gaming,ES,medium
MERCH_001143,39,0,0,0,0,1766.71,45.30025641025641,32.5,0.01515912232871246,0.2264855105685433,22,38,6,13,0.0,0.0,0.0,0.5641025641025641,0.9743589743589743,0.15384615384615385,0.3333333333333333,digital_services,FR,medium
MERCH_000333,44,0,0,0,0,1933.02,43.932272727272725,35.875,0.014588914484594985,0.3099252116241738,14,34,11,10,0.0,0.0,0.0,0.3181818181818182,0.7727272727272727,0.25,0.22727272727272727,gaming,ES,medium
MERCH_000060,28,0,0,0,0,1952.24,69.72285714285714,54.635,0.014567631517920168,0.3162557163491091,11,22,4,6,0.0,0.0,0.0,0.39285714285714285,0.7857142857142857,0.14285714285714285,0.21428571428571427,gaming,ES,medium
MERCH_000841,47,0,0,0,0,3672.75,78.1436170212766,40.17,0.0143401507555162,0.1260394820785418,19,39,4,11,0.0,0.0,0.0,0.40425531914893614,0.8297872340425532,0.0851063829787234,0.23404255319148937,electronics,ES,medium
MERCH_000412,18,0,0,0,0,777.85,43.21388888888889,30.95,0.014321076092442379,0.104652955041924,9,18,5,5,0.0,0.0,0.0,0.5,1.0,0.2777777777777778,0.2777777777777778,gaming,FR,medium
MERCH_000419,23,0,0,0,0,1103.82,47.99217391304347,36.53,0.014314836480533118,0.0700916702992744,18,23,3,7,0.0,0.0,0.0,0.782608695652174,1.0,0.13043478260869565,0.30434782608695654,gaming,FR,high
MERCH_001032,41,0,0,0,0,2101.4,51.25365853658537,47.79,0.014295358337745818,0.1546859600672452,13,34,6,8,0.0,0.0,0.0,0.3170731707317073,0.8292682926829268,0.14634146341463414,0.1951219512195122,digital_services,ES,high
MERCH_001074,37,0,0,0,0,2092.07,56.542432432432435,49.91,0.014169807361996294,0.191261029183944,12,31,10,10,0.0,0.0,0.0,0.32432432432432434,0.8378378378378378,0.2702702702702703,0.2702702702702703,gaming,ES,medium
MERCH_000818,28,0,0,0,0,2234.19,79.7925,57.015,0.014007479367138044,0.1317335807438269,14,28,9,4,0.0,0.0,0.0,0.5,1.0,0.32142857142857145,0.14285714285714285,gaming,DE,medium
MERCH_000631,19,0,0,0,0,1318.15,69.3763157894737,53.21,0.01345375313394559,0.124624909891722,15,18,1,7,0.0,0.0,0.0,0.7894736842105263,0.9473684210526315,0.05263157894736842,0.3684210526315789,gaming,DE,high
MERCH_001001,20,0,0,0,0,2128.88,106.444,61.655,0.01335885199852882,0.1571162790887577,14,18,2,8,0.0,0.0,0.0,0.7,0.9,0.1,0.4,gaming,IT,medium
MERCH_000592,34,0,0,0,0,1603.5,47.161764705882355,41.685,0.013189118403027653,0.1462328197587216,11,29,6,5,0.0,0.0,0.0,0.3235294117647059,0.8529411764705882,0.17647058823529413,0.14705882352941177,gaming,ES,medium
MERCH_000445,32,0,0,0,0,1412.69,44.1465625,33.61,0.013158375735570388,0.1853475675189197,21,31,4,10,0.0,0.0,0.0,0.65625,0.96875,0.125,0.3125,digital_services,FR,medium
MERCH_000637,30,0,0,0,0,2101.43,70.04766666666666,64.045,0.013131649471345272,0.1161963612851856,11,25,3,6,0.0,0.0,0.0,0.36666666666666664,0.8333333333333334,0.1,0.2,gaming,ES,high
MERCH_000897,23,0,0,0,0,1014.55,44.11086956521739,34.12,0.012856890305239387,0.0903247443531557,13,22,8,8,0.0,0.0,0.0,0.5652173913043478,0.9565217391304348,0.34782608695652173,0.34782608695652173,gaming,PT,medium
MERCH_001002,38,0,0,0,0,1752.95,46.13026315789474,33.96,0.012753292013241203,0.3168751266712572,13,33,7,14,0.0,0.0,0.0,0.34210526315789475,0.868421052631579,0.18421052631578946,0.3684210526315789,gaming,ES,low
MERCH_000385,49,0,0,0,0,3747.3,76.47551020408163,57.23,0.01268167993471773,0.1016036335790396,16,37,4,14,0.0,0.0,0.0,0.32653061224489793,0.7551020408163265,0.08163265306122448,0.2857142857142857,digital_services,ES,medium
MERCH_000661,34,0,0,0,0,1643.6399999999999,48.342352941176465,43.715,0.012629002177498468,0.1901115505562695,19,34,7,7,0.0,0.0,0.0,0.5588235294117647,1.0,0.20588235294117646,0.20588235294117646,digital_services,DE,high
MERCH_000315,25,0,0,0,0,1548.23,61.9292,40.9,0.012606139499371529,0.1408597803599526,16,24,0,3,0.0,0.0,0.0,0.64,0.96,0.0,0.12,gaming,FR,high
MERCH_000200,23,0,0,0,0,1022.63,44.46217391304348,23.49,0.012524200284111539,0.1504242571995706,11,21,5,4,0.0,0.0,0.0,0.4782608695652174,0.9130434782608695,0.21739130434782608,0.17391304347826086,gaming,FR,high
MERCH_001188,28,0,0,0,0,1801.6,64.34285714285714,38.705,0.01238900807068881,0.1816453493512498,5,23,5,10,0.0,0.0,0.0,0.17857142857142858,0.8214285714285714,0.17857142857142858,0.35714285714285715,gaming,ES,low
MERCH_000403,32,0,0,0,0,1445.62,45.175625,32.955,0.012341445701487734,0.1957233946239603,12,26,7,6,0.0,0.0,0.0,0.375,0.8125,0.21875,0.1875,gaming,ES,high
MERCH_000458,22,0,0,0,0,1120.2,50.91818181818182,30.305,0.011742462947683429,0.1058110907135557,9,18,3,4,0.0,0.0,0.0,0.4090909090909091,0.8181818181818182,0.13636363636363635,0.18181818181818182,gaming,ES,high
MERCH_000526,29,0,0,0,0,1775.3899999999999,61.2203448275862,51.09,0.011529306875651658,0.0994664307875438,9,22,3,7,0.0,0.0,0.0,0.3103448275862069,0.7586206896551724,0.10344827586206896,0.2413793103448276,gaming,ES,high
MERCH_001129,22,0,0,0,0,1689.23,76.78318181818182,50.805,0.011461805861636186,0.0793926545901161,19,21,2,3,0.0,0.0,0.0,0.8636363636363636,0.9545454545454546,0.09090909090909091,0.13636363636363635,gaming,DE,high
MERCH_000776,35,0,0,0,0,2403.96,68.68457142857143,60.02,0.011336619391375957,0.1939404532674578,18,33,2,7,0.0,0.0,0.0,0.5142857142857142,0.9428571428571428,0.05714285714285714,0.2,gaming,IT,low
MERCH_000191,28,0,0,0,0,2197.69,78.48892857142857,68.575,0.011219543140700264,0.071382511335573,13,26,4,7,0.0,0.0,0.0,0.4642857142857143,0.9285714285714286,0.14285714285714285,0.25,gaming,FR,medium
MERCH_000751,39,0,0,0,0,1600.45,41.037179487179486,27.21,0.011000455337444589,0.1683041134064705,9,31,6,11,0.0,0.0,0.0,0.23076923076923078,0.7948717948717948,0.15384615384615385,0.28205128205128205,gaming,ES,low
MERCH_000111,38,0,0,0,0,1638.07,43.10710526315789,32.325,0.01095794098249077,0.1113034619426595,13,30,2,9,0.0,0.0,0.0,0.34210526315789475,0.7894736842105263,0.05263157894736842,0.23684210526315788,digital_services,ES,medium
MERCH_000684,12,0,0,0,0,924.59,77.04916666666666,72.55,0.010898967482362984,0.0463632471868713,7,12,1,2,0.0,0.0,0.0,0.5833333333333334,1.0,0.08333333333333333,0.16666666666666666,gaming,DE,high
MERCH_001176,34,0,0,0,0,1201.3500000000001,35.33382352941177,34.295,0.010462736953722277,0.1274648560175056,13,31,4,8,0.0,0.0,0.0,0.38235294117647056,0.9117647058823529,0.11764705882352941,0.23529411764705882,gaming,ES,medium
MERCH_001136,27,0,0,0,0,1497.72,55.471111111111114,23.0,0.00997289419728197,0.1108056772127739,16,26,2,3,0.0,0.0,0.0,0.5925925925925926,0.9629629629629629,0.07407407407407407,0.1111111111111111,gaming,PT,high
MERCH_000472,28,0,0,0,0,1963.21,70.11464285714285,59.9,0.009202372538530611,0.0599464335239985,16,27,7,5,0.0,0.0,0.0,0.5714285714285714,0.9642857142857143,0.25,0.17857142857142858,gaming,PT,medium
MERCH_000636,19,0,0,0,0,727.28,38.27789473684211,33.09,0.009195795434775857,0.0721993316283875,11,19,3,4,0.0,0.0,0.0,0.5789473684210527,1.0,0.15789473684210525,0.21052631578947367,gaming,PT,high
MERCH_000239,25,0,0,0,0,1726.96,69.0784,56.18,0.008657495210234007,0.0725417296285802,13,23,6,6,0.0,0.0,0.0,0.52,0.92,0.24,0.24,gaming,IT,medium
MERCH_000455,22,0,0,0,0,550.54,25.024545454545454,14.775,0.008657478692576106,0.0660048794562939,8,21,3,6,0.0,0.0,0.0,0.36363636363636365,0.9545454545454546,0.13636363636363635,0.2727272727272727,gaming,FR,medium
MERCH_000516,25,0,0,0,0,1225.93,49.037200000000006,34.25,0.008557831300209656,0.0457113215521712,15,25,3,4,0.0,0.0,0.0,0.6,1.0,0.12,0.16,gaming,PT,high
MERCH_000362,27,0,0,0,0,1430.59,52.98481481481481,43.9,0.008521148517012557,0.1204008231865722,20,23,2,7,0.0,0.0,0.0,0.7407407407407407,0.8518518518518519,0.07407407407407407,0.25925925925925924,gaming,PT,high
MERCH_000281,31,0,0,0,0,1318.76,42.54064516129032,26.6,0.00839901691687837,0.1610190135442122,19,30,4,6,0.0,0.0,0.0,0.6129032258064516,0.967741935483871,0.12903225806451613,0.1935483870967742,gaming,IT,medium
MERCH_000754,29,0,0,0,0,1434.47,49.46448275862069,35.45,0.008319856781295789,0.1323582637101397,14,25,6,5,0.0,0.0,0.0,0.4827586206896552,0.8620689655172413,0.20689655172413793,0.1724137931034483,gaming,ES,low
MERCH_000746,23,0,0,0,0,1086.27,47.22913043478261,38.37,0.008137084527989053,0.0584360245960763,10,20,2,6,0.0,0.0,0.0,0.43478260869565216,0.8695652173913043,0.08695652173913043,0.2608695652173913,gaming,IT,high
MERCH_000379,28,0,0,0,0,1796.43,64.1582142857143,53.505,0.007795280023146349,0.1036793075345852,20,26,4,5,0.0,0.0,0.0,0.7142857142857143,0.9285714285714286,0.14285714285714285,0.17857142857142858,gaming,IT,low
MERCH_001021,38,0,0,0,0,1986.25,52.26973684210526,35.7,0.007735147322908544,0.0859597487444424,11,32,7,7,0.0,0.0,0.0,0.2894736842105263,0.8421052631578947,0.18421052631578946,0.18421052631578946,gaming,ES,medium
MERCH_001134,39,0,0,0,0,1799.68,46.14564102564103,31.76,0.007623904070994667,0.1159499141156236,16,33,5,9,0.0,0.0,0.0,0.41025641025641024,0.8461538461538461,0.1282051282051282,0.23076923076923078,gaming,ES,medium
MERCH_000702,24,0,0,0,0,1808.75,75.36458333333333,57.019999999999996,0.007476697121511429,0.0630704240284515,17,24,3,8,0.0,0.0,0.0,0.7083333333333334,1.0,0.125,0.3333333333333333,gaming,FR,low
MERCH_000546,25,0,0,0,0,1176.45,47.058,26.89,0.007474322838029492,0.0395518156512863,18,25,4,6,0.0,0.0,0.0,0.72,1.0,0.16,0.24,gaming,FR,low
MERCH_000766,19,0,0,0,0,686.59,36.136315789473684,32.25,0.0074423056120304365,0.0422284814729616,12,18,2,4,0.0,0.0,0.0,0.631578947368421,0.9473684210526315,0.10526315789473684,0.21052631578947367,gaming,PT,high
MERCH_000551,23,0,0,0,0,1012.63,44.02739130434782,39.86,0.007288885322830264,0.0539470288522981,12,22,2,6,0.0,0.0,0.0,0.5217391304347826,0.9565217391304348,0.08695652173913043,0.2608695652173913,gaming,IT,high
MERCH_001123,38,0,0,0,0,1536.71,40.43973684210526,28.445,0.00709622640107942,0.0472499425061883,15,33,6,6,0.0,0.0,0.0,0.39473684210526316,0.868421052631579,0.15789473684210525,0.15789473684210525,digital_services,ES,medium
MERCH_000856,28,0,0,0,0,1993.86,71.20928571428571,43.25,0.0069900563460405145,0.0540181164727658,17,25,3,5,0.0,0.0,0.0,0.6071428571428571,0.8928571428571429,0.10714285714285714,0.17857142857142858,gaming,DE,high
MERCH_000464,23,0,0,0,0,906.9300000000001,39.431739130434785,30.69,0.006985875799794874,0.0539385610282843,13,22,3,6,0.0,0.0,0.0,0.5652173913043478,0.9565217391304348,0.13043478260869565,0.2608695652173913,gaming,IT,medium
MERCH_000748,29,0,0,0,0,2002.98,69.06827586206897,56.14,0.006782488005139583,0.0400492706135426,8,25,6,5,0.0,0.0,0.0,0.27586206896551724,0.8620689655172413,0.20689655172413793,0.1724137931034483,gaming,ES,medium
MERCH_000073,37,0,0,0,0,1598.33,43.19810810810811,29.94,0.0067321842663960515,0.0639003714759205,15,33,6,8,0.0,0.0,0.0,0.40540540540540543,0.8918918918918919,0.16216216216216217,0.21621621621621623,gaming,ES,low
MERCH_000641,17,0,0,0,0,325.77,19.162941176470586,14.91,0.006394245482615812,0.0398785656546793,9,17,2,3,0.0,0.0,0.0,0.5294117647058824,1.0,0.11764705882352941,0.17647058823529413,gaming,DE,high
MERCH_000126,28,0,0,0,0,586.45,20.94464285714286,18.305,0.006184803379016321,0.0646992944794797,17,28,3,5,0.0,0.0,0.0,0.6071428571428571,1.0,0.10714285714285714,0.17857142857142858,gaming,PT,medium
MERCH_000266,26,0,0,0,0,1801.3700000000001,69.28346153846154,46.335,0.005692389953395485,0.0290053637844859,16,25,7,5,0.0,0.0,0.0,0.6153846153846154,0.9615384615384616,0.2692307692307692,0.19230769230769232,gaming,DE,medium
MERCH_000865,28,0,0,0,0,1448.24,51.722857142857144,36.599999999999994,0.005686355134604407,0.0523838416571877,10,23,4,7,0.0,0.0,0.0,0.35714285714285715,0.8214285714285714,0.14285714285714285,0.25,gaming,ES,high
MERCH_000998,13,0,0,0,0,380.11,29.23923076923077,24.28,0.00557864123309877,0.0448063334745248,7,12,0,4,0.0,0.0,0.0,0.5384615384615384,0.9230769230769231,0.0,0.3076923076923077,gaming,FR,high
MERCH_000159,24,0,0,0,0,793.19,33.04958333333334,27.04,0.0055666762069338715,0.0455931850794907,7,16,2,4,0.0,0.0,0.0,0.2916666666666667,0.6666666666666666,0.08333333333333333,0.16666666666666666,gaming,ES,high
MERCH_001031,31,0,0,0,0,1717.62,55.40709677419355,49.88,0.005501860007107729,0.0525440512318933,17,30,1,5,0.0,0.0,0.0,0.5483870967741935,0.967741935483871,0.03225806451612903,0.16129032258064516,gaming,IT,high
MERCH_000224,22,0,0,0,0,1402.76,63.76181818181818,40.435,0.005467501000546286,0.0437954909454487,10,21,2,3,0.0,0.0,0.0,0.45454545454545453,0.9545454545454546,0.09090909090909091,0.13636363636363635,gaming,DE,medium
MERCH_000051,28,0,0,0,0,1321.67,47.2025,29.560000000000002,0.005124338088009635,0.0429204843312198,12,20,5,6,0.0,0.0,0.0,0.42857142857142855,0.7142857142857143,0.17857142857142858,0.21428571428571427,gaming,ES,low
MERCH_000384,30,0,0,0,0,1138.4,37.94666666666667,25.325,0.004610319730223566,0.0389032759207307,15,30,6,3,0.0,0.0,0.0,0.5,1.0,0.2,0.1,gaming,DE,low
MERCH_000007,20,0,0,0,0,653.8,32.69,28.735,0.004325101074876155,0.0308358760438989,17,20,5,3,0.0,0.0,0.0,0.85,1.0,0.25,0.15,gaming,IT,medium
MERCH_000475,19,0,0,0,0,1042.17,54.85105263157895,31.26,0.004291713302204316,0.0164262301729481,7,14,2,3,0.0,0.0,0.0,0.3684210526315789,0.7368421052631579,0.10526315789473684,0.15789473684210525,gaming,ES,high
MERCH_000809,30,0,0,0,0,1404.47,46.815666666666665,38.405,0.004208200456074434,0.0357712354279833,8,18,3,5,0.0,0.0,0.0,0.26666666666666666,0.6,0.1,0.16666666666666666,gaming,ES,low
MERCH_000125,21,0,0,0,0,1504.0,71.61904761904762,60.74,0.003921073464679181,0.0431245703774181,11,21,1,1,0.0,0.0,0.0,0.5238095238095238,1.0,0.047619047619047616,0.047619047619047616,gaming,IT,medium
MERCH_000249,23,0,0,0,0,1113.05,48.393478260869564,32.12,0.0033979097455047133,0.0378494441984579,13,23,4,3,0.0,0.0,0.0,0.5652173913043478,1.0,0.17391304347826086,0.13043478260869565,gaming,IT,high
MERCH_000386,28,0,0,0,0,1147.8,40.99285714285714,30.810000000000002,0.003228365630208296,0.0092898873588781,11,25,6,2,0.0,0.0,0.0,0.39285714285714285,0.8928571428571429,0.21428571428571427,0.07142857142857142,gaming,ES,high
MERCH_000081,36,0,0,0,0,1111.69,30.880277777777778,22.79,0.003046892752551493,0.1013161033356643,19,33,4,10,0.0,0.0,0.0,0.5277777777777778,0.9166666666666666,0.1111111111111111,0.2777777777777778,grocery,PT,low
MERCH_000061,15,0,0,0,0,317.69,21.179333333333332,16.42,0.00286357318128004,0.0117345499954875,9,13,2,3,0.0,0.0,0.0,0.6,0.8666666666666667,0.13333333333333333,0.2,gaming,ES,medium
MERCH_001073,14,0,0,0,0,500.69,35.76357142857143,19.935000000000002,0.00258605346225585,0.0109547214981812,8,14,2,1,0.0,0.0,0.0,0.5714285714285714,1.0,0.14285714285714285,0.07142857142857142,gaming,PT,medium
MERCH_000655,32,0,0,0,0,1230.96,38.4675,18.725,0.0023085982167808123,0.0121245554081114,12,23,3,7,0.0,0.0,0.0,0.375,0.71875,0.09375,0.21875,gaming,ES,low
MERCH_000981,51,0,0,0,0,1534.96,30.097254901960785,16.04,0.001946171289526484,0.0873566839456896,17,41,8,11,0.0,0.0,0.0,0.3333333333333333,0.803921568627451,0.1568627450980392,0.21568627450980393,grocery,ES,low
MERCH_001089,26,0,0,0,0,1289.82,49.60846153846153,33.985,0.0014039301743179954,0.0281369784572531,16,24,1,6,0.0,0.0,0.0,0.6153846153846154,0.9230769230769231,0.038461538461538464,0.23076923076923078,grocery,DE,low
MERCH_001066,29,0,0,0,0,2586.21,89.17965517241379,60.09,0.0013847517156174707,0.031807682948858,15,26,5,5,0.0,0.0,0.0,0.5172413793103449,0.896551724137931,0.1724137931034483,0.1724137931034483,fashion,IT,low
MERCH_000146,29,0,0,0,0,2072.86,71.47793103448276,54.12,0.0013603720502678126,0.0263925243068974,19,28,5,8,0.0,0.0,0.0,0.6551724137931034,0.9655172413793104,0.1724137931034483,0.27586206896551724,fashion,IT,medium
MERCH_000157,47,0,0,0,0,1434.81,30.52787234042553,22.04,0.0013494205679303879,0.047770736455477,10,35,2,9,0.0,0.0,0.0,0.2127659574468085,0.7446808510638298,0.0425531914893617,0.19148936170212766,grocery,ES,medium
MERCH_000762,33,0,0,0,0,4485.24,135.91636363636363,97.4,0.0011273470230579727,0.0032297514774153,19,30,8,10,0.0,0.0,0.0,0.5757575757575758,0.9090909090909091,0.24242424242424243,0.30303030303030304,fashion,DE,medium
MERCH_000595,37,0,0,0,0,3140.93,84.89,56.16,0.0010872985736080536,0.0072058271270521,16,27,9,9,0.0,0.0,0.0,0.43243243243243246,0.7297297297297297,0.24324324324324326,0.24324324324324326,fashion,ES,high
MERCH_000037,34,0,0,0,0,3051.95,89.76323529411764,75.31,0.0010001172135480584,0.02122180429722,12,27,5,12,0.0,0.0,0.0,0.35294117647058826,0.7941176470588235,0.14705882352941177,0.35294117647058826,fashion,ES,low
MERCH_000446,50,0,0,0,0,3515.49,70.3098,43.05,0.0009728392675125032,0.0372766818670593,17,38,4,11,0.0,0.0,0.0,0.34,0.76,0.08,0.22,fashion,ES,low
MERCH_000083,32,0,0,0,0,4005.42,125.169375,95.305,0.0009344742988170313,0.0046423950028027,18,32,3,8,0.0,0.0,0.0,0.5625,1.0,0.09375,0.25,fashion,PT,medium
MERCH_000694,25,0,0,0,0,907.47,36.2988,25.8,0.0009050934715897779,0.0161616085956308,14,23,3,9,0.0,0.0,0.0,0.56,0.92,0.12,0.36,grocery,DE,low
MERCH_000119,40,0,0,0,0,2490.5099999999998,62.26275,36.45,0.0008622546090158514,0.0235105737053722,14,31,6,7,0.0,0.0,0.0,0.35,0.775,0.15,0.175,fashion,ES,medium
MERCH_001042,32,0,0,0,0,2840.61,88.7690625,72.185,0.0008584224001955278,0.0129176392246933,18,32,5,9,0.0,0.0,0.0,0.5625,1.0,0.15625,0.28125,fashion,FR,low
MERCH_000991,25,0,0,0,0,892.75,35.71,19.86,0.0008565423391759281,0.0145999421640202,14,22,1,5,0.0,0.0,0.0,0.56,0.88,0.04,0.2,grocery,DE,low
MERCH_000156,42,0,0,0,0,4073.94,96.99857142857142,68.81,0.0008532018725633547,0.0072625936481312,27,38,10,11,0.0,0.0,0.0,0.6428571428571429,0.9047619047619048,0.23809523809523808,0.2619047619047619,fashion,PT,medium
MERCH_000953,42,0,0,0,0,4667.29,111.12595238095238,91.83500000000001,0.000848424973542731,0.0073003030630527,15,33,5,5,0.0,0.0,0.0,0.35714285714285715,0.7857142857142857,0.11904761904761904,0.11904761904761904,fashion,ES,low
MERCH_001147,53,0,0,0,0,2473.77,46.674905660377355,32.92,0.0008303066213312275,0.0254294109112917,17,43,5,16,0.0,0.0,0.0,0.32075471698113206,0.8113207547169812,0.09433962264150944,0.3018867924528302,grocery,ES,low
MERCH_000442,43,0,0,0,0,3257.1,75.74651162790697,65.27,0.0008267144878320163,0.0094340142649776,18,38,8,17,0.0,0.0,0.0,0.4186046511627907,0.8837209302325582,0.18604651162790697,0.3953488372093023,fashion,ES,low
MERCH_000915,42,0,0,0,0,4712.53,112.20309523809523,77.555,0.0008263520698017609,0.0039625940894493,15,33,9,7,0.0,0.0,0.0,0.35714285714285715,0.7857142857142857,0.21428571428571427,0.16666666666666666,fashion,ES,low
MERCH_000322,41,0,0,0,0,4018.64,98.01560975609756,84.59,0.0008241912441316536,0.0027909066633511,16,34,7,11,0.0,0.0,0.0,0.3902439024390244,0.8292682926829268,0.17073170731707318,0.2682926829268293,fashion,ES,low
MERCH_000313,33,0,0,0,0,3047.62,92.3521212121212,76.45,0.000820407574946903,0.0045841483105085,18,31,5,11,0.0,0.0,0.0,0.5454545454545454,0.9393939393939394,0.15151515151515152,0.3333333333333333,fashion,FR,low
MERCH_000861,34,0,0,0,0,1813.93,53.35088235294118,21.89,0.0008193103149328087,0.0195111409662973,19,31,5,11,0.0,0.0,0.0,0.5588235294117647,0.9117647058823529,0.14705882352941177,0.3235294117647059,grocery,FR,low
MERCH_001081,37,0,0,0,0,2258.94,61.05243243243243,47.22,0.0008167023944263838,0.006937487837515,12,33,8,7,0.0,0.0,0.0,0.32432432432432434,0.8918918918918919,0.21621621621621623,0.1891891891891892,fashion,ES,low
MERCH_000008,23,0,0,0,0,2109.65,91.72391304347826,55.76,0.0008040974855417956,0.0024338278447604,14,20,4,2,0.0,0.0,0.0,0.6086956521739131,0.8695652173913043,0.17391304347826086,0.08695652173913043,fashion,DE,high
MERCH_000017,37,0,0,0,0,3651.84,98.69837837837838,56.38,0.0007795769729622081,0.0025667770757027,13,32,6,11,0.0,0.0,0.0,0.35135135135135137,0.8648648648648649,0.16216216216216217,0.2972972972972973,fashion,ES,high
MERCH_000564,40,0,0,0,0,3377.87,84.44675,66.69,0.0007748062840787325,0.0046737929426887,19,38,8,12,0.0,0.0,0.0,0.475,0.95,0.2,0.3,fashion,PT,low
MERCH_000951,30,0,0,0,0,3064.25,102.14166666666667,86.66999999999999,0.00076705859868885,0.0032375052895655,18,30,8,10,0.0,0.0,0.0,0.6,1.0,0.26666666666666666,0.3333333333333333,fashion,FR,low
MERCH_000913,27,0,0,0,0,2243.2,83.08148148148148,66.48,0.0007583767182621743,0.0036436920664446,20,26,5,6,0.0,0.0,0.0,0.7407407407407407,0.9629629629629629,0.18518518518518517,0.2222222222222222,fashion,IT,medium
MERCH_001106,24,0,0,0,0,2134.83,88.95125,76.16,0.0007402574238782916,0.0033490034842349,15,23,5,5,0.0,0.0,0.0,0.625,0.9583333333333334,0.20833333333333334,0.20833333333333334,fashion,FR,high
MERCH_000539,29,0,0,0,0,1322.85,45.61551724137931,30.16,0.0007342850784581034,0.0068944952718506,14,25,5,6,0.0,0.0,0.0,0.4827586206896552,0.8620689655172413,0.1724137931034483,0.20689655172413793,grocery,IT,medium
MERCH_000449,40,0,0,0,0,3383.98,84.5995,54.84,0.000732040590719881,0.0098495412523135,11,35,6,9,0.0,0.0,0.0,0.275,0.875,0.15,0.225,fashion,ES,high
MERCH_000587,17,0,0,0,0,1185.7,69.74705882352941,51.21,0.0007305261955992117,0.0021187275006306,10,15,6,5,0.0,0.0,0.0,0.5882352941176471,0.8823529411764706,0.35294117647058826,0.29411764705882354,fashion,DE,low
MERCH_000015,44,0,0,0,0,4806.11,109.22977272727272,91.62,0.0007301173689186273,0.0109526430100879,12,31,7,6,0.0,0.0,0.0,0.2727272727272727,0.7045454545454546,0.1590909090909091,0.13636363636363635,fashion,ES,medium
MERCH_000925,14,0,0,0,0,881.49,62.96357142857143,44.1,0.0007250013432860356,0.0024750275557258,10,13,4,3,0.0,0.0,0.0,0.7142857142857143,0.9285714285714286,0.2857142857142857,0.21428571428571427,fashion,FR,low
MERCH_000123,34,0,0,0,0,2414.8,71.02352941176471,60.09,0.0007239669727562382,0.0026016920839672,29,34,8,8,0.0,0.0,0.0,0.8529411764705882,1.0,0.23529411764705882,0.23529411764705882,fashion,FR,medium
MERCH_000454,38,0,0,0,0,3341.23,87.9271052631579,66.52000000000001,0.0007161095693874526,0.0027990712314416,24,38,6,11,0.0,0.0,0.0,0.631578947368421,1.0,0.15789473684210525,0.2894736842105263,fashion,FR,medium
MERCH_001195,40,0,0,0,0,3491.91,87.29775,74.83000000000001,0.0007108579216108025,0.0036407079298734,26,36,7,11,0.0,0.0,0.0,0.65,0.9,0.175,0.275,fashion,PT,low
MERCH_000416,56,0,0,0,0,4590.54,81.97392857142857,68.275,0.0007092678889133499,0.0032063255008775,17,46,10,16,0.0,0.0,0.0,0.30357142857142855,0.8214285714285714,0.17857142857142858,0.2857142857142857,fashion,ES,medium
MERCH_000573,48,0,0,0,0,4298.13,89.544375,64.555,0.0007084714062589669,0.0056375441851285,12,41,9,10,0.0,0.0,0.0,0.25,0.8541666666666666,0.1875,0.20833333333333334,fashion,ES,high
MERCH_000190,48,0,0,0,0,5861.65,122.11770833333333,93.97999999999999,0.0007061190904830792,0.0035085847786572,20,44,7,9,0.0,0.0,0.0,0.4166666666666667,0.9166666666666666,0.14583333333333334,0.1875,fashion,ES,medium
MERCH_000175,39,0,0,0,0,3101.9500000000003,79.5371794871795,61.73,0.0007034633065878923,0.0023345530447862,23,37,5,10,0.0,0.0,0.0,0.5897435897435898,0.9487179487179487,0.1282051282051282,0.2564102564102564,fashion,IT,medium
MERCH_001053,45,0,0,0,0,3648.68,81.08177777777777,50.62,0.0006971625888783154,0.0081821079211856,30,42,10,12,0.0,0.0,0.0,0.6666666666666666,0.9333333333333333,0.2222222222222222,0.26666666666666666,fashion,IT,low
MERCH_000934,32,0,0,0,0,2985.46,93.295625,69.815,0.000693351024270129,0.0033235401061916,23,30,4,8,0.0,0.0,0.0,0.71875,0.9375,0.125,0.25,fashion,IT,medium
MERCH_000792,36,0,0,0,0,2231.27,61.97972222222222,50.61,0.0006891697159778269,0.0080450357297948,19,36,8,11,0.0,0.0,0.0,0.5277777777777778,1.0,0.2222222222222222,0.3055555555555556,fashion,PT,medium
MERCH_001097,25,0,0,0,0,3013.57,120.5428,71.48,0.0006842287855890999,0.0035135822761504,11,24,4,5,0.0,0.0,0.0,0.44,0.96,0.16,0.2,fashion,IT,medium
MERCH_000520,33,0,0,0,0,3569.55,108.16818181818182,108.23,0.0006681349458253831,0.0040796232509077,19,32,8,5,0.0,0.0,0.0,0.5757575757575758,0.9696969696969697,0.24242424242424243,0.15151515151515152,fashion,IT,high
MERCH_000966,55,0,0,0,0,4899.55,89.08272727272728,79.32,0.0006564970881692173,0.0042781109321939,21,48,8,17,0.0,0.0,0.0,0.38181818181818183,0.8727272727272727,0.14545454545454545,0.3090909090909091,fashion,ES,medium
MERCH_000993,38,0,0,0,0,3081.73,81.09815789473684,55.805,0.0006525715149429447,0.0031166068701246,13,31,6,9,0.0,0.0,0.0,0.34210526315789475,0.8157894736842105,0.15789473684210525,0.23684210526315788,fashion,ES,medium
MERCH_000596,24,0,0,0,0,2236.86,93.2025,69.655,0.0006499550450383167,0.0039861448145691,12,21,2,5,0.0,0.0,0.0,0.5,0.875,0.08333333333333333,0.20833333333333334,fashion,FR,medium
MERCH_001079,43,0,0,0,0,3467.45,80.63837209302325,49.68,0.0006489096532587162,0.0045365199723097,22,41,9,6,0.0,0.0,0.0,0.5116279069767442,0.9534883720930233,0.20930232558139536,0.13953488372093023,fashion,IT,low
MERCH_000063,48,0,0,0,0,3935.77,81.99520833333334,61.925,0.000648413433622664,0.0050681131908848,18,38,9,6,0.0,0.0,0.0,0.375,0.7916666666666666,0.1875,0.125,fashion,ES,medium
MERCH_000163,29,0,0,0,0,2919.7,100.67931034482758,66.7,0.0006463744530196681,0.0028252481333317,15,27,5,6,0.0,0.0,0.0,0.5172413793103449,0.9310344827586207,0.1724137931034483,0.20689655172413793,fashion,FR,medium
MERCH_001177,27,0,0,0,0,3065.45,113.53518518518518,73.43,0.0006459175965131925,0.0047051778813294,18,27,6,3,0.0,0.0,0.0,0.6666666666666666,1.0,0.2222222222222222,0.1111111111111111,fashion,DE,medium
MERCH_001159,47,0,0,0,0,2856.77,60.78234042553191,47.14,0.0006452668153790023,0.0032983179861279,17,39,7,9,0.0,0.0,0.0,0.3617021276595745,0.8297872340425532,0.14893617021276595,0.19148936170212766,fashion,ES,high
MERCH_001198,30,0,0,0,0,744.5,24.816666666666666,17.17,0.000643915585863237,0.0142494454357727,15,29,0,7,0.0,0.0,0.0,0.5,0.9666666666666667,0.0,0.23333333333333334,grocery,PT,low
MERCH_000036,26,0,0,0,0,2210.68,85.02615384615385,78.43,0.0006402611282558962,0.0020166570685264,12,25,4,7,0.0,0.0,0.0,0.46153846153846156,0.9615384615384616,0.15384615384615385,0.2692307692307692,fashion,FR,medium
MERCH_001050,31,0,0,0,0,2471.87,79.73774193548387,64.69,0.000637553105604471,0.0023378054663345,16,31,3,12,0.0,0.0,0.0,0.5161290322580645,1.0,0.0967741935483871,0.3870967741935484,fashion,PT,medium
MERCH_000090,32,0,0,0,0,2836.13,88.6290625,66.185,0.0006322867614772812,0.0036688557399434,20,29,5,4,0.0,0.0,0.0,0.625,0.90625,0.15625,0.125,fashion,DE,high
MERCH_000632,27,0,0,0,0,3759.13,139.22703703703704,87.38,0.0006286893905486593,0.0015156100756863,15,25,2,5,0.0,0.0,0.0,0.5555555555555556,0.9259259259259259,0.07407407407407407,0.18518518518518517,fashion,FR,low
MERCH_000713,32,0,0,0,0,3194.63,99.8321875,41.900000000000006,0.0006233515411052591,0.0019116024371169,16,30,7,5,0.0,0.0,0.0,0.5,0.9375,0.21875,0.15625,fashion,PT,low
MERCH_000346,44,0,0,0,0,4056.2799999999997,92.18818181818182,80.485,0.0006211795518831642,0.0074179670195469,19,35,5,9,0.0,0.0,0.0,0.4318181818181818,0.7954545454545454,0.11363636363636363,0.20454545454545456,fashion,ES,medium
MERCH_000908,36,0,0,0,0,4146.05,115.16805555555555,106.28999999999999,0.0006149991747929444,0.0024700464021445,19,36,1,5,0.0,0.0,0.0,0.5277777777777778,1.0,0.027777777777777776,0.1388888888888889,fashion,DE,medium
MERCH_001174,28,0,0,0,0,2729.97,97.49892857142856,52.495000000000005,0.0006136879512806,0.0028976179253143,15,26,5,7,0.0,0.0,0.0,0.5357142857142857,0.9285714285714286,0.17857142857142858,0.25,fashion,FR,low
MERCH_000939,38,0,0,0,0,3326.85,87.54868421052632,70.025,0.0006090560636347351,0.003558291402011,14,31,5,10,0.0,0.0,0.0,0.3684210526315789,0.8157894736842105,0.13157894736842105,0.2631578947368421,fashion,ES,medium
MERCH_000226,39,0,0,0,0,3090.51,79.24384615384616,63.84,0.0006071447493690333,0.0029202306089562,22,38,7,9,0.0,0.0,0.0,0.5641025641025641,0.9743589743589743,0.1794871794871795,0.23076923076923078,fashion,DE,medium
MERCH_000898,19,0,0,0,0,1111.31,58.489999999999995,39.32,0.0006054300655871932,0.0039823308596457,9,18,3,6,0.0,0.0,0.0,0.47368421052631576,0.9473684210526315,0.15789473684210525,0.3157894736842105,grocery,IT,low
MERCH_000612,37,0,0,0,0,3543.73,95.77648648648649,68.15,0.0006019992948214324,0.001751080479128,12,29,7,7,0.0,0.0,0.0,0.32432432432432434,0.7837837837837838,0.1891891891891892,0.1891891891891892,fashion,ES,high
MERCH_000359,30,0,0,0,0,2360.85,78.695,61.47,0.0006006811811306499,0.0019504232418431,10,26,7,5,0.0,0.0,0.0,0.3333333333333333,0.8666666666666667,0.23333333333333334,0.16666666666666666,fashion,ES,high
MERCH_000303,41,0,0,0,0,1582.8700000000001,38.60658536585366,32.26,0.0005996400803953421,0.0100811805182682,30,40,4,10,0.0,0.0,0.0,0.7317073170731707,0.975609756097561,0.0975609756097561,0.24390243902439024,grocery,IT,medium
MERCH_000298,31,0,0,0,0,3198.8199999999997,103.18774193548386,80.74,0.0005993783506587452,0.0015075206087978,17,30,4,8,0.0,0.0,0.0,0.5483870967741935,0.967741935483871,0.12903225806451613,0.25806451612903225,fashion,DE,high
MERCH_000880,39,0,0,0,0,4034.06,103.43743589743589,74.04,0.0005991600429541385,0.0050040384235625,26,36,3,9,0.0,0.0,0.0,0.6666666666666666,0.9230769230769231,0.07692307692307693,0.23076923076923078,fashion,IT,high
MERCH_000930,50,0,0,0,0,4724.63,94.4926,66.15,0.0005988033039671841,0.0038395795126586,14,41,7,13,0.0,0.0,0.0,0.28,0.82,0.14,0.26,fashion,ES,low
MERCH_000358,35,0,0,0,0,3721.11,106.31742857142858,62.31,0.0005980592037977228,0.0028497360028204,17,33,6,10,0.0,0.0,0.0,0.4857142857142857,0.9428571428571428,0.17142857142857143,0.2857142857142857,fashion,DE,medium
MERCH_000030,23,0,0,0,0,2041.97,88.7813043478261,58.63,0.0005923619310133173,0.0023878128272202,13,22,4,7,0.0,0.0,0.0,0.5652173913043478,0.9565217391304348,0.17391304347826086,0.30434782608695654,fashion,IT,high
MERCH_000537,40,0,0,0,0,1713.49,42.83725,27.244999999999997,0.000591668985921689,0.0079433482007529,15,29,5,5,0.0,0.0,0.0,0.375,0.725,0.125,0.125,grocery,ES,medium
MERCH_001055,42,0,0,0,0,2136.58,50.87095238095238,31.1,0.0005906442722759425,0.0136712871814847,25,41,10,8,0.0,0.0,0.0,0.5952380952380952,0.9761904761904762,0.23809523809523808,0.19047619047619047,fashion,IT,low
MERCH_000417,21,0,0,0,0,1229.3,58.53809523809524,45.39,0.0005877459430422358,0.0017201746610017,14,21,3,2,0.0,0.0,0.0,0.6666666666666666,1.0,0.14285714285714285,0.09523809523809523,grocery,FR,medium
MERCH_000707,39,0,0,0,0,3885.85,99.63717948717948,65.83,0.0005816168512543359,0.0012861389582877,22,35,4,6,0.0,0.0,0.0,0.5641025641025641,0.8974358974358975,0.10256410256410256,0.15384615384615385,fashion,IT,medium
MERCH_000778,60,0,0,0,0,4474.17,74.5695,64.6,0.0005805434943907963,0.0086474051159487,22,48,15,7,0.0,0.0,0.0,0.36666666666666664,0.8,0.25,0.11666666666666667,fashion,ES,low
MERCH_000271,28,0,0,0,0,2363.67,84.41678571428572,40.595,0.0005771355813599285,0.0024461908836024,16,26,6,6,0.0,0.0,0.0,0.5714285714285714,0.9285714285714286,0.21428571428571427,0.21428571428571427,fashion,IT,medium
MERCH_000300,38,0,0,0,0,2912.2,76.63684210526316,61.39,0.0005755591586588184,0.0064010368862857,25,37,10,8,0.0,0.0,0.0,0.6578947368421053,0.9736842105263158,0.2631578947368421,0.21052631578947367,fashion,IT,medium
MERCH_000279,34,0,0,0,0,1485.94,43.70411764705882,26.22,0.0005712751348988624,0.0098911851890139,21,33,9,9,0.0,0.0,0.0,0.6176470588235294,0.9705882352941176,0.2647058823529412,0.2647058823529412,grocery,FR,low
MERCH_001096,35,0,0,0,0,2593.7,74.10571428571428,64.65,0.00056966533723734,0.0031215204061116,19,33,5,13,0.0,0.0,0.0,0.5428571428571428,0.9428571428571428,0.14285714285714285,0.37142857142857144,fashion,DE,medium
MERCH_000393,37,0,0,0,0,2949.05,79.70405405405405,64.53,0.0005672162234024379,0.0027935843485457,22,35,7,10,0.0,0.0,0.0,0.5945945945945946,0.9459459459459459,0.1891891891891892,0.2702702702702703,fashion,FR,medium
MERCH_000319,41,0,0,0,0,3889.17,94.85780487804878,84.47,0.000567208575559361,0.0019062687305559,17,33,5,8,0.0,0.0,0.0,0.4146341463414634,0.8048780487804879,0.12195121951219512,0.1951219512195122,fashion,ES,medium
MERCH_000959,30,0,0,0,0,2136.71,71.22366666666667,61.225,0.0005655018851565059,0.0025248621041535,20,29,4,7,0.0,0.0,0.0,0.6666666666666666,0.9666666666666667,0.13333333333333333,0.23333333333333334,fashion,PT,medium
MERCH_001124,37,0,0,0,0,3425.64,92.58486486486485,75.02,0.0005627919277113845,0.0032287704631179,14,33,3,10,0.0,0.0,0.0,0.3783783783783784,0.8918918918918919,0.08108108108108109,0.2702702702702703,fashion,ES,high
MERCH_000512,48,0,0,0,0,4188.65,87.26354166666665,67.55000000000001,0.0005616766894496458,0.002504598353703,11,37,9,12,0.0,0.0,0.0,0.22916666666666666,0.7708333333333334,0.1875,0.25,fashion,ES,low
MERCH_001151,34,0,0,0,0,3308.15,97.2985294117647,62.89,0.0005596186767788471,0.0015756453039818,19,31,3,11,0.0,0.0,0.0,0.5588235294117647,0.9117647058823529,0.08823529411764706,0.3235294117647059,fashion,FR,medium
MERCH_001163,33,0,0,0,0,3006.98,91.12060606060606,41.27,0.0005544318585266151,0.0038665508970492,16,32,10,9,0.0,0.0,0.0,0.48484848484848486,0.9696969696969697,0.30303030303030304,0.2727272727272727,grocery,PT,low
MERCH_000683,34,0,0,0,0,2665.84,78.40705882352941,54.875,0.0005515040593598383,0.0035162474312919,10,27,3,10,0.0,0.0,0.0,0.29411764705882354,0.7941176470588235,0.08823529411764706,0.29411764705882354,fashion,ES,low
MERCH_000820,37,0,0,0,0,1516.1200000000001,40.97621621621622,33.41,0.0005499168420879594,0.0019743152411491,16,35,7,11,0.0,0.0,0.0,0.43243243243243246,0.9459459459459459,0.1891891891891892,0.2972972972972973,grocery,PT,medium
MERCH_000927,25,0,0,0,0,1443.07,57.7228,48.86,0.0005491267452995954,0.0043087253007928,15,21,2,8,0.0,0.0,0.0,0.6,0.84,0.08,0.32,grocery,FR,low
MERCH_000817,28,0,0,0,0,2083.21,74.40035714285715,36.715,0.0005458544600271429,0.0038999497867647,16,25,8,5,0.0,0.0,0.0,0.5714285714285714,0.8928571428571429,0.2857142857142857,0.17857142857142858,fashion,DE,medium
MERCH_000598,38,0,0,0,0,2474.97,65.1307894736842,47.51,0.0005450180498744499,0.002467311473426,14,29,5,8,0.0,0.0,0.0,0.3684210526315789,0.7631578947368421,0.13157894736842105,0.21052631578947367,fashion,ES,medium
MERCH_000774,48,0,0,0,0,2308.24,48.08833333333333,34.0,0.0005403656297839782,0.0118711938592832,15,40,3,11,0.0,0.0,0.0,0.3125,0.8333333333333334,0.0625,0.22916666666666666,grocery,ES,low
MERCH_000105,39,0,0,0,0,3382.17,86.7223076923077,75.77,0.0005397177271801671,0.0017131555358943,24,38,5,13,0.0,0.0,0.0,0.6153846153846154,0.9743589743589743,0.1282051282051282,0.3333333333333333,fashion,PT,medium
MERCH_000447,43,0,0,0,0,4091.41,95.14906976744186,60.34,0.000530157342188586,0.0016867666918509,16,33,6,10,0.0,0.0,0.0,0.37209302325581395,0.7674418604651163,0.13953488372093023,0.23255813953488372,fashion,ES,low
MERCH_000048,29,0,0,0,0,1409.17,48.59206896551724,41.78,0.0005295581163942655,0.0015217852497176,18,29,2,6,0.0,0.0,0.0,0.6206896551724138,1.0,0.06896551724137931,0.20689655172413793,grocery,FR,medium
MERCH_000575,37,0,0,0,0,1997.22,53.97891891891892,35.98,0.0005274428655891279,0.005268163747599,22,37,7,12,0.0,0.0,0.0,0.5945945945945946,1.0,0.1891891891891892,0.32432432432432434,fashion,PT,low
MERCH_000177,41,0,0,0,0,3125.0,76.21951219512195,51.75,0.0005271083077838079,0.0064399650454036,11,29,8,7,0.0,0.0,0.0,0.2682926829268293,0.7073170731707317,0.1951219512195122,0.17073170731707318,fashion,ES,high
MERCH_000334,40,0,0,0,0,3103.9700000000003,77.59925000000001,57.025000000000006,0.0005231444585793968,0.003551832783714,9,36,5,6,0.0,0.0,0.0,0.225,0.9,0.125,0.15,fashion,ES,high
MERCH_000169,38,0,0,0,0,3029.74,79.72999999999999,58.21,0.0005222256321761439,0.0023321818583049,9,30,7,10,0.0,0.0,0.0,0.23684210526315788,0.7894736842105263,0.18421052631578946,0.2631578947368421,fashion,ES,high
MERCH_001145,30,0,0,0,0,1450.55,48.35166666666667,48.72,0.0005201817273729661,0.0016071918140245,18,25,3,5,0.0,0.0,0.0,0.6,0.8333333333333334,0.1,0.16666666666666666,fashion,PT,medium
MERCH_001185,26,0,0,0,0,1347.61,51.83115384615384,35.69,0.0005187121102182674,0.0027844910153966,17,25,4,5,0.0,0.0,0.0,0.6538461538461539,0.9615384615384616,0.15384615384615385,0.19230769230769232,grocery,DE,medium
MERCH_000701,41,0,0,0,0,4478.32,109.22731707317072,80.44,0.0005169857190910461,0.0037570868104419,14,33,6,12,0.0,0.0,0.0,0.34146341463414637,0.8048780487804879,0.14634146341463414,0.2926829268292683,fashion,ES,low
MERCH_000957,28,0,0,0,0,1535.06,54.82357142857143,29.155,0.0005040583487285607,0.0038252803833539,17,28,4,5,0.0,0.0,0.0,0.6071428571428571,1.0,0.14285714285714285,0.17857142857142858,grocery,IT,low
MERCH_001033,27,0,0,0,0,1612.64,59.72740740740741,57.8,0.0005039779360297074,0.0020579798733636,15,27,2,7,0.0,0.0,0.0,0.5555555555555556,1.0,0.07407407407407407,0.25925925925925924,fashion,FR,medium
MERCH_000406,29,0,0,0,0,2241.82,77.30413793103449,45.21,0.0005026323216703475,0.0025624916144337,19,26,2,8,0.0,0.0,0.0,0.6551724137931034,0.896551724137931,0.06896551724137931,0.27586206896551724,fashion,FR,high
MERCH_000374,21,0,0,0,0,1870.73,89.08238095238096,76.09,0.0004972036954910905,0.0012270260804355,17,20,3,6,0.0,0.0,0.0,0.8095238095238095,0.9523809523809523,0.14285714285714285,0.2857142857142857,fashion,IT,high
MERCH_000317,27,0,0,0,0,1328.03,49.1862962962963,40.77,0.0004949938530519556,0.002432361172954,12,26,5,4,0.0,0.0,0.0,0.4444444444444444,0.9629629629629629,0.18518518518518517,0.14814814814814814,grocery,FR,medium
MERCH_000678,32,0,0,0,0,2738.88,85.59,62.485,0.0004937507562001658,0.0045183912228982,19,32,5,8,0.0,0.0,0.0,0.59375,1.0,0.15625,0.25,fashion,FR,medium
MERCH_000876,30,0,0,0,0,2061.41,68.71366666666667,54.485,0.0004913567428000734,0.0013218839803455,18,29,6,5,0.0,0.0,0.0,0.6,0.9666666666666667,0.2,0.16666666666666666,fashion,FR,low
MERCH_000869,30,0,0,0,0,2171.79,72.393,42.269999999999996,0.0004901572050104233,0.0013727466605897,17,30,5,7,0.0,0.0,0.0,0.5666666666666667,1.0,0.16666666666666666,0.23333333333333334,fashion,PT,low
MERCH_000733,49,0,0,0,0,2784.16,56.81959183673469,32.44,0.000489912729997702,0.0024190595297249,7,40,10,11,0.0,0.0,0.0,0.14285714285714285,0.8163265306122449,0.20408163265306123,0.22448979591836735,grocery,ES,medium
MERCH_000571,35,0,0,0,0,1726.26,49.321714285714286,36.61,0.00048582371197307146,0.0012763845265788,16,32,5,11,0.0,0.0,0.0,0.45714285714285713,0.9142857142857143,0.14285714285714285,0.3142857142857143,grocery,IT,medium
MERCH_000830,31,0,0,0,0,771.1,24.874193548387098,12.11,0.0004841681707363171,0.0088171650168872,26,31,3,4,0.0,0.0,0.0,0.8387096774193549,1.0,0.0967741935483871,0.12903225806451613,grocery,IT,low
MERCH_000409,39,0,0,0,0,1956.82,50.17487179487179,36.06,0.00048236102433082945,0.0038939403494561,10,29,5,9,0.0,0.0,0.0,0.2564102564102564,0.7435897435897436,0.1282051282051282,0.23076923076923078,grocery,ES,medium
MERCH_000047,42,0,0,0,0,4524.37,107.72309523809524,88.275,0.0004772101278118809,0.0020320711362751,15,33,8,7,0.0,0.0,0.0,0.35714285714285715,0.7857142857142857,0.19047619047619047,0.16666666666666666,fashion,ES,low
MERCH_000682,28,0,0,0,0,2645.34,94.47642857142857,78.09,0.00047632891101476426,0.0008354283496863,20,28,3,7,0.0,0.0,0.0,0.7142857142857143,1.0,0.10714285714285714,0.25,fashion,PT,low
MERCH_000736,43,0,0,0,0,2255.95,52.46395348837209,28.86,0.0004734193093090837,0.0047205602854591,19,41,5,14,0.0,0.0,0.0,0.4418604651162791,0.9534883720930233,0.11627906976744186,0.32558139534883723,grocery,PT,low
MERCH_000980,32,0,0,0,0,1358.05,42.4390625,30.75,0.0004701377849953793,0.0029554627059569,18,31,4,13,0.0,0.0,0.0,0.5625,0.96875,0.125,0.40625,grocery,DE,medium
MERCH_000438,35,0,0,0,0,2067.63,59.07514285714286,34.56,0.0004700625728458055,0.0051514738609611,28,34,5,8,0.0,0.0,0.0,0.8,0.9714285714285714,0.14285714285714285,0.22857142857142856,fashion,PT,low
MERCH_000624,30,0,0,0,0,2516.0499999999997,83.86833333333333,65.24000000000001,0.0004668005190873816,0.0038729984613545,16,29,4,6,0.0,0.0,0.0,0.5333333333333333,0.9666666666666667,0.13333333333333333,0.2,fashion,PT,low
MERCH_000088,35,0,0,0,0,1381.23,39.46371428571429,32.09,0.00046657083168440806,0.0033004305035921,15,32,6,4,0.0,0.0,0.0,0.42857142857142855,0.9142857142857143,0.17142857142857143,0.11428571428571428,grocery,ES,low
MERCH_000257,58,0,0,0,0,5230.21,90.17603448275862,66.62,0.0004645335775458331,0.0029386602871254,19,50,10,10,0.0,0.0,0.0,0.3275862068965517,0.8620689655172413,0.1724137931034483,0.1724137931034483,fashion,ES,low
MERCH_000341,39,0,0,0,0,1574.8899999999999,40.38179487179487,32.69,0.0004634585561942148,0.0091448210414582,14,34,5,10,0.0,0.0,0.0,0.358974358974359,0.8717948717948718,0.1282051282051282,0.2564102564102564,grocery,ES,low
MERCH_000734,37,0,0,0,0,2297.3199999999997,62.08972972972972,47.11,0.0004608935040228135,0.0029439122334754,23,34,9,6,0.0,0.0,0.0,0.6216216216216216,0.918918918918919,0.24324324324324326,0.16216216216216217,fashion,PT,medium
MERCH_000151,35,0,0,0,0,2642.55,75.50142857142858,55.87,0.0004605763017400171,0.0058742031193476,22,34,3,14,0.0,0.0,0.0,0.6285714285714286,0.9714285714285714,0.08571428571428572,0.4,fashion,FR,low
MERCH_000874,26,0,0,0,0,1590.8,61.184615384615384,37.175,0.00045825752675290583,0.0018127091788909,17,25,3,6,0.0,0.0,0.0,0.6538461538461539,0.9615384615384616,0.11538461538461539,0.23076923076923078,grocery,FR,medium
MERCH_001152,28,0,0,0,0,1759.6200000000001,62.84357142857143,47.41,0.0004577948169465326,0.003689927028805,22,27,5,5,0.0,0.0,0.0,0.7857142857142857,0.9642857142857143,0.17857142857142858,0.17857142857142858,fashion,FR,low
MERCH_001118,22,0,0,0,0,2197.25,99.875,75.92500000000001,0.00045624235306770456,0.0013522506579267,13,21,0,4,0.0,0.0,0.0,0.5909090909090909,0.9545454545454546,0.0,0.18181818181818182,fashion,FR,medium
MERCH_000286,29,0,0,0,0,2238.43,77.18724137931034,56.33,0.0004550768661157415,0.0008753717294773,16,27,5,8,0.0,0.0,0.0,0.5517241379310345,0.9310344827586207,0.1724137931034483,0.27586206896551724,fashion,IT,high
MERCH_001092,25,0,0,0,0,1597.6599999999999,63.90639999999999,55.06,0.00045399205086506396,0.0013861852697143,17,25,4,5,0.0,0.0,0.0,0.68,1.0,0.16,0.2,fashion,DE,low
MERCH_000668,42,0,0,0,0,3470.83,82.63880952380953,77.975,0.00045033481080610237,0.0009799303722675,15,33,2,10,0.0,0.0,0.0,0.35714285714285715,0.7857142857142857,0.047619047619047616,0.23809523809523808,fashion,ES,low
MERCH_000718,26,0,0,0,0,1296.25,49.85576923076923,29.26,0.0004501732555957446,0.0025097878538717,16,25,5,7,0.0,0.0,0.0,0.6153846153846154,0.9615384615384616,0.19230769230769232,0.2692307692307692,grocery,IT,low
MERCH_000463,31,0,0,0,0,2284.53,73.69451612903227,51.14,0.00044860683410393343,0.0048636931874199,15,30,6,10,0.0,0.0,0.0,0.4838709677419355,0.967741935483871,0.1935483870967742,0.3225806451612903,fashion,IT,high
MERCH_000647,35,0,0,0,0,2180.89,62.311142857142855,38.2,0.00044575025189871073,0.0053234660633809,21,34,5,7,0.0,0.0,0.0,0.6,0.9714285714285714,0.14285714285714285,0.2,grocery,FR,low
MERCH_000087,26,0,0,0,0,1789.3,68.81923076923077,56.19,0.00044382460657673936,0.0014805568217995,18,24,4,8,0.0,0.0,0.0,0.6923076923076923,0.9230769230769231,0.15384615384615385,0.3076923076923077,fashion,FR,medium
MERCH_000673,31,0,0,0,0,1013.26,32.685806451612905,22.55,0.0004424569162059698,0.0035945206684667,21,30,3,6,0.0,0.0,0.0,0.6774193548387096,0.967741935483871,0.0967741935483871,0.1935483870967742,grocery,PT,low
MERCH_000321,46,0,0,0,0,1699.56,36.94695652173913,27.105,0.0004409490241742302,0.0063849098228872,13,34,3,16,0.0,0.0,0.0,0.2826086956521739,0.7391304347826086,0.06521739130434782,0.34782608695652173,grocery,ES,low
MERCH_001139,59,0,0,0,0,2057.0,34.86440677966102,27.36,0.00044016016603682116,0.0033938827197578,29,51,7,15,0.0,0.0,0.0,0.4915254237288136,0.864406779661017,0.11864406779661017,0.2542372881355932,grocery,ES,medium
MERCH_000686,32,0,0,0,0,1260.52,39.39125,35.025,0.000439622687374275,0.0017643105934752,13,29,9,3,0.0,0.0,0.0,0.40625,0.90625,0.28125,0.09375,grocery,IT,low
MERCH_000756,30,0,0,0,0,1169.37,38.979,27.18,0.00043651016390595026,0.0020896952822669,18,28,8,7,0.0,0.0,0.0,0.6,0.9333333333333333,0.26666666666666666,0.23333333333333334,grocery,PT,medium
MERCH_000502,39,0,0,0,0,2723.46,69.8323076923077,61.83,0.00043650870985512444,0.0012108944074238,13,33,4,6,0.0,0.0,0.0,0.3333333333333333,0.8461538461538461,0.10256410256410256,0.15384615384615385,fashion,ES,high
MERCH_000310,31,0,0,0,0,2464.14,79.48838709677419,70.82,0.00043643347223488955,0.0027128248121049,22,31,5,1,0.0,0.0,0.0,0.7096774193548387,1.0,0.16129032258064516,0.03225806451612903,fashion,DE,high
MERCH_000715,35,0,0,0,0,1157.55,33.07285714285714,27.06,0.00043366303335063626,0.0058806653364742,19,34,7,8,0.0,0.0,0.0,0.5428571428571428,0.9714285714285714,0.2,0.22857142857142856,fashion,PT,medium
MERCH_001179,30,0,0,0,0,2394.58,79.81933333333333,59.025,0.00043192136551181346,0.001913656765548,20,30,4,5,0.0,0.0,0.0,0.6666666666666666,1.0,0.13333333333333333,0.16666666666666666,fashion,DE,high
MERCH_000503,43,0,0,0,0,3616.69,84.10906976744187,34.93,0.00043153229851749066,0.0046599420559576,17,33,7,8,0.0,0.0,0.0,0.3953488372093023,0.7674418604651163,0.16279069767441862,0.18604651162790697,fashion,ES,low
MERCH_001035,53,0,0,0,0,1932.0,36.45283018867924,29.63,0.0004305245218129495,0.0059265574632884,19,43,6,16,0.0,0.0,0.0,0.3584905660377358,0.8113207547169812,0.11320754716981132,0.3018867924528302,grocery,ES,low
MERCH_000785,35,0,0,0,0,2392.1,68.34571428571428,38.18,0.00042921167341705566,0.0023747180724401,14,32,6,7,0.0,0.0,0.0,0.4,0.9142857142857143,0.17142857142857143,0.2,fashion,ES,medium
MERCH_001003,34,0,0,0,0,1875.2,55.15294117647059,37.8,0.00042883618846182914,0.0015560051498505,24,31,6,10,0.0,0.0,0.0,0.7058823529411765,0.9117647058823529,0.17647058823529413,0.29411764705882354,fashion,FR,medium
MERCH_000232,31,0,0,0,0,1675.27,54.04096774193548,42.24,0.00042809374798926113,0.0013169483820209,24,31,5,9,0.0,0.0,0.0,0.7741935483870968,1.0,0.16129032258064516,0.2903225806451613,grocery,FR,medium
MERCH_000168,42,0,0,0,0,2477.82,58.99571428571429,38.285,0.00042718339520007317,0.0038410113514276,12,35,8,10,0.0,0.0,0.0,0.2857142857142857,0.8333333333333334,0.19047619047619047,0.23809523809523808,fashion,ES,high
MERCH_000729,26,0,0,0,0,849.4,32.669230769230765,18.15,0.0004221521528429067,0.0025131515097414,20,26,5,6,0.0,0.0,0.0,0.7692307692307693,1.0,0.19230769230769232,0.23076923076923078,grocery,FR,low
MERCH_000019,28,0,0,0,0,2529.46,90.33785714285715,76.32,0.0004168045130677715,0.0012743430421696,19,27,4,8,0.0,0.0,0.0,0.6785714285714286,0.9642857142857143,0.14285714285714285,0.2857142857142857,fashion,FR,medium
MERCH_000569,28,0,0,0,0,1498.83,53.52964285714285,31.9,0.0004155608366492372,0.0046215848298501,17,27,2,7,0.0,0.0,0.0,0.6071428571428571,0.9642857142857143,0.07142857142857142,0.25,grocery,IT,low
MERCH_000640,41,0,0,0,0,2673.32,65.20292682926829,42.93,0.00041155308043007536,0.0028397250056877,28,40,5,8,0.0,0.0,0.0,0.6829268292682927,0.975609756097561,0.12195121951219512,0.1951219512195122,grocery,IT,low
MERCH_000679,21,0,0,0,0,1188.3,56.58571428571428,24.32,0.0004096525231466377,0.0024817940136478,13,20,3,10,0.0,0.0,0.0,0.6190476190476191,0.9523809523809523,0.14285714285714285,0.47619047619047616,grocery,DE,low
MERCH_000983,33,0,0,0,0,2765.37,83.7990909090909,62.58,0.0004044519042235091,0.0013624059679193,14,26,4,4,0.0,0.0,0.0,0.42424242424242425,0.7878787878787878,0.12121212121212122,0.12121212121212122,fashion,ES,low
MERCH_000968,33,0,0,0,0,1139.94,34.54363636363637,27.44,0.0004018420937863093,0.0030516959381869,14,31,3,9,0.0,0.0,0.0,0.42424242424242425,0.9393939393939394,0.09090909090909091,0.2727272727272727,grocery,FR,medium
MERCH_000096,25,0,0,0,0,2467.09,98.68360000000001,64.23,0.00040092138959776,0.0011658452904173,15,25,6,4,0.0,0.0,0.0,0.6,1.0,0.24,0.16,fashion,PT,low
MERCH_000695,42,0,0,0,0,1708.48,40.67809523809524,28.73,0.0004008300900035643,0.0024264656576609,29,41,10,8,0.0,0.0,0.0,0.6904761904761905,0.9761904761904762,0.23809523809523808,0.19047619047619047,grocery,DE,low
MERCH_000479,30,0,0,0,0,2014.42,67.14733333333334,48.39,0.0003989376950941506,0.0017403580669782,18,28,4,8,0.0,0.0,0.0,0.6,0.9333333333333333,0.13333333333333333,0.26666666666666666,fashion,IT,low
MERCH_000016,42,0,0,0,0,2139.29,50.93547619047619,23.085,0.0003977118483971976,0.0049141452558565,14,34,6,10,0.0,0.0,0.0,0.3333333333333333,0.8095238095238095,0.14285714285714285,0.23809523809523808,grocery,ES,low
MERCH_000691,38,0,0,0,0,2251.57,59.251842105263165,42.725,0.00039538050249225264,0.001795657534354,18,35,5,8,0.0,0.0,0.0,0.47368421052631576,0.9210526315789473,0.13157894736842105,0.21052631578947367,fashion,IT,low
MERCH_001125,52,0,0,0,0,2271.22,43.677307692307686,28.0,0.0003935673866422116,0.0043855716611212,20,40,11,12,0.0,0.0,0.0,0.38461538461538464,0.7692307692307693,0.21153846153846154,0.23076923076923078,grocery,ES,low
MERCH_000906,43,0,0,0,0,3125.0099999999998,72.6746511627907,58.64,0.0003934900204275875,0.0020417567963141,16,33,4,7,0.0,0.0,0.0,0.37209302325581395,0.7674418604651163,0.09302325581395349,0.16279069767441862,fashion,ES,high
MERCH_001020,41,0,0,0,0,5556.55,135.52560975609757,64.28,0.00039271185592183397,0.0009528996081379,16,37,3,7,0.0,0.0,0.0,0.3902439024390244,0.9024390243902439,0.07317073170731707,0.17073170731707318,fashion,ES,medium
MERCH_000057,33,0,0,0,0,1714.64,51.95878787878788,35.49,0.0003923575033514807,0.0009578144965297,10,28,6,7,0.0,0.0,0.0,0.30303030303030304,0.8484848484848485,0.18181818181818182,0.21212121212121213,fashion,ES,high
MERCH_000921,43,0,0,0,0,2465.55,57.33837209302326,44.09,0.0003918324601298073,0.0027052739426967,21,38,8,4,0.0,0.0,0.0,0.4883720930232558,0.8837209302325582,0.18604651162790697,0.09302325581395349,fashion,ES,medium
MERCH_000178,27,0,0,0,0,1660.79,61.51074074074074,53.5,0.0003896394314221151,0.0010471806007613,20,27,2,10,0.0,0.0,0.0,0.7407407407407407,1.0,0.07407407407407407,0.37037037037037035,grocery,DE,low
MERCH_000905,21,0,0,0,0,938.54,44.69238095238095,39.3,0.0003866876982063619,0.0011984267042521,13,19,5,6,0.0,0.0,0.0,0.6190476190476191,0.9047619047619048,0.23809523809523808,0.2857142857142857,fashion,PT,low
MERCH_000804,38,0,0,0,0,1483.2,39.03157894736842,29.54,0.00038633968940813174,0.0018139827444114,28,38,7,6,0.0,0.0,0.0,0.7368421052631579,1.0,0.18421052631578946,0.15789473684210525,grocery,IT,low
MERCH_001016,28,0,0,0,0,1494.66,53.38071428571429,36.83,0.0003856453635039003,0.0030718804056668,17,28,4,7,0.0,0.0,0.0,0.6071428571428571,1.0,0.14285714285714285,0.25,grocery,DE,low
MERCH_001122,40,0,0,0,0,2022.55,50.56375,26.5,0.00038335477223301855,0.0070249291030338,13,30,4,9,0.0,0.0,0.0,0.325,0.75,0.1,0.225,fashion,ES,low
MERCH_000870,32,0,0,0,0,1803.1,56.346875,31.83,0.0003830805101352007,0.0021455854171865,21,32,3,8,0.0,0.0,0.0,0.65625,1.0,0.09375,0.25,grocery,PT,medium
MERCH_000495,44,0,0,0,0,3080.98,70.02227272727272,63.22,0.00038281885167258043,0.002818883279112,11,34,5,9,0.0,0.0,0.0,0.25,0.7727272727272727,0.11363636363636363,0.20454545454545456,fashion,ES,low
MERCH_001194,34,0,0,0,0,1873.09,55.09088235294117,43.595,0.0003815857606021967,0.0011795147042915,11,32,5,8,0.0,0.0,0.0,0.3235294117647059,0.9411764705882353,0.14705882352941177,0.23529411764705882,fashion,ES,medium
MERCH_000003,48,0,0,0,0,3628.73,75.59854166666666,50.205,0.0003794872340689758,0.0010906669516237,13,33,3,9,0.0,0.0,0.0,0.2708333333333333,0.6875,0.0625,0.1875,fashion,ES,low
MERCH_000054,30,0,0,0,0,1358.29,45.27633333333333,29.035,0.000376611079973187,0.002344400484817,23,29,4,7,0.0,0.0,0.0,0.7666666666666667,0.9666666666666667,0.13333333333333333,0.23333333333333334,grocery,DE,low
MERCH_000069,25,0,0,0,0,1741.69,69.66760000000001,43.62,0.0003763406405940268,0.0015852485604283,15,25,3,5,0.0,0.0,0.0,0.6,1.0,0.12,0.2,fashion,DE,low
MERCH_000185,30,0,0,0,0,778.43,25.947666666666667,18.314999999999998,0.0003747723593292806,0.0026824001993399,23,30,7,8,0.0,0.0,0.0,0.7666666666666667,1.0,0.23333333333333334,0.26666666666666666,grocery,IT,low
MERCH_001043,26,0,0,0,0,1642.72,63.181538461538466,35.515,0.00037401913282949183,0.00115792472072,18,25,1,3,0.0,0.0,0.0,0.6923076923076923,0.9615384615384616,0.038461538461538464,0.11538461538461539,grocery,DE,low
MERCH_000787,41,0,0,0,0,1746.04,42.586341463414634,28.8,0.000373096234796573,0.0026865179777609,17,39,10,7,0.0,0.0,0.0,0.4146341463414634,0.9512195121951219,0.24390243902439024,0.17073170731707318,grocery,IT,low
MERCH_000327,28,0,0,0,0,1509.05,53.894642857142856,40.565,0.00037269056776319286,0.0013361000103735,8,24,2,10,0.0,0.0,0.0,0.2857142857142857,0.8571428571428571,0.07142857142857142,0.35714285714285715,fashion,ES,medium
MERCH_000405,39,0,0,0,0,2902.0499999999997,74.41153846153846,58.68,0.00037263795021200255,0.0010115593974152,9,35,3,9,0.0,0.0,0.0,0.23076923076923078,0.8974358974358975,0.07692307692307693,0.23076923076923078,fashion,ES,low
MERCH_000962,32,0,0,0,0,1155.22,36.100625,27.630000000000003,0.00037220169799243627,0.0012945033476949,14,30,3,8,0.0,0.0,0.0,0.4375,0.9375,0.09375,0.25,grocery,DE,medium
MERCH_001141,31,0,0,0,0,1192.8799999999999,38.48,21.22,0.0003718450563954742,0.0027020331559124,18,30,5,4,0.0,0.0,0.0,0.5806451612903226,0.967741935483871,0.16129032258064516,0.12903225806451613,grocery,FR,low
MERCH_000588,18,0,0,0,0,1165.07,64.72611111111111,42.235,0.0003716478197423237,0.0011106226657262,10,17,3,1,0.0,0.0,0.0,0.5555555555555556,0.9444444444444444,0.16666666666666666,0.05555555555555555,fashion,FR,medium
MERCH_000433,33,0,0,0,0,1336.22,40.49151515151515,31.4,0.0003713483142481576,0.0013277959088305,17,32,4,8,0.0,0.0,0.0,0.5151515151515151,0.9696969696969697,0.12121212121212122,0.24242424242424243,grocery,DE,low
MERCH_000117,31,0,0,0,0,1970.53,63.56548387096774,31.44,0.00037031611773388415,0.003770476419886,20,30,2,6,0.0,0.0,0.0,0.6451612903225806,0.967741935483871,0.06451612903225806,0.1935483870967742,grocery,FR,low
MERCH_000171,25,0,0,0,0,1464.1,58.56399999999999,42.59,0.0003696867797781939,0.0023080684153819,17,24,5,7,0.0,0.0,0.0,0.68,0.96,0.2,0.28,fashion,DE,low
MERCH_000020,40,0,0,0,0,1698.6,42.464999999999996,31.47,0.0003695834175051997,0.0011871571567388,21,35,11,13,0.0,0.0,0.0,0.525,0.875,0.275,0.325,grocery,FR,low
MERCH_000712,27,0,0,0,0,1077.05,39.89074074074074,25.73,0.00036933183722436994,0.0014689870340746,13,26,5,5,0.0,0.0,0.0,0.48148148148148145,0.9629629629629629,0.18518518518518517,0.18518518518518517,grocery,PT,low
MERCH_001183,44,0,0,0,0,2159.53,49.08022727272728,29.549999999999997,0.00036922178173469557,0.0029635427079838,16,36,7,11,0.0,0.0,0.0,0.36363636363636365,0.8181818181818182,0.1590909090909091,0.25,grocery,ES,low
MERCH_000408,41,0,0,0,0,2735.84,66.72780487804879,51.07,0.0003671770961628485,0.0019709073969954,19,39,5,14,0.0,0.0,0.0,0.4634146341463415,0.9512195121951219,0.12195121951219512,0.34146341463414637,fashion,FR,low
MERCH_001149,43,0,0,0,0,2257.62,52.50279069767441,32.39,0.00036708536877784936,0.0009445681830217,8,35,3,7,0.0,0.0,0.0,0.18604651162790697,0.813953488372093,0.06976744186046512,0.16279069767441862,grocery,ES,medium
MERCH_000094,32,0,0,0,0,1875.6,58.6125,30.165,0.0003660482770242273,0.001317008577673,18,32,7,9,0.0,0.0,0.0,0.5625,1.0,0.21875,0.28125,grocery,DE,low
MERCH_000656,36,0,0,0,0,2060.68,57.24111111111111,55.489999999999995,0.0003627419932949456,0.002051133010579,7,28,4,6,0.0,0.0,0.0,0.19444444444444445,0.7777777777777778,0.1111111111111111,0.16666666666666666,fashion,ES,medium
MERCH_000549,31,0,0,0,0,1592.6200000000001,51.37483870967743,33.63,0.00036242347364416486,0.0012407275194344,20,31,7,7,0.0,0.0,0.0,0.6451612903225806,1.0,0.22580645161290322,0.22580645161290322,fashion,FR,high
MERCH_000136,42,0,0,0,0,2891.77,68.85166666666666,52.0,0.00036167964391844364,0.0009873724681079,12,37,5,9,0.0,0.0,0.0,0.2857142857142857,0.8809523809523809,0.11904761904761904,0.21428571428571427,fashion,ES,low
MERCH_000562,44,0,0,0,0,1824.8700000000001,41.474318181818184,26.57,0.0003608466264635676,0.0020367290249084,13,36,6,11,0.0,0.0,0.0,0.29545454545454547,0.8181818181818182,0.13636363636363635,0.25,grocery,ES,medium
MERCH_000933,36,0,0,0,0,2269.29,63.03583333333333,54.61,0.0003597383435132862,0.0018350097024068,23,34,4,9,0.0,0.0,0.0,0.6388888888888888,0.9444444444444444,0.1111111111111111,0.25,fashion,IT,low
MERCH_000161,41,0,0,0,0,1698.11,41.41731707317073,25.1,0.00035882096739084526,0.0050509263769018,23,40,6,7,0.0,0.0,0.0,0.5609756097560976,0.975609756097561,0.14634146341463414,0.17073170731707318,grocery,DE,low
MERCH_000240,60,0,0,0,0,2868.14,47.80233333333333,27.369999999999997,0.000358776250892359,0.0032705667989843,20,48,8,8,0.0,0.0,0.0,0.3333333333333333,0.8,0.13333333333333333,0.13333333333333333,grocery,ES,medium
MERCH_000071,35,0,0,0,0,1944.7,55.56285714285715,40.97,0.00035687364308925466,0.0013932885233857,22,33,3,7,0.0,0.0,0.0,0.6285714285714286,0.9428571428571428,0.08571428571428572,0.2,grocery,DE,low
MERCH_000947,41,0,0,0,0,2420.04,59.025365853658535,42.56,0.00035677234449216135,0.0027481675753319,15,33,9,8,0.0,0.0,0.0,0.36585365853658536,0.8048780487804879,0.21951219512195122,0.1951219512195122,fashion,ES,medium
MERCH_000689,34,0,0,0,0,1589.69,46.75558823529412,22.18,0.00035656316065522345,0.0018483225787487,20,33,6,4,0.0,0.0,0.0,0.5882352941176471,0.9705882352941176,0.17647058823529413,0.11764705882352941,grocery,PT,low
MERCH_000293,37,0,0,0,0,1794.47,48.49918918918919,28.89,0.0003554859155637622,0.0014814783011507,29,35,6,15,0.0,0.0,0.0,0.7837837837837838,0.9459459459459459,0.16216216216216217,0.40540540540540543,grocery,FR,low
MERCH_000102,28,0,0,0,0,1719.06,61.394999999999996,37.305,0.0003543536701750284,0.0022400855114292,17,28,6,3,0.0,0.0,0.0,0.6071428571428571,1.0,0.21428571428571427,0.10714285714285714,grocery,IT,low
MERCH_000777,51,0,0,0,0,2633.2,51.6313725490196,41.99,0.0003539803765576829,0.0018572325010914,15,41,12,10,0.0,0.0,0.0,0.29411764705882354,0.803921568627451,0.23529411764705882,0.19607843137254902,fashion,ES,medium
MERCH_001060,33,0,0,0,0,2715.46,82.28666666666666,56.37,0.00035205677122226786,0.0019689381065723,22,33,3,8,0.0,0.0,0.0,0.6666666666666666,1.0,0.09090909090909091,0.24242424242424243,fashion,DE,medium
MERCH_000170,32,0,0,0,0,1928.44,60.26375,50.83,0.00034955769845770705,0.0014856517717849,10,28,6,6,0.0,0.0,0.0,0.3125,0.875,0.1875,0.1875,fashion,ES,high
MERCH_000634,26,0,0,0,0,1973.29,75.89576923076923,27.645,0.0003489946349479533,0.0015382335159613,17,24,4,7,0.0,0.0,0.0,0.6538461538461539,0.9230769230769231,0.15384615384615385,0.2692307692307692,grocery,FR,low
MERCH_000813,49,0,0,0,0,4000.13,81.63530612244898,51.23,0.00034845535569685355,0.0016072959085101,28,48,11,10,0.0,0.0,0.0,0.5714285714285714,0.9795918367346939,0.22448979591836735,0.20408163265306123,fashion,DE,low
MERCH_001113,29,0,0,0,0,1959.95,67.5844827586207,49.87,0.00034663297059957585,0.001188195338872,18,29,4,6,0.0,0.0,0.0,0.6206896551724138,1.0,0.13793103448275862,0.20689655172413793,fashion,FR,high
MERCH_000335,37,0,0,0,0,1616.34,43.68486486486486,27.46,0.00034638972762491866,0.0029452167557981,9,25,4,10,0.0,0.0,0.0,0.24324324324324326,0.6756756756756757,0.10810810810810811,0.2702702702702703,grocery,ES,low
MERCH_000916,34,0,0,0,0,2489.57,73.22264705882354,49.535,0.00034535196975077613,0.0009929484224455,22,33,4,5,0.0,0.0,0.0,0.6470588235294118,0.9705882352941176,0.11764705882352941,0.14705882352941177,fashion,IT,low
MERCH_000844,39,0,0,0,0,3139.13,80.49051282051282,57.57,0.00034517951171245256,0.0012606949144448,28,37,8,13,0.0,0.0,0.0,0.717948717948718,0.9487179487179487,0.20512820512820512,0.3333333333333333,fashion,DE,low
MERCH_000311,32,0,0,0,0,2562.86,80.089375,45.730000000000004,0.00034472651741315096,0.0012219111607192,8,26,4,6,0.0,0.0,0.0,0.25,0.8125,0.125,0.1875,fashion,ES,low
MERCH_000509,37,0,0,0,0,2226.19,60.167297297297296,35.27,0.00034332760539832185,0.0010798064106074,24,36,7,7,0.0,0.0,0.0,0.6486486486486487,0.972972972972973,0.1891891891891892,0.1891891891891892,grocery,IT,low
MERCH_000816,43,0,0,0,0,2881.4,67.0093023255814,40.35,0.0003425507197169842,0.0014017560598552,22,41,9,13,0.0,0.0,0.0,0.5116279069767442,0.9534883720930233,0.20930232558139536,0.3023255813953488,fashion,DE,low
MERCH_000652,53,0,0,0,0,2666.35,50.30849056603773,38.21,0.00034063590532203104,0.0023563392749325,22,42,7,15,0.0,0.0,0.0,0.41509433962264153,0.7924528301886793,0.1320754716981132,0.2830188679245283,grocery,ES,low
MERCH_000024,28,0,0,0,0,1114.63,39.80821428571429,26.64,0.0003399178368418393,0.0012489077934288,19,27,4,8,0.0,0.0,0.0,0.6785714285714286,0.9642857142857143,0.14285714285714285,0.2857142857142857,grocery,DE,low
MERCH_000556,41,0,0,0,0,1527.1399999999999,37.24731707317073,29.0,0.00033967742207910656,0.0021496717611539,14,35,4,19,0.0,0.0,0.0,0.34146341463414637,0.8536585365853658,0.0975609756097561,0.4634146341463415,grocery,ES,low
MERCH_000724,37,0,0,0,0,2424.15,65.51756756756757,44.9,0.0003352909101663563,0.0009935223124755,20,36,6,7,0.0,0.0,0.0,0.5405405405405406,0.972972972972973,0.16216216216216217,0.1891891891891892,grocery,FR,low
MERCH_000808,29,0,0,0,0,1185.19,40.868620689655174,26.49,0.0003335062897681348,0.0011374452649565,13,29,5,6,0.0,0.0,0.0,0.4482758620689655,1.0,0.1724137931034483,0.20689655172413793,grocery,FR,low
MERCH_000329,29,0,0,0,0,1221.68,42.12689655172414,29.23,0.00033267342688363794,0.0024550538412124,14,27,5,6,0.0,0.0,0.0,0.4827586206896552,0.9310344827586207,0.1724137931034483,0.20689655172413793,grocery,IT,low
MERCH_000353,32,0,0,0,0,2001.82,62.556875,42.2,0.00033211221522360334,0.0012043889948678,19,30,4,8,0.0,0.0,0.0,0.59375,0.9375,0.125,0.25,grocery,DE,low
MERCH_000767,36,0,0,0,0,1164.91,32.35861111111112,25.395,0.0003317629251259705,0.0033119641171689,8,27,3,8,0.0,0.0,0.0,0.2222222222222222,0.75,0.08333333333333333,0.2222222222222222,grocery,ES,low
MERCH_000768,44,0,0,0,0,2774.28,63.051818181818184,36.19,0.0003317626724578957,0.0025323828473778,14,39,5,10,0.0,0.0,0.0,0.3181818181818182,0.8863636363636364,0.11363636363636363,0.22727272727272727,fashion,ES,medium
MERCH_000129,34,0,0,0,0,1509.22,44.388823529411766,30.365000000000002,0.0003313143564515095,0.0009575740330744,19,32,4,8,0.0,0.0,0.0,0.5588235294117647,0.9411764705882353,0.11764705882352941,0.23529411764705882,grocery,IT,low
MERCH_000394,36,0,0,0,0,1454.32,40.397777777777776,24.689999999999998,0.00033109933638690174,0.0040118921025915,20,33,2,11,0.0,0.0,0.0,0.5555555555555556,0.9166666666666666,0.05555555555555555,0.3055555555555556,grocery,PT,low
MERCH_001064,38,0,0,0,0,1794.25,47.2171052631579,32.725,0.0003309956146046081,0.0011124664556026,18,36,5,10,0.0,0.0,0.0,0.47368421052631576,0.9473684210526315,0.13157894736842105,0.2631578947368421,grocery,FR,low
MERCH_000453,33,0,0,0,0,2403.28,72.82666666666667,51.26,0.00033086315170479844,0.0017157696842462,22,30,2,5,0.0,0.0,0.0,0.6666666666666666,0.9090909090909091,0.06060606060606061,0.15151515151515152,fashion,FR,medium
MERCH_000291,29,0,0,0,0,1192.81,41.131379310344826,33.88,0.00033069251207934404,0.0008062345948781,16,29,5,5,0.0,0.0,0.0,0.5517241379310345,1.0,0.1724137931034483,0.1724137931034483,grocery,IT,low
MERCH_001128,28,0,0,0,0,1432.3899999999999,51.15678571428571,22.935,0.00032992681074801324,0.0013746807957745,17,26,3,6,0.0,0.0,0.0,0.6071428571428571,0.9285714285714286,0.10714285714285714,0.21428571428571427,grocery,IT,low
MERCH_000370,28,0,0,0,0,1253.17,44.75607142857143,31.655,0.00032852946806015713,0.0010642175161839,23,28,4,5,0.0,0.0,0.0,0.8214285714285714,1.0,0.14285714285714285,0.17857142857142858,grocery,DE,low
MERCH_000028,37,0,0,0,0,1440.96,38.94486486486487,35.13,0.0003280133469859229,0.0011375710462994,8,31,4,10,0.0,0.0,0.0,0.21621621621621623,0.8378378378378378,0.10810810810810811,0.2702702702702703,grocery,ES,low
MERCH_000887,23,0,0,0,0,625.94,27.214782608695653,25.06,0.00032686753891713043,0.0014314958824167,12,20,4,4,0.0,0.0,0.0,0.5217391304347826,0.8695652173913043,0.17391304347826086,0.17391304347826086,grocery,PT,low
MERCH_000923,39,0,0,0,0,2637.13,67.61871794871796,49.86,0.00032641434271129697,0.0021015175017456,22,38,6,5,0.0,0.0,0.0,0.5641025641025641,0.9743589743589743,0.15384615384615385,0.1282051282051282,fashion,FR,low
MERCH_000827,45,0,0,0,0,1846.79,41.03977777777778,25.32,0.00032579921176338915,0.0031921468597087,12,39,7,13,0.0,0.0,0.0,0.26666666666666666,0.8666666666666667,0.15555555555555556,0.28888888888888886,grocery,ES,low
MERCH_000005,38,0,0,0,0,2375.62,62.51631578947368,52.730000000000004,0.00032488567021123305,0.0016340497868254,24,35,4,15,0.0,0.0,0.0,0.631578947368421,0.9210526315789473,0.10526315789473684,0.39473684210526316,fashion,FR,low
MERCH_000958,41,0,0,0,0,1411.82,34.43463414634146,25.97,0.00032464329125687013,0.0024838387256513,12,37,7,13,0.0,0.0,0.0,0.2926829268292683,0.9024390243902439,0.17073170731707318,0.3170731707317073,grocery,ES,low
MERCH_000517,36,0,0,0,0,1790.13,49.725833333333334,24.98,0.0003242697038231617,0.0014427011032604,18,34,7,8,0.0,0.0,0.0,0.5,0.9444444444444444,0.19444444444444445,0.2222222222222222,fashion,IT,low
MERCH_000741,28,0,0,0,0,1169.01,41.75035714285714,22.369999999999997,0.0003241544233326137,0.0021409850891643,11,28,2,4,0.0,0.0,0.0,0.39285714285714285,1.0,0.07142857142857142,0.14285714285714285,grocery,IT,low
MERCH_000482,34,0,0,0,0,1248.5,36.720588235294116,19.174999999999997,0.0003239991801460355,0.0012651841096903,20,34,9,8,0.0,0.0,0.0,0.5882352941176471,1.0,0.2647058823529412,0.23529411764705882,grocery,DE,low
MERCH_000372,31,0,0,0,0,1480.72,47.76516129032258,23.51,0.0003233848656304397,0.0017345899899682,19,31,6,7,0.0,0.0,0.0,0.6129032258064516,1.0,0.1935483870967742,0.22580645161290322,grocery,FR,low
MERCH_001052,35,0,0,0,0,1633.94,46.684000000000005,26.49,0.00032331807480080364,0.0011423467082977,16,33,5,6,0.0,0.0,0.0,0.45714285714285713,0.9428571428571428,0.14285714285714285,0.17142857142857143,grocery,PT,low
MERCH_000643,43,0,0,0,0,1824.26,42.424651162790695,25.89,0.0003227381772655751,0.0015227369321495,19,32,6,10,0.0,0.0,0.0,0.4418604651162791,0.7441860465116279,0.13953488372093023,0.23255813953488372,fashion,ES,low
MERCH_000145,35,0,0,0,0,2561.61,73.18885714285715,48.94,0.0003214657873022227,0.001359891069082,9,29,4,6,0.0,0.0,0.0,0.2571428571428571,0.8285714285714286,0.11428571428571428,0.17142857142857143,fashion,ES,low
MERCH_000467,38,0,0,0,0,1605.06,42.23842105263158,30.91,0.0003213129294724053,0.0015361379859644,13,32,5,7,0.0,0.0,0.0,0.34210526315789475,0.8421052631578947,0.13157894736842105,0.18421052631578946,grocery,ES,low
MERCH_000895,30,0,0,0,0,1856.5,61.88333333333333,39.435,0.0003191277660572677,0.0015193781508351,18,30,6,8,0.0,0.0,0.0,0.6,1.0,0.2,0.26666666666666666,grocery,FR,low
MERCH_000963,26,0,0,0,0,776.3,29.857692307692307,28.34,0.0003184341731823,0.0018191124389985,13,23,3,7,0.0,0.0,0.0,0.5,0.8846153846153846,0.11538461538461539,0.2692307692307692,grocery,FR,low
MERCH_000623,31,0,0,0,0,1854.36,59.81806451612903,35.4,0.00031830257287276844,0.0019072503226023,19,31,7,7,0.0,0.0,0.0,0.6129032258064516,1.0,0.22580645161290322,0.22580645161290322,fashion,IT,low
MERCH_000316,33,0,0,0,0,1668.08,50.54787878787879,25.57,0.00031777022690485996,0.0008163846127203,19,32,6,5,0.0,0.0,0.0,0.5757575757575758,0.9696969696969697,0.18181818181818182,0.15151515151515152,fashion,PT,medium
MERCH_000424,31,0,0,0,0,931.01,30.03258064516129,26.1,0.00031624659388655485,0.0007973630573372,19,29,3,8,0.0,0.0,0.0,0.6129032258064516,0.9354838709677419,0.0967741935483871,0.25806451612903225,grocery,IT,low
MERCH_000730,38,0,0,0,0,1333.8600000000001,35.101578947368424,32.515,0.0003162420533948666,0.0019128581593746,14,31,7,9,0.0,0.0,0.0,0.3684210526315789,0.8157894736842105,0.18421052631578946,0.23684210526315788,grocery,ES,low
MERCH_000471,34,0,0,0,0,2168.69,63.785000000000004,49.795,0.00031614101560814106,0.0010338450450814,20,34,4,11,0.0,0.0,0.0,0.5882352941176471,1.0,0.11764705882352941,0.3235294117647059,fashion,FR,low
MERCH_000788,25,0,0,0,0,958.35,38.334,36.52,0.00031558295212270394,0.0009949133878102,13,23,1,10,0.0,0.0,0.0,0.52,0.92,0.04,0.4,grocery,IT,low
MERCH_000721,32,0,0,0,0,1484.57,46.3928125,27.97,0.00031432317666510516,0.0012078512392378,19,32,7,7,0.0,0.0,0.0,0.59375,1.0,0.21875,0.21875,grocery,IT,low
MERCH_000371,54,0,0,0,0,2061.1,38.16851851851852,23.89,0.0003142778766467239,0.0021185539379441,21,49,8,11,0.0,0.0,0.0,0.3888888888888889,0.9074074074074074,0.14814814814814814,0.2037037037037037,grocery,ES,low
MERCH_000847,46,0,0,0,0,1584.54,34.44652173913043,22.52,0.0003140006613022044,0.0018066078440877,20,42,12,12,0.0,0.0,0.0,0.43478260869565216,0.9130434782608695,0.2608695652173913,0.2608695652173913,grocery,ES,low
MERCH_000201,37,0,0,0,0,2436.67,65.85594594594595,43.24,0.00031383456291271083,0.0014191403106222,18,34,5,4,0.0,0.0,0.0,0.4864864864864865,0.918918918918919,0.13513513513513514,0.10810810810810811,fashion,FR,low
MERCH_000459,31,0,0,0,0,1797.66,57.98903225806452,47.44,0.00031299526374036727,0.0010722396287802,18,31,3,8,0.0,0.0,0.0,0.5806451612903226,1.0,0.0967741935483871,0.25806451612903225,fashion,FR,low
MERCH_001070,31,0,0,0,0,3902.98,125.9025806451613,33.01,0.00031219804596270437,0.0026948530598833,20,29,5,6,0.0,0.0,0.0,0.6451612903225806,0.9354838709677419,0.16129032258064516,0.1935483870967742,grocery,FR,low
MERCH_000867,35,0,0,0,0,1816.12,51.88914285714285,35.9,0.0003121437352894967,0.0022370232518266,14,28,5,11,0.0,0.0,0.0,0.4,0.8,0.14285714285714285,0.3142857142857143,fashion,ES,low
MERCH_000012,21,0,0,0,0,1059.27,50.441428571428574,32.0,0.0003120334845429157,0.0005857935768682,15,21,3,4,0.0,0.0,0.0,0.7142857142857143,1.0,0.14285714285714285,0.19047619047619047,grocery,FR,low
MERCH_000907,33,0,0,0,0,1355.02,41.06121212121212,28.52,0.0003112721120857188,0.0012930992016425,20,33,6,9,0.0,0.0,0.0,0.6060606060606061,1.0,0.18181818181818182,0.2727272727272727,grocery,IT,low
MERCH_000795,51,0,0,0,0,1526.57,29.932745098039213,16.35,0.0003110863282019176,0.0077488926009144,17,40,8,13,0.0,0.0,0.0,0.3333333333333333,0.7843137254901961,0.1568627450980392,0.2549019607843137,grocery,ES,low
MERCH_000404,51,0,0,0,0,2373.95,46.54803921568627,26.41,0.0003101531479159319,0.001189319894206,18,41,9,8,0.0,0.0,0.0,0.35294117647058826,0.803921568627451,0.17647058823529413,0.1568627450980392,grocery,ES,low
MERCH_000064,26,0,0,0,0,1511.81,58.14653846153846,40.489999999999995,0.00031015074072014936,0.0013872870524033,17,26,6,5,0.0,0.0,0.0,0.6538461538461539,1.0,0.23076923076923078,0.19230769230769232,fashion,IT,low
MERCH_001197,54,0,0,0,0,2521.71,46.69833333333333,36.665,0.00031004509640785046,0.0011365123541614,12,45,6,8,0.0,0.0,0.0,0.2222222222222222,0.8333333333333334,0.1111111111111111,0.14814814814814814,grocery,ES,low
MERCH_001154,28,0,0,0,0,869.59,31.056785714285716,22.44,0.0003095961989108669,0.0018971769695674,20,27,8,4,0.0,0.0,0.0,0.7142857142857143,0.9642857142857143,0.2857142857142857,0.14285714285714285,grocery,FR,low
MERCH_000803,28,0,0,0,0,1613.79,57.63535714285714,42.035,0.00030752853131674863,0.0010193947312105,18,27,7,6,0.0,0.0,0.0,0.6428571428571429,0.9642857142857143,0.25,0.21428571428571427,fashion,FR,medium
MERCH_001158,30,0,0,0,0,2900.0,96.66666666666667,47.835,0.0003068945494888255,0.0010624903267148,12,28,2,10,0.0,0.0,0.0,0.4,0.9333333333333333,0.06666666666666667,0.3333333333333333,fashion,IT,medium
MERCH_000153,35,0,0,0,0,1451.92,41.483428571428576,24.4,0.00030605132203325976,0.001600399723671,16,31,3,6,0.0,0.0,0.0,0.45714285714285713,0.8857142857142857,0.08571428571428572,0.17142857142857143,grocery,FR,low
MERCH_000044,36,0,0,0,0,1573.72,43.714444444444446,24.325000000000003,0.00030576715711394645,0.0013137162056828,20,34,3,8,0.0,0.0,0.0,0.5555555555555556,0.9444444444444444,0.08333333333333333,0.2222222222222222,grocery,PT,low
MERCH_000212,30,0,0,0,0,1334.81,44.49366666666666,31.445,0.0003051037699336231,0.0007823656669765,20,29,5,7,0.0,0.0,0.0,0.6666666666666666,0.9666666666666667,0.16666666666666666,0.23333333333333334,grocery,IT,low
MERCH_001038,23,0,0,0,0,1132.63,49.24478260869566,34.04,0.00030449356403165995,0.0006051367894873,18,23,0,3,0.0,0.0,0.0,0.782608695652174,1.0,0.0,0.13043478260869565,grocery,FR,medium
MERCH_000610,32,0,0,0,0,1410.1,44.065625,22.525,0.00030429642363620615,0.0009087639997092,24,30,3,10,0.0,0.0,0.0,0.75,0.9375,0.09375,0.3125,grocery,DE,low
MERCH_000251,29,0,0,0,0,1031.75,35.577586206896555,25.59,0.00030417105918875296,0.0014767709180552,18,29,5,5,0.0,0.0,0.0,0.6206896551724138,1.0,0.1724137931034483,0.1724137931034483,grocery,IT,low
MERCH_000397,25,0,0,0,0,1118.56,44.742399999999996,25.04,0.00030395018996565203,0.0009769427195931,16,23,4,7,0.0,0.0,0.0,0.64,0.92,0.16,0.28,grocery,FR,low
MERCH_000784,40,0,0,0,0,1981.92,49.548,39.41,0.00030392333604962237,0.0008623770314786,23,39,4,11,0.0,0.0,0.0,0.575,0.975,0.1,0.275,grocery,FR,low
MERCH_000077,39,0,0,0,0,2700.74,69.24974358974359,31.48,0.0003035802306467161,0.0008857260441644,25,39,5,7,0.0,0.0,0.0,0.6410256410256411,1.0,0.1282051282051282,0.1794871794871795,fashion,FR,medium
MERCH_000246,37,0,0,0,0,1899.75,51.3445945945946,42.06,0.0003033920260448602,0.0017771112645506,25,37,4,8,0.0,0.0,0.0,0.6756756756756757,1.0,0.10810810810810811,0.21621621621621623,grocery,IT,low
MERCH_000985,24,0,0,0,0,1645.51,68.56291666666667,34.935,0.0003028917532957586,0.0008124860561344,15,23,2,4,0.0,0.0,0.0,0.625,0.9583333333333334,0.08333333333333333,0.16666666666666666,fashion,FR,low
MERCH_000560,38,0,0,0,0,1806.83,47.54815789473684,40.29,0.00030209659639553573,0.0011121295464537,23,37,4,9,0.0,0.0,0.0,0.6052631578947368,0.9736842105263158,0.10526315789473684,0.23684210526315788,grocery,FR,low
MERCH_000665,38,0,0,0,0,3240.39,85.27342105263158,49.825,0.00030092701985572106,0.0009222249074785,25,36,9,9,0.0,0.0,0.0,0.6578947368421053,0.9473684210526315,0.23684210526315788,0.23684210526315788,fashion,DE,low
MERCH_000401,35,0,0,0,0,2143.7,61.248571428571424,39.6,0.00030031105137263335,0.0006792358364131,20,35,6,8,0.0,0.0,0.0,0.5714285714285714,1.0,0.17142857142857143,0.22857142857142856,grocery,FR,low
MERCH_000415,25,0,0,0,0,789.18,31.5672,19.78,0.00030015259027259516,0.0007662514782148,15,24,1,6,0.0,0.0,0.0,0.6,0.96,0.04,0.24,grocery,IT,medium
MERCH_001015,44,0,0,0,0,1560.49,35.46568181818182,21.77,0.0002973222060363925,0.0025909232993565,11,36,9,12,0.0,0.0,0.0,0.25,0.8181818181818182,0.20454545454545456,0.2727272727272727,grocery,ES,low
MERCH_000158,34,0,0,0,0,1209.22,35.565294117647056,31.235,0.0002964723231531674,0.0008023635107459,26,33,8,8,0.0,0.0,0.0,0.7647058823529411,0.9705882352941176,0.23529411764705882,0.23529411764705882,grocery,FR,low
MERCH_001025,31,0,0,0,0,1457.02,47.00064516129032,38.89,0.0002964139435235274,0.0010838846746151,18,31,5,10,0.0,0.0,0.0,0.5806451612903226,1.0,0.16129032258064516,0.3225806451612903,fashion,DE,high
MERCH_000862,27,0,0,0,0,1664.49,61.647777777777776,36.52,0.00029543768213148163,0.0010644099349417,16,27,2,5,0.0,0.0,0.0,0.5925925925925926,1.0,0.07407407407407407,0.18518518518518517,grocery,DE,low
MERCH_000586,21,0,0,0,0,671.06,31.955238095238094,25.18,0.000294956344451489,0.0009939966132181,13,20,2,4,0.0,0.0,0.0,0.6190476190476191,0.9523809523809523,0.09523809523809523,0.19047619047619047,fashion,PT,low
MERCH_000429,34,0,0,0,0,1704.06,50.11941176470588,38.81,0.0002949427600955265,0.001146379297246,15,32,6,10,0.0,0.0,0.0,0.4411764705882353,0.9411764705882353,0.17647058823529413,0.29411764705882354,fashion,IT,medium
MERCH_000263,47,0,0,0,0,2038.66,43.375744680851064,35.92,0.0002947485375536579,0.0012077409251058,32,47,5,11,0.0,0.0,0.0,0.6808510638297872,1.0,0.10638297872340426,0.23404255319148937,grocery,IT,low
MERCH_000857,40,0,0,0,0,1576.51,39.41275,25.86,0.000294207828492745,0.0031504588652791,13,34,9,12,0.0,0.0,0.0,0.325,0.85,0.225,0.3,grocery,ES,low
MERCH_000050,46,0,0,0,0,1709.7,37.167391304347824,32.175,0.0002937325754177209,0.0014418236359847,19,38,8,9,0.0,0.0,0.0,0.41304347826086957,0.8260869565217391,0.17391304347826086,0.1956521739130435,grocery,ES,low
MERCH_000231,52,0,0,0,0,2685.16,51.637692307692305,30.535,0.00029328092174390173,0.001810671293144,18,41,11,8,0.0,0.0,0.0,0.34615384615384615,0.7884615384615384,0.21153846153846154,0.15384615384615385,grocery,ES,low
MERCH_000690,44,0,0,0,0,1220.17,27.731136363636367,21.244999999999997,0.00029271473354291116,0.0018974912829303,13,35,10,5,0.0,0.0,0.0,0.29545454545454547,0.7954545454545454,0.22727272727272727,0.11363636363636363,grocery,ES,low
MERCH_000941,41,0,0,0,0,1777.68,43.358048780487806,24.39,0.0002923627014528223,0.0013226618980789,27,40,5,9,0.0,0.0,0.0,0.6585365853658537,0.975609756097561,0.12195121951219512,0.21951219512195122,grocery,IT,low
MERCH_000492,29,0,0,0,0,1718.41,59.255517241379316,42.56,0.00029169679391831556,0.0007140550229972,15,28,3,3,0.0,0.0,0.0,0.5172413793103449,0.9655172413793104,0.10344827586206896,0.10344827586206896,fashion,IT,high
MERCH_001005,31,0,0,0,0,1190.47,38.40225806451613,32.12,0.0002914247108574031,0.0008159038307551,14,31,5,11,0.0,0.0,0.0,0.45161290322580644,1.0,0.16129032258064516,0.3548387096774194,grocery,IT,low
MERCH_001101,43,0,0,0,0,1416.16,32.9339534883721,22.24,0.00029115137619860993,0.0019284129999306,8,37,10,10,0.0,0.0,0.0,0.18604651162790697,0.8604651162790697,0.23255813953488372,0.23255813953488372,grocery,ES,low
MERCH_001160,41,0,0,0,0,2087.89,50.92414634146341,41.73,0.0002911044762183601,0.0017877066588981,18,34,5,10,0.0,0.0,0.0,0.43902439024390244,0.8292682926829268,0.12195121951219512,0.24390243902439024,fashion,ES,low
MERCH_000677,41,0,0,0,0,1606.44,39.181463414634145,33.41,0.00029107619450994296,0.0006608462891847,15,34,8,9,0.0,0.0,0.0,0.36585365853658536,0.8292682926829268,0.1951219512195122,0.21951219512195122,grocery,ES,low
MERCH_001161,32,0,0,0,0,1325.24,41.41375,30.775,0.00029033846772044046,0.0012562897974828,21,30,9,6,0.0,0.0,0.0,0.65625,0.9375,0.28125,0.1875,grocery,IT,low
MERCH_000350,33,0,0,0,0,1592.05,48.24393939393939,29.39,0.00029013614810635344,0.000700205387442,8,26,6,3,0.0,0.0,0.0,0.24242424242424243,0.7878787878787878,0.18181818181818182,0.09090909090909091,grocery,ES,low
MERCH_000199,32,0,0,0,0,1159.85,36.2453125,22.455,0.0002894974764049076,0.0011202511330054,17,31,7,8,0.0,0.0,0.0,0.53125,0.96875,0.21875,0.25,grocery,DE,low
MERCH_000810,23,0,0,0,0,1753.07,76.22043478260869,45.63,0.00028881864457637696,0.0006829806486284,15,23,4,5,0.0,0.0,0.0,0.6521739130434783,1.0,0.17391304347826086,0.21739130434782608,fashion,DE,low
MERCH_000219,52,0,0,0,0,2478.85,47.670192307692304,34.03,0.0002883710522393712,0.0016109127565819,16,43,7,9,0.0,0.0,0.0,0.3076923076923077,0.8269230769230769,0.1346153846153846,0.17307692307692307,grocery,ES,low
MERCH_001004,26,0,0,0,0,1043.69,40.14192307692308,31.935,0.0002880247716667749,0.0007641562047697,14,25,3,7,0.0,0.0,0.0,0.5384615384615384,0.9615384615384616,0.11538461538461539,0.2692307692307692,grocery,IT,low
MERCH_000834,32,0,0,0,0,827.46,25.858125,17.34,0.00028655786296018324,0.0015099740998128,21,30,5,11,0.0,0.0,0.0,0.65625,0.9375,0.15625,0.34375,grocery,FR,low
MERCH_000469,36,0,0,0,0,1402.15,38.94861111111111,26.665,0.0002862571919225157,0.0009008893547015,23,36,7,13,0.0,0.0,0.0,0.6388888888888888,1.0,0.19444444444444445,0.3611111111111111,grocery,FR,low
MERCH_000918,51,0,0,0,0,3267.81,64.07470588235294,43.51,0.0002856729351743582,0.0005540770101954,17,43,6,12,0.0,0.0,0.0,0.3333333333333333,0.8431372549019608,0.11764705882352941,0.23529411764705882,fashion,ES,low
MERCH_000883,26,0,0,0,0,1559.3,59.973076923076924,33.0,0.0002855895153615404,0.0019405551268588,18,26,5,8,0.0,0.0,0.0,0.6923076923076923,1.0,0.19230769230769232,0.3076923076923077,fashion,FR,low
MERCH_000940,53,0,0,0,0,3421.2200000000003,64.55132075471698,46.74,0.0002855057587846612,0.0011109359745594,16,43,3,10,0.0,0.0,0.0,0.3018867924528302,0.8113207547169812,0.05660377358490566,0.18867924528301888,fashion,ES,low
MERCH_001105,34,0,0,0,0,980.25,28.830882352941178,22.555,0.000285410417623982,0.0015422946509151,16,34,3,7,0.0,0.0,0.0,0.47058823529411764,1.0,0.08823529411764706,0.20588235294117646,grocery,IT,low
MERCH_000065,41,0,0,0,0,1695.1399999999999,41.34487804878049,34.74,0.00028485585556957,0.0010180757422935,14,34,5,6,0.0,0.0,0.0,0.34146341463414637,0.8292682926829268,0.12195121951219512,0.14634146341463414,grocery,ES,medium
MERCH_000305,26,0,0,0,0,1322.8,50.87692307692308,26.259999999999998,0.0002847911324354684,0.0013684578902094,13,24,2,4,0.0,0.0,0.0,0.5,0.9230769230769231,0.07692307692307693,0.15384615384615385,grocery,FR,low
MERCH_001162,28,0,0,0,0,695.82,24.850714285714286,17.395,0.0002846508203270411,0.0017346483192618,16,28,7,7,0.0,0.0,0.0,0.5714285714285714,1.0,0.25,0.25,grocery,DE,low
MERCH_001014,37,0,0,0,0,2333.2,63.059459459459454,40.96,0.0002829488126954793,0.0007408379152196,29,37,6,6,0.0,0.0,0.0,0.7837837837837838,1.0,0.16216216216216217,0.16216216216216217,grocery,DE,low
MERCH_000838,29,0,0,0,0,1171.33,40.39068965517241,22.55,0.000282894511770465,0.0008881249182146,19,27,3,6,0.0,0.0,0.0,0.6551724137931034,0.9310344827586207,0.10344827586206896,0.20689655172413793,grocery,IT,low
MERCH_000969,47,0,0,0,0,2535.05,53.93723404255319,30.29,0.0002828279886836532,0.0016924439937253,16,42,8,8,0.0,0.0,0.0,0.3404255319148936,0.8936170212765957,0.1702127659574468,0.1702127659574468,grocery,ES,low
MERCH_000038,32,0,0,0,0,1543.36,48.23,31.725,0.00028270508912015305,0.0008589357841411,23,31,3,6,0.0,0.0,0.0,0.71875,0.96875,0.09375,0.1875,grocery,DE,low
MERCH_000771,43,0,0,0,0,2164.29,50.332325581395345,31.87,0.0002803236376496202,0.0011488001043596,15,36,5,10,0.0,0.0,0.0,0.3488372093023256,0.8372093023255814,0.11627906976744186,0.23255813953488372,fashion,ES,high
MERCH_001180,19,0,0,0,0,837.36,44.07157894736842,24.72,0.0002799799914777697,0.0012761146638219,10,18,3,4,0.0,0.0,0.0,0.5263157894736842,0.9473684210526315,0.15789473684210525,0.21052631578947367,grocery,PT,low
MERCH_000794,38,0,0,0,0,2682.88,70.6021052631579,48.96,0.00027626207034847725,0.0017314328228506,10,30,3,11,0.0,0.0,0.0,0.2631578947368421,0.7894736842105263,0.07894736842105263,0.2894736842105263,fashion,ES,low
MERCH_000579,40,0,0,0,0,1734.8799999999999,43.372,21.744999999999997,0.0002759245754297889,0.0006876460158371,25,40,8,9,0.0,0.0,0.0,0.625,1.0,0.2,0.225,grocery,IT,low
MERCH_000134,56,0,0,0,0,2070.89,36.98017857142857,25.215,0.00027547281159183884,0.0009964994881071,17,44,6,16,0.0,0.0,0.0,0.30357142857142855,0.7857142857142857,0.10714285714285714,0.2857142857142857,grocery,ES,low
MERCH_000527,50,0,0,0,0,2318.1,46.361999999999995,29.575000000000003,0.0002754632244449742,0.0011734179748751,15,34,6,10,0.0,0.0,0.0,0.3,0.68,0.12,0.2,grocery,ES,low
MERCH_000078,40,0,0,0,0,1931.51,48.28775,25.1,0.0002754391228042124,0.0015502783772386,9,28,3,10,0.0,0.0,0.0,0.225,0.7,0.075,0.25,grocery,ES,low
MERCH_000045,36,0,0,0,0,1858.94,51.63722222222222,39.64,0.0002749617861937392,0.0010604088457786,23,35,3,12,0.0,0.0,0.0,0.6388888888888888,0.9722222222222222,0.08333333333333333,0.3333333333333333,grocery,PT,low
MERCH_000561,34,0,0,0,0,1549.91,45.58558823529412,30.865000000000002,0.00027388527537300947,0.0013186253542328,23,31,5,7,0.0,0.0,0.0,0.6764705882352942,0.9117647058823529,0.14705882352941177,0.20588235294117646,grocery,PT,low
MERCH_000256,34,0,0,0,0,1279.63,37.63617647058824,31.365000000000002,0.00027315000535493015,0.0007904180938185,27,33,3,5,0.0,0.0,0.0,0.7941176470588235,0.9705882352941176,0.08823529411764706,0.14705882352941177,grocery,PT,low
MERCH_000698,38,0,0,0,0,1241.04,32.65894736842105,28.345,0.0002724488064412857,0.0012368838109672,17,38,3,9,0.0,0.0,0.0,0.4473684210526316,1.0,0.07894736842105263,0.23684210526315788,grocery,PT,low
MERCH_000344,30,0,0,0,0,1176.6,39.22,26.41,0.0002724198623616949,0.0011137342630777,11,26,4,8,0.0,0.0,0.0,0.36666666666666664,0.8666666666666667,0.13333333333333333,0.26666666666666666,grocery,IT,low
MERCH_000600,23,0,0,0,0,2440.12,106.09217391304347,54.79,0.0002723208965223777,0.000930019022021,14,21,3,5,0.0,0.0,0.0,0.6086956521739131,0.9130434782608695,0.13043478260869565,0.21739130434782608,fashion,IT,low
MERCH_001181,16,0,0,0,0,569.39,35.586875,25.14,0.00027222111898094755,0.0006162732201298,9,13,2,4,0.0,0.0,0.0,0.5625,0.8125,0.125,0.25,grocery,IT,low
MERCH_000085,63,0,0,0,0,2003.87,31.807460317460315,17.55,0.0002718009752704943,0.0016046537288893,14,44,11,17,0.0,0.0,0.0,0.2222222222222222,0.6984126984126984,0.1746031746031746,0.2698412698412698,grocery,ES,low
MERCH_000877,45,0,0,0,0,1686.53,37.47844444444444,28.15,0.00027108391993794573,0.0019375157179824,12,36,9,8,0.0,0.0,0.0,0.26666666666666666,0.8,0.2,0.17777777777777778,grocery,ES,low
MERCH_000967,45,0,0,0,0,1692.78,37.617333333333335,33.02,0.00027079744699860743,0.0017905611253169,20,37,4,12,0.0,0.0,0.0,0.4444444444444444,0.8222222222222222,0.08888888888888889,0.26666666666666666,fashion,ES,medium
MERCH_000059,48,0,0,0,0,2704.18,56.33708333333333,45.55,0.00027043015332453135,0.0011018235667073,13,36,11,16,0.0,0.0,0.0,0.2708333333333333,0.75,0.22916666666666666,0.3333333333333333,fashion,ES,low
MERCH_000229,47,0,0,0,0,2315.17,49.25893617021277,32.66,0.00027008678322865034,0.0024348277192891,17,40,9,12,0.0,0.0,0.0,0.3617021276595745,0.851063829787234,0.19148936170212766,0.2553191489361702,fashion,ES,low
MERCH_000109,40,0,0,0,0,1678.84,41.971,22.939999999999998,0.00026977695901214444,0.0008245903261237,25,38,8,5,0.0,0.0,0.0,0.625,0.95,0.2,0.125,grocery,FR,low
MERCH_000642,37,0,0,0,0,1370.14,37.03081081081081,26.7,0.00026801302004737316,0.0008444734898165,12,26,5,9,0.0,0.0,0.0,0.32432432432432434,0.7027027027027027,0.13513513513513514,0.24324324324324326,grocery,ES,low
MERCH_000651,24,0,0,0,0,898.59,37.441250000000004,30.57,0.00026695757071160234,0.0007148844810667,13,23,3,9,0.0,0.0,0.0,0.5416666666666666,0.9583333333333334,0.125,0.375,grocery,DE,low
MERCH_000107,50,0,0,0,0,1781.66,35.6332,19.045,0.000265231317843473,0.002016862655744,13,42,7,9,0.0,0.0,0.0,0.26,0.84,0.14,0.18,grocery,ES,low
MERCH_000124,52,0,0,0,0,2698.53,51.894807692307694,35.41,0.0002643016940985623,0.0009517544620316,14,37,2,11,0.0,0.0,0.0,0.2692307692307692,0.7115384615384616,0.038461538461538464,0.21153846153846154,grocery,ES,low
MERCH_000849,30,0,0,0,0,971.01,32.367,20.2,0.0002638032600599275,0.0017727252221209,14,27,3,7,0.0,0.0,0.0,0.4666666666666667,0.9,0.1,0.23333333333333334,grocery,PT,low
MERCH_000004,38,0,0,0,0,1128.79,29.705,17.185000000000002,0.0002633998526236908,0.0021634303809671,13,29,5,11,0.0,0.0,0.0,0.34210526315789475,0.7631578947368421,0.13157894736842105,0.2894736842105263,grocery,ES,low
MERCH_001187,31,0,0,0,0,1338.83,43.18806451612903,33.77,0.00026254448839534795,0.0005330162471702,15,31,5,9,0.0,0.0,0.0,0.4838709677419355,1.0,0.16129032258064516,0.2903225806451613,grocery,FR,low
MERCH_000103,48,0,0,0,0,2175.37,45.32020833333333,28.345,0.0002618248733770938,0.0011408375599473,13,38,6,10,0.0,0.0,0.0,0.2708333333333333,0.7916666666666666,0.125,0.20833333333333334,grocery,ES,low
MERCH_001082,49,0,0,0,0,2397.09,48.920204081632654,26.7,0.0002618055706741172,0.0008203004152172,11,36,7,16,0.0,0.0,0.0,0.22448979591836735,0.7346938775510204,0.14285714285714285,0.32653061224489793,grocery,ES,low
MERCH_000452,57,0,0,0,0,1155.52,20.272280701754386,12.74,0.0002616838300226881,0.0034823356746888,17,51,6,17,0.0,0.0,0.0,0.2982456140350877,0.8947368421052632,0.10526315789473684,0.2982456140350877,grocery,ES,medium
MERCH_000138,25,0,0,0,0,706.33,28.253200000000003,15.29,0.0002615358933291819,0.0015419085943835,13,23,4,2,0.0,0.0,0.0,0.52,0.92,0.16,0.08,grocery,FR,low
MERCH_000352,31,0,0,0,0,1248.46,40.27290322580645,34.37,0.000261291079500743,0.0010474848859944,17,30,4,8,0.0,0.0,0.0,0.5483870967741935,0.967741935483871,0.12903225806451613,0.25806451612903225,grocery,IT,low
MERCH_000422,22,0,0,0,0,965.76,43.89818181818182,25.305,0.00026000941800933956,0.0007663083987625,16,22,2,2,0.0,0.0,0.0,0.7272727272727273,1.0,0.09090909090909091,0.09090909090909091,grocery,DE,low
MERCH_000882,45,0,0,0,0,1202.08,26.712888888888887,16.5,0.00025937706387419053,0.0016034413439712,26,43,6,8,0.0,0.0,0.0,0.5777777777777777,0.9555555555555556,0.13333333333333333,0.17777777777777778,grocery,PT,low
MERCH_000984,32,0,0,0,0,1271.89,39.7465625,29.685000000000002,0.00025890224453653266,0.0006634780412861,23,31,4,7,0.0,0.0,0.0,0.71875,0.96875,0.125,0.21875,grocery,FR,low
MERCH_000742,26,0,0,0,0,1524.94,58.651538461538465,33.32,0.00025869641494294995,0.0009909074310381,17,26,1,5,0.0,0.0,0.0,0.6538461538461539,1.0,0.038461538461538464,0.19230769230769232,grocery,FR,low
MERCH_000572,56,0,0,0,0,2478.58,44.26035714285714,30.785000000000004,0.0002586206708907135,0.0012494412818425,19,46,2,13,0.0,0.0,0.0,0.3392857142857143,0.8214285714285714,0.03571428571428571,0.23214285714285715,grocery,ES,low
MERCH_001007,33,0,0,0,0,1554.92,47.118787878787884,28.86,0.00025768441174535406,0.0005271410625041,18,32,4,12,0.0,0.0,0.0,0.5454545454545454,0.9696969696969697,0.12121212121212122,0.36363636363636365,grocery,IT,low
MERCH_000046,24,0,0,0,0,877.62,36.5675,24.355,0.0002569538223559993,0.0006395182617004,17,24,4,2,0.0,0.0,0.0,0.7083333333333334,1.0,0.16666666666666666,0.08333333333333333,grocery,IT,low
MERCH_000055,36,0,0,0,0,1399.35,38.87083333333333,20.8,0.0002568044108940104,0.0010422448539863,26,36,2,15,0.0,0.0,0.0,0.7222222222222222,1.0,0.05555555555555555,0.4166666666666667,grocery,PT,low
MERCH_000306,42,0,0,0,0,1766.62,42.06238095238095,27.77,0.00025652323759549074,0.0011751905397523,16,34,5,6,0.0,0.0,0.0,0.38095238095238093,0.8095238095238095,0.11904761904761904,0.14285714285714285,grocery,ES,low
MERCH_000307,51,0,0,0,0,1881.95,36.90098039215686,29.24,0.0002549213999146856,0.0015267034162812,11,44,7,12,0.0,0.0,0.0,0.21568627450980393,0.8627450980392157,0.13725490196078433,0.23529411764705882,grocery,ES,low
MERCH_000732,30,0,0,0,0,1535.51,51.18366666666667,38.03,0.00025473225591057477,0.0009464886706559,16,28,4,6,0.0,0.0,0.0,0.5333333333333333,0.9333333333333333,0.13333333333333333,0.2,grocery,FR,low
MERCH_000070,34,0,0,0,0,1366.52,40.19176470588235,32.665,0.00025466323824631344,0.0006677364437544,24,33,4,5,0.0,0.0,0.0,0.7058823529411765,0.9705882352941176,0.11764705882352941,0.14705882352941177,grocery,FR,low
MERCH_000738,44,0,0,0,0,2554.94,58.066818181818185,28.630000000000003,0.00025351011049849645,0.0011008684380893,14,34,6,11,0.0,0.0,0.0,0.3181818181818182,0.7727272727272727,0.13636363636363635,0.25,fashion,ES,medium
MERCH_000831,27,0,0,0,0,966.64,35.80148148148148,18.97,0.0002534980608612215,0.0006566653886724,17,27,3,11,0.0,0.0,0.0,0.6296296296296297,1.0,0.1111111111111111,0.4074074074074074,grocery,IT,low
MERCH_000931,36,0,0,0,0,2692.01,74.77805555555557,58.07,0.0002522110499905776,0.000776598831839,9,29,5,10,0.0,0.0,0.0,0.25,0.8055555555555556,0.1388888888888889,0.2777777777777778,fashion,ES,low
MERCH_000132,32,0,0,0,0,1400.28,43.75875,30.75,0.0002522084589139732,0.0008338018746114,16,32,4,7,0.0,0.0,0.0,0.5,1.0,0.125,0.21875,grocery,IT,low
MERCH_000914,35,0,0,0,0,1402.2,40.06285714285715,34.04,0.000250528385862149,0.0008465158666203,11,30,7,5,0.0,0.0,0.0,0.3142857142857143,0.8571428571428571,0.2,0.14285714285714285,grocery,ES,low
MERCH_000304,58,0,0,0,0,2657.34,45.816206896551726,30.525,0.00024994256938954795,0.0012248879343958,23,51,5,10,0.0,0.0,0.0,0.39655172413793105,0.8793103448275862,0.08620689655172414,0.1724137931034483,grocery,ES,low
MERCH_000277,27,0,0,0,0,1217.19,45.08111111111111,45.26,0.0002489528882435512,0.0005260355075665,14,25,4,4,0.0,0.0,0.0,0.5185185185185185,0.9259259259259259,0.14814814814814814,0.14814814814814814,grocery,FR,low
MERCH_000112,35,0,0,0,0,1210.48,34.585142857142856,29.82,0.0002477668103702895,0.0006428520944735,11,26,5,11,0.0,0.0,0.0,0.3142857142857143,0.7428571428571429,0.14285714285714285,0.3142857142857143,fashion,ES,medium
MERCH_000805,29,0,0,0,0,1132.44,39.04965517241379,22.28,0.00024756112446512856,0.0008851532111258,12,29,3,8,0.0,0.0,0.0,0.41379310344827586,1.0,0.10344827586206896,0.27586206896551724,fashion,IT,low
MERCH_000886,53,0,0,0,0,2356.67,44.465471698113205,28.43,0.00024745273381284496,0.0010606564046899,23,45,7,14,0.0,0.0,0.0,0.4339622641509434,0.8490566037735849,0.1320754716981132,0.2641509433962264,grocery,ES,low
MERCH_000254,35,0,0,0,0,1095.92,31.312,27.08,0.00024656885996220346,0.0009802535687669,6,25,3,5,0.0,0.0,0.0,0.17142857142857143,0.7142857142857143,0.08571428571428572,0.14285714285714285,grocery,ES,low
MERCH_000142,28,0,0,0,0,744.77,26.59892857142857,14.565000000000001,0.0002448166319393958,0.0006566890342556,13,27,4,5,0.0,0.0,0.0,0.4642857142857143,0.9642857142857143,0.14285714285714285,0.17857142857142858,grocery,PT,medium
MERCH_000484,31,0,0,0,0,1038.03,33.48483870967742,23.31,0.0002442422621777058,0.0009465103284303,16,28,5,10,0.0,0.0,0.0,0.5161290322580645,0.9032258064516129,0.16129032258064516,0.3225806451612903,grocery,IT,low
MERCH_000179,47,0,0,0,0,3422.43,72.81765957446808,30.49,0.000241577344390541,0.0008278341923906,20,31,5,7,0.0,0.0,0.0,0.425531914893617,0.6595744680851063,0.10638297872340426,0.14893617021276595,fashion,ES,medium
MERCH_000899,44,0,0,0,0,2391.69,54.35659090909091,31.78,0.00024106499513252267,0.0007792633043263,10,36,2,12,0.0,0.0,0.0,0.22727272727272727,0.8181818181818182,0.045454545454545456,0.2727272727272727,grocery,ES,low
MERCH_001142,34,0,0,0,0,1518.37,44.65794117647059,36.18000000000001,0.00024104630904012083,0.0005916631317965,12,30,6,8,0.0,0.0,0.0,0.35294117647058826,0.8823529411764706,0.17647058823529413,0.23529411764705882,grocery,ES,low
MERCH_001075,40,0,0,0,0,1515.15,37.878750000000004,24.455,0.00023901918538563253,0.000749555116156,18,38,7,18,0.0,0.0,0.0,0.45,0.95,0.175,0.45,grocery,PT,low
MERCH_001146,56,0,0,0,0,2545.65,45.458035714285714,24.855,0.00023849513890039084,0.0026078449299587,10,45,8,15,0.0,0.0,0.0,0.17857142857142858,0.8035714285714286,0.14285714285714285,0.26785714285714285,grocery,ES,low
MERCH_000034,21,0,0,0,0,866.1899999999999,41.247142857142855,27.59,0.00023786926139760702,0.0006265514572885,12,21,1,4,0.0,0.0,0.0,0.5714285714285714,1.0,0.047619047619047616,0.19047619047619047,grocery,FR,low
MERCH_000084,39,0,0,0,0,1394.32,35.75179487179487,19.47,0.00023721173858663332,0.0017227962313633,12,31,8,5,0.0,0.0,0.0,0.3076923076923077,0.7948717948717948,0.20512820512820512,0.1282051282051282,fashion,ES,low
MERCH_001012,32,0,0,0,0,947.68,29.615,25.535,0.00023536827377377604,0.0005068189849693,18,30,1,5,0.0,0.0,0.0,0.5625,0.9375,0.03125,0.15625,grocery,IT,low
MERCH_000296,32,0,0,0,0,927.54,28.985625,21.46,0.00023454132210977,0.0007791367946387,13,31,5,6,0.0,0.0,0.0,0.40625,0.96875,0.15625,0.1875,grocery,PT,low
MERCH_000021,47,0,0,0,0,3202.46,68.13744680851065,50.24,0.00023428980752397696,0.0018452066383345,15,38,5,8,0.0,0.0,0.0,0.3191489361702128,0.8085106382978723,0.10638297872340426,0.1702127659574468,fashion,ES,low
MERCH_000599,47,0,0,0,0,2786.9300000000003,59.29638297872341,29.94,0.0002331556739702037,0.0006996376592827,15,38,6,11,0.0,0.0,0.0,0.3191489361702128,0.8085106382978723,0.1276595744680851,0.23404255319148937,grocery,ES,low
MERCH_000166,38,0,0,0,0,1831.46,48.19631578947369,26.435000000000002,0.00023284560561863046,0.0006333190545494,9,28,8,6,0.0,0.0,0.0,0.23684210526315788,0.7368421052631579,0.21052631578947367,0.15789473684210525,fashion,ES,low
MERCH_000798,60,0,0,0,0,1996.56,33.275999999999996,15.23,0.00023189994860171618,0.0009169726604063,19,54,9,12,0.0,0.0,0.0,0.31666666666666665,0.9,0.15,0.2,fashion,ES,low
MERCH_000101,39,0,0,0,0,1650.99,42.33307692307692,26.54,0.0002305435353467105,0.0010131814813593,18,38,5,6,0.0,0.0,0.0,0.46153846153846156,0.9743589743589743,0.1282051282051282,0.15384615384615385,grocery,IT,low
MERCH_000261,26,0,0,0,0,1055.78,40.606923076923074,30.255000000000003,0.00023043214742807962,0.0004659892815749,7,22,3,7,0.0,0.0,0.0,0.2692307692307692,0.8461538461538461,0.11538461538461539,0.2692307692307692,grocery,ES,low
MERCH_000710,36,0,0,0,0,1788.7,49.68611111111111,26.060000000000002,0.00022946106643954292,0.0005648776726634,16,34,0,9,0.0,0.0,0.0,0.4444444444444444,0.9444444444444444,0.0,0.25,grocery,IT,low
MERCH_000369,53,0,0,0,0,3001.51,56.6322641509434,38.93,0.00022924954391741182,0.0019326965087651,18,44,4,16,0.0,0.0,0.0,0.33962264150943394,0.8301886792452831,0.07547169811320754,0.3018867924528302,fashion,ES,low
MERCH_000343,35,0,0,0,0,1333.51,38.10028571428571,26.54,0.00022863271064607155,0.0009324615832264,12,31,5,11,0.0,0.0,0.0,0.34285714285714286,0.8857142857142857,0.14285714285714285,0.3142857142857143,grocery,ES,low
MERCH_000294,40,0,0,0,0,1939.45,48.48625,26.560000000000002,0.00022839491121140585,0.0013235434488939,9,30,6,5,0.0,0.0,0.0,0.225,0.75,0.15,0.125,fashion,ES,low
MERCH_001192,38,0,0,0,0,1184.8,31.178947368421053,19.685000000000002,0.00022801251439928577,0.0005317289999705,12,31,8,5,0.0,0.0,0.0,0.3157894736842105,0.8157894736842105,0.21052631578947367,0.13157894736842105,grocery,ES,low
MERCH_000671,49,0,0,0,0,2432.97,49.65244897959183,29.31,0.0002263746510320127,0.0004202296517817,16,40,5,14,0.0,0.0,0.0,0.32653061224489793,0.8163265306122449,0.10204081632653061,0.2857142857142857,grocery,ES,low
MERCH_001099,32,0,0,0,0,1317.28,41.165,28.450000000000003,0.0002259843612102976,0.000691108131091,15,30,4,4,0.0,0.0,0.0,0.46875,0.9375,0.125,0.125,grocery,PT,low
MERCH_001135,32,0,0,0,0,1050.76,32.83625,23.215,0.00022597541488867897,0.0010334759323126,18,32,5,7,0.0,0.0,0.0,0.5625,1.0,0.15625,0.21875,grocery,PT,low
MERCH_000891,33,0,0,0,0,2520.41,76.3760606060606,43.06,0.00022543968523181608,0.000537325323422,20,32,3,9,0.0,0.0,0.0,0.6060606060606061,0.9696969696969697,0.09090909090909091,0.2727272727272727,fashion,DE,low
MERCH_000705,37,0,0,0,0,1150.1,31.08378378378378,21.51,0.00022515229376117923,0.0008985790545021,12,32,3,12,0.0,0.0,0.0,0.32432432432432434,0.8648648648648649,0.08108108108108109,0.32432432432432434,grocery,ES,low
MERCH_000498,47,0,0,0,0,1690.75,35.973404255319146,22.45,0.00022394452443693822,0.0020395476092549,11,36,6,8,0.0,0.0,0.0,0.23404255319148937,0.7659574468085106,0.1276595744680851,0.1702127659574468,grocery,ES,low
MERCH_000367,34,0,0,0,0,1893.85,55.70147058823529,39.765,0.0002238855754262887,0.0004351359721021,24,33,3,7,0.0,0.0,0.0,0.7058823529411765,0.9705882352941176,0.08823529411764706,0.20588235294117646,grocery,IT,low
MERCH_000375,43,0,0,0,0,1776.81,41.32116279069767,26.84,0.00022312327448517839,0.0008279446961257,16,35,3,10,0.0,0.0,0.0,0.37209302325581395,0.813953488372093,0.06976744186046512,0.23255813953488372,fashion,ES,medium
MERCH_000407,53,0,0,0,0,1871.26,35.30679245283019,24.11,0.0002209628583862855,0.0011899956700433,17,41,8,15,0.0,0.0,0.0,0.32075471698113206,0.7735849056603774,0.1509433962264151,0.2830188679245283,grocery,ES,low
MERCH_000625,42,0,0,0,0,2652.94,63.165238095238095,25.8,0.00022018078223306627,0.0011844606384418,17,30,4,9,0.0,0.0,0.0,0.40476190476190477,0.7142857142857143,0.09523809523809523,0.21428571428571427,grocery,ES,low
MERCH_000089,50,0,0,0,0,2190.0,43.8,30.465,0.00021927554904167438,0.0005626163876396,13,34,3,13,0.0,0.0,0.0,0.26,0.68,0.06,0.26,grocery,ES,low
MERCH_000680,44,0,0,0,0,2818.51,64.05704545454546,47.595,0.0002183128323882554,0.0008677499979601,13,38,10,6,0.0,0.0,0.0,0.29545454545454547,0.8636363636363636,0.22727272727272727,0.13636363636363635,fashion,ES,medium
MERCH_000601,32,0,0,0,0,783.69,24.4903125,16.27,0.00021696663499057306,0.0004381829782427,10,25,4,13,0.0,0.0,0.0,0.3125,0.78125,0.125,0.40625,grocery,ES,low
MERCH_000842,39,0,0,0,0,1271.67,32.60692307692308,19.74,0.0002165528677333844,0.0005574905407014,12,31,2,8,0.0,0.0,0.0,0.3076923076923077,0.7948717948717948,0.05128205128205128,0.20512820512820512,grocery,ES,low
MERCH_000590,37,0,0,0,0,1320.95,35.701351351351356,26.68,0.00021466010524443053,0.0011210539165097,21,36,2,4,0.0,0.0,0.0,0.5675675675675675,0.972972972972973,0.05405405405405406,0.10810810810810811,grocery,DE,low
MERCH_000807,42,0,0,0,0,2974.78,70.82809523809524,33.815,0.0002145236031683556,0.000670572615695,19,34,8,7,0.0,0.0,0.0,0.4523809523809524,0.8095238095238095,0.19047619047619047,0.16666666666666666,fashion,ES,low
MERCH_000670,27,0,0,0,0,1251.37,46.34703703703703,32.91,0.00021393429913870178,0.0006428527336511,15,23,2,2,0.0,0.0,0.0,0.5555555555555556,0.8518518518518519,0.07407407407407407,0.07407407407407407,grocery,FR,low
MERCH_000802,43,0,0,0,0,1667.24,38.77302325581395,21.49,0.00021315518476463515,0.0012061298363814,14,33,4,8,0.0,0.0,0.0,0.32558139534883723,0.7674418604651163,0.09302325581395349,0.18604651162790697,grocery,ES,low
MERCH_000936,23,0,0,0,0,528.71,22.987391304347828,14.8,0.00021312007483723205,0.0011660928747492,13,23,2,5,0.0,0.0,0.0,0.5652173913043478,1.0,0.08695652173913043,0.21739130434782608,grocery,FR,low
MERCH_000937,32,0,0,0,0,1336.56,41.7675,27.96,0.00021248785543507895,0.0007791018792112,17,32,4,7,0.0,0.0,0.0,0.53125,1.0,0.125,0.21875,grocery,IT,low
MERCH_000206,32,0,0,0,0,1316.98,41.155625,25.71,0.00021226162418229886,0.0006401352745508,19,32,2,7,0.0,0.0,0.0,0.59375,1.0,0.0625,0.21875,grocery,PT,low
MERCH_000717,24,0,0,0,0,1477.19,61.54958333333334,48.3,0.00021189503680565025,0.0004002484604828,9,24,2,3,0.0,0.0,0.0,0.375,1.0,0.08333333333333333,0.125,fashion,FR,low
MERCH_000666,30,0,0,0,0,1419.9299999999998,47.330999999999996,17.240000000000002,0.00021163378012815714,0.0010668734935744,15,29,3,5,0.0,0.0,0.0,0.5,0.9666666666666667,0.1,0.16666666666666666,fashion,FR,medium
MERCH_000796,50,0,0,0,0,1834.29,36.6858,18.895000000000003,0.00021087326453996438,0.0006668688489255,21,40,2,14,0.0,0.0,0.0,0.42,0.8,0.04,0.28,grocery,ES,low
MERCH_000269,36,0,0,0,0,1329.64,36.934444444444445,27.7,0.00021034088269854942,0.0006082993329111,10,26,2,9,0.0,0.0,0.0,0.2777777777777778,0.7222222222222222,0.05555555555555555,0.25,grocery,ES,low
MERCH_000399,51,0,0,0,0,1910.45,37.45980392156863,24.23,0.00021030944547812552,0.0008516179196333,14,42,2,13,0.0,0.0,0.0,0.27450980392156865,0.8235294117647058,0.0392156862745098,0.2549019607843137,grocery,ES,low
MERCH_000462,49,0,0,0,0,2899.24,59.16816326530612,40.51,0.00020945820933683407,0.0007180682119437,14,40,7,10,0.0,0.0,0.0,0.2857142857142857,0.8163265306122449,0.14285714285714285,0.20408163265306123,fashion,ES,low
MERCH_000058,47,0,0,0,0,2193.36,46.6672340425532,41.32,0.0002094361708983998,0.0006583761636345,19,42,5,10,0.0,0.0,0.0,0.40425531914893614,0.8936170212765957,0.10638297872340426,0.2127659574468085,grocery,ES,low
MERCH_000653,44,0,0,0,0,1507.5,34.26136363636363,23.345,0.00020730812389292352,0.0007289397695417,12,34,1,8,0.0,0.0,0.0,0.2727272727272727,0.7727272727272727,0.022727272727272728,0.18181818181818182,grocery,ES,low
MERCH_001115,45,0,0,0,0,1192.54,26.500888888888888,16.18,0.00020562304734703766,0.0015224603148678,21,33,7,12,0.0,0.0,0.0,0.4666666666666667,0.7333333333333333,0.15555555555555556,0.26666666666666666,grocery,ES,low
MERCH_000110,47,0,0,0,0,1827.6,38.88510638297872,24.28,0.00020527653994846436,0.0009851911118896,14,42,6,6,0.0,0.0,0.0,0.2978723404255319,0.8936170212765957,0.1276595744680851,0.1276595744680851,grocery,ES,low
MERCH_000309,33,0,0,0,0,1248.93,37.84636363636364,32.87,0.00020448938679541314,0.0008549438659475,9,26,3,5,0.0,0.0,0.0,0.2727272727272727,0.7878787878787878,0.09090909090909091,0.15151515151515152,grocery,ES,low
MERCH_000782,52,0,0,0,0,1665.21,32.02326923076923,15.125,0.00020276595405959003,0.0010105231745943,16,46,11,15,0.0,0.0,0.0,0.3076923076923077,0.8846153846153846,0.21153846153846154,0.28846153846153844,grocery,ES,low
MERCH_000892,35,0,0,0,0,992.27,28.350571428571428,14.95,0.00019663635006376143,0.0006838062540655,23,34,5,11,0.0,0.0,0.0,0.6571428571428571,0.9714285714285714,0.14285714285714285,0.3142857142857143,grocery,FR,low
MERCH_001017,40,0,0,0,0,1411.38,35.2845,24.674999999999997,0.0001946155553239034,0.000727556372514,11,35,4,13,0.0,0.0,0.0,0.275,0.875,0.1,0.325,grocery,ES,low
MERCH_000262,50,0,0,0,0,2218.85,44.376999999999995,29.81,0.00019227680694927285,0.00054750405367,13,42,8,12,0.0,0.0,0.0,0.26,0.84,0.16,0.24,grocery,ES,low
MERCH_001178,38,0,0,0,0,2142.0099999999998,56.36868421052631,29.47,0.00019179470359137615,0.0005607567567956,20,35,3,7,0.0,0.0,0.0,0.5263157894736842,0.9210526315789473,0.07894736842105263,0.18421052631578946,fashion,IT,low
MERCH_000122,45,0,0,0,0,1619.56,35.99022222222222,24.81,0.00018885817763061508,0.0005779924279824,13,36,4,5,0.0,0.0,0.0,0.28888888888888886,0.8,0.08888888888888889,0.1111111111111111,grocery,ES,low
MERCH_000072,44,0,0,0,0,1459.85,33.17840909090909,26.48,0.00018785793080010741,0.0006653328915231,13,32,0,10,0.0,0.0,0.0,0.29545454545454547,0.7272727272727273,0.0,0.22727272727272727,grocery,ES,low
MERCH_001126,33,0,0,0,0,1464.66,44.38363636363636,23.04,0.00018491407099069333,0.0005117223807242,18,33,2,5,0.0,0.0,0.0,0.5454545454545454,1.0,0.06060606060606061,0.15151515151515152,grocery,PT,low
MERCH_001117,38,0,0,0,0,2980.9500000000003,78.44605263157895,45.32,0.00017743240445039285,0.0003978700675102,20,37,2,6,0.0,0.0,0.0,0.5263157894736842,0.9736842105263158,0.05263157894736842,0.15789473684210525,fashion,DE,low
MERCH_000860,34,0,0,0,0,1357.95,39.93970588235294,26.07,0.00017560095016935014,0.0003690325353915,23,34,4,8,0.0,0.0,0.0,0.6764705882352942,1.0,0.11764705882352941,0.23529411764705882,grocery,FR,low
MERCH_000828,24,0,0,0,0,794.48,33.10333333333333,21.14,0.0001751176449566882,0.0004643394456823,16,24,4,5,0.0,0.0,0.0,0.6666666666666666,1.0,0.16666666666666666,0.20833333333333334,grocery,DE,low
MERCH_000990,45,0,0,0,0,1208.71,26.860222222222223,18.01,0.00017318540927566784,0.0004743397700906,14,37,3,5,0.0,0.0,0.0,0.3111111111111111,0.8222222222222222,0.06666666666666667,0.1111111111111111,grocery,ES,low
MERCH_000790,40,0,0,0,0,1226.71,30.66775,20.380000000000003,0.000172333621328182,0.0003541295511073,14,31,5,15,0.0,0.0,0.0,0.35,0.775,0.125,0.375,grocery,ES,low
MERCH_000863,38,0,0,0,0,1251.26,32.927894736842106,21.715,0.00016876543477453568,0.0004619535259211,13,30,2,7,0.0,0.0,0.0,0.34210526315789475,0.7894736842105263,0.05263157894736842,0.18421052631578946,grocery,ES,low
MERCH_000616,42,0,0,0,0,1548.56,36.87047619047619,24.740000000000002,0.00016790685323994444,0.000526930887289,9,31,4,7,0.0,0.0,0.0,0.21428571428571427,0.7380952380952381,0.09523809523809523,0.16666666666666666,grocery,ES,low
MERCH_000667,53,0,0,0,0,1700.78,32.09018867924528,19.91,0.00016027085829717537,0.0009523092070985,15,45,8,10,0.0,0.0,0.0,0.2830188679245283,0.8490566037735849,0.1509433962264151,0.18867924528301888,grocery,ES,low
MERCH_000664,45,0,0,0,0,1367.6,30.39111111111111,18.25,0.00015540803343095085,0.0011088918058697,9,34,8,10,0.0,0.0,0.0,0.2,0.7555555555555555,0.17777777777777778,0.2222222222222222,grocery,ES,low
MERCH_000127,34,0,0,0,0,834.86,24.55470588235294,13.17,0.00015012524354831772,0.0002772440737956,7,26,2,10,0.0,0.0,0.0,0.20588235294117646,0.7647058823529411,0.058823529411764705,0.29411764705882354,grocery,ES,low
MERCH_000130,34,0,0,0,0,1148.68,33.784705882352945,15.9,0.00014745369273727415,0.0003791594730002,12,30,2,5,0.0,0.0,0.0,0.35294117647058826,0.8823529411764706,0.058823529411764705,0.14705882352941177,fashion,ES,low
