payment_method_id,txn_count,fraud_count,alert_count,high_risk_count,medium_risk_count,approved_amount_sum,avg_amount,median_amount,avg_fraud_score,max_fraud_score,cross_border_count,geo_mismatch_count,ip_mismatch_count,low_trust_device_count,fraud_rate,alert_rate,high_risk_rate,cross_border_rate,geo_mismatch_rate,ip_mismatch_rate,low_trust_device_rate,payment_type,issuer_country,currency
PM_009341,4,2,1,1,2,796.8100000000001,199.20250000000001,116.25,0.7563606961760706,0.9984856481320796,3,4,3,3,0.5,0.25,0.25,0.75,1.0,0.75,0.75,credit_card,US,EUR
PM_010976,3,0,1,1,1,646.22,215.40666666666667,202.5,0.6077235806105133,0.9245704681392756,3,3,1,0,0.0,0.3333333333333333,0.3333333333333333,1.0,1.0,0.3333333333333333,0.0,credit_card,PT,EUR
PM_006417,3,1,0,0,2,295.54999999999995,98.51666666666665,100.27,0.5618212060960184,0.8740811540392728,3,3,2,2,0.3333333333333333,0.0,0.0,1.0,1.0,0.6666666666666666,0.6666666666666666,credit_card,ES,EUR
PM_004902,4,1,1,1,1,393.89,98.4725,46.370000000000005,0.5440705284098777,0.9400594141361048,4,4,3,0,0.25,0.25,0.25,1.0,1.0,0.75,0.0,debit_card,PT,EUR
PM_001825,3,1,0,0,2,189.07,63.02333333333333,30.06,0.5408721505599337,0.8759916926046235,1,3,2,3,0.3333333333333333,0.0,0.0,0.3333333333333333,1.0,0.6666666666666666,1.0,wallet,US,EUR
PM_003952,3,0,1,1,1,2056.8,685.6,790.6,0.5371391650554667,0.902408611605207,1,3,1,3,0.0,0.3333333333333333,0.3333333333333333,0.3333333333333333,1.0,0.3333333333333333,1.0,credit_card,GB,EUR
PM_009934,3,2,1,1,0,274.1,91.36666666666667,99.31,0.5242291425868181,0.9871742324319328,1,3,2,0,0.6666666666666666,0.3333333333333333,0.3333333333333333,0.3333333333333333,1.0,0.6666666666666666,0.0,credit_card,GB,EUR
PM_007233,3,1,1,1,0,1168.55,389.51666666666665,385.37,0.5152731269369741,0.9514288027715192,3,3,1,1,0.3333333333333333,0.3333333333333333,0.3333333333333333,1.0,1.0,0.3333333333333333,0.3333333333333333,credit_card,GB,EUR
PM_007652,4,0,0,0,2,936.68,234.17,155.14,0.5124586634445415,0.7489745329539983,3,4,3,2,0.0,0.0,0.0,0.75,1.0,0.75,0.5,credit_card,US,EUR
PM_010143,4,0,0,0,1,311.79999999999995,77.94999999999999,77.975,0.49384606942634407,0.8689186364482393,3,4,3,1,0.0,0.0,0.0,0.75,1.0,0.75,0.25,debit_card,ES,EUR
PM_006983,4,1,0,0,2,1026.53,256.6325,219.595,0.4842937655216227,0.8110427675173049,3,4,2,3,0.25,0.0,0.0,0.75,1.0,0.5,0.75,credit_card,IT,EUR
PM_009739,3,2,0,0,1,393.87,131.29,163.13,0.4796814157219839,0.7512200337480431,3,3,2,0,0.6666666666666666,0.0,0.0,1.0,1.0,0.6666666666666666,0.0,credit_card,PT,EUR
PM_003480,3,1,1,1,0,604.8,201.6,233.38,0.4713948358777768,0.9785536366765516,3,3,2,3,0.3333333333333333,0.3333333333333333,0.3333333333333333,1.0,1.0,0.6666666666666666,1.0,bank_transfer,ES,EUR
PM_001068,4,1,1,1,0,858.27,214.5675,113.475,0.471203210623609,0.931302733100824,2,4,1,4,0.25,0.25,0.25,0.5,1.0,0.25,1.0,debit_card,IT,EUR
PM_006426,3,0,0,0,1,168.86,56.28666666666667,23.2,0.4642913421820087,0.7857900856897422,1,3,2,0,0.0,0.0,0.0,0.3333333333333333,1.0,0.6666666666666666,0.0,debit_card,ES,EUR
PM_000611,4,0,0,0,1,528.97,132.2425,99.515,0.4621808839575016,0.8314144502252631,2,3,3,0,0.0,0.0,0.0,0.5,0.75,0.75,0.0,debit_card,IT,EUR
PM_001109,3,0,0,0,1,294.92,98.30666666666667,29.94,0.4570229646058786,0.8709728358017539,1,3,2,2,0.0,0.0,0.0,0.3333333333333333,1.0,0.6666666666666666,0.6666666666666666,debit_card,FR,EUR
PM_002056,6,1,2,2,0,606.26,101.04333333333334,85.775,0.4561315355349493,0.9800238460447576,3,6,2,2,0.16666666666666666,0.3333333333333333,0.3333333333333333,0.5,1.0,0.3333333333333333,0.3333333333333333,credit_card,PT,EUR
PM_005913,4,2,1,1,1,229.13000000000002,57.282500000000006,24.005,0.45527217616784477,0.9865839589693568,3,4,2,0,0.5,0.25,0.25,0.75,1.0,0.5,0.0,credit_card,GB,EUR
PM_009285,5,0,2,2,0,590.76,118.152,70.78,0.4552581472331626,0.9744880288458908,3,5,3,4,0.0,0.4,0.4,0.6,1.0,0.6,0.8,credit_card,US,EUR
PM_000576,3,1,1,1,0,2383.5,794.5,401.27,0.45280132032279913,0.9698657485361308,3,3,1,2,0.3333333333333333,0.3333333333333333,0.3333333333333333,1.0,1.0,0.3333333333333333,0.6666666666666666,credit_card,PT,EUR
PM_010430,5,1,0,0,2,1264.48,252.89600000000002,109.22,0.4489836229068816,0.8599235833763483,3,3,1,3,0.2,0.0,0.0,0.6,0.6,0.2,0.6,credit_card,ES,EUR
PM_006259,3,0,0,0,1,114.43,38.14333333333334,35.16,0.43905925758149067,0.8481692460307179,1,3,1,2,0.0,0.0,0.0,0.3333333333333333,1.0,0.3333333333333333,0.6666666666666666,wallet,US,EUR
PM_005775,6,2,1,1,1,1221.19,203.53166666666667,172.565,0.4388530608252821,0.9252621717342538,4,6,3,1,0.3333333333333333,0.16666666666666666,0.16666666666666666,0.6666666666666666,1.0,0.5,0.16666666666666666,credit_card,IT,EUR
PM_002752,5,0,0,0,1,853.77,170.754,78.08,0.43779555639041706,0.8724188209309726,3,5,2,5,0.0,0.0,0.0,0.6,1.0,0.4,1.0,credit_card,ES,EUR
PM_002694,4,1,1,1,1,333.76,83.44,88.435,0.4365125144476681,0.9621796268990176,3,4,2,0,0.25,0.25,0.25,0.75,1.0,0.5,0.0,debit_card,PT,EUR
PM_007350,6,2,1,1,1,246.65,41.108333333333334,39.295,0.43473907399052186,0.92399905956494,3,6,3,0,0.3333333333333333,0.16666666666666666,0.16666666666666666,0.5,1.0,0.5,0.0,credit_card,US,EUR
PM_004566,4,1,1,1,1,1105.96,276.49,123.91499999999999,0.42714165065567217,0.9846194663612262,0,4,1,0,0.25,0.25,0.25,0.0,1.0,0.25,0.0,credit_card,GB,EUR
PM_001936,6,0,1,1,0,561.21,93.53500000000001,97.01,0.424216437822133,0.928585805953524,2,6,2,5,0.0,0.16666666666666666,0.16666666666666666,0.3333333333333333,1.0,0.3333333333333333,0.8333333333333334,credit_card,PT,EUR
PM_006419,5,0,0,0,2,642.97,128.594,104.02,0.4235747136133832,0.8761095832860436,4,5,2,0,0.0,0.0,0.0,0.8,1.0,0.4,0.0,credit_card,GB,EUR
PM_007504,7,1,2,2,1,1718.92,245.56,185.58,0.4224515849808131,0.9972356678487306,4,7,4,2,0.14285714285714285,0.2857142857142857,0.2857142857142857,0.5714285714285714,1.0,0.5714285714285714,0.2857142857142857,credit_card,FR,EUR
PM_001047,5,0,0,0,2,1310.3899999999999,262.078,367.77,0.4220432412696199,0.8650992319860424,1,5,3,1,0.0,0.0,0.0,0.2,1.0,0.6,0.2,credit_card,GB,EUR
PM_011903,5,1,2,2,0,1992.24,398.448,192.93,0.41175626534909504,0.9802116119259844,5,5,2,5,0.2,0.4,0.4,1.0,1.0,0.4,1.0,credit_card,IT,EUR
PM_008650,5,0,0,0,1,1534.06,306.812,356.01,0.4106287682182116,0.7016313007442919,3,5,1,2,0.0,0.0,0.0,0.6,1.0,0.2,0.4,credit_card,GB,EUR
PM_003508,8,2,2,2,0,1389.33,173.66625,109.875,0.40301404124288226,0.9526045531347846,4,8,3,4,0.25,0.25,0.25,0.5,1.0,0.375,0.5,credit_card,FR,EUR
PM_011008,3,0,1,1,0,330.4,110.13333333333333,43.36,0.40242531702478107,0.9883404975559568,1,3,0,1,0.0,0.3333333333333333,0.3333333333333333,0.3333333333333333,1.0,0.0,0.3333333333333333,credit_card,US,EUR
PM_007975,4,2,1,1,0,1455.19,363.7975,394.66999999999996,0.4017272057229423,0.99619238709991,2,4,2,0,0.5,0.25,0.25,0.5,1.0,0.5,0.0,credit_card,PT,EUR
PM_006516,6,1,1,1,1,1874.3600000000001,312.3933333333334,188.935,0.4005564299958589,0.9880389684575076,5,6,3,3,0.16666666666666666,0.16666666666666666,0.16666666666666666,0.8333333333333334,1.0,0.5,0.5,credit_card,PT,EUR
PM_009176,3,0,1,1,0,1134.55,378.18333333333334,212.04,0.3967798777680391,0.9667527522011854,1,3,1,3,0.0,0.3333333333333333,0.3333333333333333,0.3333333333333333,1.0,0.3333333333333333,1.0,credit_card,FR,EUR
PM_004124,6,0,1,1,1,363.75,60.625,40.074999999999996,0.39586383351258553,0.9266530407828908,4,6,3,0,0.0,0.16666666666666666,0.16666666666666666,0.6666666666666666,1.0,0.5,0.0,credit_card,PT,EUR
PM_009702,3,0,0,0,1,361.86,120.62,119.16,0.39404417556295,0.7466017742607997,3,3,3,0,0.0,0.0,0.0,1.0,1.0,1.0,0.0,credit_card,IT,EUR
PM_004279,4,0,0,0,1,966.5999999999999,241.64999999999998,132.815,0.3911775378610364,0.8257398621178956,3,4,1,4,0.0,0.0,0.0,0.75,1.0,0.25,1.0,wallet,FR,EUR
PM_005368,3,1,1,1,0,1451.02,483.67333333333335,284.02,0.39037399572805587,0.990853551838374,3,3,1,1,0.3333333333333333,0.3333333333333333,0.3333333333333333,1.0,1.0,0.3333333333333333,0.3333333333333333,credit_card,ES,EUR
PM_008026,4,0,0,0,1,655.03,163.7575,54.185,0.39010543773350803,0.8780643678985404,3,4,0,0,0.0,0.0,0.0,0.75,1.0,0.0,0.0,debit_card,ES,EUR
PM_003250,7,0,0,0,3,1915.49,273.64142857142855,203.89,0.3898415122287978,0.8514445836032615,4,6,3,6,0.0,0.0,0.0,0.5714285714285714,0.8571428571428571,0.42857142857142855,0.8571428571428571,credit_card,FR,EUR
PM_000761,5,1,1,1,1,917.84,183.568,108.99,0.3887120962415071,0.9515811240962652,3,4,2,5,0.2,0.2,0.2,0.6,0.8,0.4,1.0,wallet,ES,EUR
PM_004001,4,1,1,1,0,186.57,46.6425,52.08,0.38429867971844794,0.9713228710251194,3,4,1,0,0.25,0.25,0.25,0.75,1.0,0.25,0.0,credit_card,ES,EUR
PM_007710,4,0,1,1,0,460.05,115.0125,66.85,0.38278886359553516,0.9004779425257848,2,2,2,4,0.0,0.25,0.25,0.5,0.5,0.5,1.0,bank_transfer,ES,EUR
PM_009608,4,1,1,1,0,938.48,234.62,234.81,0.3733785800449024,0.9869136220684116,3,4,1,3,0.25,0.25,0.25,0.75,1.0,0.25,0.75,debit_card,FR,EUR
PM_004138,4,1,1,1,0,975.3,243.825,243.995,0.37213590189533985,0.9332538955485512,2,4,0,3,0.25,0.25,0.25,0.5,1.0,0.0,0.75,credit_card,US,EUR
PM_005403,3,0,1,1,0,480.01,160.00333333333333,175.61,0.37030926162519023,0.9418149756224692,1,3,1,3,0.0,0.3333333333333333,0.3333333333333333,0.3333333333333333,1.0,0.3333333333333333,1.0,credit_card,FR,EUR
PM_010559,3,0,1,1,0,233.39000000000001,77.79666666666667,96.48,0.37020393670660706,0.9252185193803129,2,2,2,2,0.0,0.3333333333333333,0.3333333333333333,0.6666666666666666,0.6666666666666666,0.6666666666666666,0.6666666666666666,credit_card,ES,EUR
PM_008060,4,0,0,0,1,691.25,172.8125,166.67000000000002,0.3683388960549388,0.8337436609091732,1,4,2,0,0.0,0.0,0.0,0.25,1.0,0.5,0.0,debit_card,PT,EUR
PM_001082,7,2,1,1,1,2118.52,302.6457142857143,217.36,0.36687361650320416,0.98976394505063,3,4,3,4,0.2857142857142857,0.14285714285714285,0.14285714285714285,0.42857142857142855,0.5714285714285714,0.42857142857142855,0.5714285714285714,credit_card,ES,EUR
PM_007596,7,0,0,0,2,574.34,82.04857142857144,65.03,0.36599266351849036,0.8962606572453978,5,7,3,6,0.0,0.0,0.0,0.7142857142857143,1.0,0.42857142857142855,0.8571428571428571,debit_card,PT,EUR
PM_010370,6,0,2,2,0,1496.8799999999999,249.48,124.935,0.3650437898879999,0.9580805840394522,1,6,2,4,0.0,0.3333333333333333,0.3333333333333333,0.16666666666666666,1.0,0.3333333333333333,0.6666666666666666,credit_card,GB,EUR
PM_001526,4,1,0,0,1,1027.86,256.965,263.275,0.36486848803633304,0.8300515319779712,2,4,1,0,0.25,0.0,0.0,0.5,1.0,0.25,0.0,debit_card,ES,EUR
PM_007385,3,1,1,1,0,781.92,260.64,156.67,0.3632938265209959,0.9936096791321244,2,3,1,2,0.3333333333333333,0.3333333333333333,0.3333333333333333,0.6666666666666666,1.0,0.3333333333333333,0.6666666666666666,credit_card,ES,EUR
PM_010870,7,0,0,0,0,1280.29,182.89857142857142,152.23,0.362266693988094,0.6935395049935668,5,7,2,0,0.0,0.0,0.0,0.7142857142857143,1.0,0.2857142857142857,0.0,credit_card,ES,EUR
PM_006443,5,0,0,0,2,652.86,130.572,101.13,0.36145920146377286,0.7509617474185083,4,4,1,0,0.0,0.0,0.0,0.8,0.8,0.2,0.0,credit_card,IT,EUR
PM_009738,11,1,0,0,3,981.38,89.21636363636364,54.07,0.36108501364473894,0.8836864820108383,9,11,5,8,0.09090909090909091,0.0,0.0,0.8181818181818182,1.0,0.45454545454545453,0.7272727272727273,debit_card,ES,EUR
PM_007019,7,1,1,1,1,605.6,86.51428571428572,91.72,0.35894766888131413,0.9521299934462216,5,6,2,7,0.14285714285714285,0.14285714285714285,0.14285714285714285,0.7142857142857143,0.8571428571428571,0.2857142857142857,1.0,wallet,ES,EUR
PM_011659,4,1,1,1,0,1322.6200000000001,330.65500000000003,299.435,0.35316655233807176,0.9782346220449326,1,4,2,4,0.25,0.25,0.25,0.25,1.0,0.5,1.0,wallet,GB,EUR
PM_001553,6,2,1,1,1,1142.63,190.43833333333336,57.235,0.35195238809251134,0.9907352725602754,3,6,4,3,0.3333333333333333,0.16666666666666666,0.16666666666666666,0.5,1.0,0.6666666666666666,0.5,credit_card,US,EUR
PM_001003,4,0,0,0,1,264.84,66.21,52.949999999999996,0.3510356375573198,0.8881833100656918,3,4,1,1,0.0,0.0,0.0,0.75,1.0,0.25,0.25,debit_card,FR,EUR
PM_008345,5,1,1,1,1,1183.98,236.796,99.39,0.349796104968307,0.9947670122150116,4,5,2,3,0.2,0.2,0.2,0.8,1.0,0.4,0.6,credit_card,PT,EUR
PM_006243,5,0,1,1,1,729.51,145.902,57.03,0.34954600352278353,0.951714886435562,3,5,2,1,0.0,0.2,0.2,0.6,1.0,0.4,0.2,credit_card,FR,EUR
PM_002479,4,0,1,1,0,292.55,73.1375,73.72,0.34822699471752383,0.911942013863672,1,2,2,2,0.0,0.25,0.25,0.25,0.5,0.5,0.5,credit_card,ES,EUR
PM_005565,4,1,1,1,0,167.54999999999998,41.887499999999996,29.93,0.3480731848541891,0.995355375665187,3,3,2,1,0.25,0.25,0.25,0.75,0.75,0.5,0.25,wallet,ES,EUR
PM_009287,6,0,1,1,0,1076.75,179.45833333333334,82.355,0.3475883334081278,0.9118253178464104,6,6,1,5,0.0,0.16666666666666666,0.16666666666666666,1.0,1.0,0.16666666666666666,0.8333333333333334,wallet,US,EUR
PM_000278,3,1,0,0,1,1134.06,378.02,276.45,0.3471598740533734,0.8639535102135999,2,3,2,0,0.3333333333333333,0.0,0.0,0.6666666666666666,1.0,0.6666666666666666,0.0,debit_card,PT,EUR
PM_011883,11,0,3,3,0,1136.96,103.36,69.73,0.34351880917743755,0.9433849847952092,4,11,3,11,0.0,0.2727272727272727,0.2727272727272727,0.36363636363636365,1.0,0.2727272727272727,1.0,debit_card,PT,EUR
PM_007004,3,1,1,1,0,1140.59,380.19666666666666,133.72,0.34332809396611347,0.9911557498756786,2,3,1,0,0.3333333333333333,0.3333333333333333,0.3333333333333333,0.6666666666666666,1.0,0.3333333333333333,0.0,credit_card,US,EUR
PM_010444,3,0,1,1,0,579.0500000000001,193.01666666666668,233.83,0.34203970952575363,0.928630257048348,1,3,1,1,0.0,0.3333333333333333,0.3333333333333333,0.3333333333333333,1.0,0.3333333333333333,0.3333333333333333,credit_card,PT,EUR
PM_000857,3,1,1,1,0,992.1800000000001,330.7266666666667,256.69,0.3400864421366961,0.9741642181541068,2,3,1,2,0.3333333333333333,0.3333333333333333,0.3333333333333333,0.6666666666666666,1.0,0.3333333333333333,0.6666666666666666,wallet,DE,EUR
PM_007846,7,1,1,1,1,1289.22,184.17428571428573,164.62,0.3393644540531905,0.9050640090648452,6,6,2,4,0.14285714285714285,0.14285714285714285,0.14285714285714285,0.8571428571428571,0.8571428571428571,0.2857142857142857,0.5714285714285714,credit_card,PT,EUR
PM_000096,3,1,1,1,0,1276.0,425.3333333333333,208.76,0.33871481436290257,0.9954803418808648,2,3,1,0,0.3333333333333333,0.3333333333333333,0.3333333333333333,0.6666666666666666,1.0,0.3333333333333333,0.0,credit_card,ES,EUR
PM_000903,8,0,0,0,2,257.6,32.2,35.54,0.3336174398470446,0.8870678233761439,5,8,2,2,0.0,0.0,0.0,0.625,1.0,0.25,0.25,credit_card,ES,EUR
PM_000262,3,1,1,1,0,689.98,229.99333333333334,56.13,0.33280985673029,0.9979898083145532,1,2,1,0,0.3333333333333333,0.3333333333333333,0.3333333333333333,0.3333333333333333,0.6666666666666666,0.3333333333333333,0.0,debit_card,ES,EUR
PM_005613,6,0,0,0,2,719.35,119.89166666666667,59.165000000000006,0.33136368103836317,0.8976855737643131,4,6,1,4,0.0,0.0,0.0,0.6666666666666666,1.0,0.16666666666666666,0.6666666666666666,credit_card,US,EUR
PM_010037,4,1,0,0,1,152.19,38.0475,41.545,0.3297009728331448,0.7355843993707786,0,4,2,4,0.25,0.0,0.0,0.0,1.0,0.5,1.0,debit_card,US,EUR
PM_003547,3,1,1,1,0,1264.56,421.52,175.06,0.32944911401045474,0.9680496329493088,1,3,1,0,0.3333333333333333,0.3333333333333333,0.3333333333333333,0.3333333333333333,1.0,0.3333333333333333,0.0,debit_card,GB,EUR
PM_000827,3,1,1,1,0,459.83,153.27666666666667,197.02,0.32878908791394074,0.9840832930120272,3,3,1,0,0.3333333333333333,0.3333333333333333,0.3333333333333333,1.0,1.0,0.3333333333333333,0.0,debit_card,ES,EUR
PM_002539,3,1,1,1,0,114.06,38.02,28.77,0.3277986646439464,0.9826221278842312,2,2,1,0,0.3333333333333333,0.3333333333333333,0.3333333333333333,0.6666666666666666,0.6666666666666666,0.3333333333333333,0.0,credit_card,ES,EUR
PM_002879,3,0,1,1,0,678.25,226.08333333333334,153.67,0.32690228532805515,0.9721169077663214,1,3,1,3,0.0,0.3333333333333333,0.3333333333333333,0.3333333333333333,1.0,0.3333333333333333,1.0,credit_card,PT,EUR
PM_001976,3,1,1,1,0,1045.46,348.4866666666667,49.75,0.3266724273075963,0.9794572940756066,2,3,1,2,0.3333333333333333,0.3333333333333333,0.3333333333333333,0.6666666666666666,1.0,0.3333333333333333,0.6666666666666666,wallet,US,EUR
PM_004935,3,1,1,1,0,290.07,96.69,89.49,0.32640388473399434,0.978546175991266,1,2,1,0,0.3333333333333333,0.3333333333333333,0.3333333333333333,0.3333333333333333,0.6666666666666666,0.3333333333333333,0.0,credit_card,ES,EUR
PM_011284,3,1,1,1,0,328.43,109.47666666666667,92.76,0.3256753081350269,0.9174619110935892,1,3,1,0,0.3333333333333333,0.3333333333333333,0.3333333333333333,0.3333333333333333,1.0,0.3333333333333333,0.0,credit_card,IT,EUR
PM_002325,6,0,0,0,1,386.78000000000003,64.46333333333334,48.15,0.32507045360581993,0.8469399555403243,2,6,3,6,0.0,0.0,0.0,0.3333333333333333,1.0,0.5,1.0,debit_card,US,EUR
PM_008820,3,1,1,1,0,455.52000000000004,151.84,105.16,0.32497414925120494,0.9568973532709828,1,3,0,3,0.3333333333333333,0.3333333333333333,0.3333333333333333,0.3333333333333333,1.0,0.0,1.0,debit_card,GB,EUR
PM_011791,3,1,0,0,1,526.87,175.62333333333333,81.77,0.32291136960706196,0.8439537448848609,2,3,1,0,0.3333333333333333,0.0,0.0,0.6666666666666666,1.0,0.3333333333333333,0.0,credit_card,IT,EUR
PM_010310,7,0,0,0,1,926.9,132.4142857142857,87.47,0.3225319398804274,0.8342052568638303,6,7,1,6,0.0,0.0,0.0,0.8571428571428571,1.0,0.14285714285714285,0.8571428571428571,credit_card,US,EUR
PM_005151,4,0,0,0,1,1432.5,358.125,350.80999999999995,0.3223324552185251,0.7596594545025657,2,4,2,2,0.0,0.0,0.0,0.5,1.0,0.5,0.5,credit_card,GB,EUR
PM_005417,10,1,2,1,2,2449.81,244.981,176.82,0.32141786609461637,0.9356155668262548,10,10,3,0,0.1,0.2,0.1,1.0,1.0,0.3,0.0,credit_card,IT,EUR
PM_010703,7,0,1,1,1,599.62,85.66,48.73,0.32056453700139,0.9010778021936,4,7,4,3,0.0,0.14285714285714285,0.14285714285714285,0.5714285714285714,1.0,0.5714285714285714,0.42857142857142855,debit_card,PT,EUR
PM_011850,3,0,1,1,0,97.84,32.61333333333334,14.56,0.3189407729358034,0.9562055181532348,3,3,1,0,0.0,0.3333333333333333,0.3333333333333333,1.0,1.0,0.3333333333333333,0.0,credit_card,ES,EUR
PM_006651,6,0,0,0,1,1221.74,203.62333333333333,206.23000000000002,0.3188405378065243,0.7937658614516251,2,4,3,0,0.0,0.0,0.0,0.3333333333333333,0.6666666666666666,0.5,0.0,debit_card,FR,EUR
PM_006677,3,1,1,1,0,233.37,77.79,32.15,0.3174254079861893,0.9190144499425416,1,3,2,0,0.3333333333333333,0.3333333333333333,0.3333333333333333,0.3333333333333333,1.0,0.6666666666666666,0.0,debit_card,FR,EUR
PM_011742,5,1,0,0,2,1053.03,210.606,138.36,0.3172119503755626,0.8318827335201547,1,5,2,3,0.2,0.0,0.0,0.2,1.0,0.4,0.6,debit_card,US,EUR
PM_003712,3,1,0,0,1,217.74,72.58,56.56,0.3156810929529851,0.8217158087529879,2,3,1,1,0.3333333333333333,0.0,0.0,0.6666666666666666,1.0,0.3333333333333333,0.3333333333333333,credit_card,PT,EUR
PM_010557,3,0,0,0,1,415.16,138.38666666666668,128.93,0.31502917077115195,0.8676991252335912,2,3,1,3,0.0,0.0,0.0,0.6666666666666666,1.0,0.3333333333333333,1.0,credit_card,ES,EUR
PM_008853,3,0,0,0,1,299.1,99.7,77.31,0.3139571661420578,0.8839363795097389,2,3,1,0,0.0,0.0,0.0,0.6666666666666666,1.0,0.3333333333333333,0.0,debit_card,ES,EUR
PM_008724,7,1,1,1,0,1709.42,244.20285714285714,146.09,0.3126622275599447,0.9956426781605908,6,7,1,7,0.14285714285714285,0.14285714285714285,0.14285714285714285,0.8571428571428571,1.0,0.14285714285714285,1.0,credit_card,ES,EUR
PM_002881,3,0,0,0,0,288.95,96.31666666666666,98.87,0.3112362976518072,0.5765272404433299,1,2,2,0,0.0,0.0,0.0,0.3333333333333333,0.6666666666666666,0.6666666666666666,0.0,credit_card,ES,EUR
PM_011629,3,1,0,0,1,496.80999999999995,165.60333333333332,127.66,0.3111767364158832,0.8835190481461389,2,3,0,1,0.3333333333333333,0.0,0.0,0.6666666666666666,1.0,0.0,0.3333333333333333,credit_card,US,EUR
PM_008766,3,0,1,1,0,752.74,250.91333333333333,270.75,0.31006569805991596,0.9070933468950528,1,3,1,2,0.0,0.3333333333333333,0.3333333333333333,0.3333333333333333,1.0,0.3333333333333333,0.6666666666666666,bank_transfer,GB,EUR
PM_007375,6,0,0,0,2,722.53,120.42166666666667,106.035,0.3096142581834385,0.8527711726924742,3,6,1,0,0.0,0.0,0.0,0.5,1.0,0.16666666666666666,0.0,credit_card,PT,EUR
PM_005809,3,0,0,0,0,207.09,69.03,84.83,0.3078104946048242,0.6676465930342685,2,3,0,1,0.0,0.0,0.0,0.6666666666666666,1.0,0.0,0.3333333333333333,wallet,GB,EUR
PM_000454,3,0,1,1,0,115.91,38.63666666666666,30.8,0.3070921491056115,0.9206940130029388,3,3,1,2,0.0,0.3333333333333333,0.3333333333333333,1.0,1.0,0.3333333333333333,0.6666666666666666,debit_card,ES,EUR
PM_008789,5,0,0,0,1,930.04,186.00799999999998,85.8,0.30594331708489014,0.8758052536638811,5,5,1,3,0.0,0.0,0.0,1.0,1.0,0.2,0.6,bank_transfer,DE,EUR
PM_001103,4,1,1,1,0,509.35,127.3375,80.215,0.3032068435531166,0.9635952423725608,4,4,1,0,0.25,0.25,0.25,1.0,1.0,0.25,0.0,credit_card,US,EUR
PM_002126,3,0,1,1,0,118.23,39.410000000000004,15.68,0.30298308222715464,0.9042161628367024,2,3,1,0,0.0,0.3333333333333333,0.3333333333333333,0.6666666666666666,1.0,0.3333333333333333,0.0,credit_card,FR,EUR
PM_002262,3,1,1,1,0,436.99,145.66333333333333,139.36,0.3028942137248,0.9073607455196152,1,3,2,0,0.3333333333333333,0.3333333333333333,0.3333333333333333,0.3333333333333333,1.0,0.6666666666666666,0.0,credit_card,US,EUR
PM_004738,3,1,1,1,0,263.35,87.78333333333335,72.1,0.3026367411301517,0.901165200084776,2,3,1,0,0.3333333333333333,0.3333333333333333,0.3333333333333333,0.6666666666666666,1.0,0.3333333333333333,0.0,debit_card,US,EUR
PM_001430,3,0,1,1,0,151.4,50.46666666666667,26.93,0.30245252813275286,0.9049627229628008,3,3,1,0,0.0,0.3333333333333333,0.3333333333333333,1.0,1.0,0.3333333333333333,0.0,credit_card,ES,EUR
PM_002796,3,0,0,0,1,292.27,97.42333333333333,48.29,0.30176987666429106,0.8826431628792091,2,3,0,0,0.0,0.0,0.0,0.6666666666666666,1.0,0.0,0.0,debit_card,DE,EUR
PM_004431,9,1,2,2,0,710.54,78.94888888888889,38.41,0.30104006707617964,0.9335853033309016,7,9,3,5,0.1111111111111111,0.2222222222222222,0.2222222222222222,0.7777777777777778,1.0,0.3333333333333333,0.5555555555555556,credit_card,ES,EUR
PM_007321,4,1,0,0,1,405.28999999999996,101.32249999999999,42.86,0.30096425209661376,0.8873717259839201,4,4,2,0,0.25,0.0,0.0,1.0,1.0,0.5,0.0,credit_card,FR,EUR
PM_009601,6,0,1,1,1,1469.82,244.97,52.82,0.30089037627135623,0.9729381060072604,3,3,2,0,0.0,0.16666666666666666,0.16666666666666666,0.5,0.5,0.3333333333333333,0.0,credit_card,IT,EUR
PM_011092,3,1,0,0,1,749.5699999999999,249.85666666666665,132.36,0.30083356095024005,0.8862705998285254,1,3,0,0,0.3333333333333333,0.0,0.0,0.3333333333333333,1.0,0.0,0.0,credit_card,GB,EUR
PM_007182,3,1,1,1,0,494.55,164.85,39.3,0.3004656474544762,0.9002843070788559,1,3,2,0,0.3333333333333333,0.3333333333333333,0.3333333333333333,0.3333333333333333,1.0,0.6666666666666666,0.0,credit_card,US,EUR
PM_010954,3,0,0,0,0,257.59999999999997,85.86666666666666,81.33,0.29973470608946445,0.4620870208083831,2,3,1,3,0.0,0.0,0.0,0.6666666666666666,1.0,0.3333333333333333,1.0,debit_card,GB,EUR
PM_010277,4,0,0,0,1,653.53,163.3825,151.115,0.2995580797446208,0.8175431284264637,2,4,1,4,0.0,0.0,0.0,0.5,1.0,0.25,1.0,credit_card,GB,EUR
PM_008327,4,0,1,1,0,764.09,191.0225,88.785,0.29738066454550866,0.9379834608011836,0,4,2,3,0.0,0.25,0.25,0.0,1.0,0.5,0.75,credit_card,FR,EUR
PM_010903,7,1,1,1,0,1461.1399999999999,208.7342857142857,105.91,0.29538592713168227,0.9528877930915955,2,4,2,4,0.14285714285714285,0.14285714285714285,0.14285714285714285,0.2857142857142857,0.5714285714285714,0.2857142857142857,0.5714285714285714,debit_card,IT,EUR
PM_002454,10,0,1,1,2,1416.97,141.697,155.56,0.29537657089167735,0.9050653897657024,5,9,5,0,0.0,0.1,0.1,0.5,0.9,0.5,0.0,credit_card,ES,EUR
PM_007873,9,1,2,2,0,1009.51,112.16777777777777,57.55,0.29417268247456907,0.9716965899478828,5,9,6,0,0.1111111111111111,0.2222222222222222,0.2222222222222222,0.5555555555555556,1.0,0.6666666666666666,0.0,credit_card,PT,EUR
PM_007211,3,1,0,0,1,96.28,32.093333333333334,26.35,0.2940016086670794,0.8704974843657081,2,3,2,0,0.3333333333333333,0.0,0.0,0.6666666666666666,1.0,0.6666666666666666,0.0,debit_card,GB,EUR
PM_003693,3,0,0,0,1,444.6,148.20000000000002,37.84,0.29399502301562486,0.8534430281132562,2,3,1,3,0.0,0.0,0.0,0.6666666666666666,1.0,0.3333333333333333,1.0,credit_card,DE,EUR
PM_003153,12,1,2,2,1,2094.59,174.54916666666668,119.99000000000001,0.2926590598035353,0.9346371474619056,7,12,4,3,0.08333333333333333,0.16666666666666666,0.16666666666666666,0.5833333333333334,1.0,0.3333333333333333,0.25,debit_card,FR,EUR
PM_007331,7,2,2,2,0,1581.9,225.9857142857143,88.43,0.2919586488822867,0.9980318791492514,4,7,3,2,0.2857142857142857,0.2857142857142857,0.2857142857142857,0.5714285714285714,1.0,0.42857142857142855,0.2857142857142857,credit_card,DE,EUR
PM_008952,3,0,0,0,1,265.93,88.64333333333333,70.05,0.29192003401222294,0.7958916820293144,1,2,1,1,0.0,0.0,0.0,0.3333333333333333,0.6666666666666666,0.3333333333333333,0.3333333333333333,credit_card,ES,EUR
PM_008443,3,1,0,0,1,145.45,48.48333333333333,26.64,0.2916603398159442,0.8402807814685851,3,3,2,0,0.3333333333333333,0.0,0.0,1.0,1.0,0.6666666666666666,0.0,wallet,DE,EUR
PM_001738,4,1,1,1,0,388.94,97.235,89.475,0.291310233843787,0.9712513278103346,3,4,0,4,0.25,0.25,0.25,0.75,1.0,0.0,1.0,credit_card,US,EUR
PM_001410,6,1,1,1,0,1454.8799999999999,242.48,177.235,0.28998294460216056,0.9976144359960094,3,6,1,2,0.16666666666666666,0.16666666666666666,0.16666666666666666,0.5,1.0,0.16666666666666666,0.3333333333333333,debit_card,GB,EUR
PM_008030,7,0,1,1,0,902.58,128.94,91.93,0.28945080356629926,0.9750936500970092,5,7,2,3,0.0,0.14285714285714285,0.14285714285714285,0.7142857142857143,1.0,0.2857142857142857,0.42857142857142855,credit_card,ES,EUR
PM_004898,5,1,1,1,0,523.17,104.63399999999999,60.45,0.2885699733070979,0.9809663835890232,5,5,3,0,0.2,0.2,0.2,1.0,1.0,0.6,0.0,wallet,ES,EUR
PM_009956,3,0,0,0,1,386.57,128.85666666666665,88.56,0.28823865181703995,0.862398466168542,1,3,1,0,0.0,0.0,0.0,0.3333333333333333,1.0,0.3333333333333333,0.0,credit_card,ES,EUR
PM_009034,3,0,0,0,0,600.29,200.09666666666666,189.82,0.28772833602414327,0.6492301563116368,1,3,1,3,0.0,0.0,0.0,0.3333333333333333,1.0,0.3333333333333333,1.0,credit_card,US,EUR
PM_007517,11,0,1,1,1,1105.19,100.4718181818182,82.11,0.2872435079696725,0.9481720002648928,4,11,6,0,0.0,0.09090909090909091,0.09090909090909091,0.36363636363636365,1.0,0.5454545454545454,0.0,credit_card,PT,EUR
PM_009774,3,0,0,0,1,763.3000000000001,254.43333333333337,151.31,0.28717617979064364,0.8524991285603607,3,3,1,1,0.0,0.0,0.0,1.0,1.0,0.3333333333333333,0.3333333333333333,credit_card,ES,EUR
PM_006066,7,1,1,1,1,839.34,119.9057142857143,66.94,0.2867490612648523,0.9833543740141716,2,4,3,7,0.14285714285714285,0.14285714285714285,0.14285714285714285,0.2857142857142857,0.5714285714285714,0.42857142857142855,1.0,debit_card,ES,EUR
PM_008333,3,0,0,0,0,277.75,92.58333333333333,86.81,0.2846854739510977,0.6742666920930175,2,3,2,2,0.0,0.0,0.0,0.6666666666666666,1.0,0.6666666666666666,0.6666666666666666,credit_card,ES,EUR
PM_009719,13,2,3,3,0,2775.14,213.47230769230768,107.32,0.2845442765285399,0.9737266475309236,5,13,4,9,0.15384615384615385,0.23076923076923078,0.23076923076923078,0.38461538461538464,1.0,0.3076923076923077,0.6923076923076923,credit_card,DE,EUR
PM_003880,4,0,0,0,0,373.01,93.2525,25.424999999999997,0.2836126846537726,0.5636480411014452,4,4,3,2,0.0,0.0,0.0,1.0,1.0,0.75,0.5,credit_card,ES,EUR
PM_004523,3,0,0,0,1,269.99,89.99666666666667,90.22,0.28316750146445446,0.8397560959047609,2,2,1,0,0.0,0.0,0.0,0.6666666666666666,0.6666666666666666,0.3333333333333333,0.0,debit_card,ES,EUR
PM_010630,3,0,0,0,1,150.84,50.28,53.94,0.28313083605714146,0.8302132265643883,1,3,0,1,0.0,0.0,0.0,0.3333333333333333,1.0,0.0,0.3333333333333333,wallet,DE,EUR
PM_011954,3,0,0,0,1,213.29,71.09666666666666,52.32,0.2827233827759702,0.8414318536747396,1,3,1,0,0.0,0.0,0.0,0.3333333333333333,1.0,0.3333333333333333,0.0,credit_card,US,EUR
PM_010963,10,0,1,1,1,2127.46,212.746,130.3,0.2818297241061912,0.9147678202217612,3,6,4,7,0.0,0.1,0.1,0.3,0.6,0.4,0.7,credit_card,ES,EUR
PM_000563,3,0,0,0,1,183.11,61.03666666666667,63.4,0.27966867094739845,0.7232628127267772,0,1,1,3,0.0,0.0,0.0,0.0,0.3333333333333333,0.3333333333333333,1.0,debit_card,ES,EUR
PM_002483,4,0,0,0,1,693.76,173.44,97.55,0.27874792349181304,0.8891728653425586,1,4,2,1,0.0,0.0,0.0,0.25,1.0,0.5,0.25,bank_transfer,ES,EUR
PM_010171,5,0,1,1,0,636.86,127.372,161.44,0.27869619091979353,0.9278110893431234,3,5,1,3,0.0,0.2,0.2,0.6,1.0,0.2,0.6,debit_card,FR,EUR
PM_000586,3,0,0,0,1,419.89,139.96333333333334,23.51,0.2777610517643097,0.7558110705467802,1,3,1,1,0.0,0.0,0.0,0.3333333333333333,1.0,0.3333333333333333,0.3333333333333333,credit_card,IT,EUR
PM_011060,7,1,1,1,1,742.44,106.06285714285715,70.38,0.2776351248494496,0.9823182918291828,5,7,2,7,0.14285714285714285,0.14285714285714285,0.14285714285714285,0.7142857142857143,1.0,0.2857142857142857,1.0,debit_card,IT,EUR
PM_009850,5,0,0,0,1,529.86,105.97200000000001,66.55,0.27683531573524633,0.8588987008619269,3,5,2,0,0.0,0.0,0.0,0.6,1.0,0.4,0.0,debit_card,FR,EUR
PM_006391,3,0,0,0,1,410.46000000000004,136.82000000000002,163.78,0.2767844682762349,0.8290808728346024,0,3,1,0,0.0,0.0,0.0,0.0,1.0,0.3333333333333333,0.0,debit_card,FR,EUR
PM_004249,5,1,0,0,1,1171.49,234.298,204.33,0.276671103854866,0.7281334604661021,5,5,3,4,0.2,0.0,0.0,1.0,1.0,0.6,0.8,credit_card,US,EUR
PM_002671,3,1,0,0,1,751.88,250.62666666666667,245.58,0.2759961679502009,0.8113056632095219,1,3,1,0,0.3333333333333333,0.0,0.0,0.3333333333333333,1.0,0.3333333333333333,0.0,credit_card,GB,EUR
PM_010070,3,0,0,0,1,159.96,53.32,30.8,0.27587823998829347,0.8019577841385955,1,3,1,3,0.0,0.0,0.0,0.3333333333333333,1.0,0.3333333333333333,1.0,debit_card,US,EUR
PM_002451,6,0,0,0,1,236.88,39.48,43.435,0.2754627368005459,0.8724104635011113,4,6,2,0,0.0,0.0,0.0,0.6666666666666666,1.0,0.3333333333333333,0.0,debit_card,DE,EUR
PM_008937,12,0,1,1,2,2016.3300000000002,168.0275,106.35,0.27494868485137375,0.9442442228673412,5,12,3,11,0.0,0.08333333333333333,0.08333333333333333,0.4166666666666667,1.0,0.25,0.9166666666666666,credit_card,IT,EUR
PM_011336,3,0,0,0,1,300.85,100.28333333333335,38.57,0.2747348081095534,0.8109033318899417,1,3,1,0,0.0,0.0,0.0,0.3333333333333333,1.0,0.3333333333333333,0.0,debit_card,US,EUR
PM_005384,3,1,0,0,1,210.83,70.27666666666667,36.25,0.2745776238306587,0.8233101155296298,0,3,0,3,0.3333333333333333,0.0,0.0,0.0,1.0,0.0,1.0,credit_card,GB,EUR
PM_011858,13,2,2,2,1,2237.23,172.0946153846154,88.35,0.2744464637512202,0.99907068327453,3,13,6,8,0.15384615384615385,0.15384615384615385,0.15384615384615385,0.23076923076923078,1.0,0.46153846153846156,0.6153846153846154,debit_card,US,EUR
PM_009984,3,0,0,0,1,397.62,132.54,16.94,0.2739070150558634,0.8215237119017224,0,3,1,1,0.0,0.0,0.0,0.0,1.0,0.3333333333333333,0.3333333333333333,wallet,US,EUR
PM_010544,4,0,1,1,0,1466.39,366.5975,373.45000000000005,0.2737578064051382,0.948690431128286,3,4,0,1,0.0,0.25,0.25,0.75,1.0,0.0,0.25,credit_card,US,EUR
PM_009011,7,0,1,1,0,2140.37,305.76714285714286,142.97,0.2725945231625652,0.912674731686099,4,7,1,0,0.0,0.14285714285714285,0.14285714285714285,0.5714285714285714,1.0,0.14285714285714285,0.0,credit_card,ES,EUR
PM_002203,3,0,0,0,1,250.34,83.44666666666667,41.76,0.2724859453822412,0.7653227514357323,2,2,0,2,0.0,0.0,0.0,0.6666666666666666,0.6666666666666666,0.0,0.6666666666666666,credit_card,ES,EUR
PM_008089,5,0,0,0,0,372.46999999999997,74.494,37.1,0.2716874939783814,0.6162404271277588,3,5,0,4,0.0,0.0,0.0,0.6,1.0,0.0,0.8,wallet,US,EUR
PM_003838,5,1,1,1,0,446.42,89.284,24.33,0.27163366117677124,0.9536859908170396,4,5,2,4,0.2,0.2,0.2,0.8,1.0,0.4,0.8,credit_card,IT,EUR
PM_001379,19,2,1,1,4,4688.7699999999995,246.7773684210526,149.05,0.2712357315096518,0.908640935340713,9,19,4,1,0.10526315789473684,0.05263157894736842,0.05263157894736842,0.47368421052631576,1.0,0.21052631578947367,0.05263157894736842,credit_card,PT,EUR
PM_007776,3,0,0,0,1,603.36,201.12,86.25,0.27033134509454365,0.7836889593454802,2,3,1,1,0.0,0.0,0.0,0.6666666666666666,1.0,0.3333333333333333,0.3333333333333333,debit_card,GB,EUR
PM_007179,3,0,0,0,1,616.06,205.35333333333332,268.13,0.2701788436645783,0.7784222536264207,1,3,1,2,0.0,0.0,0.0,0.3333333333333333,1.0,0.3333333333333333,0.6666666666666666,credit_card,FR,EUR
PM_005944,4,1,1,1,0,1058.98,264.745,264.145,0.2690779387561227,0.9254452826062052,2,2,1,3,0.25,0.25,0.25,0.5,0.5,0.25,0.75,credit_card,FR,EUR
PM_001518,7,1,1,1,1,1963.98,280.56857142857143,202.24,0.26811294598551716,0.9940382804871892,3,7,3,7,0.14285714285714285,0.14285714285714285,0.14285714285714285,0.42857142857142855,1.0,0.42857142857142855,1.0,credit_card,PT,EUR
PM_010057,7,0,0,0,0,2538.81,362.6871428571429,221.75,0.26782200689673746,0.6443111757585941,6,7,2,7,0.0,0.0,0.0,0.8571428571428571,1.0,0.2857142857142857,1.0,credit_card,IT,EUR
PM_002442,3,0,0,0,1,256.79,85.59666666666668,50.13,0.2677768691244286,0.8022448708960797,2,3,0,0,0.0,0.0,0.0,0.6666666666666666,1.0,0.0,0.0,credit_card,FR,EUR
PM_010413,3,1,0,0,1,813.48,271.16,90.71,0.2673680145831097,0.7943857256269653,2,3,1,0,0.3333333333333333,0.0,0.0,0.6666666666666666,1.0,0.3333333333333333,0.0,debit_card,GB,EUR
PM_002087,3,1,0,0,1,677.64,225.88,62.23,0.26724874804276827,0.7829766446196457,3,3,1,1,0.3333333333333333,0.0,0.0,1.0,1.0,0.3333333333333333,0.3333333333333333,debit_card,DE,EUR
PM_002487,5,0,0,0,1,1620.42,324.084,275.47,0.2669556956897626,0.8006668802565095,1,3,3,3,0.0,0.0,0.0,0.2,0.6,0.6,0.6,debit_card,ES,EUR
PM_010435,15,2,2,2,1,2355.68,157.04533333333333,92.42,0.26686576708267823,0.9535849004787512,7,15,9,3,0.13333333333333333,0.13333333333333333,0.13333333333333333,0.4666666666666667,1.0,0.6,0.2,credit_card,DE,EUR
PM_008519,9,1,1,1,1,1046.64,116.29333333333335,74.03,0.26641533705421216,0.998070318291189,5,9,3,0,0.1111111111111111,0.1111111111111111,0.1111111111111111,0.5555555555555556,1.0,0.3333333333333333,0.0,credit_card,ES,EUR
PM_010018,5,0,0,0,1,579.52,115.904,79.2,0.2654857813275157,0.8711183285661734,2,5,3,0,0.0,0.0,0.0,0.4,1.0,0.6,0.0,debit_card,GB,EUR
PM_006630,5,1,0,0,1,369.68,73.936,58.05,0.26536256244149004,0.7419951766969274,0,5,1,1,0.2,0.0,0.0,0.0,1.0,0.2,0.2,credit_card,US,EUR
PM_006695,4,1,0,0,1,843.02,210.755,211.455,0.265229325777583,0.7990759148255071,4,4,0,2,0.25,0.0,0.0,1.0,1.0,0.0,0.5,credit_card,ES,EUR
PM_006262,7,0,0,0,2,478.97,68.42428571428572,38.54,0.26487922505398487,0.8380269482781204,4,6,3,1,0.0,0.0,0.0,0.5714285714285714,0.8571428571428571,0.42857142857142855,0.14285714285714285,credit_card,FR,EUR
PM_007567,6,0,1,1,0,1287.78,214.63,201.145,0.26401887257902096,0.9696969820808587,5,6,2,6,0.0,0.16666666666666666,0.16666666666666666,0.8333333333333334,1.0,0.3333333333333333,1.0,credit_card,DE,EUR
PM_010339,3,0,0,0,1,148.01000000000002,49.33666666666667,41.04,0.2640024307199587,0.7293801266596197,2,3,1,0,0.0,0.0,0.0,0.6666666666666666,1.0,0.3333333333333333,0.0,credit_card,DE,EUR
PM_005837,3,0,0,0,0,342.61,114.20333333333333,129.39,0.26317130044684256,0.6503966136841597,3,3,1,1,0.0,0.0,0.0,1.0,1.0,0.3333333333333333,0.3333333333333333,credit_card,DE,EUR
PM_000663,3,0,0,0,1,1563.4,521.1333333333333,626.88,0.26255271162953725,0.7870117310018406,2,2,0,0,0.0,0.0,0.0,0.6666666666666666,0.6666666666666666,0.0,0.0,bank_transfer,FR,EUR
PM_002076,6,1,1,1,0,2088.03,348.00500000000005,217.34,0.26246839068690037,0.9827552279711036,3,5,1,0,0.16666666666666666,0.16666666666666666,0.16666666666666666,0.5,0.8333333333333334,0.16666666666666666,0.0,credit_card,DE,EUR
PM_004844,14,2,2,2,1,865.9399999999999,61.85285714285714,35.515,0.2624133497512084,0.9757329469915808,9,14,5,5,0.14285714285714285,0.14285714285714285,0.14285714285714285,0.6428571428571429,1.0,0.35714285714285715,0.35714285714285715,debit_card,PT,EUR
PM_009222,4,1,1,1,0,1035.95,258.9875,73.225,0.26224253045010754,0.9971251732823916,2,4,1,0,0.25,0.25,0.25,0.5,1.0,0.25,0.0,credit_card,US,EUR
PM_010180,4,0,0,0,0,404.21999999999997,101.05499999999999,67.195,0.26187742252344115,0.5282725947341201,2,4,1,2,0.0,0.0,0.0,0.5,1.0,0.25,0.5,credit_card,PT,EUR
PM_006922,4,0,0,0,1,803.61,200.9025,48.34,0.2618642349168522,0.7164583046444823,2,4,0,4,0.0,0.0,0.0,0.5,1.0,0.0,1.0,debit_card,GB,EUR
PM_011804,9,0,0,0,2,664.03,73.7811111111111,59.07,0.2618418738286717,0.8483697763734812,4,6,3,8,0.0,0.0,0.0,0.4444444444444444,0.6666666666666666,0.3333333333333333,0.8888888888888888,credit_card,PT,EUR
PM_002596,3,0,0,0,1,186.23,62.07666666666666,73.88,0.2614629565781106,0.7835351434764716,3,3,1,0,0.0,0.0,0.0,1.0,1.0,0.3333333333333333,0.0,credit_card,US,EUR
PM_011441,9,1,1,1,1,1736.76,192.97333333333333,92.83,0.2614150936705853,0.988967228361906,6,9,4,3,0.1111111111111111,0.1111111111111111,0.1111111111111111,0.6666666666666666,1.0,0.4444444444444444,0.3333333333333333,debit_card,FR,EUR
PM_003569,10,1,1,1,1,2491.14,249.11399999999998,292.725,0.2612845565450005,0.9948733791096688,5,9,3,0,0.1,0.1,0.1,0.5,0.9,0.3,0.0,credit_card,ES,EUR
PM_011746,10,2,1,1,1,1232.78,123.27799999999999,80.945,0.2611587973735855,0.9724822882514208,8,10,3,0,0.2,0.1,0.1,0.8,1.0,0.3,0.0,credit_card,IT,EUR
PM_009120,4,0,0,0,1,214.06,53.515,46.93,0.2607394979822757,0.7057937043507279,2,4,1,4,0.0,0.0,0.0,0.5,1.0,0.25,1.0,wallet,IT,EUR
PM_005360,4,1,1,1,0,406.23,101.5575,39.945,0.2605646250858322,0.9596624944097432,3,4,2,0,0.25,0.25,0.25,0.75,1.0,0.5,0.0,credit_card,FR,EUR
PM_010295,16,3,2,2,2,2574.68,160.9175,81.67500000000001,0.2598620794037962,0.997836108647706,13,16,4,8,0.1875,0.125,0.125,0.8125,1.0,0.25,0.5,credit_card,ES,EUR
PM_007369,6,1,1,1,0,180.28,30.046666666666667,18.9,0.2593715107869034,0.9726990298553,4,6,2,5,0.16666666666666666,0.16666666666666666,0.16666666666666666,0.6666666666666666,1.0,0.3333333333333333,0.8333333333333334,credit_card,PT,EUR
PM_003760,7,1,1,1,0,1986.97,283.85285714285715,135.14,0.2592454233380643,0.9944122810346744,3,4,2,4,0.14285714285714285,0.14285714285714285,0.14285714285714285,0.42857142857142855,0.5714285714285714,0.2857142857142857,0.5714285714285714,credit_card,ES,EUR
PM_000582,7,0,0,0,2,1407.8,201.1142857142857,201.43,0.2591768823452893,0.7967489883406516,4,7,3,1,0.0,0.0,0.0,0.5714285714285714,1.0,0.42857142857142855,0.14285714285714285,credit_card,ES,EUR
PM_010438,4,1,1,1,0,721.6800000000001,180.42000000000002,131.655,0.2591734324225838,0.989367029275878,2,4,1,0,0.25,0.25,0.25,0.5,1.0,0.25,0.0,credit_card,US,EUR
PM_005241,3,1,0,0,1,201.12,67.04,48.41,0.2591221871884165,0.7627550574727242,1,3,0,2,0.3333333333333333,0.0,0.0,0.3333333333333333,1.0,0.0,0.6666666666666666,credit_card,DE,EUR
PM_004442,19,1,1,1,3,1692.2,89.06315789473685,69.36,0.2590599313598967,0.9514364087840352,5,10,7,7,0.05263157894736842,0.05263157894736842,0.05263157894736842,0.2631578947368421,0.5263157894736842,0.3684210526315789,0.3684210526315789,credit_card,ES,EUR
PM_004354,4,0,1,1,0,463.96000000000004,115.99000000000001,91.525,0.2586922613270441,0.936110035331696,1,4,1,0,0.0,0.25,0.25,0.25,1.0,0.25,0.0,credit_card,ES,EUR
PM_009763,6,0,0,0,1,466.34,77.72333333333333,59.315000000000005,0.25852779471074105,0.76816467789052,3,6,2,0,0.0,0.0,0.0,0.5,1.0,0.3333333333333333,0.0,credit_card,DE,EUR
PM_009226,4,1,1,1,0,1302.96,325.74,261.25,0.25769083607048365,0.9855676534967902,1,4,1,3,0.25,0.25,0.25,0.25,1.0,0.25,0.75,bank_transfer,US,EUR
PM_002075,4,0,0,0,0,245.35,61.3375,53.295,0.2573442997854686,0.5426047540576378,1,4,2,2,0.0,0.0,0.0,0.25,1.0,0.5,0.5,credit_card,DE,EUR
PM_001557,4,1,1,1,0,419.19,104.7975,42.01,0.25715224132782327,0.956505445889615,3,4,1,0,0.25,0.25,0.25,0.75,1.0,0.25,0.0,credit_card,ES,EUR
PM_001900,3,1,0,0,1,214.48,71.49333333333333,74.46,0.2564630537287762,0.7684602824500386,1,2,0,0,0.3333333333333333,0.0,0.0,0.3333333333333333,0.6666666666666666,0.0,0.0,debit_card,ES,EUR
PM_008708,10,1,0,0,1,1692.79,169.279,154.99,0.2561418600933283,0.8954025329155224,7,9,3,1,0.1,0.0,0.0,0.7,0.9,0.3,0.1,credit_card,IT,EUR
PM_002607,3,0,0,0,0,282.96,94.32,82.32,0.2554859236259333,0.591725380250101,1,3,2,0,0.0,0.0,0.0,0.3333333333333333,1.0,0.6666666666666666,0.0,bank_transfer,ES,EUR
PM_004584,4,0,1,1,0,262.09,65.5225,68.48,0.2552147499991532,0.9121900566244022,0,2,2,4,0.0,0.25,0.25,0.0,0.5,0.5,1.0,wallet,ES,EUR
PM_006563,6,0,0,0,0,701.47,116.91166666666668,57.485,0.2551513927677351,0.5712025285442724,5,6,1,6,0.0,0.0,0.0,0.8333333333333334,1.0,0.16666666666666666,1.0,debit_card,ES,EUR
PM_002280,6,1,1,1,0,1562.22,260.37,87.585,0.25483536023287656,0.9108414494210724,2,6,3,3,0.16666666666666666,0.16666666666666666,0.16666666666666666,0.3333333333333333,1.0,0.5,0.5,bank_transfer,PT,EUR
PM_007044,5,0,0,0,1,1239.45,247.89000000000001,232.42,0.2546367842332307,0.7596761785887828,5,5,2,4,0.0,0.0,0.0,1.0,1.0,0.4,0.8,credit_card,US,EUR
PM_004246,3,0,0,0,1,182.12,60.70666666666667,37.94,0.25442630318954773,0.7582594034654352,1,3,1,1,0.0,0.0,0.0,0.3333333333333333,1.0,0.3333333333333333,0.3333333333333333,wallet,PT,EUR
PM_000520,4,0,0,0,0,291.53,72.8825,55.254999999999995,0.25405665778531417,0.6972512597823973,2,4,0,4,0.0,0.0,0.0,0.5,1.0,0.0,1.0,debit_card,ES,EUR
PM_011532,5,0,0,0,1,701.71,140.342,70.27,0.253903317727484,0.7099030466015741,3,5,1,4,0.0,0.0,0.0,0.6,1.0,0.2,0.8,credit_card,US,EUR
PM_008610,8,0,2,2,0,787.43,98.42875,51.18000000000001,0.25306207814002235,0.9590188514911868,6,8,2,0,0.0,0.25,0.25,0.75,1.0,0.25,0.0,credit_card,US,EUR
PM_007164,3,0,0,0,1,173.35,57.78333333333333,59.9,0.25300877998119015,0.7581266803845926,0,3,1,0,0.0,0.0,0.0,0.0,1.0,0.3333333333333333,0.0,credit_card,PT,EUR
PM_005346,10,1,1,1,1,1784.42,178.442,61.215,0.2527892815082616,0.9978482336376796,7,10,2,3,0.1,0.1,0.1,0.7,1.0,0.2,0.3,credit_card,FR,EUR
PM_009734,4,1,1,1,0,1197.45,299.3625,114.16,0.25259802962380773,0.9935012403288368,4,4,1,0,0.25,0.25,0.25,1.0,1.0,0.25,0.0,credit_card,US,EUR
PM_008526,11,0,1,1,1,1847.16,167.92363636363638,114.33,0.2524264884164821,0.9345134947732344,6,11,3,1,0.0,0.09090909090909091,0.09090909090909091,0.5454545454545454,1.0,0.2727272727272727,0.09090909090909091,credit_card,PT,EUR
PM_001705,4,0,0,0,1,233.99,58.4975,54.775,0.252195460646394,0.8443934725567294,3,4,0,1,0.0,0.0,0.0,0.75,1.0,0.0,0.25,credit_card,ES,EUR
PM_010958,3,0,0,0,1,246.6,82.2,67.33,0.25155594509988544,0.7510076425254982,1,1,0,0,0.0,0.0,0.0,0.3333333333333333,0.3333333333333333,0.0,0.0,wallet,ES,EUR
PM_002051,7,1,1,1,0,560.1,80.01428571428572,66.42,0.25090036492210327,0.9387688414513552,4,7,2,5,0.14285714285714285,0.14285714285714285,0.14285714285714285,0.5714285714285714,1.0,0.2857142857142857,0.7142857142857143,credit_card,ES,EUR
PM_004257,9,1,0,0,2,1650.58,183.39777777777778,132.63,0.2508862574336599,0.838331832356401,1,9,4,7,0.1111111111111111,0.0,0.0,0.1111111111111111,1.0,0.4444444444444444,0.7777777777777778,credit_card,US,EUR
PM_007687,8,0,0,0,1,709.33,88.66625,73.05,0.2505202842165743,0.8070684116453256,6,8,0,1,0.0,0.0,0.0,0.75,1.0,0.0,0.125,wallet,ES,EUR
PM_001151,4,1,1,1,0,546.11,136.5275,96.39500000000001,0.2504326015480189,0.9960818194532948,1,4,0,0,0.25,0.25,0.25,0.25,1.0,0.0,0.0,debit_card,GB,EUR
PM_011090,12,1,2,2,0,2441.17,203.43083333333334,122.845,0.25032498918944757,0.9892339109295096,6,12,3,3,0.08333333333333333,0.16666666666666666,0.16666666666666666,0.5,1.0,0.25,0.25,credit_card,US,EUR
PM_010841,4,1,1,1,0,436.35,109.0875,95.6,0.2502583024245089,0.9380954870688692,2,3,1,2,0.25,0.25,0.25,0.5,0.75,0.25,0.5,wallet,ES,EUR
PM_010027,8,0,0,0,0,653.34,81.6675,65.935,0.25024165101106055,0.6299046047737736,7,8,0,8,0.0,0.0,0.0,0.875,1.0,0.0,1.0,credit_card,ES,EUR
PM_004454,3,1,0,0,1,1077.9099999999999,359.3033333333333,189.3,0.25014276431340426,0.748004296667817,2,3,0,1,0.3333333333333333,0.0,0.0,0.6666666666666666,1.0,0.0,0.3333333333333333,credit_card,PT,EUR
PM_005940,7,0,0,0,0,421.37,60.19571428571429,43.4,0.25006241394608325,0.5101324329091266,5,7,2,7,0.0,0.0,0.0,0.7142857142857143,1.0,0.2857142857142857,1.0,credit_card,IT,EUR
PM_008226,4,1,1,1,0,707.26,176.815,215.805,0.24966201386618045,0.9620940670119452,1,4,1,0,0.25,0.25,0.25,0.25,1.0,0.25,0.0,credit_card,US,EUR
PM_006168,4,1,1,1,0,179.54,44.885,38.825,0.24960791071743216,0.9975109667690132,2,2,1,0,0.25,0.25,0.25,0.5,0.5,0.25,0.0,debit_card,ES,EUR
PM_006366,4,1,1,1,0,767.66,191.915,35.09,0.2495250322428264,0.997263777149333,3,4,1,2,0.25,0.25,0.25,0.75,1.0,0.25,0.5,debit_card,GB,EUR
PM_003516,5,0,1,1,0,2128.27,425.654,398.94,0.2488778402458181,0.9126455122236474,3,5,1,2,0.0,0.2,0.2,0.6,1.0,0.2,0.4,credit_card,US,EUR
PM_004983,3,0,0,0,0,338.29,112.76333333333334,95.14,0.24845507072413342,0.4263433834192601,2,3,1,3,0.0,0.0,0.0,0.6666666666666666,1.0,0.3333333333333333,1.0,bank_transfer,FR,EUR
PM_000866,6,0,0,0,0,309.39,51.565,33.91,0.24829108005391995,0.669761054592187,4,5,1,3,0.0,0.0,0.0,0.6666666666666666,0.8333333333333334,0.16666666666666666,0.5,wallet,ES,EUR
PM_009556,3,0,0,0,1,416.57,138.85666666666665,111.58,0.24758642558364727,0.7294407302984821,2,3,1,0,0.0,0.0,0.0,0.6666666666666666,1.0,0.3333333333333333,0.0,credit_card,ES,EUR
PM_002477,9,1,2,2,0,1497.17,166.35222222222222,138.16,0.24758569473854772,0.996536655699677,7,9,3,6,0.1111111111111111,0.2222222222222222,0.2222222222222222,0.7777777777777778,1.0,0.3333333333333333,0.6666666666666666,bank_transfer,DE,EUR
PM_004145,4,0,1,1,0,906.54,226.635,240.12,0.24719144212925848,0.9389360666680188,4,4,0,0,0.0,0.25,0.25,1.0,1.0,0.0,0.0,credit_card,GB,EUR
PM_009372,4,0,0,0,1,330.33,82.5825,78.685,0.24714590974305353,0.872321845478129,1,4,2,0,0.0,0.0,0.0,0.25,1.0,0.5,0.0,credit_card,US,EUR
PM_003908,4,1,0,0,1,276.82,69.205,61.19,0.2471303279888206,0.8569083301726756,2,3,1,2,0.25,0.0,0.0,0.5,0.75,0.25,0.5,credit_card,ES,EUR
PM_008192,3,0,0,0,0,530.86,176.95333333333335,209.78,0.24706571757556628,0.3710479328547831,1,1,0,2,0.0,0.0,0.0,0.3333333333333333,0.3333333333333333,0.0,0.6666666666666666,credit_card,DE,EUR
PM_008445,4,1,1,1,0,1206.15,301.5375,228.115,0.24706518945826497,0.9503695152383624,4,4,1,0,0.25,0.25,0.25,1.0,1.0,0.25,0.0,credit_card,DE,EUR
PM_001516,4,0,1,1,0,1860.93,465.2325,292.195,0.24698306815230398,0.9527164593449572,1,4,1,1,0.0,0.25,0.25,0.25,1.0,0.25,0.25,credit_card,IT,EUR
PM_009102,4,0,0,0,0,449.0,112.25,52.86,0.2469633098935157,0.5649769729091298,1,3,3,1,0.0,0.0,0.0,0.25,0.75,0.75,0.25,credit_card,ES,EUR
PM_006653,5,0,0,0,1,469.42,93.884,89.18,0.2464504460952118,0.7765897231900475,2,5,1,4,0.0,0.0,0.0,0.4,1.0,0.2,0.8,credit_card,PT,EUR
PM_004972,9,0,0,0,1,804.72,89.41333333333334,80.75,0.24590697442017065,0.7105560546643913,5,9,3,3,0.0,0.0,0.0,0.5555555555555556,1.0,0.3333333333333333,0.3333333333333333,credit_card,FR,EUR
PM_010716,4,1,1,1,0,649.13,162.2825,133.24,0.24563530419901541,0.9244796764596706,3,4,1,0,0.25,0.25,0.25,0.75,1.0,0.25,0.0,credit_card,ES,EUR
PM_006044,7,1,1,1,1,1315.58,187.94,55.58,0.2445639660568227,0.9781316498003512,6,7,1,0,0.14285714285714285,0.14285714285714285,0.14285714285714285,0.8571428571428571,1.0,0.14285714285714285,0.0,wallet,ES,EUR
PM_004192,4,0,1,1,0,1201.67,300.4175,165.07500000000002,0.2445179710721912,0.9587758479647605,2,3,2,0,0.0,0.25,0.25,0.5,0.75,0.5,0.0,credit_card,FR,EUR
PM_006977,5,0,0,0,0,531.4,106.28,85.8,0.2442350555702249,0.6770875429434721,1,4,2,2,0.0,0.0,0.0,0.2,0.8,0.4,0.4,credit_card,IT,EUR
PM_005871,4,1,1,1,0,407.21,101.8025,77.12,0.24419424765635916,0.9601728506760216,2,4,0,0,0.25,0.25,0.25,0.5,1.0,0.0,0.0,bank_transfer,IT,EUR
PM_004053,9,2,1,1,1,1663.01,184.7788888888889,131.08,0.24357288395240595,0.9571790422055024,6,8,2,5,0.2222222222222222,0.1111111111111111,0.1111111111111111,0.6666666666666666,0.8888888888888888,0.2222222222222222,0.5555555555555556,credit_card,FR,EUR
PM_001849,4,0,1,1,0,715.88,178.97,127.75,0.2432063764703776,0.9157115582877609,4,4,1,0,0.0,0.25,0.25,1.0,1.0,0.25,0.0,credit_card,ES,EUR
PM_002174,4,0,0,0,1,258.38,64.595,64.35,0.2431920671029632,0.7220548133508756,4,4,2,1,0.0,0.0,0.0,1.0,1.0,0.5,0.25,debit_card,ES,EUR
PM_005804,3,0,0,0,0,2003.99,667.9966666666667,668.62,0.24312121171175125,0.6442967778103555,0,3,1,2,0.0,0.0,0.0,0.0,1.0,0.3333333333333333,0.6666666666666666,wallet,ES,EUR
PM_007444,4,0,0,0,0,587.79,146.9475,165.74,0.2429827864072441,0.681089867531618,4,4,1,4,0.0,0.0,0.0,1.0,1.0,0.25,1.0,credit_card,US,EUR
PM_004827,7,0,0,0,2,2322.8199999999997,331.83142857142855,128.52,0.24236479225960045,0.7849107784670547,6,7,2,5,0.0,0.0,0.0,0.8571428571428571,1.0,0.2857142857142857,0.7142857142857143,debit_card,GB,EUR
PM_006635,10,1,1,1,0,745.56,74.556,57.269999999999996,0.24227418755302801,0.9798361712604964,7,10,3,1,0.1,0.1,0.1,0.7,1.0,0.3,0.1,wallet,ES,EUR
PM_001574,5,0,0,0,1,1109.33,221.86599999999999,61.9,0.24188429022567376,0.7492230365649749,1,5,2,2,0.0,0.0,0.0,0.2,1.0,0.4,0.4,credit_card,PT,EUR
PM_002445,5,0,0,0,0,292.81,58.562,19.45,0.24183630069150977,0.6777894211507278,2,5,2,0,0.0,0.0,0.0,0.4,1.0,0.4,0.0,debit_card,GB,EUR
PM_006234,4,0,0,0,1,1197.31,299.3275,291.885,0.2417619623818489,0.8775799953247644,2,3,2,2,0.0,0.0,0.0,0.5,0.75,0.5,0.5,credit_card,ES,EUR
PM_000630,4,0,0,0,0,1172.97,293.2425,305.65500000000003,0.24106665515167208,0.5746624709021384,3,4,2,3,0.0,0.0,0.0,0.75,1.0,0.5,0.75,credit_card,US,EUR
PM_004943,3,0,0,0,1,177.56,59.18666666666667,21.4,0.240802998951917,0.7217304153407864,2,3,1,1,0.0,0.0,0.0,0.6666666666666666,1.0,0.3333333333333333,0.3333333333333333,debit_card,US,EUR
PM_011203,4,0,1,1,0,527.15,131.7875,101.89,0.2405749355139332,0.9591895940200922,3,4,1,0,0.0,0.25,0.25,0.75,1.0,0.25,0.0,debit_card,US,EUR
PM_011548,7,0,0,0,2,384.0,54.857142857142854,55.77,0.23998671043893105,0.8791574784290762,5,6,2,5,0.0,0.0,0.0,0.7142857142857143,0.8571428571428571,0.2857142857142857,0.7142857142857143,wallet,ES,EUR
PM_001478,4,0,0,0,1,268.99,67.2475,57.69500000000001,0.23974421342004607,0.8932651234046158,2,4,1,0,0.0,0.0,0.0,0.5,1.0,0.25,0.0,credit_card,ES,EUR
PM_009016,8,0,1,1,1,1067.6200000000001,133.45250000000001,102.295,0.23941545776091322,0.9117796486911176,4,5,3,2,0.0,0.125,0.125,0.5,0.625,0.375,0.25,credit_card,ES,EUR
PM_006545,8,0,1,1,1,965.7600000000001,120.72000000000001,54.269999999999996,0.2393380743239844,0.9452359063831454,8,8,2,2,0.0,0.125,0.125,1.0,1.0,0.25,0.25,credit_card,ES,EUR
PM_003304,3,0,0,0,1,154.76,51.586666666666666,44.74,0.23908291186030697,0.7163524832581474,2,3,2,1,0.0,0.0,0.0,0.6666666666666666,1.0,0.6666666666666666,0.3333333333333333,credit_card,ES,EUR
PM_004508,4,0,0,0,1,1088.47,272.1175,68.7,0.23869586172133256,0.8695084285654874,3,4,1,0,0.0,0.0,0.0,0.75,1.0,0.25,0.0,credit_card,DE,EUR
PM_008549,4,0,1,1,0,221.7,55.425,54.2,0.23843797429194216,0.9165826667507936,3,4,2,1,0.0,0.25,0.25,0.75,1.0,0.5,0.25,wallet,ES,EUR
PM_002830,6,0,0,0,1,978.96,163.16,74.285,0.2382244922201476,0.8501470663416865,4,6,2,0,0.0,0.0,0.0,0.6666666666666666,1.0,0.3333333333333333,0.0,credit_card,ES,EUR
PM_000483,7,0,0,0,2,393.46999999999997,56.209999999999994,48.44,0.23801656792468004,0.8661408577475082,4,7,2,0,0.0,0.0,0.0,0.5714285714285714,1.0,0.2857142857142857,0.0,credit_card,ES,EUR
PM_008369,7,0,1,1,0,877.72,125.38857142857144,105.22,0.23783096546255975,0.9501270948435304,3,7,2,0,0.0,0.14285714285714285,0.14285714285714285,0.42857142857142855,1.0,0.2857142857142857,0.0,credit_card,PT,EUR
PM_010780,3,0,0,0,0,989.23,329.74333333333334,256.46,0.23765334487513753,0.4396486078499641,1,3,2,3,0.0,0.0,0.0,0.3333333333333333,1.0,0.6666666666666666,1.0,credit_card,ES,EUR
PM_003857,4,1,1,1,0,1442.12,360.53,268.725,0.23745213308731666,0.9490727339370012,2,3,1,0,0.25,0.25,0.25,0.5,0.75,0.25,0.0,credit_card,DE,EUR
PM_005449,10,1,1,1,1,952.89,95.289,81.695,0.23744502452455526,0.9296306451829978,6,9,3,10,0.1,0.1,0.1,0.6,0.9,0.3,1.0,credit_card,ES,EUR
PM_011577,3,0,0,0,1,768.2800000000001,256.09333333333336,57.99,0.23655934391379818,0.7054767222792431,2,3,1,0,0.0,0.0,0.0,0.6666666666666666,1.0,0.3333333333333333,0.0,credit_card,ES,EUR
PM_006183,3,1,0,0,1,867.46,289.15333333333336,280.52,0.2361689725488745,0.7025531169337833,0,3,1,0,0.3333333333333333,0.0,0.0,0.0,1.0,0.3333333333333333,0.0,debit_card,US,EUR
PM_007088,5,1,1,1,0,557.16,111.43199999999999,70.07,0.2358313311601945,0.9739074786228876,3,4,1,3,0.2,0.2,0.2,0.6,0.8,0.2,0.6,credit_card,ES,EUR
PM_004836,4,1,1,1,0,342.27,85.5675,48.075,0.2355465163197138,0.9233911121496918,3,4,1,0,0.25,0.25,0.25,0.75,1.0,0.25,0.0,credit_card,IT,EUR
PM_011581,13,0,1,1,2,1637.77,125.98230769230769,61.82,0.23538848064784929,0.9355363721364413,10,12,5,7,0.0,0.07692307692307693,0.07692307692307693,0.7692307692307693,0.9230769230769231,0.38461538461538464,0.5384615384615384,credit_card,FR,EUR
PM_007906,5,0,0,0,1,757.84,151.568,121.79,0.23499526635130427,0.8635360368616204,4,5,0,3,0.0,0.0,0.0,0.8,1.0,0.0,0.6,credit_card,DE,EUR
PM_005990,7,1,0,0,1,1378.3,196.9,115.37,0.2344535359801851,0.8377428048413424,6,7,1,0,0.14285714285714285,0.0,0.0,0.8571428571428571,1.0,0.14285714285714285,0.0,credit_card,ES,EUR
PM_002127,3,0,0,0,0,347.84999999999997,115.94999999999999,36.72,0.23400610509843112,0.6190216351019995,1,1,0,3,0.0,0.0,0.0,0.3333333333333333,0.3333333333333333,0.0,1.0,debit_card,ES,EUR
PM_006814,9,1,1,1,1,1968.9,218.76666666666668,148.66,0.2335720782281676,0.9327025972887268,6,9,2,8,0.1111111111111111,0.1111111111111111,0.1111111111111111,0.6666666666666666,1.0,0.2222222222222222,0.8888888888888888,credit_card,ES,EUR
PM_001882,4,0,0,0,1,348.13,87.0325,85.91999999999999,0.23335143665917735,0.7686241556166786,2,3,1,0,0.0,0.0,0.0,0.5,0.75,0.25,0.0,debit_card,ES,EUR
PM_010736,10,1,1,1,1,1418.53,141.853,68.745,0.23333065783521612,0.9084310717159304,5,9,4,8,0.1,0.1,0.1,0.5,0.9,0.4,0.8,wallet,IT,EUR
PM_000124,4,0,0,0,1,509.55999999999995,127.38999999999999,94.08,0.23244702491341995,0.8474461349101137,3,4,1,0,0.0,0.0,0.0,0.75,1.0,0.25,0.0,credit_card,GB,EUR
PM_001170,10,1,1,1,0,625.8299999999999,62.58299999999999,53.1,0.23197982037469655,0.9465072574483232,8,10,3,5,0.1,0.1,0.1,0.8,1.0,0.3,0.5,credit_card,IT,EUR
PM_000464,7,0,0,0,2,999.03,142.71857142857144,132.18,0.2318933019110705,0.7529597457243604,2,3,2,0,0.0,0.0,0.0,0.2857142857142857,0.42857142857142855,0.2857142857142857,0.0,debit_card,ES,EUR
PM_005140,4,0,1,1,0,448.38,112.095,32.215,0.23179909221771852,0.9050776353783292,3,4,2,2,0.0,0.25,0.25,0.75,1.0,0.5,0.5,credit_card,FR,EUR
PM_004672,5,0,0,0,0,1614.1100000000001,322.822,324.06,0.23170684290557636,0.5868296166122885,1,5,4,0,0.0,0.0,0.0,0.2,1.0,0.8,0.0,wallet,DE,EUR
PM_003996,4,1,1,1,0,436.92,109.23,74.24000000000001,0.23158246139246183,0.920486392537457,2,2,1,0,0.25,0.25,0.25,0.5,0.5,0.25,0.0,wallet,ES,EUR
PM_010788,4,0,1,1,0,192.0,48.0,43.525,0.23143506770228903,0.9246099276424352,3,4,1,0,0.0,0.25,0.25,0.75,1.0,0.25,0.0,credit_card,DE,EUR
PM_003951,9,1,1,1,0,1706.19,189.57666666666668,135.98,0.23117805535282848,0.9202260889302132,4,9,3,4,0.1111111111111111,0.1111111111111111,0.1111111111111111,0.4444444444444444,1.0,0.3333333333333333,0.4444444444444444,credit_card,IT,EUR
PM_002200,11,1,0,0,1,3291.16,299.1963636363636,206.7,0.23099098356265024,0.8586598990601237,6,11,4,4,0.09090909090909091,0.0,0.0,0.5454545454545454,1.0,0.36363636363636365,0.36363636363636365,credit_card,FR,EUR
PM_010026,11,0,1,1,1,1331.8000000000002,121.07272727272729,55.14,0.2308909181288152,0.9171656516959088,7,11,2,5,0.0,0.09090909090909091,0.09090909090909091,0.6363636363636364,1.0,0.18181818181818182,0.45454545454545453,bank_transfer,GB,EUR
PM_001594,6,0,0,0,1,661.33,110.22166666666668,109.625,0.23084107982247393,0.8143599423388448,5,6,3,6,0.0,0.0,0.0,0.8333333333333334,1.0,0.5,1.0,wallet,DE,EUR
PM_011536,12,0,1,1,2,1969.27,164.10583333333332,28.585,0.23029688371534932,0.9347618372654768,5,6,3,1,0.0,0.08333333333333333,0.08333333333333333,0.4166666666666667,0.5,0.25,0.08333333333333333,credit_card,ES,EUR
PM_003570,3,0,0,0,0,652.1500000000001,217.38333333333335,150.83,0.2300391698744275,0.4710613616924071,1,3,0,0,0.0,0.0,0.0,0.3333333333333333,1.0,0.0,0.0,bank_transfer,FR,EUR
PM_006064,10,1,0,0,1,1805.0900000000001,180.50900000000001,103.285,0.2300299568831742,0.8506562969966716,4,10,3,7,0.1,0.0,0.0,0.4,1.0,0.3,0.7,wallet,PT,EUR
PM_011036,12,0,1,1,2,2270.58,189.215,104.32499999999999,0.22998493271503548,0.930398309958775,6,11,4,4,0.0,0.08333333333333333,0.08333333333333333,0.5,0.9166666666666666,0.3333333333333333,0.3333333333333333,credit_card,IT,EUR
PM_001514,16,2,2,2,1,2127.21,132.950625,103.27,0.229904121158753,0.9736434786639524,7,16,7,6,0.125,0.125,0.125,0.4375,1.0,0.4375,0.375,credit_card,US,EUR
PM_005927,4,0,0,0,1,274.87,68.7175,62.575,0.2295473944793182,0.7966732583645052,1,4,1,0,0.0,0.0,0.0,0.25,1.0,0.25,0.0,debit_card,GB,EUR
PM_007959,4,0,1,1,0,676.72,169.18,161.585,0.22927358532687495,0.9155928701491228,3,4,1,0,0.0,0.25,0.25,0.75,1.0,0.25,0.0,debit_card,IT,EUR
PM_011695,7,0,0,0,2,463.85,66.26428571428572,41.03,0.2286028782951352,0.8390764997890989,4,7,2,3,0.0,0.0,0.0,0.5714285714285714,1.0,0.2857142857142857,0.42857142857142855,wallet,GB,EUR
PM_008969,5,0,1,1,0,380.19,76.038,75.87,0.22814390623334754,0.9088962785675888,3,5,1,0,0.0,0.2,0.2,0.6,1.0,0.2,0.0,credit_card,DE,EUR
PM_003906,18,0,1,1,2,4099.67,227.75944444444445,192.0,0.22812020267015573,0.9416893193759835,15,18,6,10,0.0,0.05555555555555555,0.05555555555555555,0.8333333333333334,1.0,0.3333333333333333,0.5555555555555556,credit_card,PT,EUR
PM_001041,4,0,1,1,0,311.12,77.78,80.015,0.22766070181012193,0.9098376752793016,3,4,1,1,0.0,0.25,0.25,0.75,1.0,0.25,0.25,credit_card,DE,EUR
PM_006663,4,1,1,1,0,284.73,71.1825,42.269999999999996,0.22752242120820024,0.9042109012470944,3,4,1,3,0.25,0.25,0.25,0.75,1.0,0.25,0.75,credit_card,GB,EUR
PM_006093,5,0,0,0,0,379.38,75.876,60.11,0.22748329103220724,0.6701033352894669,3,3,1,0,0.0,0.0,0.0,0.6,0.6,0.2,0.0,credit_card,ES,EUR
PM_005857,5,1,1,1,0,562.88,112.576,60.57,0.2267903904293572,0.9916966589380946,2,2,0,4,0.2,0.2,0.2,0.4,0.4,0.0,0.8,credit_card,ES,EUR
PM_010411,4,1,0,0,1,291.33,72.8325,72.07,0.22658664831979017,0.8958864284512991,2,4,3,3,0.25,0.0,0.0,0.5,1.0,0.75,0.75,debit_card,US,EUR
PM_011572,9,0,0,0,1,1207.94,134.21555555555557,48.76,0.22641830636560265,0.8937135655014031,5,8,2,6,0.0,0.0,0.0,0.5555555555555556,0.8888888888888888,0.2222222222222222,0.6666666666666666,debit_card,ES,EUR
PM_010878,4,0,0,0,1,685.71,171.4275,199.88,0.2262287853999947,0.8750376341079197,3,4,1,0,0.0,0.0,0.0,0.75,1.0,0.25,0.0,credit_card,DE,EUR
PM_000414,6,0,1,1,0,797.88,132.98,80.69,0.22583654718184898,0.9448482826460118,5,6,2,6,0.0,0.16666666666666666,0.16666666666666666,0.8333333333333334,1.0,0.3333333333333333,1.0,credit_card,US,EUR
PM_004384,7,0,0,0,1,1005.0,143.57142857142858,91.74,0.22582270708604904,0.8963525542389635,5,7,2,3,0.0,0.0,0.0,0.7142857142857143,1.0,0.2857142857142857,0.42857142857142855,credit_card,PT,EUR
PM_004109,4,1,0,0,1,640.46,160.115,124.745,0.2257412971317018,0.889293142006653,2,4,2,1,0.25,0.0,0.0,0.5,1.0,0.5,0.25,credit_card,US,EUR
PM_009988,9,0,0,0,2,1006.98,111.88666666666667,69.16,0.22537545496915706,0.8698177653847564,6,7,2,3,0.0,0.0,0.0,0.6666666666666666,0.7777777777777778,0.2222222222222222,0.3333333333333333,credit_card,ES,EUR
PM_007598,4,0,0,0,1,885.93,221.4825,141.61,0.22537540752394117,0.8954806976077461,2,4,1,0,0.0,0.0,0.0,0.5,1.0,0.25,0.0,debit_card,US,EUR
PM_011675,5,0,0,0,1,497.8,99.56,130.52,0.22492524572137182,0.7486611253414042,1,2,1,0,0.0,0.0,0.0,0.2,0.4,0.2,0.0,credit_card,IT,EUR
PM_008812,7,0,1,1,0,730.87,104.41,85.3,0.22467072096167032,0.9109742022088568,4,6,1,5,0.0,0.14285714285714285,0.14285714285714285,0.5714285714285714,0.8571428571428571,0.14285714285714285,0.7142857142857143,credit_card,PT,EUR
PM_006933,10,1,1,1,1,1953.9099999999999,195.391,182.69,0.22466395447757925,0.9461767076526952,8,10,3,0,0.1,0.1,0.1,0.8,1.0,0.3,0.0,credit_card,ES,EUR
PM_007507,3,0,0,0,0,281.29,93.76333333333334,106.91,0.22437795681392939,0.6586211226317951,1,2,1,0,0.0,0.0,0.0,0.3333333333333333,0.6666666666666666,0.3333333333333333,0.0,credit_card,IT,EUR
PM_003593,10,0,0,0,1,1060.42,106.042,48.675,0.2241008810590006,0.7021207350744249,6,7,3,1,0.0,0.0,0.0,0.6,0.7,0.3,0.1,credit_card,ES,EUR
PM_004563,3,0,0,0,0,359.52,119.83999999999999,130.48,0.2240174842310496,0.6661490628893735,3,3,1,0,0.0,0.0,0.0,1.0,1.0,0.3333333333333333,0.0,debit_card,GB,EUR
PM_009017,3,0,0,0,0,361.93,120.64333333333333,121.41,0.2237484683977796,0.6384063368889691,1,1,0,1,0.0,0.0,0.0,0.3333333333333333,0.3333333333333333,0.0,0.3333333333333333,debit_card,ES,EUR
PM_000560,7,0,1,1,0,665.53,95.07571428571428,60.98,0.22371418749797112,0.9210033631062748,7,7,1,4,0.0,0.14285714285714285,0.14285714285714285,1.0,1.0,0.14285714285714285,0.5714285714285714,credit_card,PT,EUR
PM_004707,5,1,1,1,0,1620.34,324.068,191.61,0.222951227131218,0.993610747015663,3,5,1,4,0.2,0.2,0.2,0.6,1.0,0.2,0.8,debit_card,US,EUR
PM_011851,6,1,1,1,0,926.7700000000001,154.46166666666667,80.785,0.22235330202196787,0.909564757714803,0,6,2,0,0.16666666666666666,0.16666666666666666,0.16666666666666666,0.0,1.0,0.3333333333333333,0.0,credit_card,US,EUR
PM_011567,3,0,0,0,0,377.84,125.94666666666666,30.47,0.22206780650709565,0.6400127210893611,1,3,2,0,0.0,0.0,0.0,0.3333333333333333,1.0,0.6666666666666666,0.0,debit_card,ES,EUR
PM_002942,4,0,0,0,1,346.86,86.715,42.29,0.22162289821573647,0.8832139573414616,2,4,2,2,0.0,0.0,0.0,0.5,1.0,0.5,0.5,credit_card,ES,EUR
PM_009783,15,1,1,1,2,1734.04,115.60266666666666,64.8,0.22140765710353597,0.9399587961883444,11,15,5,3,0.06666666666666667,0.06666666666666667,0.06666666666666667,0.7333333333333333,1.0,0.3333333333333333,0.2,credit_card,ES,EUR
PM_001071,4,0,0,0,1,823.14,205.785,62.75,0.2213735154789447,0.8845713442997786,1,4,1,2,0.0,0.0,0.0,0.25,1.0,0.25,0.5,credit_card,US,EUR
PM_010671,4,1,0,0,1,232.69,58.1725,50.385,0.22107127619754188,0.8697795882889822,4,4,1,3,0.25,0.0,0.0,1.0,1.0,0.25,0.75,debit_card,ES,EUR
PM_010711,5,0,1,1,0,801.48,160.296,162.4,0.2210513443089753,0.9435208827935598,3,4,1,0,0.0,0.2,0.2,0.6,0.8,0.2,0.0,credit_card,ES,EUR
PM_005447,4,1,0,0,1,302.12,75.53,73.92,0.22102274964819238,0.7949882181534349,3,4,1,0,0.25,0.0,0.0,0.75,1.0,0.25,0.0,debit_card,GB,EUR
PM_010534,3,0,0,0,0,912.89,304.2966666666667,369.73,0.22088201906381125,0.6524718291522184,3,3,1,1,0.0,0.0,0.0,1.0,1.0,0.3333333333333333,0.3333333333333333,credit_card,DE,EUR
PM_006031,9,0,1,1,1,1343.15,149.2388888888889,88.9,0.22019761009591202,0.9347082085181744,5,9,2,1,0.0,0.1111111111111111,0.1111111111111111,0.5555555555555556,1.0,0.2222222222222222,0.1111111111111111,credit_card,DE,EUR
PM_007457,4,1,0,0,1,71.56,17.89,19.16,0.2201319770616375,0.84444623540591,1,4,1,0,0.25,0.0,0.0,0.25,1.0,0.25,0.0,credit_card,US,EUR
PM_008784,6,0,0,0,0,1146.49,191.08166666666668,107.28,0.21923189351293978,0.6816667119145656,5,6,3,0,0.0,0.0,0.0,0.8333333333333334,1.0,0.5,0.0,debit_card,US,EUR
PM_007407,4,1,0,0,1,393.24,98.31,53.245000000000005,0.21921350580176635,0.862653356973004,2,4,1,0,0.25,0.0,0.0,0.5,1.0,0.25,0.0,bank_transfer,ES,EUR
PM_001421,3,0,0,0,0,148.17000000000002,49.39000000000001,48.34,0.2188550843726151,0.619628925780598,3,3,0,0,0.0,0.0,0.0,1.0,1.0,0.0,0.0,wallet,ES,EUR
PM_008822,5,0,0,0,0,2973.52,594.704,118.27,0.2184568525285971,0.6143876658307513,1,4,2,3,0.0,0.0,0.0,0.2,0.8,0.4,0.6,credit_card,ES,EUR
PM_005979,3,0,0,0,0,830.6700000000001,276.89000000000004,219.55,0.2184298694932241,0.3331603618157648,2,3,1,1,0.0,0.0,0.0,0.6666666666666666,1.0,0.3333333333333333,0.3333333333333333,credit_card,GB,EUR
PM_003316,4,1,0,0,1,1023.59,255.8975,245.14499999999998,0.2181212634323472,0.8529463566099597,1,4,2,2,0.25,0.0,0.0,0.25,1.0,0.5,0.5,credit_card,GB,EUR
PM_001509,5,1,0,0,1,319.55,63.910000000000004,51.67,0.2180336078661898,0.8658742766742578,0,5,2,5,0.2,0.0,0.0,0.0,1.0,0.4,1.0,credit_card,GB,EUR
PM_006049,10,0,1,1,1,1714.23,171.423,112.775,0.21797719314718841,0.9367450327682778,5,10,4,3,0.0,0.1,0.1,0.5,1.0,0.4,0.3,credit_card,DE,EUR
PM_010338,10,1,1,1,1,644.69,64.46900000000001,75.08500000000001,0.21794712397072127,0.9309117460989498,5,10,2,1,0.1,0.1,0.1,0.5,1.0,0.2,0.1,credit_card,DE,EUR
PM_005185,6,1,1,1,0,739.09,123.18166666666667,92.62,0.21743925143967266,0.9642092013345512,2,3,1,4,0.16666666666666666,0.16666666666666666,0.16666666666666666,0.3333333333333333,0.5,0.16666666666666666,0.6666666666666666,credit_card,ES,EUR
PM_001067,4,0,0,0,1,1419.75,354.9375,207.95499999999998,0.21734270809645884,0.7871143289484136,2,4,1,2,0.0,0.0,0.0,0.5,1.0,0.25,0.5,credit_card,PT,EUR
PM_011275,18,0,1,1,2,1808.9199999999998,100.49555555555554,39.14,0.21720908902749925,0.929569755522614,14,18,6,3,0.0,0.05555555555555555,0.05555555555555555,0.7777777777777778,1.0,0.3333333333333333,0.16666666666666666,credit_card,US,EUR
PM_002236,8,1,1,1,0,2440.3,305.0375,311.94,0.21719141539237108,0.9339803931753372,7,8,2,3,0.125,0.125,0.125,0.875,1.0,0.25,0.375,credit_card,ES,EUR
PM_003805,4,0,0,0,1,439.09999999999997,109.77499999999999,104.02499999999999,0.2171024960676334,0.8327317525777972,2,4,1,0,0.0,0.0,0.0,0.5,1.0,0.25,0.0,credit_card,FR,EUR
PM_005888,9,0,0,0,1,724.41,80.49,63.22,0.21693487934943328,0.7057344436191456,5,9,3,7,0.0,0.0,0.0,0.5555555555555556,1.0,0.3333333333333333,0.7777777777777778,credit_card,GB,EUR
PM_009340,10,0,1,1,1,462.98,46.298,31.8,0.2167456174168219,0.949966564789122,6,10,3,5,0.0,0.1,0.1,0.6,1.0,0.3,0.5,wallet,GB,EUR
PM_011534,6,0,1,1,0,734.23,122.37166666666667,93.63999999999999,0.21641713283008746,0.9165154778036586,4,4,1,5,0.0,0.16666666666666666,0.16666666666666666,0.6666666666666666,0.6666666666666666,0.16666666666666666,0.8333333333333334,debit_card,IT,EUR
PM_010079,4,0,0,0,1,247.79,61.9475,68.485,0.21640982393339353,0.8625565119673242,2,2,1,0,0.0,0.0,0.0,0.5,0.5,0.25,0.0,credit_card,ES,EUR
PM_000612,3,0,0,0,0,756.3,252.1,197.03,0.2161706107705886,0.4076280723246293,3,3,0,3,0.0,0.0,0.0,1.0,1.0,0.0,1.0,debit_card,DE,EUR
PM_011245,11,0,0,0,2,851.74,77.4309090909091,52.07,0.21594359757746312,0.8842583437841297,5,5,2,11,0.0,0.0,0.0,0.45454545454545453,0.45454545454545453,0.18181818181818182,1.0,credit_card,ES,EUR
PM_002553,9,0,1,1,1,2293.46,254.82888888888888,196.89,0.21584095066424103,0.973791064104104,4,9,3,5,0.0,0.1111111111111111,0.1111111111111111,0.4444444444444444,1.0,0.3333333333333333,0.5555555555555556,credit_card,DE,EUR
PM_010617,4,0,0,0,1,232.10999999999999,58.027499999999996,42.345,0.21548565147909443,0.8484543275324509,2,3,0,3,0.0,0.0,0.0,0.5,0.75,0.0,0.75,debit_card,ES,EUR
PM_005601,7,0,0,0,1,1656.8700000000001,236.6957142857143,241.12,0.21529302235368233,0.8097113476403694,5,6,2,2,0.0,0.0,0.0,0.7142857142857143,0.8571428571428571,0.2857142857142857,0.2857142857142857,credit_card,FR,EUR
PM_000468,3,0,0,0,0,938.8299999999999,312.9433333333333,360.01,0.2149648838298288,0.5278438449718722,2,3,2,1,0.0,0.0,0.0,0.6666666666666666,1.0,0.6666666666666666,0.3333333333333333,bank_transfer,IT,EUR
PM_003825,4,0,0,0,1,386.41,96.6025,20.229999999999997,0.21466609531435304,0.8572397890581152,2,4,1,0,0.0,0.0,0.0,0.5,1.0,0.25,0.0,credit_card,US,EUR
PM_001060,4,0,0,0,1,484.05,121.0125,121.495,0.2145442261698583,0.8560108618595419,2,3,1,3,0.0,0.0,0.0,0.5,0.75,0.25,0.75,credit_card,PT,EUR
PM_000625,7,1,1,1,0,601.75,85.96428571428571,21.02,0.21364373852557808,0.9289862173715604,5,7,2,2,0.14285714285714285,0.14285714285714285,0.14285714285714285,0.7142857142857143,1.0,0.2857142857142857,0.2857142857142857,credit_card,ES,EUR
PM_006048,8,1,1,1,1,587.51,73.43875,37.85,0.2134649583045413,0.9345201458476644,3,8,2,0,0.125,0.125,0.125,0.375,1.0,0.25,0.0,credit_card,DE,EUR
PM_011448,6,0,0,0,1,1532.31,255.385,129.61,0.2132771933375486,0.8934830521155098,3,5,3,0,0.0,0.0,0.0,0.5,0.8333333333333334,0.5,0.0,credit_card,ES,EUR
PM_001335,5,1,1,1,0,289.88,57.976,49.13,0.21296402929840483,0.989709179627544,3,5,2,2,0.2,0.2,0.2,0.6,1.0,0.4,0.4,credit_card,GB,EUR
PM_008835,12,1,1,1,1,1375.65,114.6375,47.905,0.21268366538316352,0.9526206519340352,7,12,2,7,0.08333333333333333,0.08333333333333333,0.08333333333333333,0.5833333333333334,1.0,0.16666666666666666,0.5833333333333334,credit_card,DE,EUR
PM_006145,9,0,0,0,1,1009.46,112.16222222222223,73.67,0.21257614055658025,0.8187220000747355,7,9,1,7,0.0,0.0,0.0,0.7777777777777778,1.0,0.1111111111111111,0.7777777777777778,credit_card,PT,EUR
PM_001504,4,0,0,0,1,564.3199999999999,141.07999999999998,157.745,0.21254423131760775,0.8406373074897977,0,3,2,1,0.0,0.0,0.0,0.0,0.75,0.5,0.25,debit_card,ES,EUR
PM_001767,4,1,0,0,1,606.63,151.6575,116.99,0.2121545955703974,0.8466226972057214,4,4,1,0,0.25,0.0,0.0,1.0,1.0,0.25,0.0,bank_transfer,FR,EUR
PM_006446,3,0,0,0,0,528.11,176.03666666666666,101.55,0.21142703360203066,0.4471085397423085,2,3,0,3,0.0,0.0,0.0,0.6666666666666666,1.0,0.0,1.0,credit_card,DE,EUR
PM_008025,10,1,2,2,0,1985.7299999999998,198.57299999999998,179.945,0.21103771982077077,0.938938053848292,5,10,3,9,0.1,0.2,0.2,0.5,1.0,0.3,0.9,debit_card,FR,EUR
PM_004834,7,1,0,0,1,1032.98,147.56857142857143,56.02,0.21099114772067354,0.7731504349102452,5,7,0,5,0.14285714285714285,0.0,0.0,0.7142857142857143,1.0,0.0,0.7142857142857143,credit_card,IT,EUR
PM_000917,5,1,1,1,0,461.09000000000003,92.218,45.02,0.210791573240709,0.920406713138078,3,3,2,3,0.2,0.2,0.2,0.6,0.6,0.4,0.6,debit_card,FR,EUR
PM_008103,8,1,1,1,0,1417.1200000000001,177.14000000000001,55.480000000000004,0.21074138733925044,0.9758025239811678,4,8,1,5,0.125,0.125,0.125,0.5,1.0,0.125,0.625,credit_card,US,EUR
PM_005661,5,1,1,1,0,1280.97,256.194,128.89,0.2102761748235566,0.9946530247002872,5,5,2,1,0.2,0.2,0.2,1.0,1.0,0.4,0.2,credit_card,ES,EUR
PM_001138,7,0,0,0,1,430.69,61.527142857142856,49.96,0.2102254667886305,0.870387825199653,1,7,2,5,0.0,0.0,0.0,0.14285714285714285,1.0,0.2857142857142857,0.7142857142857143,debit_card,PT,EUR
PM_000640,5,0,1,1,0,589.17,117.83399999999999,127.32,0.21021532675321647,0.9460565101606324,4,5,1,3,0.0,0.2,0.2,0.8,1.0,0.2,0.6,credit_card,DE,EUR
PM_000226,13,0,0,0,2,1781.5400000000002,137.04153846153847,68.17,0.20964340872902995,0.898594373701756,3,13,3,6,0.0,0.0,0.0,0.23076923076923078,1.0,0.23076923076923078,0.46153846153846156,debit_card,IT,EUR
PM_000001,32,1,1,1,4,6203.76,193.8675,135.39499999999998,0.2093376273691608,0.9901971056821784,16,32,10,17,0.03125,0.03125,0.03125,0.5,1.0,0.3125,0.53125,credit_card,GB,EUR
PM_002172,5,1,1,1,0,606.9300000000001,121.38600000000001,44.81,0.20918664355308397,0.9872069005215856,2,3,1,2,0.2,0.2,0.2,0.4,0.6,0.2,0.4,wallet,ES,EUR
PM_003146,7,0,0,0,1,589.36,84.19428571428571,100.75,0.20882437840590545,0.7618565516784415,1,7,1,7,0.0,0.0,0.0,0.14285714285714285,1.0,0.14285714285714285,1.0,credit_card,GB,EUR
PM_011154,4,0,0,0,1,115.26,28.815,32.004999999999995,0.2086994024817393,0.8158975189545637,3,4,1,0,0.0,0.0,0.0,0.75,1.0,0.25,0.0,debit_card,ES,EUR
PM_002093,4,0,0,0,1,234.08,58.52,45.36,0.2086465916355906,0.7901675133765473,1,4,2,0,0.0,0.0,0.0,0.25,1.0,0.5,0.0,debit_card,IT,EUR
PM_005453,3,0,0,0,0,308.21000000000004,102.73666666666668,45.33,0.20860463222777484,0.623891439194338,2,3,1,0,0.0,0.0,0.0,0.6666666666666666,1.0,0.3333333333333333,0.0,credit_card,GB,EUR
PM_009498,6,0,0,0,1,745.39,124.23166666666667,97.59,0.20835561914126774,0.7813912536926282,5,6,3,1,0.0,0.0,0.0,0.8333333333333334,1.0,0.5,0.16666666666666666,credit_card,ES,EUR
PM_010090,4,0,0,0,1,605.38,151.345,88.525,0.20803984692116909,0.8088349618042723,1,4,1,0,0.0,0.0,0.0,0.25,1.0,0.25,0.0,debit_card,FR,EUR
PM_003701,8,1,1,1,1,532.42,66.5525,30.075000000000003,0.20787231369729997,0.9098996749636988,2,5,4,2,0.125,0.125,0.125,0.25,0.625,0.5,0.25,credit_card,ES,EUR
PM_008451,8,0,0,0,0,1886.1499999999999,235.76874999999998,154.77499999999998,0.2069659063391501,0.6631426269138022,5,8,1,0,0.0,0.0,0.0,0.625,1.0,0.125,0.0,credit_card,US,EUR
PM_004556,4,0,0,0,1,532.96,133.24,57.269999999999996,0.20666678327305166,0.7860222545008261,2,4,1,0,0.0,0.0,0.0,0.5,1.0,0.25,0.0,debit_card,ES,EUR
PM_006211,3,1,0,0,0,1065.13,355.04333333333335,167.05,0.20666418256281893,0.6190947118786719,3,3,1,0,0.3333333333333333,0.0,0.0,1.0,1.0,0.3333333333333333,0.0,wallet,US,EUR
PM_000474,5,0,0,0,1,465.28999999999996,93.05799999999999,76.39,0.20642994460699615,0.7246005373506874,3,5,1,1,0.0,0.0,0.0,0.6,1.0,0.2,0.2,credit_card,ES,EUR
PM_009662,5,0,0,0,1,192.21,38.442,27.12,0.2063226674813023,0.7705378144720904,2,5,1,0,0.0,0.0,0.0,0.4,1.0,0.2,0.0,credit_card,US,EUR
PM_009931,4,1,0,0,1,572.96,143.24,89.59,0.20568993263043447,0.8012959571080677,2,4,1,1,0.25,0.0,0.0,0.5,1.0,0.25,0.25,wallet,IT,EUR
PM_003481,4,0,0,0,1,178.23000000000002,44.557500000000005,34.225,0.20563379516213592,0.7881364001558957,2,4,0,0,0.0,0.0,0.0,0.5,1.0,0.0,0.0,debit_card,IT,EUR
PM_001073,5,0,1,1,0,344.64,68.928,38.31,0.20559440146549202,0.929391831978297,3,5,1,1,0.0,0.2,0.2,0.6,1.0,0.2,0.2,debit_card,US,EUR
PM_003066,5,1,1,1,0,379.44,75.888,41.57,0.20529215418496932,0.986576012419168,1,1,1,2,0.2,0.2,0.2,0.2,0.2,0.2,0.4,credit_card,ES,EUR
PM_008809,11,1,0,0,2,1304.42,118.58363636363637,117.98,0.2052539598222891,0.8493681218665009,9,11,5,3,0.09090909090909091,0.0,0.0,0.8181818181818182,1.0,0.45454545454545453,0.2727272727272727,credit_card,FR,EUR
PM_011153,13,2,2,2,0,1861.25,143.17307692307693,77.13,0.20511620186083102,0.99329044954026,8,13,3,0,0.15384615384615385,0.15384615384615385,0.15384615384615385,0.6153846153846154,1.0,0.23076923076923078,0.0,credit_card,US,EUR
PM_008663,4,0,0,0,1,288.45,72.1125,24.615000000000002,0.20510277048187905,0.811892529203694,3,4,1,4,0.0,0.0,0.0,0.75,1.0,0.25,1.0,wallet,GB,EUR
PM_004526,3,0,0,0,0,402.51,134.17,120.7,0.20505002010660722,0.259145697757007,2,3,1,2,0.0,0.0,0.0,0.6666666666666666,1.0,0.3333333333333333,0.6666666666666666,credit_card,GB,EUR
PM_011614,3,0,0,0,0,416.26,138.75333333333333,188.88,0.2050278987136881,0.6038459638831565,1,2,1,0,0.0,0.0,0.0,0.3333333333333333,0.6666666666666666,0.3333333333333333,0.0,credit_card,ES,EUR
PM_006960,3,0,0,0,0,1259.44,419.81333333333333,85.83,0.20498974036155868,0.5725935453699639,1,3,0,0,0.0,0.0,0.0,0.3333333333333333,1.0,0.0,0.0,credit_card,IT,EUR
PM_011280,9,0,0,0,1,1063.72,118.19111111111111,108.61,0.20441916925673032,0.8653223430618856,5,9,5,2,0.0,0.0,0.0,0.5555555555555556,1.0,0.5555555555555556,0.2222222222222222,credit_card,IT,EUR
PM_004670,6,0,0,0,1,505.95,84.325,70.515,0.20439207551097816,0.8167533077973098,5,6,2,1,0.0,0.0,0.0,0.8333333333333334,1.0,0.3333333333333333,0.16666666666666666,bank_transfer,GB,EUR
PM_004887,7,1,0,0,1,1539.14,219.87714285714287,163.56,0.2042751300407497,0.7092827417796443,4,7,3,1,0.14285714285714285,0.0,0.0,0.5714285714285714,1.0,0.42857142857142855,0.14285714285714285,credit_card,GB,EUR
PM_010845,3,0,0,0,0,1804.56,601.52,175.17,0.20383078772619698,0.5723353744466309,2,3,0,0,0.0,0.0,0.0,0.6666666666666666,1.0,0.0,0.0,credit_card,IT,EUR
PM_005592,11,1,2,1,1,658.26,59.841818181818184,30.22,0.20372843919939562,0.9521255788266092,10,11,5,0,0.09090909090909091,0.18181818181818182,0.09090909090909091,0.9090909090909091,1.0,0.45454545454545453,0.0,credit_card,ES,EUR
PM_010702,12,0,1,1,0,2872.62,239.385,209.39999999999998,0.20360245676438893,0.910263843477311,7,12,4,0,0.0,0.08333333333333333,0.08333333333333333,0.5833333333333334,1.0,0.3333333333333333,0.0,credit_card,US,EUR
PM_010268,5,0,1,1,0,568.4,113.67999999999999,92.16,0.20334501216627557,0.9051657155965108,3,5,1,0,0.0,0.2,0.2,0.6,1.0,0.2,0.0,debit_card,ES,EUR
PM_011003,4,0,0,0,1,226.83,56.7075,43.78,0.20317660987981614,0.8080764643045237,3,3,1,4,0.0,0.0,0.0,0.75,0.75,0.25,1.0,wallet,IT,EUR
PM_011200,3,0,0,0,0,1003.3000000000001,334.43333333333334,316.37,0.20308947813910647,0.6064874888029045,0,3,1,0,0.0,0.0,0.0,0.0,1.0,0.3333333333333333,0.0,credit_card,DE,EUR
PM_009200,4,0,0,0,1,223.9,55.975,23.92,0.20295640049081057,0.7999711626280884,2,2,1,0,0.0,0.0,0.0,0.5,0.5,0.25,0.0,debit_card,ES,EUR
PM_000916,5,0,0,0,0,504.18,100.836,49.62,0.20283136297704255,0.552840497647547,5,5,2,0,0.0,0.0,0.0,1.0,1.0,0.4,0.0,debit_card,FR,EUR
PM_007035,4,0,0,0,0,510.45,127.6125,82.205,0.20280219194998916,0.5415984107240377,1,4,0,4,0.0,0.0,0.0,0.25,1.0,0.0,1.0,credit_card,FR,EUR
PM_000458,5,0,0,0,1,833.4200000000001,166.68400000000003,129.94,0.2026600448579255,0.8419792246295758,4,5,2,0,0.0,0.0,0.0,0.8,1.0,0.4,0.0,credit_card,FR,EUR
PM_001911,8,0,0,0,1,1530.94,191.3675,114.15,0.20143486630536422,0.8122818685437974,8,8,3,0,0.0,0.0,0.0,1.0,1.0,0.375,0.0,bank_transfer,US,EUR
PM_006522,5,1,1,1,0,542.41,108.482,60.67,0.20113306299896658,0.9961695727520276,1,1,0,1,0.2,0.2,0.2,0.2,0.2,0.0,0.2,wallet,ES,EUR
PM_004522,5,0,0,0,0,1341.44,268.288,306.6,0.20108492455071508,0.6479714380643588,3,5,1,4,0.0,0.0,0.0,0.6,1.0,0.2,0.8,credit_card,DE,EUR
PM_002898,3,0,0,0,0,143.03,47.67666666666667,39.67,0.20027330387705466,0.2981856131652121,2,2,0,2,0.0,0.0,0.0,0.6666666666666666,0.6666666666666666,0.0,0.6666666666666666,wallet,FR,EUR
PM_006435,11,1,1,1,1,1140.22,103.65636363636364,82.32,0.2001045385516562,0.9051181636117868,3,11,3,0,0.09090909090909091,0.09090909090909091,0.09090909090909091,0.2727272727272727,1.0,0.2727272727272727,0.0,debit_card,US,EUR
PM_004245,5,1,1,1,0,429.26,85.852,56.06,0.1999616762000434,0.9141059904927316,3,5,1,4,0.2,0.2,0.2,0.6,1.0,0.2,0.8,debit_card,PT,EUR
PM_000415,7,1,1,1,0,1765.81,252.25857142857143,213.1,0.1999108751664743,0.9612728355828852,3,7,1,0,0.14285714285714285,0.14285714285714285,0.14285714285714285,0.42857142857142855,1.0,0.14285714285714285,0.0,credit_card,ES,EUR
PM_000722,5,0,0,0,1,1150.2,230.04000000000002,142.09,0.19966972781021997,0.8495714725322594,1,5,1,0,0.0,0.0,0.0,0.2,1.0,0.2,0.0,bank_transfer,US,EUR
PM_009050,5,1,1,1,0,717.4100000000001,143.48200000000003,67.14,0.19959916705886624,0.9947422734853066,2,5,0,0,0.2,0.2,0.2,0.4,1.0,0.0,0.0,credit_card,GB,EUR
PM_002234,9,0,0,0,1,1701.46,189.0511111111111,117.99,0.19947361222159826,0.8789149671540941,7,9,2,0,0.0,0.0,0.0,0.7777777777777778,1.0,0.2222222222222222,0.0,debit_card,US,EUR
PM_003191,6,0,0,0,0,513.63,85.605,59.965,0.19938142451609805,0.5972841125948715,5,5,3,0,0.0,0.0,0.0,0.8333333333333334,0.8333333333333334,0.5,0.0,credit_card,IT,EUR
PM_008751,3,0,0,0,0,186.04,62.01333333333333,75.44,0.1986886571859643,0.5951058629836249,2,3,2,1,0.0,0.0,0.0,0.6666666666666666,1.0,0.6666666666666666,0.3333333333333333,debit_card,FR,EUR
PM_009792,5,1,1,1,0,408.59999999999997,81.72,72.89,0.19846048120417442,0.9561542890459368,1,5,1,0,0.2,0.2,0.2,0.2,1.0,0.2,0.0,wallet,IT,EUR
PM_002283,3,0,0,0,0,520.88,173.62666666666667,81.76,0.19837866661758943,0.5824169394522051,0,3,0,0,0.0,0.0,0.0,0.0,1.0,0.0,0.0,credit_card,US,EUR
PM_005926,6,0,0,0,1,761.97,126.995,82.505,0.19832034530715933,0.7828927232524745,5,6,1,3,0.0,0.0,0.0,0.8333333333333334,1.0,0.16666666666666666,0.5,credit_card,ES,EUR
PM_011648,5,1,1,1,0,1033.52,206.704,54.05,0.1982267712494678,0.9872283842962812,4,4,2,1,0.2,0.2,0.2,0.8,0.8,0.4,0.2,debit_card,ES,EUR
PM_002608,9,0,0,0,2,1158.99,128.77666666666667,112.1,0.1978358004678705,0.8942336340281702,7,9,4,3,0.0,0.0,0.0,0.7777777777777778,1.0,0.4444444444444444,0.3333333333333333,credit_card,ES,EUR
PM_008088,6,0,0,0,1,508.2,84.7,42.055,0.19783351316086187,0.8077099795922758,5,6,2,0,0.0,0.0,0.0,0.8333333333333334,1.0,0.3333333333333333,0.0,credit_card,ES,EUR
PM_000202,7,0,0,0,1,489.44,69.92,75.3,0.1974637407289033,0.8786462063838048,4,7,2,5,0.0,0.0,0.0,0.5714285714285714,1.0,0.2857142857142857,0.7142857142857143,wallet,FR,EUR
PM_004995,3,0,0,0,0,78.44,26.146666666666665,25.74,0.19744926699044127,0.5920383931000458,1,3,0,3,0.0,0.0,0.0,0.3333333333333333,1.0,0.0,1.0,debit_card,FR,EUR
PM_001989,5,1,1,1,0,946.6,189.32,22.98,0.19734510468419186,0.9836226859469448,1,5,1,4,0.2,0.2,0.2,0.2,1.0,0.2,0.8,credit_card,FR,EUR
PM_010529,4,0,0,0,1,256.2,64.05,67.43,0.19722626908726743,0.7338937608706843,2,4,1,3,0.0,0.0,0.0,0.5,1.0,0.25,0.75,bank_transfer,FR,EUR
PM_010689,5,1,0,0,1,616.96,123.39200000000001,111.67,0.19687790377996373,0.8291283037008939,2,5,1,0,0.2,0.0,0.0,0.4,1.0,0.2,0.0,credit_card,IT,EUR
PM_005100,3,0,0,0,0,147.39,49.129999999999995,32.6,0.19686578119007922,0.5858476565143745,2,3,2,0,0.0,0.0,0.0,0.6666666666666666,1.0,0.6666666666666666,0.0,debit_card,DE,EUR
PM_005819,8,1,1,1,0,1192.54,149.0675,87.58000000000001,0.19673767845442217,0.9545788440557098,4,7,4,1,0.125,0.125,0.125,0.5,0.875,0.5,0.125,credit_card,ES,EUR
PM_008827,4,0,0,0,0,501.59000000000003,125.39750000000001,113.495,0.19658759268517223,0.6965178625951782,1,4,1,0,0.0,0.0,0.0,0.25,1.0,0.25,0.0,credit_card,FR,EUR
PM_004214,3,0,0,0,0,170.74,56.913333333333334,61.48,0.1965654709112781,0.583523928442116,1,1,0,0,0.0,0.0,0.0,0.3333333333333333,0.3333333333333333,0.0,0.0,credit_card,ES,EUR
PM_004116,5,0,1,1,0,281.59999999999997,56.31999999999999,14.53,0.19647628704667908,0.9323887555619824,3,5,2,0,0.0,0.2,0.2,0.6,1.0,0.4,0.0,credit_card,ES,EUR
PM_002543,6,1,1,1,0,721.73,120.28833333333334,109.18,0.1964557699976086,0.9731590243143312,2,6,1,6,0.16666666666666666,0.16666666666666666,0.16666666666666666,0.3333333333333333,1.0,0.16666666666666666,1.0,debit_card,US,EUR
PM_005436,18,0,1,1,2,4390.2,243.89999999999998,179.535,0.19616065834342622,0.9052806221851007,8,15,5,2,0.0,0.05555555555555555,0.05555555555555555,0.4444444444444444,0.8333333333333334,0.2777777777777778,0.1111111111111111,credit_card,ES,EUR
PM_001881,14,0,0,0,2,1518.02,108.42999999999999,70.275,0.19611476551400822,0.871285364049411,10,14,4,11,0.0,0.0,0.0,0.7142857142857143,1.0,0.2857142857142857,0.7857142857142857,debit_card,ES,EUR
PM_009724,7,0,0,0,0,291.8,41.68571428571429,20.45,0.19609242962649542,0.5968951308599241,2,7,2,0,0.0,0.0,0.0,0.2857142857142857,1.0,0.2857142857142857,0.0,debit_card,DE,EUR
PM_005325,3,0,0,0,0,93.25999999999999,31.086666666666662,20.03,0.19569591301514477,0.572176222928625,1,3,0,2,0.0,0.0,0.0,0.3333333333333333,1.0,0.0,0.6666666666666666,debit_card,ES,EUR
PM_003318,16,1,2,2,1,2943.32,183.9575,123.995,0.1955834368561489,0.9927664572227776,10,16,5,10,0.0625,0.125,0.125,0.625,1.0,0.3125,0.625,credit_card,PT,EUR
PM_006917,8,0,0,0,1,1072.3799999999999,134.04749999999999,119.46,0.1954909304578424,0.8789837108455081,4,8,4,0,0.0,0.0,0.0,0.5,1.0,0.5,0.0,credit_card,DE,EUR
PM_008552,5,0,1,1,0,752.39,150.478,29.36,0.19540573138091938,0.9552278421210808,4,5,0,0,0.0,0.2,0.2,0.8,1.0,0.0,0.0,wallet,PT,EUR
PM_002425,6,0,0,0,0,2414.22,402.36999999999995,180.195,0.19526206598338317,0.6007619232360385,5,6,1,0,0.0,0.0,0.0,0.8333333333333334,1.0,0.16666666666666666,0.0,credit_card,ES,EUR
PM_007927,27,1,1,1,4,3593.47,133.09148148148148,122.02,0.1951955419010769,0.9513305133769548,18,27,6,2,0.037037037037037035,0.037037037037037035,0.037037037037037035,0.6666666666666666,1.0,0.2222222222222222,0.07407407407407407,credit_card,ES,EUR
PM_002102,13,1,1,1,1,2677.55,205.96538461538464,167.19,0.1951109346719024,0.9237514381011804,8,13,3,9,0.07692307692307693,0.07692307692307693,0.07692307692307693,0.6153846153846154,1.0,0.23076923076923078,0.6923076923076923,wallet,US,EUR
PM_005294,3,0,0,0,0,677.14,225.71333333333334,132.59,0.19510401945084901,0.5503904558767376,1,1,0,2,0.0,0.0,0.0,0.3333333333333333,0.3333333333333333,0.0,0.6666666666666666,credit_card,ES,EUR
PM_009977,4,0,0,0,0,641.71,160.4275,138.035,0.19500704964622573,0.6572092224593001,2,4,1,3,0.0,0.0,0.0,0.5,1.0,0.25,0.75,wallet,ES,EUR
PM_011498,5,1,1,1,0,351.44,70.288,32.96,0.1949920485695657,0.9743120032330976,4,5,1,0,0.2,0.2,0.2,0.8,1.0,0.2,0.0,credit_card,US,EUR
PM_004690,5,1,1,1,0,1281.42,256.284,23.99,0.19491270244401274,0.9733221277263,3,4,2,3,0.2,0.2,0.2,0.6,0.8,0.4,0.6,wallet,ES,EUR
PM_005559,6,1,1,1,0,414.75,69.125,60.349999999999994,0.19471328591116324,0.9202101704374248,1,6,2,1,0.16666666666666666,0.16666666666666666,0.16666666666666666,0.16666666666666666,1.0,0.3333333333333333,0.16666666666666666,debit_card,GB,EUR
PM_010866,3,0,0,0,0,412.36,137.45333333333335,145.72,0.19404825283403196,0.3186063619940503,2,3,0,3,0.0,0.0,0.0,0.6666666666666666,1.0,0.0,1.0,credit_card,US,EUR
PM_008219,5,1,0,0,1,713.1,142.62,104.3,0.19396809602078513,0.8670247312230953,5,5,1,4,0.2,0.0,0.0,1.0,1.0,0.2,0.8,credit_card,IT,EUR
PM_004366,10,0,0,0,2,1215.75,121.575,125.32999999999998,0.19391408736447718,0.8969515169092062,7,10,2,0,0.0,0.0,0.0,0.7,1.0,0.2,0.0,debit_card,IT,EUR
PM_003103,3,0,0,0,0,131.01999999999998,43.673333333333325,52.68,0.19382145775285584,0.579048401803567,3,3,0,0,0.0,0.0,0.0,1.0,1.0,0.0,0.0,bank_transfer,PT,EUR
PM_004414,11,0,1,1,0,2410.38,219.12545454545455,207.85,0.19331489216318332,0.9744214477547726,8,11,3,0,0.0,0.09090909090909091,0.09090909090909091,0.7272727272727273,1.0,0.2727272727272727,0.0,credit_card,FR,EUR
PM_007683,4,0,0,0,1,490.25,122.5625,139.76,0.19305144853159112,0.7520817049149372,1,4,2,1,0.0,0.0,0.0,0.25,1.0,0.5,0.25,credit_card,US,EUR
PM_009106,5,1,0,0,0,1189.29,237.858,169.34,0.1930232956848429,0.5736617507546331,4,5,1,3,0.2,0.0,0.0,0.8,1.0,0.2,0.6,bank_transfer,US,EUR
PM_001678,3,0,0,0,0,82.87,27.623333333333335,24.06,0.19292169977481158,0.5606712415507195,2,3,1,0,0.0,0.0,0.0,0.6666666666666666,1.0,0.3333333333333333,0.0,credit_card,FR,EUR
PM_001839,11,0,1,1,1,2130.51,193.6827272727273,181.68,0.19273820628046312,0.9252029789511936,7,11,3,0,0.0,0.09090909090909091,0.09090909090909091,0.6363636363636364,1.0,0.2727272727272727,0.0,credit_card,DE,EUR
PM_000299,5,0,0,0,1,405.5,81.1,87.99,0.19262791639069515,0.8272413590037856,5,5,0,5,0.0,0.0,0.0,1.0,1.0,0.0,1.0,credit_card,DE,EUR
PM_004593,6,0,0,0,0,2450.98,408.49666666666667,264.35,0.19251190436358603,0.5928574802653437,5,6,1,0,0.0,0.0,0.0,0.8333333333333334,1.0,0.16666666666666666,0.0,credit_card,GB,EUR
PM_005831,3,0,0,0,0,290.13,96.71,103.17,0.1924584591773407,0.5675190753954125,1,3,2,2,0.0,0.0,0.0,0.3333333333333333,1.0,0.6666666666666666,0.6666666666666666,credit_card,FR,EUR
PM_001225,5,2,0,0,1,322.39,64.478,46.83,0.19230907227178745,0.8277925092931089,0,5,1,3,0.4,0.0,0.0,0.0,1.0,0.2,0.6,wallet,FR,EUR
PM_010887,5,1,1,1,0,215.68,43.136,36.58,0.19218071392849534,0.9534637415786852,2,2,1,0,0.2,0.2,0.2,0.4,0.4,0.2,0.0,debit_card,ES,EUR
PM_011760,5,0,0,0,1,794.9300000000001,158.98600000000002,51.43,0.1920204546913514,0.8736618210465175,1,5,0,4,0.0,0.0,0.0,0.2,1.0,0.0,0.8,credit_card,FR,EUR
PM_000449,5,1,1,1,0,388.76,77.752,50.24,0.19197276076765468,0.9549275719661297,2,2,1,5,0.2,0.2,0.2,0.4,0.4,0.2,1.0,credit_card,ES,EUR
PM_005481,3,0,0,0,0,362.01,120.67,108.02,0.19168084041784247,0.509543291879577,1,2,1,0,0.0,0.0,0.0,0.3333333333333333,0.6666666666666666,0.3333333333333333,0.0,credit_card,ES,EUR
PM_000828,3,0,0,0,0,188.98000000000002,62.99333333333334,57.81,0.191496761618395,0.3799791987768612,0,1,0,1,0.0,0.0,0.0,0.0,0.3333333333333333,0.0,0.3333333333333333,debit_card,ES,EUR
PM_005052,5,0,0,0,0,204.28,40.856,22.35,0.19122099621608876,0.4656858761519688,4,5,1,1,0.0,0.0,0.0,0.8,1.0,0.2,0.2,credit_card,IT,EUR
PM_002768,6,0,0,0,0,577.61,96.26833333333333,101.275,0.19121672344580123,0.5109867653196348,3,6,2,4,0.0,0.0,0.0,0.5,1.0,0.3333333333333333,0.6666666666666666,credit_card,US,EUR
PM_011678,5,1,1,1,0,194.49,38.898,43.13,0.19109253614337912,0.9364629601367656,1,3,1,0,0.2,0.2,0.2,0.2,0.6,0.2,0.0,debit_card,ES,EUR
PM_010441,6,1,1,1,0,706.64,117.77333333333333,79.68,0.19086674325460942,0.9383037865900988,5,6,2,1,0.16666666666666666,0.16666666666666666,0.16666666666666666,0.8333333333333334,1.0,0.3333333333333333,0.16666666666666666,credit_card,IT,EUR
PM_009021,6,1,1,1,0,557.88,92.98,53.14,0.19083741146158748,0.9407337035586923,2,6,1,6,0.16666666666666666,0.16666666666666666,0.16666666666666666,0.3333333333333333,1.0,0.16666666666666666,1.0,bank_transfer,PT,EUR
PM_009951,6,1,1,1,0,452.31,75.385,75.125,0.1907035513078491,0.9726649414867516,2,6,1,0,0.16666666666666666,0.16666666666666666,0.16666666666666666,0.3333333333333333,1.0,0.16666666666666666,0.0,credit_card,US,EUR
PM_011402,3,0,0,0,0,469.92,156.64000000000001,156.0,0.19050507238949463,0.5660974072274916,3,3,2,2,0.0,0.0,0.0,1.0,1.0,0.6666666666666666,0.6666666666666666,debit_card,DE,EUR
PM_000441,7,0,0,0,0,1715.02,245.00285714285715,136.88,0.19029036529734586,0.5054089463224084,6,7,1,1,0.0,0.0,0.0,0.8571428571428571,1.0,0.14285714285714285,0.14285714285714285,credit_card,US,EUR
PM_009043,4,0,0,0,1,1109.15,277.2875,177.365,0.1902582951641893,0.7535298774375169,2,4,1,0,0.0,0.0,0.0,0.5,1.0,0.25,0.0,wallet,FR,EUR
PM_009654,3,0,0,0,0,80.12,26.706666666666667,26.62,0.19025370393376698,0.550956567020081,0,3,0,3,0.0,0.0,0.0,0.0,1.0,0.0,1.0,debit_card,ES,EUR
PM_001185,3,0,0,0,0,348.81,116.27,67.24,0.19017107515464085,0.5664300389770821,1,3,0,0,0.0,0.0,0.0,0.3333333333333333,1.0,0.0,0.0,credit_card,ES,EUR
PM_002818,4,1,0,0,0,266.39,66.5975,61.04,0.18973871308334309,0.6446512458198621,3,3,2,0,0.25,0.0,0.0,0.75,0.75,0.5,0.0,debit_card,FR,EUR
PM_005756,6,1,1,1,0,542.78,90.46333333333332,70.17,0.1897244473226987,0.9939954287723276,4,4,1,6,0.16666666666666666,0.16666666666666666,0.16666666666666666,0.6666666666666666,0.6666666666666666,0.16666666666666666,1.0,credit_card,IT,EUR
PM_000484,5,0,0,0,0,1358.28,271.656,237.58,0.189559821619446,0.671378202297159,2,5,1,0,0.0,0.0,0.0,0.4,1.0,0.2,0.0,credit_card,PT,EUR
PM_002711,8,1,1,1,0,1260.51,157.56375,84.425,0.18951267061792057,0.9956306462553164,5,8,1,0,0.125,0.125,0.125,0.625,1.0,0.125,0.0,debit_card,FR,EUR
PM_005058,3,0,0,0,0,644.55,214.85,216.95,0.189460454737408,0.4331444677656428,2,3,0,3,0.0,0.0,0.0,0.6666666666666666,1.0,0.0,1.0,credit_card,PT,EUR
PM_010636,7,0,1,1,0,398.92,56.98857142857143,46.6,0.1894314986531505,0.941405999528236,5,7,2,2,0.0,0.14285714285714285,0.14285714285714285,0.7142857142857143,1.0,0.2857142857142857,0.2857142857142857,credit_card,US,EUR
PM_003057,11,0,0,0,2,1842.36,167.4872727272727,134.09,0.18941687915428893,0.72961959285041,10,11,5,0,0.0,0.0,0.0,0.9090909090909091,1.0,0.45454545454545453,0.0,debit_card,ES,EUR
PM_003546,7,0,0,0,0,1194.68,170.66857142857143,45.29,0.18927631605932235,0.6839285489886652,6,7,1,5,0.0,0.0,0.0,0.8571428571428571,1.0,0.14285714285714285,0.7142857142857143,credit_card,US,EUR
PM_008359,7,1,0,0,1,395.59000000000003,56.51285714285715,40.21,0.18913150480740198,0.7952699298003871,1,7,2,2,0.14285714285714285,0.0,0.0,0.14285714285714285,1.0,0.2857142857142857,0.2857142857142857,credit_card,DE,EUR
PM_006834,8,1,0,0,0,817.1800000000001,102.14750000000001,89.43,0.18879203657422086,0.6572492157500353,5,6,2,1,0.125,0.0,0.0,0.625,0.75,0.25,0.125,debit_card,ES,EUR
PM_005027,3,0,0,0,0,306.95,102.31666666666666,63.63,0.18862589419753192,0.5648413373032728,1,3,2,1,0.0,0.0,0.0,0.3333333333333333,1.0,0.6666666666666666,0.3333333333333333,credit_card,FR,EUR
PM_006246,5,1,1,1,0,442.59000000000003,88.518,71.52,0.18855862863237485,0.9012636205013164,2,4,1,0,0.2,0.2,0.2,0.4,0.8,0.2,0.0,credit_card,ES,EUR
PM_002802,10,1,1,1,1,497.98,49.798,41.855000000000004,0.18832576592751668,0.9857347913309678,7,9,4,4,0.1,0.1,0.1,0.7,0.9,0.4,0.4,credit_card,ES,EUR
PM_008914,5,0,0,0,1,432.32,86.464,72.2,0.18822739364589708,0.7792140160113725,1,5,1,3,0.0,0.0,0.0,0.2,1.0,0.2,0.6,credit_card,US,EUR
PM_004202,5,1,1,1,0,700.14,140.028,69.23,0.1879891501049109,0.9262531249935946,3,5,1,3,0.2,0.2,0.2,0.6,1.0,0.2,0.6,credit_card,GB,EUR
PM_002180,3,0,0,0,0,388.82000000000005,129.60666666666668,136.83,0.18775492007211245,0.5507058341537928,3,3,1,0,0.0,0.0,0.0,1.0,1.0,0.3333333333333333,0.0,credit_card,ES,EUR
PM_004016,7,0,0,0,0,1107.31,158.18714285714285,150.77,0.18705542763234598,0.5860131118244251,5,7,3,2,0.0,0.0,0.0,0.7142857142857143,1.0,0.42857142857142855,0.2857142857142857,credit_card,GB,EUR
PM_006450,6,1,1,1,0,1408.01,234.66833333333332,149.46,0.1868019009446624,0.989708488623634,5,6,1,6,0.16666666666666666,0.16666666666666666,0.16666666666666666,0.8333333333333334,1.0,0.16666666666666666,1.0,wallet,DE,EUR
PM_008407,7,1,1,1,0,784.61,112.08714285714287,91.02,0.18669283065395006,0.9444517750195344,3,5,2,1,0.14285714285714285,0.14285714285714285,0.14285714285714285,0.42857142857142855,0.7142857142857143,0.2857142857142857,0.14285714285714285,credit_card,ES,EUR
PM_006065,5,1,1,1,0,1137.41,227.48200000000003,66.08,0.18663222959296086,0.9202750407364916,2,4,2,3,0.2,0.2,0.2,0.4,0.8,0.4,0.6,bank_transfer,ES,EUR
PM_000906,11,1,1,1,0,2428.86,220.80545454545455,201.21,0.18660211695808374,0.995328191317944,5,11,3,5,0.09090909090909091,0.09090909090909091,0.09090909090909091,0.45454545454545453,1.0,0.2727272727272727,0.45454545454545453,credit_card,US,EUR
PM_011689,3,0,0,0,0,49.81,16.603333333333335,13.47,0.18585971533930915,0.557286987996415,1,1,1,3,0.0,0.0,0.0,0.3333333333333333,0.3333333333333333,0.3333333333333333,1.0,debit_card,ES,EUR
PM_005818,5,0,1,1,0,377.15999999999997,75.43199999999999,74.99,0.18565355680090573,0.9221069984262836,5,5,1,0,0.0,0.2,0.2,1.0,1.0,0.2,0.0,credit_card,US,EUR
PM_004042,7,1,1,1,0,2283.2200000000003,326.17428571428576,133.09,0.18536376495428622,0.9759623553304244,4,7,3,2,0.14285714285714285,0.14285714285714285,0.14285714285714285,0.5714285714285714,1.0,0.42857142857142855,0.2857142857142857,credit_card,PT,EUR
PM_005252,6,1,1,1,0,590.25,98.375,75.25,0.18527748871916527,0.9613702609482307,4,6,2,0,0.16666666666666666,0.16666666666666666,0.16666666666666666,0.6666666666666666,1.0,0.3333333333333333,0.0,credit_card,DE,EUR
PM_009558,10,0,1,1,1,1257.12,125.71199999999999,113.875,0.18505303412612192,0.9563302030158772,6,10,2,1,0.0,0.1,0.1,0.6,1.0,0.2,0.1,credit_card,ES,EUR
PM_004745,4,0,0,0,0,543.36,135.84,147.45499999999998,0.18484200296683223,0.6393748570358938,2,4,0,1,0.0,0.0,0.0,0.5,1.0,0.0,0.25,credit_card,GB,EUR
PM_007230,7,0,0,0,1,1158.29,165.47,111.21,0.18475740543970035,0.7549128400522611,4,6,1,4,0.0,0.0,0.0,0.5714285714285714,0.8571428571428571,0.14285714285714285,0.5714285714285714,wallet,ES,EUR
PM_007785,4,0,0,0,0,392.21000000000004,98.05250000000001,96.275,0.1845622406673978,0.6356939482089358,1,4,0,2,0.0,0.0,0.0,0.25,1.0,0.0,0.5,bank_transfer,DE,EUR
PM_005858,13,1,0,0,1,2326.53,178.96384615384616,135.0,0.18439559837932132,0.7774752796699322,4,6,2,2,0.07692307692307693,0.0,0.0,0.3076923076923077,0.46153846153846156,0.15384615384615385,0.15384615384615385,debit_card,ES,EUR
PM_010154,9,1,0,0,2,997.73,110.85888888888888,75.52,0.18396496143558155,0.8427181442132089,5,8,4,0,0.1111111111111111,0.0,0.0,0.5555555555555556,0.8888888888888888,0.4444444444444444,0.0,debit_card,ES,EUR
PM_003071,5,0,0,0,0,350.24,70.048,57.89,0.18386262006183937,0.5962722436917081,3,5,1,1,0.0,0.0,0.0,0.6,1.0,0.2,0.2,credit_card,ES,EUR
PM_001248,4,0,0,0,0,416.28000000000003,104.07000000000001,48.35,0.18386235418471508,0.6832340232555143,2,4,0,3,0.0,0.0,0.0,0.5,1.0,0.0,0.75,wallet,PT,EUR
PM_003149,6,1,1,1,0,1116.3500000000001,186.05833333333337,109.015,0.18385340185344992,0.9912826258832256,3,6,2,3,0.16666666666666666,0.16666666666666666,0.16666666666666666,0.5,1.0,0.3333333333333333,0.5,debit_card,GB,EUR
PM_006292,4,0,0,0,0,236.51999999999998,59.129999999999995,48.574999999999996,0.18375791173438852,0.3094416119073117,1,4,2,0,0.0,0.0,0.0,0.25,1.0,0.5,0.0,bank_transfer,GB,EUR
PM_002250,14,0,1,1,0,556.56,39.75428571428571,28.39,0.1835211085737174,0.9123928655177502,7,13,5,8,0.0,0.07142857142857142,0.07142857142857142,0.5,0.9285714285714286,0.35714285714285715,0.5714285714285714,credit_card,ES,EUR
PM_007973,4,0,0,0,1,368.64000000000004,92.16000000000001,24.665,0.18331312582650444,0.713337060340769,1,4,0,4,0.0,0.0,0.0,0.25,1.0,0.0,1.0,debit_card,PT,EUR
PM_001537,12,0,1,1,0,2240.67,186.7225,184.665,0.18329413375664663,0.953691408768994,5,9,4,3,0.0,0.08333333333333333,0.08333333333333333,0.4166666666666667,0.75,0.3333333333333333,0.25,credit_card,ES,EUR
PM_001773,8,1,0,0,1,818.64,102.33,76.935,0.18306014700429268,0.7298788162543881,3,8,3,0,0.125,0.0,0.0,0.375,1.0,0.375,0.0,debit_card,ES,EUR
PM_010583,8,0,0,0,1,519.1,64.8875,55.435,0.18305740179745814,0.7843972943652555,5,7,2,4,0.0,0.0,0.0,0.625,0.875,0.25,0.5,wallet,ES,EUR
PM_001657,7,0,0,0,1,992.0699999999999,141.7242857142857,127.65,0.18256892166039287,0.8974364984814968,4,7,4,5,0.0,0.0,0.0,0.5714285714285714,1.0,0.5714285714285714,0.7142857142857143,wallet,US,EUR
PM_006670,8,0,0,0,1,703.3100000000001,87.91375000000001,85.25,0.18253558524969335,0.7375543001148713,2,8,1,1,0.0,0.0,0.0,0.25,1.0,0.125,0.125,credit_card,US,EUR
PM_006407,4,1,0,0,0,441.58,110.395,110.685,0.1824477526524339,0.3915360468953995,1,3,1,0,0.25,0.0,0.0,0.25,0.75,0.25,0.0,debit_card,IT,EUR
PM_006129,8,2,1,1,0,1543.58,192.9475,67.96000000000001,0.18239066811262603,0.9555240907657356,7,8,2,8,0.25,0.125,0.125,0.875,1.0,0.25,1.0,credit_card,PT,EUR
PM_004067,5,1,1,1,0,505.13,101.026,54.95,0.1823096174198932,0.9072527637245568,3,4,1,4,0.2,0.2,0.2,0.6,0.8,0.2,0.8,debit_card,PT,EUR
PM_010327,5,0,0,0,1,202.06,40.412,29.36,0.18228836016876965,0.7219116116879922,0,2,2,5,0.0,0.0,0.0,0.0,0.4,0.4,1.0,wallet,ES,EUR
PM_010401,6,1,0,0,1,1743.61,290.60166666666663,166.9,0.18202850385849598,0.886203168862456,2,6,2,2,0.16666666666666666,0.0,0.0,0.3333333333333333,1.0,0.3333333333333333,0.3333333333333333,wallet,DE,EUR
PM_010511,3,0,0,0,0,167.93,55.97666666666667,29.57,0.1819359590056192,0.4453744559232525,1,3,2,0,0.0,0.0,0.0,0.3333333333333333,1.0,0.6666666666666666,0.0,credit_card,GB,EUR
PM_005343,4,0,0,0,0,804.17,201.0425,191.54500000000002,0.1818346199105979,0.66598421021394,4,4,1,2,0.0,0.0,0.0,1.0,1.0,0.25,0.5,credit_card,DE,EUR
PM_008740,12,0,0,0,2,982.5500000000001,81.87916666666668,42.785,0.18148503872337532,0.8601465564809,6,12,2,2,0.0,0.0,0.0,0.5,1.0,0.16666666666666666,0.16666666666666666,wallet,US,EUR
PM_003190,3,0,0,0,0,227.39000000000001,75.79666666666667,69.2,0.1810277797414577,0.5426769081590938,2,3,0,1,0.0,0.0,0.0,0.6666666666666666,1.0,0.0,0.3333333333333333,wallet,ES,EUR
PM_007568,5,0,0,0,1,669.15,133.82999999999998,103.93,0.1810068434106738,0.730577942141101,2,5,1,0,0.0,0.0,0.0,0.4,1.0,0.2,0.0,credit_card,US,EUR
PM_004641,5,0,0,0,1,727.63,145.526,95.79,0.18098111177448045,0.8472105800340436,3,5,1,1,0.0,0.0,0.0,0.6,1.0,0.2,0.2,credit_card,PT,EUR
PM_010899,3,0,0,0,0,574.8000000000001,191.60000000000002,47.29,0.18093945316266788,0.5420637955392065,0,1,1,0,0.0,0.0,0.0,0.0,0.3333333333333333,0.3333333333333333,0.0,debit_card,ES,EUR
PM_010728,5,0,0,0,1,316.7,63.339999999999996,44.3,0.18089527209527648,0.8815336247181135,4,4,1,1,0.0,0.0,0.0,0.8,0.8,0.2,0.2,wallet,FR,EUR
PM_005098,9,1,0,0,1,539.13,59.903333333333336,56.13,0.18083451997069291,0.7002704920238659,5,9,3,8,0.1111111111111111,0.0,0.0,0.5555555555555556,1.0,0.3333333333333333,0.8888888888888888,wallet,PT,EUR
PM_011318,6,1,1,1,0,1099.2,183.20000000000002,88.41,0.18073509885199177,0.9573159421320953,6,6,1,5,0.16666666666666666,0.16666666666666666,0.16666666666666666,1.0,1.0,0.16666666666666666,0.8333333333333334,credit_card,PT,EUR
PM_004089,4,0,0,0,1,810.99,202.7475,166.66500000000002,0.18041441433326227,0.7204830638228271,3,4,2,0,0.0,0.0,0.0,0.75,1.0,0.5,0.0,credit_card,US,EUR
PM_000628,5,0,0,0,1,376.24,75.248,71.65,0.18033777495717002,0.7375822687932777,2,5,2,5,0.0,0.0,0.0,0.4,1.0,0.4,1.0,credit_card,US,EUR
PM_005717,3,0,0,0,0,384.4,128.13333333333333,98.5,0.18032570286605346,0.5401086842511242,2,3,1,1,0.0,0.0,0.0,0.6666666666666666,1.0,0.3333333333333333,0.3333333333333333,credit_card,US,EUR
PM_009404,3,0,0,0,0,356.94,118.98,15.45,0.18029133520568363,0.5404145609349118,0,2,1,2,0.0,0.0,0.0,0.0,0.6666666666666666,0.3333333333333333,0.6666666666666666,credit_card,PT,EUR
PM_000135,4,0,0,0,1,581.89,145.4725,138.92000000000002,0.18028014670016923,0.7143440223597677,2,4,2,1,0.0,0.0,0.0,0.5,1.0,0.5,0.25,debit_card,FR,EUR
PM_004569,9,0,0,0,2,1251.4,139.04444444444445,39.34,0.1801428637048782,0.804058113107462,3,9,1,3,0.0,0.0,0.0,0.3333333333333333,1.0,0.1111111111111111,0.3333333333333333,debit_card,IT,EUR
PM_000216,6,0,0,0,1,454.76,75.79333333333334,65.655,0.17990532841770032,0.7087772223879941,4,6,3,0,0.0,0.0,0.0,0.6666666666666666,1.0,0.5,0.0,credit_card,PT,EUR
PM_007310,5,0,0,0,1,478.76,95.752,77.41,0.17978550398044027,0.8288342416157759,4,5,2,0,0.0,0.0,0.0,0.8,1.0,0.4,0.0,credit_card,GB,EUR
PM_008931,3,0,0,0,0,144.14999999999998,48.04999999999999,35.91,0.17973580303448558,0.5388586882876346,3,3,1,0,0.0,0.0,0.0,1.0,1.0,0.3333333333333333,0.0,bank_transfer,PT,EUR
PM_002147,8,1,1,1,0,479.78000000000003,59.972500000000004,27.625,0.17968930136292327,0.92158830881464,3,6,1,0,0.125,0.125,0.125,0.375,0.75,0.125,0.0,credit_card,ES,EUR
PM_010456,4,0,0,0,0,355.21,88.8025,95.97999999999999,0.17958196483618827,0.5958046670072478,1,4,1,0,0.0,0.0,0.0,0.25,1.0,0.25,0.0,debit_card,US,EUR
PM_003300,12,0,2,2,0,1204.72,100.39333333333333,74.345,0.17954682723523538,0.94642730081445,5,12,2,9,0.0,0.16666666666666666,0.16666666666666666,0.4166666666666667,1.0,0.16666666666666666,0.75,bank_transfer,PT,EUR
PM_011101,7,0,0,0,1,224.70999999999998,32.10142857142857,29.86,0.1792354973040262,0.8435039617619361,2,7,1,0,0.0,0.0,0.0,0.2857142857142857,1.0,0.14285714285714285,0.0,debit_card,ES,EUR
PM_008836,5,1,0,0,1,336.59000000000003,67.31800000000001,41.33,0.1791786892759762,0.7961273374682457,3,5,3,1,0.2,0.0,0.0,0.6,1.0,0.6,0.2,credit_card,DE,EUR
PM_007276,4,0,0,0,1,286.36,71.59,64.815,0.1791761903918695,0.7047288130819888,2,4,1,0,0.0,0.0,0.0,0.5,1.0,0.25,0.0,credit_card,ES,EUR
PM_010373,4,0,0,0,0,495.15999999999997,123.78999999999999,103.595,0.1791760677621188,0.6668890035234851,3,4,0,0,0.0,0.0,0.0,0.75,1.0,0.0,0.0,credit_card,US,EUR
PM_002771,3,0,0,0,0,841.45,280.48333333333335,206.2,0.17915873047616562,0.5116403742042359,0,3,1,1,0.0,0.0,0.0,0.0,1.0,0.3333333333333333,0.3333333333333333,credit_card,US,EUR
PM_005283,21,0,0,0,1,4093.02,194.90571428571428,126.13,0.17903557897720565,0.8684967676413934,11,16,5,8,0.0,0.0,0.0,0.5238095238095238,0.7619047619047619,0.23809523809523808,0.38095238095238093,credit_card,ES,EUR
PM_005390,9,0,0,0,1,2754.37,306.0411111111111,233.53,0.1790122499477443,0.7181303622714603,4,5,2,2,0.0,0.0,0.0,0.4444444444444444,0.5555555555555556,0.2222222222222222,0.2222222222222222,credit_card,ES,EUR
PM_009965,9,1,1,1,0,862.83,95.87,37.97,0.17891547968544386,0.9125592920253942,5,7,4,2,0.1111111111111111,0.1111111111111111,0.1111111111111111,0.5555555555555556,0.7777777777777778,0.4444444444444444,0.2222222222222222,credit_card,ES,EUR
PM_000926,5,0,0,0,1,310.67,62.134,66.75,0.17876026756721286,0.7908385898565204,3,5,1,1,0.0,0.0,0.0,0.6,1.0,0.2,0.2,debit_card,GB,EUR
PM_006100,5,0,0,0,1,524.47,104.894,76.32,0.17866907832801912,0.7959148359062074,3,5,1,0,0.0,0.0,0.0,0.6,1.0,0.2,0.0,debit_card,US,EUR
PM_001471,4,0,0,0,1,184.15,46.0375,52.21,0.17860619598114943,0.7079154723471497,2,2,1,0,0.0,0.0,0.0,0.5,0.5,0.25,0.0,debit_card,ES,EUR
PM_011018,6,1,1,1,0,582.62,97.10333333333334,63.475,0.17827486507536108,0.9843408360216456,1,6,1,0,0.16666666666666666,0.16666666666666666,0.16666666666666666,0.16666666666666666,1.0,0.16666666666666666,0.0,credit_card,DE,EUR
PM_007855,7,0,0,0,1,724.66,103.52285714285713,63.24,0.17792971326209378,0.7809852403126744,4,7,4,0,0.0,0.0,0.0,0.5714285714285714,1.0,0.5714285714285714,0.0,credit_card,PT,EUR
PM_001089,9,0,0,0,1,1037.89,115.32111111111112,113.1,0.17773042014208487,0.8000448073456806,6,9,1,2,0.0,0.0,0.0,0.6666666666666666,1.0,0.1111111111111111,0.2222222222222222,credit_card,FR,EUR
PM_005120,9,0,1,1,0,2242.66,249.18444444444444,107.72,0.17770971797414647,0.962118861838964,5,9,2,0,0.0,0.1111111111111111,0.1111111111111111,0.5555555555555556,1.0,0.2222222222222222,0.0,credit_card,IT,EUR
PM_004383,4,0,0,0,0,1629.8,407.45,472.1,0.17764912529693663,0.6930260612348633,2,4,1,3,0.0,0.0,0.0,0.5,1.0,0.25,0.75,credit_card,GB,EUR
PM_009630,12,1,1,1,1,2832.82,236.06833333333336,148.08,0.17762113787171896,0.9222545819205118,5,12,3,8,0.08333333333333333,0.08333333333333333,0.08333333333333333,0.4166666666666667,1.0,0.25,0.6666666666666666,bank_transfer,PT,EUR
PM_009337,14,0,0,0,1,1666.23,119.01642857142858,96.03999999999999,0.17747292345071222,0.8799993455657616,9,10,3,8,0.0,0.0,0.0,0.6428571428571429,0.7142857142857143,0.21428571428571427,0.5714285714285714,credit_card,ES,EUR
PM_011922,8,0,1,1,0,1719.9,214.9875,190.365,0.17743959419941382,0.9034779994232044,3,8,1,2,0.0,0.125,0.125,0.375,1.0,0.125,0.25,credit_card,FR,EUR
PM_000372,5,0,0,0,1,392.03,78.40599999999999,66.22,0.17700208352571642,0.761084267771251,3,5,1,0,0.0,0.0,0.0,0.6,1.0,0.2,0.0,credit_card,DE,EUR
PM_003028,5,0,0,0,0,742.16,148.432,134.83,0.17687747356072112,0.5813870075281711,4,5,1,0,0.0,0.0,0.0,0.8,1.0,0.2,0.0,wallet,IT,EUR
PM_006386,4,0,0,0,1,386.27,96.5675,57.56,0.17637468801156475,0.7036399273828465,3,4,1,4,0.0,0.0,0.0,0.75,1.0,0.25,1.0,debit_card,DE,EUR
PM_008125,5,1,0,0,1,426.22999999999996,85.246,79.55,0.1763602483862404,0.8591153751687245,1,5,1,1,0.2,0.0,0.0,0.2,1.0,0.2,0.2,credit_card,GB,EUR
PM_004338,7,1,1,1,0,1500.08,214.29714285714286,77.04,0.17629714037613317,0.9956809224914908,3,7,2,1,0.14285714285714285,0.14285714285714285,0.14285714285714285,0.42857142857142855,1.0,0.2857142857142857,0.14285714285714285,wallet,FR,EUR
PM_004404,5,0,0,0,1,327.65999999999997,65.532,49.89,0.1761693491759185,0.8510437922446288,3,5,1,3,0.0,0.0,0.0,0.6,1.0,0.2,0.6,credit_card,US,EUR
PM_009796,6,1,0,0,0,557.65,92.94166666666666,106.52,0.17602800687202544,0.5825456139499554,3,6,2,6,0.16666666666666666,0.0,0.0,0.5,1.0,0.3333333333333333,1.0,debit_card,ES,EUR
PM_000888,6,1,1,1,0,441.61,73.60166666666667,79.44,0.17547948674326028,0.9766355394285888,4,6,1,0,0.16666666666666666,0.16666666666666666,0.16666666666666666,0.6666666666666666,1.0,0.16666666666666666,0.0,debit_card,US,EUR
PM_001521,12,1,0,0,1,2271.16,189.26333333333332,101.855,0.17508843270932936,0.8961014631239568,4,12,2,1,0.08333333333333333,0.0,0.0,0.3333333333333333,1.0,0.16666666666666666,0.08333333333333333,credit_card,DE,EUR
PM_006467,5,1,0,0,1,196.4,39.28,41.83,0.1750555877913,0.8151378869985247,2,5,1,1,0.2,0.0,0.0,0.4,1.0,0.2,0.2,debit_card,DE,EUR
PM_009605,6,0,0,0,1,1090.24,181.70666666666668,56.205,0.17488140668040955,0.8070684301155687,2,5,2,2,0.0,0.0,0.0,0.3333333333333333,0.8333333333333334,0.3333333333333333,0.3333333333333333,wallet,ES,EUR
PM_005118,5,0,0,0,1,515.89,103.178,64.82,0.17446934054062174,0.8011019444233682,3,3,1,0,0.0,0.0,0.0,0.6,0.6,0.2,0.0,debit_card,ES,EUR
PM_003405,14,1,1,1,1,3290.55,235.03928571428574,63.545,0.17432898926696713,0.9636659622697562,11,12,2,2,0.07142857142857142,0.07142857142857142,0.07142857142857142,0.7857142857142857,0.8571428571428571,0.14285714285714285,0.14285714285714285,bank_transfer,ES,EUR
PM_011960,3,0,0,0,0,463.11,154.37,98.29,0.17432769200555953,0.4733976372260734,0,0,0,0,0.0,0.0,0.0,0.0,0.0,0.0,0.0,wallet,ES,EUR
PM_004450,14,1,1,1,1,2013.26,143.80428571428573,83.99000000000001,0.17403030836289735,0.9969210940739436,8,12,3,0,0.07142857142857142,0.07142857142857142,0.07142857142857142,0.5714285714285714,0.8571428571428571,0.21428571428571427,0.0,debit_card,PT,EUR
PM_011215,3,0,0,0,0,403.62,134.54,77.83,0.1739750956879418,0.4995910491716493,3,3,1,0,0.0,0.0,0.0,1.0,1.0,0.3333333333333333,0.0,wallet,US,EUR
PM_005181,4,1,0,0,0,444.68,111.17,107.125,0.17385325327507642,0.6686262583928942,4,4,1,1,0.25,0.0,0.0,1.0,1.0,0.25,0.25,credit_card,ES,EUR
PM_008298,3,0,0,0,0,187.57999999999998,62.526666666666664,54.1,0.17385102603063582,0.4981986221661104,1,3,1,0,0.0,0.0,0.0,0.3333333333333333,1.0,0.3333333333333333,0.0,debit_card,GB,EUR
PM_002191,6,0,1,1,0,709.48,118.24666666666667,67.24000000000001,0.17376255133186216,0.9578228788492058,4,6,1,2,0.0,0.16666666666666666,0.16666666666666666,0.6666666666666666,1.0,0.16666666666666666,0.3333333333333333,credit_card,FR,EUR
PM_008539,3,0,0,0,0,329.20000000000005,109.73333333333335,77.5,0.17362762283353803,0.5008468939530589,3,3,0,0,0.0,0.0,0.0,1.0,1.0,0.0,0.0,credit_card,GB,EUR
PM_008311,4,0,0,0,0,1096.06,274.015,268.385,0.17359778569315357,0.5436791572430311,3,4,0,0,0.0,0.0,0.0,0.75,1.0,0.0,0.0,debit_card,US,EUR
PM_002118,6,0,1,1,0,1054.94,175.82333333333335,82.61,0.17334983778953703,0.9496282752317656,5,6,3,2,0.0,0.16666666666666666,0.16666666666666666,0.8333333333333334,1.0,0.5,0.3333333333333333,credit_card,IT,EUR
PM_001765,6,1,1,1,0,972.66,162.10999999999999,81.82,0.17316291135152342,0.913735668972121,4,6,1,1,0.16666666666666666,0.16666666666666666,0.16666666666666666,0.6666666666666666,1.0,0.16666666666666666,0.16666666666666666,debit_card,PT,EUR
PM_000197,5,1,0,0,1,491.51,98.30199999999999,65.26,0.17310478144008637,0.8545128904922916,2,4,1,1,0.2,0.0,0.0,0.4,0.8,0.2,0.2,credit_card,ES,EUR
PM_010391,6,0,0,0,1,573.04,95.50666666666666,68.06,0.1729688933250929,0.8386113696794056,3,6,0,0,0.0,0.0,0.0,0.5,1.0,0.0,0.0,credit_card,US,EUR
PM_002326,7,0,1,1,0,238.57999999999998,34.082857142857144,26.86,0.17284714851167032,0.9205886972543402,3,7,4,2,0.0,0.14285714285714285,0.14285714285714285,0.42857142857142855,1.0,0.5714285714285714,0.2857142857142857,debit_card,DE,EUR
PM_000730,4,0,0,0,0,162.18,40.545,29.3,0.172780437036475,0.6867138616259852,2,4,1,0,0.0,0.0,0.0,0.5,1.0,0.25,0.0,wallet,US,EUR
PM_006573,5,0,0,0,0,936.21,187.24200000000002,238.04,0.17270043292678372,0.6585507079786662,2,5,1,0,0.0,0.0,0.0,0.4,1.0,0.2,0.0,debit_card,US,EUR
PM_007972,6,1,1,1,0,457.29999999999995,76.21666666666665,33.95,0.17250447176079023,0.9917573721354516,4,6,4,0,0.16666666666666666,0.16666666666666666,0.16666666666666666,0.6666666666666666,1.0,0.6666666666666666,0.0,credit_card,IT,EUR
PM_001696,5,1,0,0,1,482.70000000000005,96.54,94.12,0.17237502353470607,0.7800617924457072,2,5,2,4,0.2,0.0,0.0,0.4,1.0,0.4,0.8,debit_card,US,EUR
PM_011303,17,0,1,1,2,1354.24,79.66117647058823,55.37,0.1722651146247629,0.9515855528897053,11,17,6,4,0.0,0.058823529411764705,0.058823529411764705,0.6470588235294118,1.0,0.35294117647058826,0.23529411764705882,debit_card,ES,EUR
PM_007108,23,3,1,1,2,3489.82,151.7313043478261,111.61,0.17211160023355282,0.9773327452331664,8,23,5,0,0.13043478260869565,0.043478260869565216,0.043478260869565216,0.34782608695652173,1.0,0.21739130434782608,0.0,debit_card,GB,EUR
PM_008399,13,0,0,0,1,2693.58,207.19846153846154,183.4,0.1720970774076343,0.781533565285567,11,13,1,9,0.0,0.0,0.0,0.8461538461538461,1.0,0.07692307692307693,0.6923076923076923,credit_card,DE,EUR
PM_003446,9,1,0,0,1,677.56,75.28444444444443,84.07,0.17116601705727735,0.8212972365923936,4,9,3,1,0.1111111111111111,0.0,0.0,0.4444444444444444,1.0,0.3333333333333333,0.1111111111111111,debit_card,US,EUR
PM_003342,6,1,1,1,0,2146.17,357.695,215.845,0.17114682395739358,0.9922618188197292,1,6,4,4,0.16666666666666666,0.16666666666666666,0.16666666666666666,0.16666666666666666,1.0,0.6666666666666666,0.6666666666666666,credit_card,DE,EUR
PM_005020,11,1,0,0,2,710.57,64.59727272727274,36.21,0.17070758625727278,0.8717428076395234,6,11,2,0,0.09090909090909091,0.0,0.0,0.5454545454545454,1.0,0.18181818181818182,0.0,credit_card,FR,EUR
PM_010755,3,0,0,0,0,105.77,35.25666666666667,36.19,0.17034757695156233,0.4976494393936074,1,3,2,1,0.0,0.0,0.0,0.3333333333333333,1.0,0.6666666666666666,0.3333333333333333,wallet,FR,EUR
PM_000838,4,0,0,0,0,171.57999999999998,42.894999999999996,37.185,0.17027093788019318,0.6785226420745786,1,4,1,4,0.0,0.0,0.0,0.25,1.0,0.25,1.0,debit_card,FR,EUR
PM_010056,7,0,0,0,1,440.17,62.88142857142857,44.78,0.1700836889915782,0.725287182641893,5,7,1,4,0.0,0.0,0.0,0.7142857142857143,1.0,0.14285714285714285,0.5714285714285714,debit_card,GB,EUR
PM_011635,6,1,1,1,0,739.5799999999999,123.26333333333332,36.665,0.17001795329176575,0.9963314703228346,2,6,2,4,0.16666666666666666,0.16666666666666666,0.16666666666666666,0.3333333333333333,1.0,0.3333333333333333,0.6666666666666666,wallet,PT,EUR
PM_005962,4,0,0,0,0,619.81,154.9525,170.235,0.1698646101223213,0.5868437615275188,1,3,2,1,0.0,0.0,0.0,0.25,0.75,0.5,0.25,bank_transfer,ES,EUR
PM_005551,7,1,1,1,0,1203.24,171.89142857142858,96.35,0.16983368550221578,0.9976103165037192,5,7,1,5,0.14285714285714285,0.14285714285714285,0.14285714285714285,0.7142857142857143,1.0,0.14285714285714285,0.7142857142857143,debit_card,PT,EUR
PM_001979,4,1,0,0,0,243.07999999999998,60.769999999999996,64.775,0.16977860541866335,0.6485583015957385,2,4,1,0,0.25,0.0,0.0,0.5,1.0,0.25,0.0,wallet,GB,EUR
PM_009999,6,1,1,1,0,690.29,115.04833333333333,95.48500000000001,0.16957757224536704,0.983095232010776,1,6,1,0,0.16666666666666666,0.16666666666666666,0.16666666666666666,0.16666666666666666,1.0,0.16666666666666666,0.0,debit_card,DE,EUR
PM_000677,3,0,0,0,0,508.15,169.38333333333333,172.91,0.16926244330472204,0.4044597212983335,0,3,1,2,0.0,0.0,0.0,0.0,1.0,0.3333333333333333,0.6666666666666666,debit_card,GB,EUR
PM_011563,8,0,0,0,1,679.2,84.9,60.260000000000005,0.16916088353713574,0.816053622182947,8,8,2,1,0.0,0.0,0.0,1.0,1.0,0.25,0.125,debit_card,US,EUR
PM_005314,8,1,0,0,1,1500.71,187.58875,120.5,0.16887680993566392,0.7826638228026351,7,8,2,7,0.125,0.0,0.0,0.875,1.0,0.25,0.875,wallet,US,EUR
PM_010695,9,0,0,0,0,926.9300000000001,102.99222222222222,74.87,0.16867991672676963,0.5203485916131835,5,6,2,1,0.0,0.0,0.0,0.5555555555555556,0.6666666666666666,0.2222222222222222,0.1111111111111111,credit_card,ES,EUR
PM_003511,4,1,0,0,0,838.03,209.5075,155.475,0.16849189132460524,0.6671994039512535,2,4,0,0,0.25,0.0,0.0,0.5,1.0,0.0,0.0,credit_card,DE,EUR
PM_011776,4,0,0,0,0,319.8,79.95,66.38,0.16785436271935267,0.668503327307434,1,4,1,1,0.0,0.0,0.0,0.25,1.0,0.25,0.25,wallet,US,EUR
PM_008523,5,0,0,0,1,293.88,58.775999999999996,27.58,0.1678206766539825,0.8004513930610293,1,5,2,0,0.0,0.0,0.0,0.2,1.0,0.4,0.0,credit_card,PT,EUR
PM_010038,9,0,0,0,0,1117.06,124.11777777777777,60.37,0.16781533582309047,0.6743791789220553,6,9,2,0,0.0,0.0,0.0,0.6666666666666666,1.0,0.2222222222222222,0.0,credit_card,PT,EUR
PM_003620,5,1,0,0,1,369.83,73.966,35.84,0.16777125789416053,0.8384709077057781,1,5,1,2,0.2,0.0,0.0,0.2,1.0,0.2,0.4,debit_card,FR,EUR
PM_001461,6,0,0,0,1,510.78,85.13,60.285000000000004,0.1676875001113105,0.7120489627562137,2,3,1,4,0.0,0.0,0.0,0.3333333333333333,0.5,0.16666666666666666,0.6666666666666666,credit_card,ES,EUR
PM_003994,3,0,0,0,0,1585.6799999999998,528.56,335.34,0.1672671171359442,0.4238470404827407,1,3,1,3,0.0,0.0,0.0,0.3333333333333333,1.0,0.3333333333333333,1.0,credit_card,PT,EUR
PM_007664,5,0,0,0,1,185.60000000000002,37.120000000000005,21.04,0.16722586081167284,0.8222357931223239,3,5,1,1,0.0,0.0,0.0,0.6,1.0,0.2,0.2,debit_card,ES,EUR
PM_004959,10,1,0,0,0,2316.81,231.68099999999998,101.905,0.16711376331674116,0.5003519331972787,8,10,3,5,0.1,0.0,0.0,0.8,1.0,0.3,0.5,credit_card,PT,EUR
PM_000453,6,0,1,1,0,674.64,112.44,94.025,0.16699755233759264,0.9635715469576612,2,6,0,4,0.0,0.16666666666666666,0.16666666666666666,0.3333333333333333,1.0,0.0,0.6666666666666666,debit_card,GB,EUR
PM_006124,6,1,1,1,0,1410.37,235.06166666666664,54.705,0.1665930212172556,0.9945558235200508,5,6,1,0,0.16666666666666666,0.16666666666666666,0.16666666666666666,0.8333333333333334,1.0,0.16666666666666666,0.0,credit_card,PT,EUR
PM_002508,6,0,0,0,1,920.03,153.33833333333334,127.57000000000001,0.16641992317549595,0.8236037783570024,5,6,1,0,0.0,0.0,0.0,0.8333333333333334,1.0,0.16666666666666666,0.0,credit_card,GB,EUR
PM_008961,9,0,0,0,2,1579.1,175.45555555555555,89.55,0.1661134467243002,0.7121976957526187,3,6,3,1,0.0,0.0,0.0,0.3333333333333333,0.6666666666666666,0.3333333333333333,0.1111111111111111,credit_card,ES,EUR
PM_000627,11,1,0,0,2,1611.66,146.51454545454547,115.39,0.1657055287285375,0.8426584817877484,9,9,4,4,0.09090909090909091,0.0,0.0,0.8181818181818182,0.8181818181818182,0.36363636363636365,0.36363636363636365,bank_transfer,ES,EUR
PM_003731,3,0,0,0,0,1002.46,334.15333333333336,49.24,0.1656284269647992,0.4902395412907177,1,1,0,0,0.0,0.0,0.0,0.3333333333333333,0.3333333333333333,0.0,0.0,credit_card,ES,EUR
PM_009230,7,0,0,0,1,1146.82,163.83142857142857,123.22,0.16560961626209245,0.7031138550054389,6,7,4,2,0.0,0.0,0.0,0.8571428571428571,1.0,0.5714285714285714,0.2857142857142857,credit_card,FR,EUR
PM_008508,5,1,0,0,1,424.75,84.95,110.63,0.16538971631045754,0.8032898302921064,0,2,1,0,0.2,0.0,0.0,0.0,0.4,0.2,0.0,credit_card,PT,EUR
PM_002958,7,0,1,1,0,257.33,36.76142857142857,32.12,0.1651313085791107,0.9104881777053628,4,5,4,0,0.0,0.14285714285714285,0.14285714285714285,0.5714285714285714,0.7142857142857143,0.5714285714285714,0.0,credit_card,ES,EUR
PM_002088,6,1,0,0,1,1332.8700000000001,222.145,174.495,0.16505586195029345,0.7706179712878568,4,6,1,0,0.16666666666666666,0.0,0.0,0.6666666666666666,1.0,0.16666666666666666,0.0,credit_card,ES,EUR
PM_001961,18,0,0,0,3,1660.57,92.25388888888888,64.53,0.16504020599044422,0.8224430657099703,9,18,5,1,0.0,0.0,0.0,0.5,1.0,0.2777777777777778,0.05555555555555555,credit_card,FR,EUR
PM_004439,5,0,0,0,1,936.68,187.33599999999998,235.62,0.16500688780558026,0.8112151123387709,1,3,3,3,0.0,0.0,0.0,0.2,0.6,0.6,0.6,debit_card,ES,EUR
PM_011730,5,0,0,0,0,438.71000000000004,87.742,101.4,0.16441201110072806,0.6919232873266499,4,5,2,2,0.0,0.0,0.0,0.8,1.0,0.4,0.4,credit_card,US,EUR
PM_004815,11,0,1,0,1,803.65,73.05909090909091,49.59,0.1643865453426493,0.899038839851976,5,11,3,4,0.0,0.09090909090909091,0.0,0.45454545454545453,1.0,0.2727272727272727,0.36363636363636365,debit_card,DE,EUR
PM_008928,8,1,1,1,0,839.48,104.935,83.51,0.1643473818584711,0.9083329088508724,6,8,2,2,0.125,0.125,0.125,0.75,1.0,0.25,0.25,credit_card,US,EUR
PM_006598,6,1,0,0,1,708.16,118.02666666666666,74.5,0.16429608996749284,0.8545264041111498,3,6,0,2,0.16666666666666666,0.0,0.0,0.5,1.0,0.0,0.3333333333333333,credit_card,US,EUR
PM_000092,6,0,0,0,1,943.9,157.31666666666666,146.41,0.16412879209934064,0.8609008144306434,3,6,1,0,0.0,0.0,0.0,0.5,1.0,0.16666666666666666,0.0,debit_card,GB,EUR
PM_006907,10,0,1,1,0,753.1800000000001,75.31800000000001,74.83500000000001,0.16409218325347488,0.9150304091484196,3,10,4,0,0.0,0.1,0.1,0.3,1.0,0.4,0.0,credit_card,DE,EUR
PM_003341,6,0,0,0,1,1761.15,293.52500000000003,226.95,0.16406044611495424,0.8271502020571935,5,6,0,0,0.0,0.0,0.0,0.8333333333333334,1.0,0.0,0.0,debit_card,ES,EUR
PM_009251,6,0,0,0,0,1074.9199999999998,179.1533333333333,175.565,0.16372686209247206,0.5125865034315676,2,5,2,3,0.0,0.0,0.0,0.3333333333333333,0.8333333333333334,0.3333333333333333,0.5,debit_card,IT,EUR
PM_011980,4,0,0,0,0,405.69,101.4225,34.41,0.16352280183132342,0.5009196276990349,1,4,1,3,0.0,0.0,0.0,0.25,1.0,0.25,0.75,wallet,US,EUR
PM_000808,6,0,0,0,1,1233.51,205.585,147.495,0.1634588109056733,0.7898772587711175,4,6,0,2,0.0,0.0,0.0,0.6666666666666666,1.0,0.0,0.3333333333333333,credit_card,IT,EUR
PM_005330,6,1,0,0,1,1602.94,267.1566666666667,214.295,0.16344000732257938,0.8333743255349183,4,6,2,1,0.16666666666666666,0.0,0.0,0.6666666666666666,1.0,0.3333333333333333,0.16666666666666666,credit_card,ES,EUR
PM_006932,8,1,0,0,1,1042.22,130.2775,86.51,0.16282763863242158,0.8815202986989279,5,8,2,7,0.125,0.0,0.0,0.625,1.0,0.25,0.875,credit_card,DE,EUR
PM_004121,6,1,1,1,0,551.89,91.98166666666667,82.24,0.16260901975313477,0.9064253740015494,3,6,1,3,0.16666666666666666,0.16666666666666666,0.16666666666666666,0.5,1.0,0.16666666666666666,0.5,credit_card,US,EUR
PM_009818,5,0,0,0,1,148.09,29.618000000000002,30.54,0.16253491057165786,0.8084068840482268,5,5,1,0,0.0,0.0,0.0,1.0,1.0,0.2,0.0,credit_card,DE,EUR
PM_009655,9,1,0,0,1,638.0,70.88888888888889,40.8,0.16249073968351793,0.7369909186371821,3,9,4,5,0.1111111111111111,0.0,0.0,0.3333333333333333,1.0,0.4444444444444444,0.5555555555555556,wallet,ES,EUR
PM_010602,6,0,0,0,1,236.3,39.38333333333333,30.21,0.1624410651546865,0.7753530911301318,2,4,2,2,0.0,0.0,0.0,0.3333333333333333,0.6666666666666666,0.3333333333333333,0.3333333333333333,credit_card,ES,EUR
PM_004173,9,0,0,0,1,443.3,49.25555555555556,42.22,0.16239614368596636,0.7107174702845989,2,7,2,4,0.0,0.0,0.0,0.2222222222222222,0.7777777777777778,0.2222222222222222,0.4444444444444444,debit_card,FR,EUR
PM_006346,4,0,0,0,0,354.88,88.72,60.199999999999996,0.16238238119530554,0.3664862920673614,2,3,1,0,0.0,0.0,0.0,0.5,0.75,0.25,0.0,debit_card,FR,EUR
PM_004921,12,1,1,1,1,1870.8300000000002,155.9025,92.47,0.16228574680308439,0.9891683153846388,5,11,2,2,0.08333333333333333,0.08333333333333333,0.08333333333333333,0.4166666666666667,0.9166666666666666,0.16666666666666666,0.16666666666666666,credit_card,ES,EUR
PM_009651,6,0,1,1,0,2351.62,391.93666666666667,278.23,0.16218248548377354,0.9597717111950363,2,6,2,0,0.0,0.16666666666666666,0.16666666666666666,0.3333333333333333,1.0,0.3333333333333333,0.0,debit_card,PT,EUR
PM_004193,6,0,0,0,0,343.67,57.278333333333336,41.78,0.16193304506616316,0.6435230975586674,3,6,3,0,0.0,0.0,0.0,0.5,1.0,0.5,0.0,wallet,ES,EUR
PM_006553,23,3,2,2,0,1942.43,84.45347826086957,35.52,0.16192756092348498,0.989033494381231,14,22,5,3,0.13043478260869565,0.08695652173913043,0.08695652173913043,0.6086956521739131,0.9565217391304348,0.21739130434782608,0.13043478260869565,credit_card,DE,EUR
PM_010369,6,0,1,1,0,2111.5,351.9166666666667,255.70000000000002,0.16173988750319118,0.9038186555086256,6,6,2,0,0.0,0.16666666666666666,0.16666666666666666,1.0,1.0,0.3333333333333333,0.0,debit_card,DE,EUR
PM_001744,8,1,0,0,0,1786.1699999999998,223.27124999999998,96.00999999999999,0.16162280500713513,0.6879651747541339,4,8,3,7,0.125,0.0,0.0,0.5,1.0,0.375,0.875,bank_transfer,FR,EUR
PM_011342,7,1,1,1,0,778.4300000000001,111.20428571428572,28.98,0.1616209768187311,0.9128561668513884,4,7,5,0,0.14285714285714285,0.14285714285714285,0.14285714285714285,0.5714285714285714,1.0,0.7142857142857143,0.0,wallet,DE,EUR
PM_011941,5,0,0,0,1,157.74,31.548000000000002,25.31,0.16160871749652392,0.7910903055987093,2,5,2,5,0.0,0.0,0.0,0.4,1.0,0.4,1.0,credit_card,IT,EUR
PM_006110,5,0,0,0,1,1258.63,251.72600000000003,224.43,0.16154481579026678,0.7940734320315425,4,5,1,0,0.0,0.0,0.0,0.8,1.0,0.2,0.0,credit_card,DE,EUR
PM_010712,5,0,0,0,1,305.43,61.086,46.57,0.16147373157790118,0.8031958094653797,1,4,2,0,0.0,0.0,0.0,0.2,0.8,0.4,0.0,debit_card,ES,EUR
PM_010546,7,0,0,0,1,557.46,79.63714285714286,35.55,0.16121832391696875,0.8765825315895334,6,7,0,6,0.0,0.0,0.0,0.8571428571428571,1.0,0.0,0.8571428571428571,credit_card,FR,EUR
PM_007786,4,0,0,0,0,290.21999999999997,72.55499999999999,54.19,0.1610397683090752,0.6428764787829062,0,0,0,2,0.0,0.0,0.0,0.0,0.0,0.0,0.5,debit_card,ES,EUR
PM_001021,3,0,0,0,0,618.83,206.27666666666667,260.58,0.16099347936398134,0.4618099617814373,2,3,1,1,0.0,0.0,0.0,0.6666666666666666,1.0,0.3333333333333333,0.3333333333333333,wallet,DE,EUR
PM_010139,7,1,1,1,0,595.21,85.03,70.83,0.1609069320700544,0.9196165709563332,3,3,1,1,0.14285714285714285,0.14285714285714285,0.14285714285714285,0.42857142857142855,0.42857142857142855,0.14285714285714285,0.14285714285714285,debit_card,IT,EUR
PM_005545,7,1,1,1,0,485.47,69.35285714285715,59.38,0.16086816775809457,0.9681816855885572,5,7,1,5,0.14285714285714285,0.14285714285714285,0.14285714285714285,0.7142857142857143,1.0,0.14285714285714285,0.7142857142857143,wallet,GB,EUR
PM_006659,5,0,0,0,1,237.15,47.43,42.3,0.16086635662950016,0.7971663471386197,3,3,1,0,0.0,0.0,0.0,0.6,0.6,0.2,0.0,credit_card,ES,EUR
PM_004131,6,1,1,1,0,318.91,53.15166666666667,29.435,0.16083433724519566,0.9508684632908996,4,6,1,3,0.16666666666666666,0.16666666666666666,0.16666666666666666,0.6666666666666666,1.0,0.16666666666666666,0.5,debit_card,GB,EUR
PM_010738,21,0,0,0,2,5313.42,253.02,161.04,0.16079707097879228,0.8757444595071495,12,21,4,0,0.0,0.0,0.0,0.5714285714285714,1.0,0.19047619047619047,0.0,credit_card,PT,EUR
PM_010343,7,0,0,0,0,573.32,81.90285714285714,45.0,0.16062972803564077,0.5958728091863948,2,7,2,0,0.0,0.0,0.0,0.2857142857142857,1.0,0.2857142857142857,0.0,debit_card,GB,EUR
PM_005853,9,0,0,0,1,1064.18,118.24222222222222,87.98,0.16040167087908325,0.7433067790507815,2,7,3,4,0.0,0.0,0.0,0.2222222222222222,0.7777777777777778,0.3333333333333333,0.4444444444444444,debit_card,ES,EUR
PM_006200,4,0,0,0,0,144.13,36.0325,22.47,0.16031910026609195,0.6379304469769597,1,4,2,1,0.0,0.0,0.0,0.25,1.0,0.5,0.25,credit_card,ES,EUR
PM_007799,11,0,0,0,2,738.41,67.12818181818182,51.83,0.1602573733324747,0.8918455876413928,8,11,4,0,0.0,0.0,0.0,0.7272727272727273,1.0,0.36363636363636365,0.0,credit_card,IT,EUR
PM_009826,4,0,0,0,0,529.12,132.28,107.33,0.16009351331340546,0.6335341458280146,3,4,0,4,0.0,0.0,0.0,0.75,1.0,0.0,1.0,credit_card,FR,EUR
PM_011579,4,0,0,0,0,1025.29,256.3225,229.01,0.15978141903214926,0.4835694654111735,3,3,0,0,0.0,0.0,0.0,0.75,0.75,0.0,0.0,bank_transfer,DE,EUR
PM_004984,3,0,0,0,0,351.01,117.00333333333333,123.93,0.159773246269667,0.416319539699773,1,3,1,2,0.0,0.0,0.0,0.3333333333333333,1.0,0.3333333333333333,0.6666666666666666,credit_card,US,EUR
PM_010387,6,1,0,0,1,745.53,124.255,87.925,0.15975369502115602,0.7738559556687153,3,6,1,0,0.16666666666666666,0.0,0.0,0.5,1.0,0.16666666666666666,0.0,debit_card,FR,EUR
PM_004769,6,0,0,0,1,1164.48,194.08,170.015,0.15967964592724812,0.8891360421282166,5,6,2,4,0.0,0.0,0.0,0.8333333333333334,1.0,0.3333333333333333,0.6666666666666666,credit_card,IT,EUR
PM_011091,4,0,0,0,0,428.04,107.01,86.385,0.15956206304360282,0.5977927152604777,0,4,1,0,0.0,0.0,0.0,0.0,1.0,0.25,0.0,wallet,IT,EUR
PM_006517,8,1,1,1,0,528.01,66.00125,38.65,0.15938188668949935,0.9304434989585696,3,8,1,0,0.125,0.125,0.125,0.375,1.0,0.125,0.0,debit_card,IT,EUR
PM_004046,5,0,0,0,0,696.87,139.374,91.32,0.1592201690127307,0.5028406515453453,2,5,1,5,0.0,0.0,0.0,0.4,1.0,0.2,1.0,credit_card,PT,EUR
PM_006284,7,0,1,1,0,893.94,127.7057142857143,74.32,0.1591168499089897,0.9363065889053178,1,7,1,0,0.0,0.14285714285714285,0.14285714285714285,0.14285714285714285,1.0,0.14285714285714285,0.0,debit_card,PT,EUR
PM_001856,4,0,0,0,0,487.79999999999995,121.94999999999999,64.73,0.15909657909854028,0.6205991699813437,2,4,1,4,0.0,0.0,0.0,0.5,1.0,0.25,1.0,credit_card,ES,EUR
PM_005172,6,0,1,1,0,399.45,66.575,40.82,0.15904448453107042,0.9250444226132658,1,6,1,3,0.0,0.16666666666666666,0.16666666666666666,0.16666666666666666,1.0,0.16666666666666666,0.5,credit_card,DE,EUR
PM_004512,7,0,0,0,0,523.83,74.83285714285715,76.3,0.1589961849100945,0.5290172766146641,1,7,3,6,0.0,0.0,0.0,0.14285714285714285,1.0,0.42857142857142855,0.8571428571428571,credit_card,US,EUR
PM_001610,4,0,0,0,0,106.77,26.6925,20.495,0.15898319180864318,0.6244307716274003,0,4,1,0,0.0,0.0,0.0,0.0,1.0,0.25,0.0,debit_card,FR,EUR
PM_009765,5,0,0,0,1,587.9700000000001,117.59400000000002,23.3,0.15888278853913174,0.7757654731543826,3,5,1,1,0.0,0.0,0.0,0.6,1.0,0.2,0.2,wallet,US,EUR
PM_005439,7,0,1,1,0,1757.23,251.03285714285715,233.01,0.1588575560297965,0.9414768263495782,4,5,1,2,0.0,0.14285714285714285,0.14285714285714285,0.5714285714285714,0.7142857142857143,0.14285714285714285,0.2857142857142857,bank_transfer,ES,EUR
PM_007503,7,1,0,0,1,558.21,79.74428571428572,50.84,0.15879821936762137,0.8172481095679898,2,2,1,6,0.14285714285714285,0.0,0.0,0.2857142857142857,0.2857142857142857,0.14285714285714285,0.8571428571428571,debit_card,ES,EUR
PM_003042,11,0,0,0,1,1162.15,105.65,67.48,0.15828937122976694,0.8451034142937545,5,11,4,0,0.0,0.0,0.0,0.45454545454545453,1.0,0.36363636363636365,0.0,credit_card,US,EUR
PM_001263,5,0,0,0,1,700.99,140.198,98.94,0.1582060222856369,0.7079219899986424,1,2,1,0,0.0,0.0,0.0,0.2,0.4,0.2,0.0,credit_card,ES,EUR
PM_007463,4,0,0,0,0,520.22,130.055,149.42000000000002,0.15811152091199465,0.6295906847128528,1,4,1,0,0.0,0.0,0.0,0.25,1.0,0.25,0.0,debit_card,DE,EUR
PM_011373,6,0,0,0,1,765.4300000000001,127.57166666666667,133.38,0.15809682910645145,0.8516934774429621,2,6,0,0,0.0,0.0,0.0,0.3333333333333333,1.0,0.0,0.0,debit_card,US,EUR
PM_010036,10,0,0,0,1,753.6899999999999,75.369,50.735,0.15803163683552984,0.7252214925969225,6,10,1,10,0.0,0.0,0.0,0.6,1.0,0.1,1.0,bank_transfer,FR,EUR
PM_011544,9,0,0,0,0,1009.92,112.21333333333332,90.34,0.1579986568213307,0.6718170676009083,8,9,1,2,0.0,0.0,0.0,0.8888888888888888,1.0,0.1111111111111111,0.2222222222222222,credit_card,ES,EUR
PM_001363,5,0,0,0,0,768.55,153.70999999999998,145.06,0.1578553648525949,0.4401534757536345,1,3,1,1,0.0,0.0,0.0,0.2,0.6,0.2,0.2,credit_card,ES,EUR
PM_001580,8,0,0,0,1,611.0600000000001,76.38250000000001,66.49,0.15769405505738,0.8478640226876191,3,8,2,2,0.0,0.0,0.0,0.375,1.0,0.25,0.25,credit_card,GB,EUR
PM_005131,18,0,0,0,3,3692.42,205.13444444444445,145.065,0.1576823249726684,0.8508325551587311,11,18,3,2,0.0,0.0,0.0,0.6111111111111112,1.0,0.16666666666666666,0.1111111111111111,credit_card,GB,EUR
PM_001455,4,0,0,0,0,815.8000000000001,203.95000000000002,171.51,0.1576625711841271,0.537580652854962,1,4,1,0,0.0,0.0,0.0,0.25,1.0,0.25,0.0,credit_card,FR,EUR
PM_001305,13,1,1,1,0,1661.48,127.80615384615385,48.21,0.15758114523466843,0.9254988783937628,7,9,2,3,0.07692307692307693,0.07692307692307693,0.07692307692307693,0.5384615384615384,0.6923076923076923,0.15384615384615385,0.23076923076923078,credit_card,ES,EUR
PM_011451,6,0,1,1,0,955.59,159.26500000000001,150.515,0.15743419877429118,0.9018157706665756,4,5,1,3,0.0,0.16666666666666666,0.16666666666666666,0.6666666666666666,0.8333333333333334,0.16666666666666666,0.5,credit_card,ES,EUR
PM_006012,6,1,0,0,1,336.95,56.15833333333333,26.32,0.15735356153404656,0.8641987623140849,3,6,1,2,0.16666666666666666,0.0,0.0,0.5,1.0,0.16666666666666666,0.3333333333333333,credit_card,ES,EUR
PM_010593,20,0,0,0,3,2577.57,128.8785,103.05,0.15687152747560268,0.8605016719508299,8,20,5,0,0.0,0.0,0.0,0.4,1.0,0.25,0.0,debit_card,IT,EUR
PM_002954,10,0,0,0,1,1248.58,124.85799999999999,81.015,0.15684919760920069,0.8595175514243155,9,10,2,6,0.0,0.0,0.0,0.9,1.0,0.2,0.6,credit_card,US,EUR
PM_011937,8,0,0,0,1,869.73,108.71625,75.15,0.15660514202944406,0.7230934153011092,3,8,4,2,0.0,0.0,0.0,0.375,1.0,0.5,0.25,credit_card,FR,EUR
PM_009619,14,2,1,1,0,1129.14,80.65285714285714,42.55,0.15656044556348253,0.9205720298168484,7,14,5,7,0.14285714285714285,0.07142857142857142,0.07142857142857142,0.5,1.0,0.35714285714285715,0.5,credit_card,IT,EUR
PM_008587,5,0,0,0,1,154.06,30.812,22.76,0.156512531211648,0.7641375820685924,2,5,0,5,0.0,0.0,0.0,0.4,1.0,0.0,1.0,wallet,GB,EUR
PM_005050,4,0,0,0,0,496.19,124.0475,67.66,0.1564700546758277,0.6246192494927714,1,4,2,0,0.0,0.0,0.0,0.25,1.0,0.5,0.0,credit_card,US,EUR
PM_009665,6,0,1,1,0,500.31,83.385,53.915000000000006,0.15614439682701317,0.9342149580081406,2,6,2,0,0.0,0.16666666666666666,0.16666666666666666,0.3333333333333333,1.0,0.3333333333333333,0.0,credit_card,ES,EUR
PM_009503,4,0,0,0,0,426.24,106.56,117.785,0.1560637337202822,0.5252053754535674,4,4,2,0,0.0,0.0,0.0,1.0,1.0,0.5,0.0,debit_card,IT,EUR
PM_004251,14,0,1,1,1,1573.44,112.38857142857144,67.935,0.15598114479867384,0.9057508944824424,7,14,3,0,0.0,0.07142857142857142,0.07142857142857142,0.5,1.0,0.21428571428571427,0.0,credit_card,PT,EUR
PM_001583,16,0,0,0,2,2562.52,160.1575,120.58500000000001,0.15563074906174398,0.8140894410688398,13,14,3,2,0.0,0.0,0.0,0.8125,0.875,0.1875,0.125,credit_card,PT,EUR
PM_002654,7,0,1,1,0,560.3100000000001,80.04428571428572,43.1,0.15560026806880406,0.9632467723096352,6,7,0,2,0.0,0.14285714285714285,0.14285714285714285,0.8571428571428571,1.0,0.0,0.2857142857142857,debit_card,DE,EUR
PM_000514,6,1,1,1,0,505.21000000000004,84.20166666666667,97.91499999999999,0.15558626571731574,0.9246677606672142,3,6,2,0,0.16666666666666666,0.16666666666666666,0.16666666666666666,0.5,1.0,0.3333333333333333,0.0,credit_card,ES,EUR
PM_009747,4,0,0,0,0,486.81,121.7025,115.57,0.1554107367456055,0.4864109640730688,3,4,2,0,0.0,0.0,0.0,0.75,1.0,0.5,0.0,bank_transfer,GB,EUR
PM_004377,8,0,0,0,0,1182.18,147.7725,127.285,0.15528068557225463,0.6438129356068963,6,8,2,2,0.0,0.0,0.0,0.75,1.0,0.25,0.25,credit_card,ES,EUR
PM_001812,6,1,1,1,0,1312.69,218.78166666666667,206.335,0.15522447418896163,0.9011700226432926,3,6,1,1,0.16666666666666666,0.16666666666666666,0.16666666666666666,0.5,1.0,0.16666666666666666,0.16666666666666666,debit_card,FR,EUR
PM_001916,11,0,0,0,1,879.19,79.92636363636365,59.75,0.15505445636381654,0.7311304114882341,6,10,2,0,0.0,0.0,0.0,0.5454545454545454,0.9090909090909091,0.18181818181818182,0.0,debit_card,ES,EUR
PM_007115,16,0,0,0,1,1318.75,82.421875,45.42,0.15501453294498727,0.8697306569575077,7,8,3,9,0.0,0.0,0.0,0.4375,0.5,0.1875,0.5625,credit_card,ES,EUR
PM_001964,6,1,0,0,1,459.49,76.58166666666666,55.95,0.15465165982160622,0.8597577606378959,2,6,0,0,0.16666666666666666,0.0,0.0,0.3333333333333333,1.0,0.0,0.0,debit_card,GB,EUR
PM_008783,5,0,0,0,0,695.8100000000001,139.162,114.62,0.15458784620330918,0.5880511189185973,3,5,0,0,0.0,0.0,0.0,0.6,1.0,0.0,0.0,credit_card,US,EUR
PM_008328,3,0,0,0,0,299.06,99.68666666666667,14.78,0.15453424404553365,0.4632222147189772,0,3,1,0,0.0,0.0,0.0,0.0,1.0,0.3333333333333333,0.0,credit_card,US,EUR
PM_003011,16,0,0,0,0,1222.74,76.42125,69.04,0.15428704743515317,0.677079661862523,7,16,5,3,0.0,0.0,0.0,0.4375,1.0,0.3125,0.1875,credit_card,US,EUR
PM_000316,8,0,0,0,0,1412.57,176.57125,53.155,0.15426952432281552,0.6576513312891462,4,7,4,0,0.0,0.0,0.0,0.5,0.875,0.5,0.0,credit_card,IT,EUR
PM_002826,10,0,0,0,2,2297.36,229.73600000000002,204.41,0.1542001948137425,0.8014219535204152,5,7,3,8,0.0,0.0,0.0,0.5,0.7,0.3,0.8,credit_card,ES,EUR
PM_008791,8,1,0,0,1,266.27,33.28375,34.95,0.15411184031777506,0.8949528723209623,1,8,3,0,0.125,0.0,0.0,0.125,1.0,0.375,0.0,debit_card,PT,EUR
PM_007627,12,0,0,0,2,1478.58,123.21499999999999,101.13499999999999,0.15380229538290804,0.8513554286229109,7,11,3,11,0.0,0.0,0.0,0.5833333333333334,0.9166666666666666,0.25,0.9166666666666666,wallet,IT,EUR
PM_006273,22,1,1,1,1,2371.8,107.80909090909091,55.3,0.1534630159799538,0.9299294972999482,7,22,3,18,0.045454545454545456,0.045454545454545456,0.045454545454545456,0.3181818181818182,1.0,0.13636363636363635,0.8181818181818182,credit_card,GB,EUR
PM_001339,4,0,0,0,0,301.82,75.455,73.37,0.15332218726711971,0.526698184868328,2,4,1,0,0.0,0.0,0.0,0.5,1.0,0.25,0.0,debit_card,GB,EUR
PM_001094,8,1,1,1,0,1396.3400000000001,174.54250000000002,73.63499999999999,0.15325284961422042,0.9979073768857856,5,8,1,8,0.125,0.125,0.125,0.625,1.0,0.125,1.0,credit_card,US,EUR
PM_005018,7,0,1,1,0,1229.44,175.6342857142857,86.35,0.1531089897954199,0.959524097641252,5,7,1,0,0.0,0.14285714285714285,0.14285714285714285,0.7142857142857143,1.0,0.14285714285714285,0.0,credit_card,US,EUR
PM_000033,4,0,0,0,0,446.21,111.5525,111.97,0.1528885454124842,0.5368407743083619,0,4,2,0,0.0,0.0,0.0,0.0,1.0,0.5,0.0,credit_card,GB,EUR
PM_008979,13,0,0,0,2,1295.22,99.63230769230769,72.0,0.15288203755644392,0.8300391479385201,9,13,3,8,0.0,0.0,0.0,0.6923076923076923,1.0,0.23076923076923078,0.6153846153846154,wallet,IT,EUR
PM_006770,13,0,2,2,0,2480.45,190.80384615384614,88.88,0.15282765979614218,0.9323556488573456,5,13,1,4,0.0,0.15384615384615385,0.15384615384615385,0.38461538461538464,1.0,0.07692307692307693,0.3076923076923077,credit_card,US,EUR
PM_006429,16,1,1,1,1,3826.97,239.185625,74.24000000000001,0.15256579132916545,0.9352896940685111,8,10,3,9,0.0625,0.0625,0.0625,0.5,0.625,0.1875,0.5625,wallet,ES,EUR
PM_004811,4,0,0,0,0,639.07,159.7675,91.49,0.15255684535516317,0.5560750674256707,2,4,0,2,0.0,0.0,0.0,0.5,1.0,0.0,0.5,credit_card,PT,EUR
PM_006919,3,0,0,0,0,479.28000000000003,159.76000000000002,172.0,0.1522118004717557,0.3695486230494711,1,3,1,1,0.0,0.0,0.0,0.3333333333333333,1.0,0.3333333333333333,0.3333333333333333,credit_card,PT,EUR
PM_011419,10,0,0,0,2,1605.04,160.504,168.78,0.1521873149569326,0.7300496918473829,5,5,2,0,0.0,0.0,0.0,0.5,0.5,0.2,0.0,credit_card,ES,EUR
PM_011876,9,1,0,0,1,886.5200000000001,98.50222222222223,56.21,0.15202434613007154,0.7469709182176535,8,9,2,2,0.1111111111111111,0.0,0.0,0.8888888888888888,1.0,0.2222222222222222,0.2222222222222222,wallet,PT,EUR
PM_011123,7,0,0,0,0,227.09,32.441428571428574,31.94,0.15179382445532666,0.6223220610838088,5,7,3,6,0.0,0.0,0.0,0.7142857142857143,1.0,0.42857142857142855,0.8571428571428571,wallet,DE,EUR
PM_008130,9,0,1,1,0,681.79,75.75444444444445,59.1,0.15166785367906346,0.9013935883977422,4,9,1,0,0.0,0.1111111111111111,0.1111111111111111,0.4444444444444444,1.0,0.1111111111111111,0.0,credit_card,IT,EUR
PM_003441,8,0,1,1,0,827.91,103.48875,82.965,0.1516089477014055,0.9230895183418416,3,5,1,1,0.0,0.125,0.125,0.375,0.625,0.125,0.125,credit_card,ES,EUR
PM_004615,4,0,0,0,0,161.15,40.2875,25.310000000000002,0.1514006403309724,0.5915879589053381,2,4,0,1,0.0,0.0,0.0,0.5,1.0,0.0,0.25,debit_card,GB,EUR
PM_003214,6,0,0,0,1,421.75,70.29166666666667,55.54,0.1513635424451755,0.8777728797085745,2,6,1,1,0.0,0.0,0.0,0.3333333333333333,1.0,0.16666666666666666,0.16666666666666666,wallet,PT,EUR
PM_011097,4,0,0,0,0,397.4,99.35,95.53,0.1512552410219745,0.6038668749842753,0,4,1,3,0.0,0.0,0.0,0.0,1.0,0.25,0.75,credit_card,IT,EUR
PM_007449,5,1,0,0,1,607.4000000000001,121.48000000000002,117.29,0.15104768387833153,0.7116704188392161,3,5,0,2,0.2,0.0,0.0,0.6,1.0,0.0,0.4,credit_card,GB,EUR
PM_008927,15,0,0,0,0,1172.1200000000001,78.14133333333334,41.47,0.15082661577470827,0.685966657744298,7,15,5,0,0.0,0.0,0.0,0.4666666666666667,1.0,0.3333333333333333,0.0,debit_card,DE,EUR
PM_003707,3,0,0,0,0,165.74,55.24666666666667,67.25,0.1507980616715112,0.4278678383034046,1,3,1,0,0.0,0.0,0.0,0.3333333333333333,1.0,0.3333333333333333,0.0,debit_card,PT,EUR
PM_007653,9,1,1,1,0,590.25,65.58333333333333,44.89,0.15074767571055422,0.9702164267385216,5,8,2,0,0.1111111111111111,0.1111111111111111,0.1111111111111111,0.5555555555555556,0.8888888888888888,0.2222222222222222,0.0,credit_card,IT,EUR
PM_006177,8,1,1,1,0,1709.88,213.735,88.11500000000001,0.15049470963582928,0.9826141275932008,4,4,1,1,0.125,0.125,0.125,0.5,0.5,0.125,0.125,debit_card,ES,EUR
PM_009966,3,0,0,0,0,302.43,100.81,43.07,0.1503977887176862,0.442416619773926,2,3,0,2,0.0,0.0,0.0,0.6666666666666666,1.0,0.0,0.6666666666666666,wallet,FR,EUR
PM_011553,4,0,0,0,0,434.51,108.6275,77.86,0.15033317264536034,0.3760638026342138,3,3,1,4,0.0,0.0,0.0,0.75,0.75,0.25,1.0,debit_card,FR,EUR
PM_002067,4,0,0,0,0,823.77,205.9425,113.0,0.1502463193176183,0.599936007505319,2,4,0,0,0.0,0.0,0.0,0.5,1.0,0.0,0.0,credit_card,FR,EUR
PM_005356,11,0,0,0,0,1740.7,158.24545454545455,74.4,0.1500529159519837,0.6012476810074965,3,5,2,5,0.0,0.0,0.0,0.2727272727272727,0.45454545454545453,0.18181818181818182,0.45454545454545453,bank_transfer,ES,EUR
PM_003783,18,1,1,1,0,2992.28,166.23777777777778,80.805,0.1499798283710444,0.967338531845142,7,18,2,6,0.05555555555555555,0.05555555555555555,0.05555555555555555,0.3888888888888889,1.0,0.1111111111111111,0.3333333333333333,credit_card,FR,EUR
PM_000091,5,0,0,0,0,853.5300000000001,170.70600000000002,171.21,0.14993493574084243,0.5854765759015322,2,5,1,4,0.0,0.0,0.0,0.4,1.0,0.2,0.8,debit_card,FR,EUR
PM_004041,6,0,0,0,1,473.42,78.90333333333334,53.455,0.1499128893583924,0.8960262764355754,3,6,1,0,0.0,0.0,0.0,0.5,1.0,0.16666666666666666,0.0,debit_card,DE,EUR
PM_009245,4,0,0,0,0,479.69,119.9225,117.695,0.14973837720263822,0.5955608889794559,4,4,1,1,0.0,0.0,0.0,1.0,1.0,0.25,0.25,credit_card,PT,EUR
PM_002125,8,0,0,0,0,1830.6999999999998,228.83749999999998,140.95,0.14970254260733734,0.5744005096981193,5,6,2,6,0.0,0.0,0.0,0.625,0.75,0.25,0.75,wallet,ES,EUR
PM_008404,6,0,0,0,0,920.96,153.49333333333334,47.129999999999995,0.14964536252492686,0.4920088892464644,4,6,2,5,0.0,0.0,0.0,0.6666666666666666,1.0,0.3333333333333333,0.8333333333333334,credit_card,IT,EUR
PM_007955,3,0,0,0,0,455.76,151.92,169.38,0.1495679992320992,0.4466428720799797,2,3,1,3,0.0,0.0,0.0,0.6666666666666666,1.0,0.3333333333333333,1.0,debit_card,US,EUR
PM_006410,7,0,1,1,0,652.17,93.16714285714285,50.56,0.14952536122485155,0.9542960601962512,5,7,2,2,0.0,0.14285714285714285,0.14285714285714285,0.7142857142857143,1.0,0.2857142857142857,0.2857142857142857,debit_card,PT,EUR
PM_002004,9,1,0,0,1,1463.0,162.55555555555554,170.31,0.14939267484398058,0.846575073726793,8,8,1,5,0.1111111111111111,0.0,0.0,0.8888888888888888,0.8888888888888888,0.1111111111111111,0.5555555555555556,credit_card,PT,EUR
PM_011464,4,0,0,0,0,719.16,179.79,157.85500000000002,0.14936838103563385,0.5064067453414263,3,4,2,2,0.0,0.0,0.0,0.75,1.0,0.5,0.5,debit_card,FR,EUR
PM_004371,3,0,0,0,0,134.10000000000002,44.70000000000001,29.0,0.14933737245644876,0.2737302715644277,2,3,1,0,0.0,0.0,0.0,0.6666666666666666,1.0,0.3333333333333333,0.0,credit_card,US,EUR
PM_001652,6,0,0,0,0,807.7900000000001,134.6316666666667,64.66,0.14932247750287692,0.4999472592499722,3,6,0,4,0.0,0.0,0.0,0.5,1.0,0.0,0.6666666666666666,credit_card,DE,EUR
PM_000429,9,1,1,1,0,895.06,99.4511111111111,45.42,0.14913250370307796,0.950899688137852,6,9,1,7,0.1111111111111111,0.1111111111111111,0.1111111111111111,0.6666666666666666,1.0,0.1111111111111111,0.7777777777777778,credit_card,US,EUR
PM_002422,4,0,0,0,0,536.46,134.115,129.69,0.14907864663543394,0.5886146642203437,1,4,1,0,0.0,0.0,0.0,0.25,1.0,0.25,0.0,debit_card,FR,EUR
PM_010234,7,1,1,1,0,877.74,125.39142857142858,88.28,0.14902010904120866,0.9829214676516976,3,7,1,1,0.14285714285714285,0.14285714285714285,0.14285714285714285,0.42857142857142855,1.0,0.14285714285714285,0.14285714285714285,credit_card,FR,EUR
PM_001595,6,1,0,0,0,522.54,87.08999999999999,64.41,0.1488874252590623,0.4143690499490833,3,6,2,0,0.16666666666666666,0.0,0.0,0.5,1.0,0.3333333333333333,0.0,debit_card,DE,EUR
PM_006350,10,1,1,1,0,2839.04,283.904,181.08499999999998,0.14881939015327983,0.9786624819307748,6,10,2,1,0.1,0.1,0.1,0.6,1.0,0.2,0.1,bank_transfer,ES,EUR
PM_003158,11,2,1,1,0,1539.3999999999999,139.94545454545454,76.44,0.14860184576301136,0.9501636587990702,6,11,2,0,0.18181818181818182,0.09090909090909091,0.09090909090909091,0.5454545454545454,1.0,0.18181818181818182,0.0,credit_card,GB,EUR
PM_010558,9,0,0,0,0,1586.12,176.23555555555555,111.43,0.14856345084783085,0.6172320754778755,4,9,3,0,0.0,0.0,0.0,0.4444444444444444,1.0,0.3333333333333333,0.0,wallet,GB,EUR
PM_006934,7,1,1,1,0,362.66999999999996,51.809999999999995,43.16,0.14840410921467928,0.9610881112864648,3,5,2,0,0.14285714285714285,0.14285714285714285,0.14285714285714285,0.42857142857142855,0.7142857142857143,0.2857142857142857,0.0,credit_card,ES,EUR
PM_011256,4,0,0,0,0,354.12,88.53,35.81,0.1482614981313712,0.5498647795125141,2,4,1,0,0.0,0.0,0.0,0.5,1.0,0.25,0.0,wallet,ES,EUR
PM_011102,12,0,0,0,2,1819.32,151.60999999999999,78.41,0.14811320355618748,0.8219088811158298,6,8,1,0,0.0,0.0,0.0,0.5,0.6666666666666666,0.08333333333333333,0.0,debit_card,ES,EUR
PM_009683,7,1,1,1,0,1172.38,167.48285714285717,187.53,0.14809234094762116,0.9323499196165091,3,7,1,3,0.14285714285714285,0.14285714285714285,0.14285714285714285,0.42857142857142855,1.0,0.14285714285714285,0.42857142857142855,debit_card,IT,EUR
PM_001644,4,1,0,0,0,227.27,56.8175,58.465,0.1480843124642373,0.5919784531634459,1,4,1,1,0.25,0.0,0.0,0.25,1.0,0.25,0.25,debit_card,IT,EUR
PM_007577,6,0,0,0,0,967.8100000000001,161.30166666666668,125.66499999999999,0.14807304157651607,0.3763283493913707,5,6,1,4,0.0,0.0,0.0,0.8333333333333334,1.0,0.16666666666666666,0.6666666666666666,credit_card,DE,EUR
PM_010366,9,1,0,0,1,1512.0900000000001,168.01000000000002,126.69,0.14802793531877115,0.810069464324886,6,7,2,0,0.1111111111111111,0.0,0.0,0.6666666666666666,0.7777777777777778,0.2222222222222222,0.0,debit_card,ES,EUR
PM_008247,12,0,1,1,0,2902.77,241.8975,228.385,0.14782553818217994,0.9343161651187104,8,12,2,6,0.0,0.08333333333333333,0.08333333333333333,0.6666666666666666,1.0,0.16666666666666666,0.5,credit_card,IT,EUR
PM_001329,7,1,1,1,0,619.12,88.44571428571429,33.35,0.14778518747676392,0.9315611826535452,2,7,0,4,0.14285714285714285,0.14285714285714285,0.14285714285714285,0.2857142857142857,1.0,0.0,0.5714285714285714,credit_card,DE,EUR
PM_006968,8,0,0,0,0,1960.36,245.045,97.60499999999999,0.14767405077274706,0.5971421501486953,7,8,2,3,0.0,0.0,0.0,0.875,1.0,0.25,0.375,wallet,US,EUR
PM_002757,4,0,0,0,0,326.21,81.5525,73.06,0.14766471388889965,0.5442942838600471,3,3,0,0,0.0,0.0,0.0,0.75,0.75,0.0,0.0,credit_card,ES,EUR
PM_006125,4,1,0,0,0,626.05,156.5125,146.59,0.14755651313161497,0.5866491893133702,1,4,2,0,0.25,0.0,0.0,0.25,1.0,0.5,0.0,wallet,PT,EUR
PM_010750,7,0,1,1,0,412.82,58.97428571428571,55.69,0.14748795128429762,0.965144120532744,6,7,1,0,0.0,0.14285714285714285,0.14285714285714285,0.8571428571428571,1.0,0.14285714285714285,0.0,credit_card,ES,EUR
PM_001535,10,0,0,0,1,1342.18,134.21800000000002,105.775,0.14724105768127044,0.8320018490877404,8,10,3,0,0.0,0.0,0.0,0.8,1.0,0.3,0.0,credit_card,GB,EUR
PM_003232,5,0,0,0,0,671.26,134.252,121.78,0.14710448337410456,0.5808867118409657,2,5,1,4,0.0,0.0,0.0,0.4,1.0,0.2,0.8,credit_card,ES,EUR
PM_000290,9,0,0,0,1,424.54,47.17111111111112,12.22,0.14694465366827902,0.8470142535808981,5,8,3,0,0.0,0.0,0.0,0.5555555555555556,0.8888888888888888,0.3333333333333333,0.0,debit_card,ES,EUR
PM_001674,12,0,0,0,1,1967.1200000000001,163.92666666666668,71.395,0.14691198809851422,0.7972686701552848,8,12,1,0,0.0,0.0,0.0,0.6666666666666666,1.0,0.08333333333333333,0.0,credit_card,US,EUR
PM_003734,3,0,0,0,0,474.03,158.01,155.02,0.14678117880251149,0.4174250201027693,1,2,1,0,0.0,0.0,0.0,0.3333333333333333,0.6666666666666666,0.3333333333333333,0.0,credit_card,ES,EUR
PM_004826,4,1,0,0,0,705.85,176.4625,103.45,0.146695830906164,0.568961317253635,2,4,1,0,0.25,0.0,0.0,0.5,1.0,0.25,0.0,debit_card,ES,EUR
PM_002641,7,0,0,0,0,459.87,65.69571428571429,58.23,0.14651007287729634,0.6970047083835748,5,7,3,4,0.0,0.0,0.0,0.7142857142857143,1.0,0.42857142857142855,0.5714285714285714,credit_card,ES,EUR
PM_009890,3,0,0,0,0,450.96,150.32,211.29,0.1463747612280036,0.4146194508358979,3,3,1,0,0.0,0.0,0.0,1.0,1.0,0.3333333333333333,0.0,credit_card,GB,EUR
PM_011314,6,0,0,0,1,758.9599999999999,126.49333333333333,24.490000000000002,0.1462946370457842,0.7512591564520416,3,6,2,0,0.0,0.0,0.0,0.5,1.0,0.3333333333333333,0.0,wallet,US,EUR
PM_001221,7,1,0,0,1,847.15,121.02142857142857,94.76,0.14619489211270592,0.7067539048997558,4,5,1,1,0.14285714285714285,0.0,0.0,0.5714285714285714,0.7142857142857143,0.14285714285714285,0.14285714285714285,wallet,ES,EUR
PM_009867,6,1,0,0,1,358.56,59.76,41.75,0.14617335168762838,0.8304884072000901,2,6,1,0,0.16666666666666666,0.0,0.0,0.3333333333333333,1.0,0.16666666666666666,0.0,credit_card,PT,EUR
PM_007285,7,0,0,0,1,639.83,91.40428571428572,35.94,0.1460523803397205,0.8650631265335543,3,4,2,0,0.0,0.0,0.0,0.42857142857142855,0.5714285714285714,0.2857142857142857,0.0,wallet,ES,EUR
PM_010324,8,0,1,1,0,536.88,67.11,62.385,0.14593566134533167,0.945090064775435,3,8,2,2,0.0,0.125,0.125,0.375,1.0,0.25,0.25,credit_card,IT,EUR
PM_007492,7,0,1,1,0,484.8,69.25714285714285,49.53,0.14591542015698947,0.9468522917143376,2,7,1,6,0.0,0.14285714285714285,0.14285714285714285,0.2857142857142857,1.0,0.14285714285714285,0.8571428571428571,credit_card,GB,EUR
PM_004305,6,0,0,0,1,663.5,110.58333333333333,103.98,0.14576665976707145,0.7886202245436693,3,6,1,5,0.0,0.0,0.0,0.5,1.0,0.16666666666666666,0.8333333333333334,credit_card,DE,EUR
PM_006883,17,2,2,2,0,4024.02,236.70705882352942,123.71,0.14571383340674424,0.9816989778967318,8,17,6,4,0.11764705882352941,0.11764705882352941,0.11764705882352941,0.47058823529411764,1.0,0.35294117647058826,0.23529411764705882,credit_card,DE,EUR
PM_010215,5,0,0,0,0,1013.98,202.796,191.11,0.14558618388541128,0.3934655517461766,2,5,2,0,0.0,0.0,0.0,0.4,1.0,0.4,0.0,credit_card,FR,EUR
PM_006605,4,0,0,0,0,365.23,91.3075,85.415,0.14556819006354857,0.3175799047958663,2,4,0,3,0.0,0.0,0.0,0.5,1.0,0.0,0.75,credit_card,GB,EUR
PM_009483,8,1,1,1,0,2590.87,323.85875,195.29000000000002,0.14545535489902553,0.9734990125681108,4,6,1,6,0.125,0.125,0.125,0.5,0.75,0.125,0.75,wallet,DE,EUR
PM_001905,3,0,0,0,0,44.6,14.866666666666667,9.13,0.1454277716205495,0.373197664740072,2,3,1,0,0.0,0.0,0.0,0.6666666666666666,1.0,0.3333333333333333,0.0,wallet,FR,EUR
PM_002755,4,0,0,0,0,274.79,68.6975,78.755,0.14541240283672263,0.579218713521811,1,4,1,0,0.0,0.0,0.0,0.25,1.0,0.25,0.0,debit_card,US,EUR
PM_010120,15,0,0,0,1,1252.74,83.516,36.44,0.14540260871946212,0.7459482906839058,7,15,2,6,0.0,0.0,0.0,0.4666666666666667,1.0,0.13333333333333333,0.4,debit_card,US,EUR
PM_001141,9,1,1,1,0,1820.1,202.23333333333332,72.1,0.14539807672297841,0.996272817179445,6,9,2,4,0.1111111111111111,0.1111111111111111,0.1111111111111111,0.6666666666666666,1.0,0.2222222222222222,0.4444444444444444,credit_card,FR,EUR
PM_004035,6,0,0,0,0,180.57,30.095,20.64,0.14533700491987825,0.6273330183136978,2,6,0,5,0.0,0.0,0.0,0.3333333333333333,1.0,0.0,0.8333333333333334,credit_card,IT,EUR
PM_010549,12,1,1,1,0,2405.62,200.46833333333333,132.525,0.14526645543277253,0.992289914333371,8,10,4,8,0.08333333333333333,0.08333333333333333,0.08333333333333333,0.6666666666666666,0.8333333333333334,0.3333333333333333,0.6666666666666666,debit_card,PT,EUR
PM_005398,7,1,1,1,0,1198.51,171.21571428571428,143.13,0.14487341655745048,0.9823399558807372,1,1,1,0,0.14285714285714285,0.14285714285714285,0.14285714285714285,0.14285714285714285,0.14285714285714285,0.14285714285714285,0.0,bank_transfer,ES,EUR
PM_006109,7,1,1,1,0,1182.22,168.88857142857142,37.91,0.1448093211056177,0.9483833009551674,1,7,1,3,0.14285714285714285,0.14285714285714285,0.14285714285714285,0.14285714285714285,1.0,0.14285714285714285,0.42857142857142855,credit_card,PT,EUR
PM_005922,9,0,0,0,1,3982.99,442.5544444444444,203.51,0.14476682397858504,0.7732910731581558,4,9,0,0,0.0,0.0,0.0,0.4444444444444444,1.0,0.0,0.0,credit_card,IT,EUR
PM_000193,12,1,0,0,1,1568.92,130.74333333333334,55.265,0.14472588866285976,0.7840618101889442,2,4,2,1,0.08333333333333333,0.0,0.0,0.16666666666666666,0.3333333333333333,0.16666666666666666,0.08333333333333333,wallet,ES,EUR
PM_004174,8,0,0,0,0,1195.75,149.46875,55.825,0.1447085329872287,0.5704894105035708,6,8,2,0,0.0,0.0,0.0,0.75,1.0,0.25,0.0,credit_card,IT,EUR
PM_003444,6,0,0,0,1,610.99,101.83166666666666,79.005,0.1446183782394422,0.8294901682340043,3,5,1,0,0.0,0.0,0.0,0.5,0.8333333333333334,0.16666666666666666,0.0,credit_card,FR,EUR
PM_010449,12,1,1,1,0,2090.64,174.22,82.66999999999999,0.14449817149234961,0.9916729993164654,9,10,2,0,0.08333333333333333,0.08333333333333333,0.08333333333333333,0.75,0.8333333333333334,0.16666666666666666,0.0,debit_card,ES,EUR
PM_006161,3,0,0,0,0,511.75,170.58333333333334,192.38,0.14419503090699767,0.4309277337794919,1,3,0,1,0.0,0.0,0.0,0.3333333333333333,1.0,0.0,0.3333333333333333,debit_card,US,EUR
PM_005976,3,0,0,0,0,104.41,34.803333333333335,30.39,0.14415736354758543,0.3997872292312082,1,3,0,0,0.0,0.0,0.0,0.3333333333333333,1.0,0.0,0.0,debit_card,PT,EUR
PM_002685,8,0,0,0,0,332.28,41.535,37.995000000000005,0.14413402129671277,0.6485591450570589,6,8,1,0,0.0,0.0,0.0,0.75,1.0,0.125,0.0,debit_card,IT,EUR
PM_009396,7,0,0,0,1,852.97,121.85285714285715,84.5,0.14402871555922883,0.880840927214517,4,7,2,0,0.0,0.0,0.0,0.5714285714285714,1.0,0.2857142857142857,0.0,debit_card,DE,EUR
PM_000772,23,1,0,0,2,3270.46,142.19391304347826,102.71,0.14390418406879588,0.8431336305295943,15,15,6,0,0.043478260869565216,0.0,0.0,0.6521739130434783,0.6521739130434783,0.2608695652173913,0.0,credit_card,IT,EUR
PM_001990,6,0,0,0,1,533.77,88.96166666666666,41.525,0.1438175903997695,0.7897974683562148,5,6,1,1,0.0,0.0,0.0,0.8333333333333334,1.0,0.16666666666666666,0.16666666666666666,credit_card,GB,EUR
PM_010477,3,0,0,0,0,449.88,149.96,159.38,0.1436419710349439,0.4279701690769401,1,3,0,2,0.0,0.0,0.0,0.3333333333333333,1.0,0.0,0.6666666666666666,credit_card,US,EUR
PM_007940,3,0,0,0,0,1137.33,379.10999999999996,436.02,0.1435321129377269,0.3337253936611046,3,3,0,0,0.0,0.0,0.0,1.0,1.0,0.0,0.0,credit_card,US,EUR
PM_011436,7,1,1,1,0,1257.37,179.6242857142857,89.02,0.14344218653684052,0.9944268211800716,3,7,1,0,0.14285714285714285,0.14285714285714285,0.14285714285714285,0.42857142857142855,1.0,0.14285714285714285,0.0,credit_card,FR,EUR
PM_002189,7,1,1,1,0,1388.8700000000001,198.41000000000003,58.03,0.14323610848433838,0.9915682962028258,6,7,2,0,0.14285714285714285,0.14285714285714285,0.14285714285714285,0.8571428571428571,1.0,0.2857142857142857,0.0,debit_card,US,EUR
PM_000485,6,0,0,0,0,651.37,108.56166666666667,59.105,0.1430849570560812,0.5473030637077373,5,6,3,3,0.0,0.0,0.0,0.8333333333333334,1.0,0.5,0.5,wallet,US,EUR
PM_002764,6,0,0,0,1,680.55,113.425,47.965,0.14305735356598256,0.8264437484208413,2,6,0,0,0.0,0.0,0.0,0.3333333333333333,1.0,0.0,0.0,debit_card,US,EUR
PM_009865,7,1,1,1,0,414.72,59.24571428571429,51.18,0.14295874519537757,0.965979133604608,3,7,1,4,0.14285714285714285,0.14285714285714285,0.14285714285714285,0.42857142857142855,1.0,0.14285714285714285,0.5714285714285714,credit_card,IT,EUR
PM_000343,12,0,0,0,2,1042.54,86.87833333333333,50.0,0.14284637154495097,0.8738880789463828,3,5,3,2,0.0,0.0,0.0,0.25,0.4166666666666667,0.25,0.16666666666666666,credit_card,ES,EUR
PM_004999,10,0,0,0,1,1586.41,158.64100000000002,151.075,0.14282798541614677,0.8157607590241485,4,10,1,4,0.0,0.0,0.0,0.4,1.0,0.1,0.4,credit_card,US,EUR
PM_011479,9,0,0,0,1,487.33,54.147777777777776,44.53,0.14281635942328463,0.7489824118043852,4,6,1,1,0.0,0.0,0.0,0.4444444444444444,0.6666666666666666,0.1111111111111111,0.1111111111111111,credit_card,ES,EUR
PM_000322,9,0,1,1,0,2877.19,319.6877777777778,149.83,0.1425011189590784,0.9517040685386484,7,9,2,1,0.0,0.1111111111111111,0.1111111111111111,0.7777777777777778,1.0,0.2222222222222222,0.1111111111111111,wallet,ES,EUR
PM_007642,9,1,1,1,0,441.65999999999997,49.07333333333333,36.82,0.1424209809368303,0.976778393530254,7,9,2,2,0.1111111111111111,0.1111111111111111,0.1111111111111111,0.7777777777777778,1.0,0.2222222222222222,0.2222222222222222,debit_card,IT,EUR
PM_006189,18,0,0,0,1,3041.99,168.99944444444444,131.01999999999998,0.14238259763438194,0.8845036872758261,11,18,3,9,0.0,0.0,0.0,0.6111111111111112,1.0,0.16666666666666666,0.5,debit_card,GB,EUR
PM_010626,5,0,0,0,0,439.41,87.882,36.64,0.14231750136288593,0.4260663721685133,3,5,1,1,0.0,0.0,0.0,0.6,1.0,0.2,0.2,credit_card,DE,EUR
PM_000931,8,0,0,0,1,1201.47,150.18375,84.985,0.14231098873645945,0.8352945410042416,8,8,0,2,0.0,0.0,0.0,1.0,1.0,0.0,0.25,wallet,IT,EUR
PM_009216,8,0,0,0,1,749.05,93.63125,58.145,0.14223359205649475,0.7238396714922984,4,8,1,5,0.0,0.0,0.0,0.5,1.0,0.125,0.625,credit_card,US,EUR
PM_011656,18,0,1,1,0,1850.86,102.82555555555555,49.165,0.14200792821840003,0.9364585335889728,5,18,3,3,0.0,0.05555555555555555,0.05555555555555555,0.2777777777777778,1.0,0.16666666666666666,0.16666666666666666,credit_card,IT,EUR
PM_003860,16,1,0,0,2,2908.98,181.81125,150.695,0.14182308100109078,0.7635240448559171,12,16,1,0,0.0625,0.0,0.0,0.75,1.0,0.0625,0.0,debit_card,IT,EUR
PM_006592,6,0,0,0,1,1370.1399999999999,228.35666666666665,81.59,0.1417056134837291,0.8147464454502326,3,6,3,1,0.0,0.0,0.0,0.5,1.0,0.5,0.16666666666666666,credit_card,IT,EUR
PM_004904,15,1,0,0,1,1956.8600000000001,130.45733333333334,104.63,0.14164845891026745,0.8756462705495928,8,15,2,9,0.06666666666666667,0.0,0.0,0.5333333333333333,1.0,0.13333333333333333,0.6,bank_transfer,ES,EUR
PM_001254,8,0,0,0,1,669.49,83.68625,56.22,0.14162428621421996,0.7817022943668837,6,8,1,5,0.0,0.0,0.0,0.75,1.0,0.125,0.625,debit_card,ES,EUR
PM_010454,8,1,1,1,0,589.03,73.62875,44.480000000000004,0.14154622787347776,0.9596086376262308,4,4,2,0,0.125,0.125,0.125,0.5,0.5,0.25,0.0,debit_card,ES,EUR
PM_008191,6,1,0,0,1,623.89,103.98166666666667,74.61,0.1414723903289539,0.7767703020963287,5,6,1,0,0.16666666666666666,0.0,0.0,0.8333333333333334,1.0,0.16666666666666666,0.0,credit_card,US,EUR
PM_002413,6,0,0,0,0,749.59,124.93166666666667,92.72999999999999,0.1412855928898608,0.5385704839689307,4,6,0,5,0.0,0.0,0.0,0.6666666666666666,1.0,0.0,0.8333333333333334,credit_card,GB,EUR
PM_005107,6,0,0,0,0,988.15,164.69166666666666,164.66000000000003,0.14119173426128434,0.6533019033087196,4,6,2,1,0.0,0.0,0.0,0.6666666666666666,1.0,0.3333333333333333,0.16666666666666666,credit_card,ES,EUR
PM_003503,9,0,0,0,0,2465.81,273.9788888888889,136.45,0.14111770857255468,0.5001301566590826,7,9,3,3,0.0,0.0,0.0,0.7777777777777778,1.0,0.3333333333333333,0.3333333333333333,credit_card,GB,EUR
PM_002190,8,0,0,0,0,695.52,86.94,74.46,0.14089005774387753,0.6975497810491059,5,8,2,1,0.0,0.0,0.0,0.625,1.0,0.25,0.125,credit_card,US,EUR
PM_000122,13,0,1,1,1,1561.07,120.0823076923077,64.37,0.14088404094881368,0.923623528310616,9,12,3,3,0.0,0.07692307692307693,0.07692307692307693,0.6923076923076923,0.9230769230769231,0.23076923076923078,0.23076923076923078,credit_card,FR,EUR
PM_007944,4,0,0,0,0,496.79,124.1975,50.615,0.14086707277083732,0.4642230833213412,2,4,1,1,0.0,0.0,0.0,0.5,1.0,0.25,0.25,credit_card,IT,EUR
PM_008984,9,0,1,1,0,2193.86,243.76222222222225,155.8,0.14083033221450167,0.9183194823713569,3,3,1,0,0.0,0.1111111111111111,0.1111111111111111,0.3333333333333333,0.3333333333333333,0.1111111111111111,0.0,credit_card,ES,EUR
PM_000471,7,1,0,0,0,298.5,42.642857142857146,34.42,0.1407547622870737,0.4214541100180781,4,5,2,4,0.14285714285714285,0.0,0.0,0.5714285714285714,0.7142857142857143,0.2857142857142857,0.5714285714285714,wallet,ES,EUR
PM_008607,5,0,0,0,0,675.27,135.054,58.96,0.14071176097468469,0.6873902500573801,2,5,1,0,0.0,0.0,0.0,0.4,1.0,0.2,0.0,debit_card,IT,EUR
PM_006717,7,0,1,1,0,417.21,59.60142857142857,58.2,0.14043421636889816,0.9334076642802386,4,5,1,0,0.0,0.14285714285714285,0.14285714285714285,0.5714285714285714,0.7142857142857143,0.14285714285714285,0.0,debit_card,ES,EUR
PM_008272,7,1,1,1,0,1327.3400000000001,189.62000000000003,113.72,0.14042816579534195,0.976094194986676,3,7,2,2,0.14285714285714285,0.14285714285714285,0.14285714285714285,0.42857142857142855,1.0,0.2857142857142857,0.2857142857142857,credit_card,ES,EUR
PM_003129,8,0,0,0,1,2212.9,276.6125,237.58,0.14041269821430577,0.8431782979305599,6,6,2,0,0.0,0.0,0.0,0.75,0.75,0.25,0.0,credit_card,ES,EUR
PM_010490,5,0,0,0,0,325.27,65.054,84.79,0.14035175146923218,0.6930962649653435,5,5,1,0,0.0,0.0,0.0,1.0,1.0,0.2,0.0,credit_card,PT,EUR
PM_008161,7,0,0,0,0,988.0400000000001,141.14857142857144,46.26,0.14031612716911215,0.4968168231391722,5,7,0,7,0.0,0.0,0.0,0.7142857142857143,1.0,0.0,1.0,debit_card,GB,EUR
PM_006719,6,0,0,0,1,735.97,122.66166666666668,96.32499999999999,0.1400653790202709,0.8313306991031408,6,6,3,0,0.0,0.0,0.0,1.0,1.0,0.5,0.0,credit_card,ES,EUR
PM_009351,7,1,0,0,1,658.47,94.06714285714285,78.9,0.13990878325522357,0.8563839708834025,5,7,0,1,0.14285714285714285,0.0,0.0,0.7142857142857143,1.0,0.0,0.14285714285714285,credit_card,IT,EUR
PM_010772,15,1,1,1,1,1012.6999999999999,67.51333333333334,38.63,0.1398731750516475,0.9247493393730606,6,15,3,12,0.06666666666666667,0.06666666666666667,0.06666666666666667,0.4,1.0,0.2,0.8,credit_card,GB,EUR
PM_000574,5,0,0,0,0,146.7,29.339999999999996,30.67,0.1396583806877194,0.6890878983528173,3,5,2,0,0.0,0.0,0.0,0.6,1.0,0.4,0.0,debit_card,US,EUR
PM_006937,7,1,1,1,0,1749.03,249.86142857142858,237.31,0.13959768318511706,0.9511280085637164,1,4,3,3,0.14285714285714285,0.14285714285714285,0.14285714285714285,0.14285714285714285,0.5714285714285714,0.42857142857142855,0.42857142857142855,credit_card,ES,EUR
PM_001697,12,2,1,1,0,1517.55,126.46249999999999,111.39,0.13950736027341024,0.9182428224255536,7,12,3,4,0.16666666666666666,0.08333333333333333,0.08333333333333333,0.5833333333333334,1.0,0.25,0.3333333333333333,credit_card,US,EUR
PM_007041,10,0,0,0,1,976.07,97.607,59.905,0.13949205909856505,0.720969350777605,4,10,3,0,0.0,0.0,0.0,0.4,1.0,0.3,0.0,debit_card,US,EUR
PM_007315,5,0,0,0,0,530.78,106.15599999999999,79.68,0.13929119102402432,0.6335305517768538,3,5,1,3,0.0,0.0,0.0,0.6,1.0,0.2,0.6,debit_card,PT,EUR
PM_005111,4,0,0,0,0,252.86,63.215,34.995000000000005,0.13918583321955408,0.555935323044407,4,4,2,0,0.0,0.0,0.0,1.0,1.0,0.5,0.0,credit_card,ES,EUR
PM_003928,6,0,0,0,1,821.6,136.93333333333334,98.41499999999999,0.1390579779641681,0.8289359128708116,1,6,1,0,0.0,0.0,0.0,0.16666666666666666,1.0,0.16666666666666666,0.0,credit_card,IT,EUR
PM_000548,14,0,1,1,0,2760.78,197.19857142857146,143.125,0.13905615986980355,0.9340144107720684,4,14,3,6,0.0,0.07142857142857142,0.07142857142857142,0.2857142857142857,1.0,0.21428571428571427,0.42857142857142855,credit_card,GB,EUR
PM_007255,6,0,0,0,1,779.0500000000001,129.84166666666667,67.605,0.13905444809130899,0.8146906936243133,3,6,3,0,0.0,0.0,0.0,0.5,1.0,0.5,0.0,debit_card,GB,EUR
PM_002158,5,0,0,0,0,360.72,72.144,65.43,0.13900421690592757,0.6544857777817192,2,5,0,4,0.0,0.0,0.0,0.4,1.0,0.0,0.8,credit_card,GB,EUR
PM_003555,11,0,0,0,1,3294.77,299.52454545454543,278.42,0.13861941559129154,0.7912548367430619,5,11,4,0,0.0,0.0,0.0,0.45454545454545453,1.0,0.36363636363636365,0.0,credit_card,DE,EUR
PM_001811,10,0,0,0,0,1331.47,133.147,77.965,0.13860048796796415,0.519899598165193,8,10,2,2,0.0,0.0,0.0,0.8,1.0,0.2,0.2,credit_card,FR,EUR
PM_009431,4,0,0,0,0,1459.8899999999999,364.97249999999997,233.195,0.13844693644745704,0.4382600238229206,2,4,0,0,0.0,0.0,0.0,0.5,1.0,0.0,0.0,debit_card,PT,EUR
PM_004467,5,1,0,0,0,508.66999999999996,101.734,98.21,0.13833676690881797,0.6369092757762663,4,4,2,1,0.2,0.0,0.0,0.8,0.8,0.4,0.2,credit_card,ES,EUR
PM_002274,13,0,0,0,1,553.41,42.57,37.46,0.13822455092455455,0.7992399072436972,6,13,2,5,0.0,0.0,0.0,0.46153846153846156,1.0,0.15384615384615385,0.38461538461538464,credit_card,ES,EUR
PM_000446,8,0,1,1,0,1024.67,128.08375,57.405,0.13819503054454702,0.9508541880627586,4,7,1,0,0.0,0.125,0.125,0.5,0.875,0.125,0.0,credit_card,ES,EUR
PM_002555,8,0,0,0,1,1460.1,182.5125,49.84,0.13785205226397831,0.8641018207072123,3,8,2,1,0.0,0.0,0.0,0.375,1.0,0.25,0.125,wallet,DE,EUR
PM_004300,10,0,0,0,1,2224.67,222.467,166.99,0.13773611373388367,0.8858992245472829,8,10,3,0,0.0,0.0,0.0,0.8,1.0,0.3,0.0,bank_transfer,IT,EUR
PM_011516,26,3,1,1,0,3793.8,145.91538461538462,83.57499999999999,0.13771357368943088,0.9904422724644836,10,21,6,14,0.11538461538461539,0.038461538461538464,0.038461538461538464,0.38461538461538464,0.8076923076923077,0.23076923076923078,0.5384615384615384,credit_card,ES,EUR
PM_001803,23,1,0,0,2,1901.6100000000001,82.67869565217391,48.03,0.13763430433683324,0.8975956188362705,13,19,4,8,0.043478260869565216,0.0,0.0,0.5652173913043478,0.8260869565217391,0.17391304347826086,0.34782608695652173,credit_card,ES,EUR
PM_000428,3,0,0,0,0,222.57,74.19,86.79,0.13724870762426863,0.4106865551832555,1,3,1,1,0.0,0.0,0.0,0.3333333333333333,1.0,0.3333333333333333,0.3333333333333333,debit_card,PT,EUR
PM_002590,6,0,0,0,1,347.6,57.93333333333334,51.739999999999995,0.13671302519989492,0.7986036957619053,4,4,2,1,0.0,0.0,0.0,0.6666666666666666,0.6666666666666666,0.3333333333333333,0.16666666666666666,debit_card,IT,EUR
PM_000596,4,0,0,0,0,399.31,99.8275,81.38,0.13658605800992568,0.543963099809513,2,4,1,0,0.0,0.0,0.0,0.5,1.0,0.25,0.0,credit_card,ES,EUR
PM_007293,8,0,0,0,0,1720.86,215.1075,98.875,0.13655080064882766,0.6003147936934555,2,8,7,0,0.0,0.0,0.0,0.25,1.0,0.875,0.0,credit_card,PT,EUR
PM_004253,4,0,0,0,0,388.71999999999997,97.17999999999999,84.735,0.13653087967583089,0.2823628033659939,3,4,1,2,0.0,0.0,0.0,0.75,1.0,0.25,0.5,credit_card,PT,EUR
PM_003664,12,0,0,0,0,951.53,79.29416666666667,71.395,0.13651150108543866,0.5990106648271689,8,12,3,9,0.0,0.0,0.0,0.6666666666666666,1.0,0.25,0.75,wallet,FR,EUR
PM_007168,3,0,0,0,0,254.6,84.86666666666666,35.79,0.1364023462703567,0.3052994577114638,0,3,2,3,0.0,0.0,0.0,0.0,1.0,0.6666666666666666,1.0,wallet,FR,EUR
PM_009757,4,0,0,0,0,763.5600000000001,190.89000000000001,145.155,0.13633527018027136,0.4047624694257579,4,4,0,1,0.0,0.0,0.0,1.0,1.0,0.0,0.25,wallet,FR,EUR
PM_000393,11,0,0,0,1,1667.14,151.55818181818182,129.66,0.1363352101911041,0.715716341529477,8,10,3,1,0.0,0.0,0.0,0.7272727272727273,0.9090909090909091,0.2727272727272727,0.09090909090909091,credit_card,ES,EUR
PM_005300,17,1,0,0,1,1847.5,108.67647058823529,58.32,0.13631702744241597,0.7542802493510591,11,17,5,7,0.058823529411764705,0.0,0.0,0.6470588235294118,1.0,0.29411764705882354,0.4117647058823529,credit_card,US,EUR
PM_008114,9,0,0,0,1,2503.55,278.1722222222222,165.59,0.13621577944464752,0.7973605895728292,3,9,3,8,0.0,0.0,0.0,0.3333333333333333,1.0,0.3333333333333333,0.8888888888888888,wallet,ES,EUR
PM_007165,7,0,0,0,1,406.57,58.08142857142857,23.71,0.13618928478171785,0.8763923242409537,2,3,1,0,0.0,0.0,0.0,0.2857142857142857,0.42857142857142855,0.14285714285714285,0.0,wallet,ES,EUR
PM_005999,7,0,0,0,0,412.23,58.89,52.7,0.13615998505898202,0.5414381749678192,4,7,2,3,0.0,0.0,0.0,0.5714285714285714,1.0,0.2857142857142857,0.42857142857142855,debit_card,DE,EUR
PM_005973,3,0,0,0,0,295.89,98.63,67.45,0.13574862341802826,0.4053003017079628,0,3,1,0,0.0,0.0,0.0,0.0,1.0,0.3333333333333333,0.0,credit_card,GB,EUR
PM_011811,8,0,0,0,0,559.39,69.92375,22.06,0.13565825968035053,0.6090251157479663,5,8,0,3,0.0,0.0,0.0,0.625,1.0,0.0,0.375,wallet,US,EUR
PM_008946,6,0,0,0,1,389.71,64.95166666666667,35.14,0.13565665680512035,0.8078114110935011,0,1,1,0,0.0,0.0,0.0,0.0,0.16666666666666666,0.16666666666666666,0.0,credit_card,ES,EUR
PM_000385,6,0,0,0,0,436.28999999999996,72.71499999999999,57.275,0.13564761392501973,0.6500672340896934,6,6,2,3,0.0,0.0,0.0,1.0,1.0,0.3333333333333333,0.5,credit_card,US,EUR
PM_010354,4,0,0,0,0,702.35,175.5875,93.46000000000001,0.1356122573494697,0.4907508354920553,1,1,1,3,0.0,0.0,0.0,0.25,0.25,0.25,0.75,credit_card,ES,EUR
PM_008185,6,0,0,0,1,598.38,99.73,84.745,0.13538515413609786,0.7678015556001457,4,5,2,0,0.0,0.0,0.0,0.6666666666666666,0.8333333333333334,0.3333333333333333,0.0,credit_card,ES,EUR
PM_006187,9,0,0,0,1,564.65,62.73888888888889,51.11,0.13535495669266162,0.86864415229218,4,9,2,5,0.0,0.0,0.0,0.4444444444444444,1.0,0.2222222222222222,0.5555555555555556,debit_card,US,EUR
PM_007291,4,0,0,0,0,346.59,86.6475,68.205,0.13519989513255612,0.520891320099412,2,4,1,0,0.0,0.0,0.0,0.5,1.0,0.25,0.0,credit_card,US,EUR
PM_007877,8,1,1,1,0,1066.29,133.28625,67.58,0.13518370306455665,0.9563035496662508,8,8,1,0,0.125,0.125,0.125,1.0,1.0,0.125,0.0,credit_card,US,EUR
PM_006006,6,0,0,0,0,584.04,97.33999999999999,82.06,0.13515400086364304,0.6702491916273013,5,6,4,4,0.0,0.0,0.0,0.8333333333333334,1.0,0.6666666666666666,0.6666666666666666,debit_card,US,EUR
PM_000348,4,0,0,0,0,382.8,95.7,77.10499999999999,0.1348723346909123,0.5219267657141212,1,4,1,0,0.0,0.0,0.0,0.25,1.0,0.25,0.0,debit_card,US,EUR
PM_000901,15,0,0,0,1,1320.0,88.0,66.27,0.13484372562272387,0.8833932462237581,6,10,6,1,0.0,0.0,0.0,0.4,0.6666666666666666,0.4,0.06666666666666667,credit_card,ES,EUR
PM_000117,5,0,0,0,0,1252.07,250.414,160.47,0.13483077543328165,0.5908622445983251,3,5,1,0,0.0,0.0,0.0,0.6,1.0,0.2,0.0,credit_card,DE,EUR
PM_009870,9,0,1,1,0,1129.37,125.48555555555555,89.7,0.1347430786028808,0.9462232407259248,6,9,1,1,0.0,0.1111111111111111,0.1111111111111111,0.6666666666666666,1.0,0.1111111111111111,0.1111111111111111,credit_card,DE,EUR
PM_009380,7,0,1,1,0,1321.6100000000001,188.8014285714286,120.77,0.134640808246975,0.9357130491029488,3,4,2,0,0.0,0.14285714285714285,0.14285714285714285,0.42857142857142855,0.5714285714285714,0.2857142857142857,0.0,debit_card,ES,EUR
PM_008913,4,0,0,0,0,757.77,189.4425,164.785,0.13456232447054187,0.2356677863436044,2,4,1,2,0.0,0.0,0.0,0.5,1.0,0.25,0.5,wallet,PT,EUR
PM_004555,9,0,1,1,0,656.47,72.94111111111111,40.79,0.1344686198876973,0.9482140298469208,5,9,2,1,0.0,0.1111111111111111,0.1111111111111111,0.5555555555555556,1.0,0.2222222222222222,0.1111111111111111,debit_card,US,EUR
PM_005301,5,0,0,0,0,253.99,50.798,20.59,0.1343954584905383,0.5307772949081723,3,5,0,0,0.0,0.0,0.0,0.6,1.0,0.0,0.0,debit_card,GB,EUR
PM_000991,5,0,0,0,0,309.49,61.898,34.06,0.13429674799816288,0.4435848312544285,3,5,2,4,0.0,0.0,0.0,0.6,1.0,0.4,0.8,wallet,ES,EUR
PM_003629,5,0,0,0,0,1565.42,313.084,193.06,0.13427447885129107,0.6526482058241397,1,5,1,1,0.0,0.0,0.0,0.2,1.0,0.2,0.2,credit_card,PT,EUR
PM_008166,6,0,0,0,1,249.5,41.583333333333336,24.115000000000002,0.1341106981672035,0.8009748804744661,4,6,1,1,0.0,0.0,0.0,0.6666666666666666,1.0,0.16666666666666666,0.16666666666666666,credit_card,US,EUR
PM_000029,3,0,0,0,0,84.8,28.266666666666666,23.23,0.13394688996153017,0.3888471074841041,2,3,1,0,0.0,0.0,0.0,0.6666666666666666,1.0,0.3333333333333333,0.0,credit_card,PT,EUR
PM_002193,7,0,0,0,1,1108.3799999999999,158.33999999999997,115.74,0.13383811017774216,0.8925093899126217,3,6,1,1,0.0,0.0,0.0,0.42857142857142855,0.8571428571428571,0.14285714285714285,0.14285714285714285,credit_card,PT,EUR
PM_007668,4,0,0,0,0,599.49,149.8725,89.14500000000001,0.1337163210159302,0.2922341875111651,2,4,1,1,0.0,0.0,0.0,0.5,1.0,0.25,0.25,debit_card,FR,EUR
PM_008049,12,0,1,1,0,1353.31,112.77583333333332,69.35499999999999,0.13356265957029176,0.955741957431376,7,12,3,7,0.0,0.08333333333333333,0.08333333333333333,0.5833333333333334,1.0,0.25,0.5833333333333334,credit_card,US,EUR
PM_000928,3,0,0,0,0,134.5,44.833333333333336,44.79,0.13348105422531084,0.3652947586658494,2,3,0,0,0.0,0.0,0.0,0.6666666666666666,1.0,0.0,0.0,wallet,US,EUR
PM_009549,7,1,0,0,1,723.28,103.32571428571428,83.35,0.13342716421589282,0.8329121788960135,4,7,0,6,0.14285714285714285,0.0,0.0,0.5714285714285714,1.0,0.0,0.8571428571428571,credit_card,GB,EUR
PM_008581,18,0,0,0,1,3623.83,201.3238888888889,136.72500000000002,0.13325527888924615,0.8561126891144293,10,18,2,0,0.0,0.0,0.0,0.5555555555555556,1.0,0.1111111111111111,0.0,bank_transfer,FR,EUR
PM_001523,8,0,0,0,0,582.04,72.755,57.57,0.13317847598969235,0.4944248113115501,5,8,0,7,0.0,0.0,0.0,0.625,1.0,0.0,0.875,wallet,PT,EUR
PM_001500,9,1,1,1,0,722.37,80.26333333333334,25.7,0.13311978618336048,0.9721579150917962,2,2,1,0,0.1111111111111111,0.1111111111111111,0.1111111111111111,0.2222222222222222,0.2222222222222222,0.1111111111111111,0.0,debit_card,ES,EUR
PM_009773,10,0,1,1,0,2031.58,203.158,95.53,0.13303602529429406,0.9234228687910668,7,9,2,0,0.0,0.1,0.1,0.7,0.9,0.2,0.0,credit_card,ES,EUR
PM_006957,17,1,1,1,0,1699.89,99.99352941176471,46.81,0.13293756585034613,0.9267917536151954,6,17,4,12,0.058823529411764705,0.058823529411764705,0.058823529411764705,0.35294117647058826,1.0,0.23529411764705882,0.7058823529411765,bank_transfer,FR,EUR
PM_007257,3,0,0,0,0,1000.9300000000001,333.6433333333334,102.62,0.1329319483095649,0.3980699486812404,1,3,1,0,0.0,0.0,0.0,0.3333333333333333,1.0,0.3333333333333333,0.0,credit_card,PT,EUR
PM_005593,8,0,0,0,0,2304.24,288.03,360.28499999999997,0.13293122281275624,0.3281852643994736,3,3,0,7,0.0,0.0,0.0,0.375,0.375,0.0,0.875,credit_card,ES,EUR
PM_008063,3,0,0,0,0,361.23,120.41000000000001,114.91,0.13288615719894872,0.3400896489659901,1,3,1,0,0.0,0.0,0.0,0.3333333333333333,1.0,0.3333333333333333,0.0,credit_card,ES,EUR
PM_000983,10,0,0,0,1,1331.98,133.198,113.545,0.13277390051351906,0.779137007515307,8,10,4,8,0.0,0.0,0.0,0.8,1.0,0.4,0.8,credit_card,GB,EUR
PM_003130,7,0,1,1,0,312.02,44.574285714285715,36.66,0.13270597492573516,0.9116240152815802,4,7,2,1,0.0,0.14285714285714285,0.14285714285714285,0.5714285714285714,1.0,0.2857142857142857,0.14285714285714285,debit_card,US,EUR
PM_008315,6,1,0,0,1,751.3,125.21666666666665,99.005,0.1326882246830614,0.7566143982737968,2,6,1,3,0.16666666666666666,0.0,0.0,0.3333333333333333,1.0,0.16666666666666666,0.5,debit_card,US,EUR
PM_011674,28,2,1,1,1,5904.59,210.87821428571428,149.685,0.13261680474063336,0.996865017247868,12,28,9,8,0.07142857142857142,0.03571428571428571,0.03571428571428571,0.42857142857142855,1.0,0.32142857142857145,0.2857142857142857,credit_card,US,EUR
PM_005187,13,0,0,0,1,2715.31,208.87,165.72,0.13254026947958145,0.718105997696663,6,11,4,5,0.0,0.0,0.0,0.46153846153846156,0.8461538461538461,0.3076923076923077,0.38461538461538464,credit_card,FR,EUR
PM_002481,3,0,0,0,0,125.33,41.776666666666664,27.94,0.13250775620166172,0.3219321284947604,2,3,0,3,0.0,0.0,0.0,0.6666666666666666,1.0,0.0,1.0,credit_card,GB,EUR
PM_006741,12,0,0,0,1,1869.84,155.82,110.245,0.13250578066489607,0.7053521471441767,6,12,2,11,0.0,0.0,0.0,0.5,1.0,0.16666666666666666,0.9166666666666666,credit_card,PT,EUR
PM_000121,7,0,0,0,1,652.82,93.26,48.27,0.13235649821640708,0.7601758636775547,4,7,1,0,0.0,0.0,0.0,0.5714285714285714,1.0,0.14285714285714285,0.0,debit_card,ES,EUR
PM_006362,7,0,0,0,1,762.69,108.9557142857143,58.06,0.13207755694488427,0.757777432629301,4,6,3,1,0.0,0.0,0.0,0.5714285714285714,0.8571428571428571,0.42857142857142855,0.14285714285714285,debit_card,ES,EUR
PM_004357,6,0,0,0,0,1474.06,245.67666666666665,255.295,0.13201751917868385,0.6558890499427097,3,5,0,0,0.0,0.0,0.0,0.5,0.8333333333333334,0.0,0.0,debit_card,ES,EUR
PM_001924,3,0,0,0,0,477.09000000000003,159.03,142.22,0.13170917645317545,0.3926809185970974,1,3,1,0,0.0,0.0,0.0,0.3333333333333333,1.0,0.3333333333333333,0.0,debit_card,DE,EUR
PM_002287,6,0,0,0,0,1538.55,256.425,228.945,0.1315887631379974,0.3536524564330125,5,6,1,0,0.0,0.0,0.0,0.8333333333333334,1.0,0.16666666666666666,0.0,wallet,ES,EUR
PM_004873,9,0,0,0,0,1133.05,125.89444444444445,114.63,0.13156177213036926,0.5189124823829716,7,9,2,7,0.0,0.0,0.0,0.7777777777777778,1.0,0.2222222222222222,0.7777777777777778,bank_transfer,GB,EUR
PM_005083,7,0,0,0,0,613.9200000000001,87.70285714285716,53.18,0.13138312494169493,0.6506868403423195,6,7,2,5,0.0,0.0,0.0,0.8571428571428571,1.0,0.2857142857142857,0.7142857142857143,credit_card,DE,EUR
PM_009002,7,1,0,0,1,1011.57,144.51000000000002,76.86,0.13127077586041877,0.7319614657444216,4,7,1,2,0.14285714285714285,0.0,0.0,0.5714285714285714,1.0,0.14285714285714285,0.2857142857142857,credit_card,ES,EUR
PM_003197,4,0,0,0,0,415.79999999999995,103.94999999999999,72.435,0.13125870040328436,0.4661170337724303,1,3,2,0,0.0,0.0,0.0,0.25,0.75,0.5,0.0,wallet,ES,EUR
PM_005494,16,0,0,0,2,1006.37,62.898125,46.69,0.13118753595695878,0.8445313731386528,6,16,6,1,0.0,0.0,0.0,0.375,1.0,0.375,0.0625,credit_card,US,EUR
PM_010579,13,1,1,1,0,1113.32,85.64,59.12,0.1311470117644782,0.9786797296545438,7,13,3,7,0.07692307692307693,0.07692307692307693,0.07692307692307693,0.5384615384615384,1.0,0.23076923076923078,0.5384615384615384,debit_card,PT,EUR
PM_000218,5,0,0,0,0,318.43,63.686,61.91,0.1308471570858199,0.6187165920862406,1,5,0,0,0.0,0.0,0.0,0.2,1.0,0.0,0.0,credit_card,PT,EUR
PM_010272,8,1,1,1,0,454.03000000000003,56.753750000000004,43.120000000000005,0.13078881019283303,0.9154008325041936,7,8,4,0,0.125,0.125,0.125,0.875,1.0,0.5,0.0,credit_card,ES,EUR
PM_007721,6,0,0,0,1,353.2,58.86666666666667,30.375,0.13077999731889864,0.7681717259387328,0,3,3,0,0.0,0.0,0.0,0.0,0.5,0.5,0.0,debit_card,ES,EUR
PM_001716,6,0,0,0,0,763.12,127.18666666666667,135.095,0.13073913273879992,0.4329160205732349,4,6,1,6,0.0,0.0,0.0,0.6666666666666666,1.0,0.16666666666666666,1.0,credit_card,ES,EUR
PM_004600,7,0,1,1,0,460.46999999999997,65.78142857142856,42.48,0.1306592919815136,0.9013172583502006,4,7,1,0,0.0,0.14285714285714285,0.14285714285714285,0.5714285714285714,1.0,0.14285714285714285,0.0,debit_card,FR,EUR
PM_002991,15,0,1,1,1,1746.71,116.44733333333333,121.44,0.13046603778886615,0.9534555446579656,12,15,5,4,0.0,0.06666666666666667,0.06666666666666667,0.8,1.0,0.3333333333333333,0.26666666666666666,credit_card,DE,EUR
PM_001075,8,0,0,0,1,660.08,82.51,56.85,0.13045865041920054,0.855764482317448,5,6,1,2,0.0,0.0,0.0,0.625,0.75,0.125,0.25,credit_card,ES,EUR
PM_001229,8,1,0,0,1,1289.35,161.16875,166.72,0.13036288395570064,0.8205824093648192,6,8,2,5,0.125,0.0,0.0,0.75,1.0,0.25,0.625,credit_card,FR,EUR
PM_004250,12,1,0,0,1,1006.72,83.89333333333333,30.025,0.13028524997883092,0.7575287357755124,5,5,1,1,0.08333333333333333,0.0,0.0,0.4166666666666667,0.4166666666666667,0.08333333333333333,0.08333333333333333,credit_card,ES,EUR
PM_010799,13,0,0,0,1,3097.66,238.28153846153845,48.02,0.13026605401247318,0.8315030297960453,8,13,2,2,0.0,0.0,0.0,0.6153846153846154,1.0,0.15384615384615385,0.15384615384615385,credit_card,PT,EUR
PM_007563,5,0,0,0,0,150.33,30.066000000000003,24.76,0.13025927472608598,0.5581086896375712,5,5,1,4,0.0,0.0,0.0,1.0,1.0,0.2,0.8,debit_card,GB,EUR
PM_006383,9,1,1,1,0,2020.04,224.4488888888889,121.61,0.13015058115490763,0.9978738506406152,5,5,2,2,0.1111111111111111,0.1111111111111111,0.1111111111111111,0.5555555555555556,0.5555555555555556,0.2222222222222222,0.2222222222222222,credit_card,ES,EUR
PM_008893,8,0,0,0,1,650.98,81.3725,52.54,0.13011885126860182,0.8198109466736989,5,8,3,2,0.0,0.0,0.0,0.625,1.0,0.375,0.25,debit_card,ES,EUR
PM_007172,14,1,0,0,0,1721.46,122.96142857142857,103.295,0.1299919038135998,0.6962964479744183,4,14,1,5,0.07142857142857142,0.0,0.0,0.2857142857142857,1.0,0.07142857142857142,0.35714285714285715,credit_card,FR,EUR
PM_004104,8,0,1,1,0,356.49,44.56125,26.674999999999997,0.12985960516094822,0.9405390234210532,2,2,1,4,0.0,0.125,0.125,0.25,0.25,0.125,0.5,debit_card,ES,EUR
PM_000805,5,0,0,0,0,211.17000000000002,42.234,29.79,0.1298326778513525,0.3107538189659192,3,5,1,4,0.0,0.0,0.0,0.6,1.0,0.2,0.8,wallet,PT,EUR
PM_011697,12,0,1,1,0,1490.6000000000001,124.21666666666668,99.85499999999999,0.1296948017671255,0.9271973135659816,7,12,2,0,0.0,0.08333333333333333,0.08333333333333333,0.5833333333333334,1.0,0.16666666666666666,0.0,bank_transfer,GB,EUR
PM_007228,3,0,0,0,0,773.3299999999999,257.77666666666664,133.15,0.12968646843146772,0.3880817549887854,1,3,1,0,0.0,0.0,0.0,0.3333333333333333,1.0,0.3333333333333333,0.0,bank_transfer,US,EUR
PM_004791,3,0,0,0,0,355.57,118.52333333333333,119.26,0.12964962308410166,0.3870181321427878,1,1,0,0,0.0,0.0,0.0,0.3333333333333333,0.3333333333333333,0.0,0.0,wallet,ES,EUR
PM_006328,5,0,0,0,0,399.9,79.97999999999999,32.33,0.1296117732270517,0.332483465406784,3,5,1,0,0.0,0.0,0.0,0.6,1.0,0.2,0.0,credit_card,PT,EUR
PM_008240,9,0,0,0,1,740.38,82.26444444444445,64.29,0.12955490295867375,0.8451541915242522,1,9,2,5,0.0,0.0,0.0,0.1111111111111111,1.0,0.2222222222222222,0.5555555555555556,credit_card,PT,EUR
PM_008633,4,0,0,0,0,572.76,143.19,129.13,0.12955430973478665,0.4767611922046206,2,4,1,2,0.0,0.0,0.0,0.5,1.0,0.25,0.5,credit_card,GB,EUR
PM_009579,9,0,1,1,0,558.63,62.07,58.73,0.1295192813562357,0.9471320559611726,4,9,4,3,0.0,0.1111111111111111,0.1111111111111111,0.4444444444444444,1.0,0.4444444444444444,0.3333333333333333,debit_card,US,EUR
PM_007071,7,0,0,0,1,797.23,113.89,72.31,0.12946958536141476,0.8034369286336808,5,7,1,4,0.0,0.0,0.0,0.7142857142857143,1.0,0.14285714285714285,0.5714285714285714,credit_card,ES,EUR
PM_008512,7,0,0,0,0,554.01,79.14428571428572,63.58,0.12945791315751692,0.5099022995651763,4,7,1,0,0.0,0.0,0.0,0.5714285714285714,1.0,0.14285714285714285,0.0,debit_card,FR,EUR
PM_009594,7,0,0,0,1,995.59,142.22714285714287,110.14,0.12940151588806145,0.8429403731560157,6,7,1,0,0.0,0.0,0.0,0.8571428571428571,1.0,0.14285714285714285,0.0,credit_card,DE,EUR
PM_000693,11,0,0,0,0,880.99,80.09,63.79,0.12934850651285582,0.5421971960653925,7,11,3,11,0.0,0.0,0.0,0.6363636363636364,1.0,0.2727272727272727,1.0,credit_card,US,EUR
PM_002681,8,1,0,0,0,1287.61,160.95125,160.10999999999999,0.12933613956256715,0.4112591023487761,4,6,1,1,0.125,0.0,0.0,0.5,0.75,0.125,0.125,debit_card,ES,EUR
PM_000493,5,1,0,0,0,228.64,45.727999999999994,37.91,0.12913070523527356,0.6306005857835044,2,3,1,0,0.2,0.0,0.0,0.4,0.6,0.2,0.0,debit_card,ES,EUR
PM_010492,7,0,0,0,1,1579.09,225.5842857142857,71.19,0.129040764770297,0.8813214165932441,2,7,1,1,0.0,0.0,0.0,0.2857142857142857,1.0,0.14285714285714285,0.14285714285714285,wallet,DE,EUR
PM_011749,8,0,0,0,1,494.8,61.85,60.379999999999995,0.12898141604458283,0.891966125763688,4,8,3,1,0.0,0.0,0.0,0.5,1.0,0.375,0.125,credit_card,US,EUR
PM_001213,4,0,0,0,0,157.7,39.425,38.945,0.12894490538085174,0.2937647671075653,2,4,2,2,0.0,0.0,0.0,0.5,1.0,0.5,0.5,wallet,ES,EUR
PM_002441,6,1,0,0,1,455.5,75.91666666666667,71.34,0.12889679064951146,0.7307649375576548,4,6,0,2,0.16666666666666666,0.0,0.0,0.6666666666666666,1.0,0.0,0.3333333333333333,debit_card,DE,EUR
PM_006767,24,1,1,1,1,3897.44,162.39333333333335,97.82,0.1288157201852216,0.9382898890197334,20,24,8,7,0.041666666666666664,0.041666666666666664,0.041666666666666664,0.8333333333333334,1.0,0.3333333333333333,0.2916666666666667,wallet,US,EUR
PM_001910,7,0,0,0,1,557.9,79.7,86.74,0.1288002676680947,0.8475128963295587,3,6,1,0,0.0,0.0,0.0,0.42857142857142855,0.8571428571428571,0.14285714285714285,0.0,credit_card,ES,EUR
PM_004216,4,0,0,0,0,538.91,134.7275,78.005,0.1286330645677099,0.5067355589304353,1,4,1,0,0.0,0.0,0.0,0.25,1.0,0.25,0.0,credit_card,IT,EUR
PM_001202,7,1,0,0,1,799.34,114.19142857142857,121.06,0.1284264518911013,0.8731854529087105,2,7,1,2,0.14285714285714285,0.0,0.0,0.2857142857142857,1.0,0.14285714285714285,0.2857142857142857,credit_card,PT,EUR
PM_002347,8,1,0,0,1,871.19,108.89875,97.36500000000001,0.1282929107296218,0.7573337276747046,4,8,1,7,0.125,0.0,0.0,0.5,1.0,0.125,0.875,debit_card,FR,EUR
PM_004837,7,0,0,0,1,1151.72,164.53142857142856,153.2,0.12827936588595373,0.8854030630175219,3,7,1,0,0.0,0.0,0.0,0.42857142857142855,1.0,0.14285714285714285,0.0,debit_card,US,EUR
PM_001814,7,0,0,0,1,680.09,97.1557142857143,107.74,0.12823472558087676,0.7063016492114442,4,7,2,4,0.0,0.0,0.0,0.5714285714285714,1.0,0.2857142857142857,0.5714285714285714,credit_card,FR,EUR
PM_006436,11,0,0,0,1,750.25,68.20454545454545,65.17,0.12817783666759935,0.7709770359576563,6,11,3,1,0.0,0.0,0.0,0.5454545454545454,1.0,0.2727272727272727,0.09090909090909091,wallet,ES,EUR
PM_000191,12,0,0,0,1,1026.23,85.51916666666666,78.485,0.12806858121005862,0.7072071812922525,5,9,5,4,0.0,0.0,0.0,0.4166666666666667,0.75,0.4166666666666667,0.3333333333333333,wallet,ES,EUR
PM_005367,8,0,0,0,1,759.0899999999999,94.88624999999999,62.95,0.12805237790094826,0.8890384021081476,4,8,2,5,0.0,0.0,0.0,0.5,1.0,0.25,0.625,credit_card,PT,EUR
PM_010822,8,1,1,1,0,888.02,111.0025,99.65,0.1280306114346365,0.9964548261276716,7,8,1,7,0.125,0.125,0.125,0.875,1.0,0.125,0.875,wallet,US,EUR
PM_002364,7,1,0,0,1,570.12,81.44571428571429,72.09,0.12801279900979284,0.8735503637810216,1,3,1,6,0.14285714285714285,0.0,0.0,0.14285714285714285,0.42857142857142855,0.14285714285714285,0.8571428571428571,credit_card,ES,EUR
PM_000992,4,0,0,0,0,764.05,191.0125,169.155,0.12784349247272417,0.4802772740091066,1,1,1,4,0.0,0.0,0.0,0.25,0.25,0.25,1.0,debit_card,ES,EUR
PM_000267,4,0,0,0,0,185.49,46.3725,51.195,0.1277411018166867,0.5099914935714367,0,4,1,3,0.0,0.0,0.0,0.0,1.0,0.25,0.75,wallet,US,EUR
PM_004175,7,0,0,0,1,1005.22,143.60285714285715,84.79,0.12759344601629388,0.8637536987296613,4,7,1,2,0.0,0.0,0.0,0.5714285714285714,1.0,0.14285714285714285,0.2857142857142857,debit_card,US,EUR
PM_008479,7,0,0,0,0,1537.6399999999999,219.66285714285712,193.34,0.12742293710023178,0.589915705978673,5,7,2,4,0.0,0.0,0.0,0.7142857142857143,1.0,0.2857142857142857,0.5714285714285714,bank_transfer,US,EUR
PM_000861,5,1,0,0,0,503.96,100.792,74.29,0.12739575906180406,0.6319036315314996,2,5,3,0,0.2,0.0,0.0,0.4,1.0,0.6,0.0,bank_transfer,GB,EUR
PM_005015,6,0,0,0,0,446.49,74.415,53.32,0.12726505106935274,0.5644975332444033,2,6,2,3,0.0,0.0,0.0,0.3333333333333333,1.0,0.3333333333333333,0.5,debit_card,FR,EUR
PM_011112,5,0,0,0,0,181.91,36.382,44.4,0.1271980305324861,0.6191188227912212,4,5,2,0,0.0,0.0,0.0,0.8,1.0,0.4,0.0,wallet,IT,EUR
PM_005611,9,0,0,0,1,770.63,85.62555555555555,88.46,0.1271642611500206,0.749417225719028,7,8,2,9,0.0,0.0,0.0,0.7777777777777778,0.8888888888888888,0.2222222222222222,1.0,credit_card,ES,EUR
PM_008265,15,1,0,0,2,1147.67,76.51133333333334,44.15,0.12709259758720157,0.8956481795914227,9,15,3,6,0.06666666666666667,0.0,0.0,0.6,1.0,0.2,0.4,credit_card,DE,EUR
PM_009949,3,1,0,0,0,161.0,53.666666666666664,54.12,0.1270501763320138,0.3807850347740327,2,2,0,0,0.3333333333333333,0.0,0.0,0.6666666666666666,0.6666666666666666,0.0,0.0,credit_card,IT,EUR
PM_006632,3,0,0,0,0,230.75,76.91666666666667,74.06,0.12694234134428808,0.3701041234856124,3,3,0,3,0.0,0.0,0.0,1.0,1.0,0.0,1.0,credit_card,GB,EUR
PM_010398,15,0,0,0,1,2368.5299999999997,157.902,117.89,0.12692837913118465,0.8783108836351258,15,15,2,2,0.0,0.0,0.0,1.0,1.0,0.13333333333333333,0.13333333333333333,credit_card,FR,EUR
PM_004801,7,0,0,0,1,2105.94,300.84857142857146,114.89,0.12672350973330931,0.8050571707847776,4,7,0,0,0.0,0.0,0.0,0.5714285714285714,1.0,0.0,0.0,credit_card,US,EUR
PM_001823,6,0,0,0,0,663.39,110.565,109.49,0.1266268076263044,0.4483195035210008,1,6,2,0,0.0,0.0,0.0,0.16666666666666666,1.0,0.3333333333333333,0.0,debit_card,US,EUR
PM_009822,9,0,0,0,1,852.04,94.6711111111111,59.79,0.126595535550461,0.725541602790836,6,9,2,0,0.0,0.0,0.0,0.6666666666666666,1.0,0.2222222222222222,0.0,debit_card,ES,EUR
PM_010311,17,0,0,0,2,1418.48,83.44,42.24,0.12635112296623854,0.8417649344400917,6,16,6,9,0.0,0.0,0.0,0.35294117647058826,0.9411764705882353,0.35294117647058826,0.5294117647058824,wallet,PT,EUR
PM_002714,7,0,0,0,1,752.26,107.46571428571428,59.96,0.1262977962642216,0.8264947007636274,2,7,1,0,0.0,0.0,0.0,0.2857142857142857,1.0,0.14285714285714285,0.0,credit_card,ES,EUR
PM_004280,14,1,1,1,0,2666.83,190.48785714285714,185.63,0.12624909813770424,0.9037003825423756,4,14,3,6,0.07142857142857142,0.07142857142857142,0.07142857142857142,0.2857142857142857,1.0,0.21428571428571427,0.42857142857142855,bank_transfer,GB,EUR
PM_005270,19,0,0,0,1,1375.4,72.38947368421053,46.05,0.12621767738225542,0.8728860643388312,9,15,2,1,0.0,0.0,0.0,0.47368421052631576,0.7894736842105263,0.10526315789473684,0.05263157894736842,credit_card,FR,EUR
PM_008982,13,0,1,1,0,1841.15,141.62692307692308,101.44,0.12610376054785785,0.9248583774477984,5,13,1,7,0.0,0.07692307692307693,0.07692307692307693,0.38461538461538464,1.0,0.07692307692307693,0.5384615384615384,credit_card,DE,EUR
PM_001390,15,1,1,1,0,1263.71,84.24733333333333,45.71,0.12608670353733042,0.9868037676863596,8,10,3,0,0.06666666666666667,0.06666666666666667,0.06666666666666667,0.5333333333333333,0.6666666666666666,0.2,0.0,debit_card,ES,EUR
PM_009583,3,0,0,0,0,244.54,81.51333333333334,80.95,0.12602056776064915,0.3674555050081231,2,3,1,0,0.0,0.0,0.0,0.6666666666666666,1.0,0.3333333333333333,0.0,credit_card,IT,EUR
PM_005889,8,0,1,1,0,1357.1599999999999,169.64499999999998,127.725,0.12590259381659366,0.9069058637910498,3,8,3,0,0.0,0.125,0.125,0.375,1.0,0.375,0.0,credit_card,ES,EUR
PM_006900,5,0,0,0,0,522.25,104.45,43.9,0.1258575389902932,0.4232510266045931,1,4,3,0,0.0,0.0,0.0,0.2,0.8,0.6,0.0,debit_card,ES,EUR
PM_005243,6,0,0,0,1,274.78,45.79666666666666,37.504999999999995,0.12581072076004138,0.7356021797998461,1,2,1,0,0.0,0.0,0.0,0.16666666666666666,0.3333333333333333,0.16666666666666666,0.0,debit_card,ES,EUR
PM_009896,4,0,0,0,0,817.3199999999999,204.32999999999998,85.455,0.12548562644542008,0.4841161914560681,4,4,1,0,0.0,0.0,0.0,1.0,1.0,0.25,0.0,wallet,US,EUR
PM_008463,6,0,0,0,0,493.23,82.205,63.93,0.12513867481897126,0.5763499764248184,3,6,1,0,0.0,0.0,0.0,0.5,1.0,0.16666666666666666,0.0,credit_card,GB,EUR
PM_008847,3,0,0,0,0,306.4,102.13333333333333,84.05,0.12496913330616853,0.3631083533513057,2,3,0,2,0.0,0.0,0.0,0.6666666666666666,1.0,0.0,0.6666666666666666,wallet,IT,EUR
PM_009139,13,1,1,1,0,1718.72,132.20923076923077,106.18,0.12496177791062105,0.9345839361305892,7,13,1,3,0.07692307692307693,0.07692307692307693,0.07692307692307693,0.5384615384615384,1.0,0.07692307692307693,0.23076923076923078,credit_card,ES,EUR
PM_009164,7,1,0,0,1,704.5,100.64285714285714,41.87,0.12494365912269519,0.8381032138172335,5,7,1,1,0.14285714285714285,0.0,0.0,0.7142857142857143,1.0,0.14285714285714285,0.14285714285714285,credit_card,PT,EUR
PM_010186,13,0,0,0,0,1204.32,92.64,75.73,0.12474945116830521,0.5790166314066705,10,13,5,1,0.0,0.0,0.0,0.7692307692307693,1.0,0.38461538461538464,0.07692307692307693,wallet,GB,EUR
PM_010517,11,0,0,0,0,1940.34,176.39454545454544,102.95,0.12472125769611608,0.6282640815890507,7,10,2,0,0.0,0.0,0.0,0.6363636363636364,0.9090909090909091,0.18181818181818182,0.0,credit_card,ES,EUR
PM_006279,13,0,1,1,0,1353.68,104.12923076923077,41.35,0.12472064515304061,0.9426819536568036,9,13,4,2,0.0,0.07692307692307693,0.07692307692307693,0.6923076923076923,1.0,0.3076923076923077,0.15384615384615385,wallet,IT,EUR
PM_010088,5,0,0,0,0,813.89,162.778,109.78,0.12467417500925626,0.560532334000508,1,5,1,2,0.0,0.0,0.0,0.2,1.0,0.2,0.4,debit_card,DE,EUR
PM_005911,12,0,0,0,1,2045.1200000000001,170.42666666666668,109.19,0.12459016129064394,0.8592022961347893,8,12,3,0,0.0,0.0,0.0,0.6666666666666666,1.0,0.25,0.0,credit_card,US,EUR
PM_006445,12,0,0,0,1,3094.35,257.8625,189.49,0.1244063893873014,0.8222434582597645,7,12,5,0,0.0,0.0,0.0,0.5833333333333334,1.0,0.4166666666666667,0.0,credit_card,GB,EUR
PM_008797,6,0,0,0,1,762.97,127.16166666666668,111.52000000000001,0.1243224147740487,0.7087381547917111,3,6,2,4,0.0,0.0,0.0,0.5,1.0,0.3333333333333333,0.6666666666666666,credit_card,DE,EUR
PM_001168,21,1,2,2,0,3004.72,143.08190476190475,71.32,0.12420931242613883,0.918016681439507,13,21,4,7,0.047619047619047616,0.09523809523809523,0.09523809523809523,0.6190476190476191,1.0,0.19047619047619047,0.3333333333333333,credit_card,GB,EUR
PM_009894,10,1,0,0,1,2074.08,207.408,124.745,0.12418642444715296,0.8111061792047881,5,10,1,3,0.1,0.0,0.0,0.5,1.0,0.1,0.3,credit_card,ES,EUR
PM_003070,4,0,0,0,0,622.6,155.65,140.635,0.12391434657584409,0.4935256505582112,0,3,0,1,0.0,0.0,0.0,0.0,0.75,0.0,0.25,debit_card,DE,EUR
PM_007983,7,0,0,0,1,300.34000000000003,42.90571428571429,27.24,0.12385551514997581,0.812769835861944,1,2,1,0,0.0,0.0,0.0,0.14285714285714285,0.2857142857142857,0.14285714285714285,0.0,bank_transfer,ES,EUR
PM_005984,6,0,0,0,1,1086.4,181.0666666666667,100.785,0.12381605827776622,0.7121373308172907,2,6,2,6,0.0,0.0,0.0,0.3333333333333333,1.0,0.3333333333333333,1.0,bank_transfer,US,EUR
PM_009788,5,0,0,0,0,506.83,101.366,75.02,0.12368479139954398,0.48628362676779,4,5,2,0,0.0,0.0,0.0,0.8,1.0,0.4,0.0,debit_card,ES,EUR
PM_004818,13,0,1,1,0,2117.7,162.89999999999998,121.95,0.12352939542527312,0.93845175460614,9,13,2,3,0.0,0.07692307692307693,0.07692307692307693,0.6923076923076923,1.0,0.15384615384615385,0.23076923076923078,credit_card,ES,EUR
PM_010144,3,0,0,0,0,934.87,311.62333333333333,300.77,0.12320449960116087,0.3406506761557408,0,1,1,0,0.0,0.0,0.0,0.0,0.3333333333333333,0.3333333333333333,0.0,credit_card,ES,EUR
PM_006199,7,0,0,0,1,982.31,140.32999999999998,90.24,0.1231748796980685,0.8344323476881799,6,7,2,0,0.0,0.0,0.0,0.8571428571428571,1.0,0.2857142857142857,0.0,credit_card,ES,EUR
PM_010243,10,0,0,0,0,1859.91,185.991,119.125,0.1231150736198791,0.5195649286620532,6,10,2,6,0.0,0.0,0.0,0.6,1.0,0.2,0.6,credit_card,FR,EUR
PM_000619,8,1,1,1,0,344.49,43.06125,37.84,0.12309840035648843,0.9314336283596087,1,2,1,4,0.125,0.125,0.125,0.125,0.25,0.125,0.5,debit_card,ES,EUR
PM_003020,3,0,0,0,0,76.81,25.603333333333335,24.82,0.12302630492484591,0.3486895311305174,3,3,3,0,0.0,0.0,0.0,1.0,1.0,1.0,0.0,wallet,PT,EUR
PM_010505,6,0,0,0,0,1067.7,177.95000000000002,112.36,0.12288723681009682,0.6438267856025044,1,6,1,0,0.0,0.0,0.0,0.16666666666666666,1.0,0.16666666666666666,0.0,wallet,PT,EUR
PM_009606,8,0,0,0,1,1239.52,154.94,146.05,0.12285407315271225,0.893622261335479,3,5,2,6,0.0,0.0,0.0,0.375,0.625,0.25,0.75,bank_transfer,ES,EUR
PM_007865,6,0,0,0,0,320.07,53.345,29.335,0.12251796232366874,0.5021568393754098,2,6,2,0,0.0,0.0,0.0,0.3333333333333333,1.0,0.3333333333333333,0.0,debit_card,GB,EUR
PM_007868,9,0,1,1,0,478.22,53.135555555555555,40.29,0.12239474076468755,0.9351025252385056,5,9,2,5,0.0,0.1111111111111111,0.1111111111111111,0.5555555555555556,1.0,0.2222222222222222,0.5555555555555556,debit_card,GB,EUR
PM_000937,4,0,0,0,0,339.27,84.8175,79.025,0.12230274458659239,0.4822148874966843,1,1,1,0,0.0,0.0,0.0,0.25,0.25,0.25,0.0,credit_card,ES,EUR
PM_004721,12,0,0,0,1,1175.46,97.955,44.065,0.12220098700447542,0.8906946477175947,5,11,3,1,0.0,0.0,0.0,0.4166666666666667,0.9166666666666666,0.25,0.08333333333333333,credit_card,ES,EUR
PM_001299,10,0,0,0,0,1414.17,141.417,97.75,0.12219967372982324,0.4872319696823681,0,10,2,0,0.0,0.0,0.0,0.0,1.0,0.2,0.0,wallet,FR,EUR
PM_002645,6,0,0,0,1,247.15,41.19166666666667,50.455,0.12218524966710359,0.7082778106969665,6,6,1,0,0.0,0.0,0.0,1.0,1.0,0.16666666666666666,0.0,wallet,ES,EUR
PM_006947,22,1,1,1,2,3176.64,144.39272727272726,108.245,0.12212427526057429,0.9514665792864712,13,22,4,0,0.045454545454545456,0.045454545454545456,0.045454545454545456,0.5909090909090909,1.0,0.18181818181818182,0.0,credit_card,GB,EUR
PM_002210,8,0,0,0,1,440.76,55.095,35.135,0.12210018533859601,0.8670966029861235,4,8,2,7,0.0,0.0,0.0,0.5,1.0,0.25,0.875,credit_card,FR,EUR
PM_009542,9,1,1,1,0,1061.5600000000002,117.95111111111113,102.19,0.12198696217406477,0.9599113000906648,4,9,2,0,0.1111111111111111,0.1111111111111111,0.1111111111111111,0.4444444444444444,1.0,0.2222222222222222,0.0,credit_card,US,EUR
PM_004181,7,0,0,0,0,1407.33,201.04714285714286,223.18,0.12186648097089457,0.546309878371716,4,7,1,5,0.0,0.0,0.0,0.5714285714285714,1.0,0.14285714285714285,0.7142857142857143,bank_transfer,US,EUR
PM_004640,9,0,0,0,1,1686.86,187.42888888888888,75.91,0.1217499868602724,0.7235840867493714,5,9,2,4,0.0,0.0,0.0,0.5555555555555556,1.0,0.2222222222222222,0.4444444444444444,debit_card,US,EUR
PM_008532,11,0,0,0,1,832.87,75.71545454545455,73.32,0.12163133036158781,0.7790993606227001,5,11,3,5,0.0,0.0,0.0,0.45454545454545453,1.0,0.2727272727272727,0.45454545454545453,wallet,US,EUR
PM_010417,8,1,0,0,0,209.79,26.22375,22.025,0.12162276851339963,0.6999740852335573,6,8,0,0,0.125,0.0,0.0,0.75,1.0,0.0,0.0,debit_card,GB,EUR
PM_002822,6,0,0,0,0,425.83,70.97166666666666,48.55,0.12148267660387076,0.5276167235863553,1,6,2,1,0.0,0.0,0.0,0.16666666666666666,1.0,0.3333333333333333,0.16666666666666666,debit_card,IT,EUR
PM_010465,3,0,0,0,0,206.89,68.96333333333332,75.67,0.12113595279048339,0.3607099702927839,1,2,1,2,0.0,0.0,0.0,0.3333333333333333,0.6666666666666666,0.3333333333333333,0.6666666666666666,credit_card,ES,EUR
PM_007288,9,0,0,0,1,1472.18,163.57555555555555,143.45,0.12101709644953311,0.7564209304073123,5,9,4,0,0.0,0.0,0.0,0.5555555555555556,1.0,0.4444444444444444,0.0,credit_card,US,EUR
PM_002769,10,1,1,1,0,1505.95,150.595,73.995,0.1210163560862394,0.9905292589584964,3,10,3,0,0.1,0.1,0.1,0.3,1.0,0.3,0.0,credit_card,FR,EUR
PM_004980,11,1,1,1,0,913.52,83.04727272727273,50.52,0.12097680558798724,0.9736824517995434,6,11,3,5,0.09090909090909091,0.09090909090909091,0.09090909090909091,0.5454545454545454,1.0,0.2727272727272727,0.45454545454545453,credit_card,DE,EUR
PM_000465,13,1,0,0,1,2431.12,187.00923076923075,84.74,0.12087976391276169,0.8926474360492838,8,13,2,3,0.07692307692307693,0.0,0.0,0.6153846153846154,1.0,0.15384615384615385,0.23076923076923078,debit_card,US,EUR
PM_005468,5,0,0,0,0,1077.15,215.43,110.9,0.12087296564634913,0.4188497169634652,2,5,1,0,0.0,0.0,0.0,0.4,1.0,0.2,0.0,credit_card,IT,EUR
PM_007299,4,0,0,0,0,222.08,55.52,32.945,0.12073602688629524,0.4815830600219393,1,2,1,3,0.0,0.0,0.0,0.25,0.5,0.25,0.75,debit_card,FR,EUR
PM_010244,6,0,0,0,0,736.0600000000001,122.67666666666668,70.005,0.1206308113177353,0.284140112736062,4,6,1,6,0.0,0.0,0.0,0.6666666666666666,1.0,0.16666666666666666,1.0,wallet,PT,EUR
PM_001598,6,0,0,0,0,497.93,82.98833333333333,68.445,0.12061393079031245,0.6458157709739821,2,6,2,0,0.0,0.0,0.0,0.3333333333333333,1.0,0.3333333333333333,0.0,bank_transfer,FR,EUR
PM_005802,15,0,0,0,1,2262.58,150.83866666666665,89.73,0.12045483083294593,0.7839651254430953,12,14,3,0,0.0,0.0,0.0,0.8,0.9333333333333333,0.2,0.0,credit_card,ES,EUR
PM_002988,8,0,1,1,0,1584.54,198.0675,115.17,0.12044198148190847,0.9341739491204925,7,8,1,0,0.0,0.125,0.125,0.875,1.0,0.125,0.0,debit_card,DE,EUR
PM_011235,4,0,0,0,0,413.45,103.3625,66.955,0.12038705014080898,0.4713346035615331,3,4,1,4,0.0,0.0,0.0,0.75,1.0,0.25,1.0,debit_card,ES,EUR
PM_003807,7,0,0,0,0,646.5600000000001,92.36571428571429,61.24,0.12036059102313,0.4752824857620588,2,7,1,7,0.0,0.0,0.0,0.2857142857142857,1.0,0.14285714285714285,1.0,credit_card,DE,EUR
PM_010961,8,0,0,0,1,1723.36,215.42,172.28,0.12027810193269471,0.8916156039081683,2,8,3,0,0.0,0.0,0.0,0.25,1.0,0.375,0.0,credit_card,US,EUR
PM_011124,8,1,0,0,1,727.63,90.95375,65.42,0.12007662361696263,0.8360600579107833,5,6,2,3,0.125,0.0,0.0,0.625,0.75,0.25,0.375,wallet,FR,EUR
PM_004200,4,0,0,0,0,265.77,66.4425,27.045,0.12003487347954317,0.4279028472820823,1,4,2,1,0.0,0.0,0.0,0.25,1.0,0.5,0.25,credit_card,PT,EUR
PM_010575,20,1,2,2,0,2221.26,111.06300000000002,82.48,0.11996699815441395,0.9764186625463932,14,20,5,7,0.05,0.1,0.1,0.7,1.0,0.25,0.35,credit_card,IT,EUR
PM_009187,15,1,0,0,2,3092.77,206.18466666666666,105.4,0.11992537982865731,0.885632245330265,6,15,2,7,0.06666666666666667,0.0,0.0,0.4,1.0,0.13333333333333333,0.4666666666666667,credit_card,FR,EUR
PM_008715,6,0,0,0,0,998.12,166.35333333333332,167.4,0.11989553461034136,0.4879221183947189,1,6,0,1,0.0,0.0,0.0,0.16666666666666666,1.0,0.0,0.16666666666666666,debit_card,GB,EUR
PM_003464,5,0,0,0,0,578.0600000000001,115.61200000000001,89.53,0.11977491456806617,0.5888530035015659,2,4,2,1,0.0,0.0,0.0,0.4,0.8,0.4,0.2,credit_card,ES,EUR
PM_002397,11,0,0,0,1,471.77,42.88818181818181,39.91,0.11959671813423434,0.7832947264055151,10,11,3,2,0.0,0.0,0.0,0.9090909090909091,1.0,0.2727272727272727,0.18181818181818182,wallet,PT,EUR
PM_006705,6,0,0,0,0,484.40999999999997,80.735,33.755,0.11955101226299675,0.5612819107886761,4,6,1,0,0.0,0.0,0.0,0.6666666666666666,1.0,0.16666666666666666,0.0,debit_card,ES,EUR
PM_006215,10,1,0,0,1,725.09,72.509,56.155,0.11953670185495427,0.8702060798396728,5,10,1,6,0.1,0.0,0.0,0.5,1.0,0.1,0.6,credit_card,US,EUR
PM_010486,3,0,0,0,0,639.36,213.12,73.71,0.11944054135401627,0.355084168456471,2,3,0,2,0.0,0.0,0.0,0.6666666666666666,1.0,0.0,0.6666666666666666,wallet,FR,EUR
PM_011277,10,0,0,0,1,707.54,70.75399999999999,52.355000000000004,0.11923684607911386,0.7483551372660215,3,8,2,3,0.0,0.0,0.0,0.3,0.8,0.2,0.3,credit_card,FR,EUR
PM_001682,11,0,0,0,0,3004.52,273.1381818181818,211.75,0.11911912255455416,0.6930053979229559,6,11,2,0,0.0,0.0,0.0,0.5454545454545454,1.0,0.18181818181818182,0.0,debit_card,DE,EUR
PM_010286,8,1,0,0,0,1818.6299999999999,227.32874999999999,140.655,0.11890761773711055,0.4085254345444627,5,7,2,0,0.125,0.0,0.0,0.625,0.875,0.25,0.0,credit_card,PT,EUR
PM_005939,5,0,0,0,0,576.41,115.282,85.45,0.11888856806354597,0.3096550516376231,3,5,1,4,0.0,0.0,0.0,0.6,1.0,0.2,0.8,wallet,ES,EUR
PM_008145,12,1,1,1,0,588.63,49.0525,30.465,0.11884020379505139,0.9667389230823124,3,11,2,1,0.08333333333333333,0.08333333333333333,0.08333333333333333,0.25,0.9166666666666666,0.16666666666666666,0.08333333333333333,credit_card,ES,EUR
PM_009060,9,0,1,1,0,653.55,72.61666666666666,42.4,0.11868315172194516,0.963855095136465,2,3,1,2,0.0,0.1111111111111111,0.1111111111111111,0.2222222222222222,0.3333333333333333,0.1111111111111111,0.2222222222222222,debit_card,ES,EUR
PM_002848,9,0,1,1,0,1071.98,119.10888888888888,50.05,0.11864819700866334,0.9007666206649212,4,9,2,3,0.0,0.1111111111111111,0.1111111111111111,0.4444444444444444,1.0,0.2222222222222222,0.3333333333333333,debit_card,FR,EUR
PM_005427,6,0,0,0,0,261.4,43.56666666666666,46.925,0.11862135837769268,0.6555653460618982,3,6,1,2,0.0,0.0,0.0,0.5,1.0,0.16666666666666666,0.3333333333333333,credit_card,DE,EUR
PM_003679,17,0,0,0,1,1261.95,74.23235294117647,52.53,0.118605107200073,0.8506384019144753,12,13,5,8,0.0,0.0,0.0,0.7058823529411765,0.7647058823529411,0.29411764705882354,0.47058823529411764,wallet,FR,EUR
PM_008284,5,0,0,0,0,636.5699999999999,127.314,121.06,0.11833844418088739,0.573186718209389,4,5,1,0,0.0,0.0,0.0,0.8,1.0,0.2,0.0,credit_card,ES,EUR
PM_004234,11,0,0,0,0,1354.64,123.14909090909092,74.46,0.11832008466114573,0.6849991317247247,7,11,2,10,0.0,0.0,0.0,0.6363636363636364,1.0,0.18181818181818182,0.9090909090909091,credit_card,DE,EUR
PM_005304,3,0,0,0,0,64.57,21.52333333333333,20.67,0.1182872184529387,0.3539269296145034,2,3,2,1,0.0,0.0,0.0,0.6666666666666666,1.0,0.6666666666666666,0.3333333333333333,credit_card,PT,EUR
PM_000335,12,0,0,0,0,1473.64,122.80333333333334,36.71,0.11823768025068852,0.6425606483967863,7,12,3,0,0.0,0.0,0.0,0.5833333333333334,1.0,0.25,0.0,credit_card,IT,EUR
PM_001232,9,1,1,1,0,528.67,58.74111111111111,43.6,0.1182053674525204,0.9126473498339286,3,8,2,9,0.1111111111111111,0.1111111111111111,0.1111111111111111,0.3333333333333333,0.8888888888888888,0.2222222222222222,1.0,debit_card,IT,EUR
PM_010124,12,0,0,0,1,725.1,60.425000000000004,43.56,0.11814888038826837,0.7200008499277669,8,12,4,7,0.0,0.0,0.0,0.6666666666666666,1.0,0.3333333333333333,0.5833333333333334,credit_card,PT,EUR
PM_001002,4,0,0,0,0,515.8,128.95,102.0,0.11814185550203114,0.3481700821791486,2,4,0,4,0.0,0.0,0.0,0.5,1.0,0.0,1.0,wallet,ES,EUR
PM_000738,9,1,1,1,0,1173.56,130.39555555555555,105.47,0.11803323212951794,0.9149779126445026,5,9,1,4,0.1111111111111111,0.1111111111111111,0.1111111111111111,0.5555555555555556,1.0,0.1111111111111111,0.4444444444444444,bank_transfer,FR,EUR
PM_007053,14,0,0,0,2,1357.74,96.98142857142857,88.46000000000001,0.11782921450846913,0.7926395055130236,9,14,6,6,0.0,0.0,0.0,0.6428571428571429,1.0,0.42857142857142855,0.42857142857142855,debit_card,PT,EUR
PM_008016,3,0,0,0,0,185.8,61.93333333333334,62.31,0.11781855371598898,0.3531892138029114,0,2,1,3,0.0,0.0,0.0,0.0,0.6666666666666666,0.3333333333333333,1.0,credit_card,ES,EUR
PM_007670,9,0,0,0,1,1057.71,117.52333333333334,102.78,0.11778823635276396,0.7364469192836777,5,9,2,3,0.0,0.0,0.0,0.5555555555555556,1.0,0.2222222222222222,0.3333333333333333,credit_card,IT,EUR
PM_007282,9,0,0,0,0,679.3299999999999,75.4811111111111,55.08,0.11769852994693454,0.5507306524029627,4,9,3,5,0.0,0.0,0.0,0.4444444444444444,1.0,0.3333333333333333,0.5555555555555556,wallet,GB,EUR
PM_003447,6,0,0,0,0,683.04,113.83999999999999,63.809999999999995,0.1175370884508028,0.5185520766665581,5,6,1,5,0.0,0.0,0.0,0.8333333333333334,1.0,0.16666666666666666,0.8333333333333334,credit_card,ES,EUR
PM_011953,3,0,0,0,0,372.98,124.32666666666667,98.96,0.1174908677544152,0.352017619158567,2,3,1,0,0.0,0.0,0.0,0.6666666666666666,1.0,0.3333333333333333,0.0,credit_card,GB,EUR
PM_004799,3,0,0,0,0,87.36,29.12,23.41,0.1174631422403295,0.3519279688874197,2,3,1,0,0.0,0.0,0.0,0.6666666666666666,1.0,0.3333333333333333,0.0,credit_card,DE,EUR
PM_005596,5,0,0,0,0,317.61,63.522000000000006,58.64,0.1173617569169906,0.5678963933424913,3,5,1,2,0.0,0.0,0.0,0.6,1.0,0.2,0.4,wallet,ES,EUR
PM_003672,8,0,0,0,0,1622.19,202.77375,193.95,0.11734292578851864,0.6193947443605691,7,8,2,1,0.0,0.0,0.0,0.875,1.0,0.25,0.125,credit_card,US,EUR
PM_006345,3,0,0,0,0,139.57999999999998,46.526666666666664,56.21,0.11715517543473808,0.3400428655389318,2,3,1,0,0.0,0.0,0.0,0.6666666666666666,1.0,0.3333333333333333,0.0,credit_card,ES,EUR
PM_007800,14,1,0,0,1,2684.34,191.73857142857145,129.79500000000002,0.1171154417435738,0.7774352762170998,8,14,1,14,0.07142857142857142,0.0,0.0,0.5714285714285714,1.0,0.07142857142857142,1.0,credit_card,ES,EUR
PM_003195,6,0,0,0,0,675.88,112.64666666666666,87.235,0.11707668895310334,0.4979505488441809,3,6,0,4,0.0,0.0,0.0,0.5,1.0,0.0,0.6666666666666666,credit_card,IT,EUR
PM_005552,25,1,1,1,1,1958.91,78.35640000000001,49.12,0.11698994139343157,0.902427710058995,12,19,8,24,0.04,0.04,0.04,0.48,0.76,0.32,0.96,credit_card,ES,EUR
PM_002329,4,0,0,0,0,99.1,24.775,26.855,0.11692987878479161,0.4316297150621322,2,4,1,2,0.0,0.0,0.0,0.5,1.0,0.25,0.5,wallet,ES,EUR
PM_010251,11,0,0,0,1,2650.88,240.98909090909092,232.29,0.11671871766577904,0.8568663575808607,4,11,2,2,0.0,0.0,0.0,0.36363636363636365,1.0,0.18181818181818182,0.18181818181818182,credit_card,DE,EUR
PM_011182,9,0,0,0,0,394.01,43.778888888888886,39.51,0.11657720269022656,0.6522278305182078,4,9,2,0,0.0,0.0,0.0,0.4444444444444444,1.0,0.2222222222222222,0.0,wallet,GB,EUR
PM_011703,8,0,0,0,1,428.56,53.57,58.7,0.11649365697931124,0.8772744572820711,4,8,1,4,0.0,0.0,0.0,0.5,1.0,0.125,0.5,wallet,US,EUR
PM_007672,8,0,0,0,1,1537.26,192.1575,131.145,0.11647838610744696,0.7903949275066287,4,4,1,3,0.0,0.0,0.0,0.5,0.5,0.125,0.375,debit_card,ES,EUR
PM_002253,7,0,0,0,1,460.90000000000003,65.84285714285714,15.75,0.11609335545711705,0.8068307432709713,2,7,2,0,0.0,0.0,0.0,0.2857142857142857,1.0,0.2857142857142857,0.0,debit_card,US,EUR
PM_003960,5,1,0,0,0,292.56,58.512,52.33,0.11596188063127988,0.5698766534385739,3,5,1,0,0.2,0.0,0.0,0.6,1.0,0.2,0.0,debit_card,PT,EUR
PM_003100,10,1,0,0,0,778.62,77.862,65.465,0.1157244197304518,0.6770439533816076,8,9,3,6,0.1,0.0,0.0,0.8,0.9,0.3,0.6,wallet,ES,EUR
PM_008959,8,0,0,0,0,739.28,92.41,90.95,0.11556088299425298,0.6318290170471278,2,3,2,0,0.0,0.0,0.0,0.25,0.375,0.25,0.0,credit_card,ES,EUR
PM_007749,3,0,0,0,0,801.5,267.1666666666667,83.93,0.11546037563538847,0.3462231015423499,1,1,0,1,0.0,0.0,0.0,0.3333333333333333,0.3333333333333333,0.0,0.3333333333333333,credit_card,ES,EUR
PM_006471,8,0,0,0,0,497.74,62.2175,52.019999999999996,0.11536873021000589,0.5819126801875941,6,8,2,2,0.0,0.0,0.0,0.75,1.0,0.25,0.25,wallet,ES,EUR
PM_001201,4,0,0,0,0,257.08,64.27,63.7,0.11533829701593555,0.4400059971517696,2,4,2,0,0.0,0.0,0.0,0.5,1.0,0.5,0.0,credit_card,ES,EUR
PM_000249,5,0,0,0,0,490.78,98.15599999999999,49.91,0.11527381419160346,0.5464628053816757,4,5,1,1,0.0,0.0,0.0,0.8,1.0,0.2,0.2,credit_card,FR,EUR
PM_000652,9,1,0,0,0,3534.88,392.76444444444445,205.7,0.11525821999788513,0.5545692671196154,6,6,0,0,0.1111111111111111,0.0,0.0,0.6666666666666666,0.6666666666666666,0.0,0.0,debit_card,ES,EUR
PM_004140,13,1,1,1,0,3127.68,240.5907692307692,143.29,0.1152266183758123,0.9933384634151288,11,13,2,4,0.07692307692307693,0.07692307692307693,0.07692307692307693,0.8461538461538461,1.0,0.15384615384615385,0.3076923076923077,bank_transfer,FR,EUR
PM_002379,6,0,0,0,0,468.37,78.06166666666667,36.79,0.11513747095598692,0.3696443838314494,0,6,2,1,0.0,0.0,0.0,0.0,1.0,0.3333333333333333,0.16666666666666666,debit_card,GB,EUR
PM_010284,12,0,1,1,0,1488.76,124.06333333333333,136.675,0.11507594795848769,0.9243439292676198,6,12,1,0,0.0,0.08333333333333333,0.08333333333333333,0.5,1.0,0.08333333333333333,0.0,credit_card,GB,EUR
PM_004013,5,0,0,0,0,400.4,80.08,88.0,0.11507188761508966,0.538508029273342,1,3,2,0,0.0,0.0,0.0,0.2,0.6,0.4,0.0,credit_card,ES,EUR
PM_011741,8,0,0,0,0,428.17,53.52125,44.71,0.1150417837519905,0.3126779463146892,2,8,3,0,0.0,0.0,0.0,0.25,1.0,0.375,0.0,credit_card,US,EUR
PM_004444,5,0,0,0,0,296.21999999999997,59.24399999999999,34.49,0.11471640408588468,0.3669976563406631,4,5,1,4,0.0,0.0,0.0,0.8,1.0,0.2,0.8,wallet,US,EUR
PM_008195,14,0,0,0,1,3054.48,218.17714285714285,134.09,0.11467427554832267,0.8515569484317034,9,14,3,8,0.0,0.0,0.0,0.6428571428571429,1.0,0.21428571428571427,0.5714285714285714,bank_transfer,GB,EUR
PM_002120,5,0,0,0,0,765.05,153.01,144.12,0.11463095243059669,0.4908138009381573,4,5,2,0,0.0,0.0,0.0,0.8,1.0,0.4,0.0,credit_card,FR,EUR
PM_010001,10,0,0,0,1,1414.8,141.48,116.255,0.11462729508231706,0.8152924375711552,4,10,1,2,0.0,0.0,0.0,0.4,1.0,0.1,0.2,credit_card,US,EUR
PM_011430,9,1,0,0,0,1061.65,117.96111111111112,63.62,0.11455478127918929,0.6959453734767447,6,9,1,2,0.1111111111111111,0.0,0.0,0.6666666666666666,1.0,0.1111111111111111,0.2222222222222222,credit_card,GB,EUR
PM_007729,18,1,0,0,1,2410.95,133.94166666666666,125.91499999999999,0.11453852139590578,0.8924890462991562,6,7,2,0,0.05555555555555555,0.0,0.0,0.3333333333333333,0.3888888888888889,0.1111111111111111,0.0,debit_card,ES,EUR
PM_009155,7,0,0,0,0,546.15,78.02142857142857,44.68,0.11443632954405106,0.6546744479563807,3,4,1,0,0.0,0.0,0.0,0.42857142857142855,0.5714285714285714,0.14285714285714285,0.0,credit_card,ES,EUR
PM_009667,4,0,0,0,0,1924.23,481.0575,417.78000000000003,0.11440221370061097,0.2341365741334404,3,4,1,0,0.0,0.0,0.0,0.75,1.0,0.25,0.0,wallet,US,EUR
PM_008685,3,0,0,0,0,207.84,69.28,49.07,0.11437549255220447,0.3225928464374898,0,3,1,0,0.0,0.0,0.0,0.0,1.0,0.3333333333333333,0.0,bank_transfer,DE,EUR
PM_011414,11,1,0,0,0,968.35,88.03181818181818,72.04,0.11431154578001025,0.5971979183762488,5,9,2,6,0.09090909090909091,0.0,0.0,0.45454545454545453,0.8181818181818182,0.18181818181818182,0.5454545454545454,wallet,IT,EUR
PM_008999,5,0,0,0,0,561.99,112.398,77.65,0.11426851917771659,0.4470117497356282,3,4,1,0,0.0,0.0,0.0,0.6,0.8,0.2,0.0,credit_card,ES,EUR
PM_008542,10,0,0,0,1,716.92,71.692,34.395,0.11420225994633557,0.7797695365886427,4,10,3,8,0.0,0.0,0.0,0.4,1.0,0.3,0.8,wallet,ES,EUR
PM_006935,3,0,0,0,0,717.72,239.24,283.08,0.11417345552147053,0.3309817282728645,3,3,1,0,0.0,0.0,0.0,1.0,1.0,0.3333333333333333,0.0,credit_card,DE,EUR
PM_008283,12,1,0,0,1,1050.76,87.56333333333333,38.19,0.11399234247683554,0.7173685185534888,7,12,4,7,0.08333333333333333,0.0,0.0,0.5833333333333334,1.0,0.3333333333333333,0.5833333333333334,credit_card,PT,EUR
PM_011049,5,0,0,0,0,345.52,69.104,57.05,0.11366636810267516,0.4762115433119148,2,2,1,4,0.0,0.0,0.0,0.4,0.4,0.2,0.8,wallet,ES,EUR
PM_004866,7,0,0,0,0,383.25,54.75,51.07,0.11362956686518445,0.5843672004512793,0,4,3,5,0.0,0.0,0.0,0.0,0.5714285714285714,0.42857142857142855,0.7142857142857143,credit_card,ES,EUR
PM_009672,5,0,0,0,0,969.3000000000001,193.86,31.75,0.1135633735565403,0.5351580029436973,2,5,1,0,0.0,0.0,0.0,0.4,1.0,0.2,0.0,debit_card,ES,EUR
PM_000235,18,1,1,1,0,2387.83,132.65722222222223,104.32,0.11355818782684073,0.9791139960463616,7,16,5,0,0.05555555555555555,0.05555555555555555,0.05555555555555555,0.3888888888888889,0.8888888888888888,0.2777777777777778,0.0,credit_card,IT,EUR
PM_000345,7,0,0,0,1,600.12,85.73142857142857,72.41,0.1133021371745068,0.7177335394683504,4,7,1,3,0.0,0.0,0.0,0.5714285714285714,1.0,0.14285714285714285,0.42857142857142855,credit_card,US,EUR
PM_000095,3,0,0,0,0,804.44,268.1466666666667,269.48,0.11322820426811007,0.3391888853509681,2,2,1,0,0.0,0.0,0.0,0.6666666666666666,0.6666666666666666,0.3333333333333333,0.0,debit_card,ES,EUR
PM_007373,5,0,0,0,0,464.53999999999996,92.90799999999999,92.45,0.11311186948297117,0.5534657657550337,1,4,0,2,0.0,0.0,0.0,0.2,0.8,0.0,0.4,credit_card,ES,EUR
PM_002162,7,1,0,0,0,893.0699999999999,127.58142857142856,125.97,0.11298910265570983,0.3375149751307378,6,7,0,5,0.14285714285714285,0.0,0.0,0.8571428571428571,1.0,0.0,0.7142857142857143,credit_card,ES,EUR
PM_007784,7,1,0,0,1,775.13,110.73285714285714,98.46,0.11293304002335937,0.7127094774217411,2,7,2,3,0.14285714285714285,0.0,0.0,0.2857142857142857,1.0,0.2857142857142857,0.42857142857142855,wallet,DE,EUR
PM_001948,13,0,0,0,1,1085.6599999999999,83.51230769230769,63.81,0.11292875248319653,0.7332447740242461,8,13,7,6,0.0,0.0,0.0,0.6153846153846154,1.0,0.5384615384615384,0.46153846153846156,debit_card,GB,EUR
PM_011785,6,0,0,0,0,877.24,146.20666666666668,104.475,0.11278045438345297,0.6059261824235448,4,6,1,1,0.0,0.0,0.0,0.6666666666666666,1.0,0.16666666666666666,0.16666666666666666,credit_card,US,EUR
PM_005932,8,0,0,0,1,1610.1,201.2625,63.645,0.11274946991554088,0.7033696768457419,7,8,1,2,0.0,0.0,0.0,0.875,1.0,0.125,0.25,credit_card,DE,EUR
PM_009401,24,1,0,0,3,3400.4300000000003,141.68458333333334,106.225,0.1126778038927993,0.8544730216082131,5,23,7,5,0.041666666666666664,0.0,0.0,0.20833333333333334,0.9583333333333334,0.2916666666666667,0.20833333333333334,debit_card,FR,EUR
PM_010328,6,0,0,0,0,645.16,107.52666666666666,62.03,0.11249023278465248,0.5937557463816231,3,6,1,1,0.0,0.0,0.0,0.5,1.0,0.16666666666666666,0.16666666666666666,credit_card,US,EUR
PM_003562,8,0,0,0,0,985.15,123.14375,95.25999999999999,0.11246498172168677,0.6450749859195608,1,8,1,0,0.0,0.0,0.0,0.125,1.0,0.125,0.0,debit_card,FR,EUR
PM_009827,9,0,0,0,0,1787.57,198.61888888888888,174.79,0.11246043510676151,0.4699047161439438,4,4,1,0,0.0,0.0,0.0,0.4444444444444444,0.4444444444444444,0.1111111111111111,0.0,credit_card,ES,EUR
PM_006142,8,0,0,0,1,604.11,75.51375,82.845,0.11240897703504686,0.8516393568049693,3,5,2,0,0.0,0.0,0.0,0.375,0.625,0.25,0.0,credit_card,FR,EUR
PM_002529,10,1,1,1,0,2513.27,251.327,202.36,0.11229798630801964,0.9810299360346604,5,7,1,4,0.1,0.1,0.1,0.5,0.7,0.1,0.4,credit_card,FR,EUR
PM_003110,10,0,0,0,0,1448.76,144.876,91.445,0.11205193933002067,0.5992260847580417,5,10,3,2,0.0,0.0,0.0,0.5,1.0,0.3,0.2,debit_card,PT,EUR
PM_004375,5,0,0,0,0,974.2,194.84,189.27,0.1120240887033794,0.464306348502658,3,5,1,2,0.0,0.0,0.0,0.6,1.0,0.2,0.4,credit_card,GB,EUR
PM_000585,10,0,0,0,0,504.21999999999997,50.422,42.394999999999996,0.11198447293051798,0.5700010768585665,4,9,0,0,0.0,0.0,0.0,0.4,0.9,0.0,0.0,debit_card,PT,EUR
PM_006777,5,0,0,0,0,239.92000000000002,47.984,46.43,0.1118135914241499,0.5364307416141917,1,5,2,0,0.0,0.0,0.0,0.2,1.0,0.4,0.0,credit_card,FR,EUR
PM_001670,3,0,0,0,0,78.74,26.246666666666666,23.37,0.11176462717431407,0.3335658268963112,2,3,2,2,0.0,0.0,0.0,0.6666666666666666,1.0,0.6666666666666666,0.6666666666666666,debit_card,ES,EUR
PM_006074,10,1,1,1,0,987.04,98.704,71.35499999999999,0.11170736136565451,0.9829178058158152,7,10,2,1,0.1,0.1,0.1,0.7,1.0,0.2,0.1,debit_card,US,EUR
PM_000708,9,0,1,1,0,1620.55,180.0611111111111,134.15,0.11160077293629232,0.9341287462221994,5,9,0,0,0.0,0.1111111111111111,0.1111111111111111,0.5555555555555556,1.0,0.0,0.0,wallet,GB,EUR
PM_005620,9,0,0,0,1,1209.62,134.4022222222222,111.96,0.111600029476012,0.8656659735606126,5,9,1,0,0.0,0.0,0.0,0.5555555555555556,1.0,0.1111111111111111,0.0,bank_transfer,FR,EUR
PM_003260,4,0,0,0,0,185.76,46.44,32.480000000000004,0.11138030465007435,0.3639367927500211,2,4,0,4,0.0,0.0,0.0,0.5,1.0,0.0,1.0,credit_card,IT,EUR
PM_007971,19,2,2,2,0,3722.22,195.90631578947367,110.87,0.11130521464295473,0.9896571268161684,13,19,4,0,0.10526315789473684,0.10526315789473684,0.10526315789473684,0.6842105263157895,1.0,0.21052631578947367,0.0,credit_card,FR,EUR
PM_008034,9,1,1,1,0,530.37,58.93,35.09,0.11123725889515985,0.9630929968834948,5,9,1,0,0.1111111111111111,0.1111111111111111,0.1111111111111111,0.5555555555555556,1.0,0.1111111111111111,0.0,debit_card,US,EUR
PM_007462,10,1,1,1,0,503.89,50.388999999999996,21.485,0.11122632583479294,0.9164601100288016,6,10,1,2,0.1,0.1,0.1,0.6,1.0,0.1,0.2,credit_card,US,EUR
PM_001482,7,0,0,0,0,245.41,35.058571428571426,30.25,0.11113720791883097,0.6657391853047371,3,5,1,3,0.0,0.0,0.0,0.42857142857142855,0.7142857142857143,0.14285714285714285,0.42857142857142855,credit_card,ES,EUR
PM_010397,8,0,0,0,1,1412.92,176.615,86.17,0.11100406919270364,0.8746206673462313,6,7,3,0,0.0,0.0,0.0,0.75,0.875,0.375,0.0,credit_card,ES,EUR
PM_008143,5,0,0,0,0,747.85,149.57,80.25,0.11098195015435511,0.4098369336074705,3,3,2,4,0.0,0.0,0.0,0.6,0.6,0.4,0.8,credit_card,ES,EUR
PM_010187,4,0,0,0,0,702.45,175.6125,72.795,0.110694855715334,0.4177970488535658,3,3,1,1,0.0,0.0,0.0,0.75,0.75,0.25,0.25,bank_transfer,ES,EUR
PM_005326,5,0,0,0,0,1033.04,206.608,183.73,0.11066116951642654,0.3597424950789386,3,4,1,1,0.0,0.0,0.0,0.6,0.8,0.2,0.2,debit_card,ES,EUR
PM_010318,7,0,0,0,0,826.41,118.05857142857143,52.14,0.11055919195981397,0.4087327446720255,5,7,2,0,0.0,0.0,0.0,0.7142857142857143,1.0,0.2857142857142857,0.0,credit_card,ES,EUR
PM_004867,13,0,0,0,1,2952.44,227.11076923076922,164.29,0.11055234871143874,0.7226045907235188,8,13,3,10,0.0,0.0,0.0,0.6153846153846154,1.0,0.23076923076923078,0.7692307692307693,credit_card,US,EUR
PM_000879,10,1,0,0,1,631.61,63.161,52.43000000000001,0.11044211889166156,0.7858820183467254,1,10,2,1,0.1,0.0,0.0,0.1,1.0,0.2,0.1,credit_card,GB,EUR
PM_001987,9,1,0,0,1,424.77,47.196666666666665,46.88,0.11041605971751856,0.871924460984452,5,9,2,7,0.1111111111111111,0.0,0.0,0.5555555555555556,1.0,0.2222222222222222,0.7777777777777778,credit_card,PT,EUR
PM_009798,5,0,0,0,0,206.84,41.368,20.95,0.11038361316754694,0.5291878909673631,2,4,2,1,0.0,0.0,0.0,0.4,0.8,0.4,0.2,credit_card,DE,EUR
PM_007037,11,0,0,0,0,733.9399999999999,66.72181818181818,31.51,0.1102691968569307,0.4067155782008351,9,11,5,9,0.0,0.0,0.0,0.8181818181818182,1.0,0.45454545454545453,0.8181818181818182,credit_card,US,EUR
PM_010172,13,1,0,0,0,960.19,73.86076923076924,41.31,0.11018968253553152,0.4938039715811576,6,12,2,7,0.07692307692307693,0.0,0.0,0.46153846153846156,0.9230769230769231,0.15384615384615385,0.5384615384615384,debit_card,FR,EUR
PM_007175,3,0,0,0,0,645.5,215.16666666666666,272.17,0.11018514315003573,0.2741374790772762,1,2,2,0,0.0,0.0,0.0,0.3333333333333333,0.6666666666666666,0.6666666666666666,0.0,wallet,ES,EUR
PM_002222,10,0,0,0,1,741.9,74.19,62.035,0.11011556575389661,0.7379654917641568,4,10,1,0,0.0,0.0,0.0,0.4,1.0,0.1,0.0,wallet,ES,EUR
PM_001552,5,0,0,0,0,918.9000000000001,183.78000000000003,159.93,0.1100535150255525,0.3109819470471607,4,5,0,4,0.0,0.0,0.0,0.8,1.0,0.0,0.8,credit_card,IT,EUR
PM_002318,15,0,0,0,1,963.93,64.262,35.81,0.10998966272600957,0.8985543954309188,8,15,4,3,0.0,0.0,0.0,0.5333333333333333,1.0,0.26666666666666666,0.2,wallet,FR,EUR
PM_003238,8,0,0,0,1,830.1800000000001,103.77250000000001,77.255,0.10992288314230435,0.8618292780429851,4,8,2,3,0.0,0.0,0.0,0.5,1.0,0.25,0.375,credit_card,IT,EUR
PM_002585,4,0,0,0,0,425.55,106.3875,64.89,0.10991628187438915,0.2623986622108078,2,4,0,4,0.0,0.0,0.0,0.5,1.0,0.0,1.0,credit_card,US,EUR
PM_010184,8,0,0,0,1,485.98,60.7475,37.305,0.10990073277478848,0.8386645401289317,1,8,2,0,0.0,0.0,0.0,0.125,1.0,0.25,0.0,debit_card,DE,EUR
PM_007399,11,0,0,0,0,1310.55,119.14090909090909,99.62,0.1098951028651928,0.581320009506684,5,11,2,0,0.0,0.0,0.0,0.45454545454545453,1.0,0.18181818181818182,0.0,debit_card,US,EUR
PM_005690,9,0,0,0,1,659.4,73.26666666666667,43.45,0.10979432235171416,0.8347301271293028,1,9,1,0,0.0,0.0,0.0,0.1111111111111111,1.0,0.1111111111111111,0.0,debit_card,US,EUR
PM_002518,23,0,0,0,0,2908.27,126.44652173913043,105.51,0.10971904896433715,0.6801954540202757,9,23,5,2,0.0,0.0,0.0,0.391304347826087,1.0,0.21739130434782608,0.08695652173913043,debit_card,GB,EUR
PM_004650,9,0,0,0,1,1764.76,196.08444444444444,179.43,0.10956486181768398,0.7782789519844403,8,8,1,0,0.0,0.0,0.0,0.8888888888888888,0.8888888888888888,0.1111111111111111,0.0,credit_card,DE,EUR
PM_001331,7,0,0,0,0,878.5400000000001,125.50571428571429,85.67,0.10952637797890762,0.6834845886813585,6,7,2,5,0.0,0.0,0.0,0.8571428571428571,1.0,0.2857142857142857,0.7142857142857143,debit_card,ES,EUR
PM_000412,3,0,0,0,0,1499.54,499.84666666666664,270.93,0.10937743029783176,0.3177471468184109,2,2,0,2,0.0,0.0,0.0,0.6666666666666666,0.6666666666666666,0.0,0.6666666666666666,credit_card,ES,EUR
PM_011249,5,1,0,0,0,1070.71,214.142,36.4,0.10931498935531574,0.4956327827469088,4,5,0,5,0.2,0.0,0.0,0.8,1.0,0.0,1.0,bank_transfer,US,EUR
PM_005150,7,0,0,0,0,760.17,108.59571428571428,83.3,0.109182814945425,0.6592070008866222,4,7,0,3,0.0,0.0,0.0,0.5714285714285714,1.0,0.0,0.42857142857142855,debit_card,IT,EUR
PM_001045,4,0,0,0,0,682.99,170.7475,165.555,0.10906293699126172,0.4147577453915602,3,4,1,0,0.0,0.0,0.0,0.75,1.0,0.25,0.0,wallet,IT,EUR
PM_010580,9,0,0,0,0,2409.51,267.72333333333336,72.33,0.10903969338157432,0.3168751266712572,6,9,3,7,0.0,0.0,0.0,0.6666666666666666,1.0,0.3333333333333333,0.7777777777777778,credit_card,DE,EUR
PM_000891,9,0,0,0,1,1330.6,147.84444444444443,53.42,0.10901209983878636,0.7935969111944087,4,9,2,7,0.0,0.0,0.0,0.4444444444444444,1.0,0.2222222222222222,0.7777777777777778,wallet,ES,EUR
PM_000369,7,0,0,0,1,1292.97,184.71,188.17,0.10898338972620517,0.7419217383383728,5,7,1,0,0.0,0.0,0.0,0.7142857142857143,1.0,0.14285714285714285,0.0,bank_transfer,FR,EUR
PM_003215,12,0,0,0,1,2167.6,180.63333333333333,163.115,0.10882183184386623,0.7676023431495003,7,12,2,3,0.0,0.0,0.0,0.5833333333333334,1.0,0.16666666666666666,0.25,debit_card,GB,EUR
PM_005869,17,1,1,1,0,3143.62,184.91882352941175,129.63,0.10862800688720693,0.9532394603176808,7,12,3,0,0.058823529411764705,0.058823529411764705,0.058823529411764705,0.4117647058823529,0.7058823529411765,0.17647058823529413,0.0,credit_card,ES,EUR
PM_004254,9,0,0,0,0,822.35,91.37222222222222,61.14,0.10843301693266273,0.6116262965861954,6,8,1,3,0.0,0.0,0.0,0.6666666666666666,0.8888888888888888,0.1111111111111111,0.3333333333333333,bank_transfer,IT,EUR
PM_008112,7,0,0,0,0,1722.66,246.09428571428572,131.63,0.10831342690057111,0.4411166858997399,1,7,0,3,0.0,0.0,0.0,0.14285714285714285,1.0,0.0,0.42857142857142855,credit_card,US,EUR
PM_003975,6,0,0,0,0,577.25,96.20833333333333,82.555,0.10830787808659019,0.4574690587018638,1,6,2,0,0.0,0.0,0.0,0.16666666666666666,1.0,0.3333333333333333,0.0,credit_card,US,EUR
PM_011743,13,1,0,0,1,2254.92,173.45538461538462,144.36,0.10829737594247117,0.7701289520701463,3,13,4,5,0.07692307692307693,0.0,0.0,0.23076923076923078,1.0,0.3076923076923077,0.38461538461538464,debit_card,PT,EUR
PM_006130,3,0,0,0,0,188.01999999999998,62.673333333333325,74.67,0.10824342295737382,0.250863244127652,0,3,0,3,0.0,0.0,0.0,0.0,1.0,0.0,1.0,wallet,DE,EUR
PM_002525,4,0,0,0,0,921.4200000000001,230.35500000000002,206.69,0.10823585394012253,0.3741722153194036,2,4,1,0,0.0,0.0,0.0,0.5,1.0,0.25,0.0,credit_card,US,EUR
PM_011358,5,0,0,0,0,763.0,152.6,157.53,0.10820462943211055,0.4489960637566241,2,5,1,1,0.0,0.0,0.0,0.4,1.0,0.2,0.2,credit_card,IT,EUR
PM_005291,10,0,1,1,0,699.1800000000001,69.918,58.78,0.10803371785939134,0.942933317636578,3,10,3,10,0.0,0.1,0.1,0.3,1.0,0.3,1.0,bank_transfer,ES,EUR
PM_008393,7,0,0,0,0,898.8000000000001,128.4,86.91,0.10802339053247294,0.6804042234726124,3,6,2,0,0.0,0.0,0.0,0.42857142857142855,0.8571428571428571,0.2857142857142857,0.0,credit_card,IT,EUR
PM_000076,7,1,0,0,0,486.57,69.51,48.9,0.10788503569348966,0.578359307415576,5,7,1,0,0.14285714285714285,0.0,0.0,0.7142857142857143,1.0,0.14285714285714285,0.0,credit_card,ES,EUR
PM_004679,8,0,0,0,0,602.9200000000001,75.36500000000001,35.59,0.10786720351163298,0.6878473183826261,3,8,3,1,0.0,0.0,0.0,0.375,1.0,0.375,0.125,wallet,US,EUR
PM_003465,10,0,0,0,0,1272.28,127.228,70.215,0.10784566578824287,0.5308075998488718,5,5,1,6,0.0,0.0,0.0,0.5,0.5,0.1,0.6,wallet,DE,EUR
PM_001408,4,0,0,0,0,666.7700000000001,166.69250000000002,139.45499999999998,0.10780045811550326,0.4303710564646026,2,4,1,0,0.0,0.0,0.0,0.5,1.0,0.25,0.0,credit_card,IT,EUR
PM_008668,15,1,0,0,2,2462.44,164.16266666666667,119.42,0.10777219344556817,0.7907897043051132,7,15,3,14,0.06666666666666667,0.0,0.0,0.4666666666666667,1.0,0.2,0.9333333333333333,credit_card,DE,EUR
PM_004405,18,0,0,0,1,2198.25,122.125,71.845,0.1076420724146631,0.8525482301289659,13,17,5,0,0.0,0.0,0.0,0.7222222222222222,0.9444444444444444,0.2777777777777778,0.0,debit_card,DE,EUR
PM_008659,9,0,1,1,0,1537.82,170.86888888888888,61.43,0.10750049253537895,0.9545211016711338,4,9,3,2,0.0,0.1111111111111111,0.1111111111111111,0.4444444444444444,1.0,0.3333333333333333,0.2222222222222222,debit_card,DE,EUR
PM_000223,11,1,1,1,0,1171.58,106.50727272727272,70.26,0.10748749357606148,0.997304136023504,7,8,3,3,0.09090909090909091,0.09090909090909091,0.09090909090909091,0.6363636363636364,0.7272727272727273,0.2727272727272727,0.2727272727272727,credit_card,ES,EUR
PM_006850,4,0,0,0,0,575.76,143.94,120.51,0.10741750034450337,0.3632138147706809,2,4,0,0,0.0,0.0,0.0,0.5,1.0,0.0,0.0,credit_card,GB,EUR
PM_011276,13,0,0,0,1,2322.47,178.65153846153845,89.68,0.10692101316349605,0.8229499039536543,10,12,2,2,0.0,0.0,0.0,0.7692307692307693,0.9230769230769231,0.15384615384615385,0.15384615384615385,credit_card,ES,EUR
PM_002734,4,0,0,0,0,177.45000000000002,44.362500000000004,11.145,0.10688275184239962,0.4245555212718662,3,4,2,1,0.0,0.0,0.0,0.75,1.0,0.5,0.25,credit_card,FR,EUR
PM_010130,9,0,0,0,0,1002.47,111.38555555555556,58.51,0.10677834450725342,0.5957185532656203,4,9,0,7,0.0,0.0,0.0,0.4444444444444444,1.0,0.0,0.7777777777777778,credit_card,DE,EUR
PM_000293,7,0,0,0,1,1527.05,218.15,136.51,0.10670454827489707,0.7176204278952731,5,6,5,1,0.0,0.0,0.0,0.7142857142857143,0.8571428571428571,0.7142857142857143,0.14285714285714285,credit_card,DE,EUR
PM_002876,9,0,1,1,0,738.65,82.07222222222222,36.46,0.10668761596409053,0.90208556126448,3,9,0,2,0.0,0.1111111111111111,0.1111111111111111,0.3333333333333333,1.0,0.0,0.2222222222222222,wallet,PT,EUR
PM_011533,11,0,0,0,0,1829.02,166.27454545454546,119.28,0.10654087640207864,0.6414510447888911,8,11,2,0,0.0,0.0,0.0,0.7272727272727273,1.0,0.18181818181818182,0.0,credit_card,ES,EUR
PM_005352,5,0,0,0,0,448.93,89.786,107.89,0.10638268015338322,0.391417463981438,2,4,0,3,0.0,0.0,0.0,0.4,0.8,0.0,0.6,wallet,ES,EUR
PM_004326,5,0,0,0,0,1547.86,309.572,62.37,0.10635260356179559,0.3616179240631638,3,5,0,1,0.0,0.0,0.0,0.6,1.0,0.0,0.2,credit_card,ES,EUR
PM_005086,7,1,0,0,0,565.21,80.74428571428572,48.6,0.10632936868900437,0.3176187869328368,2,7,1,4,0.14285714285714285,0.0,0.0,0.2857142857142857,1.0,0.14285714285714285,0.5714285714285714,credit_card,US,EUR
PM_001914,10,1,1,1,0,1380.94,138.094,107.82,0.10629958989376531,0.9241157824793744,8,10,1,0,0.1,0.1,0.1,0.8,1.0,0.1,0.0,credit_card,US,EUR
PM_001852,7,0,0,0,0,1094.68,156.38285714285715,142.28,0.10623591739921072,0.3624612073180837,4,4,0,2,0.0,0.0,0.0,0.5714285714285714,0.5714285714285714,0.0,0.2857142857142857,credit_card,ES,EUR
PM_000752,10,0,1,1,0,1586.87,158.68699999999998,94.84,0.10622972965164545,0.9277195363486528,10,10,2,9,0.0,0.1,0.1,1.0,1.0,0.2,0.9,credit_card,ES,EUR
PM_011278,14,0,0,0,0,1932.76,138.05428571428573,115.11500000000001,0.1057712976988023,0.5491387966712752,7,10,3,11,0.0,0.0,0.0,0.5,0.7142857142857143,0.21428571428571427,0.7857142857142857,credit_card,PT,EUR
PM_010696,11,0,0,0,0,1527.49,138.86272727272728,182.77,0.10571438132610389,0.5996962396902258,9,10,3,0,0.0,0.0,0.0,0.8181818181818182,0.9090909090909091,0.2727272727272727,0.0,credit_card,DE,EUR
PM_010697,7,0,0,0,0,592.77,84.68142857142857,107.25,0.10566778421375735,0.6495361557830428,3,5,1,6,0.0,0.0,0.0,0.42857142857142855,0.7142857142857143,0.14285714285714285,0.8571428571428571,wallet,ES,EUR
PM_004307,14,0,0,0,0,1004.88,71.77714285714286,52.084999999999994,0.10565981801983027,0.6381865266971322,5,14,1,8,0.0,0.0,0.0,0.35714285714285715,1.0,0.07142857142857142,0.5714285714285714,credit_card,US,EUR
PM_004977,10,0,1,1,0,2157.03,215.70300000000003,164.82,0.10556012778901931,0.9146565267347532,7,10,3,0,0.0,0.1,0.1,0.7,1.0,0.3,0.0,bank_transfer,ES,EUR
PM_002618,10,1,0,0,0,438.94,43.894,45.205,0.10545922476190969,0.6903529945875081,3,5,1,5,0.1,0.0,0.0,0.3,0.5,0.1,0.5,credit_card,DE,EUR
PM_011403,10,1,1,1,0,1693.3,169.32999999999998,74.445,0.10541999627516155,0.988537538938541,4,10,2,3,0.1,0.1,0.1,0.4,1.0,0.2,0.3,credit_card,US,EUR
PM_004553,11,0,0,0,1,2338.89,212.62636363636364,107.49,0.10539784713752774,0.7914858774097576,8,11,1,2,0.0,0.0,0.0,0.7272727272727273,1.0,0.09090909090909091,0.18181818181818182,debit_card,IT,EUR
PM_003520,19,0,0,0,1,3125.82,164.51684210526318,124.41,0.10538332337363224,0.8087645889590567,9,19,4,1,0.0,0.0,0.0,0.47368421052631576,1.0,0.21052631578947367,0.05263157894736842,debit_card,DE,EUR
PM_011253,3,0,0,0,0,202.18,67.39333333333333,59.98,0.1052725675235033,0.2814838786117125,0,3,0,2,0.0,0.0,0.0,0.0,1.0,0.0,0.6666666666666666,credit_card,US,EUR
PM_010399,12,0,0,0,1,2357.59,196.46583333333334,78.18,0.10518168853627657,0.7188975709127945,9,12,3,0,0.0,0.0,0.0,0.75,1.0,0.25,0.0,credit_card,ES,EUR
PM_006041,3,0,0,0,0,606.07,202.02333333333334,236.21,0.10505105741919783,0.2399170248209605,1,3,1,2,0.0,0.0,0.0,0.3333333333333333,1.0,0.3333333333333333,0.6666666666666666,wallet,GB,EUR
PM_000845,21,1,1,1,0,2975.95,141.71190476190475,114.68,0.10494837343717006,0.9141416146514424,11,18,6,9,0.047619047619047616,0.047619047619047616,0.047619047619047616,0.5238095238095238,0.8571428571428571,0.2857142857142857,0.42857142857142855,credit_card,FR,EUR
PM_011902,4,0,0,0,0,229.55,57.3875,48.315,0.10491196751553605,0.3360978805135391,4,4,3,0,0.0,0.0,0.0,1.0,1.0,0.75,0.0,debit_card,FR,EUR
PM_002699,17,0,0,0,0,1252.82,73.69529411764705,43.67,0.10484380650703966,0.6775771800052364,8,17,4,7,0.0,0.0,0.0,0.47058823529411764,1.0,0.23529411764705882,0.4117647058823529,bank_transfer,US,EUR
PM_008429,16,1,0,0,1,781.0600000000001,48.816250000000004,27.645,0.10470809808742551,0.8407205770318286,6,16,2,13,0.0625,0.0,0.0,0.375,1.0,0.125,0.8125,debit_card,IT,EUR
PM_001912,18,0,1,1,0,3290.46,182.80333333333334,84.97999999999999,0.10460102771518774,0.9776751987656468,11,18,2,4,0.0,0.05555555555555555,0.05555555555555555,0.6111111111111112,1.0,0.1111111111111111,0.2222222222222222,credit_card,IT,EUR
PM_000878,3,0,0,0,0,211.58,70.52666666666667,82.93,0.10451611577279883,0.2459797326684332,1,3,0,2,0.0,0.0,0.0,0.3333333333333333,1.0,0.0,0.6666666666666666,credit_card,FR,EUR
PM_005683,12,1,1,1,0,1866.6599999999999,155.55499999999998,157.2,0.1043156662314257,0.9446258411485066,5,12,0,8,0.08333333333333333,0.08333333333333333,0.08333333333333333,0.4166666666666667,1.0,0.0,0.6666666666666666,credit_card,US,EUR
PM_002917,8,1,0,0,1,1434.78,179.3475,69.235,0.10425932261213619,0.761832188040343,5,6,3,1,0.125,0.0,0.0,0.625,0.75,0.375,0.125,credit_card,ES,EUR
PM_002598,8,0,0,0,0,521.84,65.23,72.155,0.10415424620879496,0.424887453528581,2,8,1,6,0.0,0.0,0.0,0.25,1.0,0.125,0.75,wallet,US,EUR
PM_008412,10,0,0,0,1,806.2,80.62,47.019999999999996,0.10411045946044917,0.8671876741271857,4,10,1,0,0.0,0.0,0.0,0.4,1.0,0.1,0.0,wallet,FR,EUR
PM_007750,9,0,0,0,1,421.35,46.81666666666667,40.31,0.10410189199291585,0.7237181065704197,6,9,1,1,0.0,0.0,0.0,0.6666666666666666,1.0,0.1111111111111111,0.1111111111111111,debit_card,PT,EUR
PM_001049,5,0,0,0,0,543.26,108.652,108.71,0.10397727015269898,0.4646955450116272,3,4,0,2,0.0,0.0,0.0,0.6,0.8,0.0,0.4,credit_card,ES,EUR
PM_006448,8,0,0,0,0,540.21,67.52625,45.56,0.10392923369394459,0.6654530902712171,7,7,1,0,0.0,0.0,0.0,0.875,0.875,0.125,0.0,credit_card,ES,EUR
PM_007176,4,0,0,0,0,449.48,112.37,103.825,0.10392754281110728,0.3401962882101676,4,4,0,0,0.0,0.0,0.0,1.0,1.0,0.0,0.0,credit_card,ES,EUR
PM_007445,4,0,0,0,0,1504.4299999999998,376.10749999999996,111.46000000000001,0.10383471202079086,0.1712906143195637,4,4,1,0,0.0,0.0,0.0,1.0,1.0,0.25,0.0,credit_card,DE,EUR
PM_010941,6,0,0,0,0,1213.29,202.215,205.75,0.10381367208482462,0.4301237384345336,2,6,1,3,0.0,0.0,0.0,0.3333333333333333,1.0,0.16666666666666666,0.5,credit_card,IT,EUR
PM_011838,6,0,0,0,0,1077.51,179.585,168.185,0.10380916357616034,0.3752484153506973,2,6,3,0,0.0,0.0,0.0,0.3333333333333333,1.0,0.5,0.0,wallet,ES,EUR
PM_010266,19,1,1,1,1,2637.2999999999997,138.80526315789473,69.05,0.10376322965610481,0.9656920459543024,10,18,3,6,0.05263157894736842,0.05263157894736842,0.05263157894736842,0.5263157894736842,0.9473684210526315,0.15789473684210525,0.3157894736842105,credit_card,FR,EUR
PM_006490,8,0,0,0,0,424.99,53.12375,14.950000000000001,0.10372057606117133,0.4653100918739006,1,8,0,8,0.0,0.0,0.0,0.125,1.0,0.0,1.0,debit_card,FR,EUR
PM_000018,7,0,0,0,0,564.15,80.59285714285714,59.82,0.10369632368940158,0.2095288520797576,4,7,1,5,0.0,0.0,0.0,0.5714285714285714,1.0,0.14285714285714285,0.7142857142857143,debit_card,US,EUR
PM_010473,11,1,0,0,1,2841.1800000000003,258.28909090909093,195.26,0.10364917025873069,0.7368051894165547,2,8,2,6,0.09090909090909091,0.0,0.0,0.18181818181818182,0.7272727272727273,0.18181818181818182,0.5454545454545454,credit_card,ES,EUR
PM_005770,7,1,0,0,0,388.76,55.537142857142854,51.02,0.10354911433505622,0.5830420743356438,2,6,1,5,0.14285714285714285,0.0,0.0,0.2857142857142857,0.8571428571428571,0.14285714285714285,0.7142857142857143,credit_card,ES,EUR
PM_009319,10,0,0,0,1,1887.93,188.793,105.87,0.10353003823838317,0.8659599430541588,6,10,2,5,0.0,0.0,0.0,0.6,1.0,0.2,0.5,credit_card,IT,EUR
PM_006902,6,0,0,0,0,427.53999999999996,71.25666666666666,64.625,0.10330153668934938,0.5476227631420163,2,6,1,3,0.0,0.0,0.0,0.3333333333333333,1.0,0.16666666666666666,0.5,debit_card,US,EUR
PM_004312,14,1,1,1,0,1408.8,100.62857142857142,62.239999999999995,0.10329484091027585,0.9967154740940776,11,14,2,4,0.07142857142857142,0.07142857142857142,0.07142857142857142,0.7857142857142857,1.0,0.14285714285714285,0.2857142857142857,credit_card,US,EUR
PM_011840,9,0,0,0,1,2377.85,264.2055555555555,156.76,0.10323591842097661,0.7347954190072712,4,7,2,5,0.0,0.0,0.0,0.4444444444444444,0.7777777777777778,0.2222222222222222,0.5555555555555556,credit_card,ES,EUR
PM_003439,9,1,0,0,1,1440.56,160.0622222222222,104.35,0.10322931717559677,0.8664605665252204,4,9,4,6,0.1111111111111111,0.0,0.0,0.4444444444444444,1.0,0.4444444444444444,0.6666666666666666,credit_card,IT,EUR
PM_010545,7,0,0,0,0,1967.0,281.0,161.45,0.1031513099133066,0.6270447315971763,2,7,4,0,0.0,0.0,0.0,0.2857142857142857,1.0,0.5714285714285714,0.0,credit_card,IT,EUR
PM_001785,11,0,0,0,1,836.3199999999999,76.0290909090909,66.55,0.10306337537101819,0.752743648580446,9,11,2,1,0.0,0.0,0.0,0.8181818181818182,1.0,0.18181818181818182,0.09090909090909091,wallet,FR,EUR
PM_008364,6,0,0,0,0,508.18,84.69666666666667,86.16499999999999,0.10283112689815281,0.6153354010760933,4,6,1,4,0.0,0.0,0.0,0.6666666666666666,1.0,0.16666666666666666,0.6666666666666666,credit_card,PT,EUR
PM_002202,9,0,0,0,1,1506.07,167.3411111111111,117.9,0.10275385404480952,0.8609301539309627,4,8,1,5,0.0,0.0,0.0,0.4444444444444444,0.8888888888888888,0.1111111111111111,0.5555555555555556,credit_card,IT,EUR
PM_007711,4,0,0,0,0,248.93,62.2325,65.55,0.1025915857099161,0.2828935076810985,4,4,2,0,0.0,0.0,0.0,1.0,1.0,0.5,0.0,wallet,PT,EUR
PM_008930,8,0,0,0,1,657.13,82.14125,40.254999999999995,0.10254824229809291,0.7167758812272108,6,8,2,5,0.0,0.0,0.0,0.75,1.0,0.25,0.625,credit_card,US,EUR
PM_011465,10,0,0,0,1,1033.76,103.376,65.36,0.10250499220806512,0.8849541457968718,5,8,2,0,0.0,0.0,0.0,0.5,0.8,0.2,0.0,credit_card,ES,EUR
PM_005004,4,0,0,0,0,206.68,51.67,35.53,0.10231738203763055,0.4073270824710561,2,4,0,0,0.0,0.0,0.0,0.5,1.0,0.0,0.0,wallet,ES,EUR
PM_000735,4,0,0,0,0,356.73,89.1825,89.625,0.10226846834578515,0.3831605036474597,2,4,0,2,0.0,0.0,0.0,0.5,1.0,0.0,0.5,credit_card,ES,EUR
PM_004014,4,0,0,0,0,382.69,95.6725,46.9,0.102131950877263,0.3747832895995013,2,4,1,0,0.0,0.0,0.0,0.5,1.0,0.25,0.0,credit_card,PT,EUR
PM_007372,3,0,0,0,0,124.25999999999999,41.419999999999995,37.62,0.10203227718006803,0.3043300635274798,1,2,1,1,0.0,0.0,0.0,0.3333333333333333,0.6666666666666666,0.3333333333333333,0.3333333333333333,credit_card,ES,EUR
PM_008338,11,0,0,0,0,1811.53,164.68454545454546,110.09,0.10198339553036374,0.3631090264995057,10,10,3,0,0.0,0.0,0.0,0.9090909090909091,0.9090909090909091,0.2727272727272727,0.0,wallet,PT,EUR
PM_011043,4,0,0,0,0,668.72,167.18,171.465,0.10198198360561998,0.3031604816993571,2,3,1,3,0.0,0.0,0.0,0.5,0.75,0.25,0.75,wallet,ES,EUR
PM_007210,6,0,0,0,0,980.2,163.36666666666667,145.245,0.10194425515016396,0.5114460788529077,1,2,1,1,0.0,0.0,0.0,0.16666666666666666,0.3333333333333333,0.16666666666666666,0.16666666666666666,wallet,ES,EUR
PM_009411,14,1,0,0,1,1262.76,90.19714285714285,33.18,0.10171845849724637,0.7173308854867249,7,14,2,7,0.07142857142857142,0.0,0.0,0.5,1.0,0.14285714285714285,0.5,credit_card,IT,EUR
PM_003815,12,1,0,0,1,1285.2,107.10000000000001,53.16,0.10168374548573655,0.7652818490949841,6,12,4,11,0.08333333333333333,0.0,0.0,0.5,1.0,0.3333333333333333,0.9166666666666666,wallet,FR,EUR
PM_004282,8,0,0,0,0,1267.75,158.46875,144.925,0.10161933965575573,0.3718814883680092,5,5,1,8,0.0,0.0,0.0,0.625,0.625,0.125,1.0,bank_transfer,ES,EUR
PM_004159,10,0,0,0,1,928.24,92.824,87.035,0.10158382453827323,0.8366030967434837,5,10,2,0,0.0,0.0,0.0,0.5,1.0,0.2,0.0,debit_card,DE,EUR
PM_008756,11,1,0,0,1,1526.41,138.76454545454547,45.7,0.10156653440613322,0.7698001887514103,6,11,1,0,0.09090909090909091,0.0,0.0,0.5454545454545454,1.0,0.09090909090909091,0.0,credit_card,IT,EUR
PM_009833,8,0,0,0,1,1151.96,143.995,132.405,0.10135001731354616,0.7473914431562327,2,8,0,0,0.0,0.0,0.0,0.25,1.0,0.0,0.0,bank_transfer,GB,EUR
PM_002964,9,0,0,0,0,1040.49,115.61,100.54,0.10130370581079487,0.528579091232956,4,9,1,3,0.0,0.0,0.0,0.4444444444444444,1.0,0.1111111111111111,0.3333333333333333,credit_card,DE,EUR
PM_001582,16,0,0,0,1,1749.8999999999999,109.36874999999999,65.01,0.10125239267072673,0.8068172281528118,9,16,3,1,0.0,0.0,0.0,0.5625,1.0,0.1875,0.0625,wallet,US,EUR
PM_009717,24,0,0,0,2,4999.67,208.31958333333333,150.505,0.1011549996430897,0.8505031970394291,15,24,7,15,0.0,0.0,0.0,0.625,1.0,0.2916666666666667,0.625,credit_card,GB,EUR
PM_009899,5,0,0,0,0,1437.8799999999999,287.57599999999996,269.78,0.10114950315771551,0.2254110904002925,3,4,1,3,0.0,0.0,0.0,0.6,0.8,0.2,0.6,debit_card,DE,EUR
PM_008529,11,1,1,1,0,1456.6,132.4181818181818,129.26,0.1010868270401205,0.959364598884588,6,11,1,6,0.09090909090909091,0.09090909090909091,0.09090909090909091,0.5454545454545454,1.0,0.09090909090909091,0.5454545454545454,credit_card,FR,EUR
PM_005136,5,0,0,0,0,854.16,170.832,94.26,0.10104585434044958,0.4181685025530794,3,5,1,5,0.0,0.0,0.0,0.6,1.0,0.2,1.0,credit_card,IT,EUR
PM_004809,5,0,0,0,0,312.64,62.528,56.35,0.10099901622126532,0.5006281370049405,0,5,2,1,0.0,0.0,0.0,0.0,1.0,0.4,0.2,credit_card,GB,EUR
PM_003517,18,1,1,1,0,2107.56,117.08666666666666,53.81999999999999,0.10099526059270876,0.9964136022681273,13,18,5,0,0.05555555555555555,0.05555555555555555,0.05555555555555555,0.7222222222222222,1.0,0.2777777777777778,0.0,debit_card,US,EUR
PM_005777,4,0,0,0,0,572.4100000000001,143.10250000000002,158.75,0.10097492290854163,0.3284700532651471,1,1,0,1,0.0,0.0,0.0,0.25,0.25,0.0,0.25,wallet,ES,EUR
PM_004148,12,1,0,0,1,1527.64,127.30333333333334,121.225,0.10090372356363358,0.7659987144109139,5,12,3,3,0.08333333333333333,0.0,0.0,0.4166666666666667,1.0,0.25,0.25,credit_card,US,EUR
PM_003628,11,0,0,0,1,1407.48,127.95272727272727,47.53,0.10090309261628273,0.8713747076151731,8,11,3,0,0.0,0.0,0.0,0.7272727272727273,1.0,0.2727272727272727,0.0,credit_card,US,EUR
PM_000727,14,1,0,0,1,1216.89,86.9207142857143,91.63,0.10082064313343629,0.8282684483057049,4,14,3,8,0.07142857142857142,0.0,0.0,0.2857142857142857,1.0,0.21428571428571427,0.5714285714285714,credit_card,GB,EUR
PM_000841,8,0,0,0,1,773.5699999999999,96.69624999999999,73.065,0.10076796543740792,0.7453967248029443,2,8,1,0,0.0,0.0,0.0,0.25,1.0,0.125,0.0,credit_card,IT,EUR
PM_001766,4,0,0,0,0,246.57,61.6425,51.59,0.10076197004934728,0.3824681363335756,2,2,0,2,0.0,0.0,0.0,0.5,0.5,0.0,0.5,credit_card,ES,EUR
PM_010312,8,0,0,0,0,649.92,81.24,60.900000000000006,0.10068624077422014,0.6549881777328662,5,8,4,1,0.0,0.0,0.0,0.625,1.0,0.5,0.125,debit_card,PT,EUR
PM_007590,3,0,0,0,0,335.93,111.97666666666667,109.96,0.10057197692994879,0.2990871206091143,2,3,1,0,0.0,0.0,0.0,0.6666666666666666,1.0,0.3333333333333333,0.0,credit_card,US,EUR
PM_011654,11,1,0,0,1,2902.18,263.83454545454543,141.28,0.10054713181184215,0.8749795900287664,7,9,1,1,0.09090909090909091,0.0,0.0,0.6363636363636364,0.8181818181818182,0.09090909090909091,0.09090909090909091,credit_card,IT,EUR
PM_007329,11,0,0,0,1,1586.12,144.19272727272727,92.41,0.10053583716192506,0.7910476180900559,10,10,1,3,0.0,0.0,0.0,0.9090909090909091,0.9090909090909091,0.09090909090909091,0.2727272727272727,credit_card,IT,EUR
PM_006306,6,0,0,0,0,183.32,30.55333333333333,25.814999999999998,0.10029704210740072,0.4626438477556542,3,6,0,6,0.0,0.0,0.0,0.5,1.0,0.0,1.0,debit_card,PT,EUR
PM_007423,5,0,0,0,0,503.78000000000003,100.756,79.17,0.1002900277109215,0.2845627711482119,2,5,2,5,0.0,0.0,0.0,0.4,1.0,0.4,1.0,wallet,US,EUR
PM_011972,16,1,0,0,1,1265.77,79.110625,59.745000000000005,0.10023130945603467,0.7925620338948116,5,16,4,0,0.0625,0.0,0.0,0.3125,1.0,0.25,0.0,debit_card,US,EUR
PM_009505,10,1,1,1,0,1314.27,131.427,107.44,0.10007375871993518,0.9488500618840146,5,10,5,4,0.1,0.1,0.1,0.5,1.0,0.5,0.4,credit_card,US,EUR
PM_008172,4,0,0,0,0,1462.52,365.63,340.34,0.0999310464939418,0.2132432524403962,2,4,0,0,0.0,0.0,0.0,0.5,1.0,0.0,0.0,wallet,US,EUR
PM_003659,5,0,0,0,0,707.66,141.53199999999998,101.63,0.09979855111534344,0.2788486313579765,3,5,0,4,0.0,0.0,0.0,0.6,1.0,0.0,0.8,credit_card,DE,EUR
PM_005450,18,0,0,0,1,2286.44,127.02444444444444,68.07499999999999,0.09974274385596772,0.8928249764404074,8,15,3,12,0.0,0.0,0.0,0.4444444444444444,0.8333333333333334,0.16666666666666666,0.6666666666666666,debit_card,IT,EUR
PM_007679,6,0,0,0,0,1178.35,196.39166666666665,134.76,0.09968293283985881,0.5917270209536487,2,6,2,0,0.0,0.0,0.0,0.3333333333333333,1.0,0.3333333333333333,0.0,credit_card,US,EUR
PM_003286,7,0,0,0,0,930.64,132.94857142857143,63.08,0.0996027913345415,0.6013150370616712,4,7,2,4,0.0,0.0,0.0,0.5714285714285714,1.0,0.2857142857142857,0.5714285714285714,credit_card,PT,EUR
PM_010667,17,0,0,0,1,3733.64,219.62588235294118,183.14,0.09955718148176257,0.8876153857257543,13,17,5,0,0.0,0.0,0.0,0.7647058823529411,1.0,0.29411764705882354,0.0,credit_card,ES,EUR
PM_002944,9,0,0,0,0,945.93,105.10333333333332,81.14,0.09940911844239696,0.6634421124376287,7,7,0,0,0.0,0.0,0.0,0.7777777777777778,0.7777777777777778,0.0,0.0,credit_card,IT,EUR
PM_005177,5,0,0,0,0,951.16,190.232,197.76,0.09935456075276189,0.3009008130333524,1,3,0,2,0.0,0.0,0.0,0.2,0.6,0.0,0.4,credit_card,ES,EUR
PM_007217,19,2,1,1,0,1981.28,104.2778947368421,57.51,0.09934395381646322,0.994900323584322,14,19,2,2,0.10526315789473684,0.05263157894736842,0.05263157894736842,0.7368421052631579,1.0,0.10526315789473684,0.10526315789473684,credit_card,ES,EUR
PM_007510,6,0,0,0,0,765.35,127.55833333333334,109.45,0.09922648565476357,0.5515339656710668,4,6,1,0,0.0,0.0,0.0,0.6666666666666666,1.0,0.16666666666666666,0.0,debit_card,US,EUR
PM_002648,7,0,0,0,0,1032.33,147.47571428571428,144.69,0.09911074706490254,0.4483671922405428,4,7,4,4,0.0,0.0,0.0,0.5714285714285714,1.0,0.5714285714285714,0.5714285714285714,bank_transfer,GB,EUR
PM_009041,9,0,0,0,1,580.35,64.48333333333333,64.46,0.09905833470836257,0.8546784711074512,3,9,1,0,0.0,0.0,0.0,0.3333333333333333,1.0,0.1111111111111111,0.0,credit_card,US,EUR
PM_002012,7,0,0,0,0,772.3,110.32857142857142,74.8,0.09900095490053772,0.6602010561151102,1,6,4,0,0.0,0.0,0.0,0.14285714285714285,0.8571428571428571,0.5714285714285714,0.0,credit_card,ES,EUR
PM_001919,4,0,0,0,0,594.02,148.505,89.85,0.09898106060530958,0.3583803868404107,1,4,1,0,0.0,0.0,0.0,0.25,1.0,0.25,0.0,debit_card,FR,EUR
PM_008433,15,0,0,0,1,780.46,52.03066666666667,43.98,0.0989176378826522,0.8480902444843853,7,15,3,0,0.0,0.0,0.0,0.4666666666666667,1.0,0.2,0.0,credit_card,PT,EUR
PM_011946,7,0,0,0,0,1399.18,199.88285714285715,118.22,0.09887730336616248,0.6723907247739634,5,7,4,0,0.0,0.0,0.0,0.7142857142857143,1.0,0.5714285714285714,0.0,debit_card,IT,EUR
PM_004597,13,0,1,1,0,950.49,73.11461538461539,47.46,0.09885600869059906,0.9660901219667962,7,13,2,11,0.0,0.07692307692307693,0.07692307692307693,0.5384615384615384,1.0,0.15384615384615385,0.8461538461538461,credit_card,PT,EUR
PM_001284,7,0,0,0,0,483.17,69.02428571428571,51.45,0.09883549985242845,0.6441692221232717,3,4,1,0,0.0,0.0,0.0,0.42857142857142855,0.5714285714285714,0.14285714285714285,0.0,credit_card,ES,EUR
PM_011094,10,0,0,0,1,1498.4,149.84,97.61,0.09877310600591871,0.8466242531610663,4,4,1,0,0.0,0.0,0.0,0.4,0.4,0.1,0.0,credit_card,ES,EUR
PM_004639,12,1,1,1,0,1174.75,97.89583333333333,45.275,0.09864685916513215,0.9458755173096116,6,12,1,5,0.08333333333333333,0.08333333333333333,0.08333333333333333,0.5,1.0,0.08333333333333333,0.4166666666666667,debit_card,ES,EUR
PM_004665,8,0,0,0,0,283.96,35.495,34.394999999999996,0.09856395554665567,0.4513256678200486,5,8,1,8,0.0,0.0,0.0,0.625,1.0,0.125,1.0,credit_card,PT,EUR
PM_000882,5,0,0,0,0,577.51,115.502,94.37,0.09840092238577278,0.3687941051039174,1,5,2,4,0.0,0.0,0.0,0.2,1.0,0.4,0.8,wallet,DE,EUR
PM_009096,5,0,0,0,0,502.15,100.42999999999999,112.9,0.09839622676501812,0.3504156867534242,2,3,1,2,0.0,0.0,0.0,0.4,0.6,0.2,0.4,credit_card,ES,EUR
PM_004582,16,1,1,1,0,2662.14,166.38375,105.44,0.09832444284575814,0.9835893958032916,8,13,5,7,0.0625,0.0625,0.0625,0.5,0.8125,0.3125,0.4375,credit_card,ES,EUR
PM_007680,13,0,0,0,1,2706.22,208.17076923076922,145.01,0.09829748027843228,0.7785048344387995,9,13,2,0,0.0,0.0,0.0,0.6923076923076923,1.0,0.15384615384615385,0.0,bank_transfer,ES,EUR
PM_011622,7,0,0,0,0,1140.38,162.9114285714286,167.71,0.09818790257500916,0.3393995185162506,4,7,0,3,0.0,0.0,0.0,0.5714285714285714,1.0,0.0,0.42857142857142855,credit_card,PT,EUR
PM_005513,10,0,0,0,1,1713.74,171.374,110.725,0.09816741146166272,0.8507548088851417,6,10,4,2,0.0,0.0,0.0,0.6,1.0,0.4,0.2,bank_transfer,ES,EUR
PM_011384,12,1,1,1,0,1934.41,161.20083333333335,172.76,0.0980892858341106,0.9815362008719308,9,11,1,3,0.08333333333333333,0.08333333333333333,0.08333333333333333,0.75,0.9166666666666666,0.08333333333333333,0.25,credit_card,ES,EUR
PM_008316,7,0,0,0,0,446.93,63.847142857142856,37.07,0.09808487878170435,0.4129592425489887,5,7,1,1,0.0,0.0,0.0,0.7142857142857143,1.0,0.14285714285714285,0.14285714285714285,credit_card,US,EUR
PM_008994,9,0,0,0,0,1167.37,129.70777777777778,105.68,0.0980171066686157,0.5011321355316096,3,4,1,6,0.0,0.0,0.0,0.3333333333333333,0.4444444444444444,0.1111111111111111,0.6666666666666666,credit_card,ES,EUR
PM_011934,10,0,0,0,0,998.87,99.887,110.94999999999999,0.09790463464808032,0.5740832565811539,9,10,1,0,0.0,0.0,0.0,0.9,1.0,0.1,0.0,credit_card,ES,EUR
PM_005255,3,0,0,0,0,375.25,125.08333333333333,39.03,0.09788886021016553,0.2911022251010371,1,1,1,0,0.0,0.0,0.0,0.3333333333333333,0.3333333333333333,0.3333333333333333,0.0,debit_card,IT,EUR
PM_005861,13,0,0,0,1,694.76,53.44307692307692,37.31,0.09752422416408989,0.8157020644988426,9,13,3,12,0.0,0.0,0.0,0.6923076923076923,1.0,0.23076923076923078,0.9230769230769231,debit_card,ES,EUR
PM_003640,17,0,0,0,0,1369.85,80.57941176470588,36.27,0.09748050798363461,0.6962800921644778,13,16,3,0,0.0,0.0,0.0,0.7647058823529411,0.9411764705882353,0.17647058823529413,0.0,debit_card,PT,EUR
PM_000189,7,0,0,0,0,410.82,58.68857142857143,58.84,0.09739106570795664,0.5160435924381591,5,7,3,2,0.0,0.0,0.0,0.7142857142857143,1.0,0.42857142857142855,0.2857142857142857,credit_card,US,EUR
PM_005982,9,0,0,0,1,845.62,93.95777777777778,33.03,0.09725308547557902,0.7200225784916567,2,9,0,7,0.0,0.0,0.0,0.2222222222222222,1.0,0.0,0.7777777777777778,credit_card,IT,EUR
PM_009219,4,0,0,0,0,993.53,248.3825,260.45,0.09723915424934126,0.3013006783862194,3,4,0,2,0.0,0.0,0.0,0.75,1.0,0.0,0.5,credit_card,US,EUR
PM_010708,11,0,0,0,0,408.46,37.13272727272727,20.68,0.09721004628365337,0.5375852280716338,4,11,2,0,0.0,0.0,0.0,0.36363636363636365,1.0,0.18181818181818182,0.0,debit_card,GB,EUR
PM_006751,8,0,0,0,0,696.1,87.0125,54.295,0.09709029865352779,0.6003193831981576,2,8,2,2,0.0,0.0,0.0,0.25,1.0,0.25,0.25,debit_card,US,EUR
PM_001309,11,1,0,0,1,493.55,44.86818181818182,40.62,0.09708831060088642,0.861900202953046,6,11,2,0,0.09090909090909091,0.0,0.0,0.5454545454545454,1.0,0.18181818181818182,0.0,credit_card,US,EUR
PM_004765,19,0,0,0,1,1770.56,93.18736842105262,57.54,0.09704158286825983,0.7539281026576465,11,19,5,2,0.0,0.0,0.0,0.5789473684210527,1.0,0.2631578947368421,0.10526315789473684,credit_card,DE,EUR
PM_006054,3,0,0,0,0,1003.5,334.5,231.26,0.09692460457100162,0.2218750491136411,2,3,1,0,0.0,0.0,0.0,0.6666666666666666,1.0,0.3333333333333333,0.0,wallet,ES,EUR
PM_011345,4,0,0,0,0,620.46,155.115,147.07999999999998,0.09689301461010214,0.3818603901977186,1,1,0,2,0.0,0.0,0.0,0.25,0.25,0.0,0.5,debit_card,ES,EUR
PM_009628,3,0,0,0,0,1200.58,400.1933333333333,269.34,0.09687597096692929,0.187797170496592,2,3,0,3,0.0,0.0,0.0,0.6666666666666666,1.0,0.0,1.0,credit_card,PT,EUR
PM_007313,16,0,1,1,0,2833.75,177.109375,87.50999999999999,0.09683972527798072,0.9807571080031446,11,13,2,6,0.0,0.0625,0.0625,0.6875,0.8125,0.125,0.375,credit_card,PT,EUR
PM_006992,7,0,0,0,0,711.35,101.62142857142858,81.7,0.09682365789194326,0.3200389279359664,3,7,1,2,0.0,0.0,0.0,0.42857142857142855,1.0,0.14285714285714285,0.2857142857142857,credit_card,GB,EUR
PM_007592,8,0,0,0,0,590.9599999999999,73.86999999999999,27.045,0.09677799211254724,0.4106512379293948,4,8,0,5,0.0,0.0,0.0,0.5,1.0,0.0,0.625,credit_card,US,EUR
PM_000288,3,0,0,0,0,136.36,45.45333333333334,39.01,0.09661129899467984,0.2756150552073123,1,3,0,3,0.0,0.0,0.0,0.3333333333333333,1.0,0.0,1.0,debit_card,GB,EUR
PM_008045,3,0,0,0,0,895.4200000000001,298.47333333333336,149.86,0.09654660370875413,0.2338260233842111,2,3,0,0,0.0,0.0,0.0,0.6666666666666666,1.0,0.0,0.0,bank_transfer,FR,EUR
PM_003800,3,0,0,0,0,76.98,25.66,27.6,0.0963262601263684,0.275524689755969,2,3,1,0,0.0,0.0,0.0,0.6666666666666666,1.0,0.3333333333333333,0.0,wallet,GB,EUR
PM_008743,9,0,0,0,0,1485.86,165.09555555555553,123.05,0.0963225813624,0.3451996394768707,7,9,3,9,0.0,0.0,0.0,0.7777777777777778,1.0,0.3333333333333333,1.0,bank_transfer,ES,EUR
PM_010701,12,0,1,1,0,992.16,82.67999999999999,37.545,0.09631700919998759,0.963074673014702,4,12,1,0,0.0,0.08333333333333333,0.08333333333333333,0.3333333333333333,1.0,0.08333333333333333,0.0,credit_card,DE,EUR
PM_003466,8,0,0,0,0,252.07,31.50875,28.165,0.09609869442213793,0.6417697197946226,7,8,1,2,0.0,0.0,0.0,0.875,1.0,0.125,0.25,credit_card,ES,EUR
PM_003367,10,0,0,0,0,1138.21,113.821,105.49000000000001,0.0960950534027753,0.5121483403352561,5,10,2,6,0.0,0.0,0.0,0.5,1.0,0.2,0.6,bank_transfer,GB,EUR
PM_004951,7,0,0,0,0,256.78,36.68285714285714,12.89,0.09609236374823678,0.669963368995161,1,7,1,2,0.0,0.0,0.0,0.14285714285714285,1.0,0.14285714285714285,0.2857142857142857,credit_card,ES,EUR
PM_001879,4,0,0,0,0,364.58,91.145,95.82499999999999,0.09608564414164983,0.166928891256674,3,4,0,4,0.0,0.0,0.0,0.75,1.0,0.0,1.0,debit_card,PT,EUR
PM_006859,3,0,0,0,0,225.87,75.29,52.83,0.09599042610822688,0.2321136663101412,2,3,1,0,0.0,0.0,0.0,0.6666666666666666,1.0,0.3333333333333333,0.0,credit_card,ES,EUR
PM_010041,6,0,0,0,0,348.07,58.01166666666666,50.739999999999995,0.09590975870054612,0.4495269979326002,4,6,3,1,0.0,0.0,0.0,0.6666666666666666,1.0,0.5,0.16666666666666666,wallet,FR,EUR
PM_005877,8,0,0,0,0,917.1600000000001,114.64500000000001,70.045,0.09581156652712988,0.4988536380686724,8,8,1,2,0.0,0.0,0.0,1.0,1.0,0.125,0.25,credit_card,ES,EUR
PM_011687,4,0,0,0,0,353.3,88.325,75.945,0.09579318249209046,0.317251724163413,2,4,0,0,0.0,0.0,0.0,0.5,1.0,0.0,0.0,debit_card,IT,EUR
PM_011298,5,0,0,0,0,294.74,58.948,37.72,0.0957854736552226,0.4418746342410014,1,5,1,0,0.0,0.0,0.0,0.2,1.0,0.2,0.0,debit_card,PT,EUR
PM_009892,3,0,0,0,0,281.38,93.79333333333334,73.15,0.09564014854722185,0.1867717275172372,3,3,2,0,0.0,0.0,0.0,1.0,1.0,0.6666666666666666,0.0,wallet,ES,EUR
PM_001621,8,0,0,0,0,741.13,92.64125,55.425,0.09559566372120276,0.6965910216108293,5,7,2,0,0.0,0.0,0.0,0.625,0.875,0.25,0.0,credit_card,FR,EUR
PM_006849,5,0,0,0,0,831.24,166.248,185.29,0.09556094852007556,0.4711831551621604,2,5,1,0,0.0,0.0,0.0,0.4,1.0,0.2,0.0,credit_card,IT,EUR
PM_004922,8,0,0,0,0,936.27,117.03375,47.18,0.09551634849504917,0.4939164715523169,4,8,1,3,0.0,0.0,0.0,0.5,1.0,0.125,0.375,debit_card,IT,EUR
PM_002457,9,0,0,0,0,1670.69,185.63222222222223,78.6,0.09533461791453139,0.5950459278366802,7,9,1,0,0.0,0.0,0.0,0.7777777777777778,1.0,0.1111111111111111,0.0,credit_card,PT,EUR
PM_011513,13,0,0,0,1,3179.35,244.5653846153846,111.31,0.09530447648604921,0.7723002348461435,9,10,1,0,0.0,0.0,0.0,0.6923076923076923,0.7692307692307693,0.07692307692307693,0.0,debit_card,ES,EUR
PM_010657,8,0,0,0,0,533.76,66.72,28.43,0.09529491287226287,0.5999955725333712,2,8,1,7,0.0,0.0,0.0,0.25,1.0,0.125,0.875,debit_card,PT,EUR
PM_002440,4,0,0,0,0,700.02,175.005,123.67,0.09521949259720432,0.1955557523165687,3,4,0,0,0.0,0.0,0.0,0.75,1.0,0.0,0.0,credit_card,US,EUR
PM_011643,6,0,0,0,0,905.71,150.95166666666668,100.44,0.0951763643361212,0.51086791137237,3,4,1,0,0.0,0.0,0.0,0.5,0.6666666666666666,0.16666666666666666,0.0,wallet,ES,EUR
PM_001759,4,0,0,0,0,484.24,121.06,106.935,0.095169040588837,0.2008836375120553,2,3,0,1,0.0,0.0,0.0,0.5,0.75,0.0,0.25,credit_card,ES,EUR
PM_007085,5,0,0,0,0,1321.5900000000001,264.31800000000004,293.94,0.09499638019700778,0.2818085172386754,2,5,1,3,0.0,0.0,0.0,0.4,1.0,0.2,0.6,wallet,PT,EUR
PM_001923,5,0,0,0,0,178.68,35.736000000000004,41.96,0.09482031908915071,0.4568450773775426,1,5,3,0,0.0,0.0,0.0,0.2,1.0,0.6,0.0,debit_card,GB,EUR
PM_008199,3,0,0,0,0,656.77,218.92333333333332,255.47,0.09480875083485629,0.2836927923073908,2,2,0,1,0.0,0.0,0.0,0.6666666666666666,0.6666666666666666,0.0,0.3333333333333333,debit_card,ES,EUR
PM_001962,10,0,0,0,0,252.85,25.285,20.45,0.0946629884517334,0.4284498334596214,3,10,1,8,0.0,0.0,0.0,0.3,1.0,0.1,0.8,debit_card,IT,EUR
PM_001017,8,1,0,0,1,442.39,55.29875,44.335,0.09463370824910033,0.7233432828315577,1,8,2,5,0.125,0.0,0.0,0.125,1.0,0.25,0.625,debit_card,IT,EUR
PM_008963,4,0,0,0,0,575.1700000000001,143.79250000000002,76.685,0.09459493894854659,0.3686922005888897,3,4,0,4,0.0,0.0,0.0,0.75,1.0,0.0,1.0,debit_card,PT,EUR
PM_009223,7,0,0,0,0,1096.81,156.68714285714285,143.87,0.09451857652158072,0.6196069463894057,2,7,1,5,0.0,0.0,0.0,0.2857142857142857,1.0,0.14285714285714285,0.7142857142857143,credit_card,PT,EUR
PM_006420,3,0,0,0,0,61.050000000000004,20.35,16.1,0.09446627032288098,0.2831148343205918,1,3,0,3,0.0,0.0,0.0,0.3333333333333333,1.0,0.0,1.0,wallet,US,EUR
PM_001861,7,0,0,0,0,464.68,66.38285714285715,50.43,0.09430849850539129,0.5796339145361695,6,6,0,0,0.0,0.0,0.0,0.8571428571428571,0.8571428571428571,0.0,0.0,wallet,IT,EUR
PM_001142,15,1,0,0,0,1723.6399999999999,114.90933333333332,128.29,0.09424840978469252,0.4666044239905307,10,15,3,15,0.06666666666666667,0.0,0.0,0.6666666666666666,1.0,0.2,1.0,bank_transfer,GB,EUR
PM_002767,10,0,0,0,1,1066.67,106.667,54.965,0.09423356515937559,0.8157974637177757,4,10,3,4,0.0,0.0,0.0,0.4,1.0,0.3,0.4,debit_card,PT,EUR
PM_008214,20,1,1,1,0,3090.9,154.54500000000002,96.86,0.09420143712173287,0.9957257439192836,11,18,3,5,0.05,0.05,0.05,0.55,0.9,0.15,0.25,debit_card,ES,EUR
PM_000273,14,0,0,0,1,974.91,69.63642857142857,45.379999999999995,0.09415567906355425,0.7014468922891238,8,14,4,1,0.0,0.0,0.0,0.5714285714285714,1.0,0.2857142857142857,0.07142857142857142,credit_card,GB,EUR
PM_007803,8,1,0,0,0,845.2699999999999,105.65874999999998,34.985,0.09415335034375252,0.449460135721303,4,8,3,0,0.125,0.0,0.0,0.5,1.0,0.375,0.0,debit_card,FR,EUR
PM_003607,5,0,0,0,0,184.22,36.844,36.6,0.09405312942948293,0.2682747635013452,4,5,0,4,0.0,0.0,0.0,0.8,1.0,0.0,0.8,credit_card,FR,EUR
PM_003151,6,0,0,0,0,649.74,108.29,93.11500000000001,0.09383033577926175,0.5247693623432659,3,6,1,2,0.0,0.0,0.0,0.5,1.0,0.16666666666666666,0.3333333333333333,credit_card,DE,EUR
PM_003855,7,0,0,0,0,1172.51,167.50142857142856,179.01,0.09381224686682636,0.6509112180595186,6,6,2,3,0.0,0.0,0.0,0.8571428571428571,0.8571428571428571,0.2857142857142857,0.42857142857142855,credit_card,PT,EUR
PM_010175,7,0,0,0,0,951.92,135.98857142857142,98.88,0.09376937864391378,0.5375597458192112,1,3,2,0,0.0,0.0,0.0,0.14285714285714285,0.42857142857142855,0.2857142857142857,0.0,credit_card,ES,EUR
PM_011082,5,0,0,0,0,497.44,99.488,44.59,0.09358405914947714,0.3878814433400106,2,5,1,2,0.0,0.0,0.0,0.4,1.0,0.2,0.4,credit_card,FR,EUR
PM_005369,3,0,0,0,0,119.64,39.88,43.27,0.09353120229990754,0.1781335325979917,3,3,1,2,0.0,0.0,0.0,1.0,1.0,0.3333333333333333,0.6666666666666666,credit_card,ES,EUR
PM_004343,8,0,0,0,0,1147.8,143.475,77.91499999999999,0.09340422405725757,0.5802421532790961,3,8,2,4,0.0,0.0,0.0,0.375,1.0,0.25,0.5,credit_card,DE,EUR
PM_005941,4,0,0,0,0,655.0,163.75,156.465,0.09334686753807794,0.3377274618598996,2,4,1,3,0.0,0.0,0.0,0.5,1.0,0.25,0.75,wallet,GB,EUR
PM_008770,12,0,0,0,1,2654.19,221.1825,168.85,0.09331536649530554,0.7069275621424338,7,9,2,0,0.0,0.0,0.0,0.5833333333333334,0.75,0.16666666666666666,0.0,credit_card,DE,EUR
PM_007296,9,1,0,0,1,569.65,63.294444444444444,43.91,0.09316612766567249,0.7656978074560185,4,8,1,2,0.1111111111111111,0.0,0.0,0.4444444444444444,0.8888888888888888,0.1111111111111111,0.2222222222222222,credit_card,IT,EUR
PM_011489,13,0,0,0,1,1117.8,85.98461538461538,70.99,0.09314680205224228,0.8527114558519238,3,8,4,5,0.0,0.0,0.0,0.23076923076923078,0.6153846153846154,0.3076923076923077,0.38461538461538464,bank_transfer,ES,EUR
PM_011424,9,0,0,0,0,855.32,95.03555555555556,61.51,0.09309954736659327,0.3873212350364263,3,9,2,3,0.0,0.0,0.0,0.3333333333333333,1.0,0.2222222222222222,0.3333333333333333,credit_card,FR,EUR
PM_005296,19,0,0,0,2,2524.04,132.84421052631578,98.13,0.09286026544719198,0.7947699253059836,5,19,2,0,0.0,0.0,0.0,0.2631578947368421,1.0,0.10526315789473684,0.0,debit_card,US,EUR
PM_000852,9,0,0,0,0,1387.36,154.1511111111111,80.2,0.09282405043593704,0.5516085386732261,7,8,0,2,0.0,0.0,0.0,0.7777777777777778,0.8888888888888888,0.0,0.2222222222222222,credit_card,ES,EUR
PM_006924,5,0,0,0,0,304.32,60.864,38.71,0.09275934209393229,0.4589535152164804,5,5,2,0,0.0,0.0,0.0,1.0,1.0,0.4,0.0,wallet,IT,EUR
PM_002860,13,0,0,0,0,939.47,72.26692307692308,38.15,0.09266730119856968,0.6224208016609363,5,13,0,3,0.0,0.0,0.0,0.38461538461538464,1.0,0.0,0.23076923076923078,wallet,US,EUR
PM_001636,9,0,0,0,0,768.6899999999999,85.41,29.1,0.09263023187727823,0.5804865648693196,5,9,2,5,0.0,0.0,0.0,0.5555555555555556,1.0,0.2222222222222222,0.5555555555555556,credit_card,FR,EUR
PM_011144,3,0,0,0,0,727.3,242.4333333333333,269.62,0.09260195932219197,0.2507956770960132,2,3,1,2,0.0,0.0,0.0,0.6666666666666666,1.0,0.3333333333333333,0.6666666666666666,wallet,ES,EUR
PM_008128,13,0,0,0,1,1494.6699999999998,114.97461538461538,75.63,0.09255124031756326,0.8911132907207003,8,10,2,7,0.0,0.0,0.0,0.6153846153846154,0.7692307692307693,0.15384615384615385,0.5384615384615384,debit_card,ES,EUR
PM_008306,11,0,1,1,0,1838.3,167.11818181818182,76.46,0.09251912434439881,0.971547860042246,6,11,1,1,0.0,0.09090909090909091,0.09090909090909091,0.5454545454545454,1.0,0.09090909090909091,0.09090909090909091,credit_card,US,EUR
PM_004195,3,0,0,0,0,95.19999999999999,31.73333333333333,10.02,0.09243942718781417,0.2768186919259364,0,0,0,0,0.0,0.0,0.0,0.0,0.0,0.0,0.0,debit_card,ES,EUR
PM_003580,9,0,0,0,1,1577.55,175.28333333333333,142.49,0.09243119598275408,0.8109239249594413,4,9,3,0,0.0,0.0,0.0,0.4444444444444444,1.0,0.3333333333333333,0.0,credit_card,IT,EUR
PM_006094,16,1,0,0,1,1041.85,65.115625,32.44,0.09241702294476126,0.887654968407435,9,16,2,0,0.0625,0.0,0.0,0.5625,1.0,0.125,0.0,credit_card,GB,EUR
PM_002624,18,0,0,0,1,1023.83,56.879444444444445,38.72,0.09228861883990602,0.7865033065340836,12,15,2,7,0.0,0.0,0.0,0.6666666666666666,0.8333333333333334,0.1111111111111111,0.3888888888888889,wallet,ES,EUR
PM_011647,12,0,0,0,1,388.65000000000003,32.3875,22.675,0.09216622350192331,0.76200804971115,8,12,1,10,0.0,0.0,0.0,0.6666666666666666,1.0,0.08333333333333333,0.8333333333333334,credit_card,IT,EUR
PM_001725,3,0,0,0,0,453.43,151.14333333333335,97.14,0.09215081161367683,0.2368082167502221,2,3,1,0,0.0,0.0,0.0,0.6666666666666666,1.0,0.3333333333333333,0.0,wallet,ES,EUR
PM_002301,10,0,0,0,0,895.89,89.589,68.44999999999999,0.09201248757453426,0.6373766608316765,8,10,1,0,0.0,0.0,0.0,0.8,1.0,0.1,0.0,credit_card,ES,EUR
PM_009035,12,0,0,0,0,747.62,62.30166666666667,28.195,0.09192748043364295,0.5921248925725153,5,11,3,7,0.0,0.0,0.0,0.4166666666666667,0.9166666666666666,0.25,0.5833333333333334,credit_card,ES,EUR
PM_007841,6,0,0,0,0,427.68,71.28,75.68,0.091783280465292,0.3928272905817527,2,2,0,6,0.0,0.0,0.0,0.3333333333333333,0.3333333333333333,0.0,1.0,credit_card,ES,EUR
PM_002793,7,0,0,0,0,721.3800000000001,103.05428571428573,56.74,0.0916783166498707,0.5597659767694683,4,7,2,5,0.0,0.0,0.0,0.5714285714285714,1.0,0.2857142857142857,0.7142857142857143,credit_card,US,EUR
PM_007236,16,0,0,0,1,1002.58,62.66125,40.36,0.09162455117679723,0.8102069063129342,8,16,1,11,0.0,0.0,0.0,0.5,1.0,0.0625,0.6875,credit_card,US,EUR
PM_011495,21,0,0,0,1,1331.13,63.38714285714286,39.72,0.0914955367296591,0.8057094720073498,11,15,5,1,0.0,0.0,0.0,0.5238095238095238,0.7142857142857143,0.23809523809523808,0.047619047619047616,credit_card,FR,EUR
PM_006314,3,0,0,0,0,1450.48,483.49333333333334,257.17,0.09137616107307388,0.2572089769534247,1,3,0,0,0.0,0.0,0.0,0.3333333333333333,1.0,0.0,0.0,credit_card,GB,EUR
PM_000079,5,0,0,0,0,766.68,153.33599999999998,149.84,0.09135484414294595,0.3733207172950584,3,5,1,0,0.0,0.0,0.0,0.6,1.0,0.2,0.0,debit_card,DE,EUR
PM_005796,15,0,0,0,1,2385.67,159.04466666666667,160.03,0.09128289760957829,0.7088034669446317,7,14,4,0,0.0,0.0,0.0,0.4666666666666667,0.9333333333333333,0.26666666666666666,0.0,credit_card,DE,EUR
PM_009975,4,0,0,0,0,615.61,153.9025,159.75,0.09127662736816707,0.3386718044926241,2,4,1,1,0.0,0.0,0.0,0.5,1.0,0.25,0.25,credit_card,ES,EUR
PM_000367,15,1,0,0,1,1559.28,103.952,70.4,0.09124338805708525,0.7437269555641343,5,15,4,0,0.06666666666666667,0.0,0.0,0.3333333333333333,1.0,0.26666666666666666,0.0,debit_card,PT,EUR
PM_002562,4,0,0,0,0,985.02,246.255,252.635,0.09120419110888008,0.3392028441154709,2,4,0,4,0.0,0.0,0.0,0.5,1.0,0.0,1.0,credit_card,ES,EUR
PM_008458,14,0,0,0,0,1806.82,129.0585714285714,53.245000000000005,0.09110969837689956,0.5835231170328337,5,6,2,0,0.0,0.0,0.0,0.35714285714285715,0.42857142857142855,0.14285714285714285,0.0,wallet,ES,EUR
PM_002182,14,0,0,0,1,2188.82,156.34428571428572,111.05,0.09103335566002617,0.8016217583579419,7,11,3,3,0.0,0.0,0.0,0.5,0.7857142857142857,0.21428571428571427,0.21428571428571427,bank_transfer,ES,EUR
PM_009166,6,0,0,0,0,422.15999999999997,70.36,60.504999999999995,0.09088324700047767,0.3361318391759502,4,6,1,3,0.0,0.0,0.0,0.6666666666666666,1.0,0.16666666666666666,0.5,credit_card,FR,EUR
PM_002197,11,0,0,0,1,1383.72,125.79272727272728,71.5,0.09086595003611711,0.8773078468422215,5,11,3,0,0.0,0.0,0.0,0.45454545454545453,1.0,0.2727272727272727,0.0,credit_card,DE,EUR
PM_000728,13,0,0,0,0,2144.4700000000003,164.9592307692308,125.56,0.09072663215497848,0.5484704870506293,4,11,3,3,0.0,0.0,0.0,0.3076923076923077,0.8461538461538461,0.23076923076923078,0.23076923076923078,credit_card,DE,EUR
PM_002614,14,0,0,0,1,1543.46,110.24714285714286,59.69499999999999,0.09065906408993427,0.8139284399198644,8,12,3,4,0.0,0.0,0.0,0.5714285714285714,0.8571428571428571,0.21428571428571427,0.2857142857142857,credit_card,ES,EUR
PM_000206,10,0,0,0,1,932.82,93.28200000000001,49.91,0.09061394743763186,0.8675501977702282,3,10,1,0,0.0,0.0,0.0,0.3,1.0,0.1,0.0,debit_card,GB,EUR
PM_008865,7,0,0,0,0,347.61,49.65857142857143,47.14,0.0905958059375787,0.6167900235484481,4,7,0,7,0.0,0.0,0.0,0.5714285714285714,1.0,0.0,1.0,credit_card,FR,EUR
PM_000875,11,0,0,0,0,1023.28,93.02545454545454,85.02,0.09056009700021293,0.5845916217614617,8,11,3,0,0.0,0.0,0.0,0.7272727272727273,1.0,0.2727272727272727,0.0,credit_card,US,EUR
PM_001477,7,0,0,0,0,1897.42,271.06,143.09,0.09050104158795999,0.6020620482465698,5,6,1,3,0.0,0.0,0.0,0.7142857142857143,0.8571428571428571,0.14285714285714285,0.42857142857142855,credit_card,DE,EUR
PM_011991,8,0,0,0,0,1221.6,152.7,113.875,0.09048722631171137,0.6548074688298032,4,8,2,1,0.0,0.0,0.0,0.5,1.0,0.25,0.125,debit_card,ES,EUR
PM_006408,4,0,0,0,0,1100.33,275.0825,221.37,0.09046385771206163,0.2102019282457327,2,4,2,1,0.0,0.0,0.0,0.5,1.0,0.5,0.25,bank_transfer,DE,EUR
PM_010236,8,0,0,0,0,1196.52,149.565,147.965,0.09045207909106555,0.6054229068304214,2,2,0,0,0.0,0.0,0.0,0.25,0.25,0.0,0.0,debit_card,ES,EUR
PM_005495,13,0,1,1,0,1555.84,119.67999999999999,46.76,0.09040974266434103,0.9310017657217574,10,13,3,1,0.0,0.07692307692307693,0.07692307692307693,0.7692307692307693,1.0,0.23076923076923078,0.07692307692307693,credit_card,PT,EUR
PM_010721,11,1,1,1,0,677.37,61.57909090909091,40.92,0.09033059938384948,0.9665033083907936,7,8,3,0,0.09090909090909091,0.09090909090909091,0.09090909090909091,0.6363636363636364,0.7272727272727273,0.2727272727272727,0.0,credit_card,FR,EUR
PM_004058,5,0,0,0,0,1012.47,202.494,186.76,0.090249210628182,0.3785845853842257,0,5,2,0,0.0,0.0,0.0,0.0,1.0,0.4,0.0,credit_card,US,EUR
PM_001642,3,0,0,0,0,388.35,129.45000000000002,109.97,0.09013466365310786,0.2624353492272414,1,3,0,1,0.0,0.0,0.0,0.3333333333333333,1.0,0.0,0.3333333333333333,credit_card,FR,EUR
PM_005073,10,0,0,0,0,824.2800000000001,82.42800000000001,36.405,0.09004013696000328,0.650875815261276,5,10,3,5,0.0,0.0,0.0,0.5,1.0,0.3,0.5,wallet,PT,EUR
PM_011568,6,0,0,0,0,547.67,91.27833333333332,85.27,0.08989597857685754,0.4182839885497214,2,6,2,0,0.0,0.0,0.0,0.3333333333333333,1.0,0.3333333333333333,0.0,credit_card,US,EUR
PM_000452,10,1,0,0,1,601.1800000000001,60.11800000000001,45.010000000000005,0.08982851004366424,0.7817684821690447,4,10,3,8,0.1,0.0,0.0,0.4,1.0,0.3,0.8,credit_card,FR,EUR
PM_011187,16,0,1,1,0,1854.3799999999999,115.89874999999999,55.045,0.08982434798204196,0.9063836498706108,6,6,1,5,0.0,0.0625,0.0625,0.375,0.375,0.0625,0.3125,credit_card,ES,EUR
PM_008562,10,0,0,0,1,1106.61,110.66099999999999,106.505,0.08978704855237396,0.8178274748819266,6,8,1,0,0.0,0.0,0.0,0.6,0.8,0.1,0.0,debit_card,FR,EUR
PM_010046,4,0,0,0,0,1117.26,279.315,243.85,0.08978637998651295,0.3178635771864688,4,4,1,0,0.0,0.0,0.0,1.0,1.0,0.25,0.0,wallet,ES,EUR
PM_009444,11,0,0,0,1,904.4399999999999,82.22181818181818,52.33,0.08967166529635268,0.7381530013428372,4,11,3,4,0.0,0.0,0.0,0.36363636363636365,1.0,0.2727272727272727,0.36363636363636365,credit_card,US,EUR
PM_011157,12,1,0,0,1,1502.47,125.20583333333333,61.05,0.08963471741317798,0.7065582453684497,6,12,2,2,0.08333333333333333,0.0,0.0,0.5,1.0,0.16666666666666666,0.16666666666666666,credit_card,US,EUR
PM_002609,13,0,0,0,0,1200.61,92.35461538461537,75.78,0.08961948884220684,0.6516563625639453,2,5,2,0,0.0,0.0,0.0,0.15384615384615385,0.38461538461538464,0.15384615384615385,0.0,debit_card,ES,EUR
PM_005872,13,1,1,1,0,2534.19,194.93769230769232,63.94,0.08957886083292191,0.9545510434041086,7,13,1,3,0.07692307692307693,0.07692307692307693,0.07692307692307693,0.5384615384615384,1.0,0.07692307692307693,0.23076923076923078,bank_transfer,GB,EUR
PM_008910,7,0,0,0,0,612.79,87.54142857142857,51.08,0.0894652624602763,0.4973398393786816,1,7,0,0,0.0,0.0,0.0,0.14285714285714285,1.0,0.0,0.0,credit_card,GB,EUR
PM_004585,7,0,0,0,0,470.86,67.26571428571428,50.5,0.08925520882236622,0.4466236724679116,5,7,2,0,0.0,0.0,0.0,0.7142857142857143,1.0,0.2857142857142857,0.0,credit_card,IT,EUR
PM_008615,6,0,0,0,0,1857.16,309.5266666666667,260.68,0.08922837421809666,0.2542427221302332,4,6,0,0,0.0,0.0,0.0,0.6666666666666666,1.0,0.0,0.0,debit_card,PT,EUR
PM_009781,3,0,0,0,0,1393.62,464.53999999999996,284.12,0.08919847444973496,0.2656732036516736,2,3,1,2,0.0,0.0,0.0,0.6666666666666666,1.0,0.3333333333333333,0.6666666666666666,credit_card,IT,EUR
PM_003305,14,0,0,0,1,681.09,48.64928571428572,22.025,0.0891838521956778,0.7055183325803664,3,14,5,2,0.0,0.0,0.0,0.21428571428571427,1.0,0.35714285714285715,0.14285714285714285,debit_card,GB,EUR
PM_001458,7,0,0,0,0,512.29,73.1842857142857,72.65,0.08890726167121955,0.2261714281968617,5,7,0,4,0.0,0.0,0.0,0.7142857142857143,1.0,0.0,0.5714285714285714,credit_card,FR,EUR
PM_000689,6,0,0,0,0,506.84,84.47333333333333,60.144999999999996,0.08889053924337025,0.5167899191618723,1,1,1,0,0.0,0.0,0.0,0.16666666666666666,0.16666666666666666,0.16666666666666666,0.0,bank_transfer,ES,EUR
PM_005379,11,0,0,0,1,1398.19,127.10818181818182,77.24,0.08880216508484745,0.8005658814349375,6,9,2,10,0.0,0.0,0.0,0.5454545454545454,0.8181818181818182,0.18181818181818182,0.9090909090909091,wallet,ES,EUR
PM_002258,7,0,0,0,0,663.13,94.73285714285714,45.61,0.08871416621205767,0.5453691528562301,3,7,2,5,0.0,0.0,0.0,0.42857142857142855,1.0,0.2857142857142857,0.7142857142857143,bank_transfer,US,EUR
PM_003148,15,0,1,1,0,880.63,58.708666666666666,45.26,0.08859895384781079,0.9125888961151466,5,7,1,10,0.0,0.06666666666666667,0.06666666666666667,0.3333333333333333,0.4666666666666667,0.06666666666666667,0.6666666666666666,credit_card,ES,EUR
PM_008475,13,0,0,0,1,2130.99,163.92230769230767,83.12,0.08859851872332129,0.8907393908596847,3,13,1,1,0.0,0.0,0.0,0.23076923076923078,1.0,0.07692307692307693,0.07692307692307693,debit_card,PT,EUR
PM_006987,12,0,0,0,0,835.3000000000001,69.60833333333333,33.79,0.08850629749950784,0.5511071580095913,6,12,2,1,0.0,0.0,0.0,0.5,1.0,0.16666666666666666,0.08333333333333333,debit_card,GB,EUR
PM_010111,4,0,0,0,0,215.01,53.7525,47.55,0.0884920772973323,0.3081178279152381,2,4,0,3,0.0,0.0,0.0,0.5,1.0,0.0,0.75,wallet,FR,EUR
PM_001672,9,1,0,0,0,1734.26,192.69555555555556,109.6,0.08827899826504684,0.6020933404650836,4,9,1,4,0.1111111111111111,0.0,0.0,0.4444444444444444,1.0,0.1111111111111111,0.4444444444444444,bank_transfer,FR,EUR
PM_009300,24,0,0,0,1,4409.23,183.71791666666664,70.535,0.08822802255491823,0.8314451111104867,11,24,1,2,0.0,0.0,0.0,0.4583333333333333,1.0,0.041666666666666664,0.08333333333333333,credit_card,ES,EUR
PM_007266,10,1,0,0,1,947.74,94.774,72.315,0.08810013840514003,0.7016058689692879,5,10,2,3,0.1,0.0,0.0,0.5,1.0,0.2,0.3,wallet,US,EUR
PM_005066,5,0,0,0,0,406.93,81.386,64.58,0.08804477315349693,0.3929029821063436,3,5,1,5,0.0,0.0,0.0,0.6,1.0,0.2,1.0,wallet,ES,EUR
PM_007730,8,0,0,0,0,916.17,114.52125,78.005,0.08788382792993535,0.4009252347264795,5,8,1,0,0.0,0.0,0.0,0.625,1.0,0.125,0.0,credit_card,DE,EUR
PM_006623,3,0,0,0,0,499.98,166.66,158.4,0.0878813656177561,0.132574878854535,2,3,0,0,0.0,0.0,0.0,0.6666666666666666,1.0,0.0,0.0,credit_card,US,EUR
PM_008144,6,0,0,0,0,628.4100000000001,104.73500000000001,95.05000000000001,0.08785571644092773,0.2747493793337981,4,5,1,4,0.0,0.0,0.0,0.6666666666666666,0.8333333333333334,0.16666666666666666,0.6666666666666666,credit_card,PT,EUR
PM_003654,13,0,0,0,0,747.75,57.51923076923077,62.28,0.08780019940891667,0.6343866403802813,6,13,4,2,0.0,0.0,0.0,0.46153846153846156,1.0,0.3076923076923077,0.15384615384615385,debit_card,FR,EUR
PM_007395,16,0,0,0,1,933.57,58.348125,56.155,0.08778880597615038,0.732560917936388,9,16,5,11,0.0,0.0,0.0,0.5625,1.0,0.3125,0.6875,credit_card,FR,EUR
PM_003576,3,1,0,0,0,553.25,184.41666666666666,137.81,0.08768487831544136,0.219182270467221,2,3,1,2,0.3333333333333333,0.0,0.0,0.6666666666666666,1.0,0.3333333333333333,0.6666666666666666,wallet,US,EUR
PM_011387,8,1,0,0,0,1168.34,146.0425,126.835,0.08767061570567702,0.6017876505726961,6,8,5,2,0.125,0.0,0.0,0.75,1.0,0.625,0.25,credit_card,PT,EUR
PM_001288,15,0,0,0,1,3504.8599999999997,233.6573333333333,172.64,0.08758846772547936,0.7577049983756877,10,12,4,2,0.0,0.0,0.0,0.6666666666666666,0.8,0.26666666666666666,0.13333333333333333,credit_card,ES,EUR
PM_000597,4,0,0,0,0,365.55,91.3875,88.775,0.0875326600169358,0.3336217656602153,3,4,2,0,0.0,0.0,0.0,0.75,1.0,0.5,0.0,credit_card,US,EUR
PM_002013,10,0,0,0,1,883.61,88.361,68.425,0.08745915039638541,0.8165871955776188,7,10,2,1,0.0,0.0,0.0,0.7,1.0,0.2,0.1,credit_card,FR,EUR
PM_010253,6,0,0,0,0,442.99,73.83166666666666,57.805,0.08729956629536527,0.4242150639003573,5,6,2,5,0.0,0.0,0.0,0.8333333333333334,1.0,0.3333333333333333,0.8333333333333334,wallet,ES,EUR
PM_007116,3,0,0,0,0,438.86,146.28666666666666,131.0,0.08727111257010788,0.1575169991890843,3,3,0,1,0.0,0.0,0.0,1.0,1.0,0.0,0.3333333333333333,credit_card,FR,EUR
PM_000756,6,0,0,0,0,356.36,59.39333333333334,41.075,0.08719343911699902,0.5168947397543849,2,6,1,0,0.0,0.0,0.0,0.3333333333333333,1.0,0.16666666666666666,0.0,debit_card,US,EUR
PM_006179,11,0,1,1,0,1262.77,114.79727272727273,105.96,0.08716350965360214,0.9030777379275068,4,11,1,0,0.0,0.09090909090909091,0.09090909090909091,0.36363636363636365,1.0,0.09090909090909091,0.0,debit_card,US,EUR
PM_007618,9,0,0,0,0,1480.83,164.53666666666666,63.38,0.08710264459106945,0.5434025157719347,5,9,1,6,0.0,0.0,0.0,0.5555555555555556,1.0,0.1111111111111111,0.6666666666666666,credit_card,PT,EUR
PM_004120,11,1,0,0,1,804.46,73.13272727272728,37.15,0.08698022673653284,0.8959397901371239,7,11,4,1,0.09090909090909091,0.0,0.0,0.6363636363636364,1.0,0.36363636363636365,0.09090909090909091,debit_card,US,EUR
PM_005729,9,0,0,0,1,829.9100000000001,92.21222222222224,18.29,0.0869726632277796,0.7612060754093832,2,2,0,2,0.0,0.0,0.0,0.2222222222222222,0.2222222222222222,0.0,0.2222222222222222,debit_card,ES,EUR
PM_003804,6,0,0,0,0,1279.91,213.31833333333336,156.99,0.08688886886560303,0.4372849848451486,3,5,1,0,0.0,0.0,0.0,0.5,0.8333333333333334,0.16666666666666666,0.0,credit_card,PT,EUR
PM_003133,6,0,0,0,0,1017.03,169.505,162.665,0.08681245558038748,0.2347595439570649,5,6,0,2,0.0,0.0,0.0,0.8333333333333334,1.0,0.0,0.3333333333333333,credit_card,IT,EUR
PM_011847,3,1,0,0,0,624.17,208.05666666666664,112.49,0.08676932540103598,0.2598451045216451,0,3,1,0,0.3333333333333333,0.0,0.0,0.0,1.0,0.3333333333333333,0.0,credit_card,IT,EUR
PM_002569,11,1,0,0,1,1713.95,155.81363636363636,89.33,0.08669177962625017,0.8357990086033941,5,11,2,3,0.09090909090909091,0.0,0.0,0.45454545454545453,1.0,0.18181818181818182,0.2727272727272727,credit_card,PT,EUR
PM_002575,14,1,1,1,0,2293.78,163.8414285714286,107.36500000000001,0.08658854744849313,0.9685513931854238,4,14,4,0,0.07142857142857142,0.07142857142857142,0.07142857142857142,0.2857142857142857,1.0,0.2857142857142857,0.0,debit_card,FR,EUR
PM_008749,18,0,0,0,1,1272.22,70.67888888888889,47.06,0.08635452413966864,0.7227880039808676,6,18,2,0,0.0,0.0,0.0,0.3333333333333333,1.0,0.1111111111111111,0.0,debit_card,DE,EUR
PM_008605,12,0,0,0,1,1633.96,136.16333333333333,118.65,0.08633831243615599,0.7356187541007683,10,12,3,7,0.0,0.0,0.0,0.8333333333333334,1.0,0.25,0.5833333333333334,credit_card,GB,EUR
PM_000832,19,0,0,0,1,4241.46,223.23473684210526,148.6,0.08624980856475929,0.8712007064951371,8,19,3,0,0.0,0.0,0.0,0.42105263157894735,1.0,0.15789473684210525,0.0,credit_card,DE,EUR
PM_011140,6,0,0,0,0,486.02,81.00333333333333,67.705,0.08618420093839056,0.4953257848162766,1,6,2,3,0.0,0.0,0.0,0.16666666666666666,1.0,0.3333333333333333,0.5,debit_card,FR,EUR
PM_003422,14,0,1,1,0,3202.9700000000003,228.78357142857143,97.10499999999999,0.08616508978861039,0.9448474417735776,12,14,2,0,0.0,0.07142857142857142,0.07142857142857142,0.8571428571428571,1.0,0.14285714285714285,0.0,wallet,DE,EUR
PM_005266,9,0,0,0,0,1518.92,168.7688888888889,131.94,0.08613808160702513,0.6354045451327206,4,9,1,8,0.0,0.0,0.0,0.4444444444444444,1.0,0.1111111111111111,0.8888888888888888,credit_card,DE,EUR
PM_011593,8,0,0,0,0,503.3,62.9125,55.80500000000001,0.08608614510211984,0.3023918151905734,3,8,4,4,0.0,0.0,0.0,0.375,1.0,0.5,0.5,wallet,US,EUR
PM_006581,3,0,0,0,0,427.9,142.63333333333333,112.52,0.0859834036870203,0.2563710199981436,1,3,1,0,0.0,0.0,0.0,0.3333333333333333,1.0,0.3333333333333333,0.0,credit_card,US,EUR
PM_004683,15,0,0,0,1,1486.08,99.07199999999999,63.53,0.08598316285815015,0.7556051630035554,11,15,4,5,0.0,0.0,0.0,0.7333333333333333,1.0,0.26666666666666666,0.3333333333333333,wallet,IT,EUR
PM_000259,5,0,0,0,0,392.07,78.414,50.26,0.0859713535728782,0.2810438227590623,3,5,1,3,0.0,0.0,0.0,0.6,1.0,0.2,0.6,debit_card,GB,EUR
PM_004605,13,1,0,0,1,2802.79,215.59923076923076,228.52,0.08593620087270636,0.8841314898189107,7,13,3,8,0.07692307692307693,0.0,0.0,0.5384615384615384,1.0,0.23076923076923078,0.6153846153846154,credit_card,ES,EUR
PM_000010,5,0,0,0,0,481.21999999999997,96.244,45.57,0.0858537163683733,0.2890848142353973,3,5,3,2,0.0,0.0,0.0,0.6,1.0,0.6,0.4,credit_card,ES,EUR
PM_007646,6,1,0,0,0,429.42,71.57000000000001,28.13,0.08581072834839877,0.5034889533011163,0,6,1,0,0.16666666666666666,0.0,0.0,0.0,1.0,0.16666666666666666,0.0,debit_card,GB,EUR
PM_004136,17,0,0,0,1,1359.34,79.96117647058823,49.26,0.08563690309245135,0.8557440560400558,9,17,4,6,0.0,0.0,0.0,0.5294117647058824,1.0,0.23529411764705882,0.35294117647058826,wallet,GB,EUR
PM_003649,8,1,0,0,0,1347.52,168.44,151.495,0.08556756925207254,0.6216669674625047,4,8,0,4,0.125,0.0,0.0,0.5,1.0,0.0,0.5,credit_card,IT,EUR
PM_009215,14,0,0,0,1,1696.92,121.20857142857143,92.17,0.08549567183428808,0.8225361330632609,8,14,2,5,0.0,0.0,0.0,0.5714285714285714,1.0,0.14285714285714285,0.35714285714285715,credit_card,DE,EUR
PM_007851,4,0,0,0,0,466.67999999999995,116.66999999999999,91.475,0.08547381502698972,0.238246082059108,3,4,0,1,0.0,0.0,0.0,0.75,1.0,0.0,0.25,debit_card,FR,EUR
PM_006281,5,0,0,0,0,1792.07,358.414,151.2,0.08546282254587521,0.4120188687984892,3,5,1,0,0.0,0.0,0.0,0.6,1.0,0.2,0.0,debit_card,DE,EUR
PM_000789,12,1,0,0,1,688.3399999999999,57.36166666666666,36.58,0.08537980208052781,0.757818350182349,7,9,1,7,0.08333333333333333,0.0,0.0,0.5833333333333334,0.75,0.08333333333333333,0.5833333333333334,debit_card,ES,EUR
PM_001009,6,0,0,0,0,468.75,78.125,67.49,0.08534075027271627,0.3252243772480343,2,6,3,0,0.0,0.0,0.0,0.3333333333333333,1.0,0.5,0.0,wallet,US,EUR
PM_008830,5,0,0,0,0,212.63,42.525999999999996,28.33,0.08525404945812978,0.3778798779593047,1,5,2,1,0.0,0.0,0.0,0.2,1.0,0.4,0.2,credit_card,US,EUR
PM_010893,6,0,0,0,0,1128.29,188.04833333333332,161.57999999999998,0.08522497069528927,0.4066847193786191,3,5,1,0,0.0,0.0,0.0,0.5,0.8333333333333334,0.16666666666666666,0.0,debit_card,ES,EUR
PM_008477,13,1,1,1,0,1426.97,109.76692307692308,65.67,0.08511877700034517,0.9317115390948398,10,13,2,0,0.07692307692307693,0.07692307692307693,0.07692307692307693,0.7692307692307693,1.0,0.15384615384615385,0.0,credit_card,DE,EUR
PM_003509,8,0,0,0,0,663.45,82.93125,79.285,0.08511866684170838,0.2975289168364585,3,8,1,2,0.0,0.0,0.0,0.375,1.0,0.125,0.25,credit_card,GB,EUR
PM_008243,8,0,0,0,0,1183.97,147.99625,133.09,0.08511636852787254,0.4497456519532442,4,8,1,0,0.0,0.0,0.0,0.5,1.0,0.125,0.0,debit_card,GB,EUR
PM_007958,12,0,0,0,1,1225.17,102.09750000000001,65.45500000000001,0.08509537022995774,0.7290258043453129,7,12,2,4,0.0,0.0,0.0,0.5833333333333334,1.0,0.16666666666666666,0.3333333333333333,wallet,ES,EUR
PM_005128,11,0,0,0,0,1150.21,104.56454545454545,78.26,0.08502816374576692,0.4050667413600936,7,8,0,5,0.0,0.0,0.0,0.6363636363636364,0.7272727272727273,0.0,0.45454545454545453,credit_card,ES,EUR
PM_002565,7,0,0,0,0,421.17,60.167142857142856,39.84,0.0849906728335152,0.4671263504149853,3,4,3,1,0.0,0.0,0.0,0.42857142857142855,0.5714285714285714,0.42857142857142855,0.14285714285714285,credit_card,ES,EUR
PM_003535,14,0,0,0,0,1876.84,134.06,84.41999999999999,0.08494896712046861,0.3581646430334427,8,14,3,5,0.0,0.0,0.0,0.5714285714285714,1.0,0.21428571428571427,0.35714285714285715,wallet,DE,EUR
PM_004228,22,1,0,0,1,1653.56,75.16181818181818,47.82,0.08493356798573598,0.8693891895191485,11,19,2,13,0.045454545454545456,0.0,0.0,0.5,0.8636363636363636,0.09090909090909091,0.5909090909090909,credit_card,ES,EUR
PM_003223,10,0,0,0,0,422.28,42.227999999999994,35.96,0.08488931433483003,0.5457406839715213,3,10,2,0,0.0,0.0,0.0,0.3,1.0,0.2,0.0,wallet,US,EUR
PM_009412,4,0,0,0,0,266.31,66.5775,64.24000000000001,0.0848395181799015,0.260735869544232,3,4,0,3,0.0,0.0,0.0,0.75,1.0,0.0,0.75,credit_card,US,EUR
PM_005915,5,0,0,0,0,967.12,193.424,140.39,0.08473592034922119,0.3559147865767266,2,3,1,3,0.0,0.0,0.0,0.4,0.6,0.2,0.6,wallet,DE,EUR
PM_011227,8,0,0,0,0,437.90999999999997,54.738749999999996,41.425,0.08460131509546638,0.6139881865132064,5,8,1,0,0.0,0.0,0.0,0.625,1.0,0.125,0.0,wallet,ES,EUR
PM_002011,7,0,0,0,0,436.14,62.30571428571428,45.42,0.0844889521247663,0.5420477484842029,3,7,1,0,0.0,0.0,0.0,0.42857142857142855,1.0,0.14285714285714285,0.0,credit_card,ES,EUR
PM_010163,10,0,0,0,0,684.91,68.491,49.245000000000005,0.08441889381096908,0.626101034023373,4,5,2,0,0.0,0.0,0.0,0.4,0.5,0.2,0.0,debit_card,ES,EUR
PM_007938,11,0,0,0,0,1533.07,139.37,84.86,0.08437925566841004,0.339773751062376,6,9,3,1,0.0,0.0,0.0,0.5454545454545454,0.8181818181818182,0.2727272727272727,0.09090909090909091,debit_card,IT,EUR
PM_009131,10,0,0,0,0,1552.07,155.207,116.265,0.08436014929325568,0.5229936392887026,2,10,4,0,0.0,0.0,0.0,0.2,1.0,0.4,0.0,credit_card,IT,EUR
PM_006533,6,0,0,0,0,625.4699999999999,104.24499999999999,48.965,0.08434754095447722,0.4440816540858695,1,3,0,0,0.0,0.0,0.0,0.16666666666666666,0.5,0.0,0.0,debit_card,ES,EUR
PM_008091,3,0,0,0,0,1072.27,357.42333333333335,234.07,0.0842953023937623,0.2477599928298064,2,3,2,1,0.0,0.0,0.0,0.6666666666666666,1.0,0.6666666666666666,0.3333333333333333,wallet,DE,EUR
PM_008920,7,0,0,0,0,855.86,122.26571428571428,117.58,0.08425519720249178,0.560911912857731,5,7,0,0,0.0,0.0,0.0,0.7142857142857143,1.0,0.0,0.0,bank_transfer,ES,EUR
PM_010149,5,0,0,0,0,356.61,71.322,68.4,0.084219347647886,0.3830409470595679,2,5,2,5,0.0,0.0,0.0,0.4,1.0,0.4,1.0,credit_card,FR,EUR
PM_002209,17,0,0,0,0,3471.1,204.18235294117648,157.71,0.08419853849445336,0.515050855050484,9,17,4,4,0.0,0.0,0.0,0.5294117647058824,1.0,0.23529411764705882,0.23529411764705882,credit_card,FR,EUR
PM_009121,7,0,0,0,0,660.85,94.40714285714286,43.26,0.08410772071481705,0.4678376487336505,4,7,1,0,0.0,0.0,0.0,0.5714285714285714,1.0,0.14285714285714285,0.0,credit_card,FR,EUR
PM_006137,3,0,0,0,0,282.65,94.21666666666665,114.21,0.08408123647992781,0.2210508666628477,2,3,0,3,0.0,0.0,0.0,0.6666666666666666,1.0,0.0,1.0,wallet,US,EUR
PM_009878,13,0,0,0,0,782.67,60.20538461538461,22.85,0.08405910510904216,0.6335060379972483,6,13,3,0,0.0,0.0,0.0,0.46153846153846156,1.0,0.23076923076923078,0.0,debit_card,DE,EUR
PM_007023,8,0,0,0,0,1009.39,126.17375,61.14,0.08402058235392774,0.6477723330914262,4,8,1,7,0.0,0.0,0.0,0.5,1.0,0.125,0.875,wallet,DE,EUR
PM_004482,22,1,0,0,1,2054.21,93.37318181818182,50.72,0.08400193580913567,0.7958666064594948,15,22,3,2,0.045454545454545456,0.0,0.0,0.6818181818181818,1.0,0.13636363636363635,0.09090909090909091,credit_card,US,EUR
PM_011562,6,0,0,0,0,497.61,82.935,82.355,0.08393416494216473,0.3985224683831916,1,6,1,2,0.0,0.0,0.0,0.16666666666666666,1.0,0.16666666666666666,0.3333333333333333,debit_card,PT,EUR
PM_007478,15,0,1,1,0,972.75,64.85,50.05,0.08393095389819664,0.9532301922313252,12,14,3,10,0.0,0.06666666666666667,0.06666666666666667,0.8,0.9333333333333333,0.2,0.6666666666666666,wallet,ES,EUR
PM_005678,15,0,0,0,1,1570.01,104.66733333333333,98.79,0.08388537393530372,0.799141994785021,8,15,1,0,0.0,0.0,0.0,0.5333333333333333,1.0,0.06666666666666667,0.0,debit_card,GB,EUR
PM_007073,9,0,0,0,1,787.25,87.47222222222223,51.18,0.08388465160581925,0.7053076284512841,1,4,3,0,0.0,0.0,0.0,0.1111111111111111,0.4444444444444444,0.3333333333333333,0.0,credit_card,ES,EUR
PM_001311,8,0,0,0,0,861.5300000000001,107.69125000000001,75.065,0.08387623924207419,0.5591463920627332,4,8,1,3,0.0,0.0,0.0,0.5,1.0,0.125,0.375,credit_card,US,EUR
PM_009597,13,0,0,0,0,2930.77,225.44384615384615,103.11,0.0838702986709437,0.6451464738446254,7,13,4,0,0.0,0.0,0.0,0.5384615384615384,1.0,0.3076923076923077,0.0,debit_card,IT,EUR
PM_006028,3,0,0,0,0,150.17000000000002,50.05666666666667,21.64,0.0838635755852052,0.2506384182617293,0,0,0,3,0.0,0.0,0.0,0.0,0.0,0.0,1.0,debit_card,ES,EUR
PM_010891,14,0,0,0,0,913.29,65.235,18.045,0.08374520023398435,0.4598363653397338,5,7,3,1,0.0,0.0,0.0,0.35714285714285715,0.5,0.21428571428571427,0.07142857142857142,credit_card,ES,EUR
PM_008731,9,0,0,0,1,637.78,70.86444444444444,25.37,0.08357905653513142,0.738538488824759,1,9,1,0,0.0,0.0,0.0,0.1111111111111111,1.0,0.1111111111111111,0.0,debit_card,DE,EUR
PM_011862,7,0,0,0,0,1156.21,165.17285714285714,75.13,0.08356192249147405,0.5478730593191105,3,5,3,5,0.0,0.0,0.0,0.42857142857142855,0.7142857142857143,0.42857142857142855,0.7142857142857143,credit_card,FR,EUR
PM_002612,11,0,0,0,0,959.1899999999999,87.1990909090909,57.25,0.08344772234960665,0.6252829405566664,6,11,4,1,0.0,0.0,0.0,0.5454545454545454,1.0,0.36363636363636365,0.09090909090909091,credit_card,ES,EUR
PM_007998,18,0,0,0,1,1555.1399999999999,86.39666666666666,73.91499999999999,0.08339908397303392,0.7935161920344244,9,18,4,13,0.0,0.0,0.0,0.5,1.0,0.2222222222222222,0.7222222222222222,debit_card,US,EUR
PM_004578,9,0,0,0,0,1531.58,170.17555555555555,165.18,0.08324746699252844,0.2886275852783061,7,9,1,9,0.0,0.0,0.0,0.7777777777777778,1.0,0.1111111111111111,1.0,debit_card,ES,EUR
PM_011471,8,0,0,0,0,426.28000000000003,53.285000000000004,29.37,0.08318384978095485,0.5796276773571347,4,8,1,8,0.0,0.0,0.0,0.5,1.0,0.125,1.0,wallet,DE,EUR
PM_006840,7,0,0,0,0,1089.44,155.6342857142857,88.39,0.08317329297986331,0.451300637679344,4,6,1,0,0.0,0.0,0.0,0.5714285714285714,0.8571428571428571,0.14285714285714285,0.0,credit_card,PT,EUR
PM_007857,12,0,0,0,1,693.38,57.781666666666666,35.885000000000005,0.08314638746843393,0.8050941699912771,6,12,2,3,0.0,0.0,0.0,0.5,1.0,0.16666666666666666,0.25,wallet,IT,EUR
PM_001402,5,0,0,0,0,308.11,61.622,53.35,0.0831165265609661,0.400075506227168,1,5,2,3,0.0,0.0,0.0,0.2,1.0,0.4,0.6,credit_card,FR,EUR
PM_000743,5,0,0,0,0,999.99,199.998,213.31,0.0831070564922046,0.3437896572673531,3,4,0,1,0.0,0.0,0.0,0.6,0.8,0.0,0.2,debit_card,ES,EUR
PM_004017,3,0,0,0,0,272.57,90.85666666666667,41.21,0.08309723356297354,0.2208619112649636,2,3,0,0,0.0,0.0,0.0,0.6666666666666666,1.0,0.0,0.0,debit_card,ES,EUR
PM_007178,16,0,0,0,1,3026.82,189.17625,145.41500000000002,0.08307528815773715,0.7573984828413766,9,16,2,1,0.0,0.0,0.0,0.5625,1.0,0.125,0.0625,debit_card,DE,EUR
PM_008597,12,1,1,1,0,1203.92,100.32666666666667,53.144999999999996,0.08307257171496234,0.9198437868819352,8,12,2,0,0.08333333333333333,0.08333333333333333,0.08333333333333333,0.6666666666666666,1.0,0.16666666666666666,0.0,debit_card,DE,EUR
PM_004438,10,0,0,0,0,1406.35,140.635,108.125,0.08289160564697198,0.5347810853879663,2,4,2,2,0.0,0.0,0.0,0.2,0.4,0.2,0.2,credit_card,ES,EUR
PM_004367,6,0,0,0,0,1101.7,183.61666666666667,170.45,0.08282588483583504,0.3763472209176421,4,6,1,2,0.0,0.0,0.0,0.6666666666666666,1.0,0.16666666666666666,0.3333333333333333,debit_card,ES,EUR
PM_006468,15,1,1,1,0,1972.3999999999999,131.4933333333333,85.3,0.08265433915069696,0.9938481631720348,11,15,1,8,0.06666666666666667,0.06666666666666667,0.06666666666666667,0.7333333333333333,1.0,0.06666666666666667,0.5333333333333333,debit_card,US,EUR
PM_010316,9,0,0,0,1,690.85,76.76111111111112,73.4,0.0825946611912155,0.7221040180322641,6,8,2,1,0.0,0.0,0.0,0.6666666666666666,0.8888888888888888,0.2222222222222222,0.1111111111111111,debit_card,ES,EUR
PM_008978,4,0,0,0,0,414.76,103.69,64.48,0.08230363655134963,0.2905253892947514,1,4,1,1,0.0,0.0,0.0,0.25,1.0,0.25,0.25,credit_card,US,EUR
PM_004577,7,0,0,0,0,607.77,86.82428571428571,36.75,0.08213924701222419,0.5476864411177056,2,7,0,0,0.0,0.0,0.0,0.2857142857142857,1.0,0.0,0.0,debit_card,US,EUR
PM_004033,13,0,0,0,0,1943.23,149.47923076923078,128.51,0.0821296474560279,0.6276084712600571,6,13,2,0,0.0,0.0,0.0,0.46153846153846156,1.0,0.15384615384615385,0.0,credit_card,ES,EUR
PM_002175,5,0,0,0,0,898.75,179.75,150.03,0.08211194843909128,0.3977040752666974,4,5,2,3,0.0,0.0,0.0,0.8,1.0,0.4,0.6,credit_card,PT,EUR
PM_005199,6,0,0,0,0,615.53,102.58833333333332,84.755,0.08210990638659767,0.2807733862343389,4,6,0,3,0.0,0.0,0.0,0.6666666666666666,1.0,0.0,0.5,wallet,FR,EUR
PM_009588,4,0,0,0,0,98.83,24.7075,24.775,0.08201044753190605,0.325725287139277,3,4,1,4,0.0,0.0,0.0,0.75,1.0,0.25,1.0,credit_card,ES,EUR
PM_008503,9,0,0,0,0,604.73,67.19222222222223,43.24,0.08199482616643711,0.6528513498486701,5,9,3,0,0.0,0.0,0.0,0.5555555555555556,1.0,0.3333333333333333,0.0,credit_card,ES,EUR
PM_011409,7,0,0,0,0,1085.77,155.10999999999999,116.54,0.08198756453177633,0.5209356785845869,4,7,2,2,0.0,0.0,0.0,0.5714285714285714,1.0,0.2857142857142857,0.2857142857142857,credit_card,GB,EUR
PM_002968,12,0,0,0,1,1293.87,107.82249999999999,92.56,0.08196216470472632,0.7619920617074795,8,12,1,0,0.0,0.0,0.0,0.6666666666666666,1.0,0.08333333333333333,0.0,debit_card,DE,EUR
PM_005925,11,0,0,0,1,968.84,88.07636363636364,30.49,0.08195791574437444,0.8631630744078578,1,2,1,1,0.0,0.0,0.0,0.09090909090909091,0.18181818181818182,0.09090909090909091,0.09090909090909091,wallet,ES,EUR
PM_001681,10,0,0,0,0,1104.94,110.494,63.735,0.08193781667860298,0.5091127637616543,6,10,1,2,0.0,0.0,0.0,0.6,1.0,0.1,0.2,credit_card,IT,EUR
PM_002224,6,0,0,0,0,1729.83,288.305,263.705,0.08188856469507802,0.3231331284625974,2,6,1,0,0.0,0.0,0.0,0.3333333333333333,1.0,0.16666666666666666,0.0,bank_transfer,ES,EUR
PM_008366,6,0,0,0,0,825.13,137.52166666666668,112.36500000000001,0.0818862542594651,0.2881329461349937,3,6,2,2,0.0,0.0,0.0,0.5,1.0,0.3333333333333333,0.3333333333333333,wallet,US,EUR
PM_010984,10,0,0,0,0,1517.0,151.7,146.29,0.0818263707059309,0.5118432922761088,4,10,2,0,0.0,0.0,0.0,0.4,1.0,0.2,0.0,credit_card,US,EUR
PM_005422,7,0,0,0,0,1471.68,210.24,115.65,0.08178544793383538,0.4547237988082772,4,7,0,4,0.0,0.0,0.0,0.5714285714285714,1.0,0.0,0.5714285714285714,debit_card,FR,EUR
PM_005928,15,0,0,0,1,2346.77,156.45133333333334,122.74,0.08178038491107364,0.7573089479156558,3,5,2,5,0.0,0.0,0.0,0.2,0.3333333333333333,0.13333333333333333,0.3333333333333333,credit_card,ES,EUR
PM_002828,8,1,0,0,0,226.34,28.2925,19.645000000000003,0.0817553662509366,0.6296182948622407,3,8,2,0,0.125,0.0,0.0,0.375,1.0,0.25,0.0,debit_card,ES,EUR
PM_011444,11,0,0,0,0,2225.96,202.36,89.31,0.0817495905188374,0.6315825249545313,6,8,0,3,0.0,0.0,0.0,0.5454545454545454,0.7272727272727273,0.0,0.2727272727272727,credit_card,IT,EUR
PM_009389,6,0,0,0,0,991.2199999999999,165.20333333333332,160.725,0.08163196319369646,0.3556759815678743,2,6,3,0,0.0,0.0,0.0,0.3333333333333333,1.0,0.5,0.0,credit_card,PT,EUR
PM_003147,13,0,0,0,1,1653.46,127.18923076923078,88.59,0.08155252915020454,0.7160143127880344,5,13,2,10,0.0,0.0,0.0,0.38461538461538464,1.0,0.15384615384615385,0.7692307692307693,credit_card,PT,EUR
PM_004344,14,0,0,0,0,1582.08,113.00571428571428,78.055,0.08154185018732077,0.5592825864155929,9,14,2,0,0.0,0.0,0.0,0.6428571428571429,1.0,0.14285714285714285,0.0,credit_card,DE,EUR
PM_000518,6,0,0,0,0,384.98,64.16333333333334,43.15,0.08143463389154736,0.2797445695298422,6,6,2,0,0.0,0.0,0.0,1.0,1.0,0.3333333333333333,0.0,debit_card,ES,EUR
PM_011685,12,0,1,1,0,743.96,61.99666666666667,55.39,0.08137375119134509,0.9411323533790078,6,12,3,0,0.0,0.08333333333333333,0.08333333333333333,0.5,1.0,0.25,0.0,wallet,ES,EUR
PM_002762,9,0,0,0,0,710.33,78.92555555555556,50.24,0.08136808335482101,0.6881336871999592,3,9,1,0,0.0,0.0,0.0,0.3333333333333333,1.0,0.1111111111111111,0.0,credit_card,DE,EUR
PM_009423,9,1,0,0,0,291.21,32.35666666666666,16.64,0.08119876512770666,0.6513147126548093,5,9,2,0,0.1111111111111111,0.0,0.0,0.5555555555555556,1.0,0.2222222222222222,0.0,credit_card,US,EUR
PM_000556,8,0,0,0,0,329.88,41.235,24.5,0.08113679569646653,0.6036072113739167,2,4,1,6,0.0,0.0,0.0,0.25,0.5,0.125,0.75,credit_card,ES,EUR
PM_002215,5,0,0,0,0,530.65,106.13,48.65,0.08113324539197814,0.1727004094394583,3,5,2,3,0.0,0.0,0.0,0.6,1.0,0.4,0.6,credit_card,FR,EUR
PM_003040,6,0,0,0,0,177.36,29.560000000000002,30.145,0.08108363910294206,0.4557091631345405,4,4,0,4,0.0,0.0,0.0,0.6666666666666666,0.6666666666666666,0.0,0.6666666666666666,debit_card,PT,EUR
PM_002154,9,0,0,0,0,567.93,63.103333333333325,61.23,0.08107021948595282,0.6322248566735563,7,9,4,0,0.0,0.0,0.0,0.7777777777777778,1.0,0.4444444444444444,0.0,wallet,ES,EUR
PM_008273,18,1,0,0,1,3145.52,174.7511111111111,101.07499999999999,0.08105433141911315,0.8032290585913353,9,18,5,1,0.05555555555555555,0.0,0.0,0.5,1.0,0.2777777777777778,0.05555555555555555,bank_transfer,ES,EUR
PM_010802,7,0,0,0,0,549.61,78.51571428571428,81.21,0.08097790778596693,0.2583856078434722,4,7,4,0,0.0,0.0,0.0,0.5714285714285714,1.0,0.5714285714285714,0.0,credit_card,FR,EUR
PM_009805,8,0,0,0,0,1030.91,128.86375,120.395,0.08083388274436752,0.3160417071573402,7,8,0,7,0.0,0.0,0.0,0.875,1.0,0.0,0.875,wallet,ES,EUR
PM_008861,8,0,0,0,0,577.97,72.24625,58.935,0.08034027290588207,0.3901969803366539,3,4,3,2,0.0,0.0,0.0,0.375,0.5,0.375,0.25,bank_transfer,FR,EUR
PM_011560,6,0,0,0,0,914.59,152.43166666666667,122.005,0.0803256545353843,0.2226188851496069,3,6,0,0,0.0,0.0,0.0,0.5,1.0,0.0,0.0,credit_card,FR,EUR
PM_010819,8,0,0,0,0,1246.6299999999999,155.82874999999999,122.9,0.08024315627148423,0.6369231932928177,5,8,1,0,0.0,0.0,0.0,0.625,1.0,0.125,0.0,debit_card,ES,EUR
PM_007702,10,0,0,0,0,3920.79,392.079,222.945,0.08019102035801566,0.4263809193015029,2,5,4,0,0.0,0.0,0.0,0.2,0.5,0.4,0.0,credit_card,ES,EUR
PM_011189,5,0,0,0,0,481.1,96.22,58.89,0.08017668591940752,0.335306799673422,2,2,0,1,0.0,0.0,0.0,0.4,0.4,0.0,0.2,wallet,ES,EUR
PM_004780,3,0,0,0,0,694.71,231.57000000000002,330.41,0.0800927401735916,0.1406188303154475,3,3,1,0,0.0,0.0,0.0,1.0,1.0,0.3333333333333333,0.0,credit_card,ES,EUR
PM_005278,8,0,0,0,0,1467.22,183.4025,129.075,0.08009111175261098,0.5396955085288906,5,6,1,1,0.0,0.0,0.0,0.625,0.75,0.125,0.125,debit_card,ES,EUR
PM_009101,8,0,0,0,0,503.03,62.87875,62.26,0.08008324644776453,0.6010528986482961,4,8,2,0,0.0,0.0,0.0,0.5,1.0,0.25,0.0,debit_card,US,EUR
PM_007953,5,0,0,0,0,1300.74,260.148,120.5,0.07999795451602927,0.3898082632281109,1,5,1,0,0.0,0.0,0.0,0.2,1.0,0.2,0.0,credit_card,FR,EUR
PM_003890,18,0,0,0,1,1388.04,77.11333333333333,70.46000000000001,0.0799445468282277,0.7297938530265551,5,18,2,11,0.0,0.0,0.0,0.2777777777777778,1.0,0.1111111111111111,0.6111111111111112,debit_card,US,EUR
PM_002239,3,0,0,0,0,219.79000000000002,73.26333333333334,83.01,0.07980422794197886,0.2146196442765343,2,3,0,1,0.0,0.0,0.0,0.6666666666666666,1.0,0.0,0.3333333333333333,credit_card,US,EUR
PM_002169,5,0,0,0,0,165.43,33.086,33.32,0.07976074728467557,0.3693634911710644,4,4,1,0,0.0,0.0,0.0,0.8,0.8,0.2,0.0,credit_card,ES,EUR
PM_009603,5,0,0,0,0,1051.68,210.336,234.06,0.07968003507038071,0.300782104558791,4,5,0,4,0.0,0.0,0.0,0.8,1.0,0.0,0.8,wallet,GB,EUR
PM_004939,10,0,0,0,0,1431.01,143.101,77.11,0.07966295649076335,0.4750641522415644,4,8,4,2,0.0,0.0,0.0,0.4,0.8,0.4,0.2,debit_card,ES,EUR
PM_004793,16,0,0,0,1,2444.44,152.7775,75.71000000000001,0.0796258064075054,0.7761774140435346,9,12,3,4,0.0,0.0,0.0,0.5625,0.75,0.1875,0.25,credit_card,ES,EUR
PM_011113,27,0,1,1,1,2628.09,97.33666666666667,51.17,0.07948967700179399,0.9276368489744484,15,22,3,10,0.0,0.037037037037037035,0.037037037037037035,0.5555555555555556,0.8148148148148148,0.1111111111111111,0.37037037037037035,credit_card,IT,EUR
PM_003270,14,0,0,0,1,1583.77,113.12642857142858,84.895,0.07948950917675836,0.7068286190544377,8,14,2,3,0.0,0.0,0.0,0.5714285714285714,1.0,0.14285714285714285,0.21428571428571427,credit_card,DE,EUR
PM_001695,9,0,0,0,0,621.0,69.0,45.86,0.07938519042512661,0.699078767048036,1,9,1,0,0.0,0.0,0.0,0.1111111111111111,1.0,0.1111111111111111,0.0,debit_card,US,EUR
PM_007109,7,0,0,0,0,309.55,44.221428571428575,32.8,0.07938052463165515,0.2722409489567447,4,7,1,3,0.0,0.0,0.0,0.5714285714285714,1.0,0.14285714285714285,0.42857142857142855,debit_card,GB,EUR
PM_003526,4,0,0,0,0,136.32,34.08,41.355000000000004,0.07937516839734551,0.3117314932025412,3,4,0,0,0.0,0.0,0.0,0.75,1.0,0.0,0.0,credit_card,ES,EUR
PM_009360,10,0,0,0,0,1540.28,154.028,109.53,0.07935537214239911,0.686123435917992,5,10,3,1,0.0,0.0,0.0,0.5,1.0,0.3,0.1,credit_card,FR,EUR
PM_009927,4,0,0,0,0,477.64,119.41,95.17,0.07921509361849152,0.1209378781468353,0,3,3,4,0.0,0.0,0.0,0.0,0.75,0.75,1.0,wallet,ES,EUR
PM_007952,9,0,0,0,0,1082.78,120.30888888888889,60.56,0.07918935198647424,0.661071085460111,1,9,1,1,0.0,0.0,0.0,0.1111111111111111,1.0,0.1111111111111111,0.1111111111111111,bank_transfer,US,EUR
PM_002926,11,0,0,0,1,2158.45,196.22272727272727,111.37,0.07918863238757222,0.8384495701646032,8,11,4,0,0.0,0.0,0.0,0.7272727272727273,1.0,0.36363636363636365,0.0,credit_card,IT,EUR
PM_000532,8,0,0,0,0,741.35,92.66875,63.46000000000001,0.07901110542390918,0.3249351589084966,4,7,3,0,0.0,0.0,0.0,0.5,0.875,0.375,0.0,credit_card,ES,EUR
PM_010547,12,0,0,0,0,1353.4,112.78333333333335,102.13,0.07896711484963245,0.599110539978316,6,12,5,1,0.0,0.0,0.0,0.5,1.0,0.4166666666666667,0.08333333333333333,debit_card,GB,EUR
PM_011740,4,0,0,0,0,236.25,59.0625,56.495,0.07892547347333118,0.2942253154279265,1,1,0,4,0.0,0.0,0.0,0.25,0.25,0.0,1.0,bank_transfer,ES,EUR
PM_003796,26,1,0,0,2,2158.64,83.02461538461537,61.41499999999999,0.07889394490151047,0.8636642115067739,15,19,4,25,0.038461538461538464,0.0,0.0,0.5769230769230769,0.7307692307692307,0.15384615384615385,0.9615384615384616,credit_card,ES,EUR
PM_008275,7,0,0,0,0,551.31,78.75857142857141,50.4,0.0788852840994022,0.2910875383181028,3,7,0,7,0.0,0.0,0.0,0.42857142857142855,1.0,0.0,1.0,credit_card,PT,EUR
PM_001391,13,1,0,0,0,2782.19,214.01461538461538,155.9,0.0788791483251899,0.5092785473692325,8,13,2,0,0.07692307692307693,0.0,0.0,0.6153846153846154,1.0,0.15384615384615385,0.0,bank_transfer,FR,EUR
PM_008567,3,0,0,0,0,518.83,172.94333333333336,133.08,0.07883007675136494,0.2335784993611139,2,2,0,0,0.0,0.0,0.0,0.6666666666666666,0.6666666666666666,0.0,0.0,debit_card,ES,EUR
PM_006265,16,1,0,0,1,1065.41,66.588125,33.1,0.07882307831155984,0.8311987784578123,7,12,4,0,0.0625,0.0,0.0,0.4375,0.75,0.25,0.0,credit_card,ES,EUR
PM_005776,6,0,0,0,0,1529.5900000000001,254.9316666666667,183.745,0.07880432572230932,0.1997850009820648,5,6,0,0,0.0,0.0,0.0,0.8333333333333334,1.0,0.0,0.0,credit_card,IT,EUR
PM_005196,12,0,0,0,1,2421.06,201.755,195.925,0.07878499006043284,0.8335778720227547,10,12,2,9,0.0,0.0,0.0,0.8333333333333334,1.0,0.16666666666666666,0.75,credit_card,US,EUR
PM_007177,15,0,1,1,0,1555.8899999999999,103.72599999999998,87.08,0.0787811162850067,0.9542054904625856,8,15,1,3,0.0,0.06666666666666667,0.06666666666666667,0.5333333333333333,1.0,0.06666666666666667,0.2,credit_card,DE,EUR
PM_008268,3,1,0,0,0,294.22,98.07333333333334,105.44,0.07877301631209513,0.2141943596472426,1,3,1,0,0.3333333333333333,0.0,0.0,0.3333333333333333,1.0,0.3333333333333333,0.0,debit_card,ES,EUR
PM_004699,10,0,0,0,0,1009.9,100.99,54.625,0.07876565943759528,0.6330823442737923,5,8,2,0,0.0,0.0,0.0,0.5,0.8,0.2,0.0,credit_card,ES,EUR
PM_006384,6,0,0,0,0,757.07,126.17833333333334,97.135,0.07868998625916855,0.3655832846085023,3,6,1,1,0.0,0.0,0.0,0.5,1.0,0.16666666666666666,0.16666666666666666,wallet,PT,EUR
PM_009325,3,0,0,0,0,454.07,151.35666666666665,92.24,0.0786544605192616,0.1383031732545468,2,3,1,0,0.0,0.0,0.0,0.6666666666666666,1.0,0.3333333333333333,0.0,debit_card,GB,EUR
PM_001162,6,1,0,0,0,733.73,122.28833333333334,101.94,0.0786225757351495,0.4614510875824111,3,4,1,0,0.16666666666666666,0.0,0.0,0.5,0.6666666666666666,0.16666666666666666,0.0,credit_card,ES,EUR
PM_009047,4,0,0,0,0,428.18,107.045,68.055,0.0784621132149323,0.3067163905440174,1,1,0,1,0.0,0.0,0.0,0.25,0.25,0.0,0.25,debit_card,PT,EUR
PM_006796,15,0,0,0,0,2894.39,192.95933333333332,95.11,0.07834572154870373,0.5023320529461376,8,15,1,5,0.0,0.0,0.0,0.5333333333333333,1.0,0.06666666666666667,0.3333333333333333,wallet,FR,EUR
PM_008683,17,0,0,0,1,2026.79,119.22294117647058,62.23,0.07833561709378176,0.809945433942783,12,17,2,3,0.0,0.0,0.0,0.7058823529411765,1.0,0.11764705882352941,0.17647058823529413,wallet,US,EUR
PM_001015,16,1,1,1,0,1382.69,86.418125,51.71,0.07831783459358244,0.9885727897350997,8,16,3,1,0.0625,0.0625,0.0625,0.5,1.0,0.1875,0.0625,credit_card,US,EUR
PM_011747,12,0,0,0,0,1371.29,114.27416666666666,75.065,0.0782501064254291,0.690834294267504,7,11,3,0,0.0,0.0,0.0,0.5833333333333334,0.9166666666666666,0.25,0.0,credit_card,ES,EUR
PM_010587,4,0,0,0,0,1288.26,322.065,329.515,0.0781823956026776,0.2340754652840184,0,4,1,4,0.0,0.0,0.0,0.0,1.0,0.25,1.0,credit_card,DE,EUR
PM_001963,3,0,0,0,0,255.68,85.22666666666667,99.95,0.0781643270005193,0.2332045079947321,2,3,1,2,0.0,0.0,0.0,0.6666666666666666,1.0,0.3333333333333333,0.6666666666666666,debit_card,IT,EUR
PM_003088,4,0,0,0,0,664.06,166.015,21.970000000000002,0.07815876422671687,0.3120858220271247,2,4,1,1,0.0,0.0,0.0,0.5,1.0,0.25,0.25,credit_card,ES,EUR
PM_011084,4,0,0,0,0,216.93,54.2325,53.375,0.07806222195032067,0.2977938653089269,1,4,0,3,0.0,0.0,0.0,0.25,1.0,0.0,0.75,credit_card,US,EUR
PM_009740,4,0,0,0,0,386.98,96.745,80.815,0.07800500585066723,0.3036465214355517,2,4,1,2,0.0,0.0,0.0,0.5,1.0,0.25,0.5,credit_card,GB,EUR
PM_005972,3,0,0,0,0,483.98,161.32666666666668,190.0,0.07798326950614207,0.1227067924813948,1,2,0,3,0.0,0.0,0.0,0.3333333333333333,0.6666666666666666,0.0,1.0,credit_card,FR,EUR
PM_010844,15,0,0,0,0,1667.7,111.18,65.97,0.07794759717886499,0.6773059561821778,9,15,3,2,0.0,0.0,0.0,0.6,1.0,0.2,0.13333333333333333,bank_transfer,US,EUR
PM_008236,20,0,0,0,1,1562.1,78.10499999999999,50.75,0.0779333825587529,0.7287903007392517,9,20,3,10,0.0,0.0,0.0,0.45,1.0,0.15,0.5,credit_card,GB,EUR
PM_006780,6,0,0,0,0,836.01,139.335,116.515,0.07790038558247704,0.4429449031968178,3,6,0,0,0.0,0.0,0.0,0.5,1.0,0.0,0.0,credit_card,ES,EUR
PM_008224,7,0,0,0,0,601.9,85.98571428571428,35.62,0.07781939292830871,0.2359790310465717,3,4,0,5,0.0,0.0,0.0,0.42857142857142855,0.5714285714285714,0.0,0.7142857142857143,credit_card,ES,EUR
PM_000328,14,0,0,0,1,1424.6100000000001,101.75785714285715,95.805,0.07777042406173486,0.8243630359920583,7,14,3,0,0.0,0.0,0.0,0.5,1.0,0.21428571428571427,0.0,credit_card,IT,EUR
PM_003749,11,0,0,0,1,865.53,78.68454545454546,36.22,0.07772878328725354,0.7332494839190101,4,11,3,7,0.0,0.0,0.0,0.36363636363636365,1.0,0.2727272727272727,0.6363636363636364,debit_card,PT,EUR
PM_006898,18,1,0,0,1,1914.47,106.35944444444445,73.16,0.07768471408662025,0.8335301443847764,12,18,4,2,0.05555555555555555,0.0,0.0,0.6666666666666666,1.0,0.2222222222222222,0.1111111111111111,debit_card,ES,EUR
PM_002139,12,1,0,0,0,710.32,59.193333333333335,37.925,0.07766719618483381,0.4187262322927989,5,12,2,2,0.08333333333333333,0.0,0.0,0.4166666666666667,1.0,0.16666666666666666,0.16666666666666666,credit_card,GB,EUR
PM_006060,18,0,0,0,0,2318.6,128.8111111111111,80.97,0.07760909235506472,0.4868821627466454,10,12,4,12,0.0,0.0,0.0,0.5555555555555556,0.6666666666666666,0.2222222222222222,0.6666666666666666,credit_card,FR,EUR
PM_001808,10,0,0,0,1,1764.8999999999999,176.48999999999998,113.12,0.07756676085545675,0.728388304010303,2,4,1,4,0.0,0.0,0.0,0.2,0.4,0.1,0.4,bank_transfer,ES,EUR
PM_003619,5,0,0,0,0,617.34,123.468,106.61,0.0775590080291511,0.3036468020667129,2,5,2,5,0.0,0.0,0.0,0.4,1.0,0.4,1.0,credit_card,FR,EUR
PM_010665,16,0,0,0,1,1182.73,73.920625,39.305,0.07751465315353298,0.7732093012017925,6,16,3,0,0.0,0.0,0.0,0.375,1.0,0.1875,0.0,credit_card,GB,EUR
PM_000204,4,0,0,0,0,456.29,114.0725,52.795,0.07750106168207183,0.2746787218590183,2,4,1,4,0.0,0.0,0.0,0.5,1.0,0.25,1.0,credit_card,US,EUR
PM_007808,5,0,0,0,0,560.29,112.05799999999999,117.58,0.07747054962602744,0.3457252276855964,3,4,0,2,0.0,0.0,0.0,0.6,0.8,0.0,0.4,credit_card,ES,EUR
PM_008575,10,0,0,0,0,830.44,83.04400000000001,53.94,0.07746247874148057,0.662831749652979,8,10,3,0,0.0,0.0,0.0,0.8,1.0,0.3,0.0,wallet,ES,EUR
PM_010287,5,0,0,0,0,655.4399999999999,131.088,70.36,0.07744167169288452,0.1516269109390075,2,5,0,0,0.0,0.0,0.0,0.4,1.0,0.0,0.0,debit_card,PT,EUR
PM_002484,18,0,0,0,1,1523.3,84.62777777777778,37.115,0.07743274167916778,0.85078335719519,7,10,2,6,0.0,0.0,0.0,0.3888888888888889,0.5555555555555556,0.1111111111111111,0.3333333333333333,credit_card,ES,EUR
PM_008698,13,1,1,1,0,1557.41,119.80076923076923,60.01,0.07733371576283604,0.9201934916818674,4,13,1,0,0.07692307692307693,0.07692307692307693,0.07692307692307693,0.3076923076923077,1.0,0.07692307692307693,0.0,credit_card,FR,EUR
PM_004225,4,0,0,0,0,393.3,98.325,85.58,0.07730941390577514,0.2647118380321204,3,4,2,2,0.0,0.0,0.0,0.75,1.0,0.5,0.5,credit_card,FR,EUR
PM_011942,10,0,0,0,0,1736.18,173.618,130.45,0.07728378129804112,0.3993147500365705,8,10,2,0,0.0,0.0,0.0,0.8,1.0,0.2,0.0,credit_card,IT,EUR
PM_003354,10,0,0,0,0,1718.91,171.89100000000002,91.09,0.07704799150377994,0.4888069003356805,1,9,2,3,0.0,0.0,0.0,0.1,0.9,0.2,0.3,wallet,PT,EUR
PM_002159,9,0,0,0,0,571.9300000000001,63.54777777777778,50.49,0.07703568446796216,0.6138217171443869,5,9,1,3,0.0,0.0,0.0,0.5555555555555556,1.0,0.1111111111111111,0.3333333333333333,bank_transfer,DE,EUR
PM_008838,7,0,0,0,0,695.46,99.35142857142857,68.21,0.07703268773996112,0.5189262338551424,6,6,3,0,0.0,0.0,0.0,0.8571428571428571,0.8571428571428571,0.42857142857142855,0.0,credit_card,PT,EUR
PM_007123,3,0,0,0,0,129.26999999999998,43.089999999999996,47.85,0.07689517294011816,0.2269326288480553,2,3,1,0,0.0,0.0,0.0,0.6666666666666666,1.0,0.3333333333333333,0.0,wallet,DE,EUR
PM_005958,6,0,0,0,0,670.15,111.69166666666666,87.44,0.07685407882764796,0.1559736625205625,2,6,0,3,0.0,0.0,0.0,0.3333333333333333,1.0,0.0,0.5,debit_card,IT,EUR
PM_002834,11,0,0,0,0,953.2299999999999,86.65727272727271,55.6,0.07673149023423005,0.4791347449081112,7,10,3,1,0.0,0.0,0.0,0.6363636363636364,0.9090909090909091,0.2727272727272727,0.09090909090909091,credit_card,ES,EUR
PM_008800,7,0,0,0,0,653.01,93.28714285714285,25.44,0.07671132317979863,0.4992886051088179,3,7,2,0,0.0,0.0,0.0,0.42857142857142855,1.0,0.2857142857142857,0.0,debit_card,US,EUR
PM_011505,11,0,0,0,1,568.15,51.65,34.88,0.07666134480033414,0.7457633409329002,9,11,5,1,0.0,0.0,0.0,0.8181818181818182,1.0,0.45454545454545453,0.09090909090909091,wallet,IT,EUR
PM_005295,3,0,0,0,0,418.84000000000003,139.61333333333334,90.11,0.0766295352712711,0.1124329829589946,2,3,1,2,0.0,0.0,0.0,0.6666666666666666,1.0,0.3333333333333333,0.6666666666666666,credit_card,IT,EUR
PM_010805,12,0,0,0,1,1991.35,165.94583333333333,148.54,0.07660969825980679,0.7081636659767461,6,6,1,0,0.0,0.0,0.0,0.5,0.5,0.08333333333333333,0.0,credit_card,ES,EUR
PM_001572,8,0,0,0,0,415.25,51.90625,41.555,0.07654303898579644,0.5516007970904534,8,8,2,0,0.0,0.0,0.0,1.0,1.0,0.25,0.0,debit_card,FR,EUR
PM_011142,23,0,0,0,0,1421.37,61.79869565217391,51.82,0.0765419473669709,0.5138843242243407,10,18,6,0,0.0,0.0,0.0,0.43478260869565216,0.782608695652174,0.2608695652173913,0.0,wallet,ES,EUR
PM_008291,5,0,0,0,0,2412.87,482.57399999999996,439.37,0.07653982270882358,0.3652285655431791,2,4,0,0,0.0,0.0,0.0,0.4,0.8,0.0,0.0,bank_transfer,ES,EUR
PM_011296,7,0,0,0,0,466.83000000000004,66.69000000000001,34.38,0.0765229923278922,0.4868820300291386,3,7,1,0,0.0,0.0,0.0,0.42857142857142855,1.0,0.14285714285714285,0.0,wallet,US,EUR
PM_010663,9,0,0,0,0,718.41,79.82333333333332,55.39,0.07650501017518468,0.2474569846437519,3,9,1,3,0.0,0.0,0.0,0.3333333333333333,1.0,0.1111111111111111,0.3333333333333333,wallet,FR,EUR
PM_005357,10,0,0,0,1,1233.22,123.322,41.290000000000006,0.07646486928896475,0.752611015201066,5,10,2,0,0.0,0.0,0.0,0.5,1.0,0.2,0.0,debit_card,FR,EUR
PM_007170,18,1,1,1,0,3532.12,196.2288888888889,137.47,0.07645289469090888,0.911295033710016,8,13,2,3,0.05555555555555555,0.05555555555555555,0.05555555555555555,0.4444444444444444,0.7222222222222222,0.1111111111111111,0.16666666666666666,credit_card,FR,EUR
PM_009421,24,1,1,1,0,3337.1,139.04583333333332,93.4,0.07641976684109981,0.9946730327288948,12,24,4,6,0.041666666666666664,0.041666666666666664,0.041666666666666664,0.5,1.0,0.16666666666666666,0.25,credit_card,GB,EUR
PM_007442,8,0,0,0,0,2813.42,351.6775,317.23,0.07634928370228085,0.388739157318176,0,8,1,1,0.0,0.0,0.0,0.0,1.0,0.125,0.125,bank_transfer,GB,EUR
PM_009452,13,0,0,0,0,1132.77,87.13615384615385,84.74,0.07632991996731354,0.473064040364946,3,13,1,4,0.0,0.0,0.0,0.23076923076923078,1.0,0.07692307692307693,0.3076923076923077,bank_transfer,PT,EUR
PM_008330,11,0,0,0,0,1187.11,107.9190909090909,61.86,0.07632201495889639,0.2876995466141938,7,10,4,0,0.0,0.0,0.0,0.6363636363636364,0.9090909090909091,0.36363636363636365,0.0,wallet,ES,EUR
PM_005507,5,0,0,0,0,301.04,60.208000000000006,69.75,0.07623347870202082,0.3182971870319305,2,5,1,2,0.0,0.0,0.0,0.4,1.0,0.2,0.4,wallet,US,EUR
PM_009636,19,0,0,0,1,1883.62,99.1378947368421,69.48,0.07621307988855236,0.7373220124012279,13,19,3,6,0.0,0.0,0.0,0.6842105263157895,1.0,0.15789473684210525,0.3157894736842105,credit_card,FR,EUR
PM_004527,15,0,0,0,0,1617.61,107.84066666666666,59.33,0.0761604807843707,0.4876764427969964,5,15,3,0,0.0,0.0,0.0,0.3333333333333333,1.0,0.2,0.0,credit_card,FR,EUR
PM_003275,24,1,1,1,0,2869.91,119.57958333333333,68.4,0.07615022047092133,0.9954064913265644,16,20,3,6,0.041666666666666664,0.041666666666666664,0.041666666666666664,0.6666666666666666,0.8333333333333334,0.125,0.25,wallet,ES,EUR
PM_002149,4,0,0,0,0,537.97,134.4925,76.35,0.07609329727282076,0.1882888597656816,3,4,1,1,0.0,0.0,0.0,0.75,1.0,0.25,0.25,wallet,ES,EUR
PM_001027,13,1,0,0,0,2468.96,189.92000000000002,159.08,0.07607943170200199,0.6616235404257558,6,8,1,1,0.07692307692307693,0.0,0.0,0.46153846153846156,0.6153846153846154,0.07692307692307693,0.07692307692307693,debit_card,ES,EUR
PM_008305,21,0,0,0,1,3255.42,155.02,103.16,0.07595593009294475,0.7456902744720829,10,21,2,0,0.0,0.0,0.0,0.47619047619047616,1.0,0.09523809523809523,0.0,credit_card,PT,EUR
PM_005064,5,0,0,0,0,454.05,90.81,60.93,0.0759440180809136,0.3669233105191229,2,5,1,0,0.0,0.0,0.0,0.4,1.0,0.2,0.0,wallet,IT,EUR
PM_006132,13,0,0,0,0,1636.26,125.86615384615385,63.01,0.07587808178235997,0.581843987142394,10,13,4,1,0.0,0.0,0.0,0.7692307692307693,1.0,0.3076923076923077,0.07692307692307693,credit_card,IT,EUR
PM_000377,6,0,0,0,0,713.2,118.86666666666667,124.275,0.07579025566100868,0.2949951039071196,4,6,4,0,0.0,0.0,0.0,0.6666666666666666,1.0,0.6666666666666666,0.0,wallet,FR,EUR
PM_010009,11,0,0,0,1,697.73,63.43,27.52,0.07576688304153377,0.8129119862489169,4,4,2,2,0.0,0.0,0.0,0.36363636363636365,0.36363636363636365,0.18181818181818182,0.18181818181818182,credit_card,ES,EUR
PM_009376,22,1,0,0,1,2401.4700000000003,109.15772727272729,79.68,0.07569694521956562,0.8051564684763122,7,22,2,14,0.045454545454545456,0.0,0.0,0.3181818181818182,1.0,0.09090909090909091,0.6363636363636364,bank_transfer,IT,EUR
PM_010270,15,0,0,0,1,1795.32,119.688,60.15,0.07564094054443489,0.7153254178905797,10,15,2,1,0.0,0.0,0.0,0.6666666666666666,1.0,0.13333333333333333,0.06666666666666667,debit_card,US,EUR
PM_010217,11,0,0,0,0,1938.6,176.23636363636362,128.89,0.07559779114679825,0.6577334937832359,4,11,1,0,0.0,0.0,0.0,0.36363636363636365,1.0,0.09090909090909091,0.0,credit_card,US,EUR
PM_004329,8,0,0,0,0,1047.14,130.8925,146.54500000000002,0.07537745793106991,0.4911904744501935,5,5,1,3,0.0,0.0,0.0,0.625,0.625,0.125,0.375,credit_card,ES,EUR
PM_005201,3,0,0,0,0,411.28999999999996,137.09666666666666,146.42,0.07519489004301984,0.1036924579676118,0,3,0,3,0.0,0.0,0.0,0.0,1.0,0.0,1.0,credit_card,US,EUR
PM_010348,8,0,0,0,0,868.72,108.59,122.41499999999999,0.07515241203911235,0.4652406237007885,4,8,1,3,0.0,0.0,0.0,0.5,1.0,0.125,0.375,debit_card,IT,EUR
PM_000097,12,0,0,0,0,2029.73,169.14416666666668,124.72500000000001,0.07510183803702525,0.5194426267569908,4,12,5,0,0.0,0.0,0.0,0.3333333333333333,1.0,0.4166666666666667,0.0,credit_card,US,EUR
PM_001734,5,0,0,0,0,298.14,59.628,76.51,0.07509076937249545,0.2332704907235164,1,5,1,4,0.0,0.0,0.0,0.2,1.0,0.2,0.8,wallet,DE,EUR
PM_003386,22,0,0,0,0,4993.0,226.95454545454547,171.86,0.07507491077808104,0.6492369404380962,15,22,5,0,0.0,0.0,0.0,0.6818181818181818,1.0,0.22727272727272727,0.0,credit_card,DE,EUR
PM_010943,8,0,0,0,0,2312.5,289.0625,271.445,0.07501603501519911,0.3634693856301086,7,8,2,0,0.0,0.0,0.0,0.875,1.0,0.25,0.0,bank_transfer,ES,EUR
PM_007957,5,0,0,0,0,523.35,104.67,59.83,0.07499120730513026,0.182337929643195,2,5,3,0,0.0,0.0,0.0,0.4,1.0,0.6,0.0,debit_card,ES,EUR
PM_006414,16,0,0,0,1,1794.5,112.15625,105.405,0.07499093005982994,0.8285483865441002,8,16,3,9,0.0,0.0,0.0,0.5,1.0,0.1875,0.5625,credit_card,GB,EUR
PM_005587,10,0,0,0,0,552.47,55.247,56.025,0.07496205567183838,0.5442155837703503,7,8,1,0,0.0,0.0,0.0,0.7,0.8,0.1,0.0,debit_card,ES,EUR
PM_002847,4,0,0,0,0,294.65,73.6625,25.86,0.07477159488981097,0.2962698009463576,2,3,1,0,0.0,0.0,0.0,0.5,0.75,0.25,0.0,credit_card,ES,EUR
PM_002199,8,0,0,0,0,333.64,41.705,36.21,0.07476024486176468,0.3333689558990012,5,8,2,2,0.0,0.0,0.0,0.625,1.0,0.25,0.25,wallet,GB,EUR
PM_009675,14,0,1,1,0,749.56,53.54,45.56,0.07471812714839986,0.93603549766547,6,14,2,1,0.0,0.07142857142857142,0.07142857142857142,0.42857142857142855,1.0,0.14285714285714285,0.07142857142857142,debit_card,DE,EUR
PM_006761,9,0,0,0,0,847.94,94.21555555555557,70.34,0.07467439016678622,0.4341529135315274,5,6,1,3,0.0,0.0,0.0,0.5555555555555556,0.6666666666666666,0.1111111111111111,0.3333333333333333,credit_card,ES,EUR
PM_007726,15,0,0,0,1,1554.92,103.66133333333333,79.98,0.07461924402005364,0.759213352633817,6,15,1,0,0.0,0.0,0.0,0.4,1.0,0.06666666666666667,0.0,bank_transfer,US,EUR
PM_005355,14,0,1,0,1,2683.78,191.69857142857146,80.215,0.07447314917659127,0.899415539996237,1,14,3,1,0.0,0.07142857142857142,0.0,0.07142857142857142,1.0,0.21428571428571427,0.07142857142857142,credit_card,FR,EUR
PM_001382,4,0,0,0,0,1179.3300000000002,294.83250000000004,45.525000000000006,0.07441422116812087,0.2944343865454885,2,4,1,1,0.0,0.0,0.0,0.5,1.0,0.25,0.25,credit_card,US,EUR
PM_001061,10,0,0,0,1,1534.54,153.454,130.42000000000002,0.07436899123677292,0.7349082683983756,7,10,2,3,0.0,0.0,0.0,0.7,1.0,0.2,0.3,credit_card,US,EUR
PM_006285,8,0,0,0,0,761.38,95.1725,56.72,0.07434429961818978,0.1524164629025243,5,7,2,2,0.0,0.0,0.0,0.625,0.875,0.25,0.25,credit_card,ES,EUR
PM_008136,3,0,0,0,0,261.11,87.03666666666668,85.18,0.07429378239366487,0.2178319048411273,1,3,2,0,0.0,0.0,0.0,0.3333333333333333,1.0,0.6666666666666666,0.0,wallet,PT,EUR
PM_008471,7,0,0,0,0,573.1700000000001,81.88142857142859,39.63,0.07427069223461183,0.3388718847381918,4,7,1,0,0.0,0.0,0.0,0.5714285714285714,1.0,0.14285714285714285,0.0,credit_card,ES,EUR
PM_006526,11,0,0,0,0,748.6,68.05454545454546,76.9,0.07426147723992332,0.6301082464513471,3,9,2,1,0.0,0.0,0.0,0.2727272727272727,0.8181818181818182,0.18181818181818182,0.09090909090909091,debit_card,ES,EUR
PM_003907,7,0,0,0,0,749.0699999999999,107.00999999999999,66.18,0.07420691118505003,0.3836776876370391,5,7,2,2,0.0,0.0,0.0,0.7142857142857143,1.0,0.2857142857142857,0.2857142857142857,bank_transfer,ES,EUR
PM_000844,13,0,0,0,1,2508.28,192.9446153846154,195.36,0.07420680795982373,0.7663914511533938,12,13,2,1,0.0,0.0,0.0,0.9230769230769231,1.0,0.15384615384615385,0.07692307692307693,bank_transfer,US,EUR
PM_011072,11,0,0,0,1,585.6899999999999,53.24454545454545,28.99,0.07413299423466758,0.8084262972457634,8,11,0,3,0.0,0.0,0.0,0.7272727272727273,1.0,0.0,0.2727272727272727,debit_card,ES,EUR
PM_006035,10,0,0,0,0,932.27,93.227,63.175000000000004,0.07407238249185524,0.5220711705722183,4,9,2,0,0.0,0.0,0.0,0.4,0.9,0.2,0.0,wallet,FR,EUR
PM_007549,14,0,0,0,1,1183.56,84.53999999999999,57.375,0.07406821138261772,0.748112855136542,9,14,2,12,0.0,0.0,0.0,0.6428571428571429,1.0,0.14285714285714285,0.8571428571428571,credit_card,DE,EUR
PM_000952,7,0,0,0,0,658.39,94.05571428571429,31.95,0.074067489640811,0.2472924209415942,3,3,2,3,0.0,0.0,0.0,0.42857142857142855,0.42857142857142855,0.2857142857142857,0.42857142857142855,credit_card,ES,EUR
PM_011365,16,1,0,0,1,2037.37,127.335625,64.62,0.07405546810339571,0.780507436850291,5,10,1,8,0.0625,0.0,0.0,0.3125,0.625,0.0625,0.5,debit_card,ES,EUR
PM_007303,6,0,0,0,0,296.12,49.35333333333333,43.86,0.07405473246127915,0.4256763279963417,1,6,1,0,0.0,0.0,0.0,0.16666666666666666,1.0,0.16666666666666666,0.0,debit_card,US,EUR
PM_001052,10,0,0,0,0,716.31,71.631,60.015,0.07397694744644345,0.2626987758707637,4,10,0,2,0.0,0.0,0.0,0.4,1.0,0.0,0.2,credit_card,DE,EUR
PM_002019,9,0,0,0,0,951.85,105.76111111111112,135.98,0.07394842695833512,0.3819925160182589,7,8,1,5,0.0,0.0,0.0,0.7777777777777778,0.8888888888888888,0.1111111111111111,0.5555555555555556,credit_card,ES,EUR
PM_010355,8,0,0,0,0,720.56,90.07,68.475,0.07386366363148004,0.4506497730194415,5,8,2,2,0.0,0.0,0.0,0.625,1.0,0.25,0.25,wallet,US,EUR
PM_004413,14,1,1,1,0,2133.87,152.4192857142857,81.22999999999999,0.07381740826588827,0.9207152255176064,4,14,2,0,0.07142857142857142,0.07142857142857142,0.07142857142857142,0.2857142857142857,1.0,0.14285714285714285,0.0,credit_card,US,EUR
PM_008586,25,0,0,0,1,5342.25,213.69,140.94,0.07377951408406591,0.8755760306949097,9,25,6,0,0.0,0.0,0.0,0.36,1.0,0.24,0.0,credit_card,US,EUR
PM_002703,14,0,0,0,0,2895.79,206.84214285714285,153.04500000000002,0.07359330161508039,0.4983561238268243,10,12,1,13,0.0,0.0,0.0,0.7142857142857143,0.8571428571428571,0.07142857142857142,0.9285714285714286,credit_card,DE,EUR
PM_007805,14,0,0,0,0,1330.44,95.03142857142858,74.1,0.073588336420747,0.6984528170868265,8,14,4,2,0.0,0.0,0.0,0.5714285714285714,1.0,0.2857142857142857,0.14285714285714285,credit_card,US,EUR
PM_001344,5,0,0,0,0,515.94,103.18800000000002,104.97,0.07357481864515808,0.1496684821408989,4,5,0,5,0.0,0.0,0.0,0.8,1.0,0.0,1.0,credit_card,IT,EUR
PM_011959,15,0,0,0,1,2028.18,135.21200000000002,92.83,0.07356516538789563,0.895018935852953,9,15,3,6,0.0,0.0,0.0,0.6,1.0,0.2,0.4,credit_card,US,EUR
PM_009083,7,0,0,0,0,1082.6799999999998,154.6685714285714,118.21,0.0734823730183641,0.3705753578175249,3,7,0,0,0.0,0.0,0.0,0.42857142857142855,1.0,0.0,0.0,credit_card,US,EUR
PM_000821,5,0,0,0,0,389.46,77.892,37.65,0.0734778350104114,0.3292040507055753,0,5,1,0,0.0,0.0,0.0,0.0,1.0,0.2,0.0,credit_card,US,EUR
PM_001933,3,0,0,0,0,201.47,67.15666666666667,60.1,0.07344633754114284,0.1946733807689523,0,1,0,3,0.0,0.0,0.0,0.0,0.3333333333333333,0.0,1.0,bank_transfer,ES,EUR
PM_005965,4,0,0,0,0,622.42,155.605,75.39,0.07340451073201043,0.1275654690046967,2,4,1,3,0.0,0.0,0.0,0.5,1.0,0.25,0.75,credit_card,DE,EUR
PM_005124,14,0,0,0,0,1259.17,89.9407142857143,41.66,0.07333501715863452,0.4640252317448106,10,14,4,2,0.0,0.0,0.0,0.7142857142857143,1.0,0.2857142857142857,0.14285714285714285,debit_card,ES,EUR
PM_005839,4,0,0,0,0,749.59,187.3975,93.08500000000001,0.07332780307968655,0.2840416998558969,2,4,1,1,0.0,0.0,0.0,0.5,1.0,0.25,0.25,wallet,FR,EUR
PM_003224,20,0,0,0,0,1043.36,52.16799999999999,37.85,0.07325030966861065,0.5286593452629825,10,17,8,4,0.0,0.0,0.0,0.5,0.85,0.4,0.2,wallet,ES,EUR
PM_011048,24,0,0,0,0,4018.56,167.44,116.93,0.07322630962576242,0.6711061956981191,11,24,8,0,0.0,0.0,0.0,0.4583333333333333,1.0,0.3333333333333333,0.0,credit_card,US,EUR
PM_007479,3,0,0,0,0,203.18,67.72666666666667,61.9,0.0732224862009674,0.1904259701249049,2,3,1,0,0.0,0.0,0.0,0.6666666666666666,1.0,0.3333333333333333,0.0,wallet,ES,EUR
PM_002276,7,0,0,0,0,680.89,97.27,86.99,0.07316226480081735,0.1740054956724746,5,5,0,0,0.0,0.0,0.0,0.7142857142857143,0.7142857142857143,0.0,0.0,credit_card,IT,EUR
PM_007402,4,0,0,0,0,1869.94,467.485,439.895,0.07309771731892357,0.2017796969670963,2,4,0,0,0.0,0.0,0.0,0.5,1.0,0.0,0.0,wallet,ES,EUR
PM_002467,12,0,0,0,1,1072.29,89.3575,51.985,0.07309265577929175,0.8611001834312004,6,6,2,1,0.0,0.0,0.0,0.5,0.5,0.16666666666666666,0.08333333333333333,debit_card,ES,EUR
PM_004573,20,0,0,0,0,2178.58,108.929,52.03,0.07308996210427697,0.5806167603918321,8,19,4,0,0.0,0.0,0.0,0.4,0.95,0.2,0.0,credit_card,ES,EUR
PM_007546,3,0,0,0,0,245.46999999999997,81.82333333333332,22.83,0.07295779298129397,0.1950296991821599,2,3,2,0,0.0,0.0,0.0,0.6666666666666666,1.0,0.6666666666666666,0.0,credit_card,GB,EUR
PM_000294,14,1,1,1,0,1994.59,142.47071428571428,115.08,0.07287387020334817,0.9680774639649976,6,12,3,1,0.07142857142857142,0.07142857142857142,0.07142857142857142,0.42857142857142855,0.8571428571428571,0.21428571428571427,0.07142857142857142,credit_card,ES,EUR
PM_001241,9,0,0,0,0,1504.71,167.19,90.38,0.07283006364553113,0.6426593433034616,9,9,2,0,0.0,0.0,0.0,1.0,1.0,0.2222222222222222,0.0,credit_card,GB,EUR
PM_005614,5,0,0,0,0,360.3,72.06,65.64,0.07280428622832595,0.2487151261276105,2,5,1,0,0.0,0.0,0.0,0.4,1.0,0.2,0.0,credit_card,GB,EUR
PM_000021,15,0,0,0,0,1709.05,113.93666666666667,73.12,0.07280334817883057,0.5134514599736588,8,14,4,1,0.0,0.0,0.0,0.5333333333333333,0.9333333333333333,0.26666666666666666,0.06666666666666667,credit_card,PT,EUR
PM_006657,9,0,0,0,0,1216.79,135.1988888888889,44.06,0.07278937481871639,0.5127366418987552,6,9,3,0,0.0,0.0,0.0,0.6666666666666666,1.0,0.3333333333333333,0.0,wallet,ES,EUR
PM_011863,15,0,0,0,0,1777.06,118.47066666666666,51.27,0.07276249221215617,0.5292500602631827,9,15,2,0,0.0,0.0,0.0,0.6,1.0,0.13333333333333333,0.0,wallet,IT,EUR
PM_004963,17,0,0,0,0,1228.3799999999999,72.25764705882352,62.63,0.07270361103286233,0.5309093266756018,6,17,3,1,0.0,0.0,0.0,0.35294117647058826,1.0,0.17647058823529413,0.058823529411764705,debit_card,DE,EUR
PM_007636,3,0,0,0,0,455.09,151.69666666666666,156.22,0.07259296086119672,0.2165431578273337,1,3,2,0,0.0,0.0,0.0,0.3333333333333333,1.0,0.6666666666666666,0.0,credit_card,ES,EUR
PM_009751,14,1,1,1,0,1149.38,82.09857142857143,33.63,0.0725767627530243,0.9911863791213924,8,14,0,0,0.07142857142857142,0.07142857142857142,0.07142857142857142,0.5714285714285714,1.0,0.0,0.0,debit_card,US,EUR
PM_003185,11,0,0,0,1,1339.29,121.75363636363636,48.05,0.07252638633774702,0.7116792996736524,3,11,0,0,0.0,0.0,0.0,0.2727272727272727,1.0,0.0,0.0,credit_card,PT,EUR
PM_011610,10,1,0,0,0,1409.04,140.904,105.805,0.07250520601519472,0.448656254909134,7,9,1,0,0.1,0.0,0.0,0.7,0.9,0.1,0.0,credit_card,ES,EUR
PM_000670,11,0,0,0,0,1342.46,122.04181818181819,68.75,0.0725007747015355,0.6609226384870904,8,11,3,0,0.0,0.0,0.0,0.7272727272727273,1.0,0.2727272727272727,0.0,bank_transfer,FR,EUR
PM_003321,4,0,0,0,0,317.53000000000003,79.38250000000001,79.28999999999999,0.07247723279101052,0.2539336619898562,4,4,1,1,0.0,0.0,0.0,1.0,1.0,0.25,0.25,wallet,US,EUR
PM_005265,7,0,0,0,0,438.21,62.60142857142857,31.66,0.07243675711644745,0.4906511008168033,3,7,0,1,0.0,0.0,0.0,0.42857142857142855,1.0,0.0,0.14285714285714285,credit_card,PT,EUR
PM_011334,15,1,1,1,0,1039.72,69.31466666666667,38.4,0.07236917161336413,0.938413652389536,4,5,2,4,0.06666666666666667,0.06666666666666667,0.06666666666666667,0.26666666666666666,0.3333333333333333,0.13333333333333333,0.26666666666666666,credit_card,ES,EUR
PM_007381,7,0,0,0,0,901.46,128.78,77.83,0.07219963141509357,0.3072754489930694,2,3,1,4,0.0,0.0,0.0,0.2857142857142857,0.42857142857142855,0.14285714285714285,0.5714285714285714,debit_card,IT,EUR
PM_006646,7,0,0,0,0,297.64,42.519999999999996,27.63,0.07210763456534182,0.3657298081017501,6,6,0,1,0.0,0.0,0.0,0.8571428571428571,0.8571428571428571,0.0,0.14285714285714285,debit_card,ES,EUR
PM_007617,4,0,0,0,0,198.0,49.5,35.71,0.07209017439065282,0.1921668280435444,2,4,1,4,0.0,0.0,0.0,0.5,1.0,0.25,1.0,debit_card,PT,EUR
PM_009945,11,0,0,0,0,749.98,68.18,39.98,0.07201882802701386,0.5706989869896558,5,11,3,3,0.0,0.0,0.0,0.45454545454545453,1.0,0.2727272727272727,0.2727272727272727,wallet,FR,EUR
PM_000920,8,0,0,0,0,667.94,83.4925,37.66,0.07199692008361423,0.4728243078878744,4,8,1,0,0.0,0.0,0.0,0.5,1.0,0.125,0.0,debit_card,DE,EUR
PM_000152,4,0,0,0,0,566.29,141.5725,141.845,0.07192671550882672,0.2062567271271138,2,4,0,3,0.0,0.0,0.0,0.5,1.0,0.0,0.75,credit_card,IT,EUR
PM_000072,15,0,0,0,1,2400.42,160.028,132.41,0.0717235778529921,0.8737955783046799,5,15,2,11,0.0,0.0,0.0,0.3333333333333333,1.0,0.13333333333333333,0.7333333333333333,credit_card,ES,EUR
PM_011156,8,0,0,0,0,560.73,70.09125,48.71,0.07150915766376224,0.4192892862651793,8,8,2,0,0.0,0.0,0.0,1.0,1.0,0.25,0.0,credit_card,GB,EUR
PM_010158,8,0,0,0,0,619.85,77.48125,31.674999999999997,0.07148655226121305,0.4808205424195211,1,8,3,0,0.0,0.0,0.0,0.125,1.0,0.375,0.0,credit_card,GB,EUR
PM_010374,12,0,0,0,0,956.01,79.6675,35.685,0.07147871048811084,0.5774313840958358,4,12,5,0,0.0,0.0,0.0,0.3333333333333333,1.0,0.4166666666666667,0.0,debit_card,GB,EUR
PM_001081,9,0,0,0,0,1588.4,176.4888888888889,91.28,0.07146065608370405,0.5185931513296415,6,9,1,1,0.0,0.0,0.0,0.6666666666666666,1.0,0.1111111111111111,0.1111111111111111,credit_card,ES,EUR
PM_011613,12,0,0,0,0,1130.91,94.2425,57.72,0.07144149491355185,0.5141485788006727,7,12,2,0,0.0,0.0,0.0,0.5833333333333334,1.0,0.16666666666666666,0.0,wallet,ES,EUR
PM_011578,14,1,1,1,0,1687.96,120.56857142857143,67.95500000000001,0.07140645049554326,0.9645589269209812,7,14,1,4,0.07142857142857142,0.07142857142857142,0.07142857142857142,0.5,1.0,0.07142857142857142,0.2857142857142857,credit_card,IT,EUR
PM_004847,15,0,0,0,1,1498.84,99.92266666666666,47.71,0.07139267474237826,0.8965462635141295,7,15,1,2,0.0,0.0,0.0,0.4666666666666667,1.0,0.06666666666666667,0.13333333333333333,debit_card,FR,EUR
PM_009240,21,0,0,0,1,2342.91,111.56714285714285,78.79,0.07135567662374409,0.8891950171625724,10,21,3,2,0.0,0.0,0.0,0.47619047619047616,1.0,0.14285714285714285,0.09523809523809523,credit_card,US,EUR
PM_009782,6,0,0,0,0,279.59000000000003,46.598333333333336,40.955,0.07129330888229256,0.2993051353480129,6,6,1,0,0.0,0.0,0.0,1.0,1.0,0.16666666666666666,0.0,credit_card,DE,EUR
PM_008599,14,1,1,1,0,1983.53,141.6807142857143,56.635,0.07098458948618616,0.9817450653500934,6,14,1,3,0.07142857142857142,0.07142857142857142,0.07142857142857142,0.42857142857142855,1.0,0.07142857142857142,0.21428571428571427,bank_transfer,PT,EUR
PM_005454,8,0,0,0,0,405.98,50.7475,49.455,0.07096717827231247,0.2264693658610477,6,8,4,2,0.0,0.0,0.0,0.75,1.0,0.5,0.25,wallet,PT,EUR
PM_006793,16,0,0,0,1,2168.41,135.525625,93.055,0.07092634778122965,0.768385560064776,6,16,2,10,0.0,0.0,0.0,0.375,1.0,0.125,0.625,credit_card,US,EUR
PM_009098,14,0,0,0,1,977.82,69.84428571428572,57.41,0.07082283618797826,0.8193821475322018,5,14,2,0,0.0,0.0,0.0,0.35714285714285715,1.0,0.14285714285714285,0.0,credit_card,DE,EUR
PM_007188,9,1,0,0,0,1191.63,132.40333333333334,73.73,0.0707916489950847,0.5660169373938247,2,9,5,2,0.1111111111111111,0.0,0.0,0.2222222222222222,1.0,0.5555555555555556,0.2222222222222222,wallet,FR,EUR
PM_003518,7,0,0,0,0,499.08,71.29714285714286,57.43,0.07071551447292554,0.1987403365392153,4,7,1,1,0.0,0.0,0.0,0.5714285714285714,1.0,0.14285714285714285,0.14285714285714285,wallet,FR,EUR
PM_007382,3,0,0,0,0,838.81,279.6033333333333,182.78,0.07065310105741424,0.1753436534869155,0,3,0,2,0.0,0.0,0.0,0.0,1.0,0.0,0.6666666666666666,credit_card,GB,EUR
PM_004150,3,0,0,0,0,213.51,71.17,64.27,0.0706250802631844,0.1654499085280917,0,3,0,3,0.0,0.0,0.0,0.0,1.0,0.0,1.0,bank_transfer,US,EUR
PM_003072,11,0,0,0,0,1709.6100000000001,155.41909090909093,82.3,0.07061348024044901,0.5160295819296935,6,10,3,0,0.0,0.0,0.0,0.5454545454545454,0.9090909090909091,0.2727272727272727,0.0,credit_card,ES,EUR
PM_009593,6,0,0,0,0,981.5300000000001,163.58833333333334,81.705,0.07059500696666982,0.3237110737312965,4,6,1,6,0.0,0.0,0.0,0.6666666666666666,1.0,0.16666666666666666,1.0,bank_transfer,DE,EUR
PM_000950,4,0,0,0,0,348.81,87.2025,80.015,0.0704344903672736,0.2770142280155959,1,4,0,4,0.0,0.0,0.0,0.25,1.0,0.0,1.0,bank_transfer,US,EUR
PM_010679,4,0,0,0,0,225.11,56.2775,54.614999999999995,0.0703523003744863,0.1667497054722017,3,4,1,1,0.0,0.0,0.0,0.75,1.0,0.25,0.25,debit_card,US,EUR
PM_010017,3,0,0,0,0,197.8,65.93333333333334,53.39,0.07023216608439653,0.2042466482244403,2,2,0,1,0.0,0.0,0.0,0.6666666666666666,0.6666666666666666,0.0,0.3333333333333333,credit_card,FR,EUR
PM_005505,23,0,1,1,0,3560.03,154.78391304347826,124.01,0.06994940390509524,0.9407504137633664,16,23,5,11,0.0,0.043478260869565216,0.043478260869565216,0.6956521739130435,1.0,0.21739130434782608,0.4782608695652174,debit_card,PT,EUR
PM_004979,3,0,0,0,0,299.13,99.71,128.82,0.06977292591185426,0.2085101487724545,2,2,2,0,0.0,0.0,0.0,0.6666666666666666,0.6666666666666666,0.6666666666666666,0.0,bank_transfer,FR,EUR
PM_001698,11,0,0,0,0,931.15,84.64999999999999,57.56,0.06971976301683566,0.3722294167551944,6,11,1,0,0.0,0.0,0.0,0.5454545454545454,1.0,0.09090909090909091,0.0,credit_card,DE,EUR
PM_007779,15,0,0,0,0,1252.67,83.51133333333334,74.42,0.06971319093633448,0.6824524933122178,7,15,2,0,0.0,0.0,0.0,0.4666666666666667,1.0,0.13333333333333333,0.0,credit_card,FR,EUR
PM_002715,13,0,0,0,0,874.24,67.24923076923076,55.7,0.06969949329164747,0.5884908562859493,12,13,1,4,0.0,0.0,0.0,0.9230769230769231,1.0,0.07692307692307693,0.3076923076923077,wallet,PT,EUR
PM_007525,16,0,0,0,0,1308.28,81.7675,41.225,0.06963746610249605,0.4693194139777356,6,16,3,1,0.0,0.0,0.0,0.375,1.0,0.1875,0.0625,credit_card,US,EUR
PM_003917,4,0,0,0,0,1009.33,252.3325,259.43,0.06959930704789845,0.2248104875235029,2,4,0,1,0.0,0.0,0.0,0.5,1.0,0.0,0.25,credit_card,DE,EUR
PM_003409,8,0,0,0,0,1190.78,148.8475,125.86000000000001,0.0695299880721312,0.3660650914220851,7,8,1,0,0.0,0.0,0.0,0.875,1.0,0.125,0.0,credit_card,US,EUR
PM_010098,4,0,0,0,0,406.49,101.6225,100.77,0.06947801899295321,0.2246031604437679,1,2,1,0,0.0,0.0,0.0,0.25,0.5,0.25,0.0,wallet,ES,EUR
PM_011830,7,0,0,0,0,864.93,123.56142857142856,135.48,0.06942836861644722,0.4308393169373573,1,5,3,0,0.0,0.0,0.0,0.14285714285714285,0.7142857142857143,0.42857142857142855,0.0,credit_card,ES,EUR
PM_002375,17,0,0,0,1,2782.0099999999998,163.6476470588235,147.96,0.0692620829939889,0.8264101766749905,10,11,2,1,0.0,0.0,0.0,0.5882352941176471,0.6470588235294118,0.11764705882352941,0.058823529411764705,credit_card,ES,EUR
PM_010820,14,0,0,0,0,1165.99,83.285,38.7,0.0692478421179608,0.6836177378623556,4,14,3,5,0.0,0.0,0.0,0.2857142857142857,1.0,0.21428571428571427,0.35714285714285715,credit_card,GB,EUR
PM_010082,5,0,0,0,0,235.34,47.068,53.66,0.06922134555440754,0.3453253537912465,2,2,0,0,0.0,0.0,0.0,0.4,0.4,0.0,0.0,debit_card,ES,EUR
PM_004838,15,1,1,1,0,1729.48,115.29866666666666,84.74,0.06885112077318772,0.9970272582099272,13,15,3,0,0.06666666666666667,0.06666666666666667,0.06666666666666667,0.8666666666666667,1.0,0.2,0.0,credit_card,IT,EUR
PM_004468,13,0,0,0,1,2232.56,171.73538461538462,153.0,0.06881253216730643,0.813100875333803,10,13,3,2,0.0,0.0,0.0,0.7692307692307693,1.0,0.23076923076923078,0.15384615384615385,debit_card,DE,EUR
PM_006662,8,0,0,0,0,1803.18,225.3975,157.39499999999998,0.06859478047813268,0.2782547925841729,7,8,1,7,0.0,0.0,0.0,0.875,1.0,0.125,0.875,bank_transfer,US,EUR
PM_002829,5,0,0,0,0,564.47,112.894,118.38,0.06850734724215304,0.1565694438127374,2,3,1,3,0.0,0.0,0.0,0.4,0.6,0.2,0.6,wallet,ES,EUR
PM_005046,7,0,0,0,0,558.4,79.77142857142857,94.34,0.0683521911020646,0.4735961735842436,2,7,2,2,0.0,0.0,0.0,0.2857142857142857,1.0,0.2857142857142857,0.2857142857142857,credit_card,ES,EUR
PM_001907,9,0,0,0,0,754.8,83.86666666666666,80.85,0.06833793917765935,0.5651619108852693,1,9,1,0,0.0,0.0,0.0,0.1111111111111111,1.0,0.1111111111111111,0.0,credit_card,US,EUR
PM_009644,10,1,0,0,0,841.72,84.172,57.964999999999996,0.06825242624256792,0.3536507113159032,6,8,1,2,0.1,0.0,0.0,0.6,0.8,0.1,0.2,wallet,ES,EUR
PM_001127,10,1,0,0,0,752.74,75.274,66.175,0.06821099521139531,0.6676700320079025,5,10,2,1,0.1,0.0,0.0,0.5,1.0,0.2,0.1,debit_card,FR,EUR
PM_006618,10,1,0,0,0,847.69,84.769,91.155,0.06810891726174417,0.3138531549872284,5,10,2,0,0.1,0.0,0.0,0.5,1.0,0.2,0.0,credit_card,ES,EUR
PM_003366,4,0,0,0,0,383.13,95.7825,57.269999999999996,0.06808117952092135,0.2629170242321971,2,4,3,0,0.0,0.0,0.0,0.5,1.0,0.75,0.0,credit_card,DE,EUR
PM_003278,11,0,0,0,0,949.88,86.35272727272728,58.55,0.06802499278876611,0.4351493968379368,7,11,2,5,0.0,0.0,0.0,0.6363636363636364,1.0,0.18181818181818182,0.45454545454545453,wallet,ES,EUR
PM_011309,12,1,0,0,1,396.5,33.041666666666664,32.705,0.06786517707290773,0.7997862222578492,4,6,3,1,0.08333333333333333,0.0,0.0,0.3333333333333333,0.5,0.25,0.08333333333333333,debit_card,ES,EUR
PM_007225,16,1,1,1,0,3142.54,196.40875,116.38499999999999,0.06785148156802867,0.9656416142111424,11,15,3,5,0.0625,0.0625,0.0625,0.6875,0.9375,0.1875,0.3125,credit_card,FR,EUR
PM_002177,15,1,1,1,0,712.61,47.507333333333335,34.44,0.06782242094664533,0.9677412643447648,7,15,2,10,0.06666666666666667,0.06666666666666667,0.06666666666666667,0.4666666666666667,1.0,0.13333333333333333,0.6666666666666666,debit_card,DE,EUR
PM_006826,5,0,0,0,0,622.6999999999999,124.53999999999999,50.17,0.06776680560467799,0.2552938693574868,3,5,0,0,0.0,0.0,0.0,0.6,1.0,0.0,0.0,credit_card,US,EUR
PM_006951,11,0,0,0,0,1592.3,144.75454545454545,148.84,0.06766404085408351,0.4285809669197378,3,3,1,5,0.0,0.0,0.0,0.2727272727272727,0.2727272727272727,0.09090909090909091,0.45454545454545453,credit_card,ES,EUR
PM_004637,14,1,0,0,0,4857.88,346.99142857142857,256.71000000000004,0.06750651329855299,0.6098910870950016,9,14,0,2,0.07142857142857142,0.0,0.0,0.6428571428571429,1.0,0.0,0.14285714285714285,debit_card,PT,EUR
PM_011502,7,0,0,0,0,339.13,48.44714285714286,35.37,0.06746580343266453,0.419370884578651,4,7,0,1,0.0,0.0,0.0,0.5714285714285714,1.0,0.0,0.14285714285714285,debit_card,US,EUR
PM_008856,6,0,0,0,0,982.87,163.81166666666667,157.29,0.0674036836558434,0.3635485594893628,4,6,1,0,0.0,0.0,0.0,0.6666666666666666,1.0,0.16666666666666666,0.0,credit_card,DE,EUR
PM_009952,9,0,0,0,0,1126.94,125.21555555555557,141.24,0.06739204878867174,0.5592118015477225,4,7,4,2,0.0,0.0,0.0,0.4444444444444444,0.7777777777777778,0.4444444444444444,0.2222222222222222,debit_card,ES,EUR
PM_004507,7,0,0,0,0,1368.1899999999998,195.45571428571427,87.85,0.06733532374819363,0.1982873493203971,3,7,0,1,0.0,0.0,0.0,0.42857142857142855,1.0,0.0,0.14285714285714285,debit_card,PT,EUR
PM_009264,4,0,0,0,0,864.15,216.0375,172.24,0.06729235699257832,0.2259134218975157,2,4,0,0,0.0,0.0,0.0,0.5,1.0,0.0,0.0,wallet,FR,EUR
PM_007401,10,0,0,0,0,715.29,71.529,60.24,0.06727297124601891,0.4832455324469438,2,10,3,3,0.0,0.0,0.0,0.2,1.0,0.3,0.3,wallet,FR,EUR
PM_011300,6,0,0,0,0,488.36,81.39333333333333,51.42,0.06721926259285822,0.3995787062501202,3,6,2,3,0.0,0.0,0.0,0.5,1.0,0.3333333333333333,0.5,credit_card,FR,EUR
PM_011339,7,1,0,0,0,339.29,48.470000000000006,56.49,0.06713354099252758,0.3181355070240856,4,7,3,0,0.14285714285714285,0.0,0.0,0.5714285714285714,1.0,0.42857142857142855,0.0,wallet,DE,EUR
PM_002464,21,0,0,0,0,1260.96,60.04571428571429,45.24,0.06699477273919117,0.6885617808618468,11,21,5,0,0.0,0.0,0.0,0.5238095238095238,1.0,0.23809523809523808,0.0,debit_card,US,EUR
PM_010102,14,0,0,0,1,2752.56,196.61142857142858,134.915,0.06695218347248942,0.7276110977112045,4,8,5,3,0.0,0.0,0.0,0.2857142857142857,0.5714285714285714,0.35714285714285715,0.21428571428571427,credit_card,ES,EUR
PM_006257,16,0,0,0,1,1474.0,92.125,57.295,0.06688793241760073,0.8507361477492669,9,11,3,4,0.0,0.0,0.0,0.5625,0.6875,0.1875,0.25,debit_card,ES,EUR
PM_009944,10,0,0,0,0,1015.5,101.55,85.63999999999999,0.06687715398616893,0.6178598932416002,5,10,2,0,0.0,0.0,0.0,0.5,1.0,0.2,0.0,credit_card,IT,EUR
PM_011555,9,0,0,0,0,704.68,78.29777777777777,40.84,0.06683438694978323,0.3653363483837889,2,9,1,3,0.0,0.0,0.0,0.2222222222222222,1.0,0.1111111111111111,0.3333333333333333,wallet,US,EUR
PM_008299,12,0,0,0,0,2280.75,190.0625,85.11500000000001,0.06675125038438653,0.6181289032599282,8,12,2,2,0.0,0.0,0.0,0.6666666666666666,1.0,0.16666666666666666,0.16666666666666666,wallet,GB,EUR
PM_003393,14,0,0,0,1,1058.18,75.58428571428571,46.33,0.0665783406711636,0.804266618132148,6,14,3,4,0.0,0.0,0.0,0.42857142857142855,1.0,0.21428571428571427,0.2857142857142857,credit_card,US,EUR
PM_001396,13,0,0,0,1,1238.97,95.30538461538461,38.86,0.06655953302422743,0.7184103283788035,9,13,1,7,0.0,0.0,0.0,0.6923076923076923,1.0,0.07692307692307693,0.5384615384615384,wallet,GB,EUR
PM_004915,8,0,0,0,0,594.11,74.26375,56.29,0.06635654477065116,0.3063573278619423,4,8,2,7,0.0,0.0,0.0,0.5,1.0,0.25,0.875,credit_card,ES,EUR
PM_008018,13,0,0,0,0,346.49,26.653076923076924,27.21,0.0662355810002687,0.6868979846884915,5,13,5,8,0.0,0.0,0.0,0.38461538461538464,1.0,0.38461538461538464,0.6153846153846154,credit_card,US,EUR
PM_006887,15,0,1,1,0,1709.45,113.96333333333334,74.85,0.06618863739473435,0.9424796163739564,7,15,3,4,0.0,0.06666666666666667,0.06666666666666667,0.4666666666666667,1.0,0.2,0.26666666666666666,credit_card,US,EUR
PM_006459,14,0,0,0,1,2991.3,213.66428571428574,169.845,0.06615512802098512,0.7671287792606664,10,13,3,0,0.0,0.0,0.0,0.7142857142857143,0.9285714285714286,0.21428571428571427,0.0,debit_card,FR,EUR
PM_003502,9,0,0,0,0,825.4,91.71111111111111,54.3,0.06615059398866605,0.296684830963016,6,7,2,0,0.0,0.0,0.0,0.6666666666666666,0.7777777777777778,0.2222222222222222,0.0,wallet,ES,EUR
PM_008538,19,1,0,0,1,1866.33,98.2278947368421,67.79,0.06608736259269125,0.8729740438040199,14,19,2,17,0.05263157894736842,0.0,0.0,0.7368421052631579,1.0,0.10526315789473684,0.8947368421052632,credit_card,US,EUR
PM_009922,5,0,0,0,0,291.9,58.379999999999995,45.49,0.06601659836205044,0.2963843300171577,3,5,1,3,0.0,0.0,0.0,0.6,1.0,0.2,0.6,debit_card,FR,EUR
PM_008410,9,0,0,0,0,965.42,107.26888888888888,95.62,0.0659780225660274,0.3408332645508672,7,9,1,1,0.0,0.0,0.0,0.7777777777777778,1.0,0.1111111111111111,0.1111111111111111,debit_card,US,EUR
PM_006878,3,0,0,0,0,568.88,189.62666666666667,198.06,0.06596956279271017,0.150771161098757,0,3,0,3,0.0,0.0,0.0,0.0,1.0,0.0,1.0,credit_card,US,EUR
PM_000969,12,0,0,0,0,1224.86,102.07166666666666,94.455,0.06596574450487265,0.338826104182312,10,12,0,3,0.0,0.0,0.0,0.8333333333333334,1.0,0.0,0.25,credit_card,US,EUR
PM_011067,5,0,0,0,0,909.3100000000001,181.86200000000002,98.49,0.06594953578463465,0.2838263254085224,3,5,0,1,0.0,0.0,0.0,0.6,1.0,0.0,0.2,credit_card,FR,EUR
PM_000426,22,0,0,0,1,2512.98,114.22636363636364,69.825,0.06592970009019578,0.782124835720348,9,22,2,0,0.0,0.0,0.0,0.4090909090909091,1.0,0.09090909090909091,0.0,credit_card,GB,EUR
PM_000721,7,0,0,0,0,439.27,62.75285714285714,49.25,0.06591328045386566,0.2314270161373245,4,7,2,2,0.0,0.0,0.0,0.5714285714285714,1.0,0.2857142857142857,0.2857142857142857,wallet,ES,EUR
PM_009375,3,0,0,0,0,253.81,84.60333333333334,57.53,0.0657627544876223,0.1548772532441865,3,3,1,0,0.0,0.0,0.0,1.0,1.0,0.3333333333333333,0.0,debit_card,ES,EUR
PM_009469,8,0,0,0,0,1915.76,239.47,214.315,0.06566238798831658,0.2408515203434913,4,8,0,1,0.0,0.0,0.0,0.5,1.0,0.0,0.125,debit_card,ES,EUR
PM_011990,10,0,0,0,0,1161.65,116.165,84.42500000000001,0.06554624307313774,0.433561040224148,3,10,0,3,0.0,0.0,0.0,0.3,1.0,0.0,0.3,debit_card,US,EUR
PM_002741,25,1,1,1,0,1901.1200000000001,76.04480000000001,63.08,0.06544899074703144,0.9714425160071788,13,25,6,6,0.04,0.04,0.04,0.52,1.0,0.24,0.24,debit_card,US,EUR
PM_009973,7,0,0,0,0,649.44,92.77714285714286,81.17,0.06541898637964778,0.2438531334075116,3,6,1,4,0.0,0.0,0.0,0.42857142857142855,0.8571428571428571,0.14285714285714285,0.5714285714285714,credit_card,ES,EUR
PM_011812,10,0,0,0,0,895.5699999999999,89.55699999999999,79.46,0.06526625251689358,0.5232599867697394,2,3,0,0,0.0,0.0,0.0,0.2,0.3,0.0,0.0,credit_card,ES,EUR
PM_007249,15,0,0,0,0,856.12,57.074666666666666,33.99,0.06516992237054732,0.4303909662401044,7,9,6,0,0.0,0.0,0.0,0.4666666666666667,0.6,0.4,0.0,debit_card,ES,EUR
PM_001908,4,0,0,0,0,737.5,184.375,214.41,0.06515636454619017,0.1531187273863991,3,4,2,0,0.0,0.0,0.0,0.75,1.0,0.5,0.0,wallet,DE,EUR
PM_001954,7,0,0,0,0,525.04,75.00571428571428,26.76,0.06512606397845642,0.4210260038301846,4,4,2,3,0.0,0.0,0.0,0.5714285714285714,0.5714285714285714,0.2857142857142857,0.42857142857142855,wallet,ES,EUR
PM_008390,4,0,0,0,0,379.18,94.795,72.12,0.06511446373220482,0.2160259480526163,3,3,0,2,0.0,0.0,0.0,0.75,0.75,0.0,0.5,credit_card,ES,EUR
PM_011517,4,0,0,0,0,265.05,66.2625,61.995000000000005,0.06504583294613704,0.2144103380811682,2,4,1,1,0.0,0.0,0.0,0.5,1.0,0.25,0.25,credit_card,US,EUR
PM_011192,5,0,0,0,0,1025.3400000000001,205.06800000000004,119.84,0.06487951459742326,0.3109515859037923,1,1,0,3,0.0,0.0,0.0,0.2,0.2,0.0,0.6,credit_card,ES,EUR
PM_010476,8,0,0,0,0,405.78,50.7225,40.135,0.06484456710691187,0.2873339596040175,2,8,0,8,0.0,0.0,0.0,0.25,1.0,0.0,1.0,debit_card,FR,EUR
PM_003590,16,1,1,1,0,616.65,38.540625,20.04,0.06484207120511053,0.9713951409928478,5,16,2,9,0.0625,0.0625,0.0625,0.3125,1.0,0.125,0.5625,debit_card,ES,EUR
PM_002883,3,0,0,0,0,398.39,132.79666666666665,90.25,0.0646821013936545,0.1560548224811232,2,3,1,1,0.0,0.0,0.0,0.6666666666666666,1.0,0.3333333333333333,0.3333333333333333,credit_card,ES,EUR
PM_001605,16,0,0,0,1,2520.64,157.54,110.82,0.06467729829174886,0.7335066200701231,8,16,4,0,0.0,0.0,0.0,0.5,1.0,0.25,0.0,credit_card,FR,EUR
PM_006603,3,0,0,0,0,771.68,257.22666666666663,59.41,0.06460549659745657,0.1593180066306995,1,3,0,0,0.0,0.0,0.0,0.3333333333333333,1.0,0.0,0.0,debit_card,GB,EUR
PM_001671,11,0,0,0,0,683.43,62.129999999999995,27.68,0.06458646342979792,0.3753452446458857,5,11,1,3,0.0,0.0,0.0,0.45454545454545453,1.0,0.09090909090909091,0.2727272727272727,wallet,US,EUR
PM_009210,14,1,0,0,1,1605.1200000000001,114.65142857142858,78.595,0.06450758063974195,0.8932283022192354,7,14,3,6,0.07142857142857142,0.0,0.0,0.5,1.0,0.21428571428571427,0.42857142857142855,debit_card,PT,EUR
PM_001675,4,0,0,0,0,701.0,175.25,29.125,0.06450286821771575,0.2444061266077652,2,4,0,2,0.0,0.0,0.0,0.5,1.0,0.0,0.5,credit_card,PT,EUR
PM_010832,3,0,0,0,0,92.01,30.67,36.06,0.0644884932101242,0.165915270045532,0,0,0,3,0.0,0.0,0.0,0.0,0.0,0.0,1.0,credit_card,ES,EUR
PM_006619,14,0,0,0,0,1294.73,92.48071428571428,80.945,0.06437892920443003,0.6348520113691126,11,14,0,7,0.0,0.0,0.0,0.7857142857142857,1.0,0.0,0.5,credit_card,GB,EUR
PM_010423,6,0,0,0,0,1952.84,325.4733333333333,254.425,0.06434822057798653,0.3666848613226058,2,6,0,3,0.0,0.0,0.0,0.3333333333333333,1.0,0.0,0.5,credit_card,IT,EUR
PM_000106,8,0,0,0,0,598.57,74.82125,56.695,0.0642475269195367,0.2569425994099001,6,8,2,2,0.0,0.0,0.0,0.75,1.0,0.25,0.25,wallet,FR,EUR
PM_002178,8,0,0,0,0,534.86,66.8575,43.05,0.06423999108473928,0.2819051594668679,5,8,0,4,0.0,0.0,0.0,0.625,1.0,0.0,0.5,credit_card,GB,EUR
PM_006621,5,0,0,0,0,561.96,112.39200000000001,35.94,0.06422613482439697,0.3097632174209255,1,5,1,1,0.0,0.0,0.0,0.2,1.0,0.2,0.2,debit_card,US,EUR
PM_006148,12,0,0,0,0,3073.01,256.0841666666667,111.635,0.0641877592024553,0.2945041093030338,6,10,1,9,0.0,0.0,0.0,0.5,0.8333333333333334,0.08333333333333333,0.75,bank_transfer,ES,EUR
PM_001925,13,0,0,0,1,2831.25,217.78846153846155,114.55,0.06410032340851704,0.804315874330934,8,10,2,2,0.0,0.0,0.0,0.6153846153846154,0.7692307692307693,0.15384615384615385,0.15384615384615385,bank_transfer,ES,EUR
PM_011442,11,0,0,0,0,1814.06,164.91454545454545,103.38,0.06408456160202515,0.6391496329783747,7,9,3,1,0.0,0.0,0.0,0.6363636363636364,0.8181818181818182,0.2727272727272727,0.09090909090909091,credit_card,ES,EUR
PM_001687,4,0,0,0,0,2751.41,687.8525,535.54,0.0640798464840857,0.1850760520462393,4,4,0,0,0.0,0.0,0.0,1.0,1.0,0.0,0.0,credit_card,ES,EUR
PM_008548,8,0,0,0,0,740.75,92.59375,75.81,0.06405024612640577,0.2034875083403026,0,8,0,0,0.0,0.0,0.0,0.0,1.0,0.0,0.0,credit_card,US,EUR
PM_005942,9,0,0,0,0,687.17,76.35222222222222,52.26,0.06400239244329528,0.5613189025489544,2,9,0,5,0.0,0.0,0.0,0.2222222222222222,1.0,0.0,0.5555555555555556,debit_card,US,EUR
PM_002527,8,0,0,0,0,670.69,83.83625,72.28999999999999,0.06392620098092319,0.486307396418535,4,8,1,1,0.0,0.0,0.0,0.5,1.0,0.125,0.125,credit_card,DE,EUR
PM_001848,7,0,0,0,0,669.32,95.61714285714287,43.82,0.06383206357619502,0.408640681161547,4,7,0,0,0.0,0.0,0.0,0.5714285714285714,1.0,0.0,0.0,debit_card,GB,EUR
PM_009000,9,0,0,0,0,2465.19,273.91,109.01,0.06368347390156719,0.4396558876077168,5,9,1,3,0.0,0.0,0.0,0.5555555555555556,1.0,0.1111111111111111,0.3333333333333333,bank_transfer,GB,EUR
PM_009725,6,0,0,0,0,256.66,42.77666666666667,17.509999999999998,0.06360824907756042,0.3380826255240081,0,6,1,0,0.0,0.0,0.0,0.0,1.0,0.16666666666666666,0.0,debit_card,PT,EUR
PM_007312,15,0,0,0,1,2493.19,166.21266666666668,144.77,0.0635599672985701,0.8948008324721876,10,15,8,1,0.0,0.0,0.0,0.6666666666666666,1.0,0.5333333333333333,0.06666666666666667,credit_card,ES,EUR
PM_006106,8,0,0,0,0,1548.1499999999999,193.51874999999998,171.045,0.06351191742158659,0.3425345866956477,7,8,0,0,0.0,0.0,0.0,0.875,1.0,0.0,0.0,credit_card,DE,EUR
PM_000082,12,0,0,0,0,1613.8899999999999,134.4908333333333,84.52000000000001,0.0634995612858021,0.6597619740207055,7,12,2,2,0.0,0.0,0.0,0.5833333333333334,1.0,0.16666666666666666,0.16666666666666666,debit_card,ES,EUR
PM_008648,11,0,0,0,0,1593.73,144.88454545454545,128.19,0.06349156884316742,0.590292147252277,8,10,2,1,0.0,0.0,0.0,0.7272727272727273,0.9090909090909091,0.18181818181818182,0.09090909090909091,credit_card,ES,EUR
PM_007681,18,1,1,1,0,2614.6,145.25555555555556,68.375,0.06339889475121775,0.9534003921527184,10,18,5,12,0.05555555555555555,0.05555555555555555,0.05555555555555555,0.5555555555555556,1.0,0.2777777777777778,0.6666666666666666,credit_card,US,EUR
PM_009839,3,0,0,0,0,205.0,68.33333333333333,51.98,0.06336187987716797,0.1105004289032204,2,3,0,1,0.0,0.0,0.0,0.6666666666666666,1.0,0.0,0.3333333333333333,credit_card,US,EUR
PM_009961,5,0,0,0,0,780.83,156.166,83.25,0.06335382274404225,0.1079244635820155,4,5,0,5,0.0,0.0,0.0,0.8,1.0,0.0,1.0,credit_card,PT,EUR
PM_003426,5,0,0,0,0,951.14,190.228,104.93,0.06334718194093328,0.171592496304695,2,5,1,4,0.0,0.0,0.0,0.4,1.0,0.2,0.8,bank_transfer,US,EUR
PM_005811,12,0,0,0,0,1134.94,94.57833333333333,77.875,0.06328999662023775,0.5516553028092152,9,12,1,2,0.0,0.0,0.0,0.75,1.0,0.08333333333333333,0.16666666666666666,debit_card,GB,EUR
PM_010859,16,0,0,0,1,1862.67,116.416875,94.39,0.06323200877127652,0.8746823183009313,6,16,4,2,0.0,0.0,0.0,0.375,1.0,0.25,0.125,credit_card,DE,EUR
PM_011038,14,0,0,0,1,1683.78,120.27,102.36,0.06318801807137231,0.7714613489925181,6,9,5,4,0.0,0.0,0.0,0.42857142857142855,0.6428571428571429,0.35714285714285715,0.2857142857142857,credit_card,ES,EUR
PM_007948,8,0,0,0,0,1247.81,155.97625,137.91,0.06314643131539173,0.1943058763884919,1,8,0,6,0.0,0.0,0.0,0.125,1.0,0.0,0.75,bank_transfer,IT,EUR
PM_001157,5,0,0,0,0,297.3,59.46,36.96,0.06310705503223918,0.1797301483763918,3,4,0,3,0.0,0.0,0.0,0.6,0.8,0.0,0.6,wallet,FR,EUR
PM_010582,16,1,1,1,0,1470.38,91.89875,63.80500000000001,0.06308136556257127,0.9781267447672748,11,13,0,0,0.0625,0.0625,0.0625,0.6875,0.8125,0.0,0.0,credit_card,DE,EUR
PM_000162,11,0,0,0,0,1768.28,160.75272727272727,34.56,0.06307696186256831,0.3139640065275613,6,11,5,1,0.0,0.0,0.0,0.5454545454545454,1.0,0.45454545454545453,0.09090909090909091,wallet,ES,EUR
PM_003395,3,0,0,0,0,560.55,186.85,164.13,0.06306564176727543,0.1240257978175613,2,3,0,2,0.0,0.0,0.0,0.6666666666666666,1.0,0.0,0.6666666666666666,wallet,GB,EUR
PM_004531,7,0,0,0,0,719.14,102.73428571428572,93.62,0.06304252398518026,0.4282680573645646,1,7,1,0,0.0,0.0,0.0,0.14285714285714285,1.0,0.14285714285714285,0.0,debit_card,US,EUR
PM_003418,5,0,0,0,0,600.13,120.026,59.31,0.06300487419453528,0.3014649808437963,3,5,0,1,0.0,0.0,0.0,0.6,1.0,0.0,0.2,credit_card,PT,EUR
PM_000054,8,0,0,0,0,515.48,64.435,54.545,0.06299655798536716,0.253633326401399,4,8,1,4,0.0,0.0,0.0,0.5,1.0,0.125,0.5,credit_card,ES,EUR
PM_011907,6,0,0,0,0,1425.96,237.66,202.155,0.06293960257254193,0.2008231561729987,4,6,0,1,0.0,0.0,0.0,0.6666666666666666,1.0,0.0,0.16666666666666666,debit_card,IT,EUR
PM_005021,4,0,0,0,0,1521.24,380.31,325.055,0.06293374260028008,0.1484157299695188,2,4,0,0,0.0,0.0,0.0,0.5,1.0,0.0,0.0,debit_card,PT,EUR
PM_006422,4,0,0,0,0,473.27,118.3175,115.865,0.06286866406882645,0.2353353639671327,1,4,1,1,0.0,0.0,0.0,0.25,1.0,0.25,0.25,debit_card,FR,EUR
PM_001460,3,0,0,0,0,400.02000000000004,133.34,156.86,0.06280114315397686,0.1868658694028376,3,3,0,0,0.0,0.0,0.0,1.0,1.0,0.0,0.0,credit_card,US,EUR
PM_000910,19,0,0,0,1,1145.17,60.2721052631579,47.93,0.06278644526430463,0.8507007414572239,14,17,2,4,0.0,0.0,0.0,0.7368421052631579,0.8947368421052632,0.10526315789473684,0.21052631578947367,credit_card,ES,EUR
PM_001941,14,0,0,0,1,1522.55,108.75357142857142,89.785,0.06277967502051364,0.7015190738965653,3,14,2,4,0.0,0.0,0.0,0.21428571428571427,1.0,0.14285714285714285,0.2857142857142857,credit_card,US,EUR
PM_003369,10,0,0,0,0,1325.32,132.53199999999998,95.9,0.06277458892689002,0.3739565968277016,6,7,2,0,0.0,0.0,0.0,0.6,0.7,0.2,0.0,wallet,FR,EUR
PM_000009,12,0,0,0,0,1918.1200000000001,159.84333333333333,98.56,0.06275442805185864,0.4663826829285107,8,11,4,2,0.0,0.0,0.0,0.6666666666666666,0.9166666666666666,0.3333333333333333,0.16666666666666666,bank_transfer,FR,EUR
PM_009204,6,0,0,0,0,378.96,63.16,22.835,0.06270155012993762,0.1397163802486146,4,6,1,0,0.0,0.0,0.0,0.6666666666666666,1.0,0.16666666666666666,0.0,credit_card,FR,EUR
PM_009162,19,0,1,1,0,2689.1800000000003,141.53578947368422,114.96,0.06267647405003525,0.9046050772085262,11,19,3,0,0.0,0.05263157894736842,0.05263157894736842,0.5789473684210527,1.0,0.15789473684210525,0.0,credit_card,GB,EUR
PM_005224,4,0,0,0,0,1280.8799999999999,320.21999999999997,145.87,0.06255673810827413,0.196110685494746,3,4,1,0,0.0,0.0,0.0,0.75,1.0,0.25,0.0,credit_card,ES,EUR
PM_010142,8,0,0,0,0,266.08,33.26,23.43,0.06255462887473102,0.4976608414052832,7,8,1,7,0.0,0.0,0.0,0.875,1.0,0.125,0.875,credit_card,ES,EUR
PM_009804,10,0,0,0,0,1115.06,111.506,112.96000000000001,0.06255315206055753,0.2895189784253316,6,10,1,2,0.0,0.0,0.0,0.6,1.0,0.1,0.2,wallet,ES,EUR
PM_008649,14,0,0,0,1,2312.92,165.20857142857145,76.14,0.06252289322149264,0.713883330790509,7,13,1,0,0.0,0.0,0.0,0.5,0.9285714285714286,0.07142857142857142,0.0,credit_card,ES,EUR
PM_009844,17,0,0,0,0,1454.27,85.54529411764706,61.31,0.062496075404538054,0.4965720484087376,15,17,3,2,0.0,0.0,0.0,0.8823529411764706,1.0,0.17647058823529413,0.11764705882352941,debit_card,ES,EUR
PM_007406,6,1,0,0,0,495.4,82.56666666666666,36.254999999999995,0.06246895171279556,0.3319992689060294,5,6,0,3,0.16666666666666666,0.0,0.0,0.8333333333333334,1.0,0.0,0.5,debit_card,US,EUR
PM_000949,17,0,0,0,0,2216.31,130.37117647058824,68.12,0.06243663670302698,0.6413591760086299,9,17,1,3,0.0,0.0,0.0,0.5294117647058824,1.0,0.058823529411764705,0.17647058823529413,credit_card,DE,EUR
PM_004146,11,0,0,0,0,813.99,73.99909090909091,43.19,0.062422333226937646,0.6330247425833244,3,11,0,9,0.0,0.0,0.0,0.2727272727272727,1.0,0.0,0.8181818181818182,debit_card,DE,EUR
PM_003726,15,0,0,0,1,3042.96,202.864,150.27,0.06236520207834013,0.758175926356551,6,11,4,1,0.0,0.0,0.0,0.4,0.7333333333333333,0.26666666666666666,0.06666666666666667,credit_card,ES,EUR
PM_001234,12,0,0,0,0,960.98,80.08166666666666,56.43,0.06233581638677008,0.6249648747724524,7,12,2,6,0.0,0.0,0.0,0.5833333333333334,1.0,0.16666666666666666,0.5,credit_card,DE,EUR
PM_008802,4,0,0,0,0,375.41,93.8525,111.59,0.062322448699263226,0.2476041696011958,1,3,2,3,0.0,0.0,0.0,0.25,0.75,0.5,0.75,debit_card,ES,EUR
PM_001956,5,0,0,0,0,642.64,128.528,78.25,0.06225406939918029,0.3104674557527074,3,5,1,0,0.0,0.0,0.0,0.6,1.0,0.2,0.0,debit_card,IT,EUR
PM_002323,10,1,0,0,0,1221.47,122.147,115.75,0.06224114523720777,0.6100749138225492,4,10,1,7,0.1,0.0,0.0,0.4,1.0,0.1,0.7,credit_card,DE,EUR
PM_008831,8,0,0,0,0,895.83,111.97875,73.795,0.06221485363489625,0.2931878293352775,4,4,0,6,0.0,0.0,0.0,0.5,0.5,0.0,0.75,credit_card,ES,EUR
PM_002103,9,1,0,0,0,315.95,35.105555555555554,34.68,0.06221098730886946,0.5245637583307036,2,9,0,0,0.1111111111111111,0.0,0.0,0.2222222222222222,1.0,0.0,0.0,wallet,US,EUR
PM_007624,8,0,0,0,0,987.89,123.48625,95.275,0.06216415931202986,0.3450604986633555,5,8,1,2,0.0,0.0,0.0,0.625,1.0,0.125,0.25,credit_card,ES,EUR
PM_002875,5,0,0,0,0,898.61,179.722,65.48,0.06216035699050824,0.277631500490456,2,4,1,2,0.0,0.0,0.0,0.4,0.8,0.2,0.4,wallet,PT,EUR
PM_009447,9,0,0,0,0,621.8199999999999,69.0911111111111,31.15,0.0620220810275332,0.4184520313110271,5,6,1,8,0.0,0.0,0.0,0.5555555555555556,0.6666666666666666,0.1111111111111111,0.8888888888888888,wallet,ES,EUR
PM_001475,10,0,0,0,0,1673.78,167.378,88.03,0.06179483161452047,0.597014418421435,6,10,1,2,0.0,0.0,0.0,0.6,1.0,0.1,0.2,debit_card,GB,EUR
PM_001564,11,0,0,0,0,810.94,73.7218181818182,70.45,0.06174845005317447,0.6580357580648125,5,7,2,0,0.0,0.0,0.0,0.45454545454545453,0.6363636363636364,0.18181818181818182,0.0,debit_card,ES,EUR
PM_003014,5,0,0,0,0,546.59,109.31800000000001,111.37,0.06173978705520509,0.3052431317745987,3,5,1,2,0.0,0.0,0.0,0.6,1.0,0.2,0.4,debit_card,IT,EUR
PM_003271,13,1,0,0,1,1034.99,79.61461538461539,25.73,0.0617336197717208,0.7358966452141997,2,13,3,1,0.07692307692307693,0.0,0.0,0.15384615384615385,1.0,0.23076923076923078,0.07692307692307693,debit_card,US,EUR
PM_008271,17,0,0,0,1,1035.14,60.890588235294125,42.82,0.06170195060658032,0.8411092689621323,10,16,2,3,0.0,0.0,0.0,0.5882352941176471,0.9411764705882353,0.11764705882352941,0.17647058823529413,credit_card,ES,EUR
PM_004393,15,0,0,0,0,1395.92,93.06133333333334,79.82,0.06167240052002329,0.6174943762811503,8,12,1,0,0.0,0.0,0.0,0.5333333333333333,0.8,0.06666666666666667,0.0,wallet,ES,EUR
PM_007834,7,0,0,0,0,1697.1,242.44285714285712,95.67,0.06166161552918649,0.274036948381613,3,3,0,0,0.0,0.0,0.0,0.42857142857142855,0.42857142857142855,0.0,0.0,debit_card,FR,EUR
PM_010275,8,0,0,0,0,925.97,115.74625,108.205,0.06158105553510277,0.283078082785612,4,6,2,0,0.0,0.0,0.0,0.5,0.75,0.25,0.0,debit_card,FR,EUR
PM_001464,7,0,0,0,0,275.12,39.30285714285714,46.02,0.0615755580384868,0.3415609287318771,6,7,1,3,0.0,0.0,0.0,0.8571428571428571,1.0,0.14285714285714285,0.42857142857142855,wallet,US,EUR
PM_006606,19,1,0,0,1,1561.36,82.17684210526315,68.29,0.06155270420596062,0.8499525346841852,6,8,1,2,0.05263157894736842,0.0,0.0,0.3157894736842105,0.42105263157894735,0.05263157894736842,0.10526315789473684,credit_card,ES,EUR
PM_005892,16,0,0,0,1,2790.83,174.426875,150.385,0.06155185140702994,0.8874681337599363,5,16,2,2,0.0,0.0,0.0,0.3125,1.0,0.125,0.125,credit_card,GB,EUR
PM_005828,6,0,0,0,0,490.09,81.68166666666666,26.759999999999998,0.06154333091182735,0.2218614809619853,6,6,1,1,0.0,0.0,0.0,1.0,1.0,0.16666666666666666,0.16666666666666666,credit_card,US,EUR
PM_006032,19,0,0,0,1,2714.38,142.8621052631579,77.3,0.06153741713172824,0.8379637933775562,15,19,3,7,0.0,0.0,0.0,0.7894736842105263,1.0,0.15789473684210525,0.3684210526315789,wallet,ES,EUR
PM_004701,4,0,0,0,0,263.02,65.755,56.275000000000006,0.06152234615889805,0.1170325874616415,2,4,1,4,0.0,0.0,0.0,0.5,1.0,0.25,1.0,wallet,US,EUR
PM_007270,4,0,0,0,0,600.18,150.045,139.61,0.061506020155379725,0.2449252837126086,3,4,0,2,0.0,0.0,0.0,0.75,1.0,0.0,0.5,wallet,GB,EUR
PM_001294,6,0,0,0,0,750.63,125.105,99.68,0.061396987708609935,0.3622517733235109,6,6,0,5,0.0,0.0,0.0,1.0,1.0,0.0,0.8333333333333334,debit_card,GB,EUR
PM_009359,3,0,0,0,0,287.68,95.89333333333333,119.51,0.06132475821190423,0.106309172756742,0,3,0,1,0.0,0.0,0.0,0.0,1.0,0.0,0.3333333333333333,credit_card,US,EUR
PM_010462,27,0,0,0,0,2946.96,109.14666666666666,89.95,0.061321764435916526,0.6987166852331962,19,27,6,10,0.0,0.0,0.0,0.7037037037037037,1.0,0.2222222222222222,0.37037037037037035,credit_card,US,EUR
PM_007922,4,0,0,0,0,560.5,140.125,83.0,0.06119556598230293,0.166356283348539,3,3,0,0,0.0,0.0,0.0,0.75,0.75,0.0,0.0,credit_card,IT,EUR
PM_005397,10,0,0,0,0,851.2900000000001,85.129,63.75,0.06113278843871282,0.2401755276399178,5,10,0,1,0.0,0.0,0.0,0.5,1.0,0.0,0.1,credit_card,IT,EUR
PM_007384,3,0,0,0,0,655.26,218.42,119.14,0.06111561845319407,0.1595860183821604,2,3,0,0,0.0,0.0,0.0,0.6666666666666666,1.0,0.0,0.0,debit_card,ES,EUR
PM_006297,7,0,0,0,0,826.6,118.08571428571429,63.57,0.06109231765256935,0.418718755307134,2,3,3,1,0.0,0.0,0.0,0.2857142857142857,0.42857142857142855,0.42857142857142855,0.14285714285714285,credit_card,ES,EUR
PM_007757,4,0,0,0,0,122.7,30.675,30.975,0.061029752043431175,0.134753348456148,3,4,0,1,0.0,0.0,0.0,0.75,1.0,0.0,0.25,debit_card,US,EUR
PM_006206,13,0,0,0,0,1227.37,94.41307692307691,55.83,0.060975281921690966,0.6765132228973048,3,13,2,5,0.0,0.0,0.0,0.23076923076923078,1.0,0.15384615384615385,0.38461538461538464,debit_card,DE,EUR
PM_011539,3,0,0,0,0,335.05,111.68333333333334,81.59,0.06073285073963767,0.1038866140836817,1,2,0,1,0.0,0.0,0.0,0.3333333333333333,0.6666666666666666,0.0,0.3333333333333333,wallet,ES,EUR
PM_002977,14,0,0,0,0,749.7099999999999,53.55071428571428,44.76,0.06072703212790263,0.3344988664613875,6,13,2,7,0.0,0.0,0.0,0.42857142857142855,0.9285714285714286,0.14285714285714285,0.5,debit_card,DE,EUR
PM_010649,6,0,0,0,0,942.26,157.04333333333332,131.66,0.06064327392089003,0.2215717712507239,4,5,1,0,0.0,0.0,0.0,0.6666666666666666,0.8333333333333334,0.16666666666666666,0.0,credit_card,ES,EUR
PM_008793,5,0,0,0,0,408.07,81.614,57.48,0.06060178949870047,0.2675234971925003,1,1,0,0,0.0,0.0,0.0,0.2,0.2,0.0,0.0,credit_card,ES,EUR
PM_004653,18,0,1,1,0,2770.36,153.9088888888889,104.845,0.060495204896637594,0.9471503549735466,5,9,5,0,0.0,0.05555555555555555,0.05555555555555555,0.2777777777777778,0.5,0.2777777777777778,0.0,credit_card,ES,EUR
PM_008515,5,0,0,0,0,622.65,124.53,71.74,0.060484916562506916,0.1408597803599526,1,5,0,2,0.0,0.0,0.0,0.2,1.0,0.0,0.4,credit_card,PT,EUR
PM_011285,7,0,0,0,0,484.24,69.17714285714285,36.63,0.060462322653372404,0.3750194387739725,4,7,2,2,0.0,0.0,0.0,0.5714285714285714,1.0,0.2857142857142857,0.2857142857142857,credit_card,PT,EUR
PM_003423,8,0,0,0,0,586.16,73.27,59.86,0.0604424842363657,0.3780872951374347,5,6,0,4,0.0,0.0,0.0,0.625,0.75,0.0,0.5,debit_card,PT,EUR
PM_001413,9,0,0,0,0,2558.28,284.25333333333333,235.45,0.06039130864600279,0.3178385269429952,4,9,1,5,0.0,0.0,0.0,0.4444444444444444,1.0,0.1111111111111111,0.5555555555555556,wallet,US,EUR
PM_010660,3,0,0,0,0,623.0999999999999,207.69999999999996,195.2,0.06030965381977871,0.1540880139985784,2,2,0,0,0.0,0.0,0.0,0.6666666666666666,0.6666666666666666,0.0,0.0,debit_card,ES,EUR
PM_010083,7,0,0,0,0,780.03,111.43285714285715,94.07,0.06022840210131608,0.1613902744482478,3,7,2,4,0.0,0.0,0.0,0.42857142857142855,1.0,0.2857142857142857,0.5714285714285714,credit_card,US,EUR
PM_004475,17,0,0,0,0,1920.04,112.9435294117647,90.46,0.060162105089278516,0.4252607056783214,11,17,3,1,0.0,0.0,0.0,0.6470588235294118,1.0,0.17647058823529413,0.058823529411764705,credit_card,FR,EUR
PM_008383,12,0,0,0,0,1483.24,123.60333333333334,89.075,0.0600617317907261,0.689249662310934,9,12,2,4,0.0,0.0,0.0,0.75,1.0,0.16666666666666666,0.3333333333333333,debit_card,ES,EUR
PM_001388,19,1,0,0,0,2002.78,105.40947368421052,57.8,0.06002899124722649,0.3257534496891799,13,19,2,17,0.05263157894736842,0.0,0.0,0.6842105263157895,1.0,0.10526315789473684,0.8947368421052632,wallet,US,EUR
PM_003114,18,0,0,0,0,2278.89,126.60499999999999,107.965,0.059920765348411315,0.5422343633696711,10,18,4,1,0.0,0.0,0.0,0.5555555555555556,1.0,0.2222222222222222,0.05555555555555555,credit_card,GB,EUR
PM_002940,10,0,0,0,0,942.37,94.237,37.295,0.05981959857539878,0.3437573487031143,3,8,1,3,0.0,0.0,0.0,0.3,0.8,0.1,0.3,credit_card,ES,EUR
PM_010394,6,0,0,0,0,548.81,91.46833333333332,63.14,0.05977155183158328,0.3099252116241738,2,6,1,0,0.0,0.0,0.0,0.3333333333333333,1.0,0.16666666666666666,0.0,debit_card,GB,EUR
PM_003561,5,0,0,0,0,1055.54,211.108,135.07,0.059768782711193104,0.2447648441145275,4,5,0,3,0.0,0.0,0.0,0.8,1.0,0.0,0.6,credit_card,FR,EUR
PM_002332,15,0,0,0,1,1879.69,125.31266666666667,100.16,0.05970469069589499,0.7690803130688902,9,13,1,4,0.0,0.0,0.0,0.6,0.8666666666666667,0.06666666666666667,0.26666666666666666,credit_card,IT,EUR
PM_008860,14,1,0,0,1,911.48,65.10571428571428,56.644999999999996,0.05967198229084669,0.7517686403898617,3,14,3,4,0.07142857142857142,0.0,0.0,0.21428571428571427,1.0,0.21428571428571427,0.2857142857142857,debit_card,IT,EUR
PM_000311,9,0,0,0,0,1310.01,145.55666666666667,87.34,0.05966456933072665,0.2528286991245578,3,9,0,7,0.0,0.0,0.0,0.3333333333333333,1.0,0.0,0.7777777777777778,credit_card,IT,EUR
PM_011071,15,0,0,0,1,1211.12,80.74133333333333,51.92,0.05961481509694296,0.8004757202181927,9,15,3,0,0.0,0.0,0.0,0.6,1.0,0.2,0.0,debit_card,ES,EUR
PM_006760,3,0,0,0,0,718.9300000000001,239.64333333333335,131.6,0.05961013311833077,0.1184896459429417,2,3,0,2,0.0,0.0,0.0,0.6666666666666666,1.0,0.0,0.6666666666666666,credit_card,IT,EUR
PM_010076,9,0,0,0,0,2021.81,224.64555555555555,76.13,0.059532646031461925,0.510705960881867,5,9,2,0,0.0,0.0,0.0,0.5555555555555556,1.0,0.2222222222222222,0.0,wallet,GB,EUR
PM_004808,3,0,0,0,0,215.44,71.81333333333333,62.53,0.0594489040702857,0.1695659618435215,3,3,0,0,0.0,0.0,0.0,1.0,1.0,0.0,0.0,credit_card,ES,EUR
PM_001745,6,0,0,0,0,760.37,126.72833333333334,52.865,0.05940767400621852,0.3163810293157868,5,6,0,0,0.0,0.0,0.0,0.8333333333333334,1.0,0.0,0.0,credit_card,ES,EUR
PM_007271,22,0,0,0,0,3145.97,142.99863636363636,96.41499999999999,0.05940391794604219,0.6539537293536312,13,18,2,5,0.0,0.0,0.0,0.5909090909090909,0.8181818181818182,0.09090909090909091,0.22727272727272727,bank_transfer,IT,EUR
PM_004819,16,0,0,0,1,2163.52,135.22,45.805,0.059368195669414564,0.7493176651248604,10,16,2,3,0.0,0.0,0.0,0.625,1.0,0.125,0.1875,debit_card,IT,EUR
PM_004524,6,0,0,0,0,729.83,121.63833333333334,65.535,0.059326416562563704,0.3092182044060996,3,6,1,6,0.0,0.0,0.0,0.5,1.0,0.16666666666666666,1.0,wallet,US,EUR
PM_004220,8,0,0,0,0,404.73,50.59125,36.515,0.05927348151134662,0.3216532453015107,2,8,1,0,0.0,0.0,0.0,0.25,1.0,0.125,0.0,debit_card,DE,EUR
PM_010380,5,0,0,0,0,142.1,28.419999999999998,24.29,0.05925739439892001,0.1963086933259555,5,5,0,3,0.0,0.0,0.0,1.0,1.0,0.0,0.6,wallet,ES,EUR
PM_001435,19,0,0,0,1,2079.27,109.43526315789474,74.47,0.05925233690054546,0.8042274849199214,15,15,3,2,0.0,0.0,0.0,0.7894736842105263,0.7894736842105263,0.15789473684210525,0.10526315789473684,credit_card,DE,EUR
PM_008796,15,0,0,0,0,1172.48,78.16533333333334,47.39,0.05922304211603821,0.5794930751474284,6,11,2,0,0.0,0.0,0.0,0.4,0.7333333333333333,0.13333333333333333,0.0,credit_card,FR,EUR
PM_002249,17,1,0,0,0,1480.48,87.08705882352942,63.34,0.05918675481600183,0.4200425177642041,7,17,5,0,0.058823529411764705,0.0,0.0,0.4117647058823529,1.0,0.29411764705882354,0.0,credit_card,GB,EUR
PM_006535,8,0,0,0,0,2020.6899999999998,252.58624999999998,224.23000000000002,0.05917791071193777,0.2283757826225219,5,8,0,3,0.0,0.0,0.0,0.625,1.0,0.0,0.375,bank_transfer,IT,EUR
PM_004610,10,0,0,0,0,1538.75,153.875,50.025000000000006,0.05909619401139279,0.4925728012564307,2,4,2,0,0.0,0.0,0.0,0.2,0.4,0.2,0.0,credit_card,ES,EUR
PM_002696,9,0,0,0,0,1127.44,125.27111111111111,123.96,0.058976235201192995,0.2633394305600663,8,9,2,9,0.0,0.0,0.0,0.8888888888888888,1.0,0.2222222222222222,1.0,credit_card,US,EUR
PM_000578,7,0,0,0,0,656.23,93.74714285714286,61.2,0.05895233470010358,0.1851377268265462,5,6,2,0,0.0,0.0,0.0,0.7142857142857143,0.8571428571428571,0.2857142857142857,0.0,wallet,IT,EUR
PM_001463,21,1,1,1,0,3015.24,143.58285714285714,55.44,0.058901871065635394,0.9973041824883528,14,21,6,5,0.047619047619047616,0.047619047619047616,0.047619047619047616,0.6666666666666666,1.0,0.2857142857142857,0.23809523809523808,debit_card,US,EUR
PM_003982,13,0,0,0,0,1348.67,103.74384615384616,75.15,0.05877607709252135,0.5491329663973699,11,13,1,5,0.0,0.0,0.0,0.8461538461538461,1.0,0.07692307692307693,0.38461538461538464,bank_transfer,GB,EUR
PM_006058,15,0,0,0,0,1161.55,77.43666666666667,39.22,0.058765579647349006,0.612421939413952,11,13,2,3,0.0,0.0,0.0,0.7333333333333333,0.8666666666666667,0.13333333333333333,0.2,credit_card,ES,EUR
PM_004264,7,0,0,0,0,1274.1399999999999,182.01999999999998,76.14,0.05869187845199162,0.2819156109533663,2,7,2,0,0.0,0.0,0.0,0.2857142857142857,1.0,0.2857142857142857,0.0,credit_card,FR,EUR
PM_004209,12,0,0,0,0,2017.16,168.09666666666666,75.32499999999999,0.05855341573932221,0.2211761749761508,3,12,2,7,0.0,0.0,0.0,0.25,1.0,0.16666666666666666,0.5833333333333334,credit_card,US,EUR
PM_009848,4,0,0,0,0,339.97,84.9925,78.99,0.0585453055676425,0.2253251343966391,3,4,2,0,0.0,0.0,0.0,0.75,1.0,0.5,0.0,wallet,DE,EUR
PM_004076,10,0,0,0,0,503.25,50.325,47.355000000000004,0.058516873506493185,0.4792826227181099,8,10,1,2,0.0,0.0,0.0,0.8,1.0,0.1,0.2,wallet,ES,EUR
PM_008196,3,0,0,0,0,59.13,19.71,23.55,0.05848373212051983,0.1728398111761356,2,3,1,0,0.0,0.0,0.0,0.6666666666666666,1.0,0.3333333333333333,0.0,debit_card,GB,EUR
PM_010877,11,0,0,0,0,546.67,49.697272727272725,27.61,0.05840294056178887,0.2933561527418215,5,8,4,2,0.0,0.0,0.0,0.45454545454545453,0.7272727272727273,0.36363636363636365,0.18181818181818182,credit_card,ES,EUR
PM_002776,11,0,0,0,0,1139.92,103.62909090909092,75.04,0.05834848653767211,0.3720317270171042,6,10,2,4,0.0,0.0,0.0,0.5454545454545454,0.9090909090909091,0.18181818181818182,0.36363636363636365,credit_card,IT,EUR
PM_003709,11,0,0,0,0,1153.06,104.82363636363635,98.12,0.058317999604452185,0.2779375836275795,3,11,3,7,0.0,0.0,0.0,0.2727272727272727,1.0,0.2727272727272727,0.6363636363636364,credit_card,US,EUR
PM_003188,7,0,0,0,0,1481.68,211.66857142857143,156.85,0.058298715333083104,0.1866178536858735,7,7,0,5,0.0,0.0,0.0,1.0,1.0,0.0,0.7142857142857143,bank_transfer,ES,EUR
PM_005666,4,0,0,0,0,540.43,135.1075,112.82,0.05821186581237734,0.1422883650716819,1,4,1,0,0.0,0.0,0.0,0.25,1.0,0.25,0.0,credit_card,FR,EUR
PM_001062,13,0,0,0,0,1710.53,131.57923076923078,66.03,0.058203535550141586,0.6884906726169597,5,13,4,1,0.0,0.0,0.0,0.38461538461538464,1.0,0.3076923076923077,0.07692307692307693,debit_card,GB,EUR
PM_005930,10,0,0,0,0,1574.85,157.48499999999999,134.235,0.058180852586814116,0.558614460090356,3,10,0,0,0.0,0.0,0.0,0.3,1.0,0.0,0.0,bank_transfer,FR,EUR
PM_002399,8,0,0,0,0,1338.44,167.305,32.555,0.058071227394871555,0.3952100992498017,2,3,0,0,0.0,0.0,0.0,0.25,0.375,0.0,0.0,debit_card,ES,EUR
PM_001125,14,0,0,0,1,915.9,65.42142857142856,19.924999999999997,0.05803042377944873,0.7958223261354843,8,14,4,5,0.0,0.0,0.0,0.5714285714285714,1.0,0.2857142857142857,0.35714285714285715,credit_card,ES,EUR
PM_004182,9,0,0,0,0,3018.92,335.43555555555554,170.51,0.05802697827340007,0.3798135315900424,3,8,2,4,0.0,0.0,0.0,0.3333333333333333,0.8888888888888888,0.2222222222222222,0.4444444444444444,bank_transfer,PT,EUR
PM_011398,8,0,0,0,0,750.99,93.87375,64.22,0.05784718631808169,0.4234784314600199,3,8,1,0,0.0,0.0,0.0,0.375,1.0,0.125,0.0,credit_card,DE,EUR
PM_010489,6,0,0,0,0,245.04,40.839999999999996,34.495,0.057837764140482396,0.2447780932328201,6,6,1,0,0.0,0.0,0.0,1.0,1.0,0.16666666666666666,0.0,credit_card,FR,EUR
PM_008073,16,0,0,0,0,2064.04,129.0025,88.02000000000001,0.05780887462320056,0.6864699409600729,7,9,3,3,0.0,0.0,0.0,0.4375,0.5625,0.1875,0.1875,bank_transfer,ES,EUR
PM_003424,4,0,0,0,0,249.1,62.275,56.870000000000005,0.05780191897749945,0.1789904372168144,2,2,1,1,0.0,0.0,0.0,0.5,0.5,0.25,0.25,debit_card,ES,EUR
PM_010808,13,0,0,0,0,1595.43,122.72538461538463,67.14,0.05775328959494562,0.3984918544480036,5,7,3,0,0.0,0.0,0.0,0.38461538461538464,0.5384615384615384,0.23076923076923078,0.0,credit_card,ES,EUR
PM_009010,6,0,0,0,0,477.85999999999996,79.64333333333333,39.870000000000005,0.05771115685466646,0.3400562840070846,4,6,1,0,0.0,0.0,0.0,0.6666666666666666,1.0,0.16666666666666666,0.0,debit_card,FR,EUR
PM_002695,4,0,0,0,0,147.74,36.935,37.235,0.057703342398205945,0.2159964606655171,3,3,1,1,0.0,0.0,0.0,0.75,0.75,0.25,0.25,wallet,IT,EUR
PM_011363,7,0,0,0,0,354.37,50.62428571428571,46.99,0.0576428898366621,0.3233248193513289,2,7,0,4,0.0,0.0,0.0,0.2857142857142857,1.0,0.0,0.5714285714285714,debit_card,US,EUR
PM_006214,17,0,0,0,0,1284.55,75.56176470588235,39.84,0.057612867048899556,0.5758150034179396,5,13,2,0,0.0,0.0,0.0,0.29411764705882354,0.7647058823529411,0.11764705882352941,0.0,credit_card,FR,EUR
PM_009185,5,0,0,0,0,232.55,46.510000000000005,46.21,0.05754741872101138,0.1948806257191976,3,5,0,4,0.0,0.0,0.0,0.6,1.0,0.0,0.8,wallet,US,EUR
PM_008998,17,0,0,0,1,1042.99,61.35235294117647,30.63,0.057530115037770044,0.8016059922657192,10,17,1,1,0.0,0.0,0.0,0.5882352941176471,1.0,0.058823529411764705,0.058823529411764705,debit_card,DE,EUR
PM_004155,5,0,0,0,0,477.14000000000004,95.42800000000001,58.39,0.05752993915023212,0.2085831676201656,4,5,1,1,0.0,0.0,0.0,0.8,1.0,0.2,0.2,wallet,IT,EUR
PM_009371,6,0,0,0,0,746.57,124.42833333333334,69.895,0.057475738151829624,0.3386898042580305,5,6,1,0,0.0,0.0,0.0,0.8333333333333334,1.0,0.16666666666666666,0.0,credit_card,ES,EUR
PM_010809,4,0,0,0,0,190.79,47.6975,41.675,0.057399827331096304,0.2290689871179074,1,4,1,0,0.0,0.0,0.0,0.25,1.0,0.25,0.0,wallet,IT,EUR
PM_002821,10,0,0,0,0,810.39,81.039,70.47,0.057310039408015157,0.5273674713605012,6,10,3,0,0.0,0.0,0.0,0.6,1.0,0.3,0.0,wallet,ES,EUR
PM_003499,3,0,0,0,0,530.3299999999999,176.77666666666664,243.07,0.05729820961655766,0.1102936666523998,2,3,1,0,0.0,0.0,0.0,0.6666666666666666,1.0,0.3333333333333333,0.0,credit_card,GB,EUR
PM_005714,7,0,0,0,0,350.11,50.01571428571429,43.63,0.05729300096534607,0.3823372752591986,5,7,4,0,0.0,0.0,0.0,0.7142857142857143,1.0,0.5714285714285714,0.0,credit_card,US,EUR
PM_003603,11,0,0,0,0,2125.58,193.23454545454544,157.63,0.05723356360638425,0.2047286748185312,7,11,2,8,0.0,0.0,0.0,0.6363636363636364,1.0,0.18181818181818182,0.7272727272727273,bank_transfer,ES,EUR
PM_010433,3,0,0,0,0,290.88,96.96,103.23,0.05719988568382987,0.1432631782038077,1,3,0,0,0.0,0.0,0.0,0.3333333333333333,1.0,0.0,0.0,credit_card,DE,EUR
PM_000867,10,0,0,0,0,839.3,83.92999999999999,39.3,0.05701999626529465,0.4134517461790441,6,10,3,0,0.0,0.0,0.0,0.6,1.0,0.3,0.0,credit_card,FR,EUR
PM_009801,5,0,0,0,0,1185.69,237.138,262.42,0.05701511667308664,0.2156627178427997,5,5,1,4,0.0,0.0,0.0,1.0,1.0,0.2,0.8,bank_transfer,PT,EUR
PM_009304,5,0,0,0,0,919.67,183.934,187.87,0.056967944557459335,0.0788733442982403,4,5,0,5,0.0,0.0,0.0,0.8,1.0,0.0,1.0,debit_card,GB,EUR
PM_009563,15,0,0,0,0,2659.94,177.32933333333332,63.58,0.05694069558689488,0.2261785939559506,6,15,3,14,0.0,0.0,0.0,0.4,1.0,0.2,0.9333333333333333,credit_card,US,EUR
PM_004654,15,0,0,0,0,2236.1,149.07333333333332,82.96,0.056825057815033435,0.5838209419948477,8,15,1,3,0.0,0.0,0.0,0.5333333333333333,1.0,0.06666666666666667,0.2,credit_card,US,EUR
PM_002327,4,0,0,0,0,536.11,134.0275,129.24,0.05676274111848045,0.2262875825912485,2,3,2,1,0.0,0.0,0.0,0.5,0.75,0.5,0.25,credit_card,ES,EUR
PM_010934,14,0,0,0,0,1760.65,125.76071428571429,101.095,0.056674814680986375,0.1842002689097101,8,14,1,3,0.0,0.0,0.0,0.5714285714285714,1.0,0.07142857142857142,0.21428571428571427,credit_card,US,EUR
PM_011002,5,0,0,0,0,348.79,69.75800000000001,82.31,0.05665673551662333,0.1527547895291576,5,5,2,2,0.0,0.0,0.0,1.0,1.0,0.4,0.4,wallet,US,EUR
PM_002390,5,0,0,0,0,402.59000000000003,80.518,68.48,0.056625672744270175,0.2104340322913925,5,5,2,1,0.0,0.0,0.0,1.0,1.0,0.4,0.2,debit_card,IT,EUR
PM_006395,17,0,0,0,1,1437.91,84.5829411764706,72.14,0.05644016746378598,0.722921920113413,8,17,2,0,0.0,0.0,0.0,0.47058823529411764,1.0,0.11764705882352941,0.0,debit_card,US,EUR
PM_003343,18,0,0,0,0,3496.33,194.24055555555555,87.18,0.056333550626343695,0.6881089183876735,12,15,2,6,0.0,0.0,0.0,0.6666666666666666,0.8333333333333334,0.1111111111111111,0.3333333333333333,bank_transfer,ES,EUR
PM_004981,5,1,0,0,0,174.38,34.876,23.91,0.05631855217122632,0.1332989864800605,1,5,0,3,0.2,0.0,0.0,0.2,1.0,0.0,0.6,debit_card,DE,EUR
PM_003478,4,0,0,0,0,419.8,104.95,96.78,0.05630659889584772,0.2217657919832296,2,4,0,0,0.0,0.0,0.0,0.5,1.0,0.0,0.0,wallet,US,EUR
PM_011650,9,0,0,0,0,1532.58,170.28666666666666,93.21,0.056205149671891004,0.3760412106791113,6,9,1,0,0.0,0.0,0.0,0.6666666666666666,1.0,0.1111111111111111,0.0,credit_card,ES,EUR
PM_002626,16,1,0,0,0,1483.25,92.703125,65.305,0.0561969521332058,0.5734313419479348,8,10,2,13,0.0625,0.0,0.0,0.5,0.625,0.125,0.8125,credit_card,IT,EUR
PM_007603,7,0,0,0,0,1100.4099999999999,157.20142857142855,85.74,0.05609375554098311,0.3604849002674492,5,7,1,2,0.0,0.0,0.0,0.7142857142857143,1.0,0.14285714285714285,0.2857142857142857,bank_transfer,US,EUR
PM_006521,5,0,0,0,0,625.67,125.13399999999999,42.99,0.05604437781038631,0.2442574681003544,3,4,0,3,0.0,0.0,0.0,0.6,0.8,0.0,0.6,credit_card,FR,EUR
PM_011037,8,0,0,0,0,712.08,89.01,63.9,0.05604267707289915,0.2462306981748102,5,7,1,4,0.0,0.0,0.0,0.625,0.875,0.125,0.5,credit_card,IT,EUR
PM_002006,9,0,0,0,0,317.2,35.24444444444444,27.52,0.05602514491230247,0.1696387405615954,7,9,3,3,0.0,0.0,0.0,0.7777777777777778,1.0,0.3333333333333333,0.3333333333333333,credit_card,DE,EUR
PM_011305,3,0,0,0,0,80.11,26.703333333333333,18.09,0.055979333067261,0.1675431916197122,3,3,0,1,0.0,0.0,0.0,1.0,1.0,0.0,0.3333333333333333,debit_card,IT,EUR
PM_003529,13,0,0,0,0,1611.84,123.9876923076923,92.39,0.055890693755665286,0.5017453813109319,6,13,1,7,0.0,0.0,0.0,0.46153846153846156,1.0,0.07692307692307693,0.5384615384615384,wallet,IT,EUR
PM_008559,5,0,0,0,0,308.97,61.794000000000004,40.96,0.05588398914512292,0.2561932578738602,3,4,2,0,0.0,0.0,0.0,0.6,0.8,0.4,0.0,debit_card,ES,EUR
PM_000862,10,0,0,0,0,1043.36,104.33599999999998,64.215,0.05588029910004868,0.3437021981541807,5,7,2,0,0.0,0.0,0.0,0.5,0.7,0.2,0.0,credit_card,FR,EUR
PM_004561,3,0,0,0,0,289.83,96.61,123.73,0.055855003489011644,0.0848132078304805,2,3,1,1,0.0,0.0,0.0,0.6666666666666666,1.0,0.3333333333333333,0.3333333333333333,credit_card,PT,EUR
PM_007676,3,0,0,0,0,327.62,109.20666666666666,85.92,0.05576479041221053,0.1401254386554311,1,3,2,2,0.0,0.0,0.0,0.3333333333333333,1.0,0.6666666666666666,0.6666666666666666,wallet,GB,EUR
PM_011007,3,0,0,0,0,177.20999999999998,59.06999999999999,44.0,0.05568942695955756,0.1608050769080491,2,2,0,1,0.0,0.0,0.0,0.6666666666666666,0.6666666666666666,0.0,0.3333333333333333,debit_card,ES,EUR
PM_006876,10,0,0,0,0,1001.2,100.12,59.915000000000006,0.055673198339352636,0.3719149902137613,5,10,0,5,0.0,0.0,0.0,0.5,1.0,0.0,0.5,credit_card,US,EUR
PM_007284,12,0,0,0,0,1916.05,159.67083333333332,113.08,0.05566822834089302,0.6278417392033766,6,11,1,0,0.0,0.0,0.0,0.5,0.9166666666666666,0.08333333333333333,0.0,credit_card,IT,EUR
PM_008391,4,0,0,0,0,311.08,77.77,71.075,0.05563126127588155,0.1500399589823408,2,4,0,4,0.0,0.0,0.0,0.5,1.0,0.0,1.0,debit_card,US,EUR
PM_002330,19,0,0,0,1,1831.74,96.40736842105264,55.4,0.05560390057209968,0.8022445932093505,15,19,1,13,0.0,0.0,0.0,0.7894736842105263,1.0,0.05263157894736842,0.6842105263157895,credit_card,ES,EUR
PM_003178,3,0,0,0,0,549.56,183.18666666666664,209.39,0.055586002170127435,0.1259681464779705,0,1,0,1,0.0,0.0,0.0,0.0,0.3333333333333333,0.0,0.3333333333333333,credit_card,ES,EUR
PM_008021,13,0,0,0,0,2596.0699999999997,199.69769230769228,146.26,0.05549805782882601,0.6092718233449591,9,13,1,0,0.0,0.0,0.0,0.6923076923076923,1.0,0.07692307692307693,0.0,credit_card,FR,EUR
PM_010129,20,0,0,0,0,2804.78,140.239,100.505,0.055396396016303584,0.4883532848754257,7,20,4,15,0.0,0.0,0.0,0.35,1.0,0.2,0.75,credit_card,FR,EUR
PM_001717,8,0,0,0,0,1809.36,226.17,42.31,0.05538078110499284,0.2502196946498791,1,8,2,7,0.0,0.0,0.0,0.125,1.0,0.25,0.875,credit_card,FR,EUR
PM_004814,8,0,0,0,0,367.85,45.98125,24.355,0.05537759796037435,0.1853713540244459,3,3,1,5,0.0,0.0,0.0,0.375,0.375,0.125,0.625,credit_card,ES,EUR
PM_009134,7,0,0,0,0,688.0500000000001,98.29285714285716,33.41,0.05533816011889431,0.1873468767468072,5,6,2,1,0.0,0.0,0.0,0.7142857142857143,0.8571428571428571,0.2857142857142857,0.14285714285714285,credit_card,PT,EUR
PM_005434,9,0,0,0,0,559.79,62.19888888888889,67.16,0.05521966783583873,0.3429006269284538,5,8,4,1,0.0,0.0,0.0,0.5555555555555556,0.8888888888888888,0.4444444444444444,0.1111111111111111,credit_card,ES,EUR
PM_010381,3,0,0,0,0,385.75,128.58333333333334,34.56,0.05511326588593649,0.1643649243927359,1,3,1,0,0.0,0.0,0.0,0.3333333333333333,1.0,0.3333333333333333,0.0,debit_card,GB,EUR
PM_000591,11,0,0,0,0,826.67,75.15181818181817,38.32,0.05501626370539772,0.2265492771473727,7,11,0,9,0.0,0.0,0.0,0.6363636363636364,1.0,0.0,0.8181818181818182,credit_card,US,EUR
PM_002712,5,0,0,0,0,698.4,139.68,148.4,0.05497329834167214,0.185064655891814,1,3,2,0,0.0,0.0,0.0,0.2,0.6,0.4,0.0,bank_transfer,ES,EUR
PM_008321,12,0,0,0,0,2150.01,179.16750000000002,120.86,0.054959688842585626,0.5763135878528978,6,12,0,0,0.0,0.0,0.0,0.5,1.0,0.0,0.0,credit_card,ES,EUR
PM_003358,13,0,0,0,0,1333.85,102.60384615384615,104.24,0.05495839632369581,0.5398070177836448,8,13,3,6,0.0,0.0,0.0,0.6153846153846154,1.0,0.23076923076923078,0.46153846153846156,debit_card,US,EUR
PM_009685,12,0,0,0,0,1200.81,100.0675,94.97999999999999,0.05494338752746624,0.5772121574019268,7,12,2,0,0.0,0.0,0.0,0.5833333333333334,1.0,0.16666666666666666,0.0,debit_card,DE,EUR
PM_004668,7,1,0,0,0,983.39,140.4842857142857,108.58,0.054940328762441745,0.2446663683748589,5,7,4,0,0.14285714285714285,0.0,0.0,0.7142857142857143,1.0,0.5714285714285714,0.0,credit_card,PT,EUR
PM_005168,6,0,0,0,0,377.01,62.835,65.045,0.054895727352078004,0.3119786668575376,1,6,0,1,0.0,0.0,0.0,0.16666666666666666,1.0,0.0,0.16666666666666666,debit_card,PT,EUR
PM_009477,3,0,0,0,0,182.79,60.93,41.77,0.054851782359457125,0.1624746547648171,2,3,0,0,0.0,0.0,0.0,0.6666666666666666,1.0,0.0,0.0,credit_card,US,EUR
PM_006629,6,0,0,0,0,1624.78,270.7966666666667,119.55499999999999,0.054834784315047326,0.2175550385215504,5,6,1,0,0.0,0.0,0.0,0.8333333333333334,1.0,0.16666666666666666,0.0,debit_card,GB,EUR
PM_007555,3,0,0,0,0,228.39999999999998,76.13333333333333,87.85,0.05479639233364177,0.1023046027556917,3,3,0,3,0.0,0.0,0.0,1.0,1.0,0.0,1.0,bank_transfer,FR,EUR
PM_005538,4,0,0,0,0,679.89,169.9725,205.14999999999998,0.05479322215192487,0.2150318378511324,3,4,0,4,0.0,0.0,0.0,0.75,1.0,0.0,1.0,credit_card,GB,EUR
PM_007398,7,0,0,0,0,625.98,89.42571428571429,86.89,0.05478936501264455,0.3671216950780582,1,7,0,0,0.0,0.0,0.0,0.14285714285714285,1.0,0.0,0.0,credit_card,FR,EUR
PM_005749,14,0,0,0,0,1151.66,82.26142857142858,47.245000000000005,0.05475594179975329,0.3964187603719816,11,14,3,8,0.0,0.0,0.0,0.7857142857142857,1.0,0.21428571428571427,0.5714285714285714,wallet,US,EUR
PM_008162,8,0,0,0,0,332.51,41.56375,41.93,0.0547123184489022,0.3878896977684072,0,8,2,0,0.0,0.0,0.0,0.0,1.0,0.25,0.0,debit_card,US,EUR
PM_010227,15,0,0,0,0,3224.2,214.94666666666666,108.06,0.05469347035643099,0.5270136818088814,9,14,3,0,0.0,0.0,0.0,0.6,0.9333333333333333,0.2,0.0,credit_card,ES,EUR
PM_006625,12,0,0,0,0,1999.61,166.63416666666666,112.99000000000001,0.054679339799648556,0.2114372738698607,9,12,2,2,0.0,0.0,0.0,0.75,1.0,0.16666666666666666,0.16666666666666666,wallet,ES,EUR
PM_011093,18,0,0,0,0,3355.89,186.43833333333333,147.76999999999998,0.05465057962226477,0.564628575264734,9,13,3,14,0.0,0.0,0.0,0.5,0.7222222222222222,0.16666666666666666,0.7777777777777778,credit_card,ES,EUR
PM_002359,4,0,0,0,0,268.58,67.145,61.41,0.054648653186850873,0.1280929876764531,1,1,0,1,0.0,0.0,0.0,0.25,0.25,0.0,0.25,credit_card,ES,EUR
PM_009716,4,0,0,0,0,1099.46,274.865,271.365,0.054620535587923,0.1409931458158992,1,2,1,0,0.0,0.0,0.0,0.25,0.5,0.25,0.0,credit_card,ES,EUR
PM_008609,3,0,0,0,0,79.61,26.536666666666665,29.44,0.054593354879481935,0.1632267357119283,1,3,1,0,0.0,0.0,0.0,0.3333333333333333,1.0,0.3333333333333333,0.0,credit_card,IT,EUR
PM_004883,16,0,0,0,0,1188.07,74.254375,48.055,0.05458297976509821,0.6215166299957928,13,15,2,4,0.0,0.0,0.0,0.8125,0.9375,0.125,0.25,credit_card,ES,EUR
PM_006479,10,0,0,0,0,742.28,74.228,46.31,0.05450946723532222,0.3572346085223971,4,6,2,0,0.0,0.0,0.0,0.4,0.6,0.2,0.0,debit_card,IT,EUR
PM_010837,14,0,0,0,0,1290.55,92.18214285714285,38.545,0.05438812192669155,0.566402712523332,10,13,5,3,0.0,0.0,0.0,0.7142857142857143,0.9285714285714286,0.35714285714285715,0.21428571428571427,credit_card,PT,EUR
PM_004912,3,0,0,0,0,462.17,154.05666666666667,222.94,0.054309195078862775,0.1212740618360292,1,1,0,2,0.0,0.0,0.0,0.3333333333333333,0.3333333333333333,0.0,0.6666666666666666,credit_card,ES,EUR
PM_011426,6,0,0,0,0,566.06,94.34333333333332,69.92,0.0543071375923714,0.3018693399095197,2,6,0,2,0.0,0.0,0.0,0.3333333333333333,1.0,0.0,0.3333333333333333,debit_card,GB,EUR
PM_006586,14,0,0,0,0,603.56,43.11142857142857,35.71,0.05420565194389552,0.5327182590372259,7,14,3,1,0.0,0.0,0.0,0.5,1.0,0.21428571428571427,0.07142857142857142,wallet,US,EUR
PM_000472,12,0,0,0,0,1133.19,94.4325,47.245000000000005,0.05419691222026937,0.5881766554663012,6,12,2,0,0.0,0.0,0.0,0.5,1.0,0.16666666666666666,0.0,debit_card,IT,EUR
PM_009695,12,1,0,0,0,1439.68,119.97333333333334,117.185,0.05416873280959499,0.5449452579824491,12,12,4,0,0.08333333333333333,0.0,0.0,1.0,1.0,0.3333333333333333,0.0,wallet,GB,EUR
PM_001184,3,0,0,0,0,134.59,44.86333333333334,34.86,0.05401441339636857,0.1434509539657599,2,3,2,0,0.0,0.0,0.0,0.6666666666666666,1.0,0.6666666666666666,0.0,debit_card,US,EUR
PM_000883,6,0,0,0,0,651.63,108.605,114.61500000000001,0.054009020660126666,0.2827221769229507,4,6,2,0,0.0,0.0,0.0,0.6666666666666666,1.0,0.3333333333333333,0.0,debit_card,ES,EUR
PM_002220,12,0,0,0,0,1720.95,143.4125,70.07,0.05400689303830325,0.234354154945052,5,10,2,0,0.0,0.0,0.0,0.4166666666666667,0.8333333333333334,0.16666666666666666,0.0,credit_card,FR,EUR
PM_008775,5,0,0,0,0,650.81,130.16199999999998,62.97,0.05399100139252287,0.1922580188526965,3,5,0,4,0.0,0.0,0.0,0.6,1.0,0.0,0.8,wallet,US,EUR
PM_010567,8,0,0,0,0,698.87,87.35875,70.1,0.053916688531962326,0.252548747738086,3,8,2,1,0.0,0.0,0.0,0.375,1.0,0.25,0.125,wallet,FR,EUR
PM_001107,4,0,0,0,0,140.72,35.18,35.69,0.053872907264678346,0.1915380577387019,2,4,0,0,0.0,0.0,0.0,0.5,1.0,0.0,0.0,debit_card,IT,EUR
PM_000760,6,0,0,0,0,1169.11,194.85166666666666,106.78999999999999,0.053866636955214035,0.3024040135379253,1,2,0,6,0.0,0.0,0.0,0.16666666666666666,0.3333333333333333,0.0,1.0,credit_card,ES,EUR
PM_011439,6,0,0,0,0,1630.78,271.7966666666667,212.775,0.0538582850639461,0.2491243003093448,1,2,1,0,0.0,0.0,0.0,0.16666666666666666,0.3333333333333333,0.16666666666666666,0.0,bank_transfer,ES,EUR
PM_008381,7,0,0,0,0,864.22,123.46000000000001,96.04,0.05381765634230019,0.2196256925301863,2,5,1,0,0.0,0.0,0.0,0.2857142857142857,0.7142857142857143,0.14285714285714285,0.0,credit_card,ES,EUR
PM_010364,6,0,0,0,0,512.0400000000001,85.34000000000002,77.65,0.05376786492360133,0.3189668720956256,0,3,3,0,0.0,0.0,0.0,0.0,0.5,0.5,0.0,debit_card,ES,EUR
PM_001289,13,0,0,0,0,1813.12,139.47076923076924,101.62,0.053746241015397885,0.4914806661088644,4,13,1,3,0.0,0.0,0.0,0.3076923076923077,1.0,0.07692307692307693,0.23076923076923078,debit_card,US,EUR
PM_003086,3,0,0,0,0,1097.16,365.72,373.47,0.053718193823188966,0.1146112703130456,1,1,0,3,0.0,0.0,0.0,0.3333333333333333,0.3333333333333333,0.0,1.0,bank_transfer,FR,EUR
PM_005539,6,0,0,0,0,989.46,164.91,65.705,0.053520804664735334,0.272628391538961,3,6,0,3,0.0,0.0,0.0,0.5,1.0,0.0,0.5,credit_card,IT,EUR
PM_004277,3,0,0,0,0,647.03,215.67666666666665,263.04,0.053470658906463964,0.1391759992417093,2,3,2,1,0.0,0.0,0.0,0.6666666666666666,1.0,0.6666666666666666,0.3333333333333333,credit_card,FR,EUR
PM_010226,3,0,0,0,0,218.8,72.93333333333334,59.97,0.053369129233252564,0.1592910224793584,3,3,0,0,0.0,0.0,0.0,1.0,1.0,0.0,0.0,credit_card,FR,EUR
PM_006317,3,0,0,0,0,204.48,68.16,40.41,0.05333355827734967,0.1484616904220765,0,3,1,3,0.0,0.0,0.0,0.0,1.0,0.3333333333333333,1.0,bank_transfer,GB,EUR
PM_009363,16,0,0,0,0,670.75,41.921875,22.675,0.05321958033625258,0.6265917020976819,6,16,2,10,0.0,0.0,0.0,0.375,1.0,0.125,0.625,debit_card,FR,EUR
PM_003416,22,0,0,0,0,1860.5,84.56818181818181,38.120000000000005,0.05308649336888183,0.6382111691659119,15,22,2,9,0.0,0.0,0.0,0.6818181818181818,1.0,0.09090909090909091,0.4090909090909091,credit_card,DE,EUR
PM_010475,12,0,0,0,0,2171.19,180.9325,44.730000000000004,0.05287738275543383,0.5211253160585417,4,4,0,1,0.0,0.0,0.0,0.3333333333333333,0.3333333333333333,0.0,0.08333333333333333,credit_card,ES,EUR
PM_004821,16,0,0,0,0,2341.46,146.34125,116.595,0.05286809989375347,0.6130209568660288,13,13,2,5,0.0,0.0,0.0,0.8125,0.8125,0.125,0.3125,debit_card,FR,EUR
PM_006925,3,0,0,0,0,563.97,187.99,182.81,0.05283803802185503,0.1105183375147102,3,3,0,0,0.0,0.0,0.0,1.0,1.0,0.0,0.0,credit_card,ES,EUR
PM_009515,7,0,0,0,0,514.51,73.50142857142858,50.72,0.05282878077406507,0.3118497726930169,5,6,2,2,0.0,0.0,0.0,0.7142857142857143,0.8571428571428571,0.2857142857142857,0.2857142857142857,wallet,IT,EUR
PM_009660,4,0,0,0,0,137.51,34.3775,25.814999999999998,0.052736247754416675,0.2091828431754656,3,4,2,0,0.0,0.0,0.0,0.75,1.0,0.5,0.0,credit_card,ES,EUR
PM_003722,16,1,0,0,1,1206.8200000000002,75.42625000000001,41.935,0.05271328658417248,0.7994564383190021,8,16,1,3,0.0625,0.0,0.0,0.5,1.0,0.0625,0.1875,debit_card,US,EUR
PM_004358,6,0,0,0,0,743.8100000000001,123.96833333333335,73.0,0.05268675573616489,0.3055234727943618,3,6,0,0,0.0,0.0,0.0,0.5,1.0,0.0,0.0,debit_card,IT,EUR
PM_004397,13,0,0,0,0,1841.77,141.67461538461538,110.83,0.05268539143800839,0.3266856182077886,6,13,0,0,0.0,0.0,0.0,0.46153846153846156,1.0,0.0,0.0,debit_card,US,EUR
PM_000156,11,0,0,0,0,474.48,43.13454545454545,37.26,0.05267968112310182,0.5684406376601253,2,8,3,0,0.0,0.0,0.0,0.18181818181818182,0.7272727272727273,0.2727272727272727,0.0,credit_card,FR,EUR
PM_009424,11,0,0,0,0,667.16,60.65090909090909,39.17,0.05255627159968554,0.5021904611701798,5,11,2,1,0.0,0.0,0.0,0.45454545454545453,1.0,0.18181818181818182,0.09090909090909091,wallet,DE,EUR
PM_009432,12,0,0,0,0,480.71,40.05916666666666,40.155,0.052466448467519265,0.5590308367849418,8,12,0,6,0.0,0.0,0.0,0.6666666666666666,1.0,0.0,0.5,credit_card,DE,EUR
PM_001889,5,0,0,0,0,628.66,125.732,28.32,0.052424999314773936,0.2495154696271558,1,5,0,0,0.0,0.0,0.0,0.2,1.0,0.0,0.0,debit_card,US,EUR
PM_004105,12,0,0,0,0,771.61,64.30083333333333,34.615,0.05242016866631393,0.296106347699917,5,12,0,5,0.0,0.0,0.0,0.4166666666666667,1.0,0.0,0.4166666666666667,debit_card,IT,EUR
PM_004727,11,1,0,0,0,706.18,64.19818181818181,43.02,0.05238718902275225,0.3415051796057189,7,9,1,3,0.09090909090909091,0.0,0.0,0.6363636363636364,0.8181818181818182,0.09090909090909091,0.2727272727272727,credit_card,DE,EUR
PM_002503,7,0,0,0,0,592.7099999999999,84.67285714285713,32.41,0.05233048727746687,0.2226033827406104,3,7,1,7,0.0,0.0,0.0,0.42857142857142855,1.0,0.14285714285714285,1.0,debit_card,ES,EUR
PM_009053,10,0,0,0,0,585.3,58.529999999999994,45.215,0.052304823254415156,0.4676729276835752,3,10,1,1,0.0,0.0,0.0,0.3,1.0,0.1,0.1,debit_card,FR,EUR
PM_010319,9,0,0,0,0,579.27,64.36333333333333,60.94,0.05226948552151959,0.4069830647925146,6,7,1,2,0.0,0.0,0.0,0.6666666666666666,0.7777777777777778,0.1111111111111111,0.2222222222222222,wallet,ES,EUR
PM_004783,13,0,0,0,0,393.67,30.282307692307693,24.44,0.052249019922097434,0.4028145212237144,7,13,2,0,0.0,0.0,0.0,0.5384615384615384,1.0,0.15384615384615385,0.0,wallet,DE,EUR
PM_005193,8,0,0,0,0,514.9399999999999,64.36749999999999,50.245,0.05219751645665375,0.1350336663208563,5,8,0,0,0.0,0.0,0.0,0.625,1.0,0.0,0.0,credit_card,US,EUR
PM_007775,9,0,0,0,0,1147.85,127.53888888888888,67.46,0.05219692314464763,0.3703157706360941,6,9,2,3,0.0,0.0,0.0,0.6666666666666666,1.0,0.2222222222222222,0.3333333333333333,credit_card,US,EUR
PM_008119,6,0,0,0,0,1020.48,170.08,115.045,0.05214986397353782,0.1896427011840249,2,6,0,6,0.0,0.0,0.0,0.3333333333333333,1.0,0.0,1.0,credit_card,FR,EUR
PM_002204,15,0,0,0,0,1010.64,67.376,44.55,0.05208048761283043,0.2086868399964984,10,14,1,11,0.0,0.0,0.0,0.6666666666666666,0.9333333333333333,0.06666666666666667,0.7333333333333333,wallet,ES,EUR
PM_008005,15,0,0,0,0,2104.82,140.32133333333334,58.24,0.05196297436008506,0.2957704235223515,10,15,3,0,0.0,0.0,0.0,0.6666666666666666,1.0,0.2,0.0,debit_card,US,EUR
PM_007519,8,1,0,0,0,416.64,52.08,36.69,0.05195987224967889,0.3719718799553137,4,8,1,1,0.125,0.0,0.0,0.5,1.0,0.125,0.125,wallet,IT,EUR
PM_008459,4,0,0,0,0,839.89,209.9725,168.45,0.0519155411755851,0.1076398079798841,2,4,0,2,0.0,0.0,0.0,0.5,1.0,0.0,0.5,credit_card,PT,EUR
PM_001140,3,0,0,0,0,430.07,143.35666666666665,76.89,0.05187636494396766,0.0871991858401144,2,3,0,0,0.0,0.0,0.0,0.6666666666666666,1.0,0.0,0.0,debit_card,FR,EUR
PM_003829,5,0,0,0,0,1044.5,208.9,61.84,0.05187525871527073,0.209859717107878,4,4,0,0,0.0,0.0,0.0,0.8,0.8,0.0,0.0,wallet,PT,EUR
PM_008864,13,0,0,0,0,469.74,36.13384615384616,32.9,0.05186866913664642,0.4925884398520379,1,2,1,4,0.0,0.0,0.0,0.07692307692307693,0.15384615384615385,0.07692307692307693,0.3076923076923077,debit_card,ES,EUR
PM_002316,14,0,0,0,0,1129.11,80.65071428571427,68.875,0.05186666466252608,0.680510841789213,4,5,2,10,0.0,0.0,0.0,0.2857142857142857,0.35714285714285715,0.14285714285714285,0.7142857142857143,debit_card,ES,EUR
PM_004460,3,0,0,0,0,530.86,176.95333333333335,52.03,0.0517601936297224,0.1530347711718177,1,3,0,3,0.0,0.0,0.0,0.3333333333333333,1.0,0.0,1.0,bank_transfer,PT,EUR
PM_006057,5,0,0,0,0,346.66,69.33200000000001,43.0,0.05175609041882763,0.2551014054046145,3,4,1,2,0.0,0.0,0.0,0.6,0.8,0.2,0.4,wallet,ES,EUR
PM_009571,16,0,0,0,0,1582.78,98.92375,44.05,0.051734099094792985,0.6554059851812559,12,16,3,2,0.0,0.0,0.0,0.75,1.0,0.1875,0.125,debit_card,ES,EUR
PM_003079,5,0,0,0,0,1152.8,230.56,221.24,0.051676070825837604,0.1076233541687874,3,5,0,3,0.0,0.0,0.0,0.6,1.0,0.0,0.6,debit_card,ES,EUR
PM_008286,5,0,0,0,0,414.96999999999997,82.994,50.93,0.05163828025603658,0.1977075920361625,2,2,0,4,0.0,0.0,0.0,0.4,0.4,0.0,0.8,credit_card,ES,EUR
PM_001741,4,0,0,0,0,739.95,184.9875,179.9,0.05155501054174122,0.1671045161046948,2,3,0,0,0.0,0.0,0.0,0.5,0.75,0.0,0.0,credit_card,FR,EUR
PM_010091,12,1,0,0,0,1643.26,136.93833333333333,90.23500000000001,0.051495202279489415,0.3876512419132661,7,12,1,3,0.08333333333333333,0.0,0.0,0.5833333333333334,1.0,0.08333333333333333,0.25,credit_card,DE,EUR
PM_009113,6,0,0,0,0,1173.27,195.545,185.865,0.05145068350617888,0.1521034668940776,6,6,0,4,0.0,0.0,0.0,1.0,1.0,0.0,0.6666666666666666,credit_card,IT,EUR
PM_001046,18,0,0,0,0,2736.66,152.03666666666666,119.095,0.05133988888211709,0.4504371234433234,15,18,3,0,0.0,0.0,0.0,0.8333333333333334,1.0,0.16666666666666666,0.0,credit_card,US,EUR
PM_011672,3,0,0,0,0,247.55,82.51666666666667,90.37,0.0512821764977567,0.1120045111928773,1,3,1,0,0.0,0.0,0.0,0.3333333333333333,1.0,0.3333333333333333,0.0,bank_transfer,DE,EUR
PM_009880,8,0,0,0,0,1104.98,138.1225,88.8,0.05127601816465841,0.2480974467157746,3,8,2,2,0.0,0.0,0.0,0.375,1.0,0.25,0.25,wallet,IT,EUR
PM_005841,8,0,0,0,0,1936.44,242.055,220.22,0.05127479316867799,0.3577351218614454,5,8,3,0,0.0,0.0,0.0,0.625,1.0,0.375,0.0,debit_card,FR,EUR
PM_004666,15,0,0,0,0,1530.77,102.05133333333333,60.39,0.05126259829345665,0.59919864679977,10,15,1,0,0.0,0.0,0.0,0.6666666666666666,1.0,0.06666666666666667,0.0,bank_transfer,US,EUR
PM_006351,5,0,0,0,0,368.82,73.764,81.76,0.0512330583622031,0.2388582287601729,3,5,2,3,0.0,0.0,0.0,0.6,1.0,0.4,0.6,credit_card,GB,EUR
PM_005920,8,0,0,0,0,543.67,67.95875,48.965,0.05121306560027423,0.2661155065150904,3,5,2,7,0.0,0.0,0.0,0.375,0.625,0.25,0.875,bank_transfer,ES,EUR
PM_009841,3,0,0,0,0,518.51,172.83666666666667,33.96,0.051165557095097236,0.1521888563759387,2,2,0,0,0.0,0.0,0.0,0.6666666666666666,0.6666666666666666,0.0,0.0,debit_card,ES,EUR
PM_006433,12,0,0,0,0,1522.93,126.91083333333334,70.13,0.05116191801167769,0.1688723917105252,6,10,1,2,0.0,0.0,0.0,0.5,0.8333333333333334,0.08333333333333333,0.16666666666666666,bank_transfer,ES,EUR
PM_009920,5,0,0,0,0,341.42,68.284,70.13,0.0510998860895141,0.245189999116731,3,5,1,0,0.0,0.0,0.0,0.6,1.0,0.2,0.0,debit_card,FR,EUR
PM_004478,8,0,0,0,0,1392.82,174.1025,104.775,0.050932392266866994,0.1481321356389347,4,7,0,1,0.0,0.0,0.0,0.5,0.875,0.0,0.125,debit_card,ES,EUR
PM_005909,4,0,0,0,0,346.48,86.62,77.42500000000001,0.0509188220083058,0.1450000109869755,2,4,2,0,0.0,0.0,0.0,0.5,1.0,0.5,0.0,wallet,US,EUR
PM_010898,9,0,0,0,0,2588.9,287.65555555555557,37.9,0.050899956910634245,0.3979608474066038,3,9,2,3,0.0,0.0,0.0,0.3333333333333333,1.0,0.2222222222222222,0.3333333333333333,credit_card,GB,EUR
PM_010944,7,0,0,0,0,1662.29,237.47,115.74,0.05087475440896776,0.3365191910939769,4,7,0,1,0.0,0.0,0.0,0.5714285714285714,1.0,0.0,0.14285714285714285,credit_card,IT,EUR
PM_000581,17,0,0,0,1,804.9499999999999,47.349999999999994,19.67,0.050818624685972556,0.7973361706005948,9,17,4,0,0.0,0.0,0.0,0.5294117647058824,1.0,0.23529411764705882,0.0,debit_card,DE,EUR
PM_003630,7,0,0,0,0,1125.57,160.79571428571427,140.87,0.050800517336143554,0.293943416633401,4,7,1,2,0.0,0.0,0.0,0.5714285714285714,1.0,0.14285714285714285,0.2857142857142857,credit_card,ES,EUR
PM_003080,18,0,0,0,0,1862.24,103.45777777777778,78.89,0.050656048997854225,0.6826463302064419,12,18,0,3,0.0,0.0,0.0,0.6666666666666666,1.0,0.0,0.16666666666666666,credit_card,GB,EUR
PM_006392,10,0,0,0,0,1028.14,102.81400000000001,59.55,0.050624794716457165,0.4839452452715772,6,10,0,7,0.0,0.0,0.0,0.6,1.0,0.0,0.7,debit_card,IT,EUR
PM_003245,8,0,0,0,0,399.11,49.88875,22.77,0.05059522857681314,0.3182183011535305,5,8,3,6,0.0,0.0,0.0,0.625,1.0,0.375,0.75,wallet,ES,EUR
PM_000264,9,0,0,0,0,751.94,83.5488888888889,71.38,0.05056496759861809,0.1731828702669162,3,3,0,0,0.0,0.0,0.0,0.3333333333333333,0.3333333333333333,0.0,0.0,credit_card,ES,EUR
PM_001488,11,0,0,0,0,1036.88,94.26181818181819,82.87,0.050544222363126036,0.3262104619425531,4,11,2,2,0.0,0.0,0.0,0.36363636363636365,1.0,0.18181818181818182,0.18181818181818182,credit_card,DE,EUR
PM_003811,6,0,0,0,0,454.40999999999997,75.735,43.75,0.05048762440320298,0.1487830057960064,0,6,0,4,0.0,0.0,0.0,0.0,1.0,0.0,0.6666666666666666,credit_card,DE,EUR
PM_001853,5,0,0,0,0,793.43,158.68599999999998,123.61,0.0503983344042208,0.2289293161924835,2,5,2,0,0.0,0.0,0.0,0.4,1.0,0.4,0.0,credit_card,US,EUR
PM_004443,3,0,0,0,0,495.4,165.13333333333333,184.35,0.05038924439488399,0.1322232286949103,1,3,0,3,0.0,0.0,0.0,0.3333333333333333,1.0,0.0,1.0,wallet,US,EUR
PM_009652,9,0,0,0,0,525.76,58.41777777777778,44.16,0.05028298994703853,0.2201130104458009,3,7,2,1,0.0,0.0,0.0,0.3333333333333333,0.7777777777777778,0.2222222222222222,0.1111111111111111,debit_card,FR,EUR
PM_003491,10,0,0,0,0,869.53,86.953,49.019999999999996,0.05025994124042552,0.3511528042566319,6,10,0,3,0.0,0.0,0.0,0.6,1.0,0.0,0.3,credit_card,PT,EUR
PM_008062,15,0,0,0,0,1036.79,69.11933333333333,58.25,0.05023666565477092,0.6319404533838354,8,15,3,4,0.0,0.0,0.0,0.5333333333333333,1.0,0.2,0.26666666666666666,credit_card,PT,EUR
PM_000496,15,1,0,0,0,1199.12,79.94133333333333,41.36,0.05014022448891949,0.5366266271712888,9,14,4,0,0.06666666666666667,0.0,0.0,0.6,0.9333333333333333,0.26666666666666666,0.0,wallet,DE,EUR
PM_003155,17,1,0,0,0,3275.71,192.68882352941176,86.71,0.0501067375720259,0.5274625944440041,13,17,4,17,0.058823529411764705,0.0,0.0,0.7647058823529411,1.0,0.23529411764705882,1.0,credit_card,FR,EUR
PM_011528,11,0,0,0,0,1019.09,92.64454545454545,66.55,0.050002608989096115,0.4602034097075279,3,11,2,0,0.0,0.0,0.0,0.2727272727272727,1.0,0.18181818181818182,0.0,credit_card,US,EUR
PM_010655,5,0,0,0,0,602.82,120.56400000000001,112.75,0.04999552392105018,0.1904039407321603,2,5,1,0,0.0,0.0,0.0,0.4,1.0,0.2,0.0,credit_card,IT,EUR
PM_000665,4,0,0,0,0,296.21000000000004,74.05250000000001,83.035,0.04997743994087825,0.1571490595065129,3,4,0,0,0.0,0.0,0.0,0.75,1.0,0.0,0.0,wallet,US,EUR
PM_001810,11,0,0,0,0,1538.72,139.88363636363636,86.39,0.049965451246159705,0.3477896244886638,5,9,2,1,0.0,0.0,0.0,0.45454545454545453,0.8181818181818182,0.18181818181818182,0.09090909090909091,wallet,IT,EUR
PM_005711,9,0,0,0,0,3540.01,393.33444444444444,139.71,0.049915385368141656,0.120663114427224,3,8,0,2,0.0,0.0,0.0,0.3333333333333333,0.8888888888888888,0.0,0.2222222222222222,credit_card,IT,EUR
PM_006833,14,0,0,0,0,831.33,59.38071428571429,39.349999999999994,0.049874330869729366,0.4099229686842928,8,13,3,0,0.0,0.0,0.0,0.5714285714285714,0.9285714285714286,0.21428571428571427,0.0,wallet,IT,EUR
PM_009886,10,0,0,0,0,898.1,89.81,38.79,0.049798581327419655,0.4597501282484602,5,10,2,0,0.0,0.0,0.0,0.5,1.0,0.2,0.0,credit_card,PT,EUR
PM_005787,5,0,0,0,0,388.01,77.602,83.87,0.04972271418646212,0.1856638332890661,4,5,1,3,0.0,0.0,0.0,0.8,1.0,0.2,0.6,debit_card,PT,EUR
PM_011962,4,0,0,0,0,964.14,241.035,219.89499999999998,0.04966956090729568,0.0995512415221451,2,4,0,3,0.0,0.0,0.0,0.5,1.0,0.0,0.75,credit_card,ES,EUR
PM_008341,3,0,0,0,0,820.5500000000001,273.5166666666667,193.15,0.04966480967117223,0.1285838691051797,0,2,0,2,0.0,0.0,0.0,0.0,0.6666666666666666,0.0,0.6666666666666666,credit_card,ES,EUR
PM_010176,12,0,0,0,0,2022.73,168.56083333333333,61.035,0.04966102450136465,0.3410319902858084,4,12,3,0,0.0,0.0,0.0,0.3333333333333333,1.0,0.25,0.0,wallet,GB,EUR
PM_011136,6,0,0,0,0,361.43,60.23833333333334,23.035,0.049579187751461855,0.2190998668467848,3,6,2,1,0.0,0.0,0.0,0.5,1.0,0.3333333333333333,0.16666666666666666,credit_card,ES,EUR
PM_000605,3,0,0,0,0,200.66,66.88666666666667,14.32,0.04953639540432376,0.1481729460883752,0,0,0,3,0.0,0.0,0.0,0.0,0.0,0.0,1.0,credit_card,ES,EUR
PM_003646,6,0,0,0,0,541.94,90.32333333333334,78.56,0.04953377041060026,0.2628329243802275,2,2,1,0,0.0,0.0,0.0,0.3333333333333333,0.3333333333333333,0.16666666666666666,0.0,wallet,ES,EUR
PM_007162,15,0,0,0,0,2279.73,151.982,87.48,0.049513277370882305,0.3887644664360941,12,15,4,1,0.0,0.0,0.0,0.8,1.0,0.26666666666666666,0.06666666666666667,debit_card,FR,EUR
PM_005943,5,0,0,0,0,357.53000000000003,71.506,44.92,0.04942082230676984,0.1314140199902164,1,2,0,5,0.0,0.0,0.0,0.2,0.4,0.0,1.0,debit_card,ES,EUR
PM_009032,5,0,0,0,0,1542.18,308.43600000000004,90.37,0.04939651065488944,0.1990842848243915,1,5,0,1,0.0,0.0,0.0,0.2,1.0,0.0,0.2,credit_card,IT,EUR
PM_006042,14,0,0,0,0,960.23,68.58785714285715,48.54,0.049368471639043246,0.408022047298545,5,12,7,0,0.0,0.0,0.0,0.35714285714285715,0.8571428571428571,0.5,0.0,wallet,IT,EUR
PM_006818,6,0,0,0,0,475.89,79.315,55.845,0.04934314817206025,0.215920964831495,2,6,1,1,0.0,0.0,0.0,0.3333333333333333,1.0,0.16666666666666666,0.16666666666666666,wallet,ES,EUR
PM_001699,4,0,0,0,0,296.34,74.085,52.635000000000005,0.04929737910369397,0.1957233946239603,2,2,1,2,0.0,0.0,0.0,0.5,0.5,0.25,0.5,debit_card,ES,EUR
PM_004154,4,0,0,0,0,836.63,209.1575,196.875,0.0492962357297926,0.1546311185884554,2,3,0,2,0.0,0.0,0.0,0.5,0.75,0.0,0.5,credit_card,IT,EUR
PM_011103,18,0,0,0,0,3410.71,189.48388888888888,106.45,0.0491958124930121,0.6560770851212416,9,17,6,10,0.0,0.0,0.0,0.5,0.9444444444444444,0.3333333333333333,0.5555555555555556,credit_card,FR,EUR
PM_002530,7,0,0,0,0,795.47,113.63857142857144,105.26,0.04916410102736083,0.3392666459449318,4,7,1,2,0.0,0.0,0.0,0.5714285714285714,1.0,0.14285714285714285,0.2857142857142857,credit_card,DE,EUR
PM_003276,3,0,0,0,0,877.1999999999999,292.4,152.57,0.04916257790873967,0.0805108290257141,2,3,1,0,0.0,0.0,0.0,0.6666666666666666,1.0,0.3333333333333333,0.0,wallet,US,EUR
PM_001416,7,0,0,0,0,508.31,72.61571428571429,42.84,0.04914727590802521,0.3424920912311761,4,7,1,3,0.0,0.0,0.0,0.5714285714285714,1.0,0.14285714285714285,0.42857142857142855,debit_card,US,EUR
PM_004924,9,0,0,0,0,954.24,106.02666666666667,32.3,0.04907625680053588,0.3595490164843209,5,9,0,5,0.0,0.0,0.0,0.5555555555555556,1.0,0.0,0.5555555555555556,wallet,US,EUR
PM_010372,10,0,0,0,0,909.63,90.963,43.5,0.049054899405777244,0.3953301608712798,6,10,2,1,0.0,0.0,0.0,0.6,1.0,0.2,0.1,credit_card,GB,EUR
PM_001149,6,0,0,0,0,264.3,44.050000000000004,36.585,0.0490215784283562,0.1290298072256471,3,6,3,3,0.0,0.0,0.0,0.5,1.0,0.5,0.5,wallet,PT,EUR
PM_004097,4,0,0,0,0,267.81,66.9525,63.84,0.049003710632440925,0.1788230746349136,4,4,1,3,0.0,0.0,0.0,1.0,1.0,0.25,0.75,debit_card,ES,EUR
PM_000431,4,0,0,0,0,496.57,124.1425,94.195,0.0489360482041422,0.1718097210197574,1,4,1,1,0.0,0.0,0.0,0.25,1.0,0.25,0.25,wallet,PT,EUR
PM_010484,9,0,0,0,0,958.05,106.44999999999999,70.66,0.048913460092035906,0.3229153640313156,5,9,1,5,0.0,0.0,0.0,0.5555555555555556,1.0,0.1111111111111111,0.5555555555555556,credit_card,IT,EUR
PM_011691,5,0,0,0,0,443.54999999999995,88.71,80.45,0.04890951067658806,0.2425671270609415,2,5,0,2,0.0,0.0,0.0,0.4,1.0,0.0,0.4,debit_card,FR,EUR
PM_002025,7,0,0,0,0,1054.1399999999999,150.59142857142857,103.26,0.04886126319690448,0.1831288843899222,3,7,0,5,0.0,0.0,0.0,0.42857142857142855,1.0,0.0,0.7142857142857143,wallet,GB,EUR
PM_000391,9,0,0,0,0,457.71,50.85666666666666,36.87,0.04880351622903426,0.4338482102478702,3,5,2,7,0.0,0.0,0.0,0.3333333333333333,0.5555555555555556,0.2222222222222222,0.7777777777777778,debit_card,ES,EUR
PM_004463,5,0,0,0,0,2466.0,493.2,126.04,0.04880116494600034,0.1499037504351699,2,5,0,1,0.0,0.0,0.0,0.4,1.0,0.0,0.2,credit_card,PT,EUR
PM_010050,4,0,0,0,0,977.49,244.3725,176.92000000000002,0.048780614202928244,0.1601339061830115,2,4,0,1,0.0,0.0,0.0,0.5,1.0,0.0,0.25,bank_transfer,ES,EUR
PM_007050,9,0,0,0,0,454.33,50.48111111111111,28.37,0.048759326118549585,0.2480169684593497,6,9,2,6,0.0,0.0,0.0,0.6666666666666666,1.0,0.2222222222222222,0.6666666666666666,credit_card,ES,EUR
PM_006235,5,0,0,0,0,1091.68,218.336,215.0,0.0486797547651566,0.1545435098406728,1,5,0,3,0.0,0.0,0.0,0.2,1.0,0.0,0.6,credit_card,PT,EUR
PM_009872,3,0,0,0,0,298.12,99.37333333333333,35.82,0.04863921123495366,0.1338034743052822,3,3,0,3,0.0,0.0,0.0,1.0,1.0,0.0,1.0,wallet,US,EUR
PM_010640,3,0,0,0,0,1577.5600000000002,525.8533333333334,613.22,0.04862142201495626,0.0970140876789626,2,2,0,0,0.0,0.0,0.0,0.6666666666666666,0.6666666666666666,0.0,0.0,credit_card,FR,EUR
PM_011927,8,0,0,0,0,429.23,53.65375,44.489999999999995,0.048618991108505774,0.320037247365684,4,8,1,2,0.0,0.0,0.0,0.5,1.0,0.125,0.25,bank_transfer,FR,EUR
PM_007119,6,0,0,0,0,221.79,36.964999999999996,32.364999999999995,0.04853696920037473,0.2824470651644252,5,6,3,3,0.0,0.0,0.0,0.8333333333333334,1.0,0.5,0.5,debit_card,ES,EUR
PM_005508,5,0,0,0,0,1206.68,241.336,271.85,0.04833916352144762,0.1339155090175351,3,4,0,0,0.0,0.0,0.0,0.6,0.8,0.0,0.0,credit_card,DE,EUR
PM_006062,5,0,0,0,0,189.88,37.976,13.32,0.048270983027417426,0.1455887472984488,3,5,1,0,0.0,0.0,0.0,0.6,1.0,0.2,0.0,wallet,ES,EUR
PM_009136,16,0,0,0,0,2675.96,167.2475,52.535,0.048246951653691396,0.6010659704130912,5,16,2,4,0.0,0.0,0.0,0.3125,1.0,0.125,0.25,bank_transfer,GB,EUR
PM_009238,5,0,0,0,0,426.37,85.274,54.36,0.04821747539592216,0.2402998790598016,3,5,1,2,0.0,0.0,0.0,0.6,1.0,0.2,0.4,debit_card,GB,EUR
PM_009232,3,0,0,0,0,517.69,172.56333333333336,43.72,0.04819384383594649,0.1434219833268404,2,3,0,1,0.0,0.0,0.0,0.6666666666666666,1.0,0.0,0.3333333333333333,debit_card,IT,EUR
PM_007408,6,0,0,0,0,450.61,75.10166666666667,70.445,0.04812942445709167,0.2772890417888723,6,6,1,0,0.0,0.0,0.0,1.0,1.0,0.16666666666666666,0.0,credit_card,FR,EUR
PM_004602,11,0,0,0,0,1245.61,113.23727272727272,77.21,0.04811077638026777,0.2983874181542564,4,11,2,0,0.0,0.0,0.0,0.36363636363636365,1.0,0.18181818181818182,0.0,debit_card,GB,EUR
PM_009838,4,1,0,0,0,457.81999999999994,114.45499999999998,102.91,0.04795855910592067,0.1658926410302723,1,4,1,0,0.25,0.0,0.0,0.25,1.0,0.25,0.0,credit_card,FR,EUR
PM_000403,3,0,0,0,0,187.65,62.550000000000004,54.9,0.047955380677332356,0.1433831703957329,2,2,1,2,0.0,0.0,0.0,0.6666666666666666,0.6666666666666666,0.3333333333333333,0.6666666666666666,credit_card,ES,EUR
PM_000660,18,0,0,0,0,2177.48,120.97111111111111,93.475,0.04782179553239484,0.3129341548827669,12,14,4,6,0.0,0.0,0.0,0.6666666666666666,0.7777777777777778,0.2222222222222222,0.3333333333333333,wallet,IT,EUR
PM_003411,6,0,0,0,0,617.64,102.94,69.065,0.04766638101042082,0.1794726891248732,4,6,1,1,0.0,0.0,0.0,0.6666666666666666,1.0,0.16666666666666666,0.16666666666666666,credit_card,PT,EUR
PM_002578,7,0,0,0,0,979.44,139.92000000000002,93.86,0.04763712949041981,0.1412623814703461,3,5,1,0,0.0,0.0,0.0,0.42857142857142855,0.7142857142857143,0.14285714285714285,0.0,credit_card,IT,EUR
PM_009592,19,0,0,0,0,1922.66,101.19263157894737,47.91,0.047630029363250316,0.6436171029457555,6,9,2,0,0.0,0.0,0.0,0.3157894736842105,0.47368421052631576,0.10526315789473684,0.0,credit_card,ES,EUR
PM_002168,6,0,0,0,0,785.0899999999999,130.84833333333333,116.37,0.047573546454594336,0.1933520745118083,2,6,0,0,0.0,0.0,0.0,0.3333333333333333,1.0,0.0,0.0,debit_card,IT,EUR
PM_009661,17,0,0,0,0,1516.28,89.19294117647058,70.1,0.04755336851757311,0.3704692089836357,9,15,2,4,0.0,0.0,0.0,0.5294117647058824,0.8823529411764706,0.11764705882352941,0.23529411764705882,wallet,ES,EUR
PM_008679,23,0,0,0,1,2597.11,112.91782608695652,78.36,0.047528534475026085,0.8619932521840641,13,17,3,0,0.0,0.0,0.0,0.5652173913043478,0.7391304347826086,0.13043478260869565,0.0,credit_card,ES,EUR
PM_007896,3,0,0,0,0,644.68,214.89333333333332,78.44,0.04752788891362827,0.1052187127493414,0,3,0,3,0.0,0.0,0.0,0.0,1.0,0.0,1.0,debit_card,FR,EUR
PM_008488,3,0,0,0,0,272.7,90.89999999999999,49.11,0.04746748095861833,0.120867727669177,2,3,0,0,0.0,0.0,0.0,0.6666666666666666,1.0,0.0,0.0,wallet,FR,EUR
PM_009167,4,0,0,0,0,556.6800000000001,139.17000000000002,134.575,0.04743733147850743,0.1765262866029667,2,3,1,4,0.0,0.0,0.0,0.5,0.75,0.25,1.0,credit_card,ES,EUR
PM_003945,7,0,0,0,0,335.76,47.965714285714284,25.41,0.04735868653852885,0.3291257270880366,4,5,1,0,0.0,0.0,0.0,0.5714285714285714,0.7142857142857143,0.14285714285714285,0.0,credit_card,ES,EUR
PM_008645,14,0,0,0,0,2402.49,171.60642857142855,176.005,0.047264807755342184,0.2024867683596216,10,14,1,7,0.0,0.0,0.0,0.7142857142857143,1.0,0.07142857142857142,0.5,credit_card,GB,EUR
PM_005961,13,0,0,0,0,519.3,39.94615384615384,32.99,0.047243967757320884,0.2890478488907477,2,4,1,8,0.0,0.0,0.0,0.15384615384615385,0.3076923076923077,0.07692307692307693,0.6153846153846154,credit_card,ES,EUR
PM_002649,7,0,0,0,0,1007.8499999999999,143.97857142857143,100.24,0.04716538108902228,0.3027166501846645,1,3,2,0,0.0,0.0,0.0,0.14285714285714285,0.42857142857142855,0.2857142857142857,0.0,credit_card,ES,EUR
PM_004599,4,0,0,0,0,559.26,139.815,79.09,0.047132584672555926,0.1700945921050044,1,4,2,0,0.0,0.0,0.0,0.25,1.0,0.5,0.0,bank_transfer,PT,EUR
PM_004964,12,0,0,0,0,1185.3999999999999,98.78333333333332,63.435,0.0471257000640992,0.174464056325579,7,12,2,0,0.0,0.0,0.0,0.5833333333333334,1.0,0.16666666666666666,0.0,credit_card,US,EUR
PM_004647,13,0,0,0,0,1806.82,138.98615384615385,69.02,0.047108551194098944,0.4358294663084659,11,13,2,3,0.0,0.0,0.0,0.8461538461538461,1.0,0.15384615384615385,0.23076923076923078,credit_card,US,EUR
PM_010960,17,0,0,0,0,2521.5699999999997,148.32764705882352,73.46,0.0470770545515307,0.4231829459188799,11,12,2,0,0.0,0.0,0.0,0.6470588235294118,0.7058823529411765,0.11764705882352941,0.0,credit_card,ES,EUR
PM_008104,3,0,0,0,0,79.78,26.593333333333334,21.26,0.047070493682188796,0.1407275446379274,1,1,0,0,0.0,0.0,0.0,0.3333333333333333,0.3333333333333333,0.0,0.0,credit_card,ES,EUR
PM_007089,7,0,0,0,0,219.78,31.397142857142857,20.17,0.04703498277455779,0.2991397534094095,4,7,0,2,0.0,0.0,0.0,0.5714285714285714,1.0,0.0,0.2857142857142857,credit_card,FR,EUR
PM_005456,4,0,0,0,0,757.84,189.46,193.22500000000002,0.047031991657748975,0.1370158473062203,2,4,1,0,0.0,0.0,0.0,0.5,1.0,0.25,0.0,debit_card,FR,EUR
PM_005757,8,0,0,0,0,440.36,55.045,37.045,0.04700074977911821,0.372488833769722,1,8,1,0,0.0,0.0,0.0,0.125,1.0,0.125,0.0,debit_card,US,EUR
PM_002845,12,0,0,0,0,1070.6100000000001,89.21750000000002,55.83,0.04698927985649656,0.2902790612334475,4,12,4,0,0.0,0.0,0.0,0.3333333333333333,1.0,0.3333333333333333,0.0,bank_transfer,IT,EUR
PM_000134,6,0,0,0,0,432.81,72.135,81.52,0.0469260003477421,0.1704527006303049,1,6,1,2,0.0,0.0,0.0,0.16666666666666666,1.0,0.16666666666666666,0.3333333333333333,credit_card,GB,EUR
PM_002137,13,0,0,0,0,1249.71,96.13153846153847,79.23,0.046858272223138396,0.5371986038061174,5,13,2,7,0.0,0.0,0.0,0.38461538461538464,1.0,0.15384615384615385,0.5384615384615384,debit_card,ES,EUR
PM_009064,8,0,0,0,0,318.02,39.7525,26.345,0.04684022641790388,0.3320177302961847,3,8,1,3,0.0,0.0,0.0,0.375,1.0,0.125,0.375,debit_card,US,EUR
PM_010376,14,0,0,0,0,2175.8199999999997,155.41571428571427,130.085,0.04677951304291215,0.6286404524054328,7,14,2,0,0.0,0.0,0.0,0.5,1.0,0.14285714285714285,0.0,bank_transfer,DE,EUR
PM_002718,6,0,0,0,0,188.14,31.356666666666666,22.42,0.04664196502540263,0.2482360562217752,3,6,2,0,0.0,0.0,0.0,0.5,1.0,0.3333333333333333,0.0,debit_card,GB,EUR
PM_000798,13,0,0,0,0,1021.23,78.55615384615385,33.23,0.04660123544704131,0.3171460599310103,5,13,4,1,0.0,0.0,0.0,0.38461538461538464,1.0,0.3076923076923077,0.07692307692307693,debit_card,DE,EUR
PM_002965,7,0,0,0,0,567.74,81.10571428571428,57.36,0.04659546835884323,0.1440854343967073,2,7,1,5,0.0,0.0,0.0,0.2857142857142857,1.0,0.14285714285714285,0.7142857142857143,credit_card,PT,EUR
PM_002194,16,0,0,0,0,1878.97,117.435625,69.095,0.04657891947059521,0.3357526756336947,2,16,1,0,0.0,0.0,0.0,0.125,1.0,0.0625,0.0,credit_card,IT,EUR
PM_006926,11,0,0,0,0,1013.42,92.1290909090909,60.82,0.04655280685133844,0.1480942011115961,7,11,2,1,0.0,0.0,0.0,0.6363636363636364,1.0,0.18181818181818182,0.09090909090909091,credit_card,US,EUR
PM_008007,3,0,0,0,0,201.31,67.10333333333334,56.26,0.046544887291058566,0.1348526215299438,3,3,0,0,0.0,0.0,0.0,1.0,1.0,0.0,0.0,credit_card,GB,EUR
PM_002272,10,0,0,0,0,2404.11,240.411,167.22500000000002,0.04652279698103522,0.2018472114364005,5,7,0,0,0.0,0.0,0.0,0.5,0.7,0.0,0.0,credit_card,IT,EUR
PM_000118,4,0,0,0,0,396.75,99.1875,87.37,0.046495485652214404,0.1072915145649415,2,4,0,0,0.0,0.0,0.0,0.5,1.0,0.0,0.0,debit_card,PT,EUR
PM_008736,9,0,0,0,0,1135.95,126.21666666666667,114.46,0.04647312241668475,0.339703986421234,1,3,2,1,0.0,0.0,0.0,0.1111111111111111,0.3333333333333333,0.2222222222222222,0.1111111111111111,credit_card,ES,EUR
PM_007137,3,0,0,0,0,385.64,128.54666666666665,158.04,0.046441933498277736,0.1152596207466486,2,3,0,0,0.0,0.0,0.0,0.6666666666666666,1.0,0.0,0.0,credit_card,ES,EUR
PM_010959,9,0,0,0,0,480.67,53.40777777777778,36.47,0.04640222792095433,0.3755701350445948,4,9,1,1,0.0,0.0,0.0,0.4444444444444444,1.0,0.1111111111111111,0.1111111111111111,wallet,IT,EUR
PM_011292,7,0,0,0,0,848.35,121.19285714285715,144.36,0.04636843167731713,0.1413939899006703,4,7,0,0,0.0,0.0,0.0,0.5714285714285714,1.0,0.0,0.0,debit_card,ES,EUR
PM_004682,5,0,0,0,0,306.02,61.20399999999999,47.81,0.046346681576476485,0.1940083707330972,2,4,0,3,0.0,0.0,0.0,0.4,0.8,0.0,0.6,debit_card,PT,EUR
PM_001940,4,0,0,0,0,201.85999999999999,50.464999999999996,43.394999999999996,0.046331210561272325,0.1626489889884861,1,4,2,0,0.0,0.0,0.0,0.25,1.0,0.5,0.0,wallet,US,EUR
PM_011117,11,0,0,0,0,1460.22,132.74727272727273,101.21,0.04630087787009934,0.2553867985867754,8,11,0,0,0.0,0.0,0.0,0.7272727272727273,1.0,0.0,0.0,credit_card,US,EUR
PM_001417,5,0,0,0,0,1186.6,237.32,88.13,0.0462913977471643,0.1673404484980112,3,4,1,0,0.0,0.0,0.0,0.6,0.8,0.2,0.0,credit_card,ES,EUR
PM_011759,8,0,0,0,0,783.92,97.99,77.415,0.046249938931900436,0.1783122235131707,3,8,1,0,0.0,0.0,0.0,0.375,1.0,0.125,0.0,credit_card,DE,EUR
PM_009964,5,0,0,0,0,739.37,147.874,92.42,0.046229574704484896,0.2072517474631547,2,5,1,0,0.0,0.0,0.0,0.4,1.0,0.2,0.0,wallet,FR,EUR
PM_002909,8,0,0,0,0,978.3,122.2875,69.205,0.04621456453148182,0.2277291924338472,3,6,2,4,0.0,0.0,0.0,0.375,0.75,0.25,0.5,wallet,IT,EUR
PM_005489,6,0,0,0,0,975.76,162.62666666666667,76.545,0.04615830807598371,0.2649527116072334,5,5,2,4,0.0,0.0,0.0,0.8333333333333334,0.8333333333333334,0.3333333333333333,0.6666666666666666,debit_card,ES,EUR
PM_007380,8,0,0,0,0,728.96,91.12,65.05,0.04615536495458585,0.281411821250591,6,8,0,3,0.0,0.0,0.0,0.75,1.0,0.0,0.375,debit_card,ES,EUR
PM_009671,6,0,0,0,0,1053.47,175.57833333333335,159.785,0.04600893848116285,0.2178055788392115,4,4,1,1,0.0,0.0,0.0,0.6666666666666666,0.6666666666666666,0.16666666666666666,0.16666666666666666,credit_card,ES,EUR
PM_001510,8,0,0,0,0,2458.34,307.2925,114.81,0.045996735701544784,0.2654688889357078,6,8,1,0,0.0,0.0,0.0,0.75,1.0,0.125,0.0,credit_card,PT,EUR
PM_007703,11,0,0,0,0,470.76,42.79636363636364,37.61,0.04599615510802122,0.1399696299233458,8,11,3,2,0.0,0.0,0.0,0.7272727272727273,1.0,0.2727272727272727,0.18181818181818182,wallet,US,EUR
PM_004752,8,0,0,0,0,1085.86,135.7325,85.285,0.04599151625491268,0.2779118369063502,3,8,2,0,0.0,0.0,0.0,0.375,1.0,0.25,0.0,debit_card,GB,EUR
PM_000753,3,0,0,0,0,236.93,78.97666666666667,78.94,0.04597766543769503,0.1243935838526634,1,3,1,0,0.0,0.0,0.0,0.3333333333333333,1.0,0.3333333333333333,0.0,wallet,FR,EUR
PM_007120,12,0,0,0,0,1144.62,95.38499999999999,61.25,0.04593135783558245,0.4152577953056725,3,12,1,4,0.0,0.0,0.0,0.25,1.0,0.08333333333333333,0.3333333333333333,credit_card,PT,EUR
PM_003317,3,0,0,0,0,303.12,101.04,91.92,0.04592295100581214,0.1052424005331213,2,2,0,1,0.0,0.0,0.0,0.6666666666666666,0.6666666666666666,0.0,0.3333333333333333,debit_card,ES,EUR
PM_003289,6,0,0,0,0,957.67,159.61166666666665,150.14,0.0458481747484469,0.1094100297571091,5,6,1,2,0.0,0.0,0.0,0.8333333333333334,1.0,0.16666666666666666,0.3333333333333333,bank_transfer,ES,EUR
PM_004370,3,0,0,0,0,74.19999999999999,24.73333333333333,21.92,0.04583884871139513,0.1353656458445045,2,2,0,2,0.0,0.0,0.0,0.6666666666666666,0.6666666666666666,0.0,0.6666666666666666,wallet,ES,EUR
PM_002570,9,0,0,0,0,1002.8800000000001,111.43111111111112,82.64,0.04579453128808088,0.2400360350741929,7,7,0,0,0.0,0.0,0.0,0.7777777777777778,0.7777777777777778,0.0,0.0,credit_card,FR,EUR
PM_008757,22,0,0,0,0,3021.77,137.3531818181818,112.41499999999999,0.04575850478586765,0.4750726669661826,10,22,2,7,0.0,0.0,0.0,0.45454545454545453,1.0,0.09090909090909091,0.3181818181818182,credit_card,GB,EUR
PM_011765,6,0,0,0,0,1265.29,210.88166666666666,251.765,0.04564123932698682,0.2698628006091352,2,3,1,0,0.0,0.0,0.0,0.3333333333333333,0.5,0.16666666666666666,0.0,credit_card,ES,EUR
PM_001042,4,0,0,0,0,360.93,90.2325,68.06,0.04563068546499131,0.1791079976703879,2,4,0,2,0.0,0.0,0.0,0.5,1.0,0.0,0.5,credit_card,US,EUR
PM_001097,27,0,0,0,1,2862.61,106.0225925925926,87.65,0.0456185129237721,0.7161466040020975,11,27,6,1,0.0,0.0,0.0,0.4074074074074074,1.0,0.2222222222222222,0.037037037037037035,debit_card,GB,EUR
PM_002994,15,1,0,0,0,2658.33,177.222,108.68,0.045610454960288406,0.3686642392478838,9,15,3,2,0.06666666666666667,0.0,0.0,0.6,1.0,0.2,0.13333333333333333,credit_card,US,EUR
PM_005554,5,0,0,0,0,541.22,108.244,74.4,0.04560145358976791,0.1581755979463275,1,5,0,4,0.0,0.0,0.0,0.2,1.0,0.0,0.8,debit_card,DE,EUR
PM_000549,9,0,0,0,0,370.61,41.17888888888889,40.55,0.04558802656665554,0.3549868447995538,5,9,1,0,0.0,0.0,0.0,0.5555555555555556,1.0,0.1111111111111111,0.0,wallet,US,EUR
PM_007450,7,0,0,0,0,608.31,86.90142857142857,40.83,0.04556322271566925,0.187345124927637,3,4,2,2,0.0,0.0,0.0,0.42857142857142855,0.5714285714285714,0.2857142857142857,0.2857142857142857,wallet,ES,EUR
PM_001551,7,0,0,0,0,1155.98,165.14000000000001,76.34,0.0455473702772087,0.3109931536814905,3,7,1,0,0.0,0.0,0.0,0.42857142857142855,1.0,0.14285714285714285,0.0,bank_transfer,PT,EUR
PM_011944,3,0,0,0,0,391.48,130.49333333333334,99.19,0.045539448027288966,0.1361081282676518,1,3,0,0,0.0,0.0,0.0,0.3333333333333333,1.0,0.0,0.0,debit_card,DE,EUR
PM_003677,14,0,0,0,0,3274.24,233.8742857142857,136.445,0.04549959339910026,0.3300092066748813,7,9,3,4,0.0,0.0,0.0,0.5,0.6428571428571429,0.21428571428571427,0.2857142857142857,bank_transfer,ES,EUR
PM_011508,13,0,0,0,0,910.79,70.06076923076922,59.55,0.04549712820174674,0.3072676020555583,7,13,2,3,0.0,0.0,0.0,0.5384615384615384,1.0,0.15384615384615385,0.23076923076923078,credit_card,FR,EUR
PM_000424,22,0,0,0,0,2637.94,119.90636363636364,84.275,0.04548222791689948,0.5952575300467817,10,20,2,1,0.0,0.0,0.0,0.45454545454545453,0.9090909090909091,0.09090909090909091,0.045454545454545456,credit_card,PT,EUR
PM_011824,7,0,0,0,0,277.65999999999997,39.66571428571428,41.8,0.045452666736485924,0.2469167223899471,6,7,3,4,0.0,0.0,0.0,0.8571428571428571,1.0,0.42857142857142855,0.5714285714285714,debit_card,FR,EUR
PM_000813,3,0,0,0,0,261.39000000000004,87.13000000000001,81.11,0.045448894426818966,0.1017256922606908,3,3,0,0,0.0,0.0,0.0,1.0,1.0,0.0,0.0,credit_card,ES,EUR
PM_004158,10,0,0,0,0,1289.21,128.921,94.775,0.04541394864566568,0.1453897351886565,6,10,1,3,0.0,0.0,0.0,0.6,1.0,0.1,0.3,wallet,PT,EUR
PM_000467,9,0,0,0,0,883.9599999999999,98.21777777777777,69.77,0.04532765736850792,0.1406697975857354,6,9,0,2,0.0,0.0,0.0,0.6666666666666666,1.0,0.0,0.2222222222222222,credit_card,ES,EUR
PM_001707,7,0,0,0,0,574.6800000000001,82.09714285714287,41.27,0.045293884628297656,0.2015134907551343,2,7,3,0,0.0,0.0,0.0,0.2857142857142857,1.0,0.42857142857142855,0.0,credit_card,IT,EUR
PM_005023,14,0,0,0,0,1137.09,81.22071428571428,42.77,0.04528739426254438,0.3976883864124918,5,10,2,5,0.0,0.0,0.0,0.35714285714285715,0.7142857142857143,0.14285714285714285,0.35714285714285715,debit_card,ES,EUR
PM_003246,15,0,0,0,0,919.57,61.30466666666667,40.96,0.04526008266291101,0.5603201028942474,5,15,3,0,0.0,0.0,0.0,0.3333333333333333,1.0,0.2,0.0,wallet,US,EUR
PM_002666,9,0,0,0,0,1289.48,143.27555555555557,108.3,0.04522920215256707,0.1396298688910885,4,7,0,3,0.0,0.0,0.0,0.4444444444444444,0.7777777777777778,0.0,0.3333333333333333,credit_card,ES,EUR
PM_004074,12,0,0,0,0,1174.22,97.85166666666667,65.565,0.045085889322841154,0.2892961291515319,7,12,3,5,0.0,0.0,0.0,0.5833333333333334,1.0,0.25,0.4166666666666667,wallet,PT,EUR
PM_006298,29,0,0,0,1,2314.63,79.8148275862069,55.81,0.0450601513756714,0.8352909966493468,19,29,10,11,0.0,0.0,0.0,0.6551724137931034,1.0,0.3448275862068966,0.3793103448275862,credit_card,GB,EUR
PM_009336,9,0,0,0,0,1296.56,144.0622222222222,116.06,0.0450298218083556,0.2668625310616897,4,7,2,0,0.0,0.0,0.0,0.4444444444444444,0.7777777777777778,0.2222222222222222,0.0,bank_transfer,ES,EUR
PM_001369,4,0,0,0,0,668.87,167.2175,91.54,0.04497913402653362,0.1731250525685655,1,3,1,1,0.0,0.0,0.0,0.25,0.75,0.25,0.25,debit_card,FR,EUR
PM_002434,4,0,0,0,0,670.8199999999999,167.70499999999998,122.68,0.0449520994586499,0.145208837747182,2,4,2,0,0.0,0.0,0.0,0.5,1.0,0.5,0.0,debit_card,IT,EUR
PM_007741,4,0,0,0,0,75.97,18.9925,16.560000000000002,0.0449420026326244,0.1683041134064705,2,4,1,4,0.0,0.0,0.0,0.5,1.0,0.25,1.0,credit_card,US,EUR
PM_003006,9,0,0,0,0,870.37,96.70777777777778,44.45,0.04492859897738214,0.3751618281138058,2,9,0,5,0.0,0.0,0.0,0.2222222222222222,1.0,0.0,0.5555555555555556,debit_card,US,EUR
PM_011664,7,0,0,0,0,1920.48,274.3542857142857,128.66,0.04492214749905853,0.2521722072939384,0,7,1,0,0.0,0.0,0.0,0.0,1.0,0.14285714285714285,0.0,credit_card,US,EUR
PM_006254,3,0,0,0,0,380.56,126.85333333333334,67.89,0.04485228582066359,0.1241267418670128,1,3,0,0,0.0,0.0,0.0,0.3333333333333333,1.0,0.0,0.0,credit_card,ES,EUR
PM_007358,10,0,0,0,0,578.19,57.819,47.315,0.044802787037182476,0.4383813004839225,9,10,1,0,0.0,0.0,0.0,0.9,1.0,0.1,0.0,debit_card,US,EUR
PM_003932,14,0,0,0,0,1033.64,73.83142857142857,46.6,0.04479822689636539,0.3289440326638675,4,9,0,0,0.0,0.0,0.0,0.2857142857142857,0.6428571428571429,0.0,0.0,credit_card,ES,EUR
PM_004777,13,0,0,0,0,826.1800000000001,63.5523076923077,50.34,0.044602699726645864,0.483943654001551,6,13,2,2,0.0,0.0,0.0,0.46153846153846156,1.0,0.15384615384615385,0.15384615384615385,wallet,IT,EUR
PM_007227,20,0,0,0,0,1951.01,97.5505,54.995,0.04458860377077829,0.4250080640386943,10,20,2,9,0.0,0.0,0.0,0.5,1.0,0.1,0.45,credit_card,DE,EUR
PM_007204,3,0,0,0,0,290.54,96.84666666666668,44.32,0.0445590366147276,0.1249488213914421,0,3,1,1,0.0,0.0,0.0,0.0,1.0,0.3333333333333333,0.3333333333333333,wallet,FR,EUR
PM_002816,3,0,0,0,0,764.22,254.74,98.38,0.044488407640570465,0.1065252622852059,2,3,0,0,0.0,0.0,0.0,0.6666666666666666,1.0,0.0,0.0,credit_card,IT,EUR
PM_006877,4,0,0,0,0,263.52,65.88,54.185,0.04446353339569575,0.1744348098413541,2,2,1,3,0.0,0.0,0.0,0.5,0.5,0.25,0.75,debit_card,ES,EUR
PM_007467,4,0,0,0,0,447.88,111.97,56.64,0.044420539417730526,0.1410123299519152,1,4,0,0,0.0,0.0,0.0,0.25,1.0,0.0,0.0,debit_card,ES,EUR
PM_008871,7,0,0,0,0,1032.74,147.53428571428572,162.76,0.04441029441421399,0.1317662797502663,2,7,0,2,0.0,0.0,0.0,0.2857142857142857,1.0,0.0,0.2857142857142857,debit_card,IT,EUR
PM_006085,7,0,0,0,0,587.84,83.97714285714287,49.24,0.04428909429185522,0.3040034618826378,5,7,0,6,0.0,0.0,0.0,0.7142857142857143,1.0,0.0,0.8571428571428571,credit_card,PT,EUR
PM_000272,5,0,0,0,0,645.8299999999999,129.166,110.53,0.044233047657212136,0.153771910359229,3,5,2,0,0.0,0.0,0.0,0.6,1.0,0.4,0.0,debit_card,US,EUR
PM_007300,7,0,0,0,0,1273.47,181.92428571428573,105.41,0.04420193596799619,0.3083558710117632,3,3,0,3,0.0,0.0,0.0,0.42857142857142855,0.42857142857142855,0.0,0.42857142857142855,bank_transfer,ES,EUR
PM_001352,4,0,0,0,0,278.24,69.56,66.7,0.044138238853609,0.1105409718347329,3,4,1,0,0.0,0.0,0.0,0.75,1.0,0.25,0.0,credit_card,IT,EUR
PM_001841,9,0,0,0,0,898.3199999999999,99.81333333333333,55.68,0.04409714941164247,0.1349771853542592,4,6,3,0,0.0,0.0,0.0,0.4444444444444444,0.6666666666666666,0.3333333333333333,0.0,bank_transfer,ES,EUR
PM_006434,9,0,0,0,0,1081.86,120.20666666666665,58.63,0.0440297760427821,0.1925390394967066,6,9,1,6,0.0,0.0,0.0,0.6666666666666666,1.0,0.1111111111111111,0.6666666666666666,credit_card,ES,EUR
PM_002085,12,0,0,0,0,2244.7200000000003,187.06000000000003,103.28,0.04400341675234312,0.3723568252637089,6,12,1,0,0.0,0.0,0.0,0.5,1.0,0.08333333333333333,0.0,credit_card,DE,EUR
PM_000675,4,0,0,0,0,501.35,125.3375,134.575,0.04400224830000132,0.1186394398311171,2,4,0,0,0.0,0.0,0.0,0.5,1.0,0.0,0.0,credit_card,ES,EUR
PM_009292,16,0,0,0,0,2006.52,125.4075,79.38,0.04398143026718491,0.6620276863770299,7,10,3,4,0.0,0.0,0.0,0.4375,0.625,0.1875,0.25,debit_card,ES,EUR
PM_000500,8,0,0,0,0,518.35,64.79375,29.485,0.04397539176283085,0.2826311705432222,7,7,2,1,0.0,0.0,0.0,0.875,0.875,0.25,0.125,debit_card,FR,EUR
PM_001539,11,1,0,0,0,662.07,60.188181818181825,43.61,0.04390854023825453,0.224603551481881,6,11,2,0,0.09090909090909091,0.0,0.0,0.5454545454545454,1.0,0.18181818181818182,0.0,credit_card,IT,EUR
PM_001022,6,0,0,0,0,419.32000000000005,69.88666666666667,31.205000000000002,0.04384335937112575,0.235474808555664,3,6,2,0,0.0,0.0,0.0,0.5,1.0,0.3333333333333333,0.0,credit_card,FR,EUR
PM_007396,6,0,0,0,0,408.24,68.04,55.56,0.043822259647235996,0.1426338273796768,4,6,2,0,0.0,0.0,0.0,0.6666666666666666,1.0,0.3333333333333333,0.0,debit_card,US,EUR
PM_011667,11,0,0,0,0,1606.14,146.0127272727273,98.42,0.04380104939684218,0.2046504804511189,2,11,0,6,0.0,0.0,0.0,0.18181818181818182,1.0,0.0,0.5454545454545454,debit_card,GB,EUR
PM_004853,7,0,0,0,0,542.86,77.55142857142857,57.71,0.04379814012785024,0.1140191009930927,3,7,2,0,0.0,0.0,0.0,0.42857142857142855,1.0,0.2857142857142857,0.0,debit_card,ES,EUR
PM_007748,6,0,0,0,0,440.66,73.44333333333334,53.615,0.04379344777000516,0.2377043907923063,1,6,0,6,0.0,0.0,0.0,0.16666666666666666,1.0,0.0,1.0,debit_card,DE,EUR
PM_002353,7,0,0,0,0,1524.24,217.74857142857144,72.06,0.0437370529226136,0.2035475120524593,2,7,0,3,0.0,0.0,0.0,0.2857142857142857,1.0,0.0,0.42857142857142855,debit_card,DE,EUR
PM_004643,6,0,0,0,0,529.42,88.23666666666666,78.995,0.04370397544569909,0.2601172801419508,5,6,0,2,0.0,0.0,0.0,0.8333333333333334,1.0,0.0,0.3333333333333333,debit_card,ES,EUR
PM_008101,13,0,0,0,0,1036.61,79.73923076923076,52.89,0.043677331143989084,0.3102964807819242,6,13,2,2,0.0,0.0,0.0,0.46153846153846156,1.0,0.15384615384615385,0.15384615384615385,wallet,GB,EUR
PM_011717,8,0,0,0,0,1054.25,131.78125,129.8,0.04362836410243972,0.2870546506174493,1,2,1,2,0.0,0.0,0.0,0.125,0.25,0.125,0.25,credit_card,ES,EUR
PM_008675,7,0,0,0,0,941.93,134.56142857142856,93.38,0.043616127921285816,0.1561620389921957,2,4,2,1,0.0,0.0,0.0,0.2857142857142857,0.5714285714285714,0.2857142857142857,0.14285714285714285,wallet,ES,EUR
PM_001194,10,0,0,0,0,962.93,96.29299999999999,47.235,0.04360233513112125,0.3082618158188728,2,4,0,3,0.0,0.0,0.0,0.2,0.4,0.0,0.3,debit_card,ES,EUR
PM_005475,6,0,0,0,0,551.15,91.85833333333333,59.209999999999994,0.04349445531726845,0.1454548903925765,3,6,1,2,0.0,0.0,0.0,0.5,1.0,0.16666666666666666,0.3333333333333333,debit_card,US,EUR
PM_000525,7,0,0,0,0,1709.6,244.22857142857143,185.81,0.043478804434128916,0.2022461350726956,3,6,0,2,0.0,0.0,0.0,0.42857142857142855,0.8571428571428571,0.0,0.2857142857142857,bank_transfer,ES,EUR
PM_003170,26,0,0,0,0,2130.0299999999997,81.92423076923076,64.735,0.04344105925363454,0.6711226029016516,8,26,8,4,0.0,0.0,0.0,0.3076923076923077,1.0,0.3076923076923077,0.15384615384615385,wallet,US,EUR
PM_010309,8,0,0,0,0,1417.45,177.18125,146.35,0.04338174852999509,0.1901115505562695,3,8,1,2,0.0,0.0,0.0,0.375,1.0,0.125,0.25,wallet,FR,EUR
PM_002494,7,0,0,0,0,373.6,53.371428571428574,43.45,0.04338080820282154,0.248945439968254,2,7,1,2,0.0,0.0,0.0,0.2857142857142857,1.0,0.14285714285714285,0.2857142857142857,debit_card,FR,EUR
PM_009073,18,0,0,0,0,2047.35,113.74166666666666,72.815,0.04333978248452737,0.5262702086163872,11,18,4,3,0.0,0.0,0.0,0.6111111111111112,1.0,0.2222222222222222,0.16666666666666666,wallet,FR,EUR
PM_001639,30,0,0,0,0,1904.02,63.467333333333336,44.57,0.04318267667512553,0.6708962957793019,14,30,3,6,0.0,0.0,0.0,0.4666666666666667,1.0,0.1,0.2,debit_card,DE,EUR
PM_006728,12,0,0,0,0,1118.3,93.19166666666666,81.92,0.043136616937567034,0.2796839741020341,7,12,1,0,0.0,0.0,0.0,0.5833333333333334,1.0,0.08333333333333333,0.0,credit_card,GB,EUR
PM_008234,8,0,0,0,0,444.78000000000003,55.597500000000004,33.29,0.04310848146958355,0.2314032639966778,2,8,2,1,0.0,0.0,0.0,0.25,1.0,0.25,0.125,credit_card,US,EUR
PM_008700,7,0,0,0,0,721.8,103.11428571428571,62.58,0.0431029029396398,0.203452011562267,5,6,1,0,0.0,0.0,0.0,0.7142857142857143,0.8571428571428571,0.14285714285714285,0.0,wallet,ES,EUR
PM_005526,4,0,0,0,0,216.08999999999997,54.022499999999994,29.01,0.043081799847538176,0.1579398003020095,2,4,1,4,0.0,0.0,0.0,0.5,1.0,0.25,1.0,wallet,US,EUR
PM_010803,3,0,0,0,0,611.69,203.89666666666668,85.23,0.04307323373934127,0.1044368587922322,1,3,0,0,0.0,0.0,0.0,0.3333333333333333,1.0,0.0,0.0,credit_card,DE,EUR
PM_011828,13,0,0,0,0,918.9,70.68461538461538,42.75,0.0430534609345874,0.3031778749730198,9,13,1,2,0.0,0.0,0.0,0.6923076923076923,1.0,0.07692307692307693,0.15384615384615385,bank_transfer,US,EUR
PM_007665,4,0,0,0,0,163.76000000000002,40.940000000000005,37.29,0.0430310604462946,0.1475909651876238,3,4,1,0,0.0,0.0,0.0,0.75,1.0,0.25,0.0,wallet,US,EUR
PM_010384,8,0,0,0,0,823.4,102.925,74.12,0.0430298905731559,0.2355007391527382,4,7,3,0,0.0,0.0,0.0,0.5,0.875,0.375,0.0,wallet,PT,EUR
PM_005908,5,0,0,0,0,818.16,163.632,110.21,0.04299329030409426,0.061535222758416,3,4,1,0,0.0,0.0,0.0,0.6,0.8,0.2,0.0,debit_card,ES,EUR
PM_006393,5,0,0,0,0,272.46,54.492,60.07,0.04299121173795471,0.2039728307063111,4,5,1,0,0.0,0.0,0.0,0.8,1.0,0.2,0.0,debit_card,PT,EUR
PM_011931,11,0,0,0,0,1001.64,91.05818181818182,45.27,0.04298148748633725,0.4194397940001359,1,11,2,6,0.0,0.0,0.0,0.09090909090909091,1.0,0.18181818181818182,0.5454545454545454,debit_card,IT,EUR
PM_002308,4,0,0,0,0,240.49,60.1225,59.805,0.04295958642453825,0.1338330922074084,2,4,1,4,0.0,0.0,0.0,0.5,1.0,0.25,1.0,credit_card,PT,EUR
PM_009422,9,0,0,0,0,1442.02,160.22444444444443,72.76,0.04292327842473749,0.1425405082421578,7,9,1,0,0.0,0.0,0.0,0.7777777777777778,1.0,0.1111111111111111,0.0,credit_card,FR,EUR
PM_007836,21,0,0,0,0,4809.59,229.02809523809523,126.3,0.042905147976298505,0.502977772726147,15,18,5,3,0.0,0.0,0.0,0.7142857142857143,0.8571428571428571,0.23809523809523808,0.14285714285714285,credit_card,ES,EUR
PM_003462,5,0,0,0,0,456.09000000000003,91.218,54.96,0.04289375534034422,0.1062899259970819,2,5,1,2,0.0,0.0,0.0,0.4,1.0,0.2,0.4,credit_card,GB,EUR
PM_008765,9,0,0,0,0,595.06,66.11777777777777,70.98,0.04279409802434396,0.2655136604588931,8,9,1,0,0.0,0.0,0.0,0.8888888888888888,1.0,0.1111111111111111,0.0,credit_card,IT,EUR
PM_002404,8,0,0,0,0,2395.17,299.39625,206.12,0.04278692755631331,0.2737993149834848,3,8,0,4,0.0,0.0,0.0,0.375,1.0,0.0,0.5,bank_transfer,US,EUR
PM_011480,5,0,0,0,0,420.31,84.062,73.2,0.04278395739513536,0.1564421882489751,3,5,0,1,0.0,0.0,0.0,0.6,1.0,0.0,0.2,wallet,PT,EUR
PM_000504,13,0,0,0,0,869.97,66.92076923076924,50.49,0.042698513743862465,0.4597375163871825,5,8,2,1,0.0,0.0,0.0,0.38461538461538464,0.6153846153846154,0.15384615384615385,0.07692307692307693,wallet,ES,EUR
PM_009163,11,0,0,0,0,1338.47,121.67909090909092,94.65,0.042674192637105146,0.2389614613684491,1,11,2,3,0.0,0.0,0.0,0.09090909090909091,1.0,0.18181818181818182,0.2727272727272727,credit_card,US,EUR
PM_005585,3,0,0,0,0,359.91999999999996,119.97333333333331,73.0,0.04255006540865094,0.1199578626668853,1,3,1,1,0.0,0.0,0.0,0.3333333333333333,1.0,0.3333333333333333,0.3333333333333333,credit_card,US,EUR
PM_011248,3,0,0,0,0,444.71,148.23666666666665,189.98,0.0424761991605374,0.0841172390450687,1,3,0,0,0.0,0.0,0.0,0.3333333333333333,1.0,0.0,0.0,credit_card,ES,EUR
PM_008886,4,0,0,0,0,406.69,101.6725,114.41499999999999,0.04247388813823382,0.1189704044883439,2,4,0,2,0.0,0.0,0.0,0.5,1.0,0.0,0.5,wallet,DE,EUR
PM_002245,9,1,0,0,0,549.69,61.076666666666675,41.83,0.042389422713858045,0.3364605719334429,4,6,2,0,0.1111111111111111,0.0,0.0,0.4444444444444444,0.6666666666666666,0.2222222222222222,0.0,wallet,ES,EUR
PM_000373,6,0,0,0,0,570.8,95.13333333333333,76.005,0.042384410360969384,0.0927680462881306,5,6,0,1,0.0,0.0,0.0,0.8333333333333334,1.0,0.0,0.16666666666666666,credit_card,IT,EUR
PM_008565,7,0,0,0,0,1288.91,184.13000000000002,152.33,0.04238390208280518,0.2339709560772019,1,7,1,0,0.0,0.0,0.0,0.14285714285714285,1.0,0.14285714285714285,0.0,credit_card,US,EUR
PM_001966,11,0,0,0,0,1563.57,142.14272727272726,146.03,0.04232603335928296,0.4470273832966125,4,11,0,5,0.0,0.0,0.0,0.36363636363636365,1.0,0.0,0.45454545454545453,credit_card,US,EUR
PM_010033,22,0,0,0,0,4499.8,204.53636363636363,115.01,0.0423218451647227,0.6066397635102971,8,22,3,3,0.0,0.0,0.0,0.36363636363636365,1.0,0.13636363636363635,0.13636363636363635,credit_card,US,EUR
PM_006548,3,0,0,0,0,417.52,139.17333333333332,158.2,0.0423197541872895,0.0971023175238612,1,1,0,0,0.0,0.0,0.0,0.3333333333333333,0.3333333333333333,0.0,0.0,credit_card,ES,EUR
PM_001350,9,0,0,0,0,1365.57,151.73,124.13,0.042308697754894924,0.2950415334248868,3,4,0,2,0.0,0.0,0.0,0.3333333333333333,0.4444444444444444,0.0,0.2222222222222222,wallet,PT,EUR
PM_000038,8,0,0,0,0,1333.76,166.72,203.425,0.0422552715843932,0.2358526961129018,5,7,3,3,0.0,0.0,0.0,0.625,0.875,0.375,0.375,credit_card,ES,EUR
PM_009256,10,0,0,0,0,1941.1299999999999,194.113,137.27499999999998,0.04225088884370802,0.2033107021032104,6,10,1,8,0.0,0.0,0.0,0.6,1.0,0.1,0.8,credit_card,PT,EUR
PM_009144,8,0,0,0,0,782.18,97.7725,67.63,0.04215313145114074,0.160280122857174,5,6,1,6,0.0,0.0,0.0,0.625,0.75,0.125,0.75,credit_card,ES,EUR
PM_009124,7,0,0,0,0,668.22,95.46000000000001,39.98,0.04212807296364156,0.2771685564858838,3,3,0,0,0.0,0.0,0.0,0.42857142857142855,0.42857142857142855,0.0,0.0,debit_card,ES,EUR
PM_011288,5,0,0,0,0,498.18,99.636,37.49,0.04211798819678696,0.1742271269375997,1,4,1,1,0.0,0.0,0.0,0.2,0.8,0.2,0.2,credit_card,ES,EUR
PM_008449,10,0,0,0,0,900.03,90.003,61.975,0.04209682294582257,0.3297912682737526,4,8,1,3,0.0,0.0,0.0,0.4,0.8,0.1,0.3,credit_card,ES,EUR
PM_010646,6,0,0,0,0,1019.86,169.97666666666666,155.225,0.04208058213200453,0.2136967232278518,6,6,0,3,0.0,0.0,0.0,1.0,1.0,0.0,0.5,credit_card,IT,EUR
PM_004133,3,0,0,0,0,876.0600000000001,292.02000000000004,129.24,0.04207815195746314,0.1255726534718788,3,3,0,0,0.0,0.0,0.0,1.0,1.0,0.0,0.0,debit_card,ES,EUR
PM_004489,6,0,0,0,0,772.66,128.77666666666667,48.44,0.04206734921227767,0.0963874531831429,0,6,0,0,0.0,0.0,0.0,0.0,1.0,0.0,0.0,debit_card,PT,EUR
PM_002567,4,0,0,0,0,1126.48,281.62,255.105,0.04204066342830627,0.1584379555889641,3,4,1,0,0.0,0.0,0.0,0.75,1.0,0.25,0.0,bank_transfer,ES,EUR
PM_003001,11,0,0,0,0,2891.11,262.8281818181818,183.91,0.042036932652513466,0.3875789491534571,8,8,2,11,0.0,0.0,0.0,0.7272727272727273,0.7272727272727273,0.18181818181818182,1.0,bank_transfer,PT,EUR
PM_004047,3,0,0,0,0,127.96000000000001,42.653333333333336,31.0,0.041977276520213436,0.080060942212934,2,3,1,0,0.0,0.0,0.0,0.6666666666666666,1.0,0.3333333333333333,0.0,credit_card,US,EUR
PM_005174,3,0,0,0,0,349.14000000000004,116.38000000000001,126.8,0.041952672254053,0.0933458090444966,3,3,0,0,0.0,0.0,0.0,1.0,1.0,0.0,0.0,debit_card,ES,EUR
PM_011322,10,0,0,0,0,1823.15,182.315,124.275,0.041919182648244055,0.2382820181850115,3,10,1,2,0.0,0.0,0.0,0.3,1.0,0.1,0.2,credit_card,PT,EUR
PM_005896,5,0,0,0,0,394.87,78.974,61.26,0.04191666963268289,0.2050452798676698,2,5,1,0,0.0,0.0,0.0,0.4,1.0,0.2,0.0,wallet,DE,EUR
PM_003876,3,0,0,0,0,412.96,137.65333333333334,131.28,0.04190462795427576,0.1251169402747347,2,2,0,3,0.0,0.0,0.0,0.6666666666666666,0.6666666666666666,0.0,1.0,bank_transfer,ES,EUR
PM_003027,12,0,0,0,0,1120.02,93.335,55.795,0.041885895835469485,0.1776884244551594,5,7,3,1,0.0,0.0,0.0,0.4166666666666667,0.5833333333333334,0.25,0.08333333333333333,wallet,ES,EUR
PM_000505,16,0,0,0,0,1873.75,117.109375,79.67500000000001,0.0418335755392207,0.5262443350308315,7,16,3,0,0.0,0.0,0.0,0.4375,1.0,0.1875,0.0,wallet,DE,EUR
PM_009239,6,0,0,0,0,161.06,26.843333333333334,13.705,0.041798757852628786,0.245932953006345,1,6,0,6,0.0,0.0,0.0,0.16666666666666666,1.0,0.0,1.0,debit_card,PT,EUR
PM_002061,6,0,0,0,0,341.9,56.98333333333333,49.805,0.041723193063168025,0.1927374933666099,3,4,1,0,0.0,0.0,0.0,0.5,0.6666666666666666,0.16666666666666666,0.0,wallet,ES,EUR
PM_009263,4,0,0,0,0,275.02,68.755,67.755,0.04166094900433958,0.0874393398274009,3,3,0,0,0.0,0.0,0.0,0.75,0.75,0.0,0.0,credit_card,ES,EUR
PM_008855,13,0,0,0,0,1450.53,111.57923076923076,68.79,0.041659150489810774,0.2816001785901036,5,13,0,1,0.0,0.0,0.0,0.38461538461538464,1.0,0.0,0.07692307692307693,credit_card,ES,EUR
PM_010598,6,0,0,0,0,1554.73,259.12166666666667,166.60000000000002,0.04164528191665405,0.238811828482359,2,6,3,3,0.0,0.0,0.0,0.3333333333333333,1.0,0.5,0.5,credit_card,ES,EUR
PM_000876,5,0,0,0,0,426.68,85.336,56.8,0.04162718033196108,0.1697495315506573,3,4,1,0,0.0,0.0,0.0,0.6,0.8,0.2,0.0,wallet,ES,EUR
PM_001838,13,0,0,0,0,2414.85,185.7576923076923,120.36,0.04160800970346646,0.4367001251740705,5,13,4,0,0.0,0.0,0.0,0.38461538461538464,1.0,0.3076923076923077,0.0,debit_card,ES,EUR
PM_001906,4,0,0,0,0,130.98,32.745,26.19,0.0415740953976866,0.1456006668167555,3,4,0,0,0.0,0.0,0.0,0.75,1.0,0.0,0.0,debit_card,ES,EUR
PM_004842,7,0,0,0,0,818.39,116.91285714285713,113.84,0.04155426860796673,0.1738461635329751,4,7,1,0,0.0,0.0,0.0,0.5714285714285714,1.0,0.14285714285714285,0.0,credit_card,DE,EUR
PM_009271,5,0,0,0,0,1175.95,235.19,121.27,0.041499469079507065,0.1110560032516477,2,5,0,4,0.0,0.0,0.0,0.4,1.0,0.0,0.8,credit_card,GB,EUR
PM_007930,4,0,0,0,0,303.84000000000003,75.96000000000001,64.295,0.04148268456226593,0.1642337470883281,1,3,1,1,0.0,0.0,0.0,0.25,0.75,0.25,0.25,debit_card,IT,EUR
PM_007629,5,0,0,0,0,1037.1000000000001,207.42000000000002,113.34,0.041469546948894036,0.1517068617031282,5,5,1,0,0.0,0.0,0.0,1.0,1.0,0.2,0.0,debit_card,FR,EUR
PM_010221,3,0,0,0,0,388.66999999999996,129.55666666666664,131.71,0.04141306352421387,0.1113034619426595,3,3,2,0,0.0,0.0,0.0,1.0,1.0,0.6666666666666666,0.0,wallet,ES,EUR
PM_006654,7,0,0,0,0,656.8100000000001,93.83000000000001,96.64,0.0413997046157149,0.2369884779708845,6,7,0,4,0.0,0.0,0.0,0.8571428571428571,1.0,0.0,0.5714285714285714,credit_card,ES,EUR
PM_005269,3,0,0,0,0,193.48000000000002,64.49333333333334,46.52,0.041354458030613765,0.1191630761746049,1,3,1,0,0.0,0.0,0.0,0.3333333333333333,1.0,0.3333333333333333,0.0,credit_card,ES,EUR
PM_002068,4,0,0,0,0,380.53000000000003,95.13250000000001,87.635,0.04131230808216175,0.1159499141156236,4,4,0,3,0.0,0.0,0.0,1.0,1.0,0.0,0.75,credit_card,ES,EUR
PM_000003,11,0,0,0,0,1504.87,136.8063636363636,79.0,0.041279577331648984,0.1369698794942353,8,11,0,2,0.0,0.0,0.0,0.7272727272727273,1.0,0.0,0.18181818181818182,credit_card,GB,EUR
PM_000332,4,0,0,0,0,309.84000000000003,77.46000000000001,45.195,0.0412310959500561,0.0858156500053453,2,4,0,4,0.0,0.0,0.0,0.5,1.0,0.0,1.0,wallet,US,EUR
PM_001411,5,0,0,0,0,1087.69,217.538,284.03,0.041102698914463644,0.0757401327793423,4,5,1,2,0.0,0.0,0.0,0.8,1.0,0.2,0.4,credit_card,PT,EUR
PM_005882,11,0,0,0,0,842.87,76.62454545454545,51.13,0.041099036299056035,0.2198784380107627,8,11,2,2,0.0,0.0,0.0,0.7272727272727273,1.0,0.18181818181818182,0.18181818181818182,debit_card,ES,EUR
PM_005033,3,0,0,0,0,290.15999999999997,96.71999999999998,72.44,0.041092748594700364,0.1222765065251549,1,3,0,3,0.0,0.0,0.0,0.3333333333333333,1.0,0.0,1.0,credit_card,GB,EUR
PM_004170,10,0,0,0,0,2549.32,254.93200000000002,171.635,0.04098021342623197,0.3799358145056571,5,10,1,6,0.0,0.0,0.0,0.5,1.0,0.1,0.6,debit_card,FR,EUR
PM_007096,8,0,0,0,0,692.96,86.62,68.275,0.040968668755937014,0.180093346471412,7,8,2,0,0.0,0.0,0.0,0.875,1.0,0.25,0.0,wallet,ES,EUR
PM_003349,3,0,0,0,0,412.7,137.56666666666666,135.1,0.040956299815395135,0.0622045233838035,1,3,0,0,0.0,0.0,0.0,0.3333333333333333,1.0,0.0,0.0,credit_card,FR,EUR
PM_007586,30,0,0,0,0,3286.7,109.55666666666666,59.285,0.040944457829907674,0.6206709146134118,13,27,4,2,0.0,0.0,0.0,0.43333333333333335,0.9,0.13333333333333333,0.06666666666666667,wallet,ES,EUR
PM_001965,5,0,0,0,0,394.3,78.86,61.76,0.04090587196864876,0.1798912905639975,1,5,1,0,0.0,0.0,0.0,0.2,1.0,0.2,0.0,credit_card,US,EUR
PM_011268,8,0,0,0,0,2255.62,281.9525,236.235,0.040838666841717976,0.1321842285216067,4,6,2,2,0.0,0.0,0.0,0.5,0.75,0.25,0.25,credit_card,ES,EUR
PM_011472,3,0,0,0,0,584.46,194.82000000000002,204.82,0.04080879691364637,0.1201906123829721,1,3,1,0,0.0,0.0,0.0,0.3333333333333333,1.0,0.3333333333333333,0.0,credit_card,PT,EUR
PM_000607,10,0,0,0,0,679.24,67.924,59.775,0.040783170090567915,0.1928734620218185,7,10,2,0,0.0,0.0,0.0,0.7,1.0,0.2,0.0,credit_card,PT,EUR
PM_003207,5,0,0,0,0,641.17,128.23399999999998,110.31,0.04073290873431408,0.1549668104080949,4,5,0,0,0.0,0.0,0.0,0.8,1.0,0.0,0.0,credit_card,FR,EUR
PM_009202,6,0,0,0,0,1194.04,199.00666666666666,223.43,0.04073120013522185,0.1565538432853942,2,6,1,2,0.0,0.0,0.0,0.3333333333333333,1.0,0.16666666666666666,0.3333333333333333,credit_card,US,EUR
PM_001219,5,0,0,0,0,590.58,118.11600000000001,60.48,0.04068330233567734,0.2020342629855549,4,5,1,0,0.0,0.0,0.0,0.8,1.0,0.2,0.0,debit_card,ES,EUR
PM_001529,10,0,0,0,0,973.41,97.341,87.47,0.040673851968455944,0.1771973757609922,8,10,1,5,0.0,0.0,0.0,0.8,1.0,0.1,0.5,credit_card,IT,EUR
PM_001542,3,0,0,0,0,643.97,214.65666666666667,75.45,0.04055536167896764,0.1120304006672085,3,3,0,0,0.0,0.0,0.0,1.0,1.0,0.0,0.0,bank_transfer,GB,EUR
PM_007654,5,1,0,0,0,341.19,68.238,59.06,0.0405386258534256,0.1243628802776127,3,5,0,0,0.2,0.0,0.0,0.6,1.0,0.0,0.0,credit_card,PT,EUR
PM_004321,26,1,0,0,0,5059.2300000000005,194.58576923076924,139.78500000000003,0.040526615982834344,0.488145707918046,20,24,3,1,0.038461538461538464,0.0,0.0,0.7692307692307693,0.9230769230769231,0.11538461538461539,0.038461538461538464,bank_transfer,ES,EUR
PM_005715,3,0,0,0,0,1094.5,364.8333333333333,406.8,0.04051298822742724,0.0523571084989777,3,3,0,0,0.0,0.0,0.0,1.0,1.0,0.0,0.0,credit_card,GB,EUR
PM_004172,5,0,0,0,0,827.76,165.552,114.72,0.040500789389363065,0.181135935415206,1,2,0,3,0.0,0.0,0.0,0.2,0.4,0.0,0.6,credit_card,ES,EUR
PM_005504,6,0,0,0,0,1397.25,232.875,190.425,0.04046033818154782,0.1769184162400909,4,6,1,1,0.0,0.0,0.0,0.6666666666666666,1.0,0.16666666666666666,0.16666666666666666,credit_card,FR,EUR
PM_011989,7,0,0,0,0,786.62,112.37428571428572,25.02,0.040444722533928966,0.1398356166818785,4,4,0,0,0.0,0.0,0.0,0.5714285714285714,0.5714285714285714,0.0,0.0,credit_card,PT,EUR
PM_001776,3,0,0,0,0,186.69,62.23,56.16,0.040416503662936636,0.1198317344996619,1,3,1,1,0.0,0.0,0.0,0.3333333333333333,1.0,0.3333333333333333,0.3333333333333333,wallet,US,EUR
PM_008564,3,0,0,0,0,246.43,82.14333333333333,25.55,0.04041311266926947,0.0792849820621983,2,3,1,2,0.0,0.0,0.0,0.6666666666666666,1.0,0.3333333333333333,0.6666666666666666,credit_card,ES,EUR
PM_007789,13,0,0,0,0,3132.29,240.94538461538463,250.6,0.04040815949379472,0.2088690657968292,7,13,1,4,0.0,0.0,0.0,0.5384615384615384,1.0,0.07692307692307693,0.3076923076923077,credit_card,GB,EUR
PM_009334,14,0,0,0,0,1038.05,74.14642857142857,47.825,0.04040321300358695,0.3517931183558386,10,14,4,0,0.0,0.0,0.0,0.7142857142857143,1.0,0.2857142857142857,0.0,wallet,ES,EUR
PM_001424,11,0,0,0,0,979.6,89.05454545454546,65.68,0.04026717973633779,0.2064110502456951,8,11,1,7,0.0,0.0,0.0,0.7272727272727273,1.0,0.09090909090909091,0.6363636363636364,debit_card,DE,EUR
PM_005030,14,0,0,0,0,1230.58,87.89857142857143,47.93,0.040255241525201046,0.283915565588662,8,14,0,6,0.0,0.0,0.0,0.5714285714285714,1.0,0.0,0.42857142857142855,credit_card,FR,EUR
PM_001631,6,0,0,0,0,210.64000000000001,35.10666666666667,28.425,0.04014755945107692,0.2318456276685229,4,6,0,1,0.0,0.0,0.0,0.6666666666666666,1.0,0.0,0.16666666666666666,credit_card,GB,EUR
PM_010823,8,0,0,0,0,266.36,33.295,20.265,0.04008618499574492,0.29925690256515,5,8,2,0,0.0,0.0,0.0,0.625,1.0,0.25,0.0,debit_card,ES,EUR
PM_009109,10,0,0,0,0,923.76,92.376,71.94,0.0400653230587494,0.1772978085621383,6,9,1,1,0.0,0.0,0.0,0.6,0.9,0.1,0.1,wallet,ES,EUR
PM_004011,7,0,0,0,0,270.2,38.6,22.24,0.04005436061117647,0.2488042794198809,5,7,0,7,0.0,0.0,0.0,0.7142857142857143,1.0,0.0,1.0,credit_card,DE,EUR
PM_000632,3,0,0,0,0,415.6,138.53333333333333,105.7,0.0400135284640109,0.1123046713634535,1,1,0,2,0.0,0.0,0.0,0.3333333333333333,0.3333333333333333,0.0,0.6666666666666666,credit_card,ES,EUR
PM_007663,8,0,0,0,0,715.5699999999999,89.44624999999999,54.5,0.04000992517543654,0.2580426733872898,2,8,2,8,0.0,0.0,0.0,0.25,1.0,0.25,1.0,credit_card,IT,EUR
PM_000145,5,0,0,0,0,185.75,37.15,26.24,0.04000715959607778,0.1576345803749659,5,5,0,0,0.0,0.0,0.0,1.0,1.0,0.0,0.0,debit_card,GB,EUR
PM_002733,3,0,0,0,0,788.22,262.74,271.5,0.03998402531506083,0.1188423982808054,2,3,0,0,0.0,0.0,0.0,0.6666666666666666,1.0,0.0,0.0,debit_card,ES,EUR
PM_005646,5,0,0,0,0,1094.62,218.92399999999998,129.4,0.03992916987442256,0.1927455280509661,4,4,0,2,0.0,0.0,0.0,0.8,0.8,0.0,0.4,debit_card,ES,EUR
PM_010148,8,0,0,0,0,1208.62,151.0775,84.855,0.03984606986654151,0.2264855105685433,2,3,2,4,0.0,0.0,0.0,0.25,0.375,0.25,0.5,credit_card,ES,EUR
PM_001342,5,0,0,0,0,713.02,142.60399999999998,120.79,0.0397610031990163,0.1446651306568193,4,5,1,0,0.0,0.0,0.0,0.8,1.0,0.2,0.0,credit_card,US,EUR
PM_000180,3,0,0,0,0,207.85999999999999,69.28666666666666,78.96,0.039706613671048836,0.099561737469332,1,3,0,1,0.0,0.0,0.0,0.3333333333333333,1.0,0.0,0.3333333333333333,wallet,PT,EUR
PM_004005,8,0,0,0,0,951.61,118.95125,49.254999999999995,0.03966415578367024,0.2512347257392017,3,6,1,0,0.0,0.0,0.0,0.375,0.75,0.125,0.0,credit_card,ES,EUR
PM_010915,6,0,0,0,0,624.78,104.13,65.32,0.03964743361298992,0.1207949996031479,3,4,2,1,0.0,0.0,0.0,0.5,0.6666666666666666,0.3333333333333333,0.16666666666666666,wallet,FR,EUR
PM_008593,9,0,0,0,0,3192.82,354.7577777777778,232.82,0.039631825095492096,0.2805369012645153,2,9,2,0,0.0,0.0,0.0,0.2222222222222222,1.0,0.2222222222222222,0.0,credit_card,US,EUR
PM_011684,7,0,0,0,0,464.16,66.30857142857143,56.8,0.03954326326138963,0.1912904093323972,2,3,1,1,0.0,0.0,0.0,0.2857142857142857,0.42857142857142855,0.14285714285714285,0.14285714285714285,debit_card,ES,EUR
PM_007151,7,0,0,0,0,294.3,42.042857142857144,53.22,0.03950688596579557,0.2713435010789731,3,7,1,0,0.0,0.0,0.0,0.42857142857142855,1.0,0.14285714285714285,0.0,wallet,US,EUR
PM_002623,13,0,0,0,0,1147.04,88.23384615384614,82.67,0.03944536452608238,0.3331454937165212,6,9,0,3,0.0,0.0,0.0,0.46153846153846156,0.6923076923076923,0.0,0.23076923076923078,credit_card,ES,EUR
PM_009068,9,0,0,0,0,564.34,62.70444444444445,49.39,0.039444554408292476,0.3299431829125652,2,9,2,0,0.0,0.0,0.0,0.2222222222222222,1.0,0.2222222222222222,0.0,wallet,FR,EUR
PM_009981,5,0,0,0,0,223.09,44.618,55.43,0.03943394772358816,0.1404800816538867,4,5,1,1,0.0,0.0,0.0,0.8,1.0,0.2,0.2,credit_card,GB,EUR
PM_002754,8,0,0,0,0,1552.98,194.1225,150.115,0.039396937389214924,0.2654638939553981,6,7,1,1,0.0,0.0,0.0,0.75,0.875,0.125,0.125,debit_card,ES,EUR
PM_000402,5,0,0,0,0,282.87,56.574,50.19,0.0393655556242906,0.1051120926670191,2,5,0,2,0.0,0.0,0.0,0.4,1.0,0.0,0.4,credit_card,ES,EUR
PM_005031,7,0,0,0,0,709.15,101.30714285714285,118.98,0.0393569520782055,0.2102161230211688,6,6,1,3,0.0,0.0,0.0,0.8571428571428571,0.8571428571428571,0.14285714285714285,0.42857142857142855,debit_card,ES,EUR
PM_009457,8,0,0,0,0,453.65,56.70625,37.545,0.0392036539637474,0.3057578558218441,5,8,3,2,0.0,0.0,0.0,0.625,1.0,0.375,0.25,wallet,IT,EUR
PM_000498,20,0,0,0,1,1598.83,79.94149999999999,42.58,0.039180621982520106,0.7552474103144255,10,20,4,1,0.0,0.0,0.0,0.5,1.0,0.2,0.05,debit_card,IT,EUR
PM_000977,6,0,0,0,0,194.48,32.413333333333334,19.825,0.03911536236087145,0.1125407463271515,3,6,0,0,0.0,0.0,0.0,0.5,1.0,0.0,0.0,wallet,FR,EUR
PM_004306,5,0,0,0,0,1123.68,224.73600000000002,93.99,0.0390941745313042,0.0701133414656744,4,5,0,0,0.0,0.0,0.0,0.8,1.0,0.0,0.0,credit_card,DE,EUR
PM_005753,3,0,0,0,0,590.1,196.70000000000002,254.62,0.03899942576884777,0.11651704424404,3,3,0,0,0.0,0.0,0.0,1.0,1.0,0.0,0.0,debit_card,FR,EUR
PM_007167,13,0,0,0,0,2020.05,155.38846153846154,93.56,0.038922774621378865,0.2757962130440611,9,13,2,0,0.0,0.0,0.0,0.6923076923076923,1.0,0.15384615384615385,0.0,wallet,ES,EUR
PM_003549,7,0,0,0,0,1391.42,198.77428571428572,156.4,0.038846058674995194,0.1029688557669927,3,7,2,1,0.0,0.0,0.0,0.42857142857142855,1.0,0.2857142857142857,0.14285714285714285,debit_card,DE,EUR
PM_001069,4,0,0,0,0,679.55,169.8875,177.07,0.03882292667721723,0.0626273276192071,4,4,0,0,0.0,0.0,0.0,1.0,1.0,0.0,0.0,credit_card,DE,EUR
PM_009836,17,0,0,0,0,2685.81,157.98882352941177,102.24,0.038806454269554584,0.3003573414945509,5,17,3,2,0.0,0.0,0.0,0.29411764705882354,1.0,0.17647058823529413,0.11764705882352941,bank_transfer,DE,EUR
PM_011618,24,0,0,0,0,3456.59,144.02458333333334,123.635,0.03878290976116611,0.6742624123966934,9,24,6,2,0.0,0.0,0.0,0.375,1.0,0.25,0.08333333333333333,credit_card,DE,EUR
PM_007982,6,0,0,0,0,301.46999999999997,50.245,45.894999999999996,0.038725666924414134,0.1000406846864678,5,5,1,4,0.0,0.0,0.0,0.8333333333333334,0.8333333333333334,0.16666666666666666,0.6666666666666666,credit_card,FR,EUR
PM_000688,6,0,0,0,0,611.63,101.93833333333333,52.435,0.03871586160174973,0.1175347522525147,3,6,1,2,0.0,0.0,0.0,0.5,1.0,0.16666666666666666,0.3333333333333333,credit_card,ES,EUR
PM_005848,6,0,0,0,0,616.1,102.68333333333334,102.495,0.03859142624676875,0.1417200892224541,2,6,1,0,0.0,0.0,0.0,0.3333333333333333,1.0,0.16666666666666666,0.0,debit_card,IT,EUR
PM_003263,13,0,0,0,0,956.9,73.6076923076923,48.67,0.03856414144066327,0.2130606547050902,4,7,2,5,0.0,0.0,0.0,0.3076923076923077,0.5384615384615384,0.15384615384615385,0.38461538461538464,debit_card,ES,EUR
PM_009367,3,0,0,0,0,127.45,42.483333333333334,37.22,0.03853632170349596,0.1127234702588236,3,3,0,2,0.0,0.0,0.0,1.0,1.0,0.0,0.6666666666666666,credit_card,US,EUR
PM_003473,5,0,0,0,0,234.29,46.858,45.08,0.03851930689107616,0.094411285679015,2,5,0,1,0.0,0.0,0.0,0.4,1.0,0.0,0.2,debit_card,IT,EUR
PM_002096,5,0,0,0,0,730.3399999999999,146.06799999999998,132.63,0.03849041848975956,0.087615399577187,5,5,0,4,0.0,0.0,0.0,1.0,1.0,0.0,0.8,credit_card,PT,EUR
PM_005002,14,0,0,0,0,918.75,65.625,38.1,0.0384039050154419,0.2602503883049225,3,14,0,1,0.0,0.0,0.0,0.21428571428571427,1.0,0.0,0.07142857142857142,credit_card,PT,EUR
PM_010048,3,0,0,0,0,462.27,154.09,31.04,0.03839431888906393,0.1029830196023122,0,3,0,2,0.0,0.0,0.0,0.0,1.0,0.0,0.6666666666666666,debit_card,FR,EUR
PM_000165,3,0,0,0,0,248.73,82.91,69.85,0.03834239806911733,0.0759318918585447,2,3,0,0,0.0,0.0,0.0,0.6666666666666666,1.0,0.0,0.0,debit_card,ES,EUR
PM_007752,10,0,0,0,0,1843.13,184.31300000000002,173.735,0.03830992959540116,0.2190884343947582,5,9,3,6,0.0,0.0,0.0,0.5,0.9,0.3,0.6,debit_card,ES,EUR
PM_002803,8,0,0,0,0,288.51,36.06375,26.13,0.03829054040388069,0.185747602150686,4,8,2,3,0.0,0.0,0.0,0.5,1.0,0.25,0.375,credit_card,US,EUR
PM_000116,10,0,0,0,0,505.15,50.515,27.385,0.038288163916797166,0.3658318968028601,3,5,1,0,0.0,0.0,0.0,0.3,0.5,0.1,0.0,debit_card,ES,EUR
PM_003361,9,0,0,0,0,946.72,105.19111111111111,72.43,0.03825167423103438,0.1531760918270262,3,9,1,4,0.0,0.0,0.0,0.3333333333333333,1.0,0.1111111111111111,0.4444444444444444,credit_card,FR,EUR
PM_001322,10,0,0,0,0,673.83,67.38300000000001,24.345,0.03816611244337871,0.2637911262819201,4,10,1,6,0.0,0.0,0.0,0.4,1.0,0.1,0.6,wallet,DE,EUR
PM_002000,6,0,0,0,0,327.01,54.501666666666665,54.235,0.038162818337371666,0.122852061071021,2,4,3,6,0.0,0.0,0.0,0.3333333333333333,0.6666666666666666,0.5,1.0,wallet,ES,EUR
PM_010759,8,0,0,0,0,355.28,44.41,36.675,0.03809719374705754,0.2739614000515949,5,8,0,0,0.0,0.0,0.0,0.625,1.0,0.0,0.0,wallet,ES,EUR
PM_006612,3,0,0,0,0,243.05,81.01666666666667,70.51,0.03806577005735876,0.0584367543772737,3,3,0,0,0.0,0.0,0.0,1.0,1.0,0.0,0.0,wallet,US,EUR
PM_008155,5,0,0,0,0,572.53,114.506,54.71,0.0380582003824981,0.1552529939211297,1,3,2,0,0.0,0.0,0.0,0.2,0.6,0.4,0.0,wallet,ES,EUR
PM_004059,9,0,0,0,0,704.66,78.29555555555555,45.33,0.03805696340579623,0.3169637565620704,3,9,0,1,0.0,0.0,0.0,0.3333333333333333,1.0,0.0,0.1111111111111111,bank_transfer,US,EUR
PM_004352,6,0,0,0,0,544.75,90.79166666666667,43.65,0.03802398435661118,0.2117116586978611,3,5,0,4,0.0,0.0,0.0,0.5,0.8333333333333334,0.0,0.6666666666666666,debit_card,FR,EUR
PM_009493,4,0,0,0,0,354.91,88.7275,20.47,0.038021927868157925,0.0964094177355587,1,4,1,1,0.0,0.0,0.0,0.25,1.0,0.25,0.25,debit_card,IT,EUR
PM_001033,8,0,0,0,0,505.21999999999997,63.152499999999996,47.09,0.037946753924538314,0.2376597314963127,4,8,1,0,0.0,0.0,0.0,0.5,1.0,0.125,0.0,credit_card,US,EUR
PM_001560,6,0,0,0,0,1101.1,183.51666666666665,174.3,0.03793688038557102,0.2035210545646736,3,6,0,0,0.0,0.0,0.0,0.5,1.0,0.0,0.0,bank_transfer,US,EUR
PM_009206,15,0,0,0,0,699.73,46.64866666666667,45.46,0.03793648710418793,0.3434421908360008,7,14,4,6,0.0,0.0,0.0,0.4666666666666667,0.9333333333333333,0.26666666666666666,0.4,credit_card,FR,EUR
PM_003821,8,0,0,0,0,267.18,33.3975,19.11,0.03789449669508614,0.1619709856247799,3,8,2,6,0.0,0.0,0.0,0.375,1.0,0.25,0.75,credit_card,US,EUR
PM_010651,4,0,0,0,0,602.76,150.69,113.085,0.03788783007514127,0.1183685595107476,2,4,2,1,0.0,0.0,0.0,0.5,1.0,0.5,0.25,wallet,US,EUR
PM_003512,17,0,0,0,0,3243.2000000000003,190.7764705882353,128.43,0.03778940846370991,0.5460469635892315,11,17,1,2,0.0,0.0,0.0,0.6470588235294118,1.0,0.058823529411764705,0.11764705882352941,bank_transfer,US,EUR
PM_005684,6,0,0,0,0,239.44,39.906666666666666,35.465,0.03777254360787176,0.110472545761152,5,6,2,2,0.0,0.0,0.0,0.8333333333333334,1.0,0.3333333333333333,0.3333333333333333,wallet,ES,EUR
PM_009295,4,0,0,0,0,193.86,48.465,45.285,0.03767182908209409,0.1495468082626669,2,4,2,0,0.0,0.0,0.0,0.5,1.0,0.5,0.0,debit_card,US,EUR
PM_005561,16,0,0,0,0,1258.58,78.66125,77.59,0.03766466550028901,0.414550245962997,8,16,2,0,0.0,0.0,0.0,0.5,1.0,0.125,0.0,credit_card,GB,EUR
PM_008106,3,0,0,0,0,528.91,176.3033333333333,157.29,0.03761100282537053,0.0847686267118459,3,3,0,1,0.0,0.0,0.0,1.0,1.0,0.0,0.3333333333333333,credit_card,PT,EUR
PM_006338,7,0,0,0,0,550.91,78.70142857142856,84.44,0.03760160569104193,0.1316012941889326,5,7,0,2,0.0,0.0,0.0,0.7142857142857143,1.0,0.0,0.2857142857142857,credit_card,FR,EUR
PM_009876,5,0,0,0,0,493.31,98.662,96.24,0.0375805139622544,0.1309777255156098,2,5,1,5,0.0,0.0,0.0,0.4,1.0,0.2,1.0,credit_card,FR,EUR
PM_004884,5,0,0,0,0,381.99,76.398,61.74,0.03755807161842084,0.0997830715473254,2,5,3,0,0.0,0.0,0.0,0.4,1.0,0.6,0.0,wallet,FR,EUR
PM_011216,8,0,0,0,0,1511.05,188.88125,161.03,0.03750809936236605,0.2269129609978372,5,6,0,1,0.0,0.0,0.0,0.625,0.75,0.0,0.125,credit_card,ES,EUR
PM_002160,3,0,0,0,0,252.92000000000002,84.30666666666667,65.01,0.0374819096696032,0.1121187318430072,2,3,1,0,0.0,0.0,0.0,0.6666666666666666,1.0,0.3333333333333333,0.0,credit_card,IT,EUR
PM_011680,3,0,0,0,0,169.68,56.56,58.72,0.0374594443848332,0.0790028221556482,2,3,0,3,0.0,0.0,0.0,0.6666666666666666,1.0,0.0,1.0,credit_card,DE,EUR
PM_010271,7,0,0,0,0,1130.04,161.43428571428572,111.61,0.037414014463934976,0.1512011867311902,5,7,1,7,0.0,0.0,0.0,0.7142857142857143,1.0,0.14285714285714285,1.0,credit_card,ES,EUR
PM_005437,3,0,0,0,0,1069.24,356.41333333333336,274.61,0.03738350466348756,0.1092760330830236,0,3,0,0,0.0,0.0,0.0,0.0,1.0,0.0,0.0,wallet,IT,EUR
PM_001276,4,0,0,0,0,345.39,86.3475,24.265,0.03734516683774997,0.1483395314409605,4,4,1,0,0.0,0.0,0.0,1.0,1.0,0.25,0.0,wallet,ES,EUR
PM_005514,4,0,0,0,0,194.72000000000003,48.68000000000001,51.394999999999996,0.03734381945259167,0.148376433510471,1,4,1,0,0.0,0.0,0.0,0.25,1.0,0.25,0.0,debit_card,GB,EUR
PM_006787,8,0,0,0,0,809.54,101.1925,56.325,0.03725601003050865,0.1330392326758253,6,8,1,3,0.0,0.0,0.0,0.75,1.0,0.125,0.375,debit_card,US,EUR
PM_009303,9,0,0,0,0,946.65,105.18333333333334,95.77,0.03720659284110992,0.1902552219199378,4,9,1,7,0.0,0.0,0.0,0.4444444444444444,1.0,0.1111111111111111,0.7777777777777778,debit_card,US,EUR
PM_000781,8,0,0,0,0,1325.7,165.7125,161.56,0.03720605985596723,0.2950879507287009,5,8,2,0,0.0,0.0,0.0,0.625,1.0,0.25,0.0,debit_card,PT,EUR
PM_000923,8,0,0,0,0,553.2,69.15,68.565,0.03712807441103183,0.1372424155628442,3,8,1,3,0.0,0.0,0.0,0.375,1.0,0.125,0.375,credit_card,FR,EUR
PM_007992,6,1,0,0,0,736.74,122.79,72.33500000000001,0.03712617069616293,0.209109531569212,5,6,0,3,0.16666666666666666,0.0,0.0,0.8333333333333334,1.0,0.0,0.5,credit_card,ES,EUR
PM_001177,3,0,0,0,0,217.85,72.61666666666666,40.28,0.03709096774916517,0.1104458260725044,3,3,1,3,0.0,0.0,0.0,1.0,1.0,0.3333333333333333,1.0,wallet,ES,EUR
PM_001909,4,0,0,0,0,270.73,67.6825,64.35,0.037044693762839975,0.1410403847165391,2,4,1,0,0.0,0.0,0.0,0.5,1.0,0.25,0.0,credit_card,PT,EUR
PM_007045,13,0,0,0,0,1661.5800000000002,127.81384615384617,36.95,0.037033027744643614,0.2322827956031199,6,12,1,0,0.0,0.0,0.0,0.46153846153846156,0.9230769230769231,0.07692307692307693,0.0,debit_card,PT,EUR
PM_010031,9,0,0,0,0,920.59,102.28777777777778,94.34,0.03687513765145692,0.1250440239750624,2,7,1,4,0.0,0.0,0.0,0.2222222222222222,0.7777777777777778,0.1111111111111111,0.4444444444444444,credit_card,ES,EUR
PM_004877,5,0,0,0,0,226.22,45.244,27.77,0.0368502965006763,0.1001626372086706,3,5,2,1,0.0,0.0,0.0,0.6,1.0,0.4,0.2,credit_card,PT,EUR
PM_011331,4,0,0,0,0,334.12,83.53,87.96,0.03683528831291105,0.1452517979977854,0,4,1,1,0.0,0.0,0.0,0.0,1.0,0.25,0.25,bank_transfer,IT,EUR
PM_011984,11,0,0,0,0,1697.58,154.32545454545453,136.89,0.03672045448472697,0.135339284249894,8,11,2,3,0.0,0.0,0.0,0.7272727272727273,1.0,0.18181818181818182,0.2727272727272727,credit_card,FR,EUR
PM_007557,5,0,0,0,0,1477.33,295.466,105.77,0.03666345588027712,0.1506071311406787,1,5,1,0,0.0,0.0,0.0,0.2,1.0,0.2,0.0,wallet,IT,EUR
PM_004850,9,0,0,0,0,2732.71,303.63444444444445,109.3,0.03666089662103386,0.1817610161348169,4,9,1,4,0.0,0.0,0.0,0.4444444444444444,1.0,0.1111111111111111,0.4444444444444444,credit_card,US,EUR
PM_009640,6,0,0,0,0,940.3100000000001,156.71833333333333,128.125,0.03662979027644662,0.1546384113451895,2,6,0,6,0.0,0.0,0.0,0.3333333333333333,1.0,0.0,1.0,bank_transfer,US,EUR
PM_010883,6,0,0,0,0,400.52,66.75333333333333,56.945,0.03661023226649935,0.1241715536775186,1,6,0,0,0.0,0.0,0.0,0.16666666666666666,1.0,0.0,0.0,debit_card,GB,EUR
PM_007469,10,0,0,0,0,1496.91,149.691,151.15499999999997,0.03656329914433055,0.2870720307411574,3,6,1,1,0.0,0.0,0.0,0.3,0.6,0.1,0.1,wallet,ES,EUR
PM_011690,4,0,0,0,0,965.43,241.3575,237.415,0.03647929213897998,0.0945076438037065,2,4,1,0,0.0,0.0,0.0,0.5,1.0,0.25,0.0,wallet,ES,EUR
PM_010973,16,0,0,0,0,2008.05,125.503125,75.805,0.036444233786504125,0.4563238603252265,4,15,4,2,0.0,0.0,0.0,0.25,0.9375,0.25,0.125,credit_card,FR,EUR
PM_011252,7,0,0,0,0,276.02,39.43142857142857,17.84,0.0363268219022499,0.2060679570488222,3,7,1,0,0.0,0.0,0.0,0.42857142857142855,1.0,0.14285714285714285,0.0,credit_card,US,EUR
PM_001001,8,0,0,0,0,557.73,69.71625,37.879999999999995,0.03627301258850574,0.1662902095745649,5,6,2,0,0.0,0.0,0.0,0.625,0.75,0.25,0.0,debit_card,DE,EUR
PM_001128,4,0,0,0,0,306.14,76.535,64.045,0.036269046118085374,0.0741238799690507,3,4,0,0,0.0,0.0,0.0,0.75,1.0,0.0,0.0,credit_card,US,EUR
PM_007016,10,0,0,0,0,441.06,44.106,29.8,0.036230298753383884,0.1602930976848219,0,4,0,4,0.0,0.0,0.0,0.0,0.4,0.0,0.4,debit_card,ES,EUR
PM_004238,15,0,0,0,0,2294.73,152.982,100.38,0.03622514150550901,0.2112357054268144,5,15,0,0,0.0,0.0,0.0,0.3333333333333333,1.0,0.0,0.0,credit_card,US,EUR
PM_010024,7,0,0,0,0,349.79,49.970000000000006,63.31,0.03611960854061088,0.2403205096868629,4,6,1,2,0.0,0.0,0.0,0.5714285714285714,0.8571428571428571,0.14285714285714285,0.2857142857142857,debit_card,IT,EUR
PM_003670,11,0,0,0,0,969.35,88.12272727272727,61.35,0.03610746738512521,0.1732711322528428,7,7,1,2,0.0,0.0,0.0,0.6363636363636364,0.6363636363636364,0.09090909090909091,0.18181818181818182,credit_card,FR,EUR
PM_009356,17,0,0,0,0,1652.45,97.20294117647059,65.04,0.036102707929445955,0.3026615667120665,5,15,3,2,0.0,0.0,0.0,0.29411764705882354,0.8823529411764706,0.17647058823529413,0.11764705882352941,credit_card,FR,EUR
PM_008997,6,0,0,0,0,158.56,26.426666666666666,26.855,0.036000391626359284,0.2038311696375464,3,6,0,3,0.0,0.0,0.0,0.5,1.0,0.0,0.5,wallet,IT,EUR
PM_002099,5,0,0,0,0,434.11,86.822,73.66,0.03586997481315532,0.1508774532875045,2,3,1,0,0.0,0.0,0.0,0.4,0.6,0.2,0.0,wallet,ES,EUR
PM_007690,4,0,0,0,0,308.59000000000003,77.14750000000001,88.36,0.03586452747484253,0.1011928800897023,1,2,1,0,0.0,0.0,0.0,0.25,0.5,0.25,0.0,wallet,ES,EUR
PM_004025,9,0,0,0,0,1707.06,189.67333333333332,180.01,0.03585479917202668,0.2143209646709191,2,9,0,0,0.0,0.0,0.0,0.2222222222222222,1.0,0.0,0.0,credit_card,US,EUR
PM_007760,12,0,0,0,0,2312.39,192.69916666666666,151.975,0.03579454363482574,0.1962376606985864,8,12,2,7,0.0,0.0,0.0,0.6666666666666666,1.0,0.16666666666666666,0.5833333333333334,debit_card,DE,EUR
PM_002862,4,0,0,0,0,559.8199999999999,139.95499999999998,139.685,0.03577409236221287,0.0769911731944096,3,4,0,1,0.0,0.0,0.0,0.75,1.0,0.0,0.25,debit_card,FR,EUR
PM_006323,3,0,0,0,0,94.99000000000001,31.663333333333338,29.82,0.035764274804298266,0.1062154204807964,1,1,0,0,0.0,0.0,0.0,0.3333333333333333,0.3333333333333333,0.0,0.0,credit_card,ES,EUR
PM_005719,30,1,0,0,0,4419.78,147.326,83.985,0.03574632650016638,0.6821793351864314,18,30,5,0,0.03333333333333333,0.0,0.0,0.6,1.0,0.16666666666666666,0.0,credit_card,US,EUR
PM_003120,3,0,0,0,0,149.36,49.78666666666667,39.09,0.0357118942291966,0.0524386442064626,2,3,0,0,0.0,0.0,0.0,0.6666666666666666,1.0,0.0,0.0,credit_card,US,EUR
PM_010440,5,0,0,0,0,886.9799999999999,177.396,124.8,0.03569388592710744,0.0897444815066702,2,5,2,0,0.0,0.0,0.0,0.4,1.0,0.4,0.0,credit_card,ES,EUR
PM_011486,3,0,0,0,0,238.95999999999998,79.65333333333332,54.26,0.03566891027301233,0.0841502267186222,2,3,1,0,0.0,0.0,0.0,0.6666666666666666,1.0,0.3333333333333333,0.0,credit_card,DE,EUR
PM_003258,3,0,0,0,0,778.64,259.5466666666667,289.18,0.03564090113493296,0.0629724795062974,2,3,0,1,0.0,0.0,0.0,0.6666666666666666,1.0,0.0,0.3333333333333333,debit_card,ES,EUR
PM_009339,6,0,0,0,0,1011.97,168.66166666666666,106.24000000000001,0.03561194953188327,0.11128962085323,3,4,0,3,0.0,0.0,0.0,0.5,0.6666666666666666,0.0,0.5,credit_card,ES,EUR
PM_002652,12,0,0,0,0,830.36,69.19666666666667,42.495,0.03558657815917853,0.1831819419467339,7,12,0,0,0.0,0.0,0.0,0.5833333333333334,1.0,0.0,0.0,credit_card,GB,EUR
PM_006194,4,0,0,0,0,597.53,149.3825,144.77499999999998,0.035518219976838475,0.0698215260971239,1,4,1,0,0.0,0.0,0.0,0.25,1.0,0.25,0.0,credit_card,PT,EUR
PM_009911,3,0,0,0,0,135.62,45.20666666666667,42.09,0.03550032356893534,0.0912341632989249,1,3,0,0,0.0,0.0,0.0,0.3333333333333333,1.0,0.0,0.0,debit_card,GB,EUR
PM_008521,4,0,0,0,0,77.12,19.28,13.015,0.03549958727328155,0.1399272070377525,1,4,2,1,0.0,0.0,0.0,0.25,1.0,0.5,0.25,wallet,US,EUR
PM_001763,3,0,0,0,0,268.35,89.45,70.12,0.035489282300993234,0.0914014053815228,2,3,0,0,0.0,0.0,0.0,0.6666666666666666,1.0,0.0,0.0,wallet,PT,EUR
PM_006453,10,0,0,0,0,1403.48,140.348,55.78,0.035429164721502746,0.1036183004975486,5,10,2,8,0.0,0.0,0.0,0.5,1.0,0.2,0.8,credit_card,PT,EUR
PM_007476,11,0,0,0,0,2942.77,267.52454545454543,196.07,0.03540557984882636,0.2886613213349631,1,2,1,0,0.0,0.0,0.0,0.09090909090909091,0.18181818181818182,0.09090909090909091,0.0,debit_card,ES,EUR
PM_008186,9,0,0,0,0,1244.06,138.2288888888889,101.02,0.035366227014901455,0.2723251105707837,7,9,1,1,0.0,0.0,0.0,0.7777777777777778,1.0,0.1111111111111111,0.1111111111111111,debit_card,ES,EUR
PM_009770,4,1,0,0,0,992.19,248.0475,294.52,0.03535390758884203,0.0553435450306245,2,2,0,0,0.25,0.0,0.0,0.5,0.5,0.0,0.0,wallet,FR,EUR
PM_005359,14,0,0,0,0,892.49,63.74928571428571,50.37,0.03532577836193379,0.228707910350971,9,14,5,7,0.0,0.0,0.0,0.6428571428571429,1.0,0.35714285714285715,0.5,credit_card,FR,EUR
PM_001669,4,0,0,0,0,1128.47,282.1175,268.815,0.035314586676405524,0.0901157628019349,0,4,0,0,0.0,0.0,0.0,0.0,1.0,0.0,0.0,credit_card,GB,EUR
PM_007477,4,0,0,0,0,767.3000000000001,191.82500000000002,180.77,0.03528280260557282,0.1214988809263282,3,3,1,1,0.0,0.0,0.0,0.75,0.75,0.25,0.25,credit_card,ES,EUR
PM_011046,9,0,0,0,0,660.92,73.43555555555555,59.21,0.035268153417854366,0.1366666444316554,5,9,0,8,0.0,0.0,0.0,0.5555555555555556,1.0,0.0,0.8888888888888888,credit_card,US,EUR
PM_001328,10,0,0,0,0,1185.31,118.53099999999999,34.815,0.03525330326178302,0.2201848253177797,5,10,1,7,0.0,0.0,0.0,0.5,1.0,0.1,0.7,credit_card,DE,EUR
PM_001301,5,0,0,0,0,872.71,174.542,145.82,0.03525228359910646,0.0925568829632697,4,5,1,3,0.0,0.0,0.0,0.8,1.0,0.2,0.6,credit_card,DE,EUR
PM_001846,9,0,0,0,0,2261.7700000000004,251.30777777777783,103.35,0.03524707207845733,0.1341806984442647,3,9,0,7,0.0,0.0,0.0,0.3333333333333333,1.0,0.0,0.7777777777777778,wallet,GB,EUR
PM_007970,6,0,0,0,0,404.97,67.495,72.91499999999999,0.035239160090558004,0.1333555194215007,4,6,1,2,0.0,0.0,0.0,0.6666666666666666,1.0,0.16666666666666666,0.3333333333333333,wallet,ES,EUR
PM_003911,4,0,0,0,0,166.85,41.7125,33.21,0.035237279528773376,0.0839179235406147,1,4,0,3,0.0,0.0,0.0,0.25,1.0,0.0,0.75,credit_card,US,EUR
PM_003824,6,0,0,0,0,742.79,123.79833333333333,67.78999999999999,0.03518339593425375,0.2080080999614119,4,4,0,4,0.0,0.0,0.0,0.6666666666666666,0.6666666666666666,0.0,0.6666666666666666,debit_card,ES,EUR
PM_003201,14,0,0,0,0,1663.24,118.80285714285715,83.0,0.03514873700939513,0.4218140236592117,9,14,3,1,0.0,0.0,0.0,0.6428571428571429,1.0,0.21428571428571427,0.07142857142857142,wallet,FR,EUR
PM_008017,12,0,0,0,0,1294.95,107.91250000000001,54.59,0.03510808237861083,0.1344321877554697,3,12,0,7,0.0,0.0,0.0,0.25,1.0,0.0,0.5833333333333334,credit_card,DE,EUR
PM_005672,7,0,0,0,0,330.37,47.19571428571429,24.93,0.034982797221725724,0.1198949100420086,3,7,0,0,0.0,0.0,0.0,0.42857142857142855,1.0,0.0,0.0,credit_card,DE,EUR
PM_008324,7,0,0,0,0,622.52,88.93142857142857,57.48,0.03497326779261699,0.0770925406911423,6,7,0,2,0.0,0.0,0.0,0.8571428571428571,1.0,0.0,0.2857142857142857,wallet,GB,EUR
PM_011974,3,0,0,0,0,266.46,88.82,107.38,0.03496705925621273,0.1024764493683116,2,3,1,2,0.0,0.0,0.0,0.6666666666666666,1.0,0.3333333333333333,0.6666666666666666,debit_card,GB,EUR
PM_004203,6,0,0,0,0,342.15999999999997,57.026666666666664,46.16,0.034947112768877284,0.2082437180836673,4,5,0,0,0.0,0.0,0.0,0.6666666666666666,0.8333333333333334,0.0,0.0,credit_card,ES,EUR
PM_006371,12,0,0,0,0,1855.32,154.60999999999999,102.41999999999999,0.034893453807388945,0.3946173582464478,6,12,1,1,0.0,0.0,0.0,0.5,1.0,0.08333333333333333,0.08333333333333333,debit_card,US,EUR
PM_002080,20,0,0,0,0,1094.45,54.722500000000004,35.39,0.03480248964713427,0.3900048705610307,9,20,3,5,0.0,0.0,0.0,0.45,1.0,0.15,0.25,debit_card,IT,EUR
PM_009526,3,0,0,0,0,374.31,124.77,109.63,0.034761183176828504,0.0558763780917589,1,3,0,0,0.0,0.0,0.0,0.3333333333333333,1.0,0.0,0.0,debit_card,GB,EUR
PM_005320,3,0,0,0,0,211.08,70.36,79.43,0.034719867577438134,0.070531850414001,1,1,0,0,0.0,0.0,0.0,0.3333333333333333,0.3333333333333333,0.0,0.0,credit_card,ES,EUR
PM_001111,5,0,0,0,0,845.6399999999999,169.128,93.36,0.03469146007043555,0.1646081007293219,4,5,1,1,0.0,0.0,0.0,0.8,1.0,0.2,0.2,wallet,US,EUR
PM_009094,6,0,0,0,0,1589.36,264.8933333333333,262.72499999999997,0.03468588924304865,0.0841674433516598,3,3,1,5,0.0,0.0,0.0,0.5,0.5,0.16666666666666666,0.8333333333333334,credit_card,ES,EUR
PM_008763,16,1,0,0,0,918.85,57.428125,42.21,0.03460039447257188,0.1472369005323144,8,16,0,7,0.0625,0.0,0.0,0.5,1.0,0.0,0.4375,credit_card,DE,EUR
PM_002976,3,0,0,0,0,223.23,74.41,55.26,0.03449595495525403,0.1018489292563386,2,3,0,0,0.0,0.0,0.0,0.6666666666666666,1.0,0.0,0.0,debit_card,ES,EUR
PM_004796,6,0,0,0,0,335.63,55.93833333333333,46.485,0.03448981854461839,0.1148018998295878,2,6,0,0,0.0,0.0,0.0,0.3333333333333333,1.0,0.0,0.0,credit_card,PT,EUR
PM_011193,13,0,0,0,0,1253.85,96.44999999999999,93.31,0.034483022148624635,0.0933533757871021,9,13,2,12,0.0,0.0,0.0,0.6923076923076923,1.0,0.15384615384615385,0.9230769230769231,debit_card,PT,EUR
PM_001983,3,0,0,0,0,97.37,32.45666666666667,32.38,0.034438573129029815,0.0820301086433979,0,3,0,3,0.0,0.0,0.0,0.0,1.0,0.0,1.0,wallet,FR,EUR
PM_007080,3,0,0,0,0,76.64,25.546666666666667,14.98,0.0343775838258394,0.061740298340666,0,3,1,0,0.0,0.0,0.0,0.0,1.0,0.3333333333333333,0.0,wallet,US,EUR
PM_010228,4,0,0,0,0,100.5,25.125,25.994999999999997,0.03436639810040367,0.1303290093640604,2,4,0,4,0.0,0.0,0.0,0.5,1.0,0.0,1.0,credit_card,ES,EUR
PM_003973,3,0,0,0,0,142.82999999999998,47.60999999999999,24.71,0.034325848336132204,0.1011420178585182,3,3,0,1,0.0,0.0,0.0,1.0,1.0,0.0,0.3333333333333333,debit_card,ES,EUR
PM_000566,9,0,0,0,0,1194.46,132.71777777777777,128.44,0.03432381404200487,0.1558201527360958,3,9,2,0,0.0,0.0,0.0,0.3333333333333333,1.0,0.2222222222222222,0.0,wallet,US,EUR
PM_004919,4,0,0,0,0,189.56,47.39,47.095,0.034321265863299776,0.1165811797044212,2,3,1,4,0.0,0.0,0.0,0.5,0.75,0.25,1.0,debit_card,ES,EUR
PM_000961,5,0,0,0,0,353.96000000000004,70.792,21.65,0.034302507099940475,0.1702334012698571,2,2,0,2,0.0,0.0,0.0,0.4,0.4,0.0,0.4,wallet,ES,EUR
PM_000338,8,0,0,0,0,318.7,39.8375,40.09,0.0342990433911115,0.2213121858336836,4,7,3,1,0.0,0.0,0.0,0.5,0.875,0.375,0.125,wallet,ES,EUR
PM_000166,4,0,0,0,0,284.96,71.24,68.09,0.03424208161473832,0.0717644198801977,4,4,1,4,0.0,0.0,0.0,1.0,1.0,0.25,1.0,wallet,US,EUR
PM_006226,8,0,0,0,0,615.02,76.8775,72.835,0.034149552621825646,0.1303881281204776,6,8,1,0,0.0,0.0,0.0,0.75,1.0,0.125,0.0,credit_card,DE,EUR
PM_006373,22,0,0,0,0,1646.3799999999999,74.83545454545454,51.04,0.03411292984387288,0.6218109736454616,11,13,2,1,0.0,0.0,0.0,0.5,0.5909090909090909,0.09090909090909091,0.045454545454545456,debit_card,ES,EUR
PM_004479,11,0,0,0,0,696.66,63.33272727272727,24.78,0.0341089055573827,0.3681122797649979,4,11,3,0,0.0,0.0,0.0,0.36363636363636365,1.0,0.2727272727272727,0.0,debit_card,US,EUR
PM_002288,3,0,0,0,0,108.41999999999999,36.13999999999999,38.66,0.03407290989115543,0.0924650658756376,2,2,1,2,0.0,0.0,0.0,0.6666666666666666,0.6666666666666666,0.3333333333333333,0.6666666666666666,credit_card,PT,EUR
PM_010121,6,0,0,0,0,629.72,104.95333333333333,87.645,0.03396467691561465,0.189982988359868,3,5,2,1,0.0,0.0,0.0,0.5,0.8333333333333334,0.3333333333333333,0.16666666666666666,debit_card,PT,EUR
PM_003152,8,0,0,0,0,1790.69,223.83625,102.315,0.03395495347233906,0.0784262304432167,3,8,1,7,0.0,0.0,0.0,0.375,1.0,0.125,0.875,debit_card,GB,EUR
PM_005710,3,0,0,0,0,76.25999999999999,25.419999999999998,20.07,0.03392000309306326,0.1008583828175772,1,3,0,1,0.0,0.0,0.0,0.3333333333333333,1.0,0.0,0.3333333333333333,credit_card,US,EUR
PM_007969,3,0,0,0,0,226.24,75.41333333333334,70.83,0.0339095647744133,0.0800030384486535,0,3,0,3,0.0,0.0,0.0,0.0,1.0,0.0,1.0,wallet,IT,EUR
PM_008223,7,0,0,0,0,376.46,53.779999999999994,29.84,0.0337848390806464,0.2133312871146828,6,6,0,2,0.0,0.0,0.0,0.8571428571428571,0.8571428571428571,0.0,0.2857142857142857,wallet,DE,EUR
PM_011070,3,0,0,0,0,1159.33,386.4433333333333,187.11,0.03378043946735573,0.1001519246161198,1,3,1,0,0.0,0.0,0.0,0.3333333333333333,1.0,0.3333333333333333,0.0,debit_card,ES,EUR
PM_010032,5,0,0,0,0,551.61,110.322,113.55,0.03377423598328028,0.1200335786566018,2,3,1,1,0.0,0.0,0.0,0.4,0.6,0.2,0.2,credit_card,ES,EUR
PM_007533,14,2,0,0,0,1063.73,75.98071428571428,28.660000000000004,0.03376998129402418,0.1497041744472553,7,14,6,0,0.14285714285714285,0.0,0.0,0.5,1.0,0.42857142857142855,0.0,credit_card,US,EUR
PM_010308,4,0,0,0,0,449.72999999999996,112.43249999999999,46.84,0.03375799006257463,0.1228871239421304,2,4,1,0,0.0,0.0,0.0,0.5,1.0,0.25,0.0,debit_card,US,EUR
PM_001358,5,0,0,0,0,1527.09,305.418,204.6,0.03370824349599308,0.1652678055079057,4,5,1,0,0.0,0.0,0.0,0.8,1.0,0.2,0.0,credit_card,GB,EUR
PM_008666,11,0,0,0,0,3278.9,298.08181818181816,215.49,0.03361353883216198,0.3095771077419497,3,11,1,9,0.0,0.0,0.0,0.2727272727272727,1.0,0.09090909090909091,0.8181818181818182,credit_card,US,EUR
PM_003798,3,0,0,0,0,539.87,179.95666666666668,128.55,0.033612379231139036,0.0576965243122648,2,3,0,1,0.0,0.0,0.0,0.6666666666666666,1.0,0.0,0.3333333333333333,credit_card,ES,EUR
PM_002801,3,0,0,0,0,420.4,140.13333333333333,125.33,0.033525544022463,0.0984857010829906,2,3,0,0,0.0,0.0,0.0,0.6666666666666666,1.0,0.0,0.0,credit_card,PT,EUR
PM_005164,6,0,0,0,0,404.13,67.355,38.325,0.033483402738436585,0.1262559792796884,3,6,2,1,0.0,0.0,0.0,0.5,1.0,0.3333333333333333,0.16666666666666666,wallet,IT,EUR
PM_006514,14,0,0,0,0,1535.44,109.67428571428572,47.16,0.03347947688510273,0.347111053412207,6,14,2,0,0.0,0.0,0.0,0.42857142857142855,1.0,0.14285714285714285,0.0,credit_card,GB,EUR
PM_011401,15,0,0,0,0,989.55,65.97,40.66,0.033466661293869514,0.4430509002509177,9,15,3,0,0.0,0.0,0.0,0.6,1.0,0.2,0.0,wallet,PT,EUR
PM_007669,15,0,0,0,0,960.57,64.038,56.11,0.03345107070939619,0.1646090154004746,5,10,0,0,0.0,0.0,0.0,0.3333333333333333,0.6666666666666666,0.0,0.0,credit_card,ES,EUR
PM_002631,3,0,0,0,0,372.58,124.19333333333333,134.08,0.033401881649761565,0.0673008349974853,3,3,0,2,0.0,0.0,0.0,1.0,1.0,0.0,0.6666666666666666,debit_card,ES,EUR
PM_005483,5,0,0,0,0,826.5,165.3,111.27,0.033387911740860435,0.0905202178863401,3,5,2,0,0.0,0.0,0.0,0.6,1.0,0.4,0.0,debit_card,GB,EUR
PM_009049,10,0,0,0,0,713.38,71.338,31.1,0.0333773199983298,0.2843959278531179,4,10,1,0,0.0,0.0,0.0,0.4,1.0,0.1,0.0,wallet,US,EUR
PM_003513,11,0,0,0,0,1608.21,146.2009090909091,143.04,0.03337137896277519,0.1545249815859652,6,8,1,3,0.0,0.0,0.0,0.5454545454545454,0.7272727272727273,0.09090909090909091,0.2727272727272727,credit_card,ES,EUR
PM_011255,14,1,0,0,0,1361.01,97.215,45.129999999999995,0.03334350904096571,0.2949499930015733,7,14,3,1,0.07142857142857142,0.0,0.0,0.5,1.0,0.21428571428571427,0.07142857142857142,wallet,PT,EUR
PM_003745,6,0,0,0,0,442.44,73.74,67.595,0.03333773746010222,0.1781837625439565,3,4,1,1,0.0,0.0,0.0,0.5,0.6666666666666666,0.16666666666666666,0.16666666666666666,wallet,PT,EUR
PM_006575,6,0,0,0,0,157.54999999999998,26.25833333333333,15.844999999999999,0.03333127673570325,0.1856068527975196,3,6,4,0,0.0,0.0,0.0,0.5,1.0,0.6666666666666666,0.0,wallet,PT,EUR
PM_004693,3,0,0,0,0,272.02,90.67333333333333,77.55,0.033317209463725204,0.0579616543693138,2,3,0,1,0.0,0.0,0.0,0.6666666666666666,1.0,0.0,0.3333333333333333,debit_card,IT,EUR
PM_007658,4,0,0,0,0,615.93,153.9825,83.78,0.0333108888709231,0.1196928805719073,2,4,0,1,0.0,0.0,0.0,0.5,1.0,0.0,0.25,credit_card,GB,EUR
PM_000257,9,0,0,0,0,358.6,39.84444444444445,32.88,0.03331075991997928,0.2954217032710301,5,9,0,0,0.0,0.0,0.0,0.5555555555555556,1.0,0.0,0.0,debit_card,GB,EUR
PM_006437,5,0,0,0,0,423.95,84.78999999999999,105.62,0.033296816648303,0.1561596672519433,4,5,0,0,0.0,0.0,0.0,0.8,1.0,0.0,0.0,debit_card,DE,EUR
PM_010185,9,0,0,0,0,886.98,98.55333333333334,96.48,0.033294422758660513,0.2157527497414288,5,9,1,5,0.0,0.0,0.0,0.5555555555555556,1.0,0.1111111111111111,0.5555555555555556,bank_transfer,GB,EUR
PM_000870,12,0,0,0,0,2214.82,184.56833333333336,123.385,0.03327933903048668,0.3392631606340095,2,4,2,0,0.0,0.0,0.0,0.16666666666666666,0.3333333333333333,0.16666666666666666,0.0,debit_card,ES,EUR
PM_009019,12,0,0,0,0,4607.93,383.9941666666667,150.47,0.033270776933935854,0.1379847178403654,6,12,0,6,0.0,0.0,0.0,0.5,1.0,0.0,0.5,debit_card,GB,EUR
PM_007569,9,0,0,0,0,699.06,77.67333333333333,33.81,0.03325980255700573,0.2594528823033261,1,9,2,0,0.0,0.0,0.0,0.1111111111111111,1.0,0.2222222222222222,0.0,credit_card,GB,EUR
PM_010004,4,0,0,0,0,309.16,77.29,58.435,0.033239495787165896,0.1283291508717624,1,1,0,1,0.0,0.0,0.0,0.25,0.25,0.0,0.25,wallet,ES,EUR
PM_009387,18,0,0,0,0,2404.73,133.5961111111111,109.805,0.03321479838304038,0.4954094992783858,5,6,1,0,0.0,0.0,0.0,0.2777777777777778,0.3333333333333333,0.05555555555555555,0.0,credit_card,ES,EUR
PM_006704,11,0,0,0,0,956.49,86.95363636363636,76.23,0.03317567756218784,0.2408288487146597,5,11,2,0,0.0,0.0,0.0,0.45454545454545453,1.0,0.18181818181818182,0.0,wallet,IT,EUR
PM_010957,17,0,0,0,0,2776.96,163.3505882352941,115.28,0.03316885873222595,0.377321009255661,10,16,2,5,0.0,0.0,0.0,0.5882352941176471,0.9411764705882353,0.11764705882352941,0.29411764705882354,credit_card,DE,EUR
PM_000321,5,0,0,0,0,234.29000000000002,46.858000000000004,48.81,0.03316642592318426,0.1610190135442122,2,5,3,0,0.0,0.0,0.0,0.4,1.0,0.6,0.0,debit_card,IT,EUR
PM_010699,5,0,0,0,0,512.19,102.43800000000002,74.21,0.0331631328290812,0.0830429586472049,2,5,0,0,0.0,0.0,0.0,0.4,1.0,0.0,0.0,credit_card,ES,EUR
PM_006682,9,0,0,0,0,711.03,79.00333333333333,37.74,0.033152462012349934,0.169037578129383,2,7,2,7,0.0,0.0,0.0,0.2222222222222222,0.7777777777777778,0.2222222222222222,0.7777777777777778,credit_card,FR,EUR
PM_001462,8,0,0,0,0,345.15999999999997,43.144999999999996,46.915,0.033144858231526464,0.1714595284408388,3,8,1,0,0.0,0.0,0.0,0.375,1.0,0.125,0.0,wallet,GB,EUR
PM_008002,7,0,0,0,0,667.71,95.38714285714286,76.05,0.033140016962902814,0.2000292767964706,4,7,1,1,0.0,0.0,0.0,0.5714285714285714,1.0,0.14285714285714285,0.14285714285714285,debit_card,US,EUR
PM_006341,4,0,0,0,0,705.64,176.41,141.905,0.03311913424291947,0.1045673012354096,0,4,1,0,0.0,0.0,0.0,0.0,1.0,0.25,0.0,wallet,FR,EUR
PM_005175,3,0,0,0,0,617.56,205.85333333333332,170.18,0.033116724724517,0.095440024653167,2,2,0,1,0.0,0.0,0.0,0.6666666666666666,0.6666666666666666,0.0,0.3333333333333333,credit_card,IT,EUR
PM_000437,10,0,0,0,0,761.4,76.14,60.55,0.03307049930076902,0.3078978325696872,6,10,1,0,0.0,0.0,0.0,0.6,1.0,0.1,0.0,debit_card,FR,EUR
PM_004488,11,0,0,0,0,616.01,56.00090909090909,26.37,0.03303151813400431,0.3185096058094818,4,11,2,5,0.0,0.0,0.0,0.36363636363636365,1.0,0.18181818181818182,0.45454545454545453,credit_card,US,EUR
PM_006344,3,0,0,0,0,222.96,74.32000000000001,69.64,0.03302322049523427,0.0836817958197939,2,3,0,0,0.0,0.0,0.0,0.6666666666666666,1.0,0.0,0.0,debit_card,PT,EUR
PM_005344,5,0,0,0,0,857.5600000000001,171.512,142.1,0.0330116546277992,0.1064918382668204,4,5,0,0,0.0,0.0,0.0,0.8,1.0,0.0,0.0,credit_card,ES,EUR
PM_005884,20,1,0,0,0,1601.6299999999999,80.08149999999999,62.985,0.03300311206600286,0.5506433785846157,10,14,0,3,0.05,0.0,0.0,0.5,0.7,0.0,0.15,credit_card,FR,EUR
PM_011950,5,0,0,0,0,285.5,57.1,42.72,0.03299004877458438,0.1149219682548608,3,5,0,0,0.0,0.0,0.0,0.6,1.0,0.0,0.0,debit_card,GB,EUR
PM_008903,4,0,0,0,0,325.26,81.315,90.31,0.0329588896426301,0.1182054192190367,3,4,0,0,0.0,0.0,0.0,0.75,1.0,0.0,0.0,credit_card,ES,EUR
PM_005087,30,0,0,0,1,2995.31,99.84366666666666,70.03,0.032935611375201165,0.7094826567316007,8,17,5,7,0.0,0.0,0.0,0.26666666666666666,0.5666666666666667,0.16666666666666666,0.23333333333333334,credit_card,ES,EUR
PM_008037,11,0,0,0,0,1149.22,104.47454545454546,42.42,0.03292145935682517,0.3169444703375564,4,11,1,1,0.0,0.0,0.0,0.36363636363636365,1.0,0.09090909090909091,0.09090909090909091,credit_card,GB,EUR
PM_002540,10,0,0,0,0,708.47,70.84700000000001,71.5,0.03291576438433458,0.1068761688258241,4,10,1,6,0.0,0.0,0.0,0.4,1.0,0.1,0.6,debit_card,GB,EUR
PM_007556,9,1,0,0,0,1084.79,120.53222222222222,48.47,0.03286407757123232,0.1352867856389855,7,8,0,4,0.1111111111111111,0.0,0.0,0.7777777777777778,0.8888888888888888,0.0,0.4444444444444444,credit_card,ES,EUR
PM_007882,7,0,0,0,0,954.98,136.4257142857143,76.4,0.032853993077229485,0.1857234503510093,4,7,2,1,0.0,0.0,0.0,0.5714285714285714,1.0,0.2857142857142857,0.14285714285714285,credit_card,US,EUR
PM_001420,10,0,0,0,0,1573.73,157.373,98.6,0.03270615369851042,0.2041454358928081,6,10,0,0,0.0,0.0,0.0,0.6,1.0,0.0,0.0,credit_card,DE,EUR
PM_006438,6,0,0,0,0,153.20000000000002,25.533333333333335,22.265,0.032671576866430886,0.1899075458299179,3,6,0,1,0.0,0.0,0.0,0.5,1.0,0.0,0.16666666666666666,wallet,US,EUR
PM_006546,9,0,0,0,0,701.03,77.89222222222222,64.29,0.032659356502641665,0.1499435405131252,5,7,1,0,0.0,0.0,0.0,0.5555555555555556,0.7777777777777778,0.1111111111111111,0.0,wallet,ES,EUR
PM_000028,7,0,0,0,0,447.47,63.924285714285716,54.81,0.03265554812933592,0.1355544023917405,4,7,2,3,0.0,0.0,0.0,0.5714285714285714,1.0,0.2857142857142857,0.42857142857142855,credit_card,US,EUR
PM_008288,9,0,0,0,0,402.53,44.72555555555555,40.36,0.03261369793604796,0.164052003702855,3,9,1,0,0.0,0.0,0.0,0.3333333333333333,1.0,0.1111111111111111,0.0,wallet,PT,EUR
PM_009566,8,0,0,0,0,1078.18,134.7725,93.86000000000001,0.03254962031578545,0.0829514500225636,3,7,2,5,0.0,0.0,0.0,0.375,0.875,0.25,0.625,credit_card,FR,EUR
PM_009851,5,0,0,0,0,911.65,182.32999999999998,99.15,0.03251522370867764,0.1478237674676305,4,5,0,2,0.0,0.0,0.0,0.8,1.0,0.0,0.4,bank_transfer,ES,EUR
PM_011323,11,0,0,0,0,1329.4099999999999,120.85545454545453,101.77,0.032484232038948846,0.2768439110429943,5,11,1,0,0.0,0.0,0.0,0.45454545454545453,1.0,0.09090909090909091,0.0,wallet,US,EUR
PM_002166,9,0,0,0,0,367.52,40.83555555555555,40.44,0.03248334985269401,0.2842757268042262,4,7,1,0,0.0,0.0,0.0,0.4444444444444444,0.7777777777777778,0.1111111111111111,0.0,credit_card,PT,EUR
PM_006974,6,0,0,0,0,950.0699999999999,158.345,185.41,0.03247474724734454,0.0926001505133059,1,1,0,6,0.0,0.0,0.0,0.16666666666666666,0.16666666666666666,0.0,1.0,debit_card,ES,EUR
PM_007901,9,0,0,0,0,2726.66,302.9622222222222,217.23,0.032461728228517374,0.2550220469160535,3,9,1,2,0.0,0.0,0.0,0.3333333333333333,1.0,0.1111111111111111,0.2222222222222222,bank_transfer,PT,EUR
PM_003432,9,0,0,0,0,498.59,55.398888888888884,29.03,0.03244649107433232,0.2088753609316229,5,9,2,0,0.0,0.0,0.0,0.5555555555555556,1.0,0.2222222222222222,0.0,credit_card,ES,EUR
PM_006308,6,0,0,0,0,696.43,116.07166666666666,95.72,0.03242397239482202,0.0854083980016821,6,6,0,0,0.0,0.0,0.0,1.0,1.0,0.0,0.0,credit_card,PT,EUR
PM_010627,3,0,0,0,0,439.02,146.34,148.75,0.03240355365003116,0.0864361017132272,0,3,1,0,0.0,0.0,0.0,0.0,1.0,0.3333333333333333,0.0,credit_card,PT,EUR
PM_003414,8,0,0,0,0,295.03,36.87875,33.269999999999996,0.03239515094284764,0.2399314895935069,3,4,0,1,0.0,0.0,0.0,0.375,0.5,0.0,0.125,debit_card,ES,EUR
PM_009241,13,0,0,0,0,1600.06,123.08153846153846,43.69,0.03238916021444376,0.3716598740207874,6,13,2,1,0.0,0.0,0.0,0.46153846153846156,1.0,0.15384615384615385,0.07692307692307693,wallet,PT,EUR
PM_007856,3,0,0,0,0,263.46999999999997,87.82333333333332,52.74,0.03235611726543573,0.0680655400871741,2,3,0,0,0.0,0.0,0.0,0.6666666666666666,1.0,0.0,0.0,credit_card,ES,EUR
PM_007295,4,0,0,0,0,342.46,85.615,35.855,0.0323148606612897,0.0845779058934302,1,4,0,0,0.0,0.0,0.0,0.25,1.0,0.0,0.0,credit_card,IT,EUR
PM_005281,4,0,0,0,0,855.91,213.9775,215.855,0.03231455255854008,0.1247879934850076,2,4,2,2,0.0,0.0,0.0,0.5,1.0,0.5,0.5,credit_card,PT,EUR
PM_008932,4,0,0,0,0,441.46,110.365,122.945,0.0322553153091038,0.0653750245104125,3,4,1,0,0.0,0.0,0.0,0.75,1.0,0.25,0.0,credit_card,GB,EUR
PM_002361,13,0,0,0,0,686.3100000000001,52.793076923076924,30.94,0.03219431830429294,0.2665107590667406,6,13,2,0,0.0,0.0,0.0,0.46153846153846156,1.0,0.15384615384615385,0.0,debit_card,US,EUR
PM_003606,6,0,0,0,0,316.56,52.76,48.82,0.03216923520572102,0.1029532675492626,4,6,1,6,0.0,0.0,0.0,0.6666666666666666,1.0,0.16666666666666666,1.0,wallet,DE,EUR
PM_009085,12,0,0,0,0,849.13,70.76083333333334,61.785,0.03212096002529687,0.1371071145697331,3,12,1,6,0.0,0.0,0.0,0.25,1.0,0.08333333333333333,0.5,wallet,FR,EUR
PM_008777,5,0,0,0,0,435.71000000000004,87.14200000000001,86.12,0.0321007805092186,0.1204733549409536,5,5,0,0,0.0,0.0,0.0,1.0,1.0,0.0,0.0,credit_card,US,EUR
PM_002908,9,0,0,0,0,759.24,84.36,62.48,0.032044809599489764,0.2837201798072841,7,9,2,0,0.0,0.0,0.0,0.7777777777777778,1.0,0.2222222222222222,0.0,debit_card,US,EUR
PM_001894,17,0,0,0,0,3422.83,201.3429411764706,110.91,0.03202456445798492,0.314014723895544,12,17,2,0,0.0,0.0,0.0,0.7058823529411765,1.0,0.11764705882352941,0.0,wallet,DE,EUR
PM_001597,12,0,0,0,0,1494.26,124.52166666666666,87.93,0.03200145319192849,0.2642023546413662,3,12,1,0,0.0,0.0,0.0,0.25,1.0,0.08333333333333333,0.0,debit_card,GB,EUR
PM_011081,13,0,0,0,0,2667.93,205.2253846153846,145.5,0.03194558017205001,0.223022165680006,6,12,1,0,0.0,0.0,0.0,0.46153846153846156,0.9230769230769231,0.07692307692307693,0.0,bank_transfer,DE,EUR
PM_003485,3,0,0,0,0,189.26,63.086666666666666,62.26,0.031919063393213966,0.0910767657145416,1,3,1,0,0.0,0.0,0.0,0.3333333333333333,1.0,0.3333333333333333,0.0,debit_card,US,EUR
PM_003179,3,0,0,0,0,381.35,127.11666666666667,102.2,0.031909021103455226,0.0955011958903293,1,3,1,0,0.0,0.0,0.0,0.3333333333333333,1.0,0.3333333333333333,0.0,bank_transfer,DE,EUR
PM_009242,5,1,0,0,0,426.82,85.364,76.53,0.03188493743582576,0.1493690433740755,1,5,1,0,0.2,0.0,0.0,0.2,1.0,0.2,0.0,debit_card,FR,EUR
PM_004471,8,0,0,0,0,855.6,106.95,96.195,0.03187849620976129,0.2194618588603529,6,8,1,0,0.0,0.0,0.0,0.75,1.0,0.125,0.0,wallet,US,EUR
PM_000291,27,1,0,0,0,4692.610000000001,173.8003703703704,123.73,0.031855180890514895,0.5376722102970672,10,15,3,0,0.037037037037037035,0.0,0.0,0.37037037037037035,0.5555555555555556,0.1111111111111111,0.0,credit_card,ES,EUR
PM_003827,4,0,0,0,0,214.23000000000002,53.557500000000005,51.205,0.031814369347252326,0.1238927086271168,1,4,0,0,0.0,0.0,0.0,0.25,1.0,0.0,0.0,credit_card,GB,EUR
PM_006077,3,0,0,0,0,303.74,101.24666666666667,80.71,0.0318075522387124,0.0667574823041165,2,3,1,0,0.0,0.0,0.0,0.6666666666666666,1.0,0.3333333333333333,0.0,credit_card,ES,EUR
PM_002366,3,0,0,0,0,473.55,157.85,100.73,0.03179782318127577,0.0499739799311383,1,3,2,0,0.0,0.0,0.0,0.3333333333333333,1.0,0.6666666666666666,0.0,credit_card,FR,EUR
PM_009550,7,0,0,0,0,1072.64,153.23428571428573,151.38,0.03174790055640562,0.1061432322539473,4,7,1,0,0.0,0.0,0.0,0.5714285714285714,1.0,0.14285714285714285,0.0,credit_card,GB,EUR
PM_005880,4,0,0,0,0,617.42,154.355,106.57499999999999,0.0317276670977705,0.1103594727281687,2,4,1,2,0.0,0.0,0.0,0.5,1.0,0.25,0.5,wallet,ES,EUR
PM_001637,11,0,0,0,0,740.12,67.28363636363636,57.9,0.03167758528964314,0.1523836956860692,6,11,1,11,0.0,0.0,0.0,0.5454545454545454,1.0,0.09090909090909091,1.0,credit_card,US,EUR
PM_006708,6,0,0,0,0,1290.99,215.165,177.215,0.03167721865750965,0.1675839196376342,4,6,2,0,0.0,0.0,0.0,0.6666666666666666,1.0,0.3333333333333333,0.0,credit_card,ES,EUR
PM_004535,5,0,0,0,0,162.13,32.426,23.97,0.03162636471820634,0.1512769132020298,4,5,2,0,0.0,0.0,0.0,0.8,1.0,0.4,0.0,bank_transfer,FR,EUR
PM_006855,3,0,0,0,0,579.87,193.29,111.82,0.031582516465881165,0.0522666254034657,3,3,0,0,0.0,0.0,0.0,1.0,1.0,0.0,0.0,credit_card,ES,EUR
PM_007248,19,0,0,0,0,1390.31,73.17421052631579,58.85,0.031570732721841785,0.193486879683824,9,15,5,0,0.0,0.0,0.0,0.47368421052631576,0.7894736842105263,0.2631578947368421,0.0,credit_card,IT,EUR
PM_005470,3,0,0,0,0,427.78999999999996,142.59666666666666,157.46,0.0315062825158016,0.0902803944411675,2,3,0,0,0.0,0.0,0.0,0.6666666666666666,1.0,0.0,0.0,credit_card,DE,EUR
PM_009587,10,0,0,0,0,1196.93,119.69300000000001,83.95,0.031490061559928464,0.2133247252413278,3,10,1,0,0.0,0.0,0.0,0.3,1.0,0.1,0.0,bank_transfer,GB,EUR
PM_005619,3,0,0,0,0,277.97,92.65666666666668,81.31,0.031488992227983535,0.0905128660013681,1,2,1,1,0.0,0.0,0.0,0.3333333333333333,0.6666666666666666,0.3333333333333333,0.3333333333333333,credit_card,ES,EUR
PM_001348,9,0,0,0,0,1786.67,198.5188888888889,149.45,0.0314813847272975,0.2002369823187138,6,9,2,0,0.0,0.0,0.0,0.6666666666666666,1.0,0.2222222222222222,0.0,credit_card,DE,EUR
PM_003678,4,0,0,0,0,697.23,174.3075,106.23,0.0314777078381768,0.1196775847078773,2,4,0,3,0.0,0.0,0.0,0.5,1.0,0.0,0.75,credit_card,ES,EUR
PM_007046,4,0,0,0,0,349.53999999999996,87.38499999999999,75.045,0.031458612510802425,0.1244947424391712,2,4,0,0,0.0,0.0,0.0,0.5,1.0,0.0,0.0,credit_card,ES,EUR
PM_011360,18,0,0,0,0,2276.14,126.45222222222222,71.945,0.03138175547427588,0.4577422339078994,9,18,4,12,0.0,0.0,0.0,0.5,1.0,0.2222222222222222,0.6666666666666666,credit_card,ES,EUR
PM_011710,7,0,0,0,0,572.26,81.75142857142858,67.81,0.03137920026623697,0.1194364432622964,3,4,0,1,0.0,0.0,0.0,0.42857142857142855,0.5714285714285714,0.0,0.14285714285714285,credit_card,FR,EUR
PM_010652,5,0,0,0,0,499.99,99.998,131.27,0.03137119920511428,0.1430848618112403,2,5,1,1,0.0,0.0,0.0,0.4,1.0,0.2,0.2,debit_card,PT,EUR
PM_003758,6,0,0,0,0,1036.93,172.8216666666667,142.48000000000002,0.03134762629520973,0.0892639454043576,3,5,2,0,0.0,0.0,0.0,0.5,0.8333333333333334,0.3333333333333333,0.0,credit_card,ES,EUR
PM_003669,10,0,0,0,0,514.51,51.451,47.400000000000006,0.031343944031709856,0.2111255780503297,5,10,0,2,0.0,0.0,0.0,0.5,1.0,0.0,0.2,debit_card,ES,EUR
PM_008868,8,0,0,0,0,507.33,63.41625,64.26,0.03126105448538491,0.0789084808934873,4,6,1,4,0.0,0.0,0.0,0.5,0.75,0.125,0.5,debit_card,FR,EUR
PM_009758,9,0,0,0,0,210.61,23.401111111111113,24.59,0.031256914501220374,0.1233020553056774,5,9,2,9,0.0,0.0,0.0,0.5555555555555556,1.0,0.2222222222222222,1.0,debit_card,GB,EUR
PM_009791,5,0,0,0,0,112.99000000000001,22.598000000000003,19.79,0.03125566689903132,0.1147459182423141,3,5,2,0,0.0,0.0,0.0,0.6,1.0,0.4,0.0,credit_card,GB,EUR
PM_000988,17,0,0,0,0,1779.2,104.65882352941176,58.0,0.03125475826646679,0.4109626372686591,7,17,4,2,0.0,0.0,0.0,0.4117647058823529,1.0,0.23529411764705882,0.11764705882352941,credit_card,PT,EUR
PM_009439,15,0,0,0,0,774.63,51.642,26.09,0.031233195296905488,0.2515668145877836,13,15,4,0,0.0,0.0,0.0,0.8666666666666667,1.0,0.26666666666666666,0.0,wallet,PT,EUR
PM_003756,5,1,0,0,0,407.32,81.464,90.55,0.03122706611143028,0.0568268258852943,3,5,1,0,0.2,0.0,0.0,0.6,1.0,0.2,0.0,credit_card,US,EUR
PM_003552,11,0,0,0,0,951.89,86.53545454545454,55.19,0.031223156923352632,0.3007404161938476,5,11,1,2,0.0,0.0,0.0,0.45454545454545453,1.0,0.09090909090909091,0.18181818181818182,bank_transfer,FR,EUR
PM_004581,11,0,0,0,0,1976.12,179.6472727272727,123.27,0.031214663106649974,0.2102869534010984,7,11,3,7,0.0,0.0,0.0,0.6363636363636364,1.0,0.2727272727272727,0.6363636363636364,credit_card,PT,EUR
PM_003904,7,0,0,0,0,902.78,128.96857142857144,108.79,0.031195589764462912,0.1784007676614598,3,3,0,0,0.0,0.0,0.0,0.42857142857142855,0.42857142857142855,0.0,0.0,credit_card,ES,EUR
PM_002537,4,0,0,0,0,257.86,64.465,64.76,0.03119177110362715,0.1173702512576897,0,4,0,4,0.0,0.0,0.0,0.0,1.0,0.0,1.0,credit_card,DE,EUR
PM_000881,11,0,0,0,0,1012.67,92.06090909090909,103.46,0.031173434632381328,0.1431738793914747,6,11,0,3,0.0,0.0,0.0,0.5454545454545454,1.0,0.0,0.2727272727272727,credit_card,DE,EUR
PM_007860,7,0,0,0,0,1083.54,154.79142857142855,116.04,0.03116346930533283,0.0966867839262045,1,6,0,0,0.0,0.0,0.0,0.14285714285714285,0.8571428571428571,0.0,0.0,debit_card,FR,EUR
PM_003219,4,0,0,0,0,382.76,95.69,59.97,0.031138813088431975,0.1039348779909879,2,3,1,1,0.0,0.0,0.0,0.5,0.75,0.25,0.25,wallet,FR,EUR
PM_011584,5,0,0,0,0,165.27,33.054,19.17,0.031080720742241347,0.1475714695686395,1,3,2,0,0.0,0.0,0.0,0.2,0.6,0.4,0.0,credit_card,ES,EUR
PM_010990,8,0,0,0,0,1009.61,126.20125,90.285,0.031043087679004773,0.1884082977906745,1,4,1,3,0.0,0.0,0.0,0.125,0.5,0.125,0.375,credit_card,ES,EUR
PM_008601,3,0,0,0,0,417.93,139.31,120.99,0.031022794095560333,0.0780076055684771,3,3,0,0,0.0,0.0,0.0,1.0,1.0,0.0,0.0,credit_card,ES,EUR
PM_001362,8,0,0,0,0,862.1,107.7625,92.85499999999999,0.031013416761272488,0.1262169838563499,4,8,0,0,0.0,0.0,0.0,0.5,1.0,0.0,0.0,credit_card,GB,EUR
PM_010298,4,0,0,0,0,349.93,87.4825,80.285,0.030950391954997648,0.1033775391451801,4,4,1,2,0.0,0.0,0.0,1.0,1.0,0.25,0.5,credit_card,US,EUR
PM_002155,4,0,0,0,0,660.78,165.195,65.155,0.03094426669899805,0.1082746957791791,3,4,0,1,0.0,0.0,0.0,0.75,1.0,0.0,0.25,credit_card,PT,EUR
PM_007505,3,0,0,0,0,120.74,40.24666666666666,43.01,0.03094271195194773,0.0641013281132605,1,3,0,0,0.0,0.0,0.0,0.3333333333333333,1.0,0.0,0.0,credit_card,US,EUR
PM_007884,11,0,0,0,0,845.5699999999999,76.86999999999999,50.66,0.030897295700868257,0.3221101189828706,7,11,2,2,0.0,0.0,0.0,0.6363636363636364,1.0,0.18181818181818182,0.18181818181818182,debit_card,US,EUR
PM_002428,5,0,0,0,0,375.71999999999997,75.14399999999999,30.3,0.03085993417382777,0.1191838211122185,3,5,1,5,0.0,0.0,0.0,0.6,1.0,0.2,1.0,debit_card,FR,EUR
PM_010136,3,0,0,0,0,690.24,230.08,191.06,0.030829737099762635,0.0554261504555521,0,3,3,0,0.0,0.0,0.0,0.0,1.0,1.0,0.0,bank_transfer,ES,EUR
PM_010357,4,0,0,0,0,146.63,36.6575,35.129999999999995,0.030827328781862177,0.0903829733192462,2,4,1,0,0.0,0.0,0.0,0.5,1.0,0.25,0.0,credit_card,ES,EUR
PM_008511,7,0,0,0,0,459.17,65.5957142857143,25.21,0.03082339388013469,0.1012097375491566,0,2,1,4,0.0,0.0,0.0,0.0,0.2857142857142857,0.14285714285714285,0.5714285714285714,debit_card,ES,EUR
PM_001943,5,0,0,0,0,399.36,79.872,45.07,0.030785529660706624,0.094565704674704,1,5,1,2,0.0,0.0,0.0,0.2,1.0,0.2,0.4,credit_card,US,EUR
PM_011020,10,0,0,0,0,1490.49,149.049,78.115,0.03078421485857022,0.10406269578227,7,10,1,8,0.0,0.0,0.0,0.7,1.0,0.1,0.8,bank_transfer,US,EUR
PM_003505,5,0,0,0,0,752.32,150.464,149.47,0.030703109710656963,0.0848386087553291,2,5,1,1,0.0,0.0,0.0,0.4,1.0,0.2,0.2,wallet,ES,EUR
PM_004265,12,0,0,0,0,1230.3600000000001,102.53000000000002,83.095,0.03070004509111728,0.2131609908844344,4,12,3,1,0.0,0.0,0.0,0.3333333333333333,1.0,0.25,0.08333333333333333,debit_card,FR,EUR
PM_004424,3,0,0,0,0,385.98,128.66,64.81,0.0306931467074589,0.0909378579537283,1,2,0,0,0.0,0.0,0.0,0.3333333333333333,0.6666666666666666,0.0,0.0,debit_card,PT,EUR
PM_002244,8,0,0,0,0,1384.38,173.0475,101.16,0.03067557375327311,0.1818318856686749,5,8,1,1,0.0,0.0,0.0,0.625,1.0,0.125,0.125,debit_card,ES,EUR
PM_006984,4,0,0,0,0,567.5500000000001,141.88750000000002,143.495,0.0306316748374881,0.066512330617658,4,4,0,0,0.0,0.0,0.0,1.0,1.0,0.0,0.0,credit_card,ES,EUR
PM_010112,4,0,0,0,0,236.36999999999998,59.092499999999994,48.005,0.030623071180934276,0.1213420921197976,3,3,0,2,0.0,0.0,0.0,0.75,0.75,0.0,0.5,debit_card,ES,EUR
PM_007937,7,0,0,0,0,1045.23,149.31857142857143,91.98,0.0306205856286676,0.1288728482320462,3,7,1,0,0.0,0.0,0.0,0.42857142857142855,1.0,0.14285714285714285,0.0,credit_card,ES,EUR
PM_003203,17,0,0,0,0,1428.18,84.01058823529412,78.94,0.030613500098407548,0.3753841172084217,8,8,1,0,0.0,0.0,0.0,0.47058823529411764,0.47058823529411764,0.058823529411764705,0.0,credit_card,ES,EUR
PM_000434,7,0,0,0,0,422.6,60.371428571428574,42.37,0.030608545341745258,0.1119882165578972,3,7,1,0,0.0,0.0,0.0,0.42857142857142855,1.0,0.14285714285714285,0.0,credit_card,IT,EUR
PM_002599,5,0,0,0,0,601.47,120.29400000000001,154.97,0.030492357642531043,0.0823355114692622,1,5,0,1,0.0,0.0,0.0,0.2,1.0,0.0,0.2,credit_card,FR,EUR
PM_008165,12,0,0,0,0,645.1800000000001,53.76500000000001,35.86,0.03047376650361085,0.0913080746159561,8,11,3,5,0.0,0.0,0.0,0.6666666666666666,0.9166666666666666,0.25,0.4166666666666667,credit_card,ES,EUR
PM_008280,11,0,0,0,0,2087.02,189.7290909090909,140.1,0.03034969117344464,0.1543617354222343,5,11,0,2,0.0,0.0,0.0,0.45454545454545453,1.0,0.0,0.18181818181818182,credit_card,US,EUR
PM_000687,5,0,0,0,0,235.52,47.104,22.64,0.03030548230595136,0.115258506322687,3,5,1,0,0.0,0.0,0.0,0.6,1.0,0.2,0.0,credit_card,ES,EUR
PM_010835,4,0,0,0,0,360.89,90.2225,90.45,0.030302676390498877,0.0980860357789132,2,4,0,1,0.0,0.0,0.0,0.5,1.0,0.0,0.25,credit_card,FR,EUR
PM_003638,6,0,0,0,0,700.9699999999999,116.82833333333332,65.935,0.030263992956094467,0.1737085498125087,4,6,0,2,0.0,0.0,0.0,0.6666666666666666,1.0,0.0,0.3333333333333333,credit_card,US,EUR
PM_011407,7,0,0,0,0,706.46,100.92285714285715,65.45,0.03024918291733897,0.1223896849727496,1,2,1,0,0.0,0.0,0.0,0.14285714285714285,0.2857142857142857,0.14285714285714285,0.0,wallet,ES,EUR
PM_006024,6,0,0,0,0,1013.52,168.92,151.405,0.030198436670647987,0.1729274649253976,4,5,2,0,0.0,0.0,0.0,0.6666666666666666,0.8333333333333334,0.3333333333333333,0.0,debit_card,ES,EUR
PM_005527,12,0,0,0,0,948.83,79.06916666666667,34.254999999999995,0.030138895678613924,0.1637605972308785,9,12,2,2,0.0,0.0,0.0,0.75,1.0,0.16666666666666666,0.16666666666666666,credit_card,DE,EUR
PM_004276,25,0,0,0,0,3304.43,132.1772,64.44,0.030110899543309384,0.2693736729052265,11,15,2,2,0.0,0.0,0.0,0.44,0.6,0.08,0.08,debit_card,ES,EUR
PM_007026,5,0,0,0,0,474.41999999999996,94.88399999999999,99.84,0.030073576857209138,0.0882134456628634,3,5,0,2,0.0,0.0,0.0,0.6,1.0,0.0,0.4,bank_transfer,DE,EUR
PM_004969,9,0,0,0,0,1098.6100000000001,122.06777777777779,89.21,0.030067780874731005,0.2293271025117305,2,4,1,0,0.0,0.0,0.0,0.2222222222222222,0.4444444444444444,0.1111111111111111,0.0,credit_card,ES,EUR
PM_000020,12,0,0,0,0,539.73,44.9775,23.0,0.0300275728743227,0.2148287436235372,3,12,1,0,0.0,0.0,0.0,0.25,1.0,0.08333333333333333,0.0,credit_card,US,EUR
PM_006749,3,0,0,0,0,375.23,125.07666666666667,114.67,0.03001706425921333,0.0879214264368926,3,3,1,0,0.0,0.0,0.0,1.0,1.0,0.3333333333333333,0.0,debit_card,US,EUR
PM_002784,10,0,0,0,0,1271.52,127.152,67.75999999999999,0.02998374559497937,0.1202636937366089,4,5,0,2,0.0,0.0,0.0,0.4,0.5,0.0,0.2,credit_card,ES,EUR
PM_004986,5,0,0,0,0,267.36,53.472,39.96,0.02991967418053802,0.1489083172807373,3,5,0,5,0.0,0.0,0.0,0.6,1.0,0.0,1.0,wallet,GB,EUR
PM_008218,8,0,0,0,0,751.24,93.905,71.12,0.02981807155217995,0.114749794215172,6,8,0,0,0.0,0.0,0.0,0.75,1.0,0.0,0.0,credit_card,ES,EUR
PM_005996,7,0,0,0,0,535.28,76.46857142857142,48.85,0.02981562496899769,0.1075619162231733,1,4,0,3,0.0,0.0,0.0,0.14285714285714285,0.5714285714285714,0.0,0.42857142857142855,wallet,ES,EUR
PM_005698,15,0,0,0,0,1345.47,89.69800000000001,78.59,0.029733696461269974,0.1460977132464757,6,15,2,3,0.0,0.0,0.0,0.4,1.0,0.13333333333333333,0.2,debit_card,GB,EUR
PM_010850,6,0,0,0,0,1268.27,211.37833333333333,175.75,0.029727784134909088,0.0936161555024495,4,4,1,4,0.0,0.0,0.0,0.6666666666666666,0.6666666666666666,0.16666666666666666,0.6666666666666666,credit_card,PT,EUR
PM_011973,11,0,0,0,0,1582.41,143.85545454545456,64.13,0.029701248001386956,0.302449236433696,9,9,2,11,0.0,0.0,0.0,0.8181818181818182,0.8181818181818182,0.18181818181818182,1.0,debit_card,FR,EUR
PM_007509,10,0,0,0,0,888.03,88.803,87.57,0.02968267061241614,0.2778671047837088,4,10,0,1,0.0,0.0,0.0,0.4,1.0,0.0,0.1,debit_card,FR,EUR
PM_004398,6,0,0,0,0,565.5300000000001,94.25500000000001,52.14,0.02967211286974669,0.101870906250157,3,6,1,0,0.0,0.0,0.0,0.5,1.0,0.16666666666666666,0.0,credit_card,DE,EUR
PM_009893,3,0,0,0,0,781.24,260.41333333333336,264.97,0.029638160560385266,0.087357725403105,0,3,0,0,0.0,0.0,0.0,0.0,1.0,0.0,0.0,credit_card,FR,EUR
PM_010801,7,0,0,0,0,1823.74,260.5342857142857,72.7,0.0296165392177139,0.1518261692037507,5,7,1,0,0.0,0.0,0.0,0.7142857142857143,1.0,0.14285714285714285,0.0,debit_card,PT,EUR
PM_009079,6,0,0,0,0,280.4,46.73333333333333,48.59,0.029605662421728282,0.1596546742358471,2,5,3,1,0.0,0.0,0.0,0.3333333333333333,0.8333333333333334,0.5,0.16666666666666666,wallet,ES,EUR
PM_006738,3,0,0,0,0,373.19,124.39666666666666,92.93,0.029586610672801203,0.086766016498952,1,3,1,0,0.0,0.0,0.0,0.3333333333333333,1.0,0.3333333333333333,0.0,wallet,PT,EUR
PM_009044,5,0,0,0,0,270.79,54.158,40.9,0.029547214542027123,0.139138469389099,2,5,0,1,0.0,0.0,0.0,0.4,1.0,0.0,0.2,debit_card,GB,EUR
PM_003168,5,0,0,0,0,272.81,54.562,37.73,0.029531762898929857,0.1361531512746036,2,5,1,0,0.0,0.0,0.0,0.4,1.0,0.2,0.0,credit_card,US,EUR
PM_000407,4,0,0,0,0,1112.2,278.05,311.89,0.029496417088119176,0.1082712912637801,2,4,0,0,0.0,0.0,0.0,0.5,1.0,0.0,0.0,debit_card,US,EUR
PM_006685,7,0,0,0,0,547.26,78.17999999999999,81.83,0.02948539864388824,0.1994099512063193,3,7,1,2,0.0,0.0,0.0,0.42857142857142855,1.0,0.14285714285714285,0.2857142857142857,credit_card,FR,EUR
PM_008897,4,0,0,0,0,1798.7199999999998,449.67999999999995,504.025,0.029479971092369026,0.1066849949049372,0,4,0,0,0.0,0.0,0.0,0.0,1.0,0.0,0.0,credit_card,FR,EUR
PM_006494,11,0,0,0,0,801.74,72.88545454545455,44.8,0.029469830709530645,0.1878339633557319,6,11,0,8,0.0,0.0,0.0,0.5454545454545454,1.0,0.0,0.7272727272727273,wallet,US,EUR
PM_006643,6,0,0,0,0,587.3899999999999,97.89833333333331,54.285,0.029462906238781183,0.1249867179445751,4,5,2,3,0.0,0.0,0.0,0.6666666666666666,0.8333333333333334,0.3333333333333333,0.5,wallet,ES,EUR
PM_008290,12,1,0,0,0,1432.02,119.335,92.03999999999999,0.029450064757675382,0.1783301568832495,6,12,2,3,0.08333333333333333,0.0,0.0,0.5,1.0,0.16666666666666666,0.25,wallet,DE,EUR
PM_002294,6,0,0,0,0,2907.98,484.66333333333336,272.86,0.02944747129660398,0.1566184540337341,5,6,1,2,0.0,0.0,0.0,0.8333333333333334,1.0,0.16666666666666666,0.3333333333333333,credit_card,DE,EUR
PM_000527,5,0,0,0,0,348.12,69.624,44.45,0.029305271150647523,0.1409752052577273,4,5,0,1,0.0,0.0,0.0,0.8,1.0,0.0,0.2,credit_card,FR,EUR
PM_001815,7,0,0,0,0,464.87,66.41,59.56,0.029276577017775758,0.1621614835983863,6,7,0,1,0.0,0.0,0.0,0.8571428571428571,1.0,0.0,0.14285714285714285,credit_card,ES,EUR
PM_007701,4,0,0,0,0,190.8,47.7,22.975,0.02927249161913335,0.0717682502727708,2,4,0,3,0.0,0.0,0.0,0.5,1.0,0.0,0.75,credit_card,DE,EUR
PM_000172,10,0,0,0,0,919.66,91.966,74.82000000000001,0.029270980062799164,0.2032116209433089,3,8,0,3,0.0,0.0,0.0,0.3,0.8,0.0,0.3,debit_card,ES,EUR
PM_010359,29,0,0,0,0,3509.46,121.01586206896552,68.97,0.029232073545614072,0.6075851962888346,7,29,5,2,0.0,0.0,0.0,0.2413793103448276,1.0,0.1724137931034483,0.06896551724137931,debit_card,GB,EUR
PM_005114,3,0,0,0,0,60.769999999999996,20.256666666666664,19.14,0.029232003544133935,0.0849696080175229,2,3,1,1,0.0,0.0,0.0,0.6666666666666666,1.0,0.3333333333333333,0.3333333333333333,wallet,IT,EUR
PM_003048,9,0,0,0,0,373.38,41.486666666666665,28.41,0.029157183553707167,0.1227256403998636,5,9,2,3,0.0,0.0,0.0,0.5555555555555556,1.0,0.2222222222222222,0.3333333333333333,credit_card,ES,EUR
PM_005195,5,0,0,0,0,427.55,85.51,26.97,0.029148058306948582,0.1430832041366676,1,5,0,0,0.0,0.0,0.0,0.2,1.0,0.0,0.0,debit_card,DE,EUR
PM_010092,3,0,0,0,0,310.45,103.48333333333333,61.93,0.028879839390729866,0.0714161319080401,3,3,0,0,0.0,0.0,0.0,1.0,1.0,0.0,0.0,wallet,IT,EUR
PM_008251,7,0,0,0,0,326.8,46.68571428571429,41.57,0.028874774737373286,0.190492948462773,3,5,2,0,0.0,0.0,0.0,0.42857142857142855,0.7142857142857143,0.2857142857142857,0.0,wallet,ES,EUR
PM_003962,12,0,0,0,0,1618.51,134.87583333333333,104.555,0.028839171901383107,0.1335174924049016,5,10,2,1,0.0,0.0,0.0,0.4166666666666667,0.8333333333333334,0.16666666666666666,0.08333333333333333,wallet,DE,EUR
PM_001320,7,0,0,0,0,895.09,127.87,71.03,0.02883121335846283,0.1297148559923077,4,7,0,0,0.0,0.0,0.0,0.5714285714285714,1.0,0.0,0.0,wallet,ES,EUR
PM_000984,3,0,0,0,0,347.96,115.98666666666666,101.63,0.0287803621670376,0.047926875534538,1,3,1,0,0.0,0.0,0.0,0.3333333333333333,1.0,0.3333333333333333,0.0,wallet,ES,EUR
PM_006439,18,0,0,0,0,1163.12,64.61777777777777,51.78,0.02877711912776035,0.4163826206093823,12,18,1,12,0.0,0.0,0.0,0.6666666666666666,1.0,0.05555555555555555,0.6666666666666666,credit_card,ES,EUR
PM_005055,13,0,0,0,0,1745.3700000000001,134.25923076923078,82.56,0.02875577474890373,0.1738156677818569,5,9,2,5,0.0,0.0,0.0,0.38461538461538464,0.6923076923076923,0.15384615384615385,0.38461538461538464,credit_card,DE,EUR
PM_002289,9,0,0,0,0,1434.87,159.42999999999998,137.26,0.028737317817222854,0.2108695879284526,6,9,2,0,0.0,0.0,0.0,0.6666666666666666,1.0,0.2222222222222222,0.0,credit_card,ES,EUR
PM_000244,3,0,0,0,0,271.08,90.36,104.61,0.028729688176903603,0.0767325103236243,0,0,0,1,0.0,0.0,0.0,0.0,0.0,0.0,0.3333333333333333,wallet,ES,EUR
PM_005956,6,0,0,0,0,475.06,79.17666666666666,33.86,0.02867083245990708,0.1577275081254922,3,6,0,0,0.0,0.0,0.0,0.5,1.0,0.0,0.0,wallet,FR,EUR
PM_005410,4,0,0,0,0,300.62,75.155,72.595,0.02866600619670505,0.1002405394072909,3,4,0,0,0.0,0.0,0.0,0.75,1.0,0.0,0.0,credit_card,ES,EUR
PM_003716,9,0,0,0,0,524.22,58.24666666666667,33.45,0.028654193587818812,0.2440399891893807,3,9,2,0,0.0,0.0,0.0,0.3333333333333333,1.0,0.2222222222222222,0.0,wallet,US,EUR
PM_008876,6,0,0,0,0,1082.74,180.45666666666668,90.545,0.028638999105395066,0.0724316456211257,4,5,2,2,0.0,0.0,0.0,0.6666666666666666,0.8333333333333334,0.3333333333333333,0.3333333333333333,debit_card,ES,EUR
PM_002786,3,0,0,0,0,621.89,207.29666666666665,214.35,0.028624569749303233,0.0849198384792473,1,3,0,3,0.0,0.0,0.0,0.3333333333333333,1.0,0.0,1.0,bank_transfer,ES,EUR
PM_007542,11,0,0,0,0,1348.04,122.5490909090909,87.81,0.028594015823143616,0.1213082687088354,7,11,2,1,0.0,0.0,0.0,0.6363636363636364,1.0,0.18181818181818182,0.09090909090909091,bank_transfer,DE,EUR
PM_004270,9,0,0,0,0,293.62,32.62444444444444,25.28,0.028587921004541956,0.1533943019555908,9,9,1,0,0.0,0.0,0.0,1.0,1.0,0.1111111111111111,0.0,wallet,US,EUR
PM_006482,11,1,0,0,0,990.9399999999999,90.08545454545454,54.08,0.02857786547137391,0.1584357236223834,6,11,0,7,0.09090909090909091,0.0,0.0,0.5454545454545454,1.0,0.0,0.6363636363636364,debit_card,FR,EUR
PM_000747,7,0,0,0,0,647.92,92.55999999999999,58.7,0.02850771955099307,0.1206877980325386,5,7,1,0,0.0,0.0,0.0,0.7142857142857143,1.0,0.14285714285714285,0.0,debit_card,ES,EUR
PM_008066,3,0,0,0,0,311.46000000000004,103.82000000000001,79.94,0.028505253667502662,0.0831735513074617,0,3,0,3,0.0,0.0,0.0,0.0,1.0,0.0,1.0,debit_card,DE,EUR
PM_005951,16,0,0,0,0,1310.07,81.879375,37.68,0.028417685471963924,0.2114650953341991,8,16,3,4,0.0,0.0,0.0,0.5,1.0,0.1875,0.25,debit_card,PT,EUR
PM_000765,11,0,0,0,0,2755.65,250.51363636363638,64.06,0.0283614699707197,0.2970395329904899,4,5,2,0,0.0,0.0,0.0,0.36363636363636365,0.45454545454545453,0.18181818181818182,0.0,wallet,ES,EUR
PM_008727,14,0,0,0,0,1054.68,75.33428571428571,54.655,0.02834322416586657,0.3608128056117784,5,12,6,9,0.0,0.0,0.0,0.35714285714285715,0.8571428571428571,0.42857142857142855,0.6428571428571429,debit_card,ES,EUR
PM_006272,4,0,0,0,0,729.68,182.42,100.875,0.02831167724129995,0.0751186111151948,1,4,0,1,0.0,0.0,0.0,0.25,1.0,0.0,0.25,credit_card,US,EUR
PM_004601,9,0,0,0,0,1106.1,122.89999999999999,70.61,0.028310482889125146,0.1011843663953721,4,9,0,7,0.0,0.0,0.0,0.4444444444444444,1.0,0.0,0.7777777777777778,wallet,IT,EUR
PM_008193,15,0,0,0,0,1133.08,75.53866666666666,54.23,0.02827036684729926,0.1180106545998971,11,15,3,2,0.0,0.0,0.0,0.7333333333333333,1.0,0.2,0.13333333333333333,wallet,US,EUR
PM_010751,6,0,0,0,0,954.28,159.04666666666665,69.925,0.0282125152722551,0.1005105506062254,4,6,0,1,0.0,0.0,0.0,0.6666666666666666,1.0,0.0,0.16666666666666666,bank_transfer,ES,EUR
PM_002142,6,0,0,0,0,534.29,89.04833333333333,53.129999999999995,0.028196048108809102,0.1251777769382977,2,6,1,0,0.0,0.0,0.0,0.3333333333333333,1.0,0.16666666666666666,0.0,wallet,US,EUR
PM_000274,3,0,0,0,0,203.79000000000002,67.93,60.45,0.028134045436345203,0.0827644365860407,2,3,0,1,0.0,0.0,0.0,0.6666666666666666,1.0,0.0,0.3333333333333333,debit_card,FR,EUR
PM_009647,3,0,0,0,0,206.06,68.68666666666667,64.1,0.028103534422748766,0.0824040435780005,2,3,0,0,0.0,0.0,0.0,0.6666666666666666,1.0,0.0,0.0,credit_card,ES,EUR
PM_001319,7,0,0,0,0,1707.02,243.85999999999999,91.65,0.028089395080713713,0.0671438878473,4,7,0,0,0.0,0.0,0.0,0.5714285714285714,1.0,0.0,0.0,credit_card,IT,EUR
PM_010211,6,0,0,0,0,530.94,88.49000000000001,32.855000000000004,0.02806078218783785,0.1018190967541367,2,6,2,5,0.0,0.0,0.0,0.3333333333333333,1.0,0.3333333333333333,0.8333333333333334,debit_card,PT,EUR
PM_004751,6,0,0,0,0,228.09,38.015,34.894999999999996,0.02805386341890932,0.1366101642485606,2,6,1,4,0.0,0.0,0.0,0.3333333333333333,1.0,0.16666666666666666,0.6666666666666666,debit_card,US,EUR
PM_004084,16,0,0,0,0,1377.15,86.071875,69.35499999999999,0.028044087948873617,0.3001429168993331,8,10,0,4,0.0,0.0,0.0,0.5,0.625,0.0,0.25,wallet,ES,EUR
PM_005293,3,0,0,0,0,297.44,99.14666666666666,91.19,0.0280318128738437,0.0473343135087092,0,3,0,0,0.0,0.0,0.0,0.0,1.0,0.0,0.0,bank_transfer,DE,EUR
PM_011108,6,0,0,0,0,666.59,111.09833333333334,46.655,0.027997790418645047,0.1670497796047905,3,6,0,0,0.0,0.0,0.0,0.5,1.0,0.0,0.0,debit_card,PT,EUR
PM_008490,4,0,0,0,0,126.63999999999999,31.659999999999997,28.325,0.027997228487356,0.110075252163216,2,4,0,0,0.0,0.0,0.0,0.5,1.0,0.0,0.0,debit_card,ES,EUR
PM_000893,6,0,0,0,0,1538.87,256.4783333333333,310.465,0.027989013556948234,0.1446090836804453,2,4,2,0,0.0,0.0,0.0,0.3333333333333333,0.6666666666666666,0.3333333333333333,0.0,credit_card,ES,EUR
PM_004082,7,0,0,0,0,937.8000000000001,133.9714285714286,102.34,0.027874001185301745,0.0642806628145725,3,3,1,5,0.0,0.0,0.0,0.42857142857142855,0.42857142857142855,0.14285714285714285,0.7142857142857143,bank_transfer,ES,EUR
PM_000829,3,0,0,0,0,178.9,59.63333333333333,43.47,0.027847176491213165,0.0814300358803238,3,3,0,3,0.0,0.0,0.0,1.0,1.0,0.0,1.0,credit_card,PT,EUR
PM_008840,15,0,0,0,0,1075.7,71.71333333333334,63.1,0.027846400762648438,0.2728277895243856,9,14,6,2,0.0,0.0,0.0,0.6,0.9333333333333333,0.4,0.13333333333333333,wallet,ES,EUR
PM_005132,3,0,0,0,0,281.89,93.96333333333332,91.25,0.027845514944429935,0.068331874524947,2,3,0,3,0.0,0.0,0.0,0.6666666666666666,1.0,0.0,1.0,debit_card,ES,EUR
PM_003891,3,0,0,0,0,140.79000000000002,46.93000000000001,34.31,0.027754079631964215,0.0829649702200533,0,3,1,0,0.0,0.0,0.0,0.0,1.0,0.3333333333333333,0.0,credit_card,PT,EUR
PM_008671,3,0,0,0,0,409.61,136.53666666666666,148.07,0.0277479684635499,0.0633048655249405,1,3,0,1,0.0,0.0,0.0,0.3333333333333333,1.0,0.0,0.3333333333333333,wallet,FR,EUR
PM_011715,12,0,0,0,0,1535.17,127.93083333333334,80.93,0.027733380838089586,0.2559636504222499,7,12,1,0,0.0,0.0,0.0,0.5833333333333334,1.0,0.08333333333333333,0.0,debit_card,US,EUR
PM_011506,10,0,0,0,0,1298.3799999999999,129.838,117.685,0.02772601987337096,0.1795010108019078,5,10,3,0,0.0,0.0,0.0,0.5,1.0,0.3,0.0,credit_card,DE,EUR
PM_011631,3,0,0,0,0,280.65,93.55,118.07,0.027686733106647366,0.0685971766301032,3,3,0,1,0.0,0.0,0.0,1.0,1.0,0.0,0.3333333333333333,debit_card,GB,EUR
PM_007081,5,0,0,0,0,184.19,36.838,34.38,0.027672234193844857,0.1306293439870798,3,4,0,1,0.0,0.0,0.0,0.6,0.8,0.0,0.2,credit_card,ES,EUR
PM_000435,3,0,0,0,0,1111.88,370.6266666666667,267.07,0.027612058691368766,0.0505262348661631,2,2,0,1,0.0,0.0,0.0,0.6666666666666666,0.6666666666666666,0.0,0.3333333333333333,bank_transfer,ES,EUR
PM_009764,11,0,0,0,0,1126.6499999999999,102.42272727272726,72.38,0.02759850773183598,0.1696989448284309,3,5,2,2,0.0,0.0,0.0,0.2727272727272727,0.45454545454545453,0.18181818181818182,0.18181818181818182,wallet,ES,EUR
PM_000668,9,0,0,0,0,845.25,93.91666666666667,52.16,0.02759727482837702,0.1009725227621955,3,9,0,0,0.0,0.0,0.0,0.3333333333333333,1.0,0.0,0.0,debit_card,PT,EUR
PM_011683,12,0,0,0,0,1061.39,88.44916666666667,44.68,0.027588037391722917,0.128302311343284,8,12,3,0,0.0,0.0,0.0,0.6666666666666666,1.0,0.25,0.0,credit_card,US,EUR
PM_007849,4,0,0,0,0,381.90999999999997,95.47749999999999,88.46000000000001,0.027488136618192598,0.0775120212272234,3,4,1,0,0.0,0.0,0.0,0.75,1.0,0.25,0.0,credit_card,FR,EUR
PM_002034,7,0,0,0,0,402.43,57.49,49.16,0.0274320823750509,0.1237270706796609,5,6,1,0,0.0,0.0,0.0,0.7142857142857143,0.8571428571428571,0.14285714285714285,0.0,credit_card,IT,EUR
PM_000044,6,0,0,0,0,2140.49,356.7483333333333,231.45999999999998,0.027416418346164165,0.0978800945436726,1,6,0,2,0.0,0.0,0.0,0.16666666666666666,1.0,0.0,0.3333333333333333,credit_card,GB,EUR
PM_011320,4,0,0,0,0,799.83,199.9575,21.115000000000002,0.027411551954265388,0.0994686661756107,1,4,0,0,0.0,0.0,0.0,0.25,1.0,0.0,0.0,debit_card,DE,EUR
PM_005051,9,0,0,0,0,734.26,81.58444444444444,51.87,0.027338522600827333,0.1330202995438572,4,5,1,3,0.0,0.0,0.0,0.4444444444444444,0.5555555555555556,0.1111111111111111,0.3333333333333333,debit_card,ES,EUR
PM_009418,15,0,0,0,0,1358.1299999999999,90.54199999999999,42.16,0.027213920686346618,0.1716794557165956,11,13,0,0,0.0,0.0,0.0,0.7333333333333333,0.8666666666666667,0.0,0.0,credit_card,ES,EUR
PM_008680,13,1,0,0,0,673.5699999999999,51.81307692307692,25.65,0.027197770283979652,0.154726181938072,6,13,4,0,0.07692307692307693,0.0,0.0,0.46153846153846156,1.0,0.3076923076923077,0.0,wallet,IT,EUR
PM_005631,14,0,0,0,0,1740.48,124.32000000000001,87.14500000000001,0.027174036250374286,0.231661062074245,8,11,1,0,0.0,0.0,0.0,0.5714285714285714,0.7857142857142857,0.07142857142857142,0.0,wallet,DE,EUR
PM_003926,3,0,0,0,0,253.08999999999997,84.36333333333333,81.19,0.027143253290591137,0.080320914249021,2,3,1,1,0.0,0.0,0.0,0.6666666666666666,1.0,0.3333333333333333,0.3333333333333333,credit_card,US,EUR
PM_000669,3,0,0,0,0,213.62,71.20666666666666,58.3,0.027137039133840735,0.0741231195333164,2,3,1,0,0.0,0.0,0.0,0.6666666666666666,1.0,0.3333333333333333,0.0,debit_card,PT,EUR
PM_006502,11,0,0,0,0,844.06,76.73272727272727,41.15,0.02709404668333474,0.2759952285143761,1,4,2,0,0.0,0.0,0.0,0.09090909090909091,0.36363636363636365,0.18181818181818182,0.0,debit_card,ES,EUR
PM_006250,6,0,0,0,0,227.74,37.95666666666667,38.17,0.027075939548101082,0.0836541416984886,2,6,1,6,0.0,0.0,0.0,0.3333333333333333,1.0,0.16666666666666666,1.0,debit_card,FR,EUR
PM_000824,4,0,0,0,0,197.15,49.2875,37.97,0.02698257288009265,0.098523646102059,2,4,0,0,0.0,0.0,0.0,0.5,1.0,0.0,0.0,credit_card,GB,EUR
PM_003842,6,0,0,0,0,439.3,73.21666666666667,66.68,0.026948569274264252,0.1395779891345684,3,6,1,1,0.0,0.0,0.0,0.5,1.0,0.16666666666666666,0.16666666666666666,credit_card,US,EUR
PM_010936,7,0,0,0,0,619.64,88.52,35.54,0.02694512138177674,0.1828624664259014,4,7,1,0,0.0,0.0,0.0,0.5714285714285714,1.0,0.14285714285714285,0.0,credit_card,IT,EUR
PM_001662,5,0,0,0,0,296.89,59.378,48.3,0.02686198485235866,0.1313982887557596,4,5,0,1,0.0,0.0,0.0,0.8,1.0,0.0,0.2,credit_card,ES,EUR
PM_006831,4,0,0,0,0,218.54999999999998,54.637499999999996,63.185,0.0268379602948394,0.0592451387163923,1,4,0,0,0.0,0.0,0.0,0.25,1.0,0.0,0.0,credit_card,FR,EUR
PM_007485,21,0,0,0,0,3896.06,185.52666666666667,114.35,0.026826933173182726,0.2462123416245687,12,15,2,0,0.0,0.0,0.0,0.5714285714285714,0.7142857142857143,0.09523809523809523,0.0,wallet,IT,EUR
PM_011825,9,0,0,0,0,817.61,90.84555555555556,76.7,0.02680221063940419,0.2052089213144337,4,8,3,9,0.0,0.0,0.0,0.4444444444444444,0.8888888888888888,0.3333333333333333,1.0,credit_card,DE,EUR
PM_007118,17,0,0,0,0,1585.87,93.28647058823529,57.4,0.026792824179333083,0.2375836371769802,9,17,2,0,0.0,0.0,0.0,0.5294117647058824,1.0,0.11764705882352941,0.0,credit_card,PT,EUR
PM_006152,4,0,0,0,0,833.59,208.3975,67.94,0.026764594765310873,0.0920461783942667,3,4,1,1,0.0,0.0,0.0,0.75,1.0,0.25,0.25,credit_card,IT,EUR
PM_004968,7,0,0,0,0,412.64,58.94857142857143,47.31,0.0267640846713982,0.107690229698243,4,7,1,2,0.0,0.0,0.0,0.5714285714285714,1.0,0.14285714285714285,0.2857142857142857,credit_card,ES,EUR
PM_006608,7,0,0,0,0,295.32,42.18857142857143,33.14,0.026753496498607126,0.1859173197137869,3,7,0,4,0.0,0.0,0.0,0.42857142857142855,1.0,0.0,0.5714285714285714,debit_card,FR,EUR
PM_007260,4,0,0,0,0,461.78,115.445,104.6,0.0267503558104264,0.1066182082178795,1,4,0,1,0.0,0.0,0.0,0.25,1.0,0.0,0.25,credit_card,GB,EUR
PM_010125,7,0,0,0,0,318.64,45.519999999999996,55.41,0.026749894293153807,0.0769995640618941,5,7,1,0,0.0,0.0,0.0,0.7142857142857143,1.0,0.14285714285714285,0.0,credit_card,ES,EUR
PM_002499,15,0,0,0,0,1774.3100000000002,118.28733333333335,85.33,0.026732192145208077,0.2046727258723177,7,15,2,0,0.0,0.0,0.0,0.4666666666666667,1.0,0.13333333333333333,0.0,credit_card,FR,EUR
PM_008851,10,0,0,0,0,1910.18,191.018,174.99,0.02668864907538538,0.087852147034933,1,10,0,0,0.0,0.0,0.0,0.1,1.0,0.0,0.0,credit_card,GB,EUR
PM_002401,3,0,0,0,0,558.78,186.26,142.88,0.026687529172550267,0.0753619134358261,1,3,0,0,0.0,0.0,0.0,0.3333333333333333,1.0,0.0,0.0,debit_card,US,EUR
PM_005680,6,0,0,0,0,941.64,156.94,99.78999999999999,0.02667001854689025,0.088365582005186,3,6,2,0,0.0,0.0,0.0,0.5,1.0,0.3333333333333333,0.0,credit_card,FR,EUR
PM_011389,5,0,0,0,0,505.16,101.03200000000001,75.37,0.0266477901918176,0.0739697517121766,3,5,1,0,0.0,0.0,0.0,0.6,1.0,0.2,0.0,wallet,GB,EUR
PM_005309,4,0,0,0,0,602.94,150.735,101.67,0.026643767834322325,0.1050677081375708,3,4,2,0,0.0,0.0,0.0,0.75,1.0,0.5,0.0,credit_card,US,EUR
PM_008805,11,0,0,0,0,1196.72,108.79272727272728,95.1,0.02663578479484804,0.2314937181601076,6,11,2,0,0.0,0.0,0.0,0.5454545454545454,1.0,0.18181818181818182,0.0,debit_card,US,EUR
PM_011757,7,0,0,0,0,240.29,34.32714285714285,14.77,0.026622478049259428,0.1851351728203152,4,7,0,6,0.0,0.0,0.0,0.5714285714285714,1.0,0.0,0.8571428571428571,debit_card,ES,EUR
PM_009618,4,0,0,0,0,263.57,65.8925,41.635,0.0266222200062856,0.0731908835052932,2,4,1,0,0.0,0.0,0.0,0.5,1.0,0.25,0.0,debit_card,DE,EUR
PM_007161,9,0,0,0,0,445.87,49.541111111111114,42.42,0.02659570995531379,0.1199817339168859,4,9,3,0,0.0,0.0,0.0,0.4444444444444444,1.0,0.3333333333333333,0.0,credit_card,IT,EUR
PM_000531,3,0,0,0,0,575.47,191.82333333333335,94.85,0.02655563613964827,0.0779045415092448,2,3,1,0,0.0,0.0,0.0,0.6666666666666666,1.0,0.3333333333333333,0.0,credit_card,FR,EUR
PM_006554,8,0,0,0,0,389.41,48.67625,33.315,0.026538587075259874,0.0753000098596793,7,8,1,0,0.0,0.0,0.0,0.875,1.0,0.125,0.0,credit_card,ES,EUR
PM_002761,14,0,0,0,0,1218.91,87.06500000000001,38.87,0.026532144110209866,0.279265782922045,10,14,1,4,0.0,0.0,0.0,0.7142857142857143,1.0,0.07142857142857142,0.2857142857142857,bank_transfer,US,EUR
PM_000802,4,0,0,0,0,557.42,139.355,81.955,0.026522523006900275,0.1020371124522844,0,4,0,1,0.0,0.0,0.0,0.0,1.0,0.0,0.25,debit_card,GB,EUR
PM_000981,7,1,0,0,0,417.90999999999997,59.701428571428565,41.18,0.026515319947251256,0.1802726537956822,5,7,0,0,0.14285714285714285,0.0,0.0,0.7142857142857143,1.0,0.0,0.0,credit_card,GB,EUR
PM_000067,5,0,0,0,0,217.27,43.454,18.09,0.02650440833877334,0.067906896730297,1,5,1,1,0.0,0.0,0.0,0.2,1.0,0.2,0.2,wallet,GB,EUR
PM_003381,8,0,0,0,0,565.39,70.67375,43.68,0.026502583344860275,0.1898831992584173,4,8,2,3,0.0,0.0,0.0,0.5,1.0,0.25,0.375,wallet,DE,EUR
PM_010183,12,0,0,0,0,1185.36,98.77999999999999,82.78,0.026499682971562577,0.2636803594513235,3,12,2,0,0.0,0.0,0.0,0.25,1.0,0.16666666666666666,0.0,credit_card,DE,EUR
PM_008455,3,0,0,0,0,177.47,59.156666666666666,65.27,0.026482615055524395,0.0753583479209022,0,3,0,3,0.0,0.0,0.0,0.0,1.0,0.0,1.0,wallet,GB,EUR
PM_006537,4,0,0,0,0,260.75,65.1875,61.864999999999995,0.026482234483679774,0.0984983212687475,2,4,0,0,0.0,0.0,0.0,0.5,1.0,0.0,0.0,credit_card,DE,EUR
PM_008807,8,0,0,0,0,475.39,59.42375,57.14,0.02646717328804296,0.1686009724994065,3,8,1,0,0.0,0.0,0.0,0.375,1.0,0.125,0.0,debit_card,DE,EUR
PM_001137,9,0,0,0,0,1499.0,166.55555555555554,112.2,0.026443239516882565,0.1036026484987527,7,8,1,4,0.0,0.0,0.0,0.7777777777777778,0.8888888888888888,0.1111111111111111,0.4444444444444444,bank_transfer,ES,EUR
PM_000285,11,0,0,0,0,1438.26,130.7509090909091,68.84,0.02643247080903777,0.1654517219656922,3,11,0,11,0.0,0.0,0.0,0.2727272727272727,1.0,0.0,1.0,credit_card,FR,EUR
PM_004051,6,0,0,0,0,1657.22,276.2033333333333,195.56,0.026407557868404364,0.1307507734721769,5,6,0,0,0.0,0.0,0.0,0.8333333333333334,1.0,0.0,0.0,credit_card,FR,EUR
PM_010930,5,0,0,0,0,1755.82,351.164,280.81,0.026404622218016382,0.1256937018189321,3,5,1,1,0.0,0.0,0.0,0.6,1.0,0.2,0.2,credit_card,PT,EUR
PM_007641,13,0,0,0,0,828.52,63.73230769230769,45.99,0.02638760373784107,0.2465180282874622,10,13,4,0,0.0,0.0,0.0,0.7692307692307693,1.0,0.3076923076923077,0.0,credit_card,ES,EUR
PM_007867,7,0,0,0,0,804.06,114.86571428571428,116.53,0.026379752077531814,0.077110210581884,1,2,1,0,0.0,0.0,0.0,0.14285714285714285,0.2857142857142857,0.14285714285714285,0.0,credit_card,IT,EUR
PM_002264,18,0,0,0,0,2943.79,163.5438888888889,135.395,0.026347288480997898,0.3926111535271601,10,18,3,0,0.0,0.0,0.0,0.5555555555555556,1.0,0.16666666666666666,0.0,credit_card,ES,EUR
PM_005380,7,0,0,0,0,990.0,141.42857142857142,63.24,0.026314314622270157,0.1758699239946583,5,7,0,0,0.0,0.0,0.0,0.7142857142857143,1.0,0.0,0.0,credit_card,US,EUR
PM_005910,12,0,0,0,0,1094.41,91.20083333333334,59.555,0.026311469883397304,0.1106236414371037,5,12,1,0,0.0,0.0,0.0,0.4166666666666667,1.0,0.08333333333333333,0.0,credit_card,FR,EUR
PM_006803,4,0,0,0,0,341.54,85.385,63.4,0.02622386217539715,0.0876350960755386,3,4,0,1,0.0,0.0,0.0,0.75,1.0,0.0,0.25,credit_card,US,EUR
PM_004348,8,0,0,0,0,357.89,44.73625,30.380000000000003,0.0262074874028548,0.1718859717751436,3,8,0,3,0.0,0.0,0.0,0.375,1.0,0.0,0.375,credit_card,IT,EUR
PM_005327,10,0,0,0,0,1622.0,162.2,85.06,0.02620471718097316,0.1674895479974348,6,8,2,0,0.0,0.0,0.0,0.6,0.8,0.2,0.0,wallet,ES,EUR
PM_002817,3,0,0,0,0,335.06,111.68666666666667,108.58,0.026198833287139234,0.0737773256624728,2,2,1,1,0.0,0.0,0.0,0.6666666666666666,0.6666666666666666,0.3333333333333333,0.3333333333333333,credit_card,ES,EUR
PM_011665,9,0,0,0,0,937.24,104.13777777777779,120.12,0.0261947971752684,0.1322614907895151,6,7,0,3,0.0,0.0,0.0,0.6666666666666666,0.7777777777777778,0.0,0.3333333333333333,credit_card,ES,EUR
PM_005232,6,0,0,0,0,1311.26,218.54333333333332,42.56,0.026174828414283383,0.1504636606021307,3,6,2,2,0.0,0.0,0.0,0.5,1.0,0.3333333333333333,0.3333333333333333,debit_card,US,EUR
PM_002902,5,0,0,0,0,858.54,171.708,60.02,0.026113884744400722,0.1151541828886265,5,5,0,0,0.0,0.0,0.0,1.0,1.0,0.0,0.0,credit_card,ES,EUR
PM_008718,4,0,0,0,0,252.84,63.21,58.82,0.026074219268063928,0.1028945507884027,3,4,0,0,0.0,0.0,0.0,0.75,1.0,0.0,0.0,credit_card,ES,EUR
PM_002581,6,0,0,0,0,554.4399999999999,92.40666666666665,57.29,0.0260640752960821,0.0698075739975325,4,5,0,0,0.0,0.0,0.0,0.6666666666666666,0.8333333333333334,0.0,0.0,debit_card,ES,EUR
PM_003115,7,0,0,0,0,1477.32,211.04571428571427,183.22,0.026058307832977884,0.07736956200357,3,6,2,1,0.0,0.0,0.0,0.42857142857142855,0.8571428571428571,0.2857142857142857,0.14285714285714285,credit_card,ES,EUR
PM_009156,16,0,0,0,0,2054.98,128.43625,103.83500000000001,0.02604804968811438,0.1205848313289549,9,16,2,1,0.0,0.0,0.0,0.5625,1.0,0.125,0.0625,debit_card,IT,EUR
PM_004362,8,0,0,0,0,356.36,44.545,46.96,0.02603656263079557,0.1883294041329213,5,8,1,0,0.0,0.0,0.0,0.625,1.0,0.125,0.0,credit_card,DE,EUR
PM_001375,4,0,0,0,0,545.1600000000001,136.29000000000002,120.10000000000001,0.026036464135080775,0.0741416283123508,1,4,1,0,0.0,0.0,0.0,0.25,1.0,0.25,0.0,credit_card,DE,EUR
PM_007790,6,0,0,0,0,928.24,154.70666666666668,112.595,0.02601299462567677,0.0522809294408121,2,6,2,0,0.0,0.0,0.0,0.3333333333333333,1.0,0.3333333333333333,0.0,credit_card,US,EUR
PM_011238,8,0,0,0,0,843.75,105.46875,102.53999999999999,0.025992048728561125,0.1285644082898255,3,8,0,7,0.0,0.0,0.0,0.375,1.0,0.0,0.875,debit_card,DE,EUR
PM_008044,5,0,0,0,0,263.36,52.672000000000004,31.12,0.02595451293672222,0.1143216798702872,0,0,0,5,0.0,0.0,0.0,0.0,0.0,0.0,1.0,credit_card,ES,EUR
PM_004207,16,0,0,0,0,2375.2,148.45,123.275,0.025929475896544207,0.1366287483986599,9,16,2,0,0.0,0.0,0.0,0.5625,1.0,0.125,0.0,bank_transfer,US,EUR
PM_010775,9,0,0,0,0,2002.58,222.5088888888889,182.62,0.025897126689921744,0.1197640989750199,7,9,2,0,0.0,0.0,0.0,0.7777777777777778,1.0,0.2222222222222222,0.0,credit_card,GB,EUR
PM_008985,11,1,0,0,0,1647.18,149.74363636363637,153.17,0.025846471256258198,0.1202045466259799,9,11,1,2,0.09090909090909091,0.0,0.0,0.8181818181818182,1.0,0.09090909090909091,0.18181818181818182,credit_card,ES,EUR
PM_011431,6,0,0,0,0,553.18,92.19666666666666,65.735,0.02582800178178282,0.1388432239696961,3,3,0,0,0.0,0.0,0.0,0.5,0.5,0.0,0.0,debit_card,ES,EUR
PM_011377,6,0,0,0,0,1490.08,248.34666666666666,201.485,0.025674724938500634,0.1013535543302088,2,3,2,0,0.0,0.0,0.0,0.3333333333333333,0.5,0.3333333333333333,0.0,bank_transfer,ES,EUR
PM_003944,4,0,0,0,0,522.97,130.7425,81.375,0.025671617975934348,0.0852131334333995,1,4,1,0,0.0,0.0,0.0,0.25,1.0,0.25,0.0,credit_card,ES,EUR
PM_000143,6,0,0,0,0,511.52,85.25333333333333,79.83500000000001,0.025653350068264216,0.0833503262225659,2,6,1,3,0.0,0.0,0.0,0.3333333333333333,1.0,0.16666666666666666,0.5,credit_card,US,EUR
PM_001634,7,0,0,0,0,403.43,57.63285714285714,46.79,0.02558949030207844,0.065329957403892,4,7,3,0,0.0,0.0,0.0,0.5714285714285714,1.0,0.42857142857142855,0.0,credit_card,ES,EUR
PM_011195,10,0,0,0,0,792.97,79.297,59.550000000000004,0.025576382864613244,0.1156928877243027,4,6,0,0,0.0,0.0,0.0,0.4,0.6,0.0,0.0,debit_card,ES,EUR
PM_009199,9,0,0,0,0,590.41,65.60111111111111,26.7,0.025575818114171315,0.1897269140302609,1,9,2,0,0.0,0.0,0.0,0.1111111111111111,1.0,0.2222222222222222,0.0,credit_card,IT,EUR
PM_005056,4,0,0,0,0,833.3900000000001,208.34750000000003,124.87,0.02552620455293355,0.0732451049962431,2,4,2,0,0.0,0.0,0.0,0.5,1.0,0.5,0.0,credit_card,FR,EUR
PM_011434,4,0,0,0,0,1457.8200000000002,364.45500000000004,356.01500000000004,0.0255020590525576,0.0457979624085893,1,4,0,3,0.0,0.0,0.0,0.25,1.0,0.0,0.75,credit_card,ES,EUR
PM_007715,6,0,0,0,0,490.16999999999996,81.695,66.305,0.025471405350369333,0.1429848889023535,1,6,3,3,0.0,0.0,0.0,0.16666666666666666,1.0,0.5,0.5,wallet,IT,EUR
PM_004313,8,0,0,0,0,492.49,61.56125,31.53,0.025407963462937562,0.1749423839403268,5,8,3,1,0.0,0.0,0.0,0.625,1.0,0.375,0.125,credit_card,FR,EUR
PM_009979,8,0,0,0,0,1028.18,128.5225,96.255,0.02538934116642764,0.1635891861226756,0,8,1,0,0.0,0.0,0.0,0.0,1.0,0.125,0.0,debit_card,PT,EUR
PM_010889,13,0,0,0,0,1161.43,89.34076923076924,38.12,0.025325816127247363,0.1283694592832442,4,13,2,5,0.0,0.0,0.0,0.3076923076923077,1.0,0.15384615384615385,0.38461538461538464,debit_card,DE,EUR
PM_008090,3,0,0,0,0,1345.29,448.43,460.64,0.025324733058821266,0.0740429972081485,1,2,0,1,0.0,0.0,0.0,0.3333333333333333,0.6666666666666666,0.0,0.3333333333333333,wallet,ES,EUR
PM_008015,6,0,0,0,0,734.78,122.46333333333332,96.455,0.0253033775249534,0.0692966993577052,3,3,1,6,0.0,0.0,0.0,0.5,0.5,0.16666666666666666,1.0,wallet,FR,EUR
PM_002971,5,0,0,0,0,347.55,69.51,32.0,0.02528899455685612,0.0930737403985162,3,5,1,0,0.0,0.0,0.0,0.6,1.0,0.2,0.0,credit_card,US,EUR
PM_004451,7,0,0,0,0,577.6,82.51428571428572,64.93,0.025278786033314158,0.120584628032738,4,7,0,1,0.0,0.0,0.0,0.5714285714285714,1.0,0.0,0.14285714285714285,wallet,PT,EUR
PM_010743,7,0,0,0,0,1311.37,187.3385714285714,126.54,0.025274607238577572,0.1003629910774079,5,7,0,0,0.0,0.0,0.0,0.7142857142857143,1.0,0.0,0.0,credit_card,PT,EUR
PM_008501,5,0,0,0,0,466.43,93.286,91.38,0.02525379938943238,0.0439128132888429,3,5,0,0,0.0,0.0,0.0,0.6,1.0,0.0,0.0,credit_card,ES,EUR
PM_002400,12,0,0,0,0,718.31,59.85916666666666,56.480000000000004,0.025213290206369865,0.1500882957571848,6,12,0,0,0.0,0.0,0.0,0.5,1.0,0.0,0.0,wallet,GB,EUR
PM_011835,10,0,0,0,0,1261.47,126.147,84.2,0.025178890125734488,0.1493838320950594,8,10,0,7,0.0,0.0,0.0,0.8,1.0,0.0,0.7,credit_card,US,EUR
PM_009270,5,0,0,0,0,761.16,152.232,93.2,0.02516759242110314,0.0777600022845467,3,5,1,1,0.0,0.0,0.0,0.6,1.0,0.2,0.2,credit_card,IT,EUR
PM_000125,3,0,0,0,0,314.16,104.72000000000001,118.63,0.025166434332084636,0.040357276898737,3,3,2,0,0.0,0.0,0.0,1.0,1.0,0.6666666666666666,0.0,credit_card,GB,EUR
PM_005011,7,0,0,0,0,762.78,108.96857142857142,114.58,0.025131246484449244,0.0887700220523565,4,5,2,1,0.0,0.0,0.0,0.5714285714285714,0.7142857142857143,0.2857142857142857,0.14285714285714285,bank_transfer,ES,EUR
PM_001295,7,0,0,0,0,383.34,54.762857142857136,34.14,0.02511300180630038,0.1037614424700694,3,4,2,0,0.0,0.0,0.0,0.42857142857142855,0.5714285714285714,0.2857142857142857,0.0,credit_card,ES,EUR
PM_004177,5,0,0,0,0,524.9,104.97999999999999,83.25,0.02507570558661964,0.0971242452185675,0,5,1,4,0.0,0.0,0.0,0.0,1.0,0.2,0.8,credit_card,GB,EUR
PM_000066,3,0,0,0,0,254.15,84.71666666666667,43.29,0.025034637531240033,0.0587967181823185,0,3,0,1,0.0,0.0,0.0,0.0,1.0,0.0,0.3333333333333333,credit_card,FR,EUR
PM_005183,11,0,0,0,0,1746.68,158.7890909090909,126.69,0.025022694395300426,0.1759076671676947,4,11,3,1,0.0,0.0,0.0,0.36363636363636365,1.0,0.2727272727272727,0.09090909090909091,debit_card,PT,EUR
PM_009436,16,0,0,0,0,1289.89,80.618125,49.05,0.025017591661987155,0.1449139363913402,8,16,3,1,0.0,0.0,0.0,0.5,1.0,0.1875,0.0625,credit_card,US,EUR
PM_007133,7,0,0,0,0,309.88,44.26857142857143,21.81,0.025003548264107802,0.0680761712560612,3,7,3,0,0.0,0.0,0.0,0.42857142857142855,1.0,0.42857142857142855,0.0,credit_card,PT,EUR
PM_007103,5,0,0,0,0,339.31,67.862,28.05,0.02498321852952394,0.1226002612038623,3,5,0,3,0.0,0.0,0.0,0.6,1.0,0.0,0.6,wallet,PT,EUR
PM_001630,7,0,0,0,0,1252.62,178.94571428571427,119.62,0.024968188522001528,0.1142958624103283,5,7,1,0,0.0,0.0,0.0,0.7142857142857143,1.0,0.14285714285714285,0.0,wallet,ES,EUR
PM_010588,19,0,0,0,0,1360.02,71.58,58.85,0.02495888258793827,0.1729803658321003,9,19,0,3,0.0,0.0,0.0,0.47368421052631576,1.0,0.0,0.15789473684210525,credit_card,IT,EUR
PM_003685,3,0,0,0,0,305.48,101.82666666666667,57.63,0.024948813034877036,0.0735325941222098,2,3,0,0,0.0,0.0,0.0,0.6666666666666666,1.0,0.0,0.0,credit_card,FR,EUR
PM_011702,5,0,0,0,0,609.12,121.824,46.73,0.024936681031455,0.1215078148502134,3,4,0,0,0.0,0.0,0.0,0.6,0.8,0.0,0.0,wallet,ES,EUR
PM_004886,7,0,0,0,0,405.59999999999997,57.942857142857136,60.08,0.024915953222785357,0.0880897338025136,1,7,1,4,0.0,0.0,0.0,0.14285714285714285,1.0,0.14285714285714285,0.5714285714285714,credit_card,US,EUR
PM_002336,7,0,0,0,0,397.94,56.848571428571425,33.95,0.02490463839523505,0.165494164749479,4,5,1,5,0.0,0.0,0.0,0.5714285714285714,0.7142857142857143,0.14285714285714285,0.7142857142857143,debit_card,ES,EUR
PM_000105,13,0,0,0,0,1247.1,95.93076923076923,49.71,0.024864819478988255,0.2974556785454862,8,13,1,10,0.0,0.0,0.0,0.6153846153846154,1.0,0.07692307692307693,0.7692307692307693,debit_card,ES,EUR
PM_011125,5,0,0,0,0,278.54,55.708000000000006,40.86,0.024845804872983854,0.1195016497379844,1,5,0,2,0.0,0.0,0.0,0.2,1.0,0.0,0.4,credit_card,US,EUR
PM_010747,5,0,0,0,0,1453.06,290.61199999999997,187.66,0.024794274268849302,0.0598065439060314,2,3,0,0,0.0,0.0,0.0,0.4,0.6,0.0,0.0,debit_card,FR,EUR
PM_002515,3,0,0,0,0,622.72,207.57333333333335,105.28,0.024791356793137334,0.0707265032037347,1,3,0,3,0.0,0.0,0.0,0.3333333333333333,1.0,0.0,1.0,wallet,US,EUR
PM_005014,12,0,0,0,0,564.4499999999999,47.037499999999994,25.235,0.024747977749958374,0.2092609515336417,6,12,2,0,0.0,0.0,0.0,0.5,1.0,0.16666666666666666,0.0,credit_card,DE,EUR
PM_009197,10,0,0,0,0,1268.94,126.894,83.63499999999999,0.02474247621209886,0.1522089146961245,4,10,3,6,0.0,0.0,0.0,0.4,1.0,0.3,0.6,credit_card,PT,EUR
PM_010152,7,0,0,0,0,405.98,57.99714285714286,50.38,0.024733100253990004,0.1418558873027216,3,7,0,5,0.0,0.0,0.0,0.42857142857142855,1.0,0.0,0.7142857142857143,credit_card,US,EUR
PM_007192,3,0,0,0,0,225.67000000000002,75.22333333333334,65.65,0.024697562575591667,0.0382355159838426,2,3,0,2,0.0,0.0,0.0,0.6666666666666666,1.0,0.0,0.6666666666666666,credit_card,FR,EUR
PM_004420,10,0,0,0,0,786.02,78.602,54.95,0.02468708332242733,0.1484826818863999,3,10,2,0,0.0,0.0,0.0,0.3,1.0,0.2,0.0,wallet,FR,EUR
PM_011150,12,0,0,0,0,3216.34,268.02833333333336,217.41500000000002,0.02466616004983549,0.1690210376979992,6,11,1,2,0.0,0.0,0.0,0.5,0.9166666666666666,0.08333333333333333,0.16666666666666666,credit_card,IT,EUR
PM_005476,3,0,0,0,0,266.93,88.97666666666667,108.91,0.024647374891275765,0.0654223914808845,1,3,1,0,0.0,0.0,0.0,0.3333333333333333,1.0,0.3333333333333333,0.0,wallet,PT,EUR
PM_000374,5,0,0,0,0,1295.02,259.004,158.41,0.02463487514313286,0.0700392874125268,4,5,0,0,0.0,0.0,0.0,0.8,1.0,0.0,0.0,credit_card,ES,EUR
PM_002261,7,0,0,0,0,636.98,90.99714285714286,108.25,0.02456132461931206,0.0807370619477607,6,6,0,0,0.0,0.0,0.0,0.8571428571428571,0.8571428571428571,0.0,0.0,credit_card,ES,EUR
PM_010141,9,1,0,0,0,431.99,47.99888888888889,24.96,0.024536603280242212,0.1748347707705791,3,4,1,0,0.1111111111111111,0.0,0.0,0.3333333333333333,0.4444444444444444,0.1111111111111111,0.0,credit_card,ES,EUR
PM_006746,7,0,0,0,0,1199.8600000000001,171.40857142857143,101.89,0.024499493404919432,0.0798766954691074,2,7,1,1,0.0,0.0,0.0,0.2857142857142857,1.0,0.14285714285714285,0.14285714285714285,debit_card,PT,EUR
PM_004401,8,0,0,0,0,1199.55,149.94375,158.04000000000002,0.024491573271066974,0.1734610089421513,4,7,0,5,0.0,0.0,0.0,0.5,0.875,0.0,0.625,debit_card,ES,EUR
PM_004731,5,0,0,0,0,360.3,72.06,62.09,0.02448144094614842,0.0615334774626883,4,5,3,1,0.0,0.0,0.0,0.8,1.0,0.6,0.2,credit_card,US,EUR
PM_001859,11,0,0,0,0,991.59,90.14454545454545,55.85,0.024445758941067038,0.145966096281306,3,11,1,1,0.0,0.0,0.0,0.2727272727272727,1.0,0.09090909090909091,0.09090909090909091,credit_card,GB,EUR
PM_011977,6,0,0,0,0,726.92,121.15333333333332,76.55000000000001,0.024426722765591852,0.1438726277778245,4,4,0,0,0.0,0.0,0.0,0.6666666666666666,0.6666666666666666,0.0,0.0,debit_card,ES,EUR
PM_008900,10,0,0,0,0,1311.45,131.145,50.995000000000005,0.0244155650216684,0.2033541573052549,3,8,0,3,0.0,0.0,0.0,0.3,0.8,0.0,0.3,credit_card,ES,EUR
PM_001260,3,0,0,0,0,528.62,176.20666666666668,59.85,0.02439683193287323,0.0541076100977336,1,2,0,1,0.0,0.0,0.0,0.3333333333333333,0.6666666666666666,0.0,0.3333333333333333,credit_card,DE,EUR
PM_004309,10,0,0,0,0,1592.67,159.267,103.02,0.02438426218166263,0.1421185809333333,6,7,1,1,0.0,0.0,0.0,0.6,0.7,0.1,0.1,wallet,ES,EUR
PM_005034,5,0,0,0,0,424.33,84.866,53.62,0.02438337578600942,0.089509920026178,1,2,1,3,0.0,0.0,0.0,0.2,0.4,0.2,0.6,bank_transfer,ES,EUR
PM_007279,4,0,0,0,0,1411.51,352.8775,283.845,0.02425487966936505,0.0387148611505307,2,2,0,1,0.0,0.0,0.0,0.5,0.5,0.0,0.25,credit_card,DE,EUR
PM_007320,4,0,0,0,0,428.02000000000004,107.00500000000001,92.245,0.024249171226262925,0.0730408678986777,1,4,0,4,0.0,0.0,0.0,0.25,1.0,0.0,1.0,credit_card,US,EUR
PM_010597,4,0,0,0,0,611.35,152.8375,105.86,0.02423127311060995,0.0908084765711549,2,4,0,0,0.0,0.0,0.0,0.5,1.0,0.0,0.0,debit_card,US,EUR
PM_005692,8,0,0,0,0,620.93,77.61625,63.8,0.024225820962849826,0.1037058546108268,4,8,1,0,0.0,0.0,0.0,0.5,1.0,0.125,0.0,credit_card,GB,EUR
PM_000945,14,0,0,0,0,1217.46,86.96142857142857,42.03,0.024214564229532574,0.3303367126352765,7,13,2,1,0.0,0.0,0.0,0.5,0.9285714285714286,0.14285714285714285,0.07142857142857142,credit_card,DE,EUR
PM_000909,6,0,0,0,0,457.75,76.29166666666667,22.225,0.024212468347109217,0.0954480359752228,4,6,0,0,0.0,0.0,0.0,0.6666666666666666,1.0,0.0,0.0,credit_card,US,EUR
PM_011239,3,0,0,0,0,234.98000000000002,78.32666666666667,68.1,0.024145610816884766,0.046665463884727,2,3,1,0,0.0,0.0,0.0,0.6666666666666666,1.0,0.3333333333333333,0.0,debit_card,ES,EUR
PM_005670,5,0,0,0,0,500.11,100.022,114.16,0.0241420724680314,0.0958328508684526,0,5,0,0,0.0,0.0,0.0,0.0,1.0,0.0,0.0,credit_card,IT,EUR
PM_006169,6,0,0,0,0,448.87,74.81166666666667,60.625,0.0241277046146192,0.099477924430044,3,5,0,0,0.0,0.0,0.0,0.5,0.8333333333333334,0.0,0.0,debit_card,IT,EUR
PM_005062,4,0,0,0,0,674.48,168.62,123.925,0.024110526753557102,0.0615823702493449,3,4,1,4,0.0,0.0,0.0,0.75,1.0,0.25,1.0,credit_card,ES,EUR
PM_003530,5,0,0,0,0,617.75,123.55,69.86,0.02408466372963428,0.0698534667503577,3,4,1,5,0.0,0.0,0.0,0.6,0.8,0.2,1.0,bank_transfer,FR,EUR
PM_011139,7,0,0,0,0,382.01,54.57285714285714,35.64,0.02405877059630344,0.1037746161217273,7,7,2,1,0.0,0.0,0.0,1.0,1.0,0.2857142857142857,0.14285714285714285,wallet,DE,EUR
PM_006929,14,0,0,0,0,1450.47,103.605,93.27000000000001,0.024043775453192116,0.228875234026584,6,14,2,0,0.0,0.0,0.0,0.42857142857142855,1.0,0.14285714285714285,0.0,credit_card,FR,EUR
PM_006144,7,0,0,0,0,337.47,48.21,53.62,0.0239985429144139,0.0639003714759205,5,7,1,6,0.0,0.0,0.0,0.7142857142857143,1.0,0.14285714285714285,0.8571428571428571,debit_card,PT,EUR
PM_003448,4,0,0,0,0,345.79,86.4475,90.815,0.0239848802753721,0.0780140982812752,2,4,0,1,0.0,0.0,0.0,0.5,1.0,0.0,0.25,debit_card,GB,EUR
PM_001515,10,0,0,0,0,742.0,74.2,47.83,0.023974035321203298,0.1361266290803162,4,10,6,0,0.0,0.0,0.0,0.4,1.0,0.6,0.0,credit_card,ES,EUR
PM_010405,7,0,0,0,0,552.53,78.93285714285715,80.81,0.023946770324443388,0.0605359737539198,1,1,0,7,0.0,0.0,0.0,0.14285714285714285,0.14285714285714285,0.0,1.0,debit_card,ES,EUR
PM_001171,21,0,0,0,0,3017.34,143.68285714285716,86.66,0.02385264029763298,0.1568024219814078,13,21,0,2,0.0,0.0,0.0,0.6190476190476191,1.0,0.0,0.09523809523809523,debit_card,FR,EUR
PM_004570,5,0,0,0,0,463.06,92.612,73.56,0.023836044171571622,0.0646422921339965,1,3,2,0,0.0,0.0,0.0,0.2,0.6,0.4,0.0,wallet,ES,EUR
PM_000457,16,0,0,0,0,1745.8999999999999,109.11874999999999,57.745000000000005,0.023831037115401875,0.1729552123394276,6,16,3,0,0.0,0.0,0.0,0.375,1.0,0.1875,0.0,wallet,IT,EUR
PM_002948,6,0,0,0,0,1482.2,247.03333333333333,223.15499999999997,0.023812945281091614,0.0501024731909046,2,6,1,0,0.0,0.0,0.0,0.3333333333333333,1.0,0.16666666666666666,0.0,bank_transfer,FR,EUR
PM_010071,7,0,0,0,0,1404.45,200.6357142857143,198.72,0.023797487506696708,0.1611917771391808,4,7,1,0,0.0,0.0,0.0,0.5714285714285714,1.0,0.14285714285714285,0.0,credit_card,ES,EUR
PM_005761,7,0,0,0,0,336.51,48.07285714285714,29.4,0.023790271246856887,0.0761617570432479,0,4,3,5,0.0,0.0,0.0,0.0,0.5714285714285714,0.42857142857142855,0.7142857142857143,credit_card,ES,EUR
PM_000528,4,0,0,0,0,504.98,126.245,88.66,0.023790107953545324,0.0544439637221742,2,3,0,2,0.0,0.0,0.0,0.5,0.75,0.0,0.5,credit_card,ES,EUR
PM_001277,4,0,0,0,0,103.47999999999999,25.869999999999997,26.41,0.023730969636491524,0.0716452559795165,2,4,1,0,0.0,0.0,0.0,0.5,1.0,0.25,0.0,bank_transfer,DE,EUR
PM_001517,20,0,0,0,0,2385.97,119.29849999999999,100.25999999999999,0.02369623384448889,0.1862314192074374,11,20,4,10,0.0,0.0,0.0,0.55,1.0,0.2,0.5,debit_card,ES,EUR
PM_001203,7,0,0,0,0,417.9,59.699999999999996,45.41,0.023663393309874988,0.1021812480169431,4,7,0,5,0.0,0.0,0.0,0.5714285714285714,1.0,0.0,0.7142857142857143,debit_card,ES,EUR
PM_008643,7,0,0,0,0,1411.47,201.63857142857142,153.27,0.023634177501581217,0.1041676597404883,4,6,3,6,0.0,0.0,0.0,0.5714285714285714,0.8571428571428571,0.42857142857142855,0.8571428571428571,credit_card,ES,EUR
PM_010758,14,0,0,0,0,1743.16,124.51142857142858,77.14,0.023604396221323893,0.2193868300133878,7,14,2,0,0.0,0.0,0.0,0.5,1.0,0.14285714285714285,0.0,debit_card,PT,EUR
PM_005812,16,0,0,0,0,2433.63,152.101875,79.325,0.023577824046306244,0.0953457238499806,6,15,0,0,0.0,0.0,0.0,0.375,0.9375,0.0,0.0,debit_card,IT,EUR
PM_003228,3,0,0,0,0,676.98,225.66,184.31,0.023565065888413766,0.055566319386113,2,3,0,0,0.0,0.0,0.0,0.6666666666666666,1.0,0.0,0.0,credit_card,DE,EUR
PM_006827,5,0,0,0,0,329.85,65.97,56.79,0.02343045738971766,0.0766932174198646,3,5,3,0,0.0,0.0,0.0,0.6,1.0,0.6,0.0,wallet,DE,EUR
PM_004586,4,0,0,0,0,183.31,45.8275,42.91,0.023429141805826375,0.092541824768348,2,4,0,0,0.0,0.0,0.0,0.5,1.0,0.0,0.0,credit_card,GB,EUR
PM_003853,8,0,0,0,0,420.01,52.50125,43.59,0.023372325492623518,0.1803056393538933,2,8,0,2,0.0,0.0,0.0,0.25,1.0,0.0,0.25,debit_card,US,EUR
PM_006665,7,0,0,0,0,677.3299999999999,96.76142857142857,50.9,0.0233543347437857,0.0965528987177063,6,7,0,0,0.0,0.0,0.0,0.8571428571428571,1.0,0.0,0.0,credit_card,ES,EUR
PM_000933,5,0,0,0,0,170.10999999999999,34.022,33.27,0.023339968536290768,0.1021018878221338,0,5,1,5,0.0,0.0,0.0,0.0,1.0,0.2,1.0,debit_card,US,EUR
PM_001346,19,0,0,0,0,2423.7599999999998,127.56631578947368,95.22,0.023331256140682072,0.2420673468109435,8,19,1,6,0.0,0.0,0.0,0.42105263157894735,1.0,0.05263157894736842,0.3157894736842105,wallet,GB,EUR
PM_004860,11,0,0,0,0,1518.82,138.07454545454544,59.63,0.02332269508642139,0.2431599349906254,6,8,2,0,0.0,0.0,0.0,0.5454545454545454,0.7272727272727273,0.18181818181818182,0.0,wallet,FR,EUR
PM_005082,7,0,0,0,0,459.37,65.62428571428572,57.19,0.023298077947325545,0.0622217932459532,6,7,2,0,0.0,0.0,0.0,0.8571428571428571,1.0,0.2857142857142857,0.0,wallet,US,EUR
PM_007259,9,0,0,0,0,700.13,77.79222222222222,62.95,0.02328044098160882,0.1054386239018433,5,9,1,3,0.0,0.0,0.0,0.5555555555555556,1.0,0.1111111111111111,0.3333333333333333,credit_card,FR,EUR
PM_006412,5,0,0,0,0,135.17000000000002,27.034000000000002,17.98,0.023257624732645622,0.0697373880498318,1,5,1,0,0.0,0.0,0.0,0.2,1.0,0.2,0.0,credit_card,DE,EUR
PM_005644,6,0,0,0,0,385.86,64.31,39.195,0.023189384149544686,0.0642657272388343,1,6,0,0,0.0,0.0,0.0,0.16666666666666666,1.0,0.0,0.0,credit_card,DE,EUR
PM_004135,17,0,0,0,0,1776.05,104.4735294117647,45.46,0.023179859547640874,0.3648997301433749,4,15,4,3,0.0,0.0,0.0,0.23529411764705882,0.8823529411764706,0.23529411764705882,0.17647058823529413,wallet,PT,EUR
PM_005319,8,0,0,0,0,387.69,48.46125,35.239999999999995,0.02317610648855245,0.1295396943122083,6,8,0,1,0.0,0.0,0.0,0.75,1.0,0.0,0.125,credit_card,PT,EUR
PM_000653,4,0,0,0,0,148.23,37.0575,29.82,0.023169758731637024,0.076291407660146,1,4,2,0,0.0,0.0,0.0,0.25,1.0,0.5,0.0,credit_card,FR,EUR
PM_002601,8,0,0,0,0,2140.5099999999998,267.56374999999997,202.44,0.023164920523738985,0.1763556611097085,3,8,0,0,0.0,0.0,0.0,0.375,1.0,0.0,0.0,credit_card,ES,EUR
PM_003863,11,0,0,0,0,1271.64,115.60363636363637,77.77,0.023130615070049335,0.0727069623268026,1,11,1,0,0.0,0.0,0.0,0.09090909090909091,1.0,0.09090909090909091,0.0,bank_transfer,FR,EUR
PM_010521,12,0,0,0,0,1901.62,158.46833333333333,184.63,0.023116056821069927,0.1134007696914163,9,12,1,0,0.0,0.0,0.0,0.75,1.0,0.08333333333333333,0.0,credit_card,DE,EUR
PM_011541,8,0,0,0,0,979.88,122.485,61.165,0.023114886304144138,0.0883380281480669,5,8,1,4,0.0,0.0,0.0,0.625,1.0,0.125,0.5,debit_card,DE,EUR
PM_000602,4,0,0,0,0,221.10000000000002,55.275000000000006,41.8,0.023106913088285098,0.0825882106396218,2,4,1,0,0.0,0.0,0.0,0.5,1.0,0.25,0.0,credit_card,ES,EUR
PM_008107,7,0,0,0,0,382.7,54.67142857142857,41.54,0.023090416763004613,0.060281678775595,5,6,3,2,0.0,0.0,0.0,0.7142857142857143,0.8571428571428571,0.42857142857142855,0.2857142857142857,wallet,IT,EUR
PM_011240,4,0,0,0,0,209.23000000000002,52.307500000000005,50.725,0.0230815287512155,0.0819163074061872,2,4,0,3,0.0,0.0,0.0,0.5,1.0,0.0,0.75,credit_card,US,EUR
PM_011571,5,0,0,0,0,1310.1499999999999,262.03,151.39,0.02302116508714463,0.1121977681643155,1,2,2,0,0.0,0.0,0.0,0.2,0.4,0.4,0.0,debit_card,ES,EUR
PM_009236,6,0,0,0,0,1297.96,216.32666666666668,235.405,0.023017032834800333,0.111175890565281,3,6,1,0,0.0,0.0,0.0,0.5,1.0,0.16666666666666666,0.0,wallet,PT,EUR
PM_009045,35,0,0,0,0,5893.5199999999995,168.3862857142857,113.37,0.02301602361988826,0.2196393329877076,19,29,2,1,0.0,0.0,0.0,0.5428571428571428,0.8285714285714286,0.05714285714285714,0.02857142857142857,credit_card,ES,EUR
PM_007844,5,0,0,0,0,275.79,55.158,57.56,0.02300162357631998,0.1072875598092639,3,5,2,5,0.0,0.0,0.0,0.6,1.0,0.4,1.0,credit_card,US,EUR
PM_006980,6,0,0,0,0,180.26,30.043333333333333,23.634999999999998,0.022975891285083264,0.0732440869412995,3,6,0,1,0.0,0.0,0.0,0.5,1.0,0.0,0.16666666666666666,credit_card,US,EUR
PM_011869,19,0,0,0,0,2189.16,115.21894736842104,70.25,0.02297057467980254,0.3831732954570925,8,19,2,1,0.0,0.0,0.0,0.42105263157894735,1.0,0.10526315789473684,0.05263157894736842,debit_card,PT,EUR
PM_010122,8,0,0,0,0,815.22,101.9025,70.88,0.022969793875987226,0.0985841269746113,3,8,1,0,0.0,0.0,0.0,0.375,1.0,0.125,0.0,debit_card,US,EUR
PM_006539,7,0,0,0,0,869.78,124.25428571428571,61.34,0.022945428287409357,0.0531814113527978,2,2,0,6,0.0,0.0,0.0,0.2857142857142857,0.2857142857142857,0.0,0.8571428571428571,bank_transfer,ES,EUR
PM_003564,5,0,0,0,0,382.71000000000004,76.542,38.63,0.02292981091732778,0.1130805878415706,2,5,0,0,0.0,0.0,0.0,0.4,1.0,0.0,0.0,debit_card,DE,EUR
PM_002633,16,0,0,0,0,1312.45,82.028125,66.475,0.022918911643574433,0.1677376009055747,7,16,2,6,0.0,0.0,0.0,0.4375,1.0,0.125,0.375,debit_card,IT,EUR
PM_004381,9,0,0,0,0,597.91,66.43444444444444,56.85,0.022911162642243424,0.1253199040699896,7,9,3,5,0.0,0.0,0.0,0.7777777777777778,1.0,0.3333333333333333,0.5555555555555556,wallet,ES,EUR
PM_008966,6,0,0,0,0,195.9,32.65,29.340000000000003,0.02290696136057978,0.105826387101077,4,6,1,0,0.0,0.0,0.0,0.6666666666666666,1.0,0.16666666666666666,0.0,wallet,ES,EUR
PM_009310,11,0,0,0,0,2740.49,249.13545454545454,269.65,0.022905378688749513,0.0765180932512289,1,7,0,0,0.0,0.0,0.0,0.09090909090909091,0.6363636363636364,0.0,0.0,credit_card,ES,EUR
PM_004730,10,0,0,0,0,626.3,62.629999999999995,26.935000000000002,0.022887621524354092,0.1704577801276353,2,10,3,0,0.0,0.0,0.0,0.2,1.0,0.3,0.0,credit_card,FR,EUR
PM_005789,8,0,0,0,0,667.0,83.375,42.885000000000005,0.022886678558469535,0.0841728274899483,5,5,1,2,0.0,0.0,0.0,0.625,0.625,0.125,0.25,debit_card,FR,EUR
PM_011735,6,0,0,0,0,210.54000000000002,35.09,17.895,0.022884014802456235,0.047770736455477,3,6,0,0,0.0,0.0,0.0,0.5,1.0,0.0,0.0,credit_card,FR,EUR
PM_007093,6,0,0,0,0,292.35,48.725,59.845,0.022848361511466214,0.0629876840681856,5,6,1,4,0.0,0.0,0.0,0.8333333333333334,1.0,0.16666666666666666,0.6666666666666666,wallet,DE,EUR
PM_003272,6,0,0,0,0,1257.86,209.64333333333332,220.44,0.022842027011932598,0.0617711916469974,3,6,1,3,0.0,0.0,0.0,0.5,1.0,0.16666666666666666,0.5,wallet,US,EUR
PM_005099,8,0,0,0,0,753.51,94.18875,44.21,0.0228237708867884,0.086202012916402,4,8,1,0,0.0,0.0,0.0,0.5,1.0,0.125,0.0,credit_card,GB,EUR
PM_010978,7,0,0,0,0,1330.45,190.06428571428572,119.81,0.02279392606373443,0.0982986739207219,5,7,2,0,0.0,0.0,0.0,0.7142857142857143,1.0,0.2857142857142857,0.0,credit_card,US,EUR
PM_009385,6,0,0,0,0,594.0600000000001,99.01,38.85,0.022789804115291936,0.0798375110897901,2,6,0,0,0.0,0.0,0.0,0.3333333333333333,1.0,0.0,0.0,debit_card,GB,EUR
PM_007334,5,0,0,0,0,382.46000000000004,76.492,70.87,0.02272892982108918,0.1030995698674031,2,4,0,3,0.0,0.0,0.0,0.4,0.8,0.0,0.6,bank_transfer,DE,EUR
PM_008249,12,0,0,0,0,1093.18,91.09833333333334,53.585,0.022689706270384025,0.2020204203163548,6,12,3,3,0.0,0.0,0.0,0.5,1.0,0.25,0.25,credit_card,US,EUR
PM_001433,3,0,0,0,0,383.89,127.96333333333332,142.15,0.022630781369346167,0.0617368519252221,2,3,1,0,0.0,0.0,0.0,0.6666666666666666,1.0,0.3333333333333333,0.0,credit_card,US,EUR
PM_000579,3,0,0,0,0,70.52,23.506666666666664,23.15,0.022531402488468296,0.0673770444983188,1,3,0,2,0.0,0.0,0.0,0.3333333333333333,1.0,0.0,0.6666666666666666,bank_transfer,DE,EUR
PM_000157,9,0,0,0,0,1178.55,130.95,113.1,0.02252530739655877,0.1151963840907024,4,7,2,0,0.0,0.0,0.0,0.4444444444444444,0.7777777777777778,0.2222222222222222,0.0,credit_card,PT,EUR
PM_002273,7,0,0,0,0,1800.48,257.2114285714286,112.52,0.02249810719044626,0.0684241017521312,3,7,2,0,0.0,0.0,0.0,0.42857142857142855,1.0,0.2857142857142857,0.0,wallet,DE,EUR
PM_006240,3,0,0,0,0,281.14,93.71333333333332,99.21,0.022487971140877,0.0465532114828546,1,3,0,2,0.0,0.0,0.0,0.3333333333333333,1.0,0.0,0.6666666666666666,wallet,GB,EUR
PM_005207,4,0,0,0,0,417.9,104.475,70.03999999999999,0.022486189121577727,0.0791445256318356,1,4,1,0,0.0,0.0,0.0,0.25,1.0,0.25,0.0,debit_card,PT,EUR
PM_000724,4,0,0,0,0,686.81,171.7025,163.37,0.02248260573922615,0.0598874530908746,2,4,1,1,0.0,0.0,0.0,0.5,1.0,0.25,0.25,credit_card,GB,EUR
PM_002092,3,0,0,0,0,167.13,55.71,64.77,0.0224428738635956,0.061464533258598,2,2,1,0,0.0,0.0,0.0,0.6666666666666666,0.6666666666666666,0.3333333333333333,0.0,wallet,ES,EUR
PM_002702,4,0,0,0,0,464.22,116.055,125.99000000000001,0.02243930617576265,0.0642871729178608,3,4,1,0,0.0,0.0,0.0,0.75,1.0,0.25,0.0,wallet,IT,EUR
PM_010066,17,0,0,0,0,1468.73,86.39588235294117,52.62,0.022410290263291725,0.2296781141873344,9,15,2,0,0.0,0.0,0.0,0.5294117647058824,0.8823529411764706,0.11764705882352941,0.0,debit_card,ES,EUR
PM_011042,8,0,0,0,0,1048.35,131.04375,54.95,0.022405965038248123,0.1052417159883992,3,8,1,2,0.0,0.0,0.0,0.375,1.0,0.125,0.25,debit_card,FR,EUR
PM_001098,24,0,0,0,0,4470.16,186.25666666666666,114.69,0.02239650284286997,0.2729808318055865,12,24,4,4,0.0,0.0,0.0,0.5,1.0,0.16666666666666666,0.16666666666666666,debit_card,DE,EUR
PM_001545,6,0,0,0,0,1066.4099999999999,177.73499999999999,150.75,0.022368166861511617,0.0663174496762531,3,6,0,0,0.0,0.0,0.0,0.5,1.0,0.0,0.0,credit_card,IT,EUR
PM_000444,3,0,0,0,0,476.77000000000004,158.92333333333335,84.33,0.022342396249672266,0.0421214551058329,2,3,0,3,0.0,0.0,0.0,0.6666666666666666,1.0,0.0,1.0,debit_card,FR,EUR
PM_003145,4,0,0,0,0,294.45,73.6125,75.57,0.022314308640903224,0.0550199235790764,2,4,0,0,0.0,0.0,0.0,0.5,1.0,0.0,0.0,credit_card,GB,EUR
PM_007964,6,0,0,0,0,335.76,55.96,14.024999999999999,0.022305187883512,0.1159820242945877,2,6,0,0,0.0,0.0,0.0,0.3333333333333333,1.0,0.0,0.0,wallet,PT,EUR
PM_008863,17,0,0,0,0,2395.81,140.93,79.82,0.022266432078737245,0.1590443755610892,5,8,3,0,0.0,0.0,0.0,0.29411764705882354,0.47058823529411764,0.17647058823529413,0.0,credit_card,ES,EUR
PM_000110,10,0,0,0,0,1080.87,108.08699999999999,77.86,0.022261978290916726,0.1782046949082242,6,7,1,6,0.0,0.0,0.0,0.6,0.7,0.1,0.6,credit_card,ES,EUR
PM_000713,8,0,0,0,0,617.5799999999999,77.19749999999999,74.715,0.022247257380751433,0.1689223491972712,5,8,3,2,0.0,0.0,0.0,0.625,1.0,0.375,0.25,credit_card,DE,EUR
PM_001316,8,0,0,0,0,679.68,84.96,66.055,0.02219058101084089,0.1162362914875917,2,8,0,0,0.0,0.0,0.0,0.25,1.0,0.0,0.0,debit_card,US,EUR
PM_011367,4,0,0,0,0,403.86,100.965,65.415,0.022180784801097957,0.0441016517677653,0,2,0,2,0.0,0.0,0.0,0.0,0.5,0.0,0.5,credit_card,ES,EUR
PM_010836,6,0,0,0,0,513.5699999999999,85.59499999999998,47.86,0.022166304782622503,0.104652955041924,3,6,5,2,0.0,0.0,0.0,0.5,1.0,0.8333333333333334,0.3333333333333333,debit_card,ES,EUR
PM_010937,4,0,0,0,0,203.85999999999999,50.964999999999996,35.099999999999994,0.022133873204062873,0.0815060075022306,2,4,0,1,0.0,0.0,0.0,0.5,1.0,0.0,0.25,credit_card,ES,EUR
PM_007924,3,0,0,0,0,223.64000000000001,74.54666666666667,25.93,0.022080453660335633,0.0450579762845222,0,3,0,1,0.0,0.0,0.0,0.0,1.0,0.0,0.3333333333333333,credit_card,IT,EUR
PM_004661,6,0,0,0,0,633.95,105.65833333333335,110.39000000000001,0.022047267216442012,0.1252539630764891,3,6,1,2,0.0,0.0,0.0,0.5,1.0,0.16666666666666666,0.3333333333333333,credit_card,ES,EUR
PM_011381,4,0,0,0,0,920.57,230.1425,256.02500000000003,0.0219730178702676,0.0834828599989723,1,4,0,1,0.0,0.0,0.0,0.25,1.0,0.0,0.25,credit_card,GB,EUR
PM_006830,5,0,0,0,0,357.90000000000003,71.58000000000001,42.76,0.021955541912478303,0.0667246956371975,1,5,0,0,0.0,0.0,0.0,0.2,1.0,0.0,0.0,credit_card,FR,EUR
PM_001468,3,0,0,0,0,328.95,109.64999999999999,59.52,0.021914103851935266,0.0631602755191461,1,3,2,0,0.0,0.0,0.0,0.3333333333333333,1.0,0.6666666666666666,0.0,credit_card,GB,EUR
PM_002376,5,0,0,0,0,116.8,23.36,23.7,0.02191169528917064,0.107484632642104,3,5,1,4,0.0,0.0,0.0,0.6,1.0,0.2,0.8,wallet,DE,EUR
PM_011632,7,0,0,0,0,572.72,81.81714285714285,50.37,0.021895132702646786,0.0726507524089539,2,6,0,2,0.0,0.0,0.0,0.2857142857142857,0.8571428571428571,0.0,0.2857142857142857,debit_card,FR,EUR
PM_007281,3,0,0,0,0,158.57,52.85666666666666,54.61,0.021865322598542705,0.0649177676969595,2,3,0,1,0.0,0.0,0.0,0.6666666666666666,1.0,0.0,0.3333333333333333,wallet,FR,EUR
PM_011212,4,0,0,0,0,603.43,150.8575,59.849999999999994,0.021856126165966026,0.0581976311597321,1,4,1,1,0.0,0.0,0.0,0.25,1.0,0.25,0.25,credit_card,DE,EUR
PM_006175,6,0,0,0,0,554.65,92.44166666666666,89.53999999999999,0.021805310516884367,0.1239042494854541,6,6,0,0,0.0,0.0,0.0,1.0,1.0,0.0,0.0,credit_card,IT,EUR
PM_002079,8,0,0,0,0,453.69,56.71125,35.3,0.021780040610576562,0.0781050775199206,2,2,1,0,0.0,0.0,0.0,0.25,0.25,0.125,0.0,credit_card,ES,EUR
PM_005008,11,0,0,0,0,844.5500000000001,76.77727272727273,54.56,0.02177061615691596,0.143078192725811,7,9,3,1,0.0,0.0,0.0,0.6363636363636364,0.8181818181818182,0.2727272727272727,0.09090909090909091,credit_card,IT,EUR
PM_005161,13,0,0,0,0,1071.49,82.4223076923077,76.11,0.021730192141721307,0.0711407800398638,8,13,2,10,0.0,0.0,0.0,0.6153846153846154,1.0,0.15384615384615385,0.7692307692307693,credit_card,PT,EUR
PM_005737,4,0,0,0,0,398.02,99.505,43.82,0.021726959129095,0.0491299573956902,2,4,0,0,0.0,0.0,0.0,0.5,1.0,0.0,0.0,credit_card,US,EUR
PM_002355,8,0,0,0,0,738.11,92.26375,99.875,0.021649439604292112,0.1101378252168382,4,8,1,0,0.0,0.0,0.0,0.5,1.0,0.125,0.0,wallet,GB,EUR
PM_010739,4,0,0,0,0,174.74,43.685,24.56,0.021629532324117472,0.0531308832613657,2,4,0,0,0.0,0.0,0.0,0.5,1.0,0.0,0.0,credit_card,FR,EUR
PM_007488,5,0,0,0,0,245.76,49.152,49.97,0.021612845519035022,0.0503324584489045,0,0,0,5,0.0,0.0,0.0,0.0,0.0,0.0,1.0,credit_card,IT,EUR
PM_000136,5,1,0,0,0,618.57,123.71400000000001,146.07,0.02158147292190014,0.0625992561166161,4,5,0,0,0.2,0.0,0.0,0.8,1.0,0.0,0.0,credit_card,ES,EUR
PM_011375,3,0,0,0,0,686.26,228.75333333333333,137.02,0.021563434324565502,0.0500556751240074,0,0,0,0,0.0,0.0,0.0,0.0,0.0,0.0,0.0,debit_card,DE,EUR
PM_008824,3,0,0,0,0,97.89,32.63,28.87,0.021509446616387134,0.0620611564914808,0,1,1,0,0.0,0.0,0.0,0.0,0.3333333333333333,0.3333333333333333,0.0,wallet,ES,EUR
PM_003036,4,0,0,0,0,814.3,203.575,178.64,0.02150063361700275,0.0712874719121507,1,4,0,2,0.0,0.0,0.0,0.25,1.0,0.0,0.5,debit_card,DE,EUR
PM_003920,7,0,0,0,0,586.64,83.80571428571429,83.55,0.02147098884732123,0.0924288649157566,4,6,1,0,0.0,0.0,0.0,0.5714285714285714,0.8571428571428571,0.14285714285714285,0.0,debit_card,ES,EUR
PM_004169,14,0,0,0,0,1503.0900000000001,107.36357142857143,82.82,0.0214655666164873,0.0777466764948198,11,14,2,0,0.0,0.0,0.0,0.7857142857142857,1.0,0.14285714285714285,0.0,wallet,ES,EUR
PM_001043,6,0,0,0,0,310.95,51.824999999999996,47.83,0.021463848133825566,0.0670224730589276,4,6,0,2,0.0,0.0,0.0,0.6666666666666666,1.0,0.0,0.3333333333333333,credit_card,FR,EUR
PM_011694,4,0,0,0,0,539.8,134.95,113.835,0.0214543927039526,0.0523473758763787,3,4,0,2,0.0,0.0,0.0,0.75,1.0,0.0,0.5,credit_card,US,EUR
PM_008845,6,0,0,0,0,1005.2199999999999,167.53666666666666,171.13,0.021451588171208517,0.0906013852339048,4,6,0,0,0.0,0.0,0.0,0.6666666666666666,1.0,0.0,0.0,debit_card,IT,EUR
PM_008276,4,0,0,0,0,1021.83,255.4575,232.31,0.021428947186525774,0.045049376489709,2,4,0,0,0.0,0.0,0.0,0.5,1.0,0.0,0.0,bank_transfer,PT,EUR
PM_011191,6,0,0,0,0,498.66999999999996,83.11166666666666,46.365,0.02140896516216367,0.1188478020803182,6,6,2,1,0.0,0.0,0.0,1.0,1.0,0.3333333333333333,0.16666666666666666,wallet,ES,EUR
PM_010096,10,0,0,0,0,1018.3199999999999,101.832,93.365,0.02139615891608495,0.1204174567758879,8,10,3,0,0.0,0.0,0.0,0.8,1.0,0.3,0.0,wallet,DE,EUR
PM_002978,8,0,0,0,0,935.76,116.97,51.615,0.0213761836320713,0.1505824707408366,2,4,1,0,0.0,0.0,0.0,0.25,0.5,0.125,0.0,credit_card,ES,EUR
PM_000271,4,0,0,0,0,830.02,207.505,249.47000000000003,0.02135535796682085,0.0680942053191193,1,3,0,2,0.0,0.0,0.0,0.25,0.75,0.0,0.5,credit_card,ES,EUR
PM_004858,9,0,0,0,0,1469.1,163.23333333333332,113.62,0.021339656619596,0.0917185753522569,5,9,1,4,0.0,0.0,0.0,0.5555555555555556,1.0,0.1111111111111111,0.4444444444444444,bank_transfer,FR,EUR
PM_005019,3,0,0,0,0,559.24,186.41333333333333,68.04,0.021335835463181168,0.0609828981408364,3,3,0,0,0.0,0.0,0.0,1.0,1.0,0.0,0.0,wallet,ES,EUR
PM_011558,7,0,0,0,0,473.7,67.67142857142856,32.07,0.021330510769193286,0.0959406262708652,4,7,0,6,0.0,0.0,0.0,0.5714285714285714,1.0,0.0,0.8571428571428571,wallet,US,EUR
PM_001973,9,0,0,0,0,1503.1100000000001,167.01222222222225,114.43,0.02130796918945167,0.077652626238607,4,9,2,0,0.0,0.0,0.0,0.4444444444444444,1.0,0.2222222222222222,0.0,credit_card,ES,EUR
PM_006370,6,0,0,0,0,384.74,64.12333333333333,50.945,0.021294292059887903,0.0677739555763267,1,1,0,0,0.0,0.0,0.0,0.16666666666666666,0.16666666666666666,0.0,0.0,debit_card,ES,EUR
PM_008175,4,0,0,0,0,165.87,41.4675,40.35,0.021292320468844824,0.0844648874047045,1,2,1,0,0.0,0.0,0.0,0.25,0.5,0.25,0.0,debit_card,ES,EUR
PM_008888,10,0,0,0,0,2257.2400000000002,225.72400000000002,138.595,0.021288082868996895,0.1654955129690526,5,10,1,1,0.0,0.0,0.0,0.5,1.0,0.1,0.1,credit_card,PT,EUR
PM_010205,13,0,0,0,0,2688.14,206.78,104.31,0.02127496528514066,0.2183071633113919,6,13,1,2,0.0,0.0,0.0,0.46153846153846156,1.0,0.07692307692307693,0.15384615384615385,credit_card,US,EUR
PM_005134,8,0,0,0,0,1129.44,141.18,146.53500000000003,0.021249259341273526,0.071180814690029,6,8,1,0,0.0,0.0,0.0,0.75,1.0,0.125,0.0,credit_card,FR,EUR
PM_007078,4,0,0,0,0,486.13,121.5325,105.73500000000001,0.021240497763664774,0.0387807664686701,1,1,0,1,0.0,0.0,0.0,0.25,0.25,0.0,0.25,credit_card,DE,EUR
PM_007560,6,0,0,0,0,386.36,64.39333333333333,62.2,0.021233467256765132,0.1058922359703724,1,6,0,0,0.0,0.0,0.0,0.16666666666666666,1.0,0.0,0.0,credit_card,FR,EUR
PM_006866,7,0,0,0,0,855.04,122.14857142857143,124.27,0.021230577374569636,0.1331301827677678,4,7,1,1,0.0,0.0,0.0,0.5714285714285714,1.0,0.14285714285714285,0.14285714285714285,bank_transfer,GB,EUR
PM_009825,4,0,0,0,0,346.57,86.6425,83.625,0.02121545714161625,0.0430126396487975,2,3,1,2,0.0,0.0,0.0,0.5,0.75,0.25,0.5,debit_card,ES,EUR
PM_002872,7,0,0,0,0,514.46,73.49428571428572,41.69,0.021206573533758884,0.0677773820892928,4,7,1,1,0.0,0.0,0.0,0.5714285714285714,1.0,0.14285714285714285,0.14285714285714285,wallet,ES,EUR
PM_003900,14,0,0,0,0,835.49,59.67785714285714,53.480000000000004,0.0211945529212998,0.1758388826156818,6,14,3,1,0.0,0.0,0.0,0.42857142857142855,1.0,0.21428571428571427,0.07142857142857142,bank_transfer,GB,EUR
PM_000774,4,0,0,0,0,440.36,110.09,104.135,0.0211818887093506,0.0810084464633285,2,4,0,4,0.0,0.0,0.0,0.5,1.0,0.0,1.0,bank_transfer,US,EUR
PM_001179,15,0,0,0,0,710.34,47.356,30.66,0.021174028557296054,0.1404509783515163,6,15,1,5,0.0,0.0,0.0,0.4,1.0,0.06666666666666667,0.3333333333333333,credit_card,FR,EUR
PM_003293,4,0,0,0,0,484.31,121.0775,58.92,0.021165222435198524,0.0822615002688261,3,4,0,3,0.0,0.0,0.0,0.75,1.0,0.0,0.75,credit_card,ES,EUR
PM_007107,18,0,0,0,0,1623.77,90.20944444444444,55.49,0.02114414516384873,0.1953946799261326,13,18,3,1,0.0,0.0,0.0,0.7222222222222222,1.0,0.16666666666666666,0.05555555555555555,debit_card,ES,EUR
PM_010609,8,1,0,0,0,1576.2800000000002,197.03500000000003,122.35499999999999,0.021127094646502618,0.1242900892334577,3,5,1,1,0.125,0.0,0.0,0.375,0.625,0.125,0.125,credit_card,FR,EUR
PM_008973,10,1,0,0,0,879.29,87.929,68.53,0.021126464636767144,0.0502204107744781,4,5,3,1,0.1,0.0,0.0,0.4,0.5,0.3,0.1,credit_card,ES,EUR
PM_000762,11,0,0,0,0,698.29,63.48090909090909,51.4,0.021088801372801644,0.1180592417507232,7,10,1,4,0.0,0.0,0.0,0.6363636363636364,0.9090909090909091,0.09090909090909091,0.36363636363636365,debit_card,ES,EUR
PM_004993,4,0,0,0,0,384.24,96.06,42.61,0.021087153164633873,0.0810152687439619,2,4,0,0,0.0,0.0,0.0,0.5,1.0,0.0,0.0,credit_card,FR,EUR
PM_004579,8,0,0,0,0,307.19,38.39875,27.3,0.021050905532377037,0.0768072939785003,2,4,3,0,0.0,0.0,0.0,0.25,0.5,0.375,0.0,credit_card,ES,EUR
PM_000107,4,0,0,0,0,311.99,77.9975,51.09,0.021030744261372098,0.0463569647591907,2,4,1,0,0.0,0.0,0.0,0.5,1.0,0.25,0.0,wallet,ES,EUR
PM_010611,5,0,0,0,0,1415.24,283.048,134.4,0.02101496423551698,0.0524447047144679,1,2,1,0,0.0,0.0,0.0,0.2,0.4,0.2,0.0,debit_card,ES,EUR
PM_005983,5,0,0,0,0,418.39,83.678,48.85,0.0210129473880523,0.0709998678368954,4,5,2,0,0.0,0.0,0.0,0.8,1.0,0.4,0.0,credit_card,DE,EUR
PM_006981,9,0,0,0,0,683.8800000000001,75.98666666666668,49.92,0.0209568158568155,0.0642425113093732,5,9,3,0,0.0,0.0,0.0,0.5555555555555556,1.0,0.3333333333333333,0.0,credit_card,ES,EUR
PM_004875,3,0,0,0,0,328.49,109.49666666666667,64.21,0.020940200091952497,0.0301948294735742,2,3,0,0,0.0,0.0,0.0,0.6666666666666666,1.0,0.0,0.0,wallet,FR,EUR
PM_005409,7,0,0,0,0,439.43,62.77571428571429,44.63,0.02092492140819082,0.0643130149024843,5,7,1,0,0.0,0.0,0.0,0.7142857142857143,1.0,0.14285714285714285,0.0,wallet,US,EUR
PM_000302,7,0,0,0,0,805.94,115.13428571428572,129.86,0.02091658568683697,0.0511294905785886,3,7,1,0,0.0,0.0,0.0,0.42857142857142855,1.0,0.14285714285714285,0.0,credit_card,US,EUR
PM_007028,9,0,0,0,0,877.5,97.5,44.91,0.02085424364671249,0.0949880685609788,6,9,2,0,0.0,0.0,0.0,0.6666666666666666,1.0,0.2222222222222222,0.0,wallet,ES,EUR
PM_011453,13,0,0,0,0,1828.1699999999998,140.62846153846152,94.39,0.020850812834411224,0.1578321679033343,7,13,1,3,0.0,0.0,0.0,0.5384615384615384,1.0,0.07692307692307693,0.23076923076923078,bank_transfer,FR,EUR
PM_001216,7,0,0,0,0,903.9100000000001,129.13000000000002,75.57,0.02084573090921546,0.1094378997699532,3,7,1,0,0.0,0.0,0.0,0.42857142857142855,1.0,0.14285714285714285,0.0,wallet,ES,EUR
PM_011947,18,0,0,0,0,999.51,55.528333333333336,32.34,0.020842166763312023,0.2029718122628027,9,18,4,0,0.0,0.0,0.0,0.5,1.0,0.2222222222222222,0.0,debit_card,PT,EUR
PM_000826,5,0,0,0,0,1193.18,238.63600000000002,109.95,0.02084182453857374,0.100268728850353,2,5,1,0,0.0,0.0,0.0,0.4,1.0,0.2,0.0,wallet,FR,EUR
PM_010134,3,0,0,0,0,155.81,51.93666666666667,27.54,0.020755451146433897,0.0380601831988458,3,3,1,0,0.0,0.0,0.0,1.0,1.0,0.3333333333333333,0.0,credit_card,ES,EUR
PM_000360,6,0,0,0,0,1798.21,299.70166666666665,271.945,0.020705001480868755,0.0849362647197148,4,6,0,0,0.0,0.0,0.0,0.6666666666666666,1.0,0.0,0.0,bank_transfer,ES,EUR
PM_003563,7,0,0,0,0,1663.16,237.59428571428572,81.47,0.020702252781004397,0.1034691096735729,5,7,0,4,0.0,0.0,0.0,0.7142857142857143,1.0,0.0,0.5714285714285714,bank_transfer,US,EUR
PM_007367,7,0,0,0,0,255.93,36.56142857142857,34.34,0.020654662637190173,0.0719502107160315,2,6,1,1,0.0,0.0,0.0,0.2857142857142857,0.8571428571428571,0.14285714285714285,0.14285714285714285,credit_card,PT,EUR
PM_000641,8,0,0,0,0,1246.02,155.7525,157.55,0.020641470162932548,0.0749869120006962,2,8,1,0,0.0,0.0,0.0,0.25,1.0,0.125,0.0,credit_card,PT,EUR
PM_003237,7,0,0,0,0,776.21,110.88714285714286,76.99,0.020623170464874545,0.0810148591343258,5,5,1,3,0.0,0.0,0.0,0.7142857142857143,0.7142857142857143,0.14285714285714285,0.42857142857142855,credit_card,ES,EUR
PM_006595,5,0,0,0,0,118.89,23.778,21.53,0.020618657442811,0.0985071662367056,1,4,3,0,0.0,0.0,0.0,0.2,0.8,0.6,0.0,wallet,ES,EUR
PM_006909,12,0,0,0,0,2279.7000000000003,189.97500000000002,97.26,0.0205361066393173,0.1866813256520262,3,12,1,12,0.0,0.0,0.0,0.25,1.0,0.08333333333333333,1.0,bank_transfer,PT,EUR
PM_011526,7,0,0,0,0,2120.6400000000003,302.9485714285715,124.09,0.020536106342687484,0.1375683117911534,1,6,2,0,0.0,0.0,0.0,0.14285714285714285,0.8571428571428571,0.2857142857142857,0.0,debit_card,IT,EUR
PM_008652,7,0,0,0,0,261.33,37.332857142857144,29.69,0.020450589703944914,0.0811078107672719,5,7,1,2,0.0,0.0,0.0,0.7142857142857143,1.0,0.14285714285714285,0.2857142857142857,wallet,PT,EUR
PM_000998,8,0,0,0,0,715.71,89.46375,82.5,0.0204331325627746,0.1511059223494963,3,8,2,2,0.0,0.0,0.0,0.375,1.0,0.25,0.25,credit_card,US,EUR
PM_009154,7,0,0,0,0,389.19,55.598571428571425,37.78,0.02042558419038823,0.0832063801920043,2,3,1,0,0.0,0.0,0.0,0.2857142857142857,0.42857142857142855,0.14285714285714285,0.0,credit_card,ES,EUR
PM_007807,7,0,0,0,0,701.6999999999999,100.24285714285713,101.93,0.02042146942784537,0.1327227268122683,3,7,0,0,0.0,0.0,0.0,0.42857142857142855,1.0,0.0,0.0,credit_card,DE,EUR
PM_008213,10,0,0,0,0,552.1999999999999,55.21999999999999,34.129999999999995,0.02038112048562104,0.1238125107519284,7,7,1,0,0.0,0.0,0.0,0.7,0.7,0.1,0.0,credit_card,ES,EUR
PM_002572,10,0,0,0,0,758.79,75.87899999999999,46.230000000000004,0.02033610500373733,0.1798279576529764,2,10,2,0,0.0,0.0,0.0,0.2,1.0,0.2,0.0,credit_card,US,EUR
PM_007447,4,0,0,0,0,490.23,122.5575,123.82,0.02033426305238395,0.0772574832710517,1,4,0,0,0.0,0.0,0.0,0.25,1.0,0.0,0.0,debit_card,IT,EUR
PM_003730,3,0,0,0,0,565.96,188.65333333333334,265.29,0.020326974135816665,0.0601253725404245,1,1,0,2,0.0,0.0,0.0,0.3333333333333333,0.3333333333333333,0.0,0.6666666666666666,credit_card,ES,EUR
PM_011413,3,0,0,0,0,582.26,194.08666666666667,86.36,0.02029337011940253,0.0438290934959152,3,3,0,3,0.0,0.0,0.0,1.0,1.0,0.0,1.0,credit_card,ES,EUR
PM_009869,4,0,0,0,0,535.36,133.84,85.255,0.0202856786540275,0.0795893562188851,1,4,1,0,0.0,0.0,0.0,0.25,1.0,0.25,0.0,credit_card,IT,EUR
PM_002766,14,0,0,0,0,1527.05,109.075,80.825,0.020285373077565012,0.2286827725676489,7,14,4,6,0.0,0.0,0.0,0.5,1.0,0.2857142857142857,0.42857142857142855,credit_card,IT,EUR
PM_006134,8,0,0,0,0,1783.21,222.90125,31.385,0.020283602263157667,0.1442358738091788,4,8,2,1,0.0,0.0,0.0,0.5,1.0,0.25,0.125,credit_card,US,EUR
PM_010535,14,0,0,0,0,842.98,60.212857142857146,24.43,0.020276870551587084,0.1971166061303129,8,10,1,0,0.0,0.0,0.0,0.5714285714285714,0.7142857142857143,0.07142857142857142,0.0,debit_card,ES,EUR
PM_009254,3,0,0,0,0,1021.28,340.4266666666667,137.16,0.0202290333787005,0.0588679554566358,2,3,0,3,0.0,0.0,0.0,0.6666666666666666,1.0,0.0,1.0,debit_card,ES,EUR
PM_000394,3,0,0,0,0,236.39,78.79666666666667,29.35,0.020208064635240067,0.0356268956646095,3,3,0,0,0.0,0.0,0.0,1.0,1.0,0.0,0.0,credit_card,ES,EUR
PM_011714,4,0,0,0,0,555.9,138.975,63.635,0.0201768831892957,0.0738044342728822,2,4,2,4,0.0,0.0,0.0,0.5,1.0,0.5,1.0,credit_card,US,EUR
PM_010436,3,0,0,0,0,731.2900000000001,243.76333333333335,51.47,0.0201624832607282,0.0469521740596089,0,3,0,1,0.0,0.0,0.0,0.0,1.0,0.0,0.3333333333333333,credit_card,US,EUR
PM_007308,4,0,0,0,0,143.88,35.97,36.05,0.02011771391230075,0.0564876685363044,2,4,0,0,0.0,0.0,0.0,0.5,1.0,0.0,0.0,debit_card,ES,EUR
PM_000088,6,0,0,0,0,314.71,52.45166666666666,43.265,0.020095205804768482,0.0966098021042144,3,6,1,1,0.0,0.0,0.0,0.5,1.0,0.16666666666666666,0.16666666666666666,debit_card,US,EUR
PM_001228,9,0,0,0,0,1062.99,118.11,62.9,0.02006520413880339,0.0962202154858177,3,8,1,0,0.0,0.0,0.0,0.3333333333333333,0.8888888888888888,0.1111111111111111,0.0,wallet,ES,EUR
PM_011110,17,0,0,0,0,2933.27,172.54529411764705,94.27,0.019990163083459835,0.1350683095356113,7,17,3,0,0.0,0.0,0.0,0.4117647058823529,1.0,0.17647058823529413,0.0,credit_card,FR,EUR
PM_001729,5,0,0,0,0,803.46,160.692,147.58,0.01995672712052033,0.0622463575306943,2,3,1,0,0.0,0.0,0.0,0.4,0.6,0.2,0.0,credit_card,ES,EUR
PM_007159,8,0,0,0,0,1453.3899999999999,181.67374999999998,160.59,0.019950282504105413,0.0547763890383828,3,8,0,0,0.0,0.0,0.0,0.375,1.0,0.0,0.0,credit_card,US,EUR
PM_009161,3,0,0,0,0,291.36,97.12,66.61,0.019923915514607166,0.0442368270355229,2,3,1,2,0.0,0.0,0.0,0.6666666666666666,1.0,0.3333333333333333,0.6666666666666666,credit_card,US,EUR
PM_006223,3,0,0,0,0,431.62,143.87333333333333,133.65,0.019912950246235402,0.0471827119353905,2,3,0,0,0.0,0.0,0.0,0.6666666666666666,1.0,0.0,0.0,credit_card,PT,EUR
PM_000830,11,0,0,0,0,1053.28,95.75272727272727,47.25,0.019906760270728793,0.1817144365261614,5,11,1,0,0.0,0.0,0.0,0.45454545454545453,1.0,0.09090909090909091,0.0,credit_card,ES,EUR
PM_006864,4,0,0,0,0,113.72999999999999,28.432499999999997,17.755,0.0198914977788786,0.0787111064928713,3,4,0,4,0.0,0.0,0.0,0.75,1.0,0.0,1.0,credit_card,GB,EUR
PM_000425,4,0,0,0,0,306.22,76.555,53.55,0.019872034135556427,0.0589318165999666,2,4,2,0,0.0,0.0,0.0,0.5,1.0,0.5,0.0,credit_card,DE,EUR
PM_000508,18,0,0,0,0,1967.1,109.28333333333333,91.1,0.0198547486851441,0.2243981896638835,9,18,3,0,0.0,0.0,0.0,0.5,1.0,0.16666666666666666,0.0,debit_card,US,EUR
PM_009453,3,0,0,0,0,266.42,88.80666666666667,84.02,0.019829186284054664,0.0584652639657609,3,3,0,0,0.0,0.0,0.0,1.0,1.0,0.0,0.0,credit_card,PT,EUR
PM_001555,20,0,0,0,0,1921.78,96.089,78.52,0.019805040221490666,0.2042640473934633,9,20,1,9,0.0,0.0,0.0,0.45,1.0,0.05,0.45,debit_card,PT,EUR
PM_009071,13,0,0,0,0,2062.5099999999998,158.65461538461537,94.98,0.01976395124362547,0.0699199031252506,9,13,2,4,0.0,0.0,0.0,0.6923076923076923,1.0,0.15384615384615385,0.3076923076923077,credit_card,US,EUR
PM_007471,5,0,0,0,0,346.28,69.256,28.9,0.019759114009236807,0.0579605086808857,3,5,0,0,0.0,0.0,0.0,0.6,1.0,0.0,0.0,credit_card,FR,EUR
PM_002844,8,0,0,0,0,645.18,80.6475,59.06,0.019758137188229587,0.1139528194919776,5,8,1,0,0.0,0.0,0.0,0.625,1.0,0.125,0.0,debit_card,PT,EUR
PM_003771,5,0,0,0,0,967.2,193.44,235.9,0.0197326325520903,0.0934414545386458,2,5,1,2,0.0,0.0,0.0,0.4,1.0,0.2,0.4,credit_card,IT,EUR
PM_001586,5,0,0,0,0,1008.98,201.796,176.92,0.01972340108658594,0.0793914562440276,1,5,1,1,0.0,0.0,0.0,0.2,1.0,0.2,0.2,bank_transfer,US,EUR
PM_010365,5,0,0,0,0,451.99,90.398,118.42,0.01969940333004878,0.066173644370504,2,4,1,0,0.0,0.0,0.0,0.4,0.8,0.2,0.0,wallet,ES,EUR
PM_007832,3,0,0,0,0,157.72,52.57333333333333,50.26,0.0196878635170126,0.0360990879470173,2,3,1,0,0.0,0.0,0.0,0.6666666666666666,1.0,0.3333333333333333,0.0,wallet,DE,EUR
PM_006139,9,0,0,0,0,748.3199999999999,83.14666666666666,76.61,0.019676586381279258,0.1239697324487491,1,5,2,3,0.0,0.0,0.0,0.1111111111111111,0.5555555555555556,0.2222222222222222,0.3333333333333333,wallet,ES,EUR
PM_011725,5,0,0,0,0,211.24,42.248000000000005,36.44,0.01966332559397326,0.0627064807402131,5,5,1,3,0.0,0.0,0.0,1.0,1.0,0.2,0.6,credit_card,ES,EUR
PM_009479,5,0,0,0,0,275.35,55.07000000000001,45.16,0.01966057032406858,0.0514588288079137,2,5,3,0,0.0,0.0,0.0,0.4,1.0,0.6,0.0,credit_card,IT,EUR
PM_008936,8,0,0,0,0,813.65,101.70625,57.39,0.01964918521093256,0.0955083392097845,2,8,1,0,0.0,0.0,0.0,0.25,1.0,0.125,0.0,debit_card,PT,EUR
PM_011764,6,0,0,0,0,262.52,43.75333333333333,36.41,0.019634855925099767,0.0433609513497857,4,6,2,0,0.0,0.0,0.0,0.6666666666666666,1.0,0.3333333333333333,0.0,debit_card,US,EUR
PM_000315,4,0,0,0,0,192.04999999999998,48.012499999999996,24.685,0.019626028109647475,0.0716698125395853,0,4,0,1,0.0,0.0,0.0,0.0,1.0,0.0,0.25,credit_card,FR,EUR
PM_003363,5,0,0,0,0,1155.4,231.08,200.78,0.01962497298714198,0.0901636966884783,4,5,2,2,0.0,0.0,0.0,0.8,1.0,0.4,0.4,bank_transfer,ES,EUR
PM_005536,16,0,0,0,0,826.23,51.639375,34.91,0.019610996941658475,0.0710019002246474,9,16,1,0,0.0,0.0,0.0,0.5625,1.0,0.0625,0.0,credit_card,ES,EUR
PM_005401,4,0,0,0,0,782.3199999999999,195.57999999999998,98.21000000000001,0.019581834700921424,0.0428303149521722,1,4,0,4,0.0,0.0,0.0,0.25,1.0,0.0,1.0,wallet,PT,EUR
PM_007058,24,0,0,0,0,1822.78,75.94916666666667,42.535,0.01956544955934498,0.2402291984999274,11,23,0,0,0.0,0.0,0.0,0.4583333333333333,0.9583333333333334,0.0,0.0,wallet,FR,EUR
PM_005553,7,0,0,0,0,676.0400000000001,96.57714285714287,41.31,0.019543048580283686,0.0884077129033697,1,7,2,0,0.0,0.0,0.0,0.14285714285714285,1.0,0.2857142857142857,0.0,debit_card,US,EUR
PM_001781,4,0,0,0,0,327.77000000000004,81.94250000000001,55.22,0.01952660371758235,0.0412711563605746,1,4,1,2,0.0,0.0,0.0,0.25,1.0,0.25,0.5,credit_card,IT,EUR
PM_007575,15,0,0,0,0,1993.76,132.91733333333335,83.11,0.019525544405232114,0.1297764823726163,9,15,0,5,0.0,0.0,0.0,0.6,1.0,0.0,0.3333333333333333,wallet,GB,EUR
PM_000243,3,0,0,0,0,490.41,163.47,156.36,0.0195179713217762,0.0391812141537777,1,3,0,0,0.0,0.0,0.0,0.3333333333333333,1.0,0.0,0.0,debit_card,ES,EUR
PM_007339,3,0,0,0,0,485.36,161.78666666666666,179.32,0.0195045095146126,0.030277091426923,3,3,0,0,0.0,0.0,0.0,1.0,1.0,0.0,0.0,bank_transfer,ES,EUR
PM_009108,11,0,0,0,0,1381.54,125.59454545454545,100.02,0.01949923974263568,0.2020100251545626,7,11,1,6,0.0,0.0,0.0,0.6363636363636364,1.0,0.09090909090909091,0.5454545454545454,bank_transfer,FR,EUR
PM_007999,7,0,0,0,0,669.86,95.69428571428571,42.93,0.019495030675985413,0.0605268643526066,5,7,1,0,0.0,0.0,0.0,0.7142857142857143,1.0,0.14285714285714285,0.0,credit_card,DE,EUR
PM_010692,12,0,0,0,0,1123.45,93.62083333333334,73.785,0.019482110162660018,0.0814158335941601,9,12,5,2,0.0,0.0,0.0,0.75,1.0,0.4166666666666667,0.16666666666666666,credit_card,FR,EUR
PM_002356,11,0,0,0,0,2114.69,192.24454545454546,107.43,0.01947452333871323,0.1719576030070499,4,11,1,0,0.0,0.0,0.0,0.36363636363636365,1.0,0.09090909090909091,0.0,bank_transfer,GB,EUR
PM_004480,7,0,0,0,0,816.94,116.7057142857143,68.08,0.019470573314443202,0.0520151225523406,3,7,0,2,0.0,0.0,0.0,0.42857142857142855,1.0,0.0,0.2857142857142857,credit_card,FR,EUR
PM_004243,5,0,0,0,0,293.63,58.726,48.91,0.01946636326087242,0.0829081900795867,4,5,0,1,0.0,0.0,0.0,0.8,1.0,0.0,0.2,wallet,ES,EUR
PM_004794,9,0,0,0,0,1484.8700000000001,164.98555555555558,42.56,0.0194573509790343,0.0907647261130073,5,8,2,0,0.0,0.0,0.0,0.5555555555555556,0.8888888888888888,0.2222222222222222,0.0,debit_card,FR,EUR
PM_004272,3,0,0,0,0,206.15,68.71666666666667,75.89,0.019453491906652434,0.0563987226870033,2,3,1,0,0.0,0.0,0.0,0.6666666666666666,1.0,0.3333333333333333,0.0,credit_card,US,EUR
PM_006186,10,0,0,0,0,827.26,82.726,43.71,0.019386880928245104,0.1391201843491634,4,10,2,2,0.0,0.0,0.0,0.4,1.0,0.2,0.2,wallet,PT,EUR
PM_009193,11,0,0,0,0,678.11,61.64636363636364,35.91,0.01938312943765513,0.0837662229824188,6,11,0,6,0.0,0.0,0.0,0.5454545454545454,1.0,0.0,0.5454545454545454,credit_card,GB,EUR
PM_002595,7,0,0,0,0,520.24,74.32000000000001,95.06,0.019315680033193727,0.0700916702992744,5,6,3,0,0.0,0.0,0.0,0.7142857142857143,0.8571428571428571,0.42857142857142855,0.0,credit_card,ES,EUR
PM_007394,7,0,0,0,0,462.39,66.05571428571429,71.83,0.01931058647338313,0.1061726975772513,3,7,1,0,0.0,0.0,0.0,0.42857142857142855,1.0,0.14285714285714285,0.0,wallet,IT,EUR
PM_002851,13,0,0,0,0,2216.28,170.48307692307694,179.21,0.019297708666722542,0.1349872023141165,6,13,1,1,0.0,0.0,0.0,0.46153846153846156,1.0,0.07692307692307693,0.07692307692307693,credit_card,GB,EUR
PM_003545,12,0,0,0,0,723.83,60.31916666666667,51.28,0.019284671661615693,0.141444877816437,7,8,3,8,0.0,0.0,0.0,0.5833333333333334,0.6666666666666666,0.25,0.6666666666666666,debit_card,ES,EUR
PM_011421,5,0,0,0,0,247.06,49.412,55.44,0.01928374048787742,0.0570708724452588,5,5,1,2,0.0,0.0,0.0,1.0,1.0,0.2,0.4,wallet,PT,EUR
PM_001615,13,0,0,0,0,1623.71,124.90076923076923,91.71,0.01927688473617284,0.1377536586936524,10,13,3,4,0.0,0.0,0.0,0.7692307692307693,1.0,0.23076923076923078,0.3076923076923077,debit_card,US,EUR
PM_002874,5,0,0,0,0,422.57,84.514,39.17,0.019275541147602097,0.0459202627310735,3,5,1,0,0.0,0.0,0.0,0.6,1.0,0.2,0.0,credit_card,FR,EUR
PM_005393,7,0,0,0,0,394.77,56.395714285714284,31.23,0.019223247455937585,0.1277925323333572,4,7,2,0,0.0,0.0,0.0,0.5714285714285714,1.0,0.2857142857142857,0.0,credit_card,US,EUR
PM_008171,5,0,0,0,0,134.36,26.872000000000003,24.13,0.01922075016967178,0.0537895471153662,0,5,0,2,0.0,0.0,0.0,0.0,1.0,0.0,0.4,credit_card,US,EUR
PM_009554,3,1,0,0,0,197.32999999999998,65.77666666666666,51.39,0.019210981067775766,0.0517663889194713,2,2,0,0,0.3333333333333333,0.0,0.0,0.6666666666666666,0.6666666666666666,0.0,0.0,credit_card,ES,EUR
PM_002431,3,0,0,0,0,227.21,75.73666666666666,78.65,0.0191934096237041,0.0489670034450923,3,3,0,0,0.0,0.0,0.0,1.0,1.0,0.0,0.0,wallet,PT,EUR
PM_001247,3,0,0,0,0,238.61,79.53666666666668,83.84,0.019183440538969265,0.0330513429645486,2,3,0,0,0.0,0.0,0.0,0.6666666666666666,1.0,0.0,0.0,wallet,ES,EUR
PM_002710,18,0,0,0,0,2629.04,146.05777777777777,104.25,0.01918116123638525,0.2285958061004471,12,18,3,1,0.0,0.0,0.0,0.6666666666666666,1.0,0.16666666666666666,0.05555555555555555,wallet,US,EUR
PM_002089,7,0,0,0,0,341.04,48.720000000000006,42.06,0.019162452548642316,0.1221039679999826,5,6,1,5,0.0,0.0,0.0,0.7142857142857143,0.8571428571428571,0.14285714285714285,0.7142857142857143,credit_card,ES,EUR
PM_010427,4,0,0,0,0,205.29,51.3225,48.35,0.0191616166069025,0.04542199494558,2,4,1,1,0.0,0.0,0.0,0.5,1.0,0.25,0.25,debit_card,DE,EUR
PM_000184,3,0,0,0,0,260.95,86.98333333333333,29.35,0.019158646806819432,0.0541970918077768,2,3,0,3,0.0,0.0,0.0,0.6666666666666666,1.0,0.0,1.0,credit_card,US,EUR
PM_011317,4,0,0,0,0,807.37,201.8425,209.43,0.019100155644752075,0.055613136432758,3,4,1,0,0.0,0.0,0.0,0.75,1.0,0.25,0.0,credit_card,PT,EUR
PM_003551,6,0,0,0,0,377.7,62.949999999999996,58.415,0.019079079462637667,0.0802249491958152,1,2,1,0,0.0,0.0,0.0,0.16666666666666666,0.3333333333333333,0.16666666666666666,0.0,credit_card,ES,EUR
PM_011639,3,0,0,0,0,565.03,188.34333333333333,139.17,0.019070302662160667,0.0538885205846077,3,3,2,0,0.0,0.0,0.0,1.0,1.0,0.6666666666666666,0.0,bank_transfer,ES,EUR
PM_006081,4,0,0,0,0,520.78,130.195,52.275,0.019056869519349824,0.0433125305309302,2,4,2,4,0.0,0.0,0.0,0.5,1.0,0.5,1.0,credit_card,GB,EUR
PM_002315,3,0,0,0,0,622.42,207.47333333333333,153.41,0.019036803636009732,0.0553419135820316,0,3,0,0,0.0,0.0,0.0,0.0,1.0,0.0,0.0,credit_card,US,EUR
PM_004516,4,0,0,0,0,255.88,63.97,60.92,0.019011030296815574,0.057007397992289,3,4,1,0,0.0,0.0,0.0,0.75,1.0,0.25,0.0,wallet,ES,EUR
PM_009186,5,0,0,0,0,242.32999999999998,48.465999999999994,37.86,0.019006879934098518,0.0565169253690644,3,5,1,5,0.0,0.0,0.0,0.6,1.0,0.2,1.0,wallet,ES,EUR
PM_004703,8,0,0,0,0,817.1999999999999,102.14999999999999,119.58,0.019006451912398276,0.1153283000421012,3,8,1,6,0.0,0.0,0.0,0.375,1.0,0.125,0.75,debit_card,ES,EUR
PM_000073,9,0,0,0,0,1538.46,170.94,91.95,0.01897841184886033,0.081513930817209,6,8,1,0,0.0,0.0,0.0,0.6666666666666666,0.8888888888888888,0.1111111111111111,0.0,bank_transfer,FR,EUR
PM_004662,22,0,0,0,0,1262.29,57.37681818181818,33.935,0.018972515964111886,0.2597548093880502,7,16,2,13,0.0,0.0,0.0,0.3181818181818182,0.7272727272727273,0.09090909090909091,0.5909090909090909,credit_card,ES,EUR
PM_004696,11,0,0,0,0,6175.9,561.4454545454545,255.45,0.01896342202796599,0.0870308581652913,5,11,0,2,0.0,0.0,0.0,0.45454545454545453,1.0,0.0,0.18181818181818182,credit_card,PT,EUR
PM_007014,10,0,0,0,0,920.81,92.08099999999999,67.58000000000001,0.01895494080681763,0.0787008337076777,1,10,1,0,0.0,0.0,0.0,0.1,1.0,0.1,0.0,bank_transfer,GB,EUR
PM_000703,8,0,0,0,0,424.82,53.1025,41.620000000000005,0.018931322312839362,0.0524434866007936,5,8,0,1,0.0,0.0,0.0,0.625,1.0,0.0,0.125,debit_card,GB,EUR
PM_007813,11,0,0,0,0,921.0600000000001,83.73272727272727,67.4,0.018929809479038807,0.1805363578933355,5,11,1,0,0.0,0.0,0.0,0.45454545454545453,1.0,0.09090909090909091,0.0,wallet,US,EUR
PM_001341,25,0,0,0,0,4398.56,175.94240000000002,98.27,0.018922037809453226,0.1604811362284775,13,25,4,0,0.0,0.0,0.0,0.52,1.0,0.16,0.0,credit_card,US,EUR
PM_004735,5,0,0,0,0,767.4499999999999,153.48999999999998,80.35,0.01888801612399078,0.0337597446550134,0,1,0,1,0.0,0.0,0.0,0.0,0.2,0.0,0.2,credit_card,ES,EUR
PM_001733,4,0,0,0,0,381.76,95.44,91.54,0.018857833836859975,0.0464835063075295,1,4,0,0,0.0,0.0,0.0,0.25,1.0,0.0,0.0,credit_card,US,EUR
PM_008160,5,0,0,0,0,171.9,34.38,34.15,0.018836314311004458,0.0797953183646408,3,5,0,0,0.0,0.0,0.0,0.6,1.0,0.0,0.0,bank_transfer,PT,EUR
PM_004656,6,0,0,0,0,952.1899999999999,158.69833333333332,156.43,0.018835513298596434,0.0848607724253643,2,5,1,0,0.0,0.0,0.0,0.3333333333333333,0.8333333333333334,0.16666666666666666,0.0,debit_card,IT,EUR
PM_010741,9,0,0,0,0,537.2099999999999,59.68999999999999,58.88,0.01881432451297039,0.0780349151188035,3,9,0,4,0.0,0.0,0.0,0.3333333333333333,1.0,0.0,0.4444444444444444,credit_card,GB,EUR
PM_002391,4,0,0,0,0,445.22,111.305,87.555,0.018803180761721525,0.0632677866050787,3,4,0,0,0.0,0.0,0.0,0.75,1.0,0.0,0.0,bank_transfer,FR,EUR
PM_003486,3,0,0,0,0,299.55,99.85000000000001,118.92,0.01877771899550393,0.0526436676608424,1,3,0,1,0.0,0.0,0.0,0.3333333333333333,1.0,0.0,0.3333333333333333,credit_card,ES,EUR
PM_000323,5,0,0,0,0,992.8599999999999,198.57199999999997,151.6,0.018755727258699558,0.0575637973590563,3,5,1,0,0.0,0.0,0.0,0.6,1.0,0.2,0.0,credit_card,ES,EUR
PM_000406,19,0,0,0,0,2184.8399999999997,114.99157894736841,74.21,0.018715804912370067,0.1148070718834224,12,19,4,2,0.0,0.0,0.0,0.631578947368421,1.0,0.21052631578947367,0.10526315789473684,credit_card,PT,EUR
PM_009648,5,1,0,0,0,411.70000000000005,82.34,64.54,0.018710028841932642,0.0878740609689993,3,5,1,0,0.2,0.0,0.0,0.6,1.0,0.2,0.0,debit_card,ES,EUR
PM_004510,10,0,0,0,0,734.9,73.49,65.45,0.01867771475063576,0.1730496208470958,3,7,1,1,0.0,0.0,0.0,0.3,0.7,0.1,0.1,wallet,DE,EUR
PM_009402,3,0,0,0,0,639.24,213.08,147.16,0.018645139937576733,0.0367423127966902,1,1,0,3,0.0,0.0,0.0,0.3333333333333333,0.3333333333333333,0.0,1.0,bank_transfer,ES,EUR
PM_007302,16,0,0,0,0,1473.33,92.083125,68.385,0.01861669615216243,0.2625189038183896,6,9,2,3,0.0,0.0,0.0,0.375,0.5625,0.125,0.1875,bank_transfer,ES,EUR
PM_000863,7,0,0,0,0,380.32,54.33142857142857,49.91,0.01861239304597823,0.1075947039646217,3,4,2,0,0.0,0.0,0.0,0.42857142857142855,0.5714285714285714,0.2857142857142857,0.0,debit_card,ES,EUR
PM_007812,8,0,0,0,0,222.53,27.81625,25.72,0.018589835663993724,0.1444466283411218,3,8,1,0,0.0,0.0,0.0,0.375,1.0,0.125,0.0,debit_card,IT,EUR
PM_011575,4,0,0,0,0,757.76,189.44,132.93,0.018588555351259625,0.0595083360238952,3,3,0,1,0.0,0.0,0.0,0.75,0.75,0.0,0.25,wallet,ES,EUR
PM_009860,9,0,0,0,0,947.76,105.30666666666667,73.56,0.018586969379012712,0.0996588642786867,3,9,1,0,0.0,0.0,0.0,0.3333333333333333,1.0,0.1111111111111111,0.0,credit_card,FR,EUR
PM_004667,10,0,0,0,0,903.22,90.322,79.47500000000001,0.01857489529368324,0.1496687290420503,3,10,1,1,0.0,0.0,0.0,0.3,1.0,0.1,0.1,debit_card,US,EUR
PM_005236,6,0,0,0,0,469.43,78.23833333333333,40.035,0.018566818408695167,0.0541374972804243,1,1,0,0,0.0,0.0,0.0,0.16666666666666666,0.16666666666666666,0.0,0.0,debit_card,ES,EUR
PM_001751,5,0,0,0,0,1293.17,258.634,204.18,0.01855286721622266,0.0696730881271152,2,5,1,0,0.0,0.0,0.0,0.4,1.0,0.2,0.0,credit_card,DE,EUR
PM_001701,5,0,0,0,0,405.95,81.19,57.45,0.01853223334319226,0.0876579393059428,3,5,1,0,0.0,0.0,0.0,0.6,1.0,0.2,0.0,debit_card,ES,EUR
PM_004103,6,0,0,0,0,994.83,165.805,154.395,0.01852600502972265,0.0598176065363407,4,5,0,0,0.0,0.0,0.0,0.6666666666666666,0.8333333333333334,0.0,0.0,wallet,IT,EUR
PM_001447,3,0,0,0,0,216.78,72.26,67.53,0.0184907870834163,0.0262120924807613,1,3,0,0,0.0,0.0,0.0,0.3333333333333333,1.0,0.0,0.0,debit_card,IT,EUR
PM_006209,11,0,0,0,0,1180.68,107.33454545454546,95.37,0.01845850559566462,0.0628533159813964,7,11,0,0,0.0,0.0,0.0,0.6363636363636364,1.0,0.0,0.0,wallet,ES,EUR
PM_006936,5,0,0,0,0,220.07,44.013999999999996,28.24,0.018453864107165298,0.05634918271399,3,5,0,0,0.0,0.0,0.0,0.6,1.0,0.0,0.0,credit_card,ES,EUR
PM_009004,6,0,0,0,0,1043.01,173.835,215.785,0.018440797559858998,0.0436643729958638,3,6,0,0,0.0,0.0,0.0,0.5,1.0,0.0,0.0,wallet,DE,EUR
PM_011188,3,0,0,0,0,167.3,55.76666666666667,61.94,0.018432008789339867,0.0544305972062809,0,3,1,0,0.0,0.0,0.0,0.0,1.0,0.3333333333333333,0.0,debit_card,IT,EUR
PM_007309,21,0,0,0,0,2744.85,130.70714285714286,62.43,0.01838851158084263,0.1863134065175694,11,13,1,8,0.0,0.0,0.0,0.5238095238095238,0.6190476190476191,0.047619047619047616,0.38095238095238093,credit_card,ES,EUR
PM_001273,3,0,0,0,0,143.54,47.846666666666664,51.5,0.018351919826951935,0.0546920258404799,0,3,0,2,0.0,0.0,0.0,0.0,1.0,0.0,0.6666666666666666,credit_card,IT,EUR
PM_002183,5,0,0,0,0,542.14,108.428,135.62,0.018351288187154337,0.0529177284292348,2,3,1,1,0.0,0.0,0.0,0.4,0.6,0.2,0.2,credit_card,ES,EUR
PM_003034,3,0,0,0,0,263.38,87.79333333333334,26.05,0.018338789649495767,0.0405965853655587,2,3,1,0,0.0,0.0,0.0,0.6666666666666666,1.0,0.3333333333333333,0.0,debit_card,ES,EUR
PM_000086,4,0,0,0,0,363.77,90.9425,47.2,0.0183299553964821,0.0714356667312637,2,2,1,0,0.0,0.0,0.0,0.5,0.5,0.25,0.0,wallet,DE,EUR
PM_003362,11,0,0,0,0,1075.03,97.73,74.83,0.018306565619425928,0.0899811868289178,5,11,3,0,0.0,0.0,0.0,0.45454545454545453,1.0,0.2727272727272727,0.0,bank_transfer,DE,EUR
PM_005261,9,0,0,0,0,757.37,84.15222222222222,45.15,0.01829687982966661,0.0832936029196468,6,9,1,0,0.0,0.0,0.0,0.6666666666666666,1.0,0.1111111111111111,0.0,wallet,US,EUR
PM_001397,3,0,0,0,0,285.53,95.17666666666666,97.46,0.018285617421227966,0.0541741126272478,2,3,1,0,0.0,0.0,0.0,0.6666666666666666,1.0,0.3333333333333333,0.0,debit_card,US,EUR
PM_000955,12,0,0,0,0,881.02,73.41833333333334,47.66,0.018282380949351192,0.0910148491000459,8,12,3,4,0.0,0.0,0.0,0.6666666666666666,1.0,0.25,0.3333333333333333,wallet,DE,EUR
PM_002226,10,0,0,0,0,1369.67,136.967,96.1,0.01825501149391676,0.1399662592319134,6,10,1,6,0.0,0.0,0.0,0.6,1.0,0.1,0.6,credit_card,PT,EUR
PM_009368,8,0,0,0,0,971.8299999999999,121.47874999999999,108.54499999999999,0.01824581688042141,0.0735566829678629,3,8,1,0,0.0,0.0,0.0,0.375,1.0,0.125,0.0,credit_card,GB,EUR
PM_000043,4,0,0,0,0,192.0,48.0,32.6,0.01824070878354653,0.0668686587425361,1,4,0,0,0.0,0.0,0.0,0.25,1.0,0.0,0.0,wallet,US,EUR
PM_007828,6,0,0,0,0,1126.23,187.705,126.28999999999999,0.01822291381375533,0.0548701716038387,4,5,1,1,0.0,0.0,0.0,0.6666666666666666,0.8333333333333334,0.16666666666666666,0.16666666666666666,debit_card,ES,EUR
PM_007936,8,0,0,0,0,686.04,85.755,74.945,0.018210944674501413,0.0990559747705744,5,8,3,1,0.0,0.0,0.0,0.625,1.0,0.375,0.125,credit_card,US,EUR
PM_006699,6,0,0,0,0,414.3,69.05,49.565,0.018183175998651952,0.051542382511342,6,6,2,1,0.0,0.0,0.0,1.0,1.0,0.3333333333333333,0.16666666666666666,wallet,ES,EUR
PM_005234,4,0,0,0,0,165.6,41.4,38.925,0.018177915425177774,0.0712283704668753,2,4,0,4,0.0,0.0,0.0,0.5,1.0,0.0,1.0,credit_card,US,EUR
PM_008346,4,0,0,0,0,758.1199999999999,189.52999999999997,185.865,0.01817634913049305,0.0385252860549963,0,4,0,3,0.0,0.0,0.0,0.0,1.0,0.0,0.75,wallet,PT,EUR
PM_002059,3,0,0,0,0,389.79999999999995,129.9333333333333,142.14,0.0181746235417103,0.0526821435764194,1,3,1,0,0.0,0.0,0.0,0.3333333333333333,1.0,0.3333333333333333,0.0,bank_transfer,US,EUR
PM_011147,4,0,0,0,0,241.38,60.345,21.405,0.01817043657082885,0.0689855738537552,1,1,0,0,0.0,0.0,0.0,0.25,0.25,0.0,0.0,debit_card,ES,EUR
PM_004604,9,0,0,0,0,587.9300000000001,65.32555555555557,32.0,0.018164512958703003,0.1226007571352588,6,9,2,0,0.0,0.0,0.0,0.6666666666666666,1.0,0.2222222222222222,0.0,wallet,GB,EUR
PM_006481,11,0,0,0,0,1974.7,179.51818181818183,161.7,0.01815633079916904,0.0667393921073233,5,11,3,7,0.0,0.0,0.0,0.45454545454545453,1.0,0.2727272727272727,0.6363636363636364,debit_card,US,EUR
PM_005801,10,0,0,0,0,1396.75,139.675,34.9,0.018127397935642338,0.0891357313513978,5,9,2,0,0.0,0.0,0.0,0.5,0.9,0.2,0.0,debit_card,ES,EUR
PM_010661,11,0,0,0,0,1015.23,92.29363636363637,80.49,0.018113318416701284,0.0874551772359439,6,11,3,0,0.0,0.0,0.0,0.5454545454545454,1.0,0.2727272727272727,0.0,bank_transfer,ES,EUR
PM_003348,4,0,0,0,0,155.38,38.845,40.97,0.01809972995208585,0.0470360687421331,3,4,2,0,0.0,0.0,0.0,0.75,1.0,0.5,0.0,credit_card,IT,EUR
PM_001727,7,0,0,0,0,748.35,106.90714285714286,102.83,0.01809383994660247,0.0929096202928907,3,7,0,7,0.0,0.0,0.0,0.42857142857142855,1.0,0.0,1.0,credit_card,DE,EUR
PM_001929,8,0,0,0,0,1109.3,138.6625,121.625,0.018092254046295074,0.0632742356394677,4,8,0,1,0.0,0.0,0.0,0.5,1.0,0.0,0.125,credit_card,PT,EUR
PM_000966,4,0,0,0,0,326.31,81.5775,58.385000000000005,0.018056922531102873,0.0693061687371815,1,4,0,0,0.0,0.0,0.0,0.25,1.0,0.0,0.0,debit_card,GB,EUR
PM_005109,11,0,0,0,0,1516.03,137.82090909090908,62.59,0.018048854845882,0.123796650492152,5,10,1,4,0.0,0.0,0.0,0.45454545454545453,0.9090909090909091,0.09090909090909091,0.36363636363636365,bank_transfer,ES,EUR
PM_007565,6,0,0,0,0,562.9599999999999,93.82666666666665,81.05499999999999,0.018041524199301925,0.0523418983339476,3,4,0,0,0.0,0.0,0.0,0.5,0.6666666666666666,0.0,0.0,credit_card,ES,EUR
PM_003728,19,0,0,0,0,1862.21,98.01105263157895,60.66,0.01800860346231324,0.2682052090797182,8,9,3,6,0.0,0.0,0.0,0.42105263157894735,0.47368421052631576,0.15789473684210525,0.3157894736842105,credit_card,ES,EUR
PM_008476,6,0,0,0,0,955.62,159.27,101.51,0.017943468660755,0.0494642662718982,1,6,1,6,0.0,0.0,0.0,0.16666666666666666,1.0,0.16666666666666666,1.0,debit_card,DE,EUR
PM_011620,3,0,0,0,0,229.57000000000002,76.52333333333334,54.18,0.017937793509252235,0.0523838416571877,2,2,0,2,0.0,0.0,0.0,0.6666666666666666,0.6666666666666666,0.0,0.6666666666666666,debit_card,ES,EUR
PM_008024,8,0,0,0,0,523.39,65.42375,29.39,0.01792795499285354,0.0725176046651942,1,8,1,8,0.0,0.0,0.0,0.125,1.0,0.125,1.0,credit_card,US,EUR
PM_001139,6,0,0,0,0,1518.35,253.0583333333333,188.35000000000002,0.01790687455528585,0.0637095600003658,5,6,0,1,0.0,0.0,0.0,0.8333333333333334,1.0,0.0,0.16666666666666666,debit_card,DE,EUR
PM_002348,6,0,0,0,0,571.8000000000001,95.30000000000001,63.11,0.017901161078276984,0.0479695764570208,6,6,0,0,0.0,0.0,0.0,1.0,1.0,0.0,0.0,wallet,ES,EUR
PM_005321,3,0,0,0,0,597.17,199.05666666666664,71.48,0.017878313565445964,0.0516292591182655,2,3,0,0,0.0,0.0,0.0,0.6666666666666666,1.0,0.0,0.0,credit_card,US,EUR
PM_007872,3,0,0,0,0,560.3599999999999,186.78666666666663,180.01,0.0178447442948626,0.0435038678887238,1,3,0,1,0.0,0.0,0.0,0.3333333333333333,1.0,0.0,0.3333333333333333,wallet,FR,EUR
PM_009076,7,0,0,0,0,1613.72,230.53142857142856,195.1,0.017843886003711527,0.0918951168234831,7,7,2,3,0.0,0.0,0.0,1.0,1.0,0.2857142857142857,0.42857142857142855,bank_transfer,ES,EUR
PM_007001,4,0,0,0,0,688.01,172.0025,117.66999999999999,0.01783944343671835,0.0508636970783993,3,4,1,4,0.0,0.0,0.0,0.75,1.0,0.25,1.0,debit_card,FR,EUR
PM_004208,8,0,0,0,0,535.18,66.8975,49.89,0.017810888357857626,0.0544044913788872,3,7,2,6,0.0,0.0,0.0,0.375,0.875,0.25,0.75,debit_card,ES,EUR
PM_007074,3,0,0,0,0,148.38,49.46,46.0,0.017783312961497134,0.041278581908124,1,3,0,0,0.0,0.0,0.0,0.3333333333333333,1.0,0.0,0.0,credit_card,US,EUR
PM_010000,9,0,0,0,0,1112.91,123.65666666666668,132.14,0.017766729186337635,0.1117470897420693,6,7,2,2,0.0,0.0,0.0,0.6666666666666666,0.7777777777777778,0.2222222222222222,0.2222222222222222,debit_card,ES,EUR
PM_010445,3,0,0,0,0,460.59000000000003,153.53,86.95,0.017676113030112833,0.0284192684767411,1,3,0,0,0.0,0.0,0.0,0.3333333333333333,1.0,0.0,0.0,wallet,ES,EUR
PM_000902,6,0,0,0,0,1024.26,170.71,179.03,0.017665742718622635,0.0613299531770778,5,6,1,0,0.0,0.0,0.0,0.8333333333333334,1.0,0.16666666666666666,0.0,credit_card,ES,EUR
PM_002424,4,0,0,0,0,317.99,79.4975,77.61500000000001,0.017664110090392652,0.0530538760288919,0,4,0,0,0.0,0.0,0.0,0.0,1.0,0.0,0.0,debit_card,US,EUR
PM_008482,14,0,0,0,0,732.64,52.33142857142857,33.730000000000004,0.017643314990173038,0.064486164913895,5,6,1,8,0.0,0.0,0.0,0.35714285714285715,0.42857142857142855,0.07142857142857142,0.5714285714285714,credit_card,ES,EUR
PM_010953,10,0,0,0,0,1105.49,110.549,56.28,0.01761954628522398,0.1382705149020965,3,10,0,5,0.0,0.0,0.0,0.3,1.0,0.0,0.5,debit_card,FR,EUR
PM_000337,16,0,0,0,0,1763.43,110.214375,69.535,0.01759701117093388,0.1061722660078311,10,16,3,1,0.0,0.0,0.0,0.625,1.0,0.1875,0.0625,credit_card,IT,EUR
PM_010383,8,0,0,0,0,300.38,37.5475,38.535,0.017579103796500514,0.0919616725683837,3,8,0,0,0.0,0.0,0.0,0.375,1.0,0.0,0.0,credit_card,FR,EUR
PM_003350,5,0,0,0,0,301.45,60.29,69.6,0.017577281083002938,0.0492021825627529,1,5,0,0,0.0,0.0,0.0,0.2,1.0,0.0,0.0,credit_card,PT,EUR
PM_007351,10,0,0,0,0,1257.1200000000001,125.71200000000002,110.825,0.01757004348570006,0.1326888493461304,4,10,1,2,0.0,0.0,0.0,0.4,1.0,0.1,0.2,bank_transfer,IT,EUR
PM_011908,6,0,0,0,0,441.66,73.61,42.03,0.017512353563857632,0.0920099887671906,4,6,0,0,0.0,0.0,0.0,0.6666666666666666,1.0,0.0,0.0,debit_card,FR,EUR
PM_006676,10,0,0,0,0,1311.4,131.14000000000001,107.63,0.017498494950914437,0.0785099879570308,3,10,2,0,0.0,0.0,0.0,0.3,1.0,0.2,0.0,bank_transfer,PT,EUR
PM_008794,6,0,0,0,0,457.77,76.295,65.60499999999999,0.017496818435056783,0.0758851422064428,5,6,0,1,0.0,0.0,0.0,0.8333333333333334,1.0,0.0,0.16666666666666666,credit_card,US,EUR
PM_001438,9,0,0,0,0,352.22,39.135555555555555,24.25,0.017472900200704456,0.0686631130340375,3,9,0,0,0.0,0.0,0.0,0.3333333333333333,1.0,0.0,0.0,credit_card,FR,EUR
PM_007194,10,0,0,0,0,1786.02,178.602,92.60499999999999,0.017466411492767155,0.0999701821778686,5,10,2,1,0.0,0.0,0.0,0.5,1.0,0.2,0.1,credit_card,GB,EUR
PM_005389,7,0,0,0,0,667.87,95.41,87.54,0.017430006025066117,0.094980207505561,3,7,1,0,0.0,0.0,0.0,0.42857142857142855,1.0,0.14285714285714285,0.0,debit_card,US,EUR
PM_002669,4,0,0,0,0,390.12,97.53,45.93,0.0174269676455724,0.0527298923617007,1,4,0,0,0.0,0.0,0.0,0.25,1.0,0.0,0.0,credit_card,GB,EUR
PM_000993,9,0,0,0,0,1308.1299999999999,145.34777777777776,80.6,0.017416322838706578,0.0575935972396905,7,9,2,0,0.0,0.0,0.0,0.7777777777777778,1.0,0.2222222222222222,0.0,credit_card,PT,EUR
PM_000495,3,0,0,0,0,209.84,69.94666666666667,30.72,0.017394201484916334,0.0515731779791128,2,3,0,3,0.0,0.0,0.0,0.6666666666666666,1.0,0.0,1.0,wallet,ES,EUR
PM_000186,3,0,0,0,0,292.37,97.45666666666666,74.44,0.017376708914309768,0.0266568532480482,1,3,0,0,0.0,0.0,0.0,0.3333333333333333,1.0,0.0,0.0,credit_card,IT,EUR
PM_010991,5,0,0,0,0,285.08000000000004,57.016000000000005,26.34,0.01737205049496962,0.042222923040518,4,5,0,0,0.0,0.0,0.0,0.8,1.0,0.0,0.0,wallet,GB,EUR
PM_002854,4,0,0,0,0,334.03000000000003,83.50750000000001,73.525,0.017348098360722,0.0431037875605333,2,2,0,0,0.0,0.0,0.0,0.5,0.5,0.0,0.0,credit_card,ES,EUR
PM_004194,8,0,0,0,0,1207.3500000000001,150.91875000000002,65.935,0.0173095552226488,0.1181121441174648,7,8,2,2,0.0,0.0,0.0,0.875,1.0,0.25,0.25,wallet,ES,EUR
PM_003948,12,0,0,0,0,1003.24,83.60333333333334,57.14,0.017301486599922717,0.1046207236533184,2,12,0,3,0.0,0.0,0.0,0.16666666666666666,1.0,0.0,0.25,credit_card,GB,EUR
PM_004636,5,0,0,0,0,247.64,49.528,24.01,0.01729052157987114,0.0669592290719337,3,3,0,0,0.0,0.0,0.0,0.6,0.6,0.0,0.0,credit_card,ES,EUR
PM_005297,6,0,0,0,0,829.42,138.23666666666665,133.975,0.0172844660569228,0.0304607755988972,6,6,0,0,0.0,0.0,0.0,1.0,1.0,0.0,0.0,bank_transfer,FR,EUR
PM_004470,4,0,0,0,0,460.53,115.1325,92.725,0.017215738991656723,0.0351625803967348,0,4,0,0,0.0,0.0,0.0,0.0,1.0,0.0,0.0,credit_card,FR,EUR
PM_002708,7,0,0,0,0,1083.06,154.72285714285712,113.98,0.017185566214640357,0.0789426565214552,3,3,1,0,0.0,0.0,0.0,0.42857142857142855,0.42857142857142855,0.14285714285714285,0.0,bank_transfer,ES,EUR
PM_005866,4,0,0,0,0,427.66,106.915,24.65,0.01713521882715279,0.0682387095431321,1,4,0,0,0.0,0.0,0.0,0.25,1.0,0.0,0.0,credit_card,DE,EUR
PM_001684,3,0,0,0,0,141.93,47.31,37.48,0.017106757991271565,0.0408629803785901,2,3,0,0,0.0,0.0,0.0,0.6666666666666666,1.0,0.0,0.0,wallet,US,EUR
PM_007106,9,0,0,0,0,443.77,49.30777777777777,36.42,0.017103856725537023,0.0990078334718999,6,9,0,0,0.0,0.0,0.0,0.6666666666666666,1.0,0.0,0.0,debit_card,PT,EUR
PM_002107,6,0,0,0,0,435.87,72.645,54.535,0.01706284973204038,0.0492650064598154,1,6,0,0,0.0,0.0,0.0,0.16666666666666666,1.0,0.0,0.0,credit_card,FR,EUR
PM_002897,8,0,0,0,0,1641.38,205.1725,146.155,0.017037685512530636,0.0585065437172929,4,8,2,2,0.0,0.0,0.0,0.5,1.0,0.25,0.25,credit_card,US,EUR
PM_001711,7,0,0,0,0,233.13000000000002,33.30428571428572,25.25,0.016984174228505056,0.0551515527219613,4,7,1,2,0.0,0.0,0.0,0.5714285714285714,1.0,0.14285714285714285,0.2857142857142857,credit_card,ES,EUR
PM_001519,4,0,0,0,0,442.6700000000001,110.66750000000002,117.935,0.016983810737009348,0.0534620709380194,4,4,1,0,0.0,0.0,0.0,1.0,1.0,0.25,0.0,credit_card,PT,EUR
PM_007208,6,0,0,0,0,317.51,52.91833333333333,47.33,0.01697280467409985,0.0684998526753098,4,6,1,4,0.0,0.0,0.0,0.6666666666666666,1.0,0.16666666666666666,0.6666666666666666,wallet,US,EUR
PM_000719,4,0,0,0,0,445.01,111.2525,86.16,0.01697133986705435,0.0408751415024567,3,4,1,0,0.0,0.0,0.0,0.75,1.0,0.25,0.0,bank_transfer,US,EUR
PM_006349,4,0,0,0,0,375.21000000000004,93.80250000000001,42.96,0.0169645219324995,0.066548523764691,2,4,1,0,0.0,0.0,0.0,0.5,1.0,0.25,0.0,credit_card,PT,EUR
PM_004465,5,0,0,0,0,510.5,102.1,142.33,0.01693338983220354,0.0526149156527928,3,5,1,0,0.0,0.0,0.0,0.6,1.0,0.2,0.0,credit_card,PT,EUR
PM_006146,4,0,0,0,0,665.71,166.4275,118.82000000000001,0.0169256906075461,0.0362508829538038,3,4,0,2,0.0,0.0,0.0,0.75,1.0,0.0,0.5,credit_card,ES,EUR
PM_006931,12,0,0,0,0,1667.6,138.96666666666667,79.67500000000001,0.016923133803303462,0.1268389763417783,8,11,3,0,0.0,0.0,0.0,0.6666666666666666,0.9166666666666666,0.25,0.0,credit_card,ES,EUR
PM_001214,4,0,0,0,0,489.84000000000003,122.46000000000001,106.60499999999999,0.016914861244664525,0.048164225603195,2,4,0,1,0.0,0.0,0.0,0.5,1.0,0.0,0.25,wallet,ES,EUR
PM_001265,12,0,0,0,0,1165.53,97.1275,59.715,0.01690659384911405,0.1097451429117585,6,7,2,2,0.0,0.0,0.0,0.5,0.5833333333333334,0.16666666666666666,0.16666666666666666,debit_card,ES,EUR
PM_000053,5,0,0,0,0,739.36,147.872,70.4,0.016899773903654523,0.0576704458426217,1,5,1,0,0.0,0.0,0.0,0.2,1.0,0.2,0.0,credit_card,US,EUR
PM_011669,5,0,0,0,0,712.3,142.45999999999998,91.28,0.01684031179286484,0.0745740762011921,2,5,1,1,0.0,0.0,0.0,0.4,1.0,0.2,0.2,debit_card,PT,EUR
PM_006577,15,0,0,0,0,1209.53,80.63533333333334,57.51,0.016812938579427006,0.1405653806619414,7,15,3,0,0.0,0.0,0.0,0.4666666666666667,1.0,0.2,0.0,wallet,IT,EUR
PM_003438,4,0,0,0,0,327.03,81.7575,81.225,0.0168108333476937,0.0637720821302373,1,1,0,0,0.0,0.0,0.0,0.25,0.25,0.0,0.0,credit_card,ES,EUR
PM_010132,8,0,0,0,0,648.83,81.10375,48.715,0.01678480679900895,0.0508622291041948,3,8,0,0,0.0,0.0,0.0,0.375,1.0,0.0,0.0,wallet,GB,EUR
PM_007153,12,0,0,0,0,1936.59,161.3825,146.55,0.01675269344713665,0.1643265384761988,6,12,1,1,0.0,0.0,0.0,0.5,1.0,0.08333333333333333,0.08333333333333333,bank_transfer,US,EUR
PM_009616,3,0,0,0,0,168.18,56.06,36.57,0.0167463993131763,0.0355048321102039,0,0,0,3,0.0,0.0,0.0,0.0,0.0,0.0,1.0,debit_card,ES,EUR
PM_007552,9,0,0,0,0,414.25,46.02777777777778,30.32,0.01673910325294211,0.0791898137344939,7,9,1,0,0.0,0.0,0.0,0.7777777777777778,1.0,0.1111111111111111,0.0,debit_card,GB,EUR
PM_004364,7,0,0,0,0,350.15,50.021428571428565,41.09,0.016721275642857057,0.0503163757057753,5,6,1,1,0.0,0.0,0.0,0.7142857142857143,0.8571428571428571,0.14285714285714285,0.14285714285714285,credit_card,FR,EUR
PM_007464,5,0,0,0,0,322.67,64.534,21.29,0.0167205992990009,0.0547730133751749,4,5,1,0,0.0,0.0,0.0,0.8,1.0,0.2,0.0,debit_card,FR,EUR
PM_001324,11,0,0,0,0,1014.03,92.18454545454546,70.44,0.01671934520649952,0.1407311090775007,3,11,1,9,0.0,0.0,0.0,0.2727272727272727,1.0,0.09090909090909091,0.8181818181818182,credit_card,PT,EUR
PM_007766,5,0,0,0,0,247.98000000000002,49.596000000000004,39.77,0.01670836515398206,0.0547649022983076,2,3,1,2,0.0,0.0,0.0,0.4,0.6,0.2,0.4,wallet,FR,EUR
PM_006474,3,0,0,0,0,300.38,100.12666666666667,58.21,0.016682269983700135,0.0377644460499087,1,3,1,1,0.0,0.0,0.0,0.3333333333333333,1.0,0.3333333333333333,0.3333333333333333,debit_card,GB,EUR
PM_003434,10,0,0,0,0,1092.34,109.234,102.19999999999999,0.016669580684656522,0.0967322824883586,4,10,0,2,0.0,0.0,0.0,0.4,1.0,0.0,0.2,wallet,PT,EUR
PM_010496,7,0,0,0,0,468.39,66.91285714285713,67.54,0.01664559367565644,0.1127906313584023,3,4,0,0,0.0,0.0,0.0,0.42857142857142855,0.5714285714285714,0.0,0.0,credit_card,ES,EUR
PM_001053,3,0,0,0,0,167.15,55.71666666666667,35.98,0.0166110982609841,0.0493194085643528,3,3,0,2,0.0,0.0,0.0,1.0,1.0,0.0,0.6666666666666666,credit_card,GB,EUR
PM_004997,3,0,0,0,0,109.85000000000001,36.61666666666667,18.23,0.016591325093179034,0.0390830401160528,0,3,1,1,0.0,0.0,0.0,0.0,1.0,0.3333333333333333,0.3333333333333333,wallet,US,EUR
PM_003255,9,0,0,0,0,826.99,91.88777777777779,47.28,0.01658784322164693,0.1193107376107487,5,6,0,0,0.0,0.0,0.0,0.5555555555555556,0.6666666666666666,0.0,0.0,wallet,FR,EUR
PM_009567,6,0,0,0,0,664.45,110.74166666666667,85.0,0.016566801066569117,0.0599376674863171,2,6,0,0,0.0,0.0,0.0,0.3333333333333333,1.0,0.0,0.0,wallet,ES,EUR
PM_007990,10,0,0,0,0,559.75,55.975,51.535,0.016560790049857367,0.0663032807142772,8,10,1,4,0.0,0.0,0.0,0.8,1.0,0.1,0.4,debit_card,GB,EUR
PM_008428,3,0,0,0,0,600.03,200.01,215.81,0.0165604513226485,0.0357271847379243,2,3,0,0,0.0,0.0,0.0,0.6666666666666666,1.0,0.0,0.0,bank_transfer,GB,EUR
PM_006944,7,0,0,0,0,267.7,38.24285714285714,45.66,0.01651514031658943,0.0860031053722554,3,7,2,0,0.0,0.0,0.0,0.42857142857142855,1.0,0.2857142857142857,0.0,wallet,IT,EUR
PM_001854,9,0,0,0,0,603.16,67.01777777777778,31.54,0.016512275603006155,0.1085615199773761,4,8,1,0,0.0,0.0,0.0,0.4444444444444444,0.8888888888888888,0.1111111111111111,0.0,credit_card,ES,EUR
PM_011501,12,0,0,0,0,414.48,34.54,23.045,0.01646063066514616,0.1461482749318126,4,12,1,1,0.0,0.0,0.0,0.3333333333333333,1.0,0.08333333333333333,0.08333333333333333,debit_card,US,EUR
PM_001422,3,0,0,0,0,491.83000000000004,163.94333333333336,157.8,0.016443456895076834,0.0265453403676314,1,1,0,0,0.0,0.0,0.0,0.3333333333333333,0.3333333333333333,0.0,0.0,debit_card,ES,EUR
PM_010193,7,0,0,0,0,290.49,41.49857142857143,48.49,0.01643914565928859,0.0671159575425084,0,4,1,3,0.0,0.0,0.0,0.0,0.5714285714285714,0.14285714285714285,0.42857142857142855,credit_card,ES,EUR
PM_004949,3,0,0,0,0,464.76,154.92,83.91,0.016424106022016768,0.0257031958073877,3,3,0,0,0.0,0.0,0.0,1.0,1.0,0.0,0.0,credit_card,US,EUR
PM_005530,3,0,0,0,0,167.37,55.79,28.87,0.016419819509798064,0.044582307929616,1,1,0,0,0.0,0.0,0.0,0.3333333333333333,0.3333333333333333,0.0,0.0,wallet,ES,EUR
PM_000024,8,0,0,0,0,728.9399999999999,91.11749999999999,62.5,0.016390495428265338,0.0506759321889704,5,8,0,1,0.0,0.0,0.0,0.625,1.0,0.0,0.125,credit_card,IT,EUR
PM_005732,5,0,0,0,0,188.15,37.63,40.9,0.01636978341797424,0.0566206172593669,3,5,1,1,0.0,0.0,0.0,0.6,1.0,0.2,0.2,wallet,DE,EUR
PM_002659,7,0,0,0,0,1277.29,182.47,42.67,0.016363862715926745,0.0444702435525326,4,7,1,1,0.0,0.0,0.0,0.5714285714285714,1.0,0.14285714285714285,0.14285714285714285,credit_card,US,EUR
PM_001556,4,0,0,0,0,278.52000000000004,69.63000000000001,46.845,0.016363282953964026,0.0612765705754655,3,4,1,0,0.0,0.0,0.0,0.75,1.0,0.25,0.0,credit_card,IT,EUR
PM_006661,17,0,0,0,0,1885.6399999999999,110.91999999999999,56.57,0.016344034175514888,0.1216386827194992,2,17,5,5,0.0,0.0,0.0,0.11764705882352941,1.0,0.29411764705882354,0.29411764705882354,wallet,IT,EUR
PM_005625,9,0,0,0,0,556.9,61.87777777777777,45.63,0.016329370960595117,0.0873356821955794,3,9,2,0,0.0,0.0,0.0,0.3333333333333333,1.0,0.2222222222222222,0.0,debit_card,DE,EUR
PM_010219,9,0,0,0,0,531.56,59.06222222222222,50.67,0.016304252735238355,0.0784261935470012,7,9,1,0,0.0,0.0,0.0,0.7777777777777778,1.0,0.1111111111111111,0.0,wallet,ES,EUR
PM_004391,4,0,0,0,0,215.57,53.8925,48.56,0.016297104865197726,0.0635481163948261,2,4,0,2,0.0,0.0,0.0,0.5,1.0,0.0,0.5,debit_card,US,EUR
PM_001072,7,0,0,0,0,404.04,57.720000000000006,59.77,0.01625595427373066,0.1030052927324942,1,7,0,5,0.0,0.0,0.0,0.14285714285714285,1.0,0.0,0.7142857142857143,credit_card,PT,EUR
PM_006740,6,0,0,0,0,1166.82,194.47,115.385,0.016243866068608986,0.0446885574815649,2,6,0,0,0.0,0.0,0.0,0.3333333333333333,1.0,0.0,0.0,wallet,FR,EUR
PM_002498,4,0,0,0,0,289.94,72.485,54.18,0.016238297651189698,0.0577695668403884,0,4,1,0,0.0,0.0,0.0,0.0,1.0,0.25,0.0,debit_card,PT,EUR
PM_007769,4,0,0,0,0,249.94,62.485,45.115,0.01623010242426645,0.0308569713919482,4,4,1,1,0.0,0.0,0.0,1.0,1.0,0.25,0.25,debit_card,US,EUR
PM_011783,4,0,0,0,0,741.86,185.465,120.77000000000001,0.016212604129436675,0.0607649262256203,4,4,2,0,0.0,0.0,0.0,1.0,1.0,0.5,0.0,credit_card,US,EUR
PM_005264,24,0,0,0,0,3488.0699999999997,145.33624999999998,86.58500000000001,0.016201868074138752,0.1557148430433392,13,24,1,5,0.0,0.0,0.0,0.5416666666666666,1.0,0.041666666666666664,0.20833333333333334,wallet,FR,EUR
PM_002959,6,0,0,0,0,684.41,114.06833333333333,76.74000000000001,0.01618570512673202,0.0488274916512436,5,6,0,0,0.0,0.0,0.0,0.8333333333333334,1.0,0.0,0.0,wallet,ES,EUR
PM_004966,6,0,0,0,0,831.68,138.61333333333332,25.975,0.0161774629393707,0.0623569576867458,1,6,0,1,0.0,0.0,0.0,0.16666666666666666,1.0,0.0,0.16666666666666666,wallet,FR,EUR
PM_010700,5,0,0,0,0,247.91,49.582,58.09,0.0161770301155448,0.0776519258738577,3,5,0,0,0.0,0.0,0.0,0.6,1.0,0.0,0.0,debit_card,GB,EUR
PM_008682,3,0,0,0,0,287.96,95.98666666666666,101.49,0.016161921716344767,0.047815480634758,2,3,1,0,0.0,0.0,0.0,0.6666666666666666,1.0,0.3333333333333333,0.0,credit_card,ES,EUR
PM_000571,4,0,0,0,0,217.41000000000003,54.352500000000006,49.025000000000006,0.01615995508193895,0.0591150535367388,2,3,0,0,0.0,0.0,0.0,0.5,0.75,0.0,0.0,debit_card,IT,EUR
PM_009484,3,0,0,0,0,70.66,23.55333333333333,25.35,0.016137232350297032,0.047665022110792,3,3,1,3,0.0,0.0,0.0,1.0,1.0,0.3333333333333333,1.0,credit_card,ES,EUR
PM_003671,10,0,0,0,0,479.56,47.956,41.894999999999996,0.01613045203339408,0.0560361746536726,3,6,0,8,0.0,0.0,0.0,0.3,0.6,0.0,0.8,credit_card,ES,EUR
PM_006640,4,0,0,0,0,402.65,100.6625,85.95,0.016129204935127525,0.0496255905664179,0,4,0,3,0.0,0.0,0.0,0.0,1.0,0.0,0.75,credit_card,PT,EUR
PM_006999,8,0,0,0,0,1156.42,144.5525,136.435,0.016109970235444474,0.1118895659851319,5,8,2,0,0.0,0.0,0.0,0.625,1.0,0.25,0.0,credit_card,US,EUR
PM_010601,6,0,0,0,0,403.59,67.265,30.84,0.016105766726999267,0.0693266089540611,5,6,0,0,0.0,0.0,0.0,0.8333333333333334,1.0,0.0,0.0,debit_card,ES,EUR
PM_006971,4,0,0,0,0,421.51,105.3775,112.42999999999999,0.01609119281106675,0.036871526276028,3,4,0,0,0.0,0.0,0.0,0.75,1.0,0.0,0.0,wallet,IT,EUR
PM_001650,3,0,0,0,0,248.25,82.75,87.39,0.016079209860798534,0.0461373570850083,0,3,0,0,0.0,0.0,0.0,0.0,1.0,0.0,0.0,credit_card,ES,EUR
PM_008612,7,0,0,0,0,544.9,77.84285714285714,64.16,0.016079102681224314,0.0401497029819174,5,7,3,1,0.0,0.0,0.0,0.7142857142857143,1.0,0.42857142857142855,0.14285714285714285,wallet,FR,EUR
PM_009157,5,0,0,0,0,1539.43,307.886,323.88,0.01607563091849954,0.0332114397789881,3,5,1,0,0.0,0.0,0.0,0.6,1.0,0.2,0.0,bank_transfer,DE,EUR
PM_006111,15,0,0,0,0,1998.98,133.26533333333333,62.36,0.016071808411965257,0.1145673616586221,7,13,2,0,0.0,0.0,0.0,0.4666666666666667,0.8666666666666667,0.13333333333333333,0.0,credit_card,ES,EUR
PM_001354,7,0,0,0,0,253.61,36.230000000000004,42.86,0.016030945885846814,0.0385252666417459,6,7,1,2,0.0,0.0,0.0,0.8571428571428571,1.0,0.14285714285714285,0.2857142857142857,debit_card,ES,EUR
PM_009358,9,0,0,0,0,628.47,69.83,33.08,0.01602438331588351,0.0473065842350529,4,9,1,6,0.0,0.0,0.0,0.4444444444444444,1.0,0.1111111111111111,0.6666666666666666,bank_transfer,FR,EUR
PM_005900,6,0,0,0,0,1290.46,215.07666666666668,201.86,0.016022795435463946,0.0416177474409436,3,6,1,0,0.0,0.0,0.0,0.5,1.0,0.16666666666666666,0.0,bank_transfer,US,EUR
PM_008417,3,0,0,0,0,217.39999999999998,72.46666666666665,76.13,0.016003880831350268,0.0465146675689037,0,1,1,0,0.0,0.0,0.0,0.0,0.3333333333333333,0.3333333333333333,0.0,credit_card,DE,EUR
PM_006153,7,0,0,0,0,1083.72,154.81714285714287,175.22,0.01599102227577803,0.0742034453230201,5,7,0,1,0.0,0.0,0.0,0.7142857142857143,1.0,0.0,0.14285714285714285,credit_card,FR,EUR
PM_000834,4,0,0,0,0,339.12,84.78,40.275000000000006,0.015969594206261675,0.0371376800066375,3,3,2,0,0.0,0.0,0.0,0.75,0.75,0.5,0.0,debit_card,FR,EUR
PM_010541,4,0,0,0,0,837.03,209.2575,218.65,0.015966221495331875,0.0335751464532161,2,4,0,0,0.0,0.0,0.0,0.5,1.0,0.0,0.0,debit_card,DE,EUR
PM_003738,8,0,0,0,0,868.86,108.6075,74.775,0.015962284612090136,0.0552360835984073,3,8,1,0,0.0,0.0,0.0,0.375,1.0,0.125,0.0,credit_card,GB,EUR
PM_010815,4,0,0,0,0,882.6400000000001,220.66000000000003,185.29500000000002,0.0159572692269901,0.0574530953856692,2,2,1,1,0.0,0.0,0.0,0.5,0.5,0.25,0.25,wallet,ES,EUR
PM_001728,7,0,0,0,0,835.21,119.3157142857143,92.31,0.0159357609453227,0.106606066294388,5,7,1,0,0.0,0.0,0.0,0.7142857142857143,1.0,0.14285714285714285,0.0,debit_card,US,EUR
PM_008331,12,0,0,0,0,464.09,38.674166666666665,28.07,0.015892470197735258,0.1199642668510337,4,12,3,1,0.0,0.0,0.0,0.3333333333333333,1.0,0.25,0.08333333333333333,debit_card,FR,EUR
PM_009992,10,0,0,0,0,1124.05,112.405,63.625,0.015851169993300447,0.063230561889652,8,10,0,0,0.0,0.0,0.0,0.8,1.0,0.0,0.0,credit_card,GB,EUR
PM_000547,7,0,0,0,0,560.36,80.05142857142857,58.8,0.015831099079674543,0.1040448082926198,4,7,0,2,0.0,0.0,0.0,0.5714285714285714,1.0,0.0,0.2857142857142857,debit_card,US,EUR
PM_005905,3,0,0,0,0,568.6800000000001,189.56000000000003,46.48,0.0158263405550061,0.0412139511810956,1,2,0,2,0.0,0.0,0.0,0.3333333333333333,0.6666666666666666,0.0,0.6666666666666666,wallet,ES,EUR
PM_003623,7,0,0,0,0,584.97,83.56714285714285,67.05,0.01581718437652753,0.0866379354069408,3,7,0,3,0.0,0.0,0.0,0.42857142857142855,1.0,0.0,0.42857142857142855,credit_card,FR,EUR
PM_003700,3,0,0,0,0,438.01,146.00333333333333,90.78,0.015784768328984,0.0429204843312198,3,3,0,1,0.0,0.0,0.0,1.0,1.0,0.0,0.3333333333333333,credit_card,US,EUR
PM_006779,4,1,0,0,0,1023.8400000000001,255.96000000000004,138.945,0.015754030811150475,0.0517427069652605,2,4,1,0,0.25,0.0,0.0,0.5,1.0,0.25,0.0,wallet,ES,EUR
PM_007473,7,0,0,0,0,571.61,81.65857142857143,66.71,0.015751004287991442,0.0663850404396732,4,7,0,0,0.0,0.0,0.0,0.5714285714285714,1.0,0.0,0.0,debit_card,PT,EUR
PM_000286,7,0,0,0,0,813.5600000000001,116.22285714285715,84.95,0.015734586550885044,0.0496194758959277,4,7,1,0,0.0,0.0,0.0,0.5714285714285714,1.0,0.14285714285714285,0.0,credit_card,PT,EUR
PM_004565,13,0,0,0,0,1178.78,90.67538461538462,94.13,0.015727264722080754,0.0952188543541344,5,13,0,0,0.0,0.0,0.0,0.38461538461538464,1.0,0.0,0.0,credit_card,DE,EUR
PM_008465,8,0,0,0,0,584.98,73.1225,38.625,0.015698413767917425,0.110176209025693,2,8,0,0,0.0,0.0,0.0,0.25,1.0,0.0,0.0,credit_card,GB,EUR
PM_004681,5,0,0,0,0,601.58,120.316,113.23,0.01568923482318606,0.070995920646931,4,4,0,3,0.0,0.0,0.0,0.8,0.8,0.0,0.6,credit_card,ES,EUR
PM_009497,29,0,0,0,0,1894.74,65.33586206896551,46.48,0.015679463937156787,0.1433353895538689,11,29,6,9,0.0,0.0,0.0,0.3793103448275862,1.0,0.20689655172413793,0.3103448275862069,debit_card,FR,EUR
PM_004748,8,0,0,0,0,741.13,92.64125,73.57,0.015679153763295296,0.1094924958265379,3,8,2,0,0.0,0.0,0.0,0.375,1.0,0.25,0.0,debit_card,GB,EUR
PM_007697,7,0,0,0,0,1050.17,150.02428571428572,138.55,0.015676530163521572,0.0620318421240903,5,7,2,0,0.0,0.0,0.0,0.7142857142857143,1.0,0.2857142857142857,0.0,credit_card,US,EUR
PM_003845,4,0,0,0,0,508.08000000000004,127.02000000000001,78.59,0.015669500675699926,0.0515019851962204,4,4,0,0,0.0,0.0,0.0,1.0,1.0,0.0,0.0,credit_card,ES,EUR
PM_002492,4,0,0,0,0,268.37,67.0925,63.555,0.015664616876660625,0.0388876226114629,3,4,1,0,0.0,0.0,0.0,0.75,1.0,0.25,0.0,bank_transfer,FR,EUR
PM_001866,3,0,0,0,0,259.99,86.66333333333334,89.29,0.015664479307754265,0.0462084952409104,2,3,1,0,0.0,0.0,0.0,0.6666666666666666,1.0,0.3333333333333333,0.0,wallet,ES,EUR
PM_000941,4,0,0,0,0,646.29,161.5725,66.795,0.015653433416906767,0.0612297570080277,2,4,0,0,0.0,0.0,0.0,0.5,1.0,0.0,0.0,credit_card,US,EUR
PM_006794,6,0,0,0,0,361.15,60.19166666666666,42.650000000000006,0.015650007518797717,0.0360604148569351,3,3,0,0,0.0,0.0,0.0,0.5,0.5,0.0,0.0,credit_card,ES,EUR
PM_003135,4,0,0,0,0,700.28,175.07,98.315,0.015647261951319002,0.0533199449891081,3,4,1,0,0.0,0.0,0.0,0.75,1.0,0.25,0.0,credit_card,ES,EUR
PM_006649,5,0,0,0,0,316.12,63.224000000000004,61.97,0.01564671527014972,0.0716669430316479,0,5,0,0,0.0,0.0,0.0,0.0,1.0,0.0,0.0,wallet,FR,EUR
PM_004771,18,0,0,0,0,2048.61,113.81166666666667,70.56,0.01562201571610788,0.1249184528360922,6,18,1,7,0.0,0.0,0.0,0.3333333333333333,1.0,0.05555555555555555,0.3888888888888889,debit_card,US,EUR
PM_003221,4,0,0,0,0,189.34,47.335,42.5,0.0156188656409753,0.0441578531970572,1,3,0,0,0.0,0.0,0.0,0.25,0.75,0.0,0.0,credit_card,PT,EUR
PM_001585,10,0,0,0,0,1381.55,138.155,89.6,0.015607125709115165,0.1440311819858974,1,10,2,0,0.0,0.0,0.0,0.1,1.0,0.2,0.0,debit_card,FR,EUR
PM_006998,5,0,0,0,0,460.29999999999995,92.05999999999999,100.27,0.015595044433870558,0.0464897568567612,3,3,0,2,0.0,0.0,0.0,0.6,0.6,0.0,0.4,credit_card,ES,EUR
PM_002646,3,0,0,0,0,372.9,124.3,117.36,0.015594664346987667,0.0379839081232564,3,3,0,0,0.0,0.0,0.0,1.0,1.0,0.0,0.0,credit_card,DE,EUR
PM_011023,9,0,0,0,0,1016.8,112.97777777777777,81.2,0.015585290546052344,0.0560566307865825,8,9,2,0,0.0,0.0,0.0,0.8888888888888888,1.0,0.2222222222222222,0.0,debit_card,IT,EUR
PM_002602,5,0,0,0,0,974.6099999999999,194.92199999999997,164.43,0.01556741027995214,0.0476043305388121,4,5,1,0,0.0,0.0,0.0,0.8,1.0,0.2,0.0,bank_transfer,DE,EUR
PM_005743,5,0,0,0,0,529.68,105.93599999999999,40.17,0.01556139418463226,0.0377696948269511,3,5,2,0,0.0,0.0,0.0,0.6,1.0,0.4,0.0,credit_card,US,EUR
PM_007814,4,0,0,0,0,748.3100000000001,187.07750000000001,217.91500000000002,0.0155348214778661,0.0564229427774308,2,2,0,4,0.0,0.0,0.0,0.5,0.5,0.0,1.0,credit_card,ES,EUR
PM_011732,5,0,0,0,0,126.02,25.204,18.96,0.015514955697979782,0.0676434932386922,3,3,1,1,0.0,0.0,0.0,0.6,0.6,0.2,0.2,credit_card,ES,EUR
PM_003627,3,0,0,0,0,119.6,39.86666666666667,46.38,0.015512152028212968,0.0371769969904233,0,3,1,0,0.0,0.0,0.0,0.0,1.0,0.3333333333333333,0.0,debit_card,PT,EUR
PM_005148,7,0,0,0,0,388.6,55.51428571428572,39.41,0.015507098467149986,0.0589880196370426,6,7,3,2,0.0,0.0,0.0,0.8571428571428571,1.0,0.42857142857142855,0.2857142857142857,wallet,IT,EUR
PM_004539,4,0,0,0,0,212.51,53.1275,53.14,0.015449819369024426,0.0579597069194182,4,4,0,0,0.0,0.0,0.0,1.0,1.0,0.0,0.0,debit_card,ES,EUR
PM_001554,4,0,0,0,0,579.36,144.84,149.84,0.015441852699252199,0.0565458093711436,3,4,1,0,0.0,0.0,0.0,0.75,1.0,0.25,0.0,credit_card,ES,EUR
PM_008676,6,0,0,0,0,765.48,127.58,122.78999999999999,0.015439345793536856,0.042724494332891,4,6,0,1,0.0,0.0,0.0,0.6666666666666666,1.0,0.0,0.16666666666666666,credit_card,IT,EUR
PM_006149,10,0,0,0,0,773.97,77.397,62.785000000000004,0.01543617144326546,0.078195558286005,6,10,0,0,0.0,0.0,0.0,0.6,1.0,0.0,0.0,wallet,FR,EUR
PM_011644,3,0,0,0,0,304.1,101.36666666666667,134.97,0.015435878519511599,0.0447519378906529,2,3,0,2,0.0,0.0,0.0,0.6666666666666666,1.0,0.0,0.6666666666666666,credit_card,IT,EUR
PM_001215,4,0,0,0,0,764.89,191.2225,165.32,0.01541635090383505,0.0488886821595962,2,4,0,0,0.0,0.0,0.0,0.5,1.0,0.0,0.0,credit_card,GB,EUR
PM_005362,7,0,0,0,0,483.33000000000004,69.04714285714286,50.31,0.015411125091430557,0.0547824185114543,5,7,0,0,0.0,0.0,0.0,0.7142857142857143,1.0,0.0,0.0,wallet,FR,EUR
PM_009970,7,0,0,0,0,1043.48,149.06857142857143,150.57,0.015397489515675744,0.0447107108255758,5,5,0,1,0.0,0.0,0.0,0.7142857142857143,0.7142857142857143,0.0,0.14285714285714285,credit_card,IT,EUR
PM_009938,13,0,0,0,0,865.1800000000001,66.55230769230769,64.03,0.015394880589737977,0.1506086848210528,9,13,2,1,0.0,0.0,0.0,0.6923076923076923,1.0,0.15384615384615385,0.07692307692307693,credit_card,US,EUR
PM_002877,3,0,0,0,0,273.92,91.30666666666667,87.54,0.015390106784674633,0.0265238412899954,2,3,1,1,0.0,0.0,0.0,0.6666666666666666,1.0,0.3333333333333333,0.3333333333333333,credit_card,IT,EUR
PM_002306,9,0,0,0,0,1133.46,125.94,66.7,0.0153892955964665,0.1076778176436734,5,9,3,1,0.0,0.0,0.0,0.5555555555555556,1.0,0.3333333333333333,0.1111111111111111,wallet,PT,EUR
PM_005785,11,0,0,0,0,555.74,50.52181818181818,26.08,0.015368481399022464,0.1542401938513499,8,11,2,5,0.0,0.0,0.0,0.7272727272727273,1.0,0.18181818181818182,0.45454545454545453,wallet,FR,EUR
PM_001193,15,0,0,0,0,1495.9,99.72666666666667,99.55,0.015351847534546532,0.0663027402203545,10,11,1,7,0.0,0.0,0.0,0.6666666666666666,0.7333333333333333,0.06666666666666667,0.4666666666666667,credit_card,FR,EUR
PM_000183,9,0,0,0,0,2735.4900000000002,303.9433333333334,110.01,0.01534049426540679,0.0779169331751178,5,8,2,2,0.0,0.0,0.0,0.5555555555555556,0.8888888888888888,0.2222222222222222,0.2222222222222222,credit_card,ES,EUR
PM_000217,10,0,0,0,0,649.96,64.99600000000001,46.66,0.01533924497066621,0.0707198534490776,6,8,0,0,0.0,0.0,0.0,0.6,0.8,0.0,0.0,debit_card,FR,EUR
PM_011529,4,0,0,0,0,379.37,94.8425,92.6,0.01530805646985185,0.0540969900037865,1,4,1,0,0.0,0.0,0.0,0.25,1.0,0.25,0.0,credit_card,GB,EUR
PM_006402,8,0,0,0,0,260.47,32.55875,28.6,0.015260489468396506,0.1201474375535918,4,8,0,0,0.0,0.0,0.0,0.5,1.0,0.0,0.0,credit_card,DE,EUR
PM_009989,4,0,0,0,0,329.65,82.4125,79.78,0.01525702493533825,0.0393842430852407,1,3,0,4,0.0,0.0,0.0,0.25,0.75,0.0,1.0,debit_card,ES,EUR
PM_006239,3,0,0,0,0,253.31,84.43666666666667,58.12,0.015245558337244468,0.0434134635216473,1,3,1,3,0.0,0.0,0.0,0.3333333333333333,1.0,0.3333333333333333,1.0,wallet,GB,EUR
PM_000551,4,0,0,0,0,172.75,43.1875,31.625,0.0152381836071663,0.0523469206709728,3,4,0,3,0.0,0.0,0.0,0.75,1.0,0.0,0.75,debit_card,PT,EUR
PM_009133,6,0,0,0,0,518.38,86.39666666666666,86.97999999999999,0.015222397382568498,0.0842969494600314,2,6,0,0,0.0,0.0,0.0,0.3333333333333333,1.0,0.0,0.0,credit_card,PT,EUR
PM_005125,7,0,0,0,0,656.8000000000001,93.82857142857144,54.21,0.015213086484509909,0.0394423284026638,2,7,0,0,0.0,0.0,0.0,0.2857142857142857,1.0,0.0,0.0,credit_card,FR,EUR
PM_011721,6,0,0,0,0,548.86,91.47666666666667,76.815,0.015189833938311916,0.0448734276115242,3,5,1,0,0.0,0.0,0.0,0.5,0.8333333333333334,0.16666666666666666,0.0,debit_card,ES,EUR
PM_003611,4,0,0,0,0,128.18,32.045,33.02,0.0151811816329249,0.0550241767513664,1,4,1,0,0.0,0.0,0.0,0.25,1.0,0.25,0.0,credit_card,IT,EUR
PM_000783,9,0,0,0,0,560.7,62.300000000000004,49.46,0.015154650944930018,0.0657353185006117,7,9,1,0,0.0,0.0,0.0,0.7777777777777778,1.0,0.1111111111111111,0.0,credit_card,ES,EUR
PM_009074,4,0,0,0,0,579.44,144.86,85.98,0.015132444708562624,0.0411500146159437,3,4,0,1,0.0,0.0,0.0,0.75,1.0,0.0,0.25,wallet,US,EUR
PM_001112,4,0,0,0,0,597.76,149.44,52.47,0.01512306694002745,0.0567160918027622,2,4,0,1,0.0,0.0,0.0,0.5,1.0,0.0,0.25,debit_card,US,EUR
PM_006842,3,0,0,0,0,264.49,88.16333333333334,58.26,0.015079005848183601,0.0364963210401295,1,3,1,0,0.0,0.0,0.0,0.3333333333333333,1.0,0.3333333333333333,0.0,credit_card,PT,EUR
PM_002871,4,0,0,0,0,338.36,84.59,94.435,0.015066862442642038,0.0553125029878016,1,2,0,0,0.0,0.0,0.0,0.25,0.5,0.0,0.0,debit_card,ES,EUR
PM_010263,7,0,0,0,0,837.28,119.61142857142856,74.46,0.015048598061202829,0.0483189841590645,4,4,0,0,0.0,0.0,0.0,0.5714285714285714,0.5714285714285714,0.0,0.0,credit_card,ES,EUR
PM_008560,6,0,0,0,0,303.52,50.586666666666666,48.415,0.015044406309358318,0.0469576916207644,2,6,1,0,0.0,0.0,0.0,0.3333333333333333,1.0,0.16666666666666666,0.0,credit_card,DE,EUR
PM_010779,7,0,0,0,0,698.04,99.72,60.15,0.015036495324051203,0.0517075939627481,0,7,0,7,0.0,0.0,0.0,0.0,1.0,0.0,1.0,credit_card,ES,EUR
PM_011999,3,0,0,0,0,721.63,240.54333333333332,287.83,0.014980701925568734,0.0444519957486787,0,3,1,1,0.0,0.0,0.0,0.0,1.0,0.3333333333333333,0.3333333333333333,bank_transfer,GB,EUR
PM_003494,8,0,0,0,0,1182.25,147.78125,111.705,0.014971076003089938,0.1024116882537381,2,8,1,8,0.0,0.0,0.0,0.25,1.0,0.125,1.0,debit_card,GB,EUR
PM_006294,9,0,0,0,0,1012.32,112.48,31.22,0.014964008609016746,0.055648131710718,5,9,1,3,0.0,0.0,0.0,0.5555555555555556,1.0,0.1111111111111111,0.3333333333333333,wallet,US,EUR
PM_010072,8,0,0,0,0,896.39,112.04875,89.87,0.014963490014108505,0.0864786144251016,2,8,1,4,0.0,0.0,0.0,0.25,1.0,0.125,0.5,debit_card,GB,EUR
PM_000791,9,0,0,0,0,1304.86,144.98444444444442,67.16,0.014914384557771866,0.0562793328610337,6,9,2,0,0.0,0.0,0.0,0.6666666666666666,1.0,0.2222222222222222,0.0,credit_card,IT,EUR
PM_007580,3,0,0,0,0,554.4399999999999,184.8133333333333,177.79,0.014842476201374034,0.0319342062367804,2,2,0,0,0.0,0.0,0.0,0.6666666666666666,0.6666666666666666,0.0,0.0,debit_card,ES,EUR
PM_002674,13,0,0,0,0,1841.54,141.65692307692308,90.72,0.014832826821330969,0.0523543060189445,7,13,0,0,0.0,0.0,0.0,0.5384615384615384,1.0,0.0,0.0,bank_transfer,ES,EUR
PM_005954,8,0,0,0,0,556.19,69.52375,43.29,0.014829707131341512,0.0431591112121264,4,8,1,0,0.0,0.0,0.0,0.5,1.0,0.125,0.0,credit_card,PT,EUR
PM_003741,6,0,0,0,0,1089.8899999999999,181.6483333333333,177.14499999999998,0.014813584662565939,0.0386690967238263,3,6,0,0,0.0,0.0,0.0,0.5,1.0,0.0,0.0,bank_transfer,FR,EUR
PM_011712,5,0,0,0,0,958.61,191.722,124.93,0.014810428469136602,0.0706778020614443,4,4,0,5,0.0,0.0,0.0,0.8,0.8,0.0,1.0,bank_transfer,ES,EUR
PM_001880,4,0,0,0,0,1111.6799999999998,277.91999999999996,200.665,0.01480316432970655,0.0460496205390489,3,3,0,4,0.0,0.0,0.0,0.75,0.75,0.0,1.0,credit_card,PT,EUR
PM_010058,11,0,0,0,0,1027.02,93.36545454545454,78.1,0.014745471660522518,0.0539597985296075,6,11,1,1,0.0,0.0,0.0,0.5454545454545454,1.0,0.09090909090909091,0.09090909090909091,wallet,US,EUR
PM_009055,4,0,0,0,0,601.5,150.375,80.545,0.014742976719321474,0.0573875330603936,1,4,2,0,0.0,0.0,0.0,0.25,1.0,0.5,0.0,credit_card,FR,EUR
PM_003934,12,0,0,0,0,1629.0,135.75,104.945,0.014738791169786923,0.0437999249928583,10,12,0,1,0.0,0.0,0.0,0.8333333333333334,1.0,0.0,0.08333333333333333,bank_transfer,ES,EUR
PM_005302,6,0,0,0,0,319.90999999999997,53.31833333333333,32.79,0.014723280668011715,0.0621647634610789,1,5,1,0,0.0,0.0,0.0,0.16666666666666666,0.8333333333333334,0.16666666666666666,0.0,credit_card,IT,EUR
PM_004874,7,0,0,0,0,579.17,82.73857142857142,66.57,0.01471714895401544,0.0927263540443169,4,4,2,0,0.0,0.0,0.0,0.5714285714285714,0.5714285714285714,0.2857142857142857,0.0,wallet,ES,EUR
PM_002700,3,0,0,0,0,354.63,118.21,62.08,0.014699941825669,0.0351676762142121,1,3,1,0,0.0,0.0,0.0,0.3333333333333333,1.0,0.3333333333333333,0.0,credit_card,US,EUR
PM_002904,4,0,0,0,0,244.89,61.2225,28.415,0.0146991754068429,0.0399417577341051,3,4,1,2,0.0,0.0,0.0,0.75,1.0,0.25,0.5,credit_card,GB,EUR
PM_000050,6,0,0,0,0,811.44,135.24,116.81,0.014666826759592648,0.045182797641124,3,6,0,0,0.0,0.0,0.0,0.5,1.0,0.0,0.0,credit_card,FR,EUR
PM_006552,27,0,0,0,0,2896.61,107.28185185185185,79.14,0.01463706257911934,0.1749691032288894,14,23,4,10,0.0,0.0,0.0,0.5185185185185185,0.8518518518518519,0.14814814814814814,0.37037037037037035,bank_transfer,ES,EUR
PM_000899,7,0,0,0,0,421.01,60.144285714285715,43.92,0.014614575453707314,0.0619593713649324,4,7,1,2,0.0,0.0,0.0,0.5714285714285714,1.0,0.14285714285714285,0.2857142857142857,credit_card,FR,EUR
PM_008497,7,0,0,0,0,1315.1499999999999,187.8785714285714,80.42,0.014603578679978992,0.0583451143256325,4,7,1,0,0.0,0.0,0.0,0.5714285714285714,1.0,0.14285714285714285,0.0,credit_card,PT,EUR
PM_009427,6,0,0,0,0,561.48,93.58,54.879999999999995,0.014591017205397584,0.0778098787321827,1,1,0,4,0.0,0.0,0.0,0.16666666666666666,0.16666666666666666,0.0,0.6666666666666666,debit_card,ES,EUR
PM_011893,3,0,0,0,0,445.47,148.49,149.48,0.014580592937897067,0.0425771370329755,1,1,0,0,0.0,0.0,0.0,0.3333333333333333,0.3333333333333333,0.0,0.0,wallet,ES,EUR
PM_006456,11,0,0,0,0,937.59,85.23545454545454,51.75,0.014564817018892782,0.0596112610871352,5,8,2,9,0.0,0.0,0.0,0.45454545454545453,0.7272727272727273,0.18181818181818182,0.8181818181818182,credit_card,ES,EUR
PM_009994,13,0,0,0,0,1597.85,122.91153846153846,76.43,0.014524135178697072,0.0788285683823005,3,6,3,1,0.0,0.0,0.0,0.23076923076923078,0.46153846153846156,0.23076923076923078,0.07692307692307693,credit_card,ES,EUR
PM_002181,3,0,0,0,0,257.86,85.95333333333333,89.13,0.0145184250102032,0.0322078060034602,2,3,0,0,0.0,0.0,0.0,0.6666666666666666,1.0,0.0,0.0,credit_card,PT,EUR
PM_005768,11,0,0,0,0,545.51,49.591818181818184,45.76,0.014516587528929377,0.084585334562134,5,11,1,6,0.0,0.0,0.0,0.45454545454545453,1.0,0.09090909090909091,0.5454545454545454,credit_card,ES,EUR
PM_007894,11,0,0,0,0,3241.23,294.65727272727275,277.85,0.014506197873848726,0.0796572685799429,8,11,3,2,0.0,0.0,0.0,0.7272727272727273,1.0,0.2727272727272727,0.18181818181818182,bank_transfer,ES,EUR
PM_008446,12,0,0,0,0,1594.26,132.855,91.065,0.014451449104649195,0.1597608562916224,5,12,2,0,0.0,0.0,0.0,0.4166666666666667,1.0,0.16666666666666666,0.0,debit_card,US,EUR
PM_011522,4,0,0,0,0,489.83,122.4575,143.735,0.01445117993026897,0.0417991015109638,2,2,0,0,0.0,0.0,0.0,0.5,0.5,0.0,0.0,bank_transfer,FR,EUR
PM_011852,5,0,0,0,0,535.1,107.02000000000001,81.73,0.014440815809415641,0.06945260764718,3,5,0,0,0.0,0.0,0.0,0.6,1.0,0.0,0.0,credit_card,US,EUR
PM_011474,4,0,0,0,0,213.16,53.29,59.230000000000004,0.0144352336619622,0.042345921571395,1,4,0,0,0.0,0.0,0.0,0.25,1.0,0.0,0.0,credit_card,US,EUR
PM_008444,3,0,0,0,0,115.83,38.61,30.05,0.014429867414476764,0.0424666940557244,1,2,1,2,0.0,0.0,0.0,0.3333333333333333,0.6666666666666666,0.3333333333333333,0.6666666666666666,credit_card,ES,EUR
PM_009005,7,0,0,0,0,1068.99,152.71285714285713,49.76,0.0143964147964048,0.0539283353665908,5,7,1,0,0.0,0.0,0.0,0.7142857142857143,1.0,0.14285714285714285,0.0,credit_card,PT,EUR
PM_009146,19,0,0,0,0,3365.16,177.11368421052632,76.84,0.014341900203524932,0.111773852662832,6,19,2,6,0.0,0.0,0.0,0.3157894736842105,1.0,0.10526315789473684,0.3157894736842105,debit_card,PT,EUR
PM_004953,4,0,0,0,0,883.22,220.805,200.25,0.014312356564429574,0.0286944682546825,1,4,0,0,0.0,0.0,0.0,0.25,1.0,0.0,0.0,credit_card,DE,EUR
PM_004554,7,0,0,0,0,417.40000000000003,59.62857142857143,49.28,0.014304968731019857,0.0910061236559706,2,7,0,3,0.0,0.0,0.0,0.2857142857142857,1.0,0.0,0.42857142857142855,wallet,US,EUR
PM_011180,5,0,0,0,0,706.9200000000001,141.38400000000001,121.9,0.014300908519170019,0.0316117672861221,4,5,0,0,0.0,0.0,0.0,0.8,1.0,0.0,0.0,debit_card,ES,EUR
PM_003138,3,0,0,0,0,199.13,66.37666666666667,64.59,0.014300075845872768,0.041945204698603,2,3,0,2,0.0,0.0,0.0,0.6666666666666666,1.0,0.0,0.6666666666666666,debit_card,PT,EUR
PM_002972,5,0,0,0,0,299.01,59.802,56.35,0.01427792307317422,0.0356966335965671,1,5,1,0,0.0,0.0,0.0,0.2,1.0,0.2,0.0,debit_card,ES,EUR
PM_006038,4,0,0,0,0,266.71999999999997,66.67999999999999,69.42999999999999,0.014269242439701724,0.0561155482101924,2,4,0,3,0.0,0.0,0.0,0.5,1.0,0.0,0.75,wallet,GB,EUR
PM_001999,8,0,0,0,0,1135.32,141.915,101.015,0.014265515500399575,0.0510926802897674,2,8,1,0,0.0,0.0,0.0,0.25,1.0,0.125,0.0,credit_card,GB,EUR
PM_007240,9,0,0,0,0,462.41,51.378888888888895,42.87,0.014253559380484932,0.1204345536817552,1,9,0,0,0.0,0.0,0.0,0.1111111111111111,1.0,0.0,0.0,wallet,FR,EUR
PM_003766,4,0,0,0,0,970.3399999999999,242.58499999999998,170.04,0.014252080363482,0.0445735792761233,1,4,1,2,0.0,0.0,0.0,0.25,1.0,0.25,0.5,debit_card,ES,EUR
PM_000587,8,0,0,0,0,950.44,118.805,64.25,0.014237155175654277,0.1012334231594974,4,7,0,2,0.0,0.0,0.0,0.5,0.875,0.0,0.25,credit_card,ES,EUR
PM_011642,3,0,0,0,0,88.67,29.55666666666667,20.92,0.0142369354403232,0.0423446192017793,3,3,0,0,0.0,0.0,0.0,1.0,1.0,0.0,0.0,credit_card,FR,EUR
PM_005442,4,0,0,0,0,186.71,46.6775,49.43,0.01423401970774115,0.0423707681521305,1,1,0,0,0.0,0.0,0.0,0.25,0.25,0.0,0.0,credit_card,IT,EUR
PM_006043,9,0,0,0,0,2400.3900000000003,266.71000000000004,158.62,0.014233573537740688,0.0501564638585345,5,9,1,3,0.0,0.0,0.0,0.5555555555555556,1.0,0.1111111111111111,0.3333333333333333,wallet,IT,EUR
PM_006196,3,0,0,0,0,146.87,48.95666666666667,41.64,0.014231470566488933,0.0413626787281152,3,3,0,0,0.0,0.0,0.0,1.0,1.0,0.0,0.0,wallet,DE,EUR
PM_007727,8,0,0,0,0,229.74,28.7175,26.22,0.0142239390236932,0.0601961414537822,4,8,2,0,0.0,0.0,0.0,0.5,1.0,0.25,0.0,debit_card,FR,EUR
PM_004247,4,0,0,0,0,345.79,86.4475,65.945,0.014219488658373575,0.0375923633997545,0,4,0,0,0.0,0.0,0.0,0.0,1.0,0.0,0.0,credit_card,DE,EUR
PM_005568,22,0,0,0,0,2448.33,111.28772727272727,104.49,0.014212631657940027,0.1179194792037908,11,22,2,4,0.0,0.0,0.0,0.5,1.0,0.09090909090909091,0.18181818181818182,credit_card,FR,EUR
PM_007707,3,0,0,0,0,321.51,107.17,102.78,0.014212380601834634,0.0413746186955699,2,3,1,0,0.0,0.0,0.0,0.6666666666666666,1.0,0.3333333333333333,0.0,wallet,IT,EUR
PM_008880,9,0,0,0,0,1528.87,169.87444444444444,133.76,0.014197905434138689,0.0512044970820396,5,9,2,0,0.0,0.0,0.0,0.5555555555555556,1.0,0.2222222222222222,0.0,credit_card,DE,EUR
PM_007574,3,0,0,0,0,419.59000000000003,139.86333333333334,150.05,0.0141957111368603,0.0217764142306448,2,3,0,0,0.0,0.0,0.0,0.6666666666666666,1.0,0.0,0.0,debit_card,PT,EUR
PM_000871,5,0,0,0,0,285.01,57.001999999999995,33.32,0.014173106710874439,0.0546870923228431,1,5,0,0,0.0,0.0,0.0,0.2,1.0,0.0,0.0,wallet,PT,EUR
PM_008151,13,0,0,0,0,927.11,71.31615384615385,44.49,0.014168745021402602,0.0862337627181551,7,13,1,2,0.0,0.0,0.0,0.5384615384615384,1.0,0.07692307692307693,0.15384615384615385,credit_card,IT,EUR
PM_006506,5,0,0,0,0,348.01,69.602,54.78,0.01416114548270928,0.0694934740748505,2,5,1,1,0.0,0.0,0.0,0.4,1.0,0.2,0.2,debit_card,US,EUR
PM_005340,12,0,0,0,0,2341.11,195.0925,128.34,0.014142134084613659,0.0609291922106216,6,9,3,0,0.0,0.0,0.0,0.5,0.75,0.25,0.0,debit_card,ES,EUR
PM_006757,8,0,0,0,0,502.91,62.86375,41.265,0.014134737229320363,0.0558815483842483,4,5,1,0,0.0,0.0,0.0,0.5,0.625,0.125,0.0,debit_card,ES,EUR
PM_003961,4,0,0,0,0,391.14,97.785,24.39,0.0141230147660893,0.0416882934490782,2,4,0,0,0.0,0.0,0.0,0.5,1.0,0.0,0.0,debit_card,FR,EUR
PM_005047,3,0,0,0,0,134.89,44.96333333333333,57.04,0.014118567687868866,0.0328803977172038,0,0,0,0,0.0,0.0,0.0,0.0,0.0,0.0,0.0,credit_card,ES,EUR
PM_007597,6,0,0,0,0,441.80999999999995,73.63499999999999,30.28,0.014102971327289318,0.0438650481085156,3,6,0,2,0.0,0.0,0.0,0.5,1.0,0.0,0.3333333333333333,debit_card,US,EUR
PM_008875,5,0,0,0,0,528.58,105.71600000000001,50.24,0.01410285716419402,0.0462735917688867,3,5,0,0,0.0,0.0,0.0,0.6,1.0,0.0,0.0,wallet,ES,EUR
PM_002466,7,0,0,0,0,511.57,73.08142857142857,31.22,0.014093162355559114,0.0500641203767312,1,7,2,7,0.0,0.0,0.0,0.14285714285714285,1.0,0.2857142857142857,1.0,debit_card,DE,EUR
PM_007925,4,0,0,0,0,372.78000000000003,93.19500000000001,51.224999999999994,0.014055779529133425,0.0521934351046789,2,4,1,0,0.0,0.0,0.0,0.5,1.0,0.25,0.0,debit_card,ES,EUR
PM_000080,3,0,0,0,0,224.57000000000002,74.85666666666667,39.72,0.0140513981564793,0.0409986112075994,1,3,1,2,0.0,0.0,0.0,0.3333333333333333,1.0,0.3333333333333333,0.6666666666666666,bank_transfer,FR,EUR
PM_001660,5,0,0,0,0,427.83,85.566,50.73,0.014050339765626202,0.0635155546547194,3,5,1,0,0.0,0.0,0.0,0.6,1.0,0.2,0.0,bank_transfer,IT,EUR
PM_001074,19,0,0,0,0,2089.87,109.99315789473684,91.25,0.01404481559008749,0.1087492064500024,11,18,3,0,0.0,0.0,0.0,0.5789473684210527,0.9473684210526315,0.15789473684210525,0.0,credit_card,ES,EUR
PM_001231,7,0,0,0,0,750.7,107.24285714285715,69.34,0.014042495175841071,0.0471235644927738,3,5,1,0,0.0,0.0,0.0,0.42857142857142855,0.7142857142857143,0.14285714285714285,0.0,credit_card,ES,EUR
PM_007734,8,0,0,0,0,1969.79,246.22375,167.0,0.014037182923647406,0.1013542496583443,3,4,1,0,0.0,0.0,0.0,0.375,0.5,0.125,0.0,credit_card,ES,EUR
PM_003725,7,0,0,0,0,161.09,23.012857142857143,17.8,0.014017928087476886,0.0866836840705047,4,7,2,6,0.0,0.0,0.0,0.5714285714285714,1.0,0.2857142857142857,0.8571428571428571,credit_card,US,EUR
PM_009884,12,0,0,0,0,786.9200000000001,65.57666666666667,36.525000000000006,0.013982254998365683,0.1302961328174198,8,10,1,1,0.0,0.0,0.0,0.6666666666666666,0.8333333333333334,0.08333333333333333,0.08333333333333333,debit_card,FR,EUR
PM_010770,5,0,0,0,0,231.43,46.286,30.8,0.01392747585256448,0.0455233102529446,3,4,2,1,0.0,0.0,0.0,0.6,0.8,0.4,0.2,debit_card,ES,EUR
PM_000287,3,0,0,0,0,407.38,135.79333333333332,95.45,0.013917013530630165,0.0385687933845298,0,0,0,3,0.0,0.0,0.0,0.0,0.0,0.0,1.0,credit_card,ES,EUR
PM_004955,13,0,0,0,0,1517.24,116.71076923076923,41.29,0.0139143546325975,0.0839903143102912,5,13,4,0,0.0,0.0,0.0,0.38461538461538464,1.0,0.3076923076923077,0.0,wallet,IT,EUR
PM_003532,3,0,0,0,0,716.33,238.77666666666667,259.55,0.013887755507613035,0.0380424794855837,3,3,1,2,0.0,0.0,0.0,1.0,1.0,0.3333333333333333,0.6666666666666666,credit_card,ES,EUR
PM_004337,4,0,0,0,0,486.6,121.65,133.62,0.013885875358068813,0.0524262065415325,0,4,0,0,0.0,0.0,0.0,0.0,1.0,0.0,0.0,credit_card,DE,EUR
PM_011433,7,0,0,0,0,348.74,49.82,43.18,0.0138834953954302,0.0575454424724739,3,7,2,1,0.0,0.0,0.0,0.42857142857142855,1.0,0.2857142857142857,0.14285714285714285,debit_card,GB,EUR
PM_005383,9,0,0,0,0,993.08,110.34222222222223,116.76,0.013883162888841982,0.0406017586056825,5,9,1,0,0.0,0.0,0.0,0.5555555555555556,1.0,0.1111111111111111,0.0,credit_card,DE,EUR
PM_001207,4,0,0,0,0,414.13,103.5325,77.22,0.013868803372293051,0.054486386565157,1,4,0,1,0.0,0.0,0.0,0.25,1.0,0.0,0.25,credit_card,GB,EUR
PM_008420,7,0,0,0,0,600.53,85.78999999999999,74.17,0.013863838376903142,0.078818745550513,2,7,3,0,0.0,0.0,0.0,0.2857142857142857,1.0,0.42857142857142855,0.0,debit_card,DE,EUR
PM_010273,3,0,0,0,0,374.52,124.83999999999999,64.34,0.013852868670261033,0.0241549652980013,1,3,0,0,0.0,0.0,0.0,0.3333333333333333,1.0,0.0,0.0,credit_card,US,EUR
PM_003668,11,0,0,0,0,560.32,50.938181818181825,24.93,0.013810900395049919,0.0837756013317939,7,8,1,3,0.0,0.0,0.0,0.6363636363636364,0.7272727272727273,0.09090909090909091,0.2727272727272727,debit_card,ES,EUR
PM_001066,12,0,0,0,0,977.49,81.4575,70.185,0.013795085023759849,0.0934461818567853,6,7,3,0,0.0,0.0,0.0,0.5,0.5833333333333334,0.25,0.0,credit_card,ES,EUR
PM_004119,5,0,0,0,0,278.64,55.727999999999994,45.07,0.013782122112083859,0.0663228950724024,2,5,0,4,0.0,0.0,0.0,0.4,1.0,0.0,0.8,debit_card,US,EUR
PM_003068,6,0,0,0,0,315.86,52.64333333333334,53.94,0.013758449682083696,0.0439117435567552,3,6,0,0,0.0,0.0,0.0,0.5,1.0,0.0,0.0,debit_card,US,EUR
PM_011583,5,0,0,0,0,554.17,110.83399999999999,120.96,0.013757735807320901,0.0344611145230626,4,4,1,0,0.0,0.0,0.0,0.8,0.8,0.2,0.0,credit_card,ES,EUR
PM_005608,5,0,0,0,0,239.27,47.854,22.3,0.013738616145738519,0.0591898719090939,2,5,0,1,0.0,0.0,0.0,0.4,1.0,0.0,0.2,credit_card,DE,EUR
PM_010830,4,0,0,0,0,274.88,68.72,54.215,0.01372819442967345,0.027483490765622,1,4,1,0,0.0,0.0,0.0,0.25,1.0,0.25,0.0,debit_card,DE,EUR
PM_011910,5,0,0,0,0,418.40999999999997,83.68199999999999,74.76,0.013723133075849459,0.043380914086487,1,5,0,0,0.0,0.0,0.0,0.2,1.0,0.0,0.0,credit_card,FR,EUR
PM_001057,3,0,0,0,0,274.44,91.48,102.36,0.013693361775282832,0.0325216501182952,1,3,1,0,0.0,0.0,0.0,0.3333333333333333,1.0,0.3333333333333333,0.0,wallet,DE,EUR
PM_011621,4,0,0,0,0,999.88,249.97,131.725,0.013677933017781975,0.0299608785113279,3,4,0,0,0.0,0.0,0.0,0.75,1.0,0.0,0.0,bank_transfer,IT,EUR
PM_002381,3,0,0,0,0,51.86,17.286666666666665,17.59,0.0136596624615452,0.0362720586945603,1,3,0,3,0.0,0.0,0.0,0.3333333333333333,1.0,0.0,1.0,credit_card,FR,EUR
PM_004010,4,0,0,0,0,380.11,95.0275,78.91,0.013652976506028099,0.0501252659419812,2,4,0,0,0.0,0.0,0.0,0.5,1.0,0.0,0.0,credit_card,ES,EUR
PM_000358,5,0,0,0,0,265.42,53.084,37.0,0.013619987724529279,0.0450299139627225,2,3,1,0,0.0,0.0,0.0,0.4,0.6,0.2,0.0,credit_card,ES,EUR
PM_004183,6,0,0,0,0,345.47,57.57833333333334,38.01,0.013615094262363,0.0470155581386297,4,6,0,0,0.0,0.0,0.0,0.6666666666666666,1.0,0.0,0.0,bank_transfer,PT,EUR
PM_011236,5,0,0,0,0,144.15,28.830000000000002,35.24,0.01361294614200512,0.0614815186239016,4,5,0,0,0.0,0.0,0.0,0.8,1.0,0.0,0.0,debit_card,ES,EUR
PM_009284,6,0,0,0,0,287.72,47.95333333333334,46.09,0.013597092305796499,0.0651931531250076,5,6,2,4,0.0,0.0,0.0,0.8333333333333334,1.0,0.3333333333333333,0.6666666666666666,credit_card,ES,EUR
PM_007914,9,0,0,0,0,596.8100000000001,66.31222222222223,54.53,0.013579316136978369,0.0941739841632836,3,8,2,0,0.0,0.0,0.0,0.3333333333333333,0.8888888888888888,0.2222222222222222,0.0,credit_card,IT,EUR
PM_009663,7,0,0,0,0,342.64,48.94857142857143,33.79,0.013554058315847028,0.036959764747702,5,7,0,5,0.0,0.0,0.0,0.7142857142857143,1.0,0.0,0.7142857142857143,wallet,PT,EUR
PM_000817,6,0,0,0,0,1067.31,177.885,129.65,0.013537138951905366,0.0427365417132987,4,6,0,0,0.0,0.0,0.0,0.6666666666666666,1.0,0.0,0.0,credit_card,ES,EUR
PM_011698,6,0,0,0,0,442.1,73.68333333333334,83.31,0.013534860238616867,0.0571876093747117,4,6,2,1,0.0,0.0,0.0,0.6666666666666666,1.0,0.3333333333333333,0.16666666666666666,wallet,IT,EUR
PM_001113,3,0,0,0,0,660.55,220.1833333333333,122.76,0.0134451745610968,0.0340285015923785,1,3,2,1,0.0,0.0,0.0,0.3333333333333333,1.0,0.6666666666666666,0.3333333333333333,credit_card,ES,EUR
PM_007052,3,0,0,0,0,260.54999999999995,86.84999999999998,84.94,0.0134365512006998,0.0299233140117574,0,3,0,0,0.0,0.0,0.0,0.0,1.0,0.0,0.0,debit_card,IT,EUR
PM_011512,10,0,0,0,0,815.1600000000001,81.516,37.43,0.013428112217408,0.0597105482984035,5,10,1,7,0.0,0.0,0.0,0.5,1.0,0.1,0.7,credit_card,DE,EUR
PM_004086,9,0,0,0,0,581.05,64.5611111111111,31.37,0.01342624102375531,0.0830479009255927,4,9,2,0,0.0,0.0,0.0,0.4444444444444444,1.0,0.2222222222222222,0.0,bank_transfer,US,EUR
PM_004856,9,0,0,0,0,681.19,75.68777777777778,32.11,0.013418707070763456,0.0526587530295254,4,7,0,1,0.0,0.0,0.0,0.4444444444444444,0.7777777777777778,0.0,0.1111111111111111,credit_card,ES,EUR
PM_011969,5,0,0,0,0,547.24,109.44800000000001,75.77,0.0133925034975334,0.0547459536798566,4,5,1,0,0.0,0.0,0.0,0.8,1.0,0.2,0.0,credit_card,ES,EUR
PM_008854,4,0,0,0,0,307.02,76.755,88.18,0.0133724975817098,0.0303216885995046,4,4,0,2,0.0,0.0,0.0,1.0,1.0,0.0,0.5,credit_card,ES,EUR
PM_007548,17,0,0,0,0,944.52,55.56,27.16,0.01337195659904795,0.0965986740641767,7,17,2,0,0.0,0.0,0.0,0.4117647058823529,1.0,0.11764705882352941,0.0,credit_card,IT,EUR
PM_001257,8,0,0,0,0,2547.84,318.48,78.99000000000001,0.013358126843936387,0.0541525318500939,5,8,1,1,0.0,0.0,0.0,0.625,1.0,0.125,0.125,debit_card,US,EUR
PM_006164,12,0,0,0,0,597.02,49.751666666666665,33.275,0.013355586425508562,0.1523971899269521,1,12,0,4,0.0,0.0,0.0,0.08333333333333333,1.0,0.0,0.3333333333333333,debit_card,US,EUR
PM_004575,5,0,0,0,0,427.83,85.566,91.66,0.013344498068802422,0.0618225585423479,4,5,1,0,0.0,0.0,0.0,0.8,1.0,0.2,0.0,credit_card,GB,EUR
PM_001922,9,0,0,0,0,678.79,75.4211111111111,93.78,0.013322274130814328,0.078694884978999,2,9,2,3,0.0,0.0,0.0,0.2222222222222222,1.0,0.2222222222222222,0.3333333333333333,credit_card,IT,EUR
PM_003666,4,0,0,0,0,129.61,32.4025,26.560000000000002,0.0133127872750169,0.0349821554694221,2,4,1,0,0.0,0.0,0.0,0.5,1.0,0.25,0.0,credit_card,GB,EUR
PM_007029,5,0,0,0,0,565.65,113.13,66.16,0.013307118635885021,0.0270231856143334,2,5,0,2,0.0,0.0,0.0,0.4,1.0,0.0,0.4,wallet,GB,EUR
PM_011026,10,0,0,0,0,839.22,83.922,59.335,0.01329834965341824,0.0494793382917596,3,10,1,0,0.0,0.0,0.0,0.3,1.0,0.1,0.0,credit_card,GB,EUR
PM_005499,15,0,0,0,0,988.14,65.876,56.99,0.013272815950992067,0.0974900212928476,4,15,0,0,0.0,0.0,0.0,0.26666666666666666,1.0,0.0,0.0,debit_card,FR,EUR
PM_005239,5,0,0,0,0,687.1,137.42000000000002,163.52,0.01326072328089124,0.0232262328014849,2,2,0,3,0.0,0.0,0.0,0.4,0.4,0.0,0.6,bank_transfer,DE,EUR
PM_010390,6,0,0,0,0,290.34999999999997,48.39166666666666,28.27,0.013195541177451085,0.0567071357103325,3,6,1,4,0.0,0.0,0.0,0.5,1.0,0.16666666666666666,0.6666666666666666,wallet,FR,EUR
PM_003955,6,0,0,0,0,526.13,87.68833333333333,84.265,0.013179010741740898,0.0376501196242851,2,6,2,0,0.0,0.0,0.0,0.3333333333333333,1.0,0.3333333333333333,0.0,credit_card,PT,EUR
PM_005324,7,0,0,0,0,316.02,45.145714285714284,44.31,0.013173943495057341,0.0581803404511244,4,7,1,0,0.0,0.0,0.0,0.5714285714285714,1.0,0.14285714285714285,0.0,wallet,PT,EUR
PM_004807,6,0,0,0,0,1123.11,187.18499999999997,135.92000000000002,0.013163272124263851,0.045590729199732,4,6,1,0,0.0,0.0,0.0,0.6666666666666666,1.0,0.16666666666666666,0.0,credit_card,PT,EUR
PM_011566,7,0,0,0,0,331.05,47.292857142857144,40.1,0.013135640150782214,0.0410118800207248,3,7,1,0,0.0,0.0,0.0,0.42857142857142855,1.0,0.14285714285714285,0.0,credit_card,US,EUR
PM_011767,13,0,0,0,0,2933.0,225.6153846153846,135.69,0.013122609884503499,0.0910438488692468,8,13,3,4,0.0,0.0,0.0,0.6153846153846154,1.0,0.23076923076923078,0.3076923076923077,credit_card,PT,EUR
PM_001442,5,0,0,0,0,207.57000000000002,41.514,31.32,0.013119384259529299,0.0555753997598921,4,5,1,0,0.0,0.0,0.0,0.8,1.0,0.2,0.0,wallet,IT,EUR
PM_002351,5,0,0,0,0,122.4,24.48,24.22,0.01311825732838294,0.0645633718231145,2,3,1,1,0.0,0.0,0.0,0.4,0.6,0.2,0.2,debit_card,FR,EUR
PM_006483,7,0,0,0,0,316.39,45.19857142857143,47.77,0.013110506589105586,0.0492540201364361,2,7,1,0,0.0,0.0,0.0,0.2857142857142857,1.0,0.14285714285714285,0.0,credit_card,IT,EUR
PM_011673,4,0,0,0,0,282.49,70.6225,55.540000000000006,0.0131003321969095,0.0519292099668811,2,4,0,1,0.0,0.0,0.0,0.5,1.0,0.0,0.25,debit_card,DE,EUR
PM_003360,4,0,0,0,0,139.37,34.8425,36.25,0.013088805718519725,0.0413410848408256,0,0,0,0,0.0,0.0,0.0,0.0,0.0,0.0,0.0,credit_card,ES,EUR
PM_004759,7,0,0,0,0,743.43,106.2042857142857,71.55,0.013069416590575516,0.0260343252036789,4,7,2,1,0.0,0.0,0.0,0.5714285714285714,1.0,0.2857142857142857,0.14285714285714285,wallet,PT,EUR
PM_007307,3,0,0,0,0,403.1,134.36666666666667,104.4,0.013069347956771999,0.0264990478685528,2,3,0,2,0.0,0.0,0.0,0.6666666666666666,1.0,0.0,0.6666666666666666,wallet,US,EUR
PM_003924,5,0,0,0,0,748.9,149.78,108.13,0.013068111227602638,0.0627993109195011,1,5,1,0,0.0,0.0,0.0,0.2,1.0,0.2,0.0,bank_transfer,US,EUR
PM_007753,6,0,0,0,0,435.57,72.595,71.905,0.013052166462346868,0.0673384070245226,0,3,1,0,0.0,0.0,0.0,0.0,0.5,0.16666666666666666,0.0,debit_card,ES,EUR
PM_011350,6,0,0,0,0,712.19,118.69833333333334,62.76,0.013044659480397,0.037417996102311,5,6,0,1,0.0,0.0,0.0,0.8333333333333334,1.0,0.0,0.16666666666666666,wallet,US,EUR
PM_011857,15,0,0,0,0,3007.5,200.5,55.98,0.013031194146649718,0.0972642631211329,9,15,0,4,0.0,0.0,0.0,0.6,1.0,0.0,0.26666666666666666,debit_card,US,EUR
PM_002254,3,0,0,0,0,212.07,70.69,96.44,0.0130110063664819,0.0374591504817751,1,3,0,0,0.0,0.0,0.0,0.3333333333333333,1.0,0.0,0.0,credit_card,ES,EUR
PM_009309,6,0,0,0,0,490.27000000000004,81.71166666666667,48.01,0.013003365418823166,0.0298158540113852,3,6,0,1,0.0,0.0,0.0,0.5,1.0,0.0,0.16666666666666666,wallet,DE,EUR
PM_011289,3,0,0,0,0,408.62,136.20666666666668,55.88,0.012989658912438433,0.0384067774177971,1,3,0,0,0.0,0.0,0.0,0.3333333333333333,1.0,0.0,0.0,credit_card,US,EUR
PM_005637,6,0,0,0,0,1020.8399999999999,170.14,159.125,0.012971580016286384,0.0466421794217118,2,6,0,3,0.0,0.0,0.0,0.3333333333333333,1.0,0.0,0.5,credit_card,GB,EUR
PM_003161,3,0,0,0,0,277.52,92.50666666666666,111.37,0.0129515673138984,0.024834395227813,1,3,0,0,0.0,0.0,0.0,0.3333333333333333,1.0,0.0,0.0,wallet,PT,EUR
PM_005025,6,0,0,0,0,616.51,102.75166666666667,108.12,0.012937365800370035,0.0491076822201402,3,6,1,2,0.0,0.0,0.0,0.5,1.0,0.16666666666666666,0.3333333333333333,wallet,GB,EUR
PM_009919,13,0,0,0,0,1066.89,82.06846153846155,34.39,0.012934643208023915,0.1333052479672325,9,11,1,0,0.0,0.0,0.0,0.6923076923076923,0.8461538461538461,0.07692307692307693,0.0,debit_card,PT,EUR
PM_005126,3,0,0,0,0,283.71000000000004,94.57000000000001,71.59,0.012932452302367933,0.0379629413667179,1,3,0,2,0.0,0.0,0.0,0.3333333333333333,1.0,0.0,0.6666666666666666,credit_card,IT,EUR
PM_009149,6,0,0,0,0,239.19,39.865,21.005,0.012910338788454498,0.0418298841592756,3,6,0,0,0.0,0.0,0.0,0.5,1.0,0.0,0.0,credit_card,ES,EUR
PM_001722,8,0,0,0,0,702.86,87.8575,74.18,0.012905319204617611,0.0439127781825905,4,8,0,2,0.0,0.0,0.0,0.5,1.0,0.0,0.25,debit_card,US,EUR
PM_011904,6,0,0,0,0,1235.77,205.96166666666667,205.825,0.012891070801546016,0.0438426987448407,4,6,1,4,0.0,0.0,0.0,0.6666666666666666,1.0,0.16666666666666666,0.6666666666666666,credit_card,ES,EUR
PM_001809,11,0,0,0,0,1926.25,175.11363636363637,96.6,0.01288464123729009,0.0595763239393183,8,8,1,0,0.0,0.0,0.0,0.7272727272727273,0.7272727272727273,0.09090909090909091,0.0,debit_card,DE,EUR
PM_010480,4,0,0,0,0,198.51000000000002,49.627500000000005,22.265,0.012884525567573276,0.0507814141953855,2,4,2,0,0.0,0.0,0.0,0.5,1.0,0.5,0.0,credit_card,FR,EUR
PM_003949,5,0,0,0,0,226.57999999999998,45.315999999999995,50.5,0.0128611186661068,0.0320268065318,4,5,0,0,0.0,0.0,0.0,0.8,1.0,0.0,0.0,credit_card,US,EUR
PM_003739,3,0,0,0,0,660.9300000000001,220.31000000000003,200.5,0.012833879025800068,0.0369124229587139,1,2,1,1,0.0,0.0,0.0,0.3333333333333333,0.6666666666666666,0.3333333333333333,0.3333333333333333,wallet,DE,EUR
PM_004260,4,0,0,0,0,624.82,156.205,83.85,0.012833736388355475,0.0471629442151485,3,4,1,0,0.0,0.0,0.0,0.75,1.0,0.25,0.0,debit_card,US,EUR
PM_006753,4,0,0,0,0,504.87,126.2175,68.56,0.012833169990823401,0.0484874457280968,3,4,0,0,0.0,0.0,0.0,0.75,1.0,0.0,0.0,debit_card,US,EUR
PM_011797,7,0,0,0,0,337.16999999999996,48.16714285714285,28.93,0.012820048351856106,0.059146817174861,3,7,0,0,0.0,0.0,0.0,0.42857142857142855,1.0,0.0,0.0,debit_card,FR,EUR
PM_001085,6,0,0,0,0,591.4399999999999,98.57333333333332,71.83,0.012760285631196735,0.0743860639425571,4,6,2,0,0.0,0.0,0.0,0.6666666666666666,1.0,0.3333333333333333,0.0,credit_card,FR,EUR
PM_010733,5,0,0,0,0,345.37,69.074,36.16,0.012758236487817001,0.0516528725776461,1,4,0,0,0.0,0.0,0.0,0.2,0.8,0.0,0.0,wallet,PT,EUR
PM_009573,3,0,0,0,0,204.99,68.33,90.86,0.0127535501118601,0.0272857112551032,0,3,0,0,0.0,0.0,0.0,0.0,1.0,0.0,0.0,credit_card,ES,EUR
PM_003327,7,0,0,0,0,390.21000000000004,55.744285714285716,44.06,0.012746312480520073,0.0393769374561019,3,7,1,0,0.0,0.0,0.0,0.42857142857142855,1.0,0.14285714285714285,0.0,wallet,DE,EUR
PM_002792,3,0,0,0,0,138.08,46.02666666666667,42.84,0.0127411710724852,0.024164446188083,2,3,1,0,0.0,0.0,0.0,0.6666666666666666,1.0,0.3333333333333333,0.0,credit_card,IT,EUR
PM_007564,4,0,0,0,0,232.68,58.17,40.67,0.012730144480343425,0.0489478921103512,4,4,1,2,0.0,0.0,0.0,1.0,1.0,0.25,0.5,credit_card,GB,EUR
PM_004978,3,0,0,0,0,509.87,169.95666666666668,159.49,0.012721246240453232,0.0176838320904648,1,3,0,0,0.0,0.0,0.0,0.3333333333333333,1.0,0.0,0.0,credit_card,IT,EUR
PM_010239,6,0,0,0,0,1014.04,169.00666666666666,126.065,0.012671349811824257,0.0307983749190168,3,6,0,0,0.0,0.0,0.0,0.5,1.0,0.0,0.0,debit_card,US,EUR
PM_004361,8,0,0,0,0,517.4,64.675,40.36,0.0126458805086679,0.0325821697747494,5,6,1,2,0.0,0.0,0.0,0.625,0.75,0.125,0.25,wallet,ES,EUR
PM_008943,3,0,0,0,0,67.28999999999999,22.429999999999996,27.63,0.012641743791332073,0.0375653947602451,0,1,0,1,0.0,0.0,0.0,0.0,0.3333333333333333,0.0,0.3333333333333333,debit_card,ES,EUR
PM_004879,10,0,0,0,0,812.39,81.239,36.735,0.01263276747638819,0.055039116773141,4,7,0,0,0.0,0.0,0.0,0.4,0.7,0.0,0.0,wallet,FR,EUR
PM_008010,11,0,0,0,0,1488.31,135.30090909090907,122.51,0.012621774150638391,0.058300027790202,5,11,2,0,0.0,0.0,0.0,0.45454545454545453,1.0,0.18181818181818182,0.0,bank_transfer,ES,EUR
PM_011729,5,0,0,0,0,446.37,89.274,25.53,0.012602925281983021,0.0591541546691444,2,2,0,0,0.0,0.0,0.0,0.4,0.4,0.0,0.0,credit_card,ES,EUR
PM_002969,5,0,0,0,0,466.68,93.336,72.07,0.01259251384815278,0.0290053637844859,4,4,0,3,0.0,0.0,0.0,0.8,0.8,0.0,0.6,wallet,ES,EUR
PM_011263,4,0,0,0,0,229.86,57.465,50.42,0.01255319453997235,0.0288080342472526,1,4,0,0,0.0,0.0,0.0,0.25,1.0,0.0,0.0,credit_card,ES,EUR
PM_007458,7,0,0,0,0,1089.35,155.62142857142857,52.22,0.012533972548495143,0.0541063144121124,3,7,2,2,0.0,0.0,0.0,0.42857142857142855,1.0,0.2857142857142857,0.2857142857142857,credit_card,ES,EUR
PM_007038,8,0,0,0,0,938.51,117.31375,65.82499999999999,0.012518267260543451,0.0517695467984096,5,8,1,1,0.0,0.0,0.0,0.625,1.0,0.125,0.125,debit_card,FR,EUR
PM_000996,4,0,0,0,0,257.24,64.31,70.12,0.012515923654227875,0.0445457416388766,0,0,0,0,0.0,0.0,0.0,0.0,0.0,0.0,0.0,debit_card,ES,EUR
PM_000777,4,0,0,0,0,454.52,113.63,111.10999999999999,0.012502104610199124,0.0427196722332954,1,4,0,4,0.0,0.0,0.0,0.25,1.0,0.0,1.0,credit_card,ES,EUR
PM_006457,5,0,0,0,0,222.62,44.524,39.91,0.0124946923252095,0.0322926413473737,4,5,0,0,0.0,0.0,0.0,0.8,1.0,0.0,0.0,credit_card,DE,EUR
PM_001986,5,0,0,0,0,200.85,40.17,16.45,0.01247399444678182,0.0468364859508714,2,5,2,0,0.0,0.0,0.0,0.4,1.0,0.4,0.0,debit_card,PT,EUR
PM_001387,3,0,0,0,0,277.82,92.60666666666667,63.74,0.012460473624010865,0.0368738244821002,2,3,0,1,0.0,0.0,0.0,0.6666666666666666,1.0,0.0,0.3333333333333333,credit_card,ES,EUR
PM_004466,3,0,0,0,0,353.9,117.96666666666665,46.02,0.012450085091885367,0.0274412825216918,1,3,0,0,0.0,0.0,0.0,0.3333333333333333,1.0,0.0,0.0,credit_card,PT,EUR
PM_006927,16,0,0,0,0,1168.66,73.04125,59.724999999999994,0.01244958948866715,0.0513112810841122,11,12,1,0,0.0,0.0,0.0,0.6875,0.75,0.0625,0.0,debit_card,ES,EUR
PM_002153,10,0,0,0,0,605.49,60.549,46.0,0.01244413393326451,0.0519284911436064,4,10,0,4,0.0,0.0,0.0,0.4,1.0,0.0,0.4,credit_card,US,EUR
PM_002639,7,0,0,0,0,1084.36,154.9085714285714,146.77,0.012443116897488457,0.0433459599482327,6,7,2,5,0.0,0.0,0.0,0.8571428571428571,1.0,0.2857142857142857,0.7142857142857143,credit_card,PT,EUR
PM_003584,10,0,0,0,0,1562.21,156.221,130.07,0.012414355487892019,0.0620956258115395,7,10,0,0,0.0,0.0,0.0,0.7,1.0,0.0,0.0,debit_card,FR,EUR
PM_002751,3,0,0,0,0,689.4,229.79999999999998,317.45,0.012386454111367332,0.027944559777498,1,3,0,0,0.0,0.0,0.0,0.3333333333333333,1.0,0.0,0.0,debit_card,IT,EUR
PM_004918,5,0,0,0,0,456.59,91.318,107.63,0.012378180830845159,0.0409682033468548,0,4,0,0,0.0,0.0,0.0,0.0,0.8,0.0,0.0,credit_card,ES,EUR
PM_008355,14,0,0,0,0,1393.17,99.51214285714286,31.534999999999997,0.012373169015392095,0.1540769904747622,12,14,4,5,0.0,0.0,0.0,0.8571428571428571,1.0,0.2857142857142857,0.35714285714285715,debit_card,US,EUR
PM_001873,6,0,0,0,0,177.76,29.626666666666665,32.81,0.012370957392993731,0.0437465063400763,2,6,3,2,0.0,0.0,0.0,0.3333333333333333,1.0,0.5,0.3333333333333333,wallet,PT,EUR
PM_003236,7,0,0,0,0,1729.02,247.00285714285715,251.22,0.012368605545488942,0.0513438507764058,0,7,1,0,0.0,0.0,0.0,0.0,1.0,0.14285714285714285,0.0,bank_transfer,GB,EUR
PM_009208,5,0,0,0,0,541.12,108.224,75.33,0.01231944510424222,0.0452118288666773,2,5,1,0,0.0,0.0,0.0,0.4,1.0,0.2,0.0,wallet,PT,EUR
PM_001472,4,0,0,0,0,275.74,68.935,70.18,0.012302154456882824,0.025069920252084,2,4,0,0,0.0,0.0,0.0,0.5,1.0,0.0,0.0,credit_card,US,EUR
PM_005226,3,0,0,0,0,113.64,37.88,51.55,0.012242322367537367,0.0359571954367471,2,3,0,0,0.0,0.0,0.0,0.6666666666666666,1.0,0.0,0.0,wallet,GB,EUR
PM_006406,3,0,0,0,0,604.38,201.46,133.91,0.0122364282729357,0.036111324196261,2,3,1,1,0.0,0.0,0.0,0.6666666666666666,1.0,0.3333333333333333,0.3333333333333333,credit_card,IT,EUR
PM_011952,3,0,0,0,0,135.25,45.083333333333336,40.61,0.0122351018100604,0.0247740189037042,2,3,0,3,0.0,0.0,0.0,0.6666666666666666,1.0,0.0,1.0,debit_card,ES,EUR
PM_007368,10,0,0,0,0,1454.69,145.469,125.75,0.012227518104844171,0.0825250548180239,6,10,2,7,0.0,0.0,0.0,0.6,1.0,0.2,0.7,debit_card,IT,EUR
PM_000187,9,0,0,0,0,431.37,47.93,46.05,0.012218700236448577,0.0773846018326404,7,9,1,5,0.0,0.0,0.0,0.7777777777777778,1.0,0.1111111111111111,0.5555555555555556,credit_card,DE,EUR
PM_009700,5,0,0,0,0,784.0400000000001,156.80800000000002,57.56,0.01220923546616226,0.0275363740716232,2,3,0,3,0.0,0.0,0.0,0.4,0.6,0.0,0.6,credit_card,FR,EUR
PM_009753,3,0,0,0,0,109.1,36.36666666666667,35.84,0.012205443394796666,0.0361307772797308,0,3,0,0,0.0,0.0,0.0,0.0,1.0,0.0,0.0,debit_card,IT,EUR
PM_001793,8,0,0,0,0,622.17,77.77125,44.105000000000004,0.012161459784311488,0.0497413247004832,3,8,1,5,0.0,0.0,0.0,0.375,1.0,0.125,0.625,debit_card,FR,EUR
PM_008001,3,0,0,0,0,742.61,247.53666666666666,145.24,0.012145941394882833,0.0222479679794325,0,3,0,1,0.0,0.0,0.0,0.0,1.0,0.0,0.3333333333333333,credit_card,GB,EUR
PM_007265,9,0,0,0,0,660.4,73.37777777777778,16.12,0.012141235033689156,0.0354532777351315,2,9,0,8,0.0,0.0,0.0,0.2222222222222222,1.0,0.0,0.8888888888888888,credit_card,DE,EUR
PM_008872,4,0,0,0,0,260.86,65.215,70.635,0.012135394284614574,0.0270855189840745,3,3,0,1,0.0,0.0,0.0,0.75,0.75,0.0,0.25,wallet,IT,EUR
PM_007359,4,0,0,0,0,469.36,117.34,110.77,0.012128703762272399,0.0340636399504964,1,2,0,0,0.0,0.0,0.0,0.25,0.5,0.0,0.0,debit_card,ES,EUR
PM_004758,5,0,0,0,0,298.6,59.720000000000006,62.45,0.01212270148130298,0.0300239832613326,3,5,0,0,0.0,0.0,0.0,0.6,1.0,0.0,0.0,wallet,ES,EUR
PM_009933,10,0,0,0,0,929.22,92.922,65.485,0.01211957491686853,0.101238891647727,3,10,2,0,0.0,0.0,0.0,0.3,1.0,0.2,0.0,wallet,PT,EUR
PM_001677,5,0,0,0,0,588.86,117.772,47.65,0.01209737002722428,0.0451431246481886,2,2,0,0,0.0,0.0,0.0,0.4,0.4,0.0,0.0,wallet,ES,EUR
PM_000087,4,0,0,0,0,122.44,30.61,30.515,0.012065299239140306,0.043492034479087,3,4,2,0,0.0,0.0,0.0,0.75,1.0,0.5,0.0,debit_card,PT,EUR
PM_004761,9,0,0,0,0,730.75,81.19444444444444,60.77,0.012040071868345822,0.0611132149044967,9,9,3,0,0.0,0.0,0.0,1.0,1.0,0.3333333333333333,0.0,credit_card,US,EUR
PM_001658,10,0,0,0,0,996.1,99.61,67.66499999999999,0.01202601518650389,0.0907723170526414,6,10,0,3,0.0,0.0,0.0,0.6,1.0,0.0,0.3,bank_transfer,ES,EUR
PM_007892,4,0,0,0,0,330.23,82.5575,38.58,0.0120205291983596,0.029754750619023,2,4,2,0,0.0,0.0,0.0,0.5,1.0,0.5,0.0,debit_card,ES,EUR
PM_008241,4,0,0,0,0,124.84,31.21,28.785,0.012014434182958075,0.0282775150983448,3,3,0,0,0.0,0.0,0.0,0.75,0.75,0.0,0.0,debit_card,IT,EUR
PM_004008,9,0,0,0,0,653.53,72.61444444444444,42.92,0.012004297959929555,0.0864573736402564,3,9,1,0,0.0,0.0,0.0,0.3333333333333333,1.0,0.1111111111111111,0.0,debit_card,US,EUR
PM_002693,8,0,0,0,0,643.77,80.47125,64.38499999999999,0.011987052698942563,0.0672117225152789,6,8,1,1,0.0,0.0,0.0,0.75,1.0,0.125,0.125,credit_card,IT,EUR
PM_000979,15,0,0,0,0,1734.92,115.66133333333333,52.4,0.011969771333215173,0.0749934223231062,2,15,2,0,0.0,0.0,0.0,0.13333333333333333,1.0,0.13333333333333333,0.0,credit_card,US,EUR
PM_002713,7,0,0,0,0,393.74,56.24857142857143,61.69,0.011958941274877014,0.0410490230660071,4,7,2,0,0.0,0.0,0.0,0.5714285714285714,1.0,0.2857142857142857,0.0,wallet,FR,EUR
PM_010595,6,0,0,0,0,995.31,165.885,119.30499999999999,0.011950296762129583,0.0342030687060139,3,6,0,0,0.0,0.0,0.0,0.5,1.0,0.0,0.0,credit_card,PT,EUR
PM_009445,7,0,0,0,0,687.6800000000001,98.24000000000001,58.87,0.011942926137999615,0.0595832965105988,4,4,1,2,0.0,0.0,0.0,0.5714285714285714,0.5714285714285714,0.14285714285714285,0.2857142857142857,debit_card,ES,EUR
PM_010520,5,0,0,0,0,1108.85,221.76999999999998,173.84,0.011941189070470721,0.0551726028428657,4,5,1,5,0.0,0.0,0.0,0.8,1.0,0.2,1.0,credit_card,ES,EUR
PM_010010,6,0,0,0,0,348.09,58.01499999999999,49.07,0.011918550084157464,0.0516519054241468,2,5,0,0,0.0,0.0,0.0,0.3333333333333333,0.8333333333333334,0.0,0.0,credit_card,ES,EUR
PM_010724,7,0,0,0,0,898.79,128.39857142857142,106.59,0.011907545025613048,0.0722452904381703,1,7,0,0,0.0,0.0,0.0,0.14285714285714285,1.0,0.0,0.0,credit_card,US,EUR
PM_008858,5,0,0,0,0,289.88,57.976,14.12,0.011905929773000666,0.058618788061413,3,5,0,0,0.0,0.0,0.0,0.6,1.0,0.0,0.0,credit_card,PT,EUR
PM_004930,7,0,0,0,0,945.98,135.14000000000001,123.9,0.011901272428194613,0.0576148949768728,2,6,0,7,0.0,0.0,0.0,0.2857142857142857,0.8571428571428571,0.0,1.0,credit_card,IT,EUR
PM_010550,10,0,0,0,0,926.96,92.696,58.715,0.011845772349082337,0.0464796190920979,5,10,0,5,0.0,0.0,0.0,0.5,1.0,0.0,0.5,debit_card,US,EUR
PM_000247,3,0,0,0,0,198.15,66.05,36.31,0.011834054429928034,0.0144775719587153,2,3,0,0,0.0,0.0,0.0,0.6666666666666666,1.0,0.0,0.0,credit_card,DE,EUR
PM_000132,5,0,0,0,0,251.17,50.233999999999995,24.28,0.011813863091121304,0.0492236266485251,1,5,0,0,0.0,0.0,0.0,0.2,1.0,0.0,0.0,wallet,ES,EUR
PM_008719,15,0,0,0,0,1552.57,103.50466666666667,29.84,0.011807446255614083,0.0990158015697428,6,15,0,4,0.0,0.0,0.0,0.4,1.0,0.0,0.26666666666666666,credit_card,US,EUR
PM_003375,8,0,0,0,0,1012.7299999999999,126.59124999999999,131.445,0.011804214775127563,0.0470061767269199,3,8,1,3,0.0,0.0,0.0,0.375,1.0,0.125,0.375,credit_card,GB,EUR
PM_005095,8,0,0,0,0,433.75,54.21875,47.275,0.01179807323874925,0.0463261748229763,6,8,0,0,0.0,0.0,0.0,0.75,1.0,0.0,0.0,wallet,FR,EUR
PM_005190,4,0,0,0,0,1287.06,321.765,298.575,0.0117974850875305,0.0411272569956151,1,3,1,0,0.0,0.0,0.0,0.25,0.75,0.25,0.0,credit_card,DE,EUR
PM_009296,8,0,0,0,0,278.06,34.7575,16.7,0.01179242796113154,0.0707229166636797,3,7,1,6,0.0,0.0,0.0,0.375,0.875,0.125,0.75,debit_card,ES,EUR
PM_008750,10,0,0,0,0,1207.05,120.705,59.665,0.01178567196622437,0.0498918373234938,5,10,4,0,0.0,0.0,0.0,0.5,1.0,0.4,0.0,credit_card,US,EUR
PM_011028,7,0,0,0,0,678.83,96.97571428571429,62.96,0.01176996640991197,0.0286176718894101,4,7,1,0,0.0,0.0,0.0,0.5714285714285714,1.0,0.14285714285714285,0.0,credit_card,GB,EUR
PM_001666,7,0,0,0,0,803.51,114.78714285714285,90.5,0.011766348125810577,0.0429717306446595,3,7,0,0,0.0,0.0,0.0,0.42857142857142855,1.0,0.0,0.0,debit_card,DE,EUR
PM_004994,4,0,0,0,0,1133.66,283.415,285.05,0.011758783392088525,0.0247278823170382,2,4,0,1,0.0,0.0,0.0,0.5,1.0,0.0,0.25,credit_card,ES,EUR
PM_008110,5,0,0,0,0,928.49,185.698,86.52,0.011753684861621604,0.0486617236146912,0,5,0,1,0.0,0.0,0.0,0.0,1.0,0.0,0.2,wallet,GB,EUR
PM_007920,5,0,0,0,0,511.07,102.214,109.16,0.01172884891297922,0.0391243693969349,4,5,0,2,0.0,0.0,0.0,0.8,1.0,0.0,0.4,debit_card,DE,EUR
PM_010565,7,0,0,0,0,1178.55,168.3642857142857,76.99,0.011719138806873267,0.0608394421748482,3,4,2,0,0.0,0.0,0.0,0.42857142857142855,0.5714285714285714,0.2857142857142857,0.0,credit_card,ES,EUR
PM_003914,6,0,0,0,0,1026.45,171.07500000000002,169.65,0.0117025658570889,0.0508075152971865,3,5,1,1,0.0,0.0,0.0,0.5,0.8333333333333334,0.16666666666666666,0.16666666666666666,credit_card,PT,EUR
PM_001895,5,0,0,0,0,650.09,130.018,56.53,0.011699355778373841,0.0492125187620513,2,5,0,1,0.0,0.0,0.0,0.4,1.0,0.0,0.2,debit_card,FR,EUR
PM_010087,6,0,0,0,0,680.41,113.40166666666666,107.785,0.011694198190854535,0.0300210876106875,5,6,2,0,0.0,0.0,0.0,0.8333333333333334,1.0,0.3333333333333333,0.0,wallet,ES,EUR
PM_009610,7,0,0,0,0,691.67,98.80999999999999,110.86,0.011680486440599958,0.0484587079586146,5,7,3,1,0.0,0.0,0.0,0.7142857142857143,1.0,0.42857142857142855,0.14285714285714285,credit_card,ES,EUR
PM_011882,5,0,0,0,0,623.8,124.75999999999999,103.93,0.0116769046045172,0.0535428594721353,2,3,1,0,0.0,0.0,0.0,0.4,0.6,0.2,0.0,credit_card,ES,EUR
PM_010145,16,0,0,0,0,2012.2,125.7625,71.46000000000001,0.011666984825740112,0.1489376442453397,9,14,1,0,0.0,0.0,0.0,0.5625,0.875,0.0625,0.0,credit_card,ES,EUR
PM_009539,4,0,0,0,0,151.0,37.75,38.49,0.011636998235843726,0.0454173972537207,2,2,1,0,0.0,0.0,0.0,0.5,0.5,0.25,0.0,credit_card,ES,EUR
PM_000222,3,0,0,0,0,140.5,46.833333333333336,42.01,0.011615198372951866,0.0343806979296375,1,2,0,2,0.0,0.0,0.0,0.3333333333333333,0.6666666666666666,0.0,0.6666666666666666,debit_card,ES,EUR
PM_010422,4,0,0,0,0,805.35,201.3375,131.485,0.011592547171531426,0.0446588203800567,2,4,2,0,0.0,0.0,0.0,0.5,1.0,0.5,0.0,credit_card,IT,EUR
PM_004704,3,0,0,0,0,234.39999999999998,78.13333333333333,71.46,0.011586322568978633,0.0209474328314431,2,3,1,0,0.0,0.0,0.0,0.6666666666666666,1.0,0.3333333333333333,0.0,wallet,US,EUR
PM_002726,6,0,0,0,0,292.85,48.80833333333334,50.595,0.011584131934187584,0.0645022703263981,5,6,0,0,0.0,0.0,0.0,0.8333333333333334,1.0,0.0,0.0,credit_card,GB,EUR
PM_008690,3,0,0,0,0,336.37,112.12333333333333,129.99,0.011525586383289134,0.0182712509414903,1,3,1,0,0.0,0.0,0.0,0.3333333333333333,1.0,0.3333333333333333,0.0,credit_card,US,EUR
PM_005253,18,0,0,0,0,1120.76,62.26444444444444,25.72,0.011520661432311834,0.1343034213900962,6,7,0,6,0.0,0.0,0.0,0.3333333333333333,0.3888888888888889,0.0,0.3333333333333333,credit_card,ES,EUR
PM_007184,12,0,0,0,0,1158.96,96.58,54.144999999999996,0.011505286080666905,0.0797543700124306,2,11,2,1,0.0,0.0,0.0,0.16666666666666666,0.9166666666666666,0.16666666666666666,0.08333333333333333,credit_card,DE,EUR
PM_004588,3,0,0,0,0,222.2,74.06666666666666,73.39,0.011488379977800868,0.0337864825138574,2,3,1,1,0.0,0.0,0.0,0.6666666666666666,1.0,0.3333333333333333,0.3333333333333333,credit_card,US,EUR
PM_007544,6,0,0,0,0,474.01,79.00166666666667,30.245,0.011483248864712635,0.0459889552693807,3,6,0,0,0.0,0.0,0.0,0.5,1.0,0.0,0.0,credit_card,US,EUR
PM_002520,4,0,0,0,0,116.6,29.15,29.025,0.0114784443525713,0.0415068072104866,2,2,0,0,0.0,0.0,0.0,0.5,0.5,0.0,0.0,credit_card,ES,EUR
PM_002995,15,0,0,0,0,1336.12,89.07466666666666,60.64,0.01143615229144334,0.0728652251636627,9,15,2,4,0.0,0.0,0.0,0.6,1.0,0.13333333333333333,0.26666666666666666,credit_card,US,EUR
PM_010852,3,0,0,0,0,380.67,126.89,163.68,0.011414191896695167,0.0323090500004597,0,3,1,2,0.0,0.0,0.0,0.0,1.0,0.3333333333333333,0.6666666666666666,credit_card,IT,EUR
PM_003921,6,0,0,0,0,1011.4799999999999,168.57999999999998,183.70999999999998,0.011392227941080918,0.0490018266006558,4,5,1,0,0.0,0.0,0.0,0.6666666666666666,0.8333333333333334,0.16666666666666666,0.0,debit_card,ES,EUR
PM_006361,4,0,0,0,0,562.09,140.5225,116.20500000000001,0.011387244759817096,0.0411890306074081,0,4,1,0,0.0,0.0,0.0,0.0,1.0,0.25,0.0,credit_card,FR,EUR
PM_007698,8,0,0,0,0,1127.6,140.95,104.65,0.011381363219873777,0.0822869736000136,3,5,3,0,0.0,0.0,0.0,0.375,0.625,0.375,0.0,credit_card,IT,EUR
PM_002930,11,0,0,0,0,498.2,45.29090909090909,45.45,0.011357254142182523,0.0501583190927542,3,4,1,2,0.0,0.0,0.0,0.2727272727272727,0.36363636363636365,0.09090909090909091,0.18181818181818182,credit_card,ES,EUR
PM_003698,9,0,0,0,0,485.84000000000003,53.98222222222223,23.22,0.0113510525458819,0.0488422990396054,2,4,1,0,0.0,0.0,0.0,0.2222222222222222,0.4444444444444444,0.1111111111111111,0.0,debit_card,ES,EUR
PM_002893,8,0,0,0,0,456.65999999999997,57.082499999999996,49.28,0.011346625966411138,0.0515868856615367,6,8,1,0,0.0,0.0,0.0,0.75,1.0,0.125,0.0,debit_card,FR,EUR
PM_011475,4,0,0,0,0,136.41,34.1025,31.235,0.01134212402688685,0.0447991445666799,0,2,1,0,0.0,0.0,0.0,0.0,0.5,0.25,0.0,debit_card,ES,EUR
PM_004865,7,0,0,0,0,1315.6399999999999,187.9485714285714,145.33,0.011340054536011685,0.0361908937940115,3,7,0,0,0.0,0.0,0.0,0.42857142857142855,1.0,0.0,0.0,debit_card,ES,EUR
PM_005041,5,0,0,0,0,969.59,193.918,167.77,0.01133449918853074,0.030001440317475,3,3,0,1,0.0,0.0,0.0,0.6,0.6,0.0,0.2,credit_card,ES,EUR
PM_005630,12,0,0,0,0,1256.5900000000001,104.71583333333335,83.455,0.011332891540711891,0.086322465817674,7,12,1,1,0.0,0.0,0.0,0.5833333333333334,1.0,0.08333333333333333,0.08333333333333333,credit_card,FR,EUR
PM_005648,7,0,0,0,0,536.78,76.68285714285715,73.49,0.011325590771584914,0.0519238877388679,3,7,2,1,0.0,0.0,0.0,0.42857142857142855,1.0,0.2857142857142857,0.14285714285714285,credit_card,DE,EUR
PM_004580,5,0,0,0,0,360.0,72.0,35.94,0.011320028502040308,0.0553346326136167,5,5,0,4,0.0,0.0,0.0,1.0,1.0,0.0,0.8,credit_card,DE,EUR
PM_007764,14,0,0,0,0,684.01,48.85785714285714,47.625,0.011316327245032943,0.1329864067348642,6,10,3,5,0.0,0.0,0.0,0.42857142857142855,0.7142857142857143,0.21428571428571427,0.35714285714285715,debit_card,ES,EUR
PM_009552,20,0,0,0,0,1682.97,84.1485,59.905,0.011255979610684875,0.0669901252540299,8,15,2,5,0.0,0.0,0.0,0.4,0.75,0.1,0.25,credit_card,ES,EUR
PM_010160,5,0,0,0,0,1485.26,297.052,132.91,0.01124682107492586,0.0247058231245006,1,5,1,0,0.0,0.0,0.0,0.2,1.0,0.2,0.0,credit_card,PT,EUR
PM_001200,3,0,0,0,0,490.77000000000004,163.59,135.48,0.011242110652942833,0.0222496106883433,2,3,0,0,0.0,0.0,0.0,0.6666666666666666,1.0,0.0,0.0,debit_card,PT,EUR
PM_006862,5,0,0,0,0,1255.51,251.102,222.7,0.01123590652419516,0.0310077242749297,4,4,2,0,0.0,0.0,0.0,0.8,0.8,0.4,0.0,credit_card,DE,EUR
PM_002207,4,0,0,0,0,787.02,196.755,215.635,0.011230596546740142,0.0256420804179218,1,4,0,0,0.0,0.0,0.0,0.25,1.0,0.0,0.0,wallet,US,EUR
PM_004199,5,0,0,0,0,200.3,40.06,39.51,0.01121916594863394,0.0286672820404217,1,5,0,0,0.0,0.0,0.0,0.2,1.0,0.0,0.0,credit_card,US,EUR
PM_008967,12,0,0,0,0,733.75,61.145833333333336,34.935,0.011217773155879941,0.0736180585029609,6,12,2,0,0.0,0.0,0.0,0.5,1.0,0.16666666666666666,0.0,wallet,IT,EUR
PM_007720,10,0,0,0,0,598.87,59.887,30.075000000000003,0.011213598084229734,0.0811245107443765,4,7,3,0,0.0,0.0,0.0,0.4,0.7,0.3,0.0,credit_card,ES,EUR
PM_011050,5,0,0,0,0,1226.7,245.34,263.4,0.01120888369059414,0.0392484143070499,3,5,1,0,0.0,0.0,0.0,0.6,1.0,0.2,0.0,bank_transfer,US,EUR
PM_011232,14,0,0,0,0,475.78999999999996,33.985,19.045,0.011193027329661287,0.0593512846535717,4,14,0,0,0.0,0.0,0.0,0.2857142857142857,1.0,0.0,0.0,debit_card,DE,EUR
PM_010213,14,0,0,0,0,1260.75,90.05357142857143,44.739999999999995,0.011191289104546236,0.0787776430621457,5,14,0,0,0.0,0.0,0.0,0.35714285714285715,1.0,0.0,0.0,credit_card,US,EUR
PM_001549,5,0,0,0,0,541.15,108.22999999999999,54.52,0.01118335243587706,0.0376957004452877,3,5,0,0,0.0,0.0,0.0,0.6,1.0,0.0,0.0,credit_card,PT,EUR
PM_007055,5,0,0,0,0,344.26,68.852,65.87,0.01117361116698776,0.0419858104508419,3,5,1,1,0.0,0.0,0.0,0.6,1.0,0.2,0.2,debit_card,GB,EUR
PM_003254,14,0,0,0,0,1364.17,97.4407142857143,86.33500000000001,0.011159775661226019,0.0379360747240498,9,14,1,0,0.0,0.0,0.0,0.6428571428571429,1.0,0.07142857142857142,0.0,debit_card,FR,EUR
PM_007143,5,0,0,0,0,287.54,57.508,50.09,0.011158502425339606,0.0454381717629726,1,2,2,0,0.0,0.0,0.0,0.2,0.4,0.4,0.0,credit_card,ES,EUR
PM_009078,9,0,0,0,0,825.22,91.69111111111111,57.1,0.011139079086599278,0.0847164448771049,6,9,3,0,0.0,0.0,0.0,0.6666666666666666,1.0,0.3333333333333333,0.0,credit_card,US,EUR
PM_001351,12,0,0,0,0,610.01,50.83416666666667,49.315,0.01109254416923597,0.0820938079839044,5,11,1,0,0.0,0.0,0.0,0.4166666666666667,0.9166666666666666,0.08333333333333333,0.0,credit_card,DE,EUR
PM_009705,10,0,0,0,0,1699.17,169.917,126.89,0.011081170333575249,0.0512612363327421,5,8,2,0,0.0,0.0,0.0,0.5,0.8,0.2,0.0,credit_card,ES,EUR
PM_011766,17,0,0,0,0,1501.51,88.32411764705883,65.52,0.011079660882334266,0.0511492047949603,12,17,1,5,0.0,0.0,0.0,0.7058823529411765,1.0,0.058823529411764705,0.29411764705882354,wallet,GB,EUR
PM_000647,3,0,0,0,0,229.95,76.64999999999999,106.64,0.011068967770887434,0.0326820344967578,0,1,0,2,0.0,0.0,0.0,0.0,0.3333333333333333,0.0,0.6666666666666666,credit_card,ES,EUR
PM_006484,3,0,0,0,0,217.46,72.48666666666666,94.03,0.011041379656877333,0.031137309801241,0,3,0,2,0.0,0.0,0.0,0.0,1.0,0.0,0.6666666666666666,debit_card,US,EUR
PM_004645,3,0,0,0,0,214.94,71.64666666666666,66.71,0.011035616180633166,0.0269955335490441,1,3,0,1,0.0,0.0,0.0,0.3333333333333333,1.0,0.0,0.3333333333333333,debit_card,GB,EUR
PM_007135,11,0,0,0,0,584.32,53.120000000000005,21.36,0.011033186316266326,0.0748765864747918,3,11,1,0,0.0,0.0,0.0,0.2727272727272727,1.0,0.09090909090909091,0.0,credit_card,IT,EUR
PM_001897,5,0,0,0,0,248.05,49.61,33.33,0.01101923890905272,0.0447357564430707,4,5,1,0,0.0,0.0,0.0,0.8,1.0,0.2,0.0,wallet,GB,EUR
PM_007343,3,0,0,0,0,1088.26,362.75333333333333,233.38,0.011017425264430005,0.0322064212498257,1,3,1,0,0.0,0.0,0.0,0.3333333333333333,1.0,0.3333333333333333,0.0,wallet,IT,EUR
PM_004800,5,0,0,0,0,495.86,99.172,11.55,0.011008047996500498,0.041250887649386,0,5,1,0,0.0,0.0,0.0,0.0,1.0,0.2,0.0,debit_card,FR,EUR
PM_008460,3,0,0,0,0,382.65,127.55,84.58,0.010998614442842766,0.015920803629847,2,3,0,2,0.0,0.0,0.0,0.6666666666666666,1.0,0.0,0.6666666666666666,wallet,GB,EUR
PM_010831,5,0,0,0,0,1095.21,219.042,234.32,0.010977899157068342,0.0509721187620157,2,5,0,0,0.0,0.0,0.0,0.4,1.0,0.0,0.0,bank_transfer,US,EUR
PM_003605,3,0,0,0,0,437.7,145.9,154.4,0.010972932469123701,0.0252727990098372,1,3,1,0,0.0,0.0,0.0,0.3333333333333333,1.0,0.3333333333333333,0.0,credit_card,US,EUR
PM_007062,3,0,0,0,0,524.38,174.79333333333332,206.83,0.010956381816557156,0.0245892038408614,0,1,1,0,0.0,0.0,0.0,0.0,0.3333333333333333,0.3333333333333333,0.0,credit_card,ES,EUR
PM_002094,15,0,0,0,0,695.48,46.36533333333333,43.59,0.010945501886145998,0.0462847429038813,8,15,1,3,0.0,0.0,0.0,0.5333333333333333,1.0,0.06666666666666667,0.2,debit_card,DE,EUR
PM_001065,14,0,0,0,0,2172.08,155.14857142857142,104.67,0.01093668669444908,0.0679812681468139,9,14,1,0,0.0,0.0,0.0,0.6428571428571429,1.0,0.07142857142857142,0.0,wallet,ES,EUR
PM_009015,6,0,0,0,0,1851.87,308.645,271.90999999999997,0.010914787804825516,0.0265038171894953,3,3,1,0,0.0,0.0,0.0,0.5,0.5,0.16666666666666666,0.0,credit_card,ES,EUR
PM_003059,8,0,0,0,0,635.64,79.455,64.57,0.010912766980305936,0.0785631516974214,6,8,0,0,0.0,0.0,0.0,0.75,1.0,0.0,0.0,debit_card,ES,EUR
PM_003037,5,0,0,0,0,885.97,177.19400000000002,145.59,0.01090824273454164,0.0359661713861125,2,5,0,0,0.0,0.0,0.0,0.4,1.0,0.0,0.0,credit_card,DE,EUR
PM_008873,4,0,0,0,0,823.49,205.8725,198.755,0.0109021735146146,0.018706268040115,3,4,2,1,0.0,0.0,0.0,0.75,1.0,0.5,0.25,credit_card,DE,EUR
PM_010494,8,1,0,0,0,432.36,54.045,42.760000000000005,0.010865353854017762,0.0254996957692631,4,7,1,5,0.125,0.0,0.0,0.5,0.875,0.125,0.625,wallet,IT,EUR
PM_003983,9,0,0,0,0,1270.92,141.21333333333334,151.5,0.010863074738876757,0.0312705873162405,3,9,2,0,0.0,0.0,0.0,0.3333333333333333,1.0,0.2222222222222222,0.0,debit_card,DE,EUR
PM_011807,10,0,0,0,0,1328.18,132.818,67.02,0.01079984322483034,0.0943863037467309,3,10,2,0,0.0,0.0,0.0,0.3,1.0,0.2,0.0,wallet,GB,EUR
PM_009500,3,0,0,0,0,113.16,37.72,29.66,0.01078844394494198,0.03146291399269,3,3,1,0,0.0,0.0,0.0,1.0,1.0,0.3333333333333333,0.0,credit_card,FR,EUR
PM_011778,3,0,0,0,0,847.64,282.5466666666667,211.71,0.0107659528508555,0.0289520933315649,1,1,0,0,0.0,0.0,0.0,0.3333333333333333,0.3333333333333333,0.0,0.0,debit_card,ES,EUR
PM_001581,3,0,0,0,0,245.44,81.81333333333333,83.69,0.010765593197180767,0.0279860689468927,1,3,0,0,0.0,0.0,0.0,0.3333333333333333,1.0,0.0,0.0,debit_card,US,EUR
PM_007370,22,0,0,0,0,3717.66,168.98454545454544,105.43,0.010753356157890314,0.0865156547424706,17,21,0,0,0.0,0.0,0.0,0.7727272727272727,0.9545454545454546,0.0,0.0,wallet,ES,EUR
PM_009463,7,0,0,0,0,743.09,106.1557142857143,56.35,0.01075285390623107,0.0327898831366492,5,5,2,3,0.0,0.0,0.0,0.7142857142857143,0.7142857142857143,0.2857142857142857,0.42857142857142855,credit_card,ES,EUR
PM_005547,12,0,0,0,0,1938.03,161.5025,82.255,0.010741822931985357,0.0422422106899652,7,12,0,4,0.0,0.0,0.0,0.5833333333333334,1.0,0.0,0.3333333333333333,credit_card,PT,EUR
PM_011341,5,0,0,0,0,921.1,184.22,170.7,0.01073485096322362,0.0337732916890266,3,5,0,0,0.0,0.0,0.0,0.6,1.0,0.0,0.0,bank_transfer,IT,EUR
PM_009042,6,0,0,0,0,2238.05,373.0083333333334,244.44,0.0107218173468252,0.047884522921241,2,2,0,5,0.0,0.0,0.0,0.3333333333333333,0.3333333333333333,0.0,0.8333333333333334,credit_card,ES,EUR
PM_009748,7,0,0,0,0,190.59,27.22714285714286,19.79,0.010712687472861433,0.0585698751430857,4,4,0,0,0.0,0.0,0.0,0.5714285714285714,0.5714285714285714,0.0,0.0,wallet,IT,EUR
PM_003598,7,0,0,0,0,360.52000000000004,51.502857142857145,17.39,0.0106952181669322,0.0414987961984127,4,7,1,0,0.0,0.0,0.0,0.5714285714285714,1.0,0.14285714285714285,0.0,credit_card,GB,EUR
PM_009172,4,0,0,0,0,525.75,131.4375,84.045,0.010692078465498075,0.041195141554212,3,4,0,0,0.0,0.0,0.0,0.75,1.0,0.0,0.0,credit_card,GB,EUR
PM_006955,5,0,0,0,0,523.65,104.72999999999999,60.4,0.010686183012051261,0.0349463996465547,4,4,0,0,0.0,0.0,0.0,0.8,0.8,0.0,0.0,wallet,FR,EUR
PM_000356,6,0,0,0,0,1152.66,192.11,146.965,0.010683716555045622,0.0267603989234311,3,6,1,3,0.0,0.0,0.0,0.5,1.0,0.16666666666666666,0.5,credit_card,US,EUR
PM_001664,6,0,0,0,0,133.82,22.30333333333333,19.735,0.010682082343815883,0.0532937537722338,3,3,1,0,0.0,0.0,0.0,0.5,0.5,0.16666666666666666,0.0,debit_card,ES,EUR
PM_009320,16,0,0,0,0,1022.08,63.88,30.965000000000003,0.01068176245325818,0.1311345643539884,8,16,2,0,0.0,0.0,0.0,0.5,1.0,0.125,0.0,credit_card,GB,EUR
PM_000383,3,0,0,0,0,140.77,46.92333333333334,66.48,0.010668128397304735,0.0235313623148449,0,0,0,0,0.0,0.0,0.0,0.0,0.0,0.0,0.0,debit_card,ES,EUR
PM_008032,4,0,0,0,0,986.53,246.6325,252.42000000000002,0.0106576646390707,0.0222518960571815,3,4,0,0,0.0,0.0,0.0,0.75,1.0,0.0,0.0,credit_card,GB,EUR
PM_010740,3,0,0,0,0,266.14,88.71333333333332,68.78,0.010655375690279167,0.0305778584911809,1,3,0,2,0.0,0.0,0.0,0.3333333333333333,1.0,0.0,0.6666666666666666,wallet,ES,EUR
PM_011792,23,0,0,0,0,3366.83,146.38391304347826,82.16,0.01065471120287828,0.0830240001944156,10,23,2,4,0.0,0.0,0.0,0.43478260869565216,1.0,0.08695652173913043,0.17391304347826086,debit_card,PT,EUR
PM_005618,3,0,0,0,0,414.40000000000003,138.13333333333335,51.04,0.010648426827929533,0.0316389866069676,1,3,1,0,0.0,0.0,0.0,0.3333333333333333,1.0,0.3333333333333333,0.0,credit_card,PT,EUR
PM_001059,10,0,0,0,0,1091.86,109.18599999999999,89.785,0.01064065556523572,0.0362304428249352,2,10,2,0,0.0,0.0,0.0,0.2,1.0,0.2,0.0,credit_card,IT,EUR
PM_002214,5,0,0,0,0,485.22,97.04400000000001,89.76,0.0106317583258701,0.0233233437393505,0,5,0,1,0.0,0.0,0.0,0.0,1.0,0.0,0.2,wallet,PT,EUR
PM_011827,4,0,0,0,0,263.84000000000003,65.96000000000001,41.870000000000005,0.010623619881084624,0.0409178919586578,4,4,1,0,0.0,0.0,0.0,1.0,1.0,0.25,0.0,credit_card,DE,EUR
PM_005765,4,0,0,0,0,389.07,97.2675,84.86,0.01062095094496825,0.0329585679033687,1,1,0,3,0.0,0.0,0.0,0.25,0.25,0.0,0.75,credit_card,ES,EUR
PM_002800,4,0,0,0,0,376.9,94.225,111.695,0.0106159429738205,0.0192271236608441,3,3,0,0,0.0,0.0,0.0,0.75,0.75,0.0,0.0,wallet,ES,EUR
PM_009183,3,0,0,0,0,154.26,51.419999999999995,58.31,0.010610708506894634,0.0314861069112177,2,3,0,0,0.0,0.0,0.0,0.6666666666666666,1.0,0.0,0.0,credit_card,DE,EUR
PM_007203,7,0,0,0,0,497.53999999999996,71.07714285714285,70.8,0.010602854479732773,0.0358843859557654,4,7,0,0,0.0,0.0,0.0,0.5714285714285714,1.0,0.0,0.0,debit_card,ES,EUR
PM_003663,3,0,0,0,0,589.4,196.46666666666667,116.83,0.010601413068016466,0.025340349173295,2,3,0,0,0.0,0.0,0.0,0.6666666666666666,1.0,0.0,0.0,wallet,GB,EUR
PM_005391,3,0,0,0,0,313.17,104.39,128.58,0.0106013066135028,0.0299869477141499,3,3,1,1,0.0,0.0,0.0,1.0,1.0,0.3333333333333333,0.3333333333333333,wallet,GB,EUR
PM_003998,5,0,0,0,0,162.29,32.458,31.88,0.010584206442607541,0.0174663692326017,3,5,0,5,0.0,0.0,0.0,0.6,1.0,0.0,1.0,debit_card,ES,EUR
PM_005179,10,0,0,0,0,1847.6000000000001,184.76000000000002,161.82999999999998,0.010575853695217149,0.0347172770586945,2,2,0,0,0.0,0.0,0.0,0.2,0.2,0.0,0.0,credit_card,ES,EUR
PM_007418,4,0,0,0,0,669.49,167.3725,170.755,0.010571201534958401,0.0336680231000249,2,4,0,0,0.0,0.0,0.0,0.5,1.0,0.0,0.0,wallet,US,EUR
PM_011106,9,0,0,0,0,1013.9,112.65555555555555,107.35,0.010570422276091718,0.0677329282102873,7,8,1,0,0.0,0.0,0.0,0.7777777777777778,0.8888888888888888,0.1111111111111111,0.0,credit_card,PT,EUR
PM_011281,4,0,0,0,0,280.01,70.0025,56.18,0.010554210965398225,0.0334474151573395,4,4,1,2,0.0,0.0,0.0,1.0,1.0,0.25,0.5,credit_card,US,EUR
PM_011809,4,0,0,0,0,386.56,96.64,62.57,0.010552103118631613,0.0386260401665271,1,1,0,0,0.0,0.0,0.0,0.25,0.25,0.0,0.0,debit_card,ES,EUR
PM_004255,3,0,0,0,0,146.15,48.71666666666667,44.18,0.010549910569533761,0.0230769532014001,0,3,0,0,0.0,0.0,0.0,0.0,1.0,0.0,0.0,credit_card,IT,EUR
PM_008546,6,0,0,0,0,526.62,87.77,89.955,0.010546165772203983,0.0384706687617312,2,2,0,0,0.0,0.0,0.0,0.3333333333333333,0.3333333333333333,0.0,0.0,wallet,ES,EUR
PM_008487,10,0,0,0,0,548.06,54.806,44.695,0.01051869612323567,0.0524193311863347,5,10,1,2,0.0,0.0,0.0,0.5,1.0,0.1,0.2,debit_card,US,EUR
PM_007974,9,0,0,0,0,411.08,45.675555555555555,40.08,0.010501330416772823,0.0608588608342379,5,9,2,0,0.0,0.0,0.0,0.5555555555555556,1.0,0.2222222222222222,0.0,debit_card,US,EUR
PM_010488,6,0,0,0,0,1167.12,194.51999999999998,144.305,0.010490431943257467,0.0206791539463402,4,6,0,0,0.0,0.0,0.0,0.6666666666666666,1.0,0.0,0.0,wallet,FR,EUR
PM_010760,8,0,0,0,0,553.35,69.16875,43.19,0.010483376130230905,0.0410709574097112,3,7,0,1,0.0,0.0,0.0,0.375,0.875,0.0,0.125,wallet,ES,EUR
PM_010519,7,0,0,0,0,475.06,67.86571428571429,47.0,0.010461984927112927,0.0604234504650251,2,3,1,0,0.0,0.0,0.0,0.2857142857142857,0.42857142857142855,0.14285714285714285,0.0,debit_card,ES,EUR
PM_009338,8,0,0,0,0,390.17,48.77125,36.49,0.010433258423878728,0.0445456789832163,0,8,1,0,0.0,0.0,0.0,0.0,1.0,0.125,0.0,debit_card,PT,EUR
PM_004189,10,0,0,0,0,966.88,96.688,63.78,0.01041801769180566,0.0870428302210776,0,10,3,0,0.0,0.0,0.0,0.0,1.0,0.3,0.0,credit_card,GB,EUR
PM_009692,6,0,0,0,0,711.46,118.57666666666667,116.94,0.010410163289119303,0.0609479927053752,2,6,0,0,0.0,0.0,0.0,0.3333333333333333,1.0,0.0,0.0,debit_card,PT,EUR
PM_002795,4,0,0,0,0,572.46,143.115,128.995,0.010400181688465024,0.0355129207282475,0,4,3,0,0.0,0.0,0.0,0.0,1.0,0.75,0.0,bank_transfer,FR,EUR
PM_006486,10,0,0,0,0,1030.07,103.00699999999999,53.065,0.010399430994323016,0.0458902750516391,3,7,3,0,0.0,0.0,0.0,0.3,0.7,0.3,0.0,debit_card,ES,EUR
PM_000825,13,0,0,0,0,1216.38,93.56769230769231,84.95,0.010398699623098528,0.0767845145474154,8,13,4,0,0.0,0.0,0.0,0.6153846153846154,1.0,0.3076923076923077,0.0,debit_card,DE,EUR
PM_005668,4,0,0,0,0,572.93,143.2325,89.02,0.010384564177809075,0.0329938588751529,3,3,1,0,0.0,0.0,0.0,0.75,0.75,0.25,0.0,credit_card,DE,EUR
PM_010347,11,0,0,0,0,798.88,72.62545454545455,75.19,0.010382060583272,0.0876372791187109,2,11,1,0,0.0,0.0,0.0,0.18181818181818182,1.0,0.09090909090909091,0.0,wallet,PT,EUR
PM_011605,3,0,0,0,0,153.14,51.04666666666666,19.91,0.010379554984293235,0.0299257988286649,2,3,1,0,0.0,0.0,0.0,0.6666666666666666,1.0,0.3333333333333333,0.0,credit_card,ES,EUR
PM_007431,4,0,0,0,0,1048.07,262.0175,56.14,0.010371505956754574,0.0250009934964408,3,3,0,0,0.0,0.0,0.0,0.75,0.75,0.0,0.0,credit_card,FR,EUR
PM_007443,15,0,0,0,0,2144.05,142.93666666666667,105.37,0.010370592604843059,0.0871331952362182,10,12,2,0,0.0,0.0,0.0,0.6666666666666666,0.8,0.13333333333333333,0.0,credit_card,ES,EUR
PM_006497,4,0,0,0,0,209.97,52.4925,47.295,0.010367040179723076,0.0210315978430048,0,4,1,0,0.0,0.0,0.0,0.0,1.0,0.25,0.0,credit_card,US,EUR
PM_003206,9,0,0,0,0,1159.06,128.78444444444443,119.95,0.010360879223464767,0.0675748799289355,4,9,1,1,0.0,0.0,0.0,0.4444444444444444,1.0,0.1111111111111111,0.1111111111111111,credit_card,FR,EUR
PM_002998,9,0,0,0,0,747.64,83.07111111111111,73.22,0.010342382183808849,0.0379761414124563,3,9,0,5,0.0,0.0,0.0,0.3333333333333333,1.0,0.0,0.5555555555555556,credit_card,GB,EUR
PM_010979,3,0,0,0,0,199.04,66.34666666666666,52.75,0.010332236677323399,0.0298516402331348,0,3,1,0,0.0,0.0,0.0,0.0,1.0,0.3333333333333333,0.0,credit_card,ES,EUR
PM_006286,5,0,0,0,0,725.0,145.0,133.92,0.01031754037176958,0.0346082942271213,3,5,0,1,0.0,0.0,0.0,0.6,1.0,0.0,0.2,bank_transfer,PT,EUR
PM_000859,7,0,0,0,0,1440.62,205.80285714285714,139.0,0.010295537413739814,0.0406086494196883,3,7,0,3,0.0,0.0,0.0,0.42857142857142855,1.0,0.0,0.42857142857142855,bank_transfer,IT,EUR
PM_003200,6,0,0,0,0,791.5899999999999,131.93166666666664,145.07,0.010288618674119501,0.052965804229558,3,6,1,0,0.0,0.0,0.0,0.5,1.0,0.16666666666666666,0.0,credit_card,FR,EUR
PM_004402,6,0,0,0,0,883.38,147.23,120.86999999999999,0.01027335450884945,0.0469703675902266,2,6,0,0,0.0,0.0,0.0,0.3333333333333333,1.0,0.0,0.0,credit_card,PT,EUR
PM_006018,11,0,0,0,0,915.39,83.21727272727273,54.92,0.010260398396017155,0.0399620338669357,5,11,1,1,0.0,0.0,0.0,0.45454545454545453,1.0,0.09090909090909091,0.09090909090909091,credit_card,US,EUR
PM_002206,4,0,0,0,0,407.14,101.785,88.025,0.010259520747550599,0.0294978621150075,2,4,0,4,0.0,0.0,0.0,0.5,1.0,0.0,1.0,debit_card,ES,EUR
PM_002152,18,0,0,0,0,2584.7599999999998,143.59777777777776,120.815,0.010251087003135638,0.0705994291860643,12,18,4,1,0.0,0.0,0.0,0.6666666666666666,1.0,0.2222222222222222,0.05555555555555555,credit_card,US,EUR
PM_011423,4,0,0,0,0,274.96,68.74,42.765,0.01023559516181195,0.0336484083765492,2,4,1,4,0.0,0.0,0.0,0.5,1.0,0.25,1.0,debit_card,US,EUR
PM_005873,6,0,0,0,0,358.73,59.788333333333334,45.815,0.01021272908726185,0.0201726749993135,3,6,1,0,0.0,0.0,0.0,0.5,1.0,0.16666666666666666,0.0,credit_card,IT,EUR
PM_008207,9,0,0,0,0,927.36,103.04,113.37,0.0102097244511637,0.0526846444639408,2,9,1,1,0.0,0.0,0.0,0.2222222222222222,1.0,0.1111111111111111,0.1111111111111111,credit_card,US,EUR
PM_000986,4,0,0,0,0,188.09,47.0225,35.485,0.010205736065646275,0.0399858694990533,3,4,0,0,0.0,0.0,0.0,0.75,1.0,0.0,0.0,debit_card,FR,EUR
PM_010290,9,0,0,0,0,352.23,39.13666666666667,28.48,0.01018654029696609,0.0788247295927068,5,9,1,9,0.0,0.0,0.0,0.5555555555555556,1.0,0.1111111111111111,1.0,debit_card,FR,EUR
PM_009366,3,0,0,0,0,872.97,290.99,129.93,0.0101672862382173,0.0270300517818506,2,3,0,3,0.0,0.0,0.0,0.6666666666666666,1.0,0.0,1.0,credit_card,DE,EUR
PM_000320,6,0,0,0,0,231.47,38.57833333333333,24.5,0.010164031627517016,0.0201550399950253,5,6,2,0,0.0,0.0,0.0,0.8333333333333334,1.0,0.3333333333333333,0.0,wallet,FR,EUR
PM_006896,10,0,0,0,0,500.67,50.067,55.879999999999995,0.010151472788987103,0.0885468571430531,4,10,0,10,0.0,0.0,0.0,0.4,1.0,0.0,1.0,credit_card,US,EUR
PM_006557,6,0,0,0,0,565.87,94.31166666666667,67.885,0.01014335974957995,0.0284344075250457,3,6,1,0,0.0,0.0,0.0,0.5,1.0,0.16666666666666666,0.0,debit_card,US,EUR
PM_003782,10,0,0,0,0,2147.07,214.70700000000002,173.96,0.010140225712791615,0.0558088563522426,8,10,1,9,0.0,0.0,0.0,0.8,1.0,0.1,0.9,debit_card,ES,EUR
PM_007426,6,0,0,0,0,430.58,71.76333333333334,67.19,0.010132402219987532,0.0324497738781517,3,3,0,5,0.0,0.0,0.0,0.5,0.5,0.0,0.8333333333333334,wallet,IT,EUR
PM_010161,6,0,0,0,0,233.85,38.975,40.47,0.010129237097301782,0.0301532990484452,4,6,0,0,0.0,0.0,0.0,0.6666666666666666,1.0,0.0,0.0,credit_card,US,EUR
PM_003165,3,0,0,0,0,413.64,137.88,154.06,0.010113700792358868,0.0286889441716013,0,0,0,1,0.0,0.0,0.0,0.0,0.0,0.0,0.3333333333333333,credit_card,FR,EUR
PM_007405,3,0,0,0,0,113.67,37.89,42.81,0.0101124636649849,0.0155768115011722,3,3,0,1,0.0,0.0,0.0,1.0,1.0,0.0,0.3333333333333333,debit_card,ES,EUR
PM_001653,5,0,0,0,0,393.48,78.696,37.86,0.01010255943689506,0.0275070715798623,1,5,0,0,0.0,0.0,0.0,0.2,1.0,0.0,0.0,wallet,US,EUR
PM_010690,22,0,0,0,0,2941.65,133.71136363636364,75.19999999999999,0.010079863016952205,0.0609657510400324,11,19,3,5,0.0,0.0,0.0,0.5,0.8636363636363636,0.13636363636363635,0.22727272727272727,credit_card,ES,EUR
PM_001865,14,0,0,0,0,2902.0,207.28571428571428,159.285,0.010061732595519608,0.0870149110470373,6,14,3,0,0.0,0.0,0.0,0.42857142857142855,1.0,0.21428571428571427,0.0,debit_card,PT,EUR
PM_004018,10,0,0,0,0,1975.54,197.554,156.43,0.01005590188427663,0.0415366753511099,4,10,1,0,0.0,0.0,0.0,0.4,1.0,0.1,0.0,credit_card,PT,EUR
PM_005647,4,0,0,0,0,228.24,57.06,48.63,0.0100556660625198,0.0256052939773644,2,4,0,1,0.0,0.0,0.0,0.5,1.0,0.0,0.25,credit_card,US,EUR
PM_001726,7,0,0,0,0,530.79,75.82714285714285,68.6,0.0100337929007834,0.0441569885862125,2,7,0,0,0.0,0.0,0.0,0.2857142857142857,1.0,0.0,0.0,credit_card,IT,EUR
PM_002233,5,0,0,0,0,399.34000000000003,79.86800000000001,57.77,0.01002186341684742,0.0356183593413852,1,5,1,0,0.0,0.0,0.0,0.2,1.0,0.2,0.0,debit_card,IT,EUR
PM_003285,3,0,0,0,0,264.26,88.08666666666666,128.0,0.010012106732847734,0.0227905216339278,2,3,0,1,0.0,0.0,0.0,0.6666666666666666,1.0,0.0,0.3333333333333333,debit_card,DE,EUR
PM_011996,3,0,0,0,0,223.78,74.59333333333333,64.17,0.010004507367570968,0.0278016855374573,0,1,1,0,0.0,0.0,0.0,0.0,0.3333333333333333,0.3333333333333333,0.0,credit_card,FR,EUR
PM_000305,4,0,0,0,0,470.21,117.5525,113.08,0.009995054197250514,0.0357019789512594,1,4,0,0,0.0,0.0,0.0,0.25,1.0,0.0,0.0,bank_transfer,IT,EUR
PM_003977,5,0,0,0,0,165.45,33.089999999999996,22.29,0.00999061069781218,0.0421279334194395,2,5,0,3,0.0,0.0,0.0,0.4,1.0,0.0,0.6,wallet,FR,EUR
PM_005105,6,0,0,0,0,656.12,109.35333333333334,97.13999999999999,0.009989615977148116,0.0288205634842891,5,6,0,0,0.0,0.0,0.0,0.8333333333333334,1.0,0.0,0.0,wallet,ES,EUR
PM_009181,6,0,0,0,0,637.42,106.23666666666666,64.84,0.0099890851075759,0.0290423184508126,1,2,0,3,0.0,0.0,0.0,0.16666666666666666,0.3333333333333333,0.0,0.5,debit_card,ES,EUR
PM_010292,7,0,0,0,0,310.65999999999997,44.379999999999995,43.06,0.009980772656010162,0.0669265614951845,6,7,0,0,0.0,0.0,0.0,0.8571428571428571,1.0,0.0,0.0,debit_card,IT,EUR
PM_001230,4,0,0,0,0,663.0,165.75,159.55,0.009976230189463649,0.0243699324788947,1,3,0,1,0.0,0.0,0.0,0.25,0.75,0.0,0.25,credit_card,PT,EUR
PM_002630,8,0,0,0,0,524.75,65.59375,20.494999999999997,0.009957132909023374,0.0293939753535478,2,8,0,0,0.0,0.0,0.0,0.25,1.0,0.0,0.0,debit_card,US,EUR
PM_000884,3,0,0,0,0,220.41,73.47,36.74,0.009952161643985966,0.0157930254897376,1,3,0,0,0.0,0.0,0.0,0.3333333333333333,1.0,0.0,0.0,credit_card,US,EUR
PM_010552,8,0,0,0,0,346.44,43.305,43.135,0.009919940058057337,0.0313034744509639,3,8,1,0,0.0,0.0,0.0,0.375,1.0,0.125,0.0,wallet,US,EUR
PM_010732,4,0,0,0,0,184.0,46.0,26.045,0.00991484715542385,0.0390257945892383,1,4,1,0,0.0,0.0,0.0,0.25,1.0,0.25,0.0,debit_card,ES,EUR
PM_006588,11,0,0,0,0,1125.2,102.2909090909091,37.28,0.009895095075807601,0.075048367659568,3,8,0,3,0.0,0.0,0.0,0.2727272727272727,0.7272727272727273,0.0,0.2727272727272727,debit_card,ES,EUR
PM_004328,21,0,0,0,0,2349.47,111.8795238095238,88.71,0.009864451999057484,0.1120065427438494,16,21,1,1,0.0,0.0,0.0,0.7619047619047619,1.0,0.047619047619047616,0.047619047619047616,bank_transfer,US,EUR
PM_005322,3,0,0,0,0,187.38,62.46,65.57,0.009857377103818865,0.0122550683239814,2,2,0,0,0.0,0.0,0.0,0.6666666666666666,0.6666666666666666,0.0,0.0,debit_card,ES,EUR
PM_008122,5,0,0,0,0,404.98,80.99600000000001,45.98,0.00985672814270032,0.0220290408850325,5,5,1,0,0.0,0.0,0.0,1.0,1.0,0.2,0.0,wallet,ES,EUR
PM_006989,8,0,0,0,0,889.78,111.2225,32.885000000000005,0.0098493879433375,0.0399818170985419,2,4,1,0,0.0,0.0,0.0,0.25,0.5,0.125,0.0,debit_card,IT,EUR
PM_007516,6,0,0,0,0,315.32,52.553333333333335,52.11,0.009840163823062867,0.041045197484274,3,6,1,0,0.0,0.0,0.0,0.5,1.0,0.16666666666666666,0.0,debit_card,ES,EUR
PM_002039,13,0,0,0,0,481.63,37.04846153846154,25.08,0.009832425894178685,0.1066004765712312,9,13,0,0,0.0,0.0,0.0,0.6923076923076923,1.0,0.0,0.0,wallet,US,EUR
PM_002360,4,0,0,0,0,585.04,146.26,144.135,0.0098203167217722,0.0258864220276192,3,4,0,0,0.0,0.0,0.0,0.75,1.0,0.0,0.0,credit_card,ES,EUR
PM_008604,3,0,0,0,0,209.63,69.87666666666667,52.19,0.009795039499301,0.0286333354221061,1,3,1,3,0.0,0.0,0.0,0.3333333333333333,1.0,0.3333333333333333,1.0,wallet,DE,EUR
PM_003506,3,0,0,0,0,529.8,176.6,192.48,0.009780851969578733,0.0143915804206964,1,3,0,0,0.0,0.0,0.0,0.3333333333333333,1.0,0.0,0.0,credit_card,IT,EUR
PM_001821,7,0,0,0,0,384.95,54.99285714285714,33.95,0.009746750207900168,0.0409511058607945,3,4,0,3,0.0,0.0,0.0,0.42857142857142855,0.5714285714285714,0.0,0.42857142857142855,credit_card,ES,EUR
PM_010796,6,0,0,0,0,584.99,97.49833333333333,86.875,0.009742710030028018,0.0364705962477449,1,4,1,0,0.0,0.0,0.0,0.16666666666666666,0.6666666666666666,0.16666666666666666,0.0,credit_card,ES,EUR
PM_000494,5,0,0,0,0,307.03,61.40599999999999,42.59,0.0097407747138362,0.0271126787215254,3,5,1,0,0.0,0.0,0.0,0.6,1.0,0.2,0.0,debit_card,GB,EUR
PM_009534,4,0,0,0,0,382.01,95.5025,92.925,0.009735855078546024,0.0228521210425467,2,4,0,3,0.0,0.0,0.0,0.5,1.0,0.0,0.75,credit_card,US,EUR
PM_006500,6,0,0,0,0,989.67,164.945,154.54000000000002,0.0097354242562169,0.0227496570357648,2,4,0,4,0.0,0.0,0.0,0.3333333333333333,0.6666666666666666,0.0,0.6666666666666666,debit_card,ES,EUR
PM_009072,9,0,0,0,0,1305.21,145.02333333333334,146.01,0.009729973039581515,0.0701613846649406,5,9,0,0,0.0,0.0,0.0,0.5555555555555556,1.0,0.0,0.0,bank_transfer,ES,EUR
PM_004663,11,0,0,0,0,774.38,70.39818181818181,49.64,0.009707433701840684,0.0540475663985365,4,11,0,0,0.0,0.0,0.0,0.36363636363636365,1.0,0.0,0.0,debit_card,US,EUR
PM_005760,4,0,0,0,0,480.18,120.045,62.6,0.0096804385703845,0.0263461269553391,2,2,1,0,0.0,0.0,0.0,0.5,0.5,0.25,0.0,debit_card,ES,EUR
PM_003974,4,0,0,0,0,219.36,54.84,56.875,0.009667499840491875,0.0251694454134096,1,1,0,0,0.0,0.0,0.0,0.25,0.25,0.0,0.0,credit_card,ES,EUR
PM_011786,8,0,0,0,0,1606.24,200.78,124.965,0.009666413522041025,0.0722467188958911,5,8,1,8,0.0,0.0,0.0,0.625,1.0,0.125,1.0,debit_card,GB,EUR
PM_008764,3,0,0,0,0,783.9399999999999,261.31333333333333,324.26,0.009665076491505666,0.0178387405898402,2,3,1,0,0.0,0.0,0.0,0.6666666666666666,1.0,0.3333333333333333,0.0,debit_card,FR,EUR
PM_010848,5,0,0,0,0,384.90999999999997,76.982,32.24,0.0096578576849539,0.0293410666348678,3,5,1,0,0.0,0.0,0.0,0.6,1.0,0.2,0.0,debit_card,GB,EUR
PM_009528,8,0,0,0,0,1026.46,128.3075,82.97999999999999,0.009630319353424087,0.0495748652213852,5,8,0,0,0.0,0.0,0.0,0.625,1.0,0.0,0.0,debit_card,GB,EUR
PM_002613,3,0,0,0,0,112.11,37.37,39.87,0.009622735415479733,0.0279478160567152,1,3,1,0,0.0,0.0,0.0,0.3333333333333333,1.0,0.3333333333333333,0.0,credit_card,GB,EUR
PM_000843,4,0,0,0,0,115.52,28.88,29.9,0.009616192377244709,0.0256082716932657,1,4,1,0,0.0,0.0,0.0,0.25,1.0,0.25,0.0,debit_card,FR,EUR
PM_003209,7,0,0,0,0,261.19,37.31285714285714,41.94,0.00960337164415903,0.0318957115136002,2,5,1,0,0.0,0.0,0.0,0.2857142857142857,0.7142857142857143,0.14285714285714285,0.0,wallet,ES,EUR
PM_003243,3,0,0,0,0,137.06,45.68666666666667,42.81,0.0095831737236177,0.0192937451186131,0,3,1,0,0.0,0.0,0.0,0.0,1.0,0.3333333333333333,0.0,debit_card,FR,EUR
PM_009559,10,0,0,0,0,1230.96,123.096,69.36,0.00957413296268512,0.0525396557584231,4,10,0,7,0.0,0.0,0.0,0.4,1.0,0.0,0.7,credit_card,GB,EUR
PM_010169,4,0,0,0,0,244.69,61.1725,30.85,0.009569975070939225,0.0177049343983525,2,4,0,0,0.0,0.0,0.0,0.5,1.0,0.0,0.0,credit_card,DE,EUR
PM_008520,4,0,0,0,0,543.63,135.9075,144.075,0.009562790165494377,0.0357216279827548,0,1,0,0,0.0,0.0,0.0,0.0,0.25,0.0,0.0,debit_card,ES,EUR
PM_011588,11,0,0,0,0,955.6,86.87272727272727,62.87,0.009548556066224909,0.0450349651184817,8,11,0,2,0.0,0.0,0.0,0.7272727272727273,1.0,0.0,0.18181818181818182,debit_card,IT,EUR
PM_010999,6,0,0,0,0,341.81,56.968333333333334,43.32,0.0095132400445628,0.0384824044986527,2,6,1,2,0.0,0.0,0.0,0.3333333333333333,1.0,0.16666666666666666,0.3333333333333333,wallet,GB,EUR
PM_003809,8,0,0,0,0,685.74,85.7175,50.14,0.009503017736985,0.0405488199372817,0,0,0,0,0.0,0.0,0.0,0.0,0.0,0.0,0.0,debit_card,ES,EUR
PM_008039,5,0,0,0,0,315.29999999999995,63.05999999999999,76.16,0.009495132255437199,0.0263622831502539,3,5,1,0,0.0,0.0,0.0,0.6,1.0,0.2,0.0,wallet,US,EUR
PM_010853,4,0,0,0,0,582.25,145.5625,35.71,0.009488442234891774,0.0372873572397417,2,2,0,0,0.0,0.0,0.0,0.5,0.5,0.0,0.0,credit_card,ES,EUR
PM_011054,11,0,0,0,0,609.96,55.45090909090909,34.45,0.009472678237232019,0.0398225555483825,4,11,1,0,0.0,0.0,0.0,0.36363636363636365,1.0,0.09090909090909091,0.0,wallet,PT,EUR
PM_003043,4,0,0,0,0,344.92,86.23,79.08,0.00947195815472395,0.0362192786198153,0,4,0,0,0.0,0.0,0.0,0.0,1.0,0.0,0.0,credit_card,FR,EUR
PM_009092,6,0,0,0,0,269.17,44.86166666666667,30.43,0.009469787070760198,0.0516717050460706,2,6,1,3,0.0,0.0,0.0,0.3333333333333333,1.0,0.16666666666666666,0.5,wallet,US,EUR
PM_004113,4,0,0,0,0,561.35,140.3375,40.965,0.009469777230869024,0.026521024352878,2,4,1,0,0.0,0.0,0.0,0.5,1.0,0.25,0.0,credit_card,US,EUR
PM_000538,5,0,0,0,0,219.72,43.944,23.14,0.00946747854211214,0.0422346915840167,2,5,0,1,0.0,0.0,0.0,0.4,1.0,0.0,0.2,credit_card,US,EUR
PM_001522,4,0,0,0,0,122.28,30.57,31.735,0.009460908056412325,0.0363135924673108,4,4,0,0,0.0,0.0,0.0,1.0,1.0,0.0,0.0,credit_card,DE,EUR
PM_003665,6,0,0,0,0,567.48,94.58,53.085,0.009457366728318583,0.0421220928290182,2,5,0,0,0.0,0.0,0.0,0.3333333333333333,0.8333333333333334,0.0,0.0,credit_card,ES,EUR
PM_001996,8,0,0,0,0,625.0699999999999,78.13374999999999,34.885000000000005,0.0094521744048117,0.0378111576134444,4,8,2,1,0.0,0.0,0.0,0.5,1.0,0.25,0.125,debit_card,PT,EUR
PM_005582,18,0,0,0,0,2274.48,126.36,73.69,0.009450742482854883,0.055261026862082,9,12,4,6,0.0,0.0,0.0,0.5,0.6666666666666666,0.2222222222222222,0.3333333333333333,credit_card,ES,EUR
PM_010972,4,0,0,0,0,425.53000000000003,106.38250000000001,57.120000000000005,0.009413915408999225,0.0350075671561006,0,4,0,0,0.0,0.0,0.0,0.0,1.0,0.0,0.0,credit_card,GB,EUR
PM_006893,3,0,0,0,0,789.02,263.00666666666666,224.05,0.009400219570634867,0.0241492698742856,3,3,0,2,0.0,0.0,0.0,1.0,1.0,0.0,0.6666666666666666,bank_transfer,FR,EUR
PM_007286,4,0,0,0,0,294.87,73.7175,84.97,0.009387438206580124,0.0333124161985629,1,4,1,2,0.0,0.0,0.0,0.25,1.0,0.25,0.5,credit_card,FR,EUR
PM_006837,3,0,0,0,0,635.6,211.86666666666667,256.45,0.009386452844969266,0.0273632870363717,1,3,0,0,0.0,0.0,0.0,0.3333333333333333,1.0,0.0,0.0,credit_card,PT,EUR
PM_001525,5,0,0,0,0,428.40000000000003,85.68,42.45,0.00938642631011285,0.0416953242352749,4,5,0,3,0.0,0.0,0.0,0.8,1.0,0.0,0.6,credit_card,ES,EUR
PM_005844,33,0,0,0,0,3101.33,93.97969696969697,51.67,0.009367063492015413,0.1715952935044418,11,33,8,4,0.0,0.0,0.0,0.3333333333333333,1.0,0.24242424242424243,0.12121212121212122,credit_card,US,EUR
PM_011467,6,0,0,0,0,941.51,156.91833333333332,155.985,0.0093647117495438,0.0219080819265217,1,6,1,0,0.0,0.0,0.0,0.16666666666666666,1.0,0.16666666666666666,0.0,credit_card,GB,EUR
PM_006096,3,0,0,0,0,510.33000000000004,170.11,75.18,0.009348764586355467,0.0271598673421166,1,1,0,0,0.0,0.0,0.0,0.3333333333333333,0.3333333333333333,0.0,0.0,credit_card,ES,EUR
PM_008780,10,0,0,0,0,1224.54,122.454,52.825,0.009344337012508256,0.08034075461195,5,6,3,3,0.0,0.0,0.0,0.5,0.6,0.3,0.3,credit_card,IT,EUR
PM_003748,10,0,0,0,0,2369.11,236.911,202.275,0.009344214040821409,0.0864885130500125,8,10,1,5,0.0,0.0,0.0,0.8,1.0,0.1,0.5,bank_transfer,IT,EUR
PM_001485,4,0,0,0,0,293.7,73.425,70.875,0.009314042666277913,0.0208989143687126,1,4,0,1,0.0,0.0,0.0,0.25,1.0,0.0,0.25,credit_card,US,EUR
PM_005959,9,0,0,0,0,474.47,52.71888888888889,26.34,0.009296878596392763,0.0329755330721078,4,9,0,7,0.0,0.0,0.0,0.4444444444444444,1.0,0.0,0.7777777777777778,bank_transfer,DE,EUR
PM_005157,8,0,0,0,0,1225.78,153.2225,104.96000000000001,0.00929391175906545,0.0266695235014197,3,5,0,0,0.0,0.0,0.0,0.375,0.625,0.0,0.0,debit_card,ES,EUR
PM_008734,8,0,0,0,0,632.5799999999999,79.07249999999999,42.254999999999995,0.009288017747204657,0.0371054610788541,5,8,0,0,0.0,0.0,0.0,0.625,1.0,0.0,0.0,wallet,FR,EUR
PM_011873,9,0,0,0,0,1150.56,127.83999999999999,81.08,0.009287572112653544,0.0258874636245259,4,9,1,0,0.0,0.0,0.0,0.4444444444444444,1.0,0.1111111111111111,0.0,credit_card,FR,EUR
PM_002534,6,0,0,0,0,316.09999999999997,52.68333333333333,49.84,0.00928247759433345,0.0311853605928861,4,4,1,0,0.0,0.0,0.0,0.6666666666666666,0.6666666666666666,0.16666666666666666,0.0,debit_card,ES,EUR
PM_007413,4,0,0,0,0,195.97,48.9925,45.535,0.009246954041540125,0.0169553083922718,2,4,0,0,0.0,0.0,0.0,0.5,1.0,0.0,0.0,wallet,DE,EUR
PM_009472,3,0,0,0,0,464.68,154.89333333333335,149.22,0.009245733993956501,0.0199611209011337,2,3,1,0,0.0,0.0,0.0,0.6666666666666666,1.0,0.3333333333333333,0.0,wallet,PT,EUR
PM_003083,4,0,0,0,0,939.73,234.9325,247.52499999999998,0.009231817314087475,0.0285840872261169,2,3,1,0,0.0,0.0,0.0,0.5,0.75,0.25,0.0,bank_transfer,ES,EUR
PM_002967,5,0,0,0,0,797.33,159.466,67.77,0.00922779577860786,0.0370541636554852,1,5,0,0,0.0,0.0,0.0,0.2,1.0,0.0,0.0,wallet,IT,EUR
PM_000048,3,0,0,0,0,150.28,50.093333333333334,50.23,0.0092146163569243,0.0188518359072119,1,3,0,0,0.0,0.0,0.0,0.3333333333333333,1.0,0.0,0.0,debit_card,IT,EUR
PM_011220,23,0,0,0,0,1262.47,54.89,26.26,0.009206411551199863,0.0563461750070754,11,12,3,0,0.0,0.0,0.0,0.4782608695652174,0.5217391304347826,0.13043478260869565,0.0,debit_card,ES,EUR
PM_005202,4,0,0,0,0,228.29,57.0725,52.34,0.009205890442606775,0.0161402153022222,1,1,0,2,0.0,0.0,0.0,0.25,0.25,0.0,0.5,debit_card,ES,EUR
PM_000211,7,0,0,0,0,556.13,79.44714285714285,59.27,0.009200050984725858,0.0423786725501952,5,6,0,1,0.0,0.0,0.0,0.7142857142857143,0.8571428571428571,0.0,0.14285714285714285,wallet,ES,EUR
PM_005572,5,0,0,0,0,210.76,42.152,35.02,0.009196960325312798,0.0431056209906624,3,5,1,0,0.0,0.0,0.0,0.6,1.0,0.2,0.0,credit_card,DE,EUR
PM_000716,3,0,0,0,0,559.07,186.35666666666668,148.26,0.009195464669673076,0.0142450468066591,0,3,0,0,0.0,0.0,0.0,0.0,1.0,0.0,0.0,debit_card,ES,EUR
PM_004267,6,0,0,0,0,517.52,86.25333333333333,72.35,0.009181910358818367,0.0421284788280171,3,6,2,1,0.0,0.0,0.0,0.5,1.0,0.3333333333333333,0.16666666666666666,credit_card,GB,EUR
PM_005162,3,0,0,0,0,57.1,19.033333333333335,21.54,0.009181605672386267,0.0272625397794049,2,3,0,0,0.0,0.0,0.0,0.6666666666666666,1.0,0.0,0.0,debit_card,ES,EUR
PM_011842,14,0,0,0,0,1464.8600000000001,104.63285714285715,85.915,0.009167544531267236,0.0793504311305207,7,12,2,0,0.0,0.0,0.0,0.5,0.8571428571428571,0.14285714285714285,0.0,debit_card,DE,EUR
PM_008313,13,0,0,0,0,1847.49,142.11461538461538,98.81,0.009162216602647707,0.0866405449787778,7,13,1,2,0.0,0.0,0.0,0.5384615384615384,1.0,0.07692307692307693,0.15384615384615385,bank_transfer,DE,EUR
PM_008938,10,0,0,0,0,1570.79,157.079,115.755,0.00915313940640637,0.0759179485953904,3,10,1,0,0.0,0.0,0.0,0.3,1.0,0.1,0.0,debit_card,US,EUR
PM_009806,13,0,0,0,0,1402.72,107.90153846153846,77.02,0.009151700529780276,0.0711681417593223,9,13,3,0,0.0,0.0,0.0,0.6923076923076923,1.0,0.23076923076923078,0.0,debit_card,FR,EUR
PM_003515,9,0,0,0,0,615.09,68.34333333333333,55.88,0.009148430630661723,0.0477104243753775,5,7,0,3,0.0,0.0,0.0,0.5555555555555556,0.7777777777777778,0.0,0.3333333333333333,credit_card,PT,EUR
PM_008047,5,0,0,0,0,645.78,129.156,47.26,0.00913947880531292,0.0337179174735683,3,5,1,0,0.0,0.0,0.0,0.6,1.0,0.2,0.0,wallet,GB,EUR
PM_011671,11,0,0,0,0,3315.88,301.44363636363636,256.9,0.0091323678236568,0.0384281406961832,4,11,2,1,0.0,0.0,0.0,0.36363636363636365,1.0,0.18181818181818182,0.09090909090909091,credit_card,US,EUR
PM_011638,4,0,0,0,0,569.86,142.465,82.565,0.00912367507331525,0.0197056534026719,2,3,1,1,0.0,0.0,0.0,0.5,0.75,0.25,0.25,debit_card,ES,EUR
PM_005977,7,0,0,0,0,375.99,53.712857142857146,22.68,0.009119302528282922,0.0302426533685188,2,7,1,0,0.0,0.0,0.0,0.2857142857142857,1.0,0.14285714285714285,0.0,credit_card,IT,EUR
PM_011077,4,0,0,0,0,529.99,132.4975,151.245,0.009116864841549974,0.0195412312851255,3,4,0,0,0.0,0.0,0.0,0.75,1.0,0.0,0.0,debit_card,ES,EUR
PM_007910,4,0,0,0,0,423.05,105.7625,83.06,0.009115474483211126,0.0243836172295919,1,1,0,0,0.0,0.0,0.0,0.25,0.25,0.0,0.0,debit_card,ES,EUR
PM_000384,4,0,0,0,0,247.91,61.9775,33.165,0.0090721295362793,0.0340135695529998,1,4,0,0,0.0,0.0,0.0,0.25,1.0,0.0,0.0,credit_card,US,EUR
PM_005629,6,0,0,0,0,867.53,144.58833333333334,80.76,0.009066795809066617,0.0470277685857456,2,6,0,0,0.0,0.0,0.0,0.3333333333333333,1.0,0.0,0.0,credit_card,US,EUR
PM_011956,9,0,0,0,0,330.98,36.775555555555556,35.67,0.009064846081439572,0.0482024867598322,3,9,0,7,0.0,0.0,0.0,0.3333333333333333,1.0,0.0,0.7777777777777778,debit_card,FR,EUR
PM_011796,3,0,0,0,0,96.58,32.193333333333335,31.65,0.0090548238707237,0.0188003620224612,1,3,0,0,0.0,0.0,0.0,0.3333333333333333,1.0,0.0,0.0,debit_card,FR,EUR
PM_003127,6,0,0,0,0,330.06,55.01,51.35,0.00903716477816385,0.0316426581741558,2,6,1,0,0.0,0.0,0.0,0.3333333333333333,1.0,0.16666666666666666,0.0,credit_card,IT,EUR
PM_009478,6,0,0,0,0,262.75,43.791666666666664,43.255,0.009026242625595449,0.0238426235400661,1,1,1,4,0.0,0.0,0.0,0.16666666666666666,0.16666666666666666,0.16666666666666666,0.6666666666666666,wallet,ES,EUR
PM_003017,9,0,0,0,0,1672.97,185.88555555555556,146.33,0.009020532286320411,0.0459318653279837,5,9,1,7,0.0,0.0,0.0,0.5555555555555556,1.0,0.1111111111111111,0.7777777777777778,bank_transfer,GB,EUR
PM_004060,4,0,0,0,0,657.7900000000001,164.44750000000002,75.755,0.008991353179943649,0.0353762125466455,3,4,0,1,0.0,0.0,0.0,0.75,1.0,0.0,0.25,debit_card,US,EUR
PM_002770,5,0,0,0,0,342.02,68.404,50.32,0.008988299292736488,0.0208724194219326,4,5,0,1,0.0,0.0,0.0,0.8,1.0,0.0,0.2,credit_card,DE,EUR
PM_004816,4,0,0,0,0,145.01,36.2525,31.355,0.008979089015206915,0.035353769797598,2,3,0,0,0.0,0.0,0.0,0.5,0.75,0.0,0.0,credit_card,IT,EUR
PM_000930,5,0,0,0,0,504.92,100.98400000000001,43.84,0.00897282242021326,0.0159606256531335,2,3,1,0,0.0,0.0,0.0,0.4,0.6,0.2,0.0,credit_card,ES,EUR
PM_005840,4,0,0,0,0,1120.96,280.24,258.835,0.008968909803304675,0.0321680831782013,0,0,0,0,0.0,0.0,0.0,0.0,0.0,0.0,0.0,credit_card,ES,EUR
PM_004106,7,0,0,0,0,378.26,54.037142857142854,28.24,0.008967510773267486,0.0384325933941593,3,7,0,1,0.0,0.0,0.0,0.42857142857142855,1.0,0.0,0.14285714285714285,credit_card,PT,EUR
PM_010062,5,0,0,0,0,1143.89,228.77800000000002,163.85,0.00895954168321194,0.0319486587627731,3,5,0,0,0.0,0.0,0.0,0.6,1.0,0.0,0.0,bank_transfer,FR,EUR
PM_001255,3,0,0,0,0,1118.05,372.68333333333334,491.66,0.0089591418907612,0.0234166566389353,2,3,1,0,0.0,0.0,0.0,0.6666666666666666,1.0,0.3333333333333333,0.0,bank_transfer,DE,EUR
PM_008292,3,0,0,0,0,296.31,98.77,88.61,0.008936955137896366,0.0161224804638775,0,3,0,0,0.0,0.0,0.0,0.0,1.0,0.0,0.0,debit_card,FR,EUR
PM_004755,5,0,0,0,0,582.24,116.44800000000001,87.31,0.008923987083882399,0.0165136048737614,4,5,1,1,0.0,0.0,0.0,0.8,1.0,0.2,0.2,wallet,US,EUR
PM_002546,11,0,0,0,0,603.43,54.85727272727272,60.46,0.00891711817912307,0.0349960429781165,0,8,3,0,0.0,0.0,0.0,0.0,0.7272727272727273,0.2727272727272727,0.0,wallet,FR,EUR
PM_008087,7,0,0,0,0,333.81,47.68714285714286,43.06,0.008880744003291986,0.039045404746398,6,7,1,0,0.0,0.0,0.0,0.8571428571428571,1.0,0.14285714285714285,0.0,credit_card,FR,EUR
PM_010209,8,0,0,0,0,722.98,90.3725,68.205,0.0088776569243712,0.0301729277487573,5,7,0,0,0.0,0.0,0.0,0.625,0.875,0.0,0.0,debit_card,IT,EUR
PM_005166,6,0,0,0,0,225.42000000000002,37.57,32.475,0.00887303515259755,0.0487240425903249,2,6,0,1,0.0,0.0,0.0,0.3333333333333333,1.0,0.0,0.16666666666666666,debit_card,PT,EUR
PM_004167,5,0,0,0,0,1171.02,234.204,202.68,0.00887080232125086,0.0395827502859456,3,5,1,2,0.0,0.0,0.0,0.6,1.0,0.2,0.4,credit_card,US,EUR
PM_000379,9,0,0,0,0,1254.87,139.42999999999998,105.25,0.008867912107348367,0.0688314063872253,4,9,0,0,0.0,0.0,0.0,0.4444444444444444,1.0,0.0,0.0,credit_card,US,EUR
PM_000386,5,0,0,0,0,163.01,32.602,19.05,0.008860353908929261,0.0387835236663551,2,5,3,0,0.0,0.0,0.0,0.4,1.0,0.6,0.0,credit_card,DE,EUR
PM_010814,3,0,0,0,0,375.52,125.17333333333333,127.81,0.0088154294897569,0.024002786563846,0,3,1,0,0.0,0.0,0.0,0.0,1.0,0.3333333333333333,0.0,debit_card,US,EUR
PM_002109,5,0,0,0,0,611.9,122.38,57.55,0.0088114910289969,0.0180156066182675,3,5,1,0,0.0,0.0,0.0,0.6,1.0,0.2,0.0,debit_card,US,EUR
PM_007280,10,0,0,0,0,1157.66,115.766,80.815,0.0087763979595951,0.0281834923678686,8,10,2,0,0.0,0.0,0.0,0.8,1.0,0.2,0.0,bank_transfer,GB,EUR
PM_008902,8,0,0,0,0,393.75,49.21875,47.075,0.008751067231462,0.0594910801167699,5,8,2,0,0.0,0.0,0.0,0.625,1.0,0.25,0.0,debit_card,US,EUR
PM_000376,4,0,0,0,0,408.79,102.1975,98.765,0.008739076482597426,0.0189460955091271,0,0,0,0,0.0,0.0,0.0,0.0,0.0,0.0,0.0,wallet,FR,EUR
PM_002688,10,0,0,0,0,2168.65,216.865,116.08,0.00873537473111963,0.0658932657683852,8,10,1,3,0.0,0.0,0.0,0.8,1.0,0.1,0.3,wallet,ES,EUR
PM_001723,7,0,0,0,0,455.71,65.10142857142857,32.16,0.008732112201022013,0.0304274022569987,2,7,0,3,0.0,0.0,0.0,0.2857142857142857,1.0,0.0,0.42857142857142855,credit_card,US,EUR
PM_010828,4,0,0,0,0,308.90999999999997,77.22749999999999,59.665,0.008728044465691412,0.0190132070076381,0,4,0,0,0.0,0.0,0.0,0.0,1.0,0.0,0.0,credit_card,PT,EUR
PM_005805,4,0,0,0,0,483.89000000000004,120.97250000000001,102.28,0.00871351465769805,0.0248919117398336,0,4,0,0,0.0,0.0,0.0,0.0,1.0,0.0,0.0,debit_card,FR,EUR
PM_010892,9,0,0,0,0,1221.39,135.71,118.89,0.008691627621946767,0.027150986779557,5,8,2,1,0.0,0.0,0.0,0.5555555555555556,0.8888888888888888,0.2222222222222222,0.1111111111111111,bank_transfer,ES,EUR
PM_007231,4,0,0,0,0,370.87,92.7175,72.11,0.0086857520430836,0.0174898689321548,2,4,0,0,0.0,0.0,0.0,0.5,1.0,0.0,0.0,debit_card,FR,EUR
PM_005408,16,0,0,0,0,1279.58,79.97375,53.915000000000006,0.008685020584825974,0.0865218847323379,14,16,1,6,0.0,0.0,0.0,0.875,1.0,0.0625,0.375,debit_card,ES,EUR
PM_006609,20,0,0,0,0,1466.96,73.348,47.48,0.008674823408059645,0.0790598279391473,8,20,4,0,0.0,0.0,0.0,0.4,1.0,0.2,0.0,credit_card,US,EUR
PM_004991,3,0,0,0,0,119.38,39.79333333333333,27.96,0.008662282208857466,0.0255357898498518,2,2,0,1,0.0,0.0,0.0,0.6666666666666666,0.6666666666666666,0.0,0.3333333333333333,debit_card,ES,EUR
PM_005212,3,0,0,0,0,302.40999999999997,100.80333333333333,99.47,0.0086352342744917,0.016201723853819,2,3,1,0,0.0,0.0,0.0,0.6666666666666666,1.0,0.3333333333333333,0.0,credit_card,US,EUR
PM_008396,5,0,0,0,0,242.24,48.448,22.91,0.008634652149711802,0.0404101765433862,2,3,1,0,0.0,0.0,0.0,0.4,0.6,0.2,0.0,credit_card,ES,EUR
PM_011782,12,0,0,0,0,954.5699999999999,79.5475,34.16,0.008620553082175629,0.0421031922866674,6,12,0,0,0.0,0.0,0.0,0.5,1.0,0.0,0.0,debit_card,ES,EUR
PM_004118,11,0,0,0,0,1962.3,178.39090909090908,66.88,0.008611239169678882,0.0806322511261778,3,7,5,10,0.0,0.0,0.0,0.2727272727272727,0.6363636363636364,0.45454545454545453,0.9090909090909091,credit_card,ES,EUR
PM_010871,6,0,0,0,0,194.63,32.43833333333333,32.894999999999996,0.008598869981406751,0.0438786711562324,3,6,0,0,0.0,0.0,0.0,0.5,1.0,0.0,0.0,debit_card,GB,EUR
PM_004772,6,0,0,0,0,333.3,55.550000000000004,52.635,0.008590098861877617,0.0217463521150678,5,6,1,0,0.0,0.0,0.0,0.8333333333333334,1.0,0.16666666666666666,0.0,credit_card,GB,EUR
PM_003769,4,0,0,0,0,142.42,35.605,12.04,0.008582082588562343,0.0340455391075354,0,4,1,0,0.0,0.0,0.0,0.0,1.0,0.25,0.0,credit_card,IT,EUR
PM_004835,8,0,0,0,0,163.15,20.39375,13.85,0.008579788371312437,0.0344680500699904,3,7,0,5,0.0,0.0,0.0,0.375,0.875,0.0,0.625,wallet,ES,EUR
PM_011709,3,0,0,0,0,392.91,130.97,167.99,0.008575545774492434,0.0245429759658045,1,3,1,0,0.0,0.0,0.0,0.3333333333333333,1.0,0.3333333333333333,0.0,wallet,IT,EUR
PM_000439,3,0,0,0,0,263.52,87.83999999999999,72.69,0.0085679017268531,0.0231458989246055,0,0,0,0,0.0,0.0,0.0,0.0,0.0,0.0,0.0,debit_card,ES,EUR
PM_008622,18,0,0,0,0,1988.03,110.44611111111111,70.88499999999999,0.008566515208832299,0.0707501303627989,6,17,2,2,0.0,0.0,0.0,0.3333333333333333,0.9444444444444444,0.1111111111111111,0.1111111111111111,credit_card,ES,EUR
PM_002833,4,0,0,0,0,265.86,66.465,67.36500000000001,0.008560889966011525,0.0179263450269262,2,4,1,0,0.0,0.0,0.0,0.5,1.0,0.25,0.0,wallet,DE,EUR
PM_010811,3,0,0,0,0,226.22,75.40666666666667,52.35,0.008555826401205667,0.0205774063263548,1,3,0,0,0.0,0.0,0.0,0.3333333333333333,1.0,0.0,0.0,credit_card,ES,EUR
PM_000411,3,0,0,0,0,346.27000000000004,115.42333333333335,27.91,0.008547639032584533,0.0179435674522113,2,3,0,0,0.0,0.0,0.0,0.6666666666666666,1.0,0.0,0.0,credit_card,IT,EUR
PM_006195,5,0,0,0,0,386.13,77.226,62.4,0.00854607415537468,0.0168213545721557,2,3,0,0,0.0,0.0,0.0,0.4,0.6,0.0,0.0,wallet,DE,EUR
PM_002269,4,0,0,0,0,251.08,62.77,70.13,0.008542245388866025,0.0216221973881292,2,4,0,0,0.0,0.0,0.0,0.5,1.0,0.0,0.0,wallet,DE,EUR
PM_007634,11,0,0,0,0,1623.69,147.60818181818183,95.57,0.0085251874880826,0.0813161686554114,5,11,1,1,0.0,0.0,0.0,0.45454545454545453,1.0,0.09090909090909091,0.09090909090909091,credit_card,FR,EUR
PM_004762,12,0,0,0,0,1640.63,136.71916666666667,118.46000000000001,0.008510886290097925,0.0373244592145331,7,11,2,1,0.0,0.0,0.0,0.5833333333333334,0.9166666666666666,0.16666666666666666,0.08333333333333333,bank_transfer,ES,EUR
PM_011646,9,0,0,0,0,346.69,38.52111111111111,25.56,0.008473731581805522,0.0460404159364061,3,7,0,0,0.0,0.0,0.0,0.3333333333333333,0.7777777777777778,0.0,0.0,debit_card,ES,EUR
PM_001267,5,0,0,0,0,345.9,69.17999999999999,50.47,0.008448214745321172,0.0207744280386484,1,4,1,0,0.0,0.0,0.0,0.2,0.8,0.2,0.0,debit_card,ES,EUR
PM_008228,6,0,0,0,0,185.88,30.98,24.1,0.008437747977748501,0.0328621925712916,1,6,0,0,0.0,0.0,0.0,0.16666666666666666,1.0,0.0,0.0,debit_card,FR,EUR
PM_006737,3,0,0,0,0,117.17,39.056666666666665,34.61,0.008431118505202033,0.0226702566389936,2,3,1,1,0.0,0.0,0.0,0.6666666666666666,1.0,0.3333333333333333,0.3333333333333333,wallet,FR,EUR
PM_003296,7,0,0,0,0,951.14,135.87714285714284,128.03,0.008427503022946658,0.0168839507683723,1,7,0,0,0.0,0.0,0.0,0.14285714285714285,1.0,0.0,0.0,bank_transfer,US,EUR
PM_000019,7,0,0,0,0,627.71,89.67285714285715,90.6,0.0084254154457871,0.0262717743739587,1,7,1,0,0.0,0.0,0.0,0.14285714285714285,1.0,0.14285714285714285,0.0,debit_card,DE,EUR
PM_007988,10,0,0,0,0,1292.97,129.297,46.5,0.00839546213201095,0.0415705167163214,2,10,0,0,0.0,0.0,0.0,0.2,1.0,0.0,0.0,credit_card,GB,EUR
PM_004634,3,0,0,0,0,106.19,35.39666666666667,16.08,0.008387238464382234,0.023537989343093,0,3,1,3,0.0,0.0,0.0,0.0,1.0,0.3333333333333333,1.0,wallet,DE,EUR
PM_011595,20,0,0,0,0,2601.17,130.0585,77.78,0.00838037806307232,0.0364420212652624,11,17,4,0,0.0,0.0,0.0,0.55,0.85,0.2,0.0,wallet,ES,EUR
PM_008957,5,0,0,0,0,510.08000000000004,102.016,12.47,0.00836971388992656,0.0390713698365276,2,3,1,1,0.0,0.0,0.0,0.4,0.6,0.2,0.2,wallet,ES,EUR
PM_006873,8,0,0,0,0,819.65,102.45625,79.13,0.008367324332260137,0.0445882556230199,3,8,0,2,0.0,0.0,0.0,0.375,1.0,0.0,0.25,credit_card,US,EUR
PM_003312,4,0,0,0,0,468.69,117.1725,71.67,0.0083331328587992,0.0196903198522273,1,1,1,0,0.0,0.0,0.0,0.25,0.25,0.25,0.0,credit_card,DE,EUR
PM_007069,4,0,0,0,0,1732.1,433.025,407.28000000000003,0.008311705175295,0.0250194292198704,1,4,1,0,0.0,0.0,0.0,0.25,1.0,0.25,0.0,debit_card,IT,EUR
PM_007157,9,0,0,0,0,1594.27,177.14111111111112,91.29,0.008277246310806433,0.0288365378745973,5,6,1,0,0.0,0.0,0.0,0.5555555555555556,0.6666666666666666,0.1111111111111111,0.0,bank_transfer,FR,EUR
PM_007823,5,0,0,0,0,500.72,100.144,92.13,0.00826544780084248,0.0382771809337535,2,4,1,1,0.0,0.0,0.0,0.4,0.8,0.2,0.2,debit_card,IT,EUR
PM_001236,11,0,0,0,0,1488.98,135.3618181818182,107.16,0.008263676309682109,0.0294934077025809,5,11,3,0,0.0,0.0,0.0,0.45454545454545453,1.0,0.2727272727272727,0.0,wallet,IT,EUR
PM_010885,10,0,0,0,0,1989.07,198.90699999999998,216.76,0.00826289583234882,0.0593656637712673,8,10,0,1,0.0,0.0,0.0,0.8,1.0,0.0,0.1,credit_card,FR,EUR
PM_000510,11,0,0,0,0,567.4,51.58181818181818,45.47,0.008257004907895155,0.0230354775719485,5,9,0,0,0.0,0.0,0.0,0.45454545454545453,0.8181818181818182,0.0,0.0,credit_card,ES,EUR
PM_006895,10,0,0,0,0,1684.51,168.451,123.9,0.00823607414944228,0.0566113600955238,5,10,2,1,0.0,0.0,0.0,0.5,1.0,0.2,0.1,bank_transfer,FR,EUR
PM_000131,4,0,0,0,0,147.07999999999998,36.769999999999996,33.0,0.0082273706068712,0.0322184745251363,0,4,0,0,0.0,0.0,0.0,0.0,1.0,0.0,0.0,credit_card,FR,EUR
PM_009641,4,0,0,0,0,245.8,61.45,58.43000000000001,0.00822189082155245,0.0150262628054824,4,4,1,4,0.0,0.0,0.0,1.0,1.0,0.25,1.0,wallet,US,EUR
PM_010146,5,0,0,0,0,1013.3600000000001,202.67200000000003,195.8,0.00821497217855596,0.0199338058326527,4,5,2,0,0.0,0.0,0.0,0.8,1.0,0.4,0.0,credit_card,US,EUR
PM_001893,8,0,0,0,0,682.3,85.2875,65.245,0.0082082324562891,0.0402438201415325,2,8,1,0,0.0,0.0,0.0,0.25,1.0,0.125,0.0,debit_card,PT,EUR
PM_000980,9,0,0,0,0,829.92,92.21333333333332,38.82,0.008194783113309123,0.0254918316488526,5,9,2,0,0.0,0.0,0.0,0.5555555555555556,1.0,0.2222222222222222,0.0,debit_card,IT,EUR
PM_009507,11,1,0,0,0,374.87,34.07909090909091,17.53,0.008190291775318664,0.0265534832679596,3,4,2,0,0.09090909090909091,0.0,0.0,0.2727272727272727,0.36363636363636365,0.18181818181818182,0.0,debit_card,ES,EUR
PM_001603,8,0,0,0,0,1070.29,133.78625,97.15,0.008185100340996537,0.0190401508548485,5,8,0,4,0.0,0.0,0.0,0.625,1.0,0.0,0.5,wallet,ES,EUR
PM_010556,6,0,0,0,0,889.37,148.22833333333332,85.115,0.008180217338494401,0.0237262094915979,1,6,0,0,0.0,0.0,0.0,0.16666666666666666,1.0,0.0,0.0,credit_card,GB,EUR
PM_001359,8,0,0,0,0,691.29,86.41125,27.265,0.008168563185738336,0.0514749105974315,1,8,1,1,0.0,0.0,0.0,0.125,1.0,0.125,0.125,credit_card,DE,EUR
PM_002742,6,0,0,0,0,518.43,86.40499999999999,92.095,0.00816206589835677,0.0339272504238166,1,6,0,1,0.0,0.0,0.0,0.16666666666666666,1.0,0.0,0.16666666666666666,debit_card,IT,EUR
PM_011391,6,0,0,0,0,265.21999999999997,44.203333333333326,25.345,0.008161271730857733,0.04476151448385,5,6,0,0,0.0,0.0,0.0,0.8333333333333334,1.0,0.0,0.0,credit_card,ES,EUR
PM_009562,3,0,0,0,0,132.12,44.04,54.81,0.008158751661249233,0.0201678782816258,0,3,0,0,0.0,0.0,0.0,0.0,1.0,0.0,0.0,debit_card,DE,EUR
PM_001817,4,0,0,0,0,407.99,101.9975,79.705,0.008150724571755375,0.017810442221078,0,4,0,0,0.0,0.0,0.0,0.0,1.0,0.0,0.0,credit_card,FR,EUR
PM_001266,8,0,0,0,0,634.55,79.31875,85.6,0.008145723792971099,0.0190194556756082,4,8,1,0,0.0,0.0,0.0,0.5,1.0,0.125,0.0,credit_card,US,EUR
PM_004319,4,0,0,0,0,753.9399999999999,188.48499999999999,69.375,0.0081441663182172,0.0246047486123306,3,4,0,2,0.0,0.0,0.0,0.75,1.0,0.0,0.5,credit_card,PT,EUR
PM_006270,12,0,0,0,0,2382.56,198.54666666666665,89.285,0.008139865410485985,0.0528964127116336,3,12,0,0,0.0,0.0,0.0,0.25,1.0,0.0,0.0,credit_card,US,EUR
PM_004080,6,0,0,0,0,388.49,64.74833333333333,46.565,0.008123752085565034,0.0428699948767755,2,4,1,4,0.0,0.0,0.0,0.3333333333333333,0.6666666666666666,0.16666666666666666,0.6666666666666666,credit_card,PT,EUR
PM_005759,5,0,0,0,0,159.3,31.860000000000003,17.53,0.00812011530168286,0.0399891602816529,1,5,0,0,0.0,0.0,0.0,0.2,1.0,0.0,0.0,debit_card,DE,EUR
PM_010302,11,0,0,0,0,2336.1800000000003,212.38000000000002,141.78,0.00811163359233981,0.0378956579820127,5,11,0,1,0.0,0.0,0.0,0.45454545454545453,1.0,0.0,0.09090909090909091,debit_card,GB,EUR
PM_001661,8,0,0,0,0,664.73,83.09125,59.45,0.0081043013198116,0.0357024134806395,3,8,1,6,0.0,0.0,0.0,0.375,1.0,0.125,0.75,bank_transfer,FR,EUR
PM_010896,13,0,0,0,0,1703.24,131.01846153846154,82.72,0.008097987159310352,0.051261900492911,4,7,1,5,0.0,0.0,0.0,0.3076923076923077,0.5384615384615384,0.07692307692307693,0.38461538461538464,debit_card,ES,EUR
PM_008525,9,0,0,0,0,665.11,73.9011111111111,27.63,0.008097444821927867,0.0438982870432454,2,9,0,3,0.0,0.0,0.0,0.2222222222222222,1.0,0.0,0.3333333333333333,wallet,GB,EUR
PM_000603,6,0,0,0,0,258.0,43.0,36.625,0.008086406655736626,0.0401584609805737,3,6,1,0,0.0,0.0,0.0,0.5,1.0,0.16666666666666666,0.0,credit_card,US,EUR
PM_010157,7,0,0,0,0,534.9300000000001,76.41857142857144,72.5,0.008070171674688386,0.0243745907193696,1,7,2,1,0.0,0.0,0.0,0.14285714285714285,1.0,0.2857142857142857,0.14285714285714285,debit_card,DE,EUR
PM_009212,8,0,0,0,0,544.06,68.0075,43.94,0.008040417905580853,0.0363390922991991,3,8,2,1,0.0,0.0,0.0,0.375,1.0,0.25,0.125,credit_card,PT,EUR
PM_010002,6,0,0,0,0,754.3199999999999,125.71999999999998,103.71000000000001,0.0080113385611486,0.0263914383877924,4,6,1,2,0.0,0.0,0.0,0.6666666666666666,1.0,0.16666666666666666,0.3333333333333333,bank_transfer,GB,EUR
PM_000460,6,0,0,0,0,352.79,58.79833333333334,53.34,0.00801132207451305,0.0218592206722543,5,5,0,0,0.0,0.0,0.0,0.8333333333333334,0.8333333333333334,0.0,0.0,debit_card,DE,EUR
PM_005341,4,0,0,0,0,227.49,56.8725,53.864999999999995,0.008004277234233375,0.0242730723041649,1,1,0,3,0.0,0.0,0.0,0.25,0.25,0.0,0.75,credit_card,ES,EUR
PM_011587,5,0,0,0,0,249.0,49.8,38.41,0.007998400752228435,0.0208541086621613,2,4,1,0,0.0,0.0,0.0,0.4,0.8,0.2,0.0,debit_card,PT,EUR
PM_007186,4,0,0,0,0,258.03000000000003,64.50750000000001,63.35,0.0079955972687687,0.0174714515021886,1,4,0,0,0.0,0.0,0.0,0.25,1.0,0.0,0.0,credit_card,PT,EUR
PM_008061,4,0,0,0,0,233.37,58.3425,52.209999999999994,0.00799515989899075,0.0154390694267192,2,4,0,0,0.0,0.0,0.0,0.5,1.0,0.0,0.0,debit_card,US,EUR
PM_011396,3,0,0,0,0,160.75,53.583333333333336,59.33,0.007989924994750533,0.013507212640942,0,0,0,0,0.0,0.0,0.0,0.0,0.0,0.0,0.0,credit_card,IT,EUR
PM_010127,3,0,0,0,0,210.23000000000002,70.07666666666667,45.65,0.007973740767993667,0.0165887936600564,2,3,0,1,0.0,0.0,0.0,0.6666666666666666,1.0,0.0,0.3333333333333333,credit_card,GB,EUR
PM_003978,5,0,0,0,0,511.53,102.306,42.32,0.007961902084266784,0.018401402583044,3,5,0,1,0.0,0.0,0.0,0.6,1.0,0.0,0.2,credit_card,IT,EUR
PM_006343,7,0,0,0,0,692.22,98.88857142857144,47.74,0.007959804719127928,0.042684465235167,2,7,1,0,0.0,0.0,0.0,0.2857142857142857,1.0,0.14285714285714285,0.0,credit_card,GB,EUR
PM_005349,3,0,0,0,0,47.93,15.976666666666667,16.06,0.0079539333393897,0.0232987555408283,0,3,0,1,0.0,0.0,0.0,0.0,1.0,0.0,0.3333333333333333,credit_card,FR,EUR
PM_009054,6,0,0,0,0,516.2,86.03333333333335,73.455,0.007946827088687358,0.0375280902257132,3,5,1,4,0.0,0.0,0.0,0.5,0.8333333333333334,0.16666666666666666,0.6666666666666666,credit_card,ES,EUR
PM_008111,3,0,0,0,0,322.56,107.52,107.17,0.007946326507985567,0.0227426949583367,1,3,0,1,0.0,0.0,0.0,0.3333333333333333,1.0,0.0,0.3333333333333333,credit_card,GB,EUR
PM_008664,4,0,0,0,0,147.33,36.8325,39.275000000000006,0.007935557473199325,0.0157642979688788,3,4,1,0,0.0,0.0,0.0,0.75,1.0,0.25,0.0,bank_transfer,ES,EUR
PM_008117,4,0,0,0,0,210.32,52.58,53.96,0.00792903300943735,0.0305862904525162,3,4,0,0,0.0,0.0,0.0,0.75,1.0,0.0,0.0,credit_card,ES,EUR
PM_001325,3,0,0,0,0,966.75,322.25,61.39,0.007927765499311033,0.0209307779321242,2,3,1,1,0.0,0.0,0.0,0.6666666666666666,1.0,0.3333333333333333,0.3333333333333333,wallet,PT,EUR
PM_006070,4,0,0,0,0,235.84,58.96,57.555,0.0079124214064339,0.017349473578849,0,4,1,0,0.0,0.0,0.0,0.0,1.0,0.25,0.0,credit_card,IT,EUR
PM_010421,4,0,0,0,0,431.08,107.77,55.83,0.007884745985268525,0.0311080395819197,0,4,0,0,0.0,0.0,0.0,0.0,1.0,0.0,0.0,credit_card,US,EUR
PM_009435,4,0,0,0,0,459.99,114.9975,80.02000000000001,0.00785327517619885,0.0146087959860507,2,2,0,0,0.0,0.0,0.0,0.5,0.5,0.0,0.0,credit_card,DE,EUR
PM_006136,7,0,0,0,0,290.41,41.487142857142864,42.7,0.00784064533820967,0.049110610798358,5,6,1,0,0.0,0.0,0.0,0.7142857142857143,0.8571428571428571,0.14285714285714285,0.0,debit_card,DE,EUR
PM_000141,3,0,0,0,0,226.56,75.52,52.46,0.007834389965706033,0.0191463308308417,2,3,0,0,0.0,0.0,0.0,0.6666666666666666,1.0,0.0,0.0,credit_card,GB,EUR
PM_002728,7,0,0,0,0,629.66,89.95142857142856,60.78,0.007832578146061843,0.0498399243778184,6,7,2,0,0.0,0.0,0.0,0.8571428571428571,1.0,0.2857142857142857,0.0,credit_card,ES,EUR
PM_010344,9,0,0,0,0,498.17,55.352222222222224,46.36,0.007830104613213401,0.0599741496971881,4,4,0,0,0.0,0.0,0.0,0.4444444444444444,0.4444444444444444,0.0,0.0,debit_card,PT,EUR
PM_000261,3,0,0,0,0,238.97,79.65666666666667,71.45,0.007827909799076846,0.0231012050968631,1,3,0,0,0.0,0.0,0.0,0.3333333333333333,1.0,0.0,0.0,credit_card,DE,EUR
PM_002443,3,0,0,0,0,269.37,89.79,45.13,0.007806169557135766,0.0121094279512509,0,3,1,0,0.0,0.0,0.0,0.0,1.0,0.3333333333333333,0.0,debit_card,US,EUR
PM_008334,9,0,0,0,0,727.14,80.79333333333334,69.06,0.007777816102933656,0.0228098442006279,2,9,0,4,0.0,0.0,0.0,0.2222222222222222,1.0,0.0,0.4444444444444444,debit_card,US,EUR
PM_003435,3,0,0,0,0,148.99,49.663333333333334,17.32,0.007775507715523534,0.0227393769054488,0,0,0,1,0.0,0.0,0.0,0.0,0.0,0.0,0.3333333333333333,credit_card,ES,EUR
PM_005574,4,0,0,0,0,417.15999999999997,104.28999999999999,95.595,0.007775063091796675,0.0296092973509691,0,4,1,4,0.0,0.0,0.0,0.0,1.0,0.25,1.0,debit_card,FR,EUR
PM_006585,7,0,0,0,0,1113.9,159.12857142857143,186.88,0.007768785588846793,0.0313907954333098,3,4,1,0,0.0,0.0,0.0,0.42857142857142855,0.5714285714285714,0.14285714285714285,0.0,wallet,ES,EUR
PM_006879,12,0,0,0,0,723.65,60.30416666666667,41.86,0.007767511215096775,0.0740837035054284,3,5,2,1,0.0,0.0,0.0,0.25,0.4166666666666667,0.16666666666666666,0.08333333333333333,credit_card,ES,EUR
PM_011997,5,0,0,0,0,1243.51,248.702,221.43,0.0077464630416304485,0.0321048899258107,1,5,1,4,0.0,0.0,0.0,0.2,1.0,0.2,0.8,bank_transfer,FR,EUR
PM_009518,5,0,0,0,0,570.01,114.002,74.87,0.007745935200173219,0.0298686620098792,2,5,0,3,0.0,0.0,0.0,0.4,1.0,0.0,0.6,credit_card,DE,EUR
PM_007140,4,0,0,0,0,275.18,68.795,38.845,0.007744880634841925,0.0215497153028467,3,4,0,0,0.0,0.0,0.0,0.75,1.0,0.0,0.0,debit_card,US,EUR
PM_003644,4,0,0,0,0,435.96999999999997,108.99249999999999,71.84,0.0077426142455519495,0.028227331166148,3,3,0,0,0.0,0.0,0.0,0.75,0.75,0.0,0.0,bank_transfer,ES,EUR
PM_005228,11,0,0,0,0,2240.18,203.65272727272725,98.94,0.007737544484163052,0.0398223394443481,5,6,1,4,0.0,0.0,0.0,0.45454545454545453,0.5454545454545454,0.09090909090909091,0.36363636363636365,credit_card,ES,EUR
PM_010684,8,0,0,0,0,422.0,52.75,48.085,0.0077212046773269495,0.0352808603355487,4,8,1,2,0.0,0.0,0.0,0.5,1.0,0.125,0.25,debit_card,GB,EUR
PM_010460,3,0,0,0,0,268.35,89.45,84.3,0.0077173706920422545,0.0229509584471254,1,3,1,0,0.0,0.0,0.0,0.3333333333333333,1.0,0.3333333333333333,0.0,bank_transfer,IT,EUR
PM_009233,3,0,0,0,0,363.02,121.00666666666666,89.6,0.007708020933176234,0.0116537809218362,2,3,0,0,0.0,0.0,0.0,0.6666666666666666,1.0,0.0,0.0,wallet,FR,EUR
PM_008557,5,0,0,0,0,395.82,79.164,58.8,0.007700179255490204,0.0369289796695868,1,5,2,0,0.0,0.0,0.0,0.2,1.0,0.4,0.0,debit_card,GB,EUR
PM_010495,5,0,0,0,0,692.49,138.498,97.88,0.00769655156271874,0.0362869789777732,1,5,3,1,0.0,0.0,0.0,0.2,1.0,0.6,0.2,credit_card,US,EUR
PM_007599,5,0,0,0,0,333.33,66.666,64.38,0.0076834536012625,0.0308450650225383,1,5,0,1,0.0,0.0,0.0,0.2,1.0,0.0,0.2,debit_card,US,EUR
PM_003410,10,0,0,0,0,432.35,43.235,34.09,0.007680104198300559,0.0490401714805229,2,5,3,0,0.0,0.0,0.0,0.2,0.5,0.3,0.0,debit_card,ES,EUR
PM_011773,4,0,0,0,0,489.29,122.3225,48.16,0.007673260591511714,0.028294193127898,1,4,0,0,0.0,0.0,0.0,0.25,1.0,0.0,0.0,credit_card,US,EUR
PM_011326,12,0,0,0,0,1792.87,149.40583333333333,44.805,0.007656807315725842,0.0513474803180298,9,11,0,0,0.0,0.0,0.0,0.75,0.9166666666666666,0.0,0.0,debit_card,ES,EUR
PM_006730,5,0,0,0,0,1437.05,287.40999999999997,199.86,0.0076563810504968995,0.017975280661332,4,4,1,5,0.0,0.0,0.0,0.8,0.8,0.2,1.0,bank_transfer,ES,EUR
PM_003107,6,0,0,0,0,1610.98,268.49666666666667,307.65,0.007655281761024001,0.0366572485287822,5,6,2,0,0.0,0.0,0.0,0.8333333333333334,1.0,0.3333333333333333,0.0,credit_card,US,EUR
PM_005919,6,0,0,0,0,254.58,42.43,36.85,0.00765225907643785,0.0439143376722738,0,6,0,6,0.0,0.0,0.0,0.0,1.0,0.0,1.0,wallet,FR,EUR
PM_007183,13,0,0,0,0,1740.22,133.86307692307693,95.71,0.00764733782879467,0.0318822969252573,5,13,1,0,0.0,0.0,0.0,0.38461538461538464,1.0,0.07692307692307693,0.0,bank_transfer,PT,EUR
PM_008308,6,0,0,0,0,545.36,90.89333333333333,41.465,0.00763399837802015,0.028871459229779,3,6,2,0,0.0,0.0,0.0,0.5,1.0,0.3333333333333333,0.0,wallet,ES,EUR
PM_001389,7,0,0,0,0,1297.09,185.29857142857142,185.04,0.007623407786528514,0.046653379747243,4,7,0,0,0.0,0.0,0.0,0.5714285714285714,1.0,0.0,0.0,bank_transfer,DE,EUR
PM_001569,11,0,0,0,0,926.81,84.25545454545454,51.75,0.007614338746780746,0.0692654170792712,3,3,0,2,0.0,0.0,0.0,0.2727272727272727,0.2727272727272727,0.0,0.18181818181818182,credit_card,ES,EUR
PM_002643,5,0,0,0,0,306.33,61.266,78.29,0.0076107946641211805,0.0359370413803877,4,5,0,0,0.0,0.0,0.0,0.8,1.0,0.0,0.0,credit_card,GB,EUR
PM_006868,4,0,0,0,0,237.96,59.49,45.375,0.007601777734963225,0.0156263717943733,0,4,1,0,0.0,0.0,0.0,0.0,1.0,0.25,0.0,credit_card,FR,EUR
PM_001926,6,0,0,0,0,1479.4699999999998,246.5783333333333,169.52499999999998,0.0075981281993353,0.0210787952807143,2,3,3,5,0.0,0.0,0.0,0.3333333333333333,0.5,0.5,0.8333333333333334,wallet,ES,EUR
PM_009650,5,0,0,0,0,218.57,43.714,35.32,0.007591710303235255,0.0265198289760068,1,5,0,0,0.0,0.0,0.0,0.2,1.0,0.0,0.0,wallet,GB,EUR
PM_005328,5,0,0,0,0,176.52,35.304,17.96,0.0075809391590352495,0.0347725407293714,2,5,2,0,0.0,0.0,0.0,0.4,1.0,0.4,0.0,credit_card,GB,EUR
PM_005280,11,0,0,0,0,502.53999999999996,45.68545454545454,36.29,0.007562473450648737,0.0519999274915416,2,11,3,4,0.0,0.0,0.0,0.18181818181818182,1.0,0.2727272727272727,0.36363636363636365,credit_card,GB,EUR
PM_000179,4,0,0,0,0,224.32,56.08,31.380000000000003,0.007544677129780276,0.0202480838389774,3,4,1,1,0.0,0.0,0.0,0.75,1.0,0.25,0.25,credit_card,ES,EUR
PM_002017,4,0,0,0,0,311.41,77.8525,47.504999999999995,0.007543281301662725,0.0242294513159995,1,3,0,1,0.0,0.0,0.0,0.25,0.75,0.0,0.25,credit_card,FR,EUR
PM_003871,3,0,0,0,0,153.39,51.129999999999995,46.58,0.007535724477888234,0.0219802527687452,2,2,0,0,0.0,0.0,0.0,0.6666666666666666,0.6666666666666666,0.0,0.0,credit_card,ES,EUR
PM_003927,3,0,0,0,0,174.01999999999998,58.00666666666666,27.03,0.007522602560305129,0.0221389785654223,2,3,0,1,0.0,0.0,0.0,0.6666666666666666,1.0,0.0,0.3333333333333333,credit_card,US,EUR
PM_006268,22,0,0,0,0,2475.31,112.51409090909091,79.05000000000001,0.00751087361554579,0.0826380958103568,14,19,2,5,0.0,0.0,0.0,0.6363636363636364,0.8636363636363636,0.09090909090909091,0.22727272727272727,debit_card,ES,EUR
PM_011894,11,0,0,0,0,1016.86,92.44181818181818,64.79,0.007507254034911272,0.0638247624992447,6,11,0,7,0.0,0.0,0.0,0.5454545454545454,1.0,0.0,0.6363636363636364,credit_card,PT,EUR
PM_008842,6,0,0,0,0,704.75,117.45833333333333,143.215,0.0074989793526935265,0.039073734286501,4,5,1,2,0.0,0.0,0.0,0.6666666666666666,0.8333333333333334,0.16666666666666666,0.3333333333333333,credit_card,ES,EUR
PM_010865,5,0,0,0,0,276.95,55.39,37.61,0.00749055065376906,0.0344206755317052,2,3,1,0,0.0,0.0,0.0,0.4,0.6,0.2,0.0,credit_card,ES,EUR
PM_004092,11,0,0,0,0,1088.8799999999999,98.9890909090909,78.85,0.007475333768607518,0.0359399244587369,4,7,0,0,0.0,0.0,0.0,0.36363636363636365,0.6363636363636364,0.0,0.0,debit_card,ES,EUR
PM_004505,4,0,0,0,0,589.8,147.45,148.7,0.007464318668379525,0.0169993464545964,1,1,0,0,0.0,0.0,0.0,0.25,0.25,0.0,0.0,credit_card,ES,EUR
PM_005808,6,0,0,0,0,339.36,56.56,25.965,0.007456924492979334,0.0429665608762992,4,6,1,3,0.0,0.0,0.0,0.6666666666666666,1.0,0.16666666666666666,0.5,debit_card,US,EUR
PM_002899,3,0,0,0,0,274.18,91.39333333333333,98.7,0.007456464860243233,0.022023215052553,0,0,0,0,0.0,0.0,0.0,0.0,0.0,0.0,0.0,credit_card,ES,EUR
PM_010232,8,0,0,0,0,1138.28,142.285,126.815,0.007428280541971793,0.0221056821139717,3,8,0,0,0.0,0.0,0.0,0.375,1.0,0.0,0.0,credit_card,GB,EUR
PM_000265,8,0,0,0,0,653.49,81.68625,73.22999999999999,0.007421705142152014,0.0467772227846641,4,8,1,2,0.0,0.0,0.0,0.5,1.0,0.125,0.25,credit_card,FR,EUR
PM_011045,4,0,0,0,0,617.9,154.475,166.39499999999998,0.0074196246771726,0.0249042779966482,1,4,0,0,0.0,0.0,0.0,0.25,1.0,0.0,0.0,debit_card,US,EUR
PM_008934,3,0,0,0,0,144.17,48.056666666666665,27.13,0.0074195750859058,0.0163992560227773,1,2,1,0,0.0,0.0,0.0,0.3333333333333333,0.6666666666666666,0.3333333333333333,0.0,debit_card,ES,EUR
PM_005924,5,0,0,0,0,184.75,36.95,35.89,0.007411675353595661,0.0333807558806909,1,5,0,0,0.0,0.0,0.0,0.2,1.0,0.0,0.0,debit_card,US,EUR
PM_011800,3,0,0,0,0,94.94,31.646666666666665,30.34,0.007402509575139,0.0203132248706892,2,3,2,1,0.0,0.0,0.0,0.6666666666666666,1.0,0.6666666666666666,0.3333333333333333,credit_card,US,EUR
PM_005829,3,0,0,0,0,630.14,210.04666666666665,120.53,0.007399696566269701,0.0184550536629966,3,3,0,1,0.0,0.0,0.0,1.0,1.0,0.0,0.3333333333333333,bank_transfer,US,EUR
PM_003594,9,0,0,0,0,1970.12,218.9022222222222,152.13,0.0073868093739121055,0.0367664103459091,3,8,2,0,0.0,0.0,0.0,0.3333333333333333,0.8888888888888888,0.2222222222222222,0.0,credit_card,ES,EUR
PM_000684,6,0,0,0,0,273.8,45.63333333333333,27.975,0.00736660111045655,0.033876541021015,2,6,1,1,0.0,0.0,0.0,0.3333333333333333,1.0,0.16666666666666666,0.16666666666666666,debit_card,DE,EUR
PM_010464,11,0,0,0,0,1007.48,91.58909090909091,35.91,0.007362033550316291,0.0697716841535121,9,11,2,6,0.0,0.0,0.0,0.8181818181818182,1.0,0.18181818181818182,0.5454545454545454,credit_card,ES,EUR
PM_007020,5,0,0,0,0,779.27,155.85399999999998,149.21,0.00735707744911932,0.0179140606129911,3,5,0,0,0.0,0.0,0.0,0.6,1.0,0.0,0.0,credit_card,DE,EUR
PM_000397,3,0,0,0,0,549.08,183.02666666666667,123.62,0.007353420759133668,0.0167703623102519,0,3,1,0,0.0,0.0,0.0,0.0,1.0,0.3333333333333333,0.0,credit_card,DE,EUR
PM_011892,11,0,0,0,0,2627.14,238.83090909090907,155.32,0.007346290429447891,0.059377093253458,7,11,3,3,0.0,0.0,0.0,0.6363636363636364,1.0,0.2727272727272727,0.2727272727272727,credit_card,FR,EUR
PM_003789,3,0,0,0,0,190.63000000000002,63.543333333333344,60.49,0.0073409538846276,0.0214815463207602,2,2,1,0,0.0,0.0,0.0,0.6666666666666666,0.6666666666666666,0.3333333333333333,0.0,credit_card,IT,EUR
PM_008371,5,0,0,0,0,210.70000000000002,42.14,41.56,0.00733415480608206,0.0342772124150287,4,4,2,1,0.0,0.0,0.0,0.8,0.8,0.4,0.2,wallet,DE,EUR
PM_004040,10,0,0,0,0,673.99,67.399,48.9,0.007333588690720651,0.0333248156817165,6,10,2,0,0.0,0.0,0.0,0.6,1.0,0.2,0.0,credit_card,GB,EUR
PM_000432,6,0,0,0,0,428.21,71.36833333333333,52.08,0.007333315465939467,0.0425379961455798,3,6,1,0,0.0,0.0,0.0,0.5,1.0,0.16666666666666666,0.0,credit_card,ES,EUR
PM_000269,5,0,0,0,0,216.32999999999998,43.266,28.7,0.0073256879957761395,0.0303194879554736,4,5,1,0,0.0,0.0,0.0,0.8,1.0,0.2,0.0,debit_card,US,EUR
PM_008194,5,0,0,0,0,448.18,89.636,72.82,0.007317554488935859,0.0187597390046425,2,5,0,1,0.0,0.0,0.0,0.4,1.0,0.0,0.2,credit_card,PT,EUR
PM_008120,5,0,0,0,0,425.03,85.006,65.72,0.007313078742724979,0.0315087353649757,4,5,0,1,0.0,0.0,0.0,0.8,1.0,0.0,0.2,credit_card,PT,EUR
PM_001087,6,0,0,0,0,1235.08,205.84666666666666,197.975,0.007306114701814317,0.0137400627217194,6,6,1,0,0.0,0.0,0.0,1.0,1.0,0.16666666666666666,0.0,wallet,ES,EUR
PM_006242,4,0,0,0,0,164.35,41.0875,48.29,0.0072888647330600995,0.0185634592902167,4,4,3,0,0.0,0.0,0.0,1.0,1.0,0.75,0.0,wallet,ES,EUR
PM_011761,4,0,0,0,0,202.89,50.7225,38.45,0.0072721873406625,0.0145979291342885,0,2,0,2,0.0,0.0,0.0,0.0,0.5,0.0,0.5,credit_card,ES,EUR
PM_008917,3,0,0,0,0,551.6800000000001,183.89333333333335,198.44,0.0072410552550850995,0.0106720786355542,2,3,1,0,0.0,0.0,0.0,0.6666666666666666,1.0,0.3333333333333333,0.0,wallet,DE,EUR
PM_005781,5,0,0,0,0,246.98,49.396,31.56,0.00723783951824776,0.0343572694248768,4,4,0,0,0.0,0.0,0.0,0.8,0.8,0.0,0.0,debit_card,ES,EUR
PM_004433,4,0,0,0,0,410.15000000000003,102.53750000000001,41.485,0.007237433025989339,0.0240905717393145,2,4,0,1,0.0,0.0,0.0,0.5,1.0,0.0,0.25,debit_card,FR,EUR
PM_005498,13,0,0,0,0,600.02,46.15538461538461,40.96,0.007236351651357446,0.0317285313105673,8,13,2,0,0.0,0.0,0.0,0.6153846153846154,1.0,0.15384615384615385,0.0,wallet,GB,EUR
PM_009957,5,0,0,0,0,901.78,180.356,132.7,0.007211669418391501,0.014701389670045,1,5,0,0,0.0,0.0,0.0,0.2,1.0,0.0,0.0,debit_card,US,EUR
PM_011822,6,0,0,0,0,261.28,43.54666666666666,54.07,0.0072102291466165334,0.0226171447794883,1,2,0,0,0.0,0.0,0.0,0.16666666666666666,0.3333333333333333,0.0,0.0,wallet,ES,EUR
PM_003058,11,0,0,0,0,578.48,52.58909090909091,33.86,0.0071988879972465095,0.0380824549777766,3,4,1,1,0.0,0.0,0.0,0.2727272727272727,0.36363636363636365,0.09090909090909091,0.09090909090909091,credit_card,ES,EUR
PM_003740,3,0,0,0,0,269.86,89.95333333333333,48.11,0.007195588733174891,0.0213085576543868,0,0,0,3,0.0,0.0,0.0,0.0,0.0,0.0,1.0,credit_card,ES,EUR
PM_003388,3,0,0,0,0,304.34,101.44666666666666,115.32,0.007195561052981099,0.0180596857170593,2,3,2,0,0.0,0.0,0.0,0.6666666666666666,1.0,0.6666666666666666,0.0,credit_card,PT,EUR
PM_000178,14,0,0,0,0,1803.0900000000001,128.79214285714286,37.41,0.007174449769526707,0.0582117450583366,12,14,2,4,0.0,0.0,0.0,0.8571428571428571,1.0,0.14285714285714285,0.2857142857142857,wallet,DE,EUR
PM_009275,4,0,0,0,0,516.8,129.2,130.33,0.00717216070087285,0.0199256727096022,2,4,0,0,0.0,0.0,0.0,0.5,1.0,0.0,0.0,bank_transfer,US,EUR
PM_010906,12,0,0,0,0,846.38,70.53166666666667,59.485,0.007171794068803575,0.0281369784572531,7,7,2,0,0.0,0.0,0.0,0.5833333333333334,0.5833333333333334,0.16666666666666666,0.0,debit_card,ES,EUR
PM_001110,11,0,0,0,0,1361.42,123.76545454545455,109.52,0.007167531334402995,0.032187945711105,5,11,2,2,0.0,0.0,0.0,0.45454545454545453,1.0,0.18181818181818182,0.18181818181818182,debit_card,DE,EUR
PM_005358,9,0,0,0,0,499.4,55.48888888888889,59.69,0.007161012595843044,0.0198802730747644,4,9,1,0,0.0,0.0,0.0,0.4444444444444444,1.0,0.1111111111111111,0.0,credit_card,US,EUR
PM_002380,5,0,0,0,0,224.33,44.866,50.63,0.00715858632539138,0.0231965059400418,1,5,0,0,0.0,0.0,0.0,0.2,1.0,0.0,0.0,credit_card,DE,EUR
PM_003524,4,0,0,0,0,418.68,104.67,116.225,0.007157333905498325,0.0240802510782934,1,4,0,1,0.0,0.0,0.0,0.25,1.0,0.0,0.25,credit_card,US,EUR
PM_005691,6,0,0,0,0,465.0,77.5,29.975,0.007124173481756167,0.0270517424175882,3,6,1,0,0.0,0.0,0.0,0.5,1.0,0.16666666666666666,0.0,credit_card,PT,EUR
PM_008767,4,0,0,0,0,306.11,76.5275,66.875,0.0071209504222755245,0.0125201928782041,1,4,0,1,0.0,0.0,0.0,0.25,1.0,0.0,0.25,credit_card,US,EUR
PM_004261,4,0,0,0,0,568.54,142.135,136.095,0.007101225841508825,0.0219720899253542,1,4,1,1,0.0,0.0,0.0,0.25,1.0,0.25,0.25,debit_card,FR,EUR
PM_002231,6,0,0,0,0,437.07,72.845,49.695,0.007100505201169033,0.0311390619859264,3,6,0,4,0.0,0.0,0.0,0.5,1.0,0.0,0.6666666666666666,debit_card,DE,EUR
PM_010725,3,0,0,0,0,203.49,67.83,54.82,0.007087898770550366,0.0194001664931447,2,3,2,0,0.0,0.0,0.0,0.6666666666666666,1.0,0.6666666666666666,0.0,wallet,ES,EUR
PM_010637,3,0,0,0,0,354.96000000000004,118.32000000000001,104.69,0.007084535100511566,0.017875718484312,3,3,0,3,0.0,0.0,0.0,1.0,1.0,0.0,1.0,debit_card,ES,EUR
PM_008006,9,0,0,0,0,831.03,92.33666666666666,28.6,0.007082186697051566,0.0451217291521525,4,8,0,4,0.0,0.0,0.0,0.4444444444444444,0.8888888888888888,0.0,0.4444444444444444,credit_card,FR,EUR
PM_000030,5,0,0,0,0,1108.96,221.792,172.95,0.0070809795310341804,0.0132069276372703,2,4,0,0,0.0,0.0,0.0,0.4,0.8,0.0,0.0,bank_transfer,IT,EUR
PM_000351,6,0,0,0,0,374.08000000000004,62.34666666666667,33.5,0.007073671295012939,0.0281211885456822,4,6,0,0,0.0,0.0,0.0,0.6666666666666666,1.0,0.0,0.0,credit_card,ES,EUR
PM_003456,5,0,0,0,0,358.09,71.618,49.29,0.00705498058681738,0.0227890012081098,2,4,1,1,0.0,0.0,0.0,0.4,0.8,0.2,0.2,wallet,FR,EUR
PM_002748,18,0,0,0,0,998.14,55.45222222222222,36.075,0.007046275145252541,0.0530446368833768,6,9,4,8,0.0,0.0,0.0,0.3333333333333333,0.5,0.2222222222222222,0.4444444444444444,wallet,ES,EUR
PM_000026,8,0,0,0,0,508.7,63.5875,53.4,0.007039252968816146,0.0495482685412406,2,8,1,1,0.0,0.0,0.0,0.25,1.0,0.125,0.125,credit_card,US,EUR
PM_010424,5,0,0,0,0,304.05,60.81,24.51,0.007025857690880837,0.0186616664061085,2,5,1,0,0.0,0.0,0.0,0.4,1.0,0.2,0.0,debit_card,US,EUR
PM_002935,9,0,0,0,0,780.18,86.68666666666667,40.8,0.007022439848178501,0.0330119989716757,4,9,2,2,0.0,0.0,0.0,0.4444444444444444,1.0,0.2222222222222222,0.2222222222222222,wallet,GB,EUR
PM_003390,7,0,0,0,0,602.68,86.09714285714286,85.71,0.007004522059096858,0.0193212848995708,5,7,3,0,0.0,0.0,0.0,0.7142857142857143,1.0,0.42857142857142855,0.0,debit_card,FR,EUR
PM_007145,13,0,0,0,0,1651.45,127.03461538461539,82.49,0.006974980643151853,0.0340615685048595,6,13,1,4,0.0,0.0,0.0,0.46153846153846156,1.0,0.07692307692307693,0.3076923076923077,credit_card,GB,EUR
PM_004233,5,0,0,0,0,238.35999999999999,47.672,41.98,0.00696490371229124,0.0308749672695286,3,3,1,4,0.0,0.0,0.0,0.6,0.6,0.2,0.8,credit_card,IT,EUR
PM_006863,5,0,0,0,0,185.07,37.013999999999996,31.54,0.00696241026940438,0.0306489157748063,1,2,2,0,0.0,0.0,0.0,0.2,0.4,0.4,0.0,wallet,ES,EUR
PM_007547,7,0,0,0,0,596.89,85.27,101.86,0.006943094707093243,0.0263762255941264,2,7,0,0,0.0,0.0,0.0,0.2857142857142857,1.0,0.0,0.0,debit_card,PT,EUR
PM_004753,3,0,0,0,0,121.41,40.47,24.61,0.006936998433422866,0.0199992397199321,2,3,1,0,0.0,0.0,0.0,0.6666666666666666,1.0,0.3333333333333333,0.0,credit_card,PT,EUR
PM_002557,5,0,0,0,0,488.93,97.786,43.4,0.006932366773030772,0.0291834573126995,1,4,2,0,0.0,0.0,0.0,0.2,0.8,0.4,0.0,credit_card,ES,EUR
PM_004373,8,0,0,0,0,505.7,63.2125,41.985,0.006920927217613337,0.0267961164259087,5,6,1,1,0.0,0.0,0.0,0.625,0.75,0.125,0.125,debit_card,PT,EUR
PM_010585,6,0,0,0,0,443.54,73.92333333333333,65.35,0.0069199168584133325,0.017622154655734,2,2,0,0,0.0,0.0,0.0,0.3333333333333333,0.3333333333333333,0.0,0.0,wallet,ES,EUR
PM_000354,7,0,0,0,0,285.1,40.728571428571435,36.48,0.006897013800317728,0.027847605981721,3,5,0,0,0.0,0.0,0.0,0.42857142857142855,0.7142857142857143,0.0,0.0,credit_card,IT,EUR
PM_005292,8,0,0,0,0,451.18,56.3975,22.82,0.00689078234850768,0.0279988037024718,5,6,0,0,0.0,0.0,0.0,0.625,0.75,0.0,0.0,debit_card,ES,EUR
PM_006835,4,0,0,0,0,290.16,72.54,66.075,0.0068886403277986,0.0135682711072521,1,2,0,1,0.0,0.0,0.0,0.25,0.5,0.0,0.25,wallet,ES,EUR
PM_009261,3,0,0,0,0,250.07,83.35666666666667,52.72,0.0068831769053556,0.0162364310349838,2,3,0,0,0.0,0.0,0.0,0.6666666666666666,1.0,0.0,0.0,credit_card,ES,EUR
PM_003259,9,0,0,0,0,742.4499999999999,82.49444444444444,40.45,0.0068754991310336555,0.0576968559852406,6,9,1,0,0.0,0.0,0.0,0.6666666666666666,1.0,0.1111111111111111,0.0,credit_card,FR,EUR
PM_008808,3,0,0,0,0,295.68,98.56,73.64,0.0068651450016938,0.0151932626495625,2,3,0,0,0.0,0.0,0.0,0.6666666666666666,1.0,0.0,0.0,credit_card,IT,EUR
PM_008307,4,0,0,0,0,183.98,45.995,39.11,0.0068648333827654,0.0225172983227806,3,3,1,0,0.0,0.0,0.0,0.75,0.75,0.25,0.0,credit_card,DE,EUR
PM_009741,4,0,0,0,0,176.44,44.11,46.415,0.006859680775172625,0.0146621834837499,1,4,0,4,0.0,0.0,0.0,0.25,1.0,0.0,1.0,debit_card,GB,EUR
PM_011022,9,0,0,0,0,1671.14,185.68222222222224,190.85,0.006851956739740567,0.0283874467374516,6,6,1,0,0.0,0.0,0.0,0.6666666666666666,0.6666666666666666,0.1111111111111111,0.0,debit_card,FR,EUR
PM_009063,4,0,0,0,0,139.94,34.985,30.735,0.006851585323546,0.0242000463127058,2,4,0,0,0.0,0.0,0.0,0.5,1.0,0.0,0.0,credit_card,IT,EUR
PM_008246,3,0,0,0,0,459.13,153.04333333333332,82.81,0.0068486653650255665,0.0201767353487732,0,0,0,0,0.0,0.0,0.0,0.0,0.0,0.0,0.0,credit_card,ES,EUR
PM_004498,3,0,0,0,0,826.16,275.38666666666666,59.95,0.006847497572719766,0.0151761565060853,2,3,0,0,0.0,0.0,0.0,0.6666666666666666,1.0,0.0,0.0,debit_card,IT,EUR
PM_006520,5,0,0,0,0,949.18,189.83599999999998,113.04,0.006843200589706032,0.0303294234381398,2,5,0,5,0.0,0.0,0.0,0.4,1.0,0.0,1.0,credit_card,DE,EUR
PM_001405,8,0,0,0,0,811.54,101.4425,80.38499999999999,0.006842614540975353,0.0476736215134245,5,8,0,0,0.0,0.0,0.0,0.625,1.0,0.0,0.0,bank_transfer,FR,EUR
PM_005079,8,0,0,0,0,153.93,19.24125,16.060000000000002,0.006838576213796941,0.0492866123783572,3,8,2,0,0.0,0.0,0.0,0.375,1.0,0.25,0.0,credit_card,FR,EUR
PM_006846,6,0,0,0,0,388.4,64.73333333333333,61.32,0.00682593309122105,0.0354919228072716,1,6,2,0,0.0,0.0,0.0,0.16666666666666666,1.0,0.3333333333333333,0.0,credit_card,DE,EUR
PM_003106,7,0,0,0,0,718.59,102.6557142857143,55.05,0.006818814472107643,0.0137235820566727,2,7,1,0,0.0,0.0,0.0,0.2857142857142857,1.0,0.14285714285714285,0.0,credit_card,IT,EUR
PM_011228,6,0,0,0,0,105.46000000000001,17.576666666666668,13.93,0.006810046996525601,0.0225117788682128,3,6,0,1,0.0,0.0,0.0,0.5,1.0,0.0,0.16666666666666666,debit_card,GB,EUR
PM_007539,4,0,0,0,0,248.55,62.1375,44.410000000000004,0.006802257891733014,0.0164212075885837,1,1,0,0,0.0,0.0,0.0,0.25,0.25,0.0,0.0,credit_card,ES,EUR
PM_009013,19,0,0,0,0,1717.52,90.3957894736842,79.3,0.006797220159119495,0.0767657647211015,12,15,1,6,0.0,0.0,0.0,0.631578947368421,0.7894736842105263,0.05263157894736842,0.3157894736842105,credit_card,DE,EUR
PM_000915,4,0,0,0,0,183.6,45.9,45.035,0.006797049950678,0.0257747610861673,4,4,1,0,0.0,0.0,0.0,1.0,1.0,0.25,0.0,credit_card,ES,EUR
PM_008816,9,0,0,0,0,897.76,99.75111111111111,52.71,0.006790685694996682,0.027418108020586,6,9,0,1,0.0,0.0,0.0,0.6666666666666666,1.0,0.0,0.1111111111111111,wallet,ES,EUR
PM_009345,3,0,0,0,0,130.70000000000002,43.56666666666667,40.77,0.0067612001754276995,0.0197340597227512,2,3,1,0,0.0,0.0,0.0,0.6666666666666666,1.0,0.3333333333333333,0.0,debit_card,US,EUR
PM_001589,9,0,0,0,0,524.35,58.26111111111111,28.89,0.0067559598316046555,0.0371438609313637,5,9,1,0,0.0,0.0,0.0,0.5555555555555556,1.0,0.1111111111111111,0.0,debit_card,US,EUR
PM_000144,11,0,0,0,0,1148.54,104.41272727272727,118.34,0.006742095045047119,0.0628754702391865,5,11,0,0,0.0,0.0,0.0,0.45454545454545453,1.0,0.0,0.0,debit_card,PT,EUR
PM_010923,6,0,0,0,0,418.25,69.70833333333333,53.74,0.006717785847699492,0.0215057093197608,4,5,0,0,0.0,0.0,0.0,0.6666666666666666,0.8333333333333334,0.0,0.0,wallet,ES,EUR
PM_010645,4,0,0,0,0,400.23,100.0575,96.805,0.0067176858184725755,0.0173893004447257,1,1,0,0,0.0,0.0,0.0,0.25,0.25,0.0,0.0,credit_card,FR,EUR
PM_004248,5,0,0,0,0,1082.05,216.41,99.1,0.006709874947530624,0.0201510443012057,3,5,0,2,0.0,0.0,0.0,0.6,1.0,0.0,0.4,debit_card,PT,EUR
PM_001772,3,0,0,0,0,241.44,80.48,28.08,0.006697641716256367,0.0148222640592525,2,3,0,0,0.0,0.0,0.0,0.6666666666666666,1.0,0.0,0.0,debit_card,US,EUR
PM_011233,4,0,0,0,0,729.03,182.2575,84.66,0.0066765730244274,0.0180246920959599,2,4,1,0,0.0,0.0,0.0,0.5,1.0,0.25,0.0,wallet,FR,EUR
PM_000276,9,0,0,0,0,325.09,36.121111111111105,32.32,0.006675750411289077,0.0472703907092951,4,9,1,5,0.0,0.0,0.0,0.4444444444444444,1.0,0.1111111111111111,0.5555555555555556,debit_card,US,EUR
PM_010218,3,0,0,0,0,152.62,50.873333333333335,65.12,0.0066675592790917,0.0129584666130175,3,3,0,0,0.0,0.0,0.0,1.0,1.0,0.0,0.0,credit_card,ES,EUR
PM_008898,13,0,0,0,0,711.6,54.73846153846154,39.12,0.006667300170828077,0.0523616631165053,5,13,2,2,0.0,0.0,0.0,0.38461538461538464,1.0,0.15384615384615385,0.15384615384615385,credit_card,DE,EUR
PM_005594,16,0,0,0,0,999.52,62.47,48.96,0.006662901980121783,0.0378236825336892,7,16,3,1,0.0,0.0,0.0,0.4375,1.0,0.1875,0.0625,credit_card,DE,EUR
PM_010458,4,0,0,0,0,230.29,57.5725,24.32,0.006658743360056525,0.0258358155177089,0,4,0,0,0.0,0.0,0.0,0.0,1.0,0.0,0.0,debit_card,FR,EUR
PM_003601,4,0,0,0,0,456.39,114.0975,99.95499999999998,0.006655769463793575,0.0215730604926718,0,4,0,0,0.0,0.0,0.0,0.0,1.0,0.0,0.0,bank_transfer,IT,EUR
PM_006541,9,0,0,0,0,959.78,106.64222222222222,61.96,0.006641087558533067,0.0328862577425977,5,9,1,6,0.0,0.0,0.0,0.5555555555555556,1.0,0.1111111111111111,0.6666666666666666,credit_card,FR,EUR
PM_009905,6,0,0,0,0,475.14000000000004,79.19000000000001,80.47,0.006634309027494934,0.0224797542730275,1,6,1,6,0.0,0.0,0.0,0.16666666666666666,1.0,0.16666666666666666,1.0,wallet,US,EUR
PM_004852,9,0,0,0,0,1395.6200000000001,155.0688888888889,106.63,0.006598213653297723,0.0276877267955804,5,9,0,1,0.0,0.0,0.0,0.5555555555555556,1.0,0.0,0.1111111111111111,credit_card,ES,EUR
PM_008440,11,0,0,0,0,554.68,50.42545454545454,46.19,0.006589679171440136,0.0302225352430406,6,9,1,2,0.0,0.0,0.0,0.5454545454545454,0.8181818181818182,0.09090909090909091,0.18181818181818182,credit_card,ES,EUR
PM_004095,8,0,0,0,0,1075.09,134.38625,119.94,0.006569236144331922,0.0252256330835613,2,8,0,4,0.0,0.0,0.0,0.25,1.0,0.0,0.5,credit_card,GB,EUR
PM_010229,4,0,0,0,0,345.84,86.46,52.655,0.0065629546447586,0.0205083343636366,1,4,0,0,0.0,0.0,0.0,0.25,1.0,0.0,0.0,debit_card,US,EUR
PM_000405,7,0,0,0,0,479.85,68.55,54.63,0.006537011202178428,0.0140259708992266,2,7,2,0,0.0,0.0,0.0,0.2857142857142857,1.0,0.2857142857142857,0.0,credit_card,PT,EUR
PM_000342,14,0,0,0,0,1248.8400000000001,89.20285714285716,27.785,0.0065293002071920144,0.0231595010718138,3,14,2,2,0.0,0.0,0.0,0.21428571428571427,1.0,0.14285714285714285,0.14285714285714285,credit_card,PT,EUR
PM_008105,11,0,0,0,0,481.03999999999996,43.73090909090909,36.62,0.006525977330780785,0.0401245551616591,4,11,1,5,0.0,0.0,0.0,0.36363636363636365,1.0,0.09090909090909091,0.45454545454545453,credit_card,US,EUR
PM_003324,15,0,0,0,0,1661.87,110.79133333333333,80.04,0.0065228021931959335,0.0251396496510255,3,7,4,3,0.0,0.0,0.0,0.2,0.4666666666666667,0.26666666666666666,0.2,bank_transfer,ES,EUR
PM_006941,6,0,0,0,0,1069.1200000000001,178.1866666666667,171.115,0.0065222076051749504,0.0172443566918647,6,6,0,0,0.0,0.0,0.0,1.0,1.0,0.0,0.0,debit_card,PT,EUR
PM_001845,8,0,0,0,0,978.13,122.26625,115.515,0.0065219640292377,0.0272384692903018,7,8,3,2,0.0,0.0,0.0,0.875,1.0,0.375,0.25,bank_transfer,ES,EUR
PM_011756,4,0,0,0,0,171.08,42.77,45.59,0.0065106717834561255,0.0135105782895111,1,2,0,3,0.0,0.0,0.0,0.25,0.5,0.0,0.75,debit_card,FR,EUR
PM_002683,10,0,0,0,0,618.8,61.879999999999995,52.125,0.006499227598216581,0.0593165329959016,3,5,3,10,0.0,0.0,0.0,0.3,0.5,0.3,1.0,credit_card,ES,EUR
PM_011662,3,0,0,0,0,164.12,54.70666666666667,13.61,0.0064990812642499755,0.016038609434331,0,1,0,0,0.0,0.0,0.0,0.0,0.3333333333333333,0.0,0.0,credit_card,ES,EUR
PM_002015,7,0,0,0,0,430.40000000000003,61.48571428571429,59.73,0.006496890477121872,0.0346526387404468,5,7,0,0,0.0,0.0,0.0,0.7142857142857143,1.0,0.0,0.0,wallet,US,EUR
PM_008072,6,0,0,0,0,211.89999999999998,35.31666666666666,26.225,0.006494293300105716,0.0182238733192923,4,6,0,0,0.0,0.0,0.0,0.6666666666666666,1.0,0.0,0.0,wallet,ES,EUR
PM_001366,3,0,0,0,0,141.1,47.03333333333333,23.1,0.006492174794126467,0.0165180316636194,0,1,1,0,0.0,0.0,0.0,0.0,0.3333333333333333,0.3333333333333333,0.0,wallet,ES,EUR
PM_003543,4,0,0,0,0,290.97,72.7425,62.52,0.006477243044855225,0.0245668697941622,0,4,0,3,0.0,0.0,0.0,0.0,1.0,0.0,0.75,credit_card,US,EUR
PM_011259,5,0,0,0,0,367.14,73.428,18.52,0.00647325080443074,0.0222765270143022,2,5,0,0,0.0,0.0,0.0,0.4,1.0,0.0,0.0,debit_card,FR,EUR
PM_000486,3,0,0,0,0,228.93,76.31,28.92,0.006471965157065866,0.0107860210134367,1,2,0,2,0.0,0.0,0.0,0.3333333333333333,0.6666666666666666,0.0,0.6666666666666666,wallet,FR,EUR
PM_009048,3,0,0,0,0,137.19,45.73,56.52,0.006466777216511967,0.0186602574612824,2,3,1,0,0.0,0.0,0.0,0.6666666666666666,1.0,0.3333333333333333,0.0,debit_card,ES,EUR
PM_004256,6,0,0,0,0,488.00999999999993,81.335,34.37,0.006462587989440994,0.0365272419553635,0,6,0,0,0.0,0.0,0.0,0.0,1.0,0.0,0.0,credit_card,PT,EUR
PM_006870,5,0,0,0,0,580.88,116.176,118.74,0.0064619987029188464,0.0145243311032621,3,3,1,0,0.0,0.0,0.0,0.6,0.6,0.2,0.0,bank_transfer,ES,EUR
PM_006253,5,0,0,0,0,913.54,182.708,170.25,0.00646059564925888,0.0189455127128118,2,5,1,0,0.0,0.0,0.0,0.4,1.0,0.2,0.0,bank_transfer,IT,EUR
PM_008688,9,0,0,0,0,1225.3600000000001,136.15111111111113,54.07,0.006459398722299317,0.0305198032714055,2,9,1,1,0.0,0.0,0.0,0.2222222222222222,1.0,0.1111111111111111,0.1111111111111111,credit_card,PT,EUR
PM_006355,4,0,0,0,0,573.5,143.375,147.32999999999998,0.006457962860448775,0.0250796743657914,1,4,0,0,0.0,0.0,0.0,0.25,1.0,0.0,0.0,credit_card,FR,EUR
PM_005213,7,0,0,0,0,406.81,58.11571428571428,47.27,0.006442959928532344,0.0308224403466265,1,1,1,0,0.0,0.0,0.0,0.14285714285714285,0.14285714285714285,0.14285714285714285,0.0,bank_transfer,ES,EUR
PM_003736,5,0,0,0,0,1471.9,294.38,255.84,0.0064379990917642,0.0189658564782489,1,5,0,0,0.0,0.0,0.0,0.2,1.0,0.0,0.0,bank_transfer,IT,EUR
PM_010911,4,0,0,0,0,644.63,161.1575,160.005,0.006435780846104025,0.0181851515635295,0,0,0,0,0.0,0.0,0.0,0.0,0.0,0.0,0.0,credit_card,ES,EUR
PM_001332,4,0,0,0,0,330.34,82.585,44.83,0.006433660779677525,0.0248280496311362,3,4,1,0,0.0,0.0,0.0,0.75,1.0,0.25,0.0,wallet,ES,EUR
PM_002415,5,0,0,0,0,118.85000000000001,23.770000000000003,16.8,0.00641854533801378,0.0203515328980713,2,5,1,0,0.0,0.0,0.0,0.4,1.0,0.2,0.0,wallet,ES,EUR
PM_007611,10,0,0,0,0,443.87,44.387,28.675,0.006418323888924752,0.0308358760438989,5,10,1,3,0.0,0.0,0.0,0.5,1.0,0.1,0.3,debit_card,DE,EUR
PM_010210,4,0,0,0,0,100.05999999999999,25.014999999999997,28.729999999999997,0.006409531706805549,0.0200052398239234,1,4,1,0,0.0,0.0,0.0,0.25,1.0,0.25,0.0,debit_card,ES,EUR
PM_011258,4,0,0,0,0,219.93,54.9825,52.980000000000004,0.00640671459775545,0.0186384616333731,1,4,0,0,0.0,0.0,0.0,0.25,1.0,0.0,0.0,debit_card,GB,EUR
PM_009828,3,0,0,0,0,73.03,24.343333333333334,25.6,0.0064019817397649335,0.0173000446813724,2,3,0,0,0.0,0.0,0.0,0.6666666666666666,1.0,0.0,0.0,credit_card,US,EUR
PM_004900,9,0,0,0,0,592.68,65.85333333333332,44.82,0.006398935196320512,0.0283289028504387,8,9,1,7,0.0,0.0,0.0,0.8888888888888888,1.0,0.1111111111111111,0.7777777777777778,wallet,GB,EUR
PM_007223,6,0,0,0,0,280.7,46.78333333333333,21.490000000000002,0.006393306502430783,0.018875172281446,1,2,0,0,0.0,0.0,0.0,0.16666666666666666,0.3333333333333333,0.0,0.0,debit_card,ES,EUR
PM_005724,7,0,0,0,0,545.29,77.89857142857143,89.12,0.0063860238745119865,0.0181874342019648,1,2,1,4,0.0,0.0,0.0,0.14285714285714285,0.2857142857142857,0.14285714285714285,0.5714285714285714,credit_card,ES,EUR
PM_003154,5,0,0,0,0,560.01,112.002,118.08,0.00638465614448624,0.0213671153316124,2,3,0,2,0.0,0.0,0.0,0.4,0.6,0.0,0.4,debit_card,ES,EUR
PM_009490,4,0,0,0,0,255.18,63.795,59.510000000000005,0.0063759468872524,0.0150689983144654,0,4,0,0,0.0,0.0,0.0,0.0,1.0,0.0,0.0,debit_card,FR,EUR
PM_008817,5,0,0,0,0,305.48,61.096000000000004,56.03,0.00637587452787098,0.0163513542238728,0,5,0,0,0.0,0.0,0.0,0.0,1.0,0.0,0.0,debit_card,DE,EUR
PM_001608,9,0,0,0,0,300.75,33.416666666666664,33.38,0.006368610858600245,0.0275691602038883,4,6,1,1,0.0,0.0,0.0,0.4444444444444444,0.6666666666666666,0.1111111111111111,0.1111111111111111,credit_card,ES,EUR
PM_000706,4,0,0,0,0,536.64,134.16,82.975,0.0063659421072055,0.0222457115556788,2,4,0,0,0.0,0.0,0.0,0.5,1.0,0.0,0.0,credit_card,US,EUR
PM_006396,7,0,0,0,0,321.90999999999997,45.98714285714285,27.98,0.006364276125338798,0.020311009540203,1,7,1,0,0.0,0.0,0.0,0.14285714285714285,1.0,0.14285714285714285,0.0,debit_card,DE,EUR
PM_011450,8,0,0,0,0,377.59000000000003,47.198750000000004,21.9,0.0063619066136306485,0.0258688709742839,4,8,1,0,0.0,0.0,0.0,0.5,1.0,0.125,0.0,debit_card,IT,EUR
PM_007297,6,0,0,0,0,362.17,60.36166666666667,46.285,0.006359853630255499,0.033062087858872,2,6,0,0,0.0,0.0,0.0,0.3333333333333333,1.0,0.0,0.0,credit_card,IT,EUR
PM_004333,3,0,0,0,0,1626.91,542.3033333333334,562.38,0.006357518855921767,0.0095086954371958,1,3,0,0,0.0,0.0,0.0,0.3333333333333333,1.0,0.0,0.0,bank_transfer,PT,EUR
PM_005473,3,0,0,0,0,231.55,77.18333333333334,95.31,0.006353044167585466,0.0156841600239544,1,3,0,0,0.0,0.0,0.0,0.3333333333333333,1.0,0.0,0.0,debit_card,ES,EUR
PM_007581,3,0,0,0,0,94.59,31.53,36.34,0.006342946920906467,0.0182981022251313,1,2,0,1,0.0,0.0,0.0,0.3333333333333333,0.6666666666666666,0.0,0.3333333333333333,debit_card,ES,EUR
PM_009755,3,0,0,0,0,185.60999999999999,61.87,46.48,0.006339141153717199,0.0181097567709544,1,3,0,0,0.0,0.0,0.0,0.3333333333333333,1.0,0.0,0.0,debit_card,US,EUR
PM_009599,4,0,0,0,0,377.74,94.435,101.47,0.006324283189436425,0.0227670521194905,3,3,0,0,0.0,0.0,0.0,0.75,0.75,0.0,0.0,credit_card,ES,EUR
PM_010694,6,0,0,0,0,790.21,131.70166666666668,75.215,0.0063115960325714,0.0183205116385173,3,6,2,1,0.0,0.0,0.0,0.5,1.0,0.3333333333333333,0.16666666666666666,debit_card,IT,EUR
PM_004785,5,0,0,0,0,365.14,73.02799999999999,47.64,0.00631098550218744,0.0173021827499891,3,5,0,1,0.0,0.0,0.0,0.6,1.0,0.0,0.2,credit_card,FR,EUR
PM_003735,3,0,0,0,0,931.77,310.59,196.77,0.006297262687323033,0.0172317736157981,3,3,1,0,0.0,0.0,0.0,1.0,1.0,0.3333333333333333,0.0,credit_card,ES,EUR
PM_005542,3,0,0,0,0,111.28999999999999,37.096666666666664,38.62,0.006294631168616766,0.0148388610758432,2,3,0,0,0.0,0.0,0.0,0.6666666666666666,1.0,0.0,0.0,wallet,DE,EUR
PM_007879,5,0,0,0,0,426.97999999999996,85.39599999999999,61.08,0.006293061252318939,0.022676281456081,3,5,2,0,0.0,0.0,0.0,0.6,1.0,0.4,0.0,debit_card,US,EUR
PM_011897,5,0,0,0,0,233.09,46.618,37.86,0.00629137426339898,0.015336382590058,2,2,0,2,0.0,0.0,0.0,0.4,0.4,0.0,0.4,wallet,FR,EUR
PM_004107,9,0,0,0,0,637.9399999999999,70.88222222222221,28.6,0.0062830652661933556,0.0441178894373572,2,9,3,9,0.0,0.0,0.0,0.2222222222222222,1.0,0.3333333333333333,1.0,debit_card,IT,EUR
PM_003184,6,0,0,0,0,878.95,146.49166666666667,138.4,0.006278320219102866,0.0248249879268533,4,6,2,1,0.0,0.0,0.0,0.6666666666666666,1.0,0.3333333333333333,0.16666666666666666,bank_transfer,US,EUR
PM_002335,4,0,0,0,0,367.09,91.7725,92.83500000000001,0.006278091865428125,0.0228972153894746,0,4,0,0,0.0,0.0,0.0,0.0,1.0,0.0,0.0,debit_card,US,EUR
PM_002100,4,0,0,0,0,679.66,169.915,119.185,0.006274921961027075,0.0191688208523946,2,2,1,0,0.0,0.0,0.0,0.5,0.5,0.25,0.0,wallet,ES,EUR
PM_006543,7,0,0,0,0,466.34,66.61999999999999,34.21,0.006252593177654043,0.021804231271842,3,7,1,0,0.0,0.0,0.0,0.42857142857142855,1.0,0.14285714285714285,0.0,wallet,GB,EUR
PM_006173,3,0,0,0,0,240.27,80.09,16.35,0.006245275500669933,0.0146659949354437,1,3,0,0,0.0,0.0,0.0,0.3333333333333333,1.0,0.0,0.0,bank_transfer,DE,EUR
PM_009506,3,0,0,0,0,132.13,44.04333333333333,30.53,0.006242786410726034,0.0166668854016343,0,3,1,0,0.0,0.0,0.0,0.0,1.0,0.3333333333333333,0.0,debit_card,PT,EUR
PM_003030,4,0,0,0,0,786.6800000000001,196.67000000000002,186.82,0.00623827273345825,0.0130125257550421,3,4,1,0,0.0,0.0,0.0,0.75,1.0,0.25,0.0,bank_transfer,ES,EUR
PM_004938,5,0,0,0,0,319.05,63.81,38.03,0.006222485097406581,0.020680958878427,1,5,0,1,0.0,0.0,0.0,0.2,1.0,0.0,0.2,wallet,US,EUR
PM_002119,5,0,0,0,0,240.65,48.13,36.07,0.00621717591945362,0.0126394717576254,3,5,0,0,0.0,0.0,0.0,0.6,1.0,0.0,0.0,wallet,FR,EUR
PM_005049,6,0,0,0,0,636.6600000000001,106.11000000000001,80.32000000000001,0.006206828138189967,0.0172894417654793,2,4,0,1,0.0,0.0,0.0,0.3333333333333333,0.6666666666666666,0.0,0.16666666666666666,credit_card,PT,EUR
PM_006523,3,0,0,0,0,225.73000000000002,75.24333333333334,71.17,0.006195628887781634,0.0175659511691395,2,3,0,0,0.0,0.0,0.0,0.6666666666666666,1.0,0.0,0.0,debit_card,US,EUR
PM_006151,4,0,0,0,0,316.65,79.1625,78.435,0.00619073175487475,0.0209979894606527,0,4,0,0,0.0,0.0,0.0,0.0,1.0,0.0,0.0,debit_card,PT,EUR
PM_006988,4,0,0,0,0,168.62,42.155,37.345,0.0061893490026666,0.0170033911134602,0,4,0,2,0.0,0.0,0.0,0.0,1.0,0.0,0.5,credit_card,DE,EUR
PM_002469,4,0,0,0,0,464.44,116.11,71.91499999999999,0.0061846529824967,0.0241627876144977,2,2,0,0,0.0,0.0,0.0,0.5,0.5,0.0,0.0,wallet,ES,EUR
PM_004311,4,0,0,0,0,226.31,56.5775,44.91,0.00618175528033442,0.0229358888620264,1,4,1,0,0.0,0.0,0.0,0.25,1.0,0.25,0.0,bank_transfer,GB,EUR
PM_007588,7,0,0,0,0,884.6,126.37142857142858,141.26,0.006181278900756772,0.0312626993772137,2,3,1,0,0.0,0.0,0.0,0.2857142857142857,0.42857142857142855,0.14285714285714285,0.0,credit_card,ES,EUR
PM_002229,7,0,0,0,0,830.64,118.66285714285713,68.21,0.0061703501026103115,0.0210604227847599,4,7,2,0,0.0,0.0,0.0,0.5714285714285714,1.0,0.2857142857142857,0.0,credit_card,GB,EUR
PM_010325,8,0,0,0,0,517.3,64.6625,30.48,0.006168238824576563,0.0267901313707032,5,8,1,1,0.0,0.0,0.0,0.625,1.0,0.125,0.125,credit_card,ES,EUR
PM_007976,13,0,0,0,0,1376.6299999999999,105.89461538461538,48.75,0.006167656677477361,0.0257663485484104,5,13,1,10,0.0,0.0,0.0,0.38461538461538464,1.0,0.07692307692307693,0.7692307692307693,credit_card,GB,EUR
PM_001278,6,0,0,0,0,313.82,52.303333333333335,44.790000000000006,0.006164089805191734,0.0189548468182645,3,6,1,0,0.0,0.0,0.0,0.5,1.0,0.16666666666666666,0.0,credit_card,FR,EUR
PM_007245,7,0,0,0,0,896.08,128.01142857142858,63.48,0.0061619084967443,0.0198550157936388,3,7,1,0,0.0,0.0,0.0,0.42857142857142855,1.0,0.14285714285714285,0.0,wallet,IT,EUR
PM_010843,12,0,0,0,0,1432.46,119.37166666666667,59.184999999999995,0.006159056002428546,0.0506615111368652,5,5,1,0,0.0,0.0,0.0,0.4166666666666667,0.4166666666666667,0.08333333333333333,0.0,debit_card,ES,EUR
PM_005917,10,0,0,0,0,757.96,75.796,32.89,0.006156305117489385,0.0430656692125612,4,7,1,0,0.0,0.0,0.0,0.4,0.7,0.1,0.0,debit_card,PT,EUR
PM_010951,4,0,0,0,0,422.21,105.5525,29.91,0.006155101706177849,0.0210383475272301,0,4,4,0,0.0,0.0,0.0,0.0,1.0,1.0,0.0,debit_card,IT,EUR
PM_010761,11,0,0,0,0,2717.31,247.02818181818182,125.76,0.006154052443482072,0.05653994825653,2,2,0,0,0.0,0.0,0.0,0.18181818181818182,0.18181818181818182,0.0,0.0,debit_card,ES,EUR
PM_008093,16,0,0,0,0,1832.03,114.501875,47.54,0.0061528045669669365,0.0717752138041933,9,13,3,0,0.0,0.0,0.0,0.5625,0.8125,0.1875,0.0,credit_card,ES,EUR
PM_006799,9,0,0,0,0,536.3,59.58888888888888,28.58,0.006149346587073937,0.0355981661390231,3,6,4,0,0.0,0.0,0.0,0.3333333333333333,0.6666666666666666,0.4444444444444444,0.0,wallet,ES,EUR
PM_000138,6,0,0,0,0,815.3399999999999,135.89,71.34,0.006149237038735634,0.0148806899121637,4,6,0,1,0.0,0.0,0.0,0.6666666666666666,1.0,0.0,0.16666666666666666,debit_card,ES,EUR
PM_001186,10,0,0,0,0,744.9300000000001,74.49300000000001,66.38,0.0061488461434156495,0.014717117918416,8,9,2,0,0.0,0.0,0.0,0.8,0.9,0.2,0.0,bank_transfer,DE,EUR
PM_007612,6,0,0,0,0,895.02,149.17,125.17,0.0061480589647333675,0.0143073051492797,4,6,1,0,0.0,0.0,0.0,0.6666666666666666,1.0,0.16666666666666666,0.0,debit_card,FR,EUR
PM_004221,8,0,0,0,0,1131.65,141.45625,66.795,0.006142162286396463,0.0421104064143908,4,8,0,0,0.0,0.0,0.0,0.5,1.0,0.0,0.0,credit_card,PT,EUR
PM_008535,9,0,0,0,0,394.28,43.80888888888889,26.1,0.006131350628932996,0.0423706258201674,3,9,1,6,0.0,0.0,0.0,0.3333333333333333,1.0,0.1111111111111111,0.6666666666666666,credit_card,DE,EUR
PM_004929,3,0,0,0,0,60.94,20.313333333333333,27.63,0.006109092751642967,0.0175044561903054,1,1,0,2,0.0,0.0,0.0,0.3333333333333333,0.3333333333333333,0.0,0.6666666666666666,credit_card,ES,EUR
PM_010453,10,0,0,0,0,524.19,52.419000000000004,40.465,0.0060817552461912795,0.0501329083305056,3,10,0,0,0.0,0.0,0.0,0.3,1.0,0.0,0.0,credit_card,DE,EUR
PM_009027,4,0,0,0,0,284.83000000000004,71.20750000000001,62.88,0.006072111749996379,0.0236407533784561,1,3,0,0,0.0,0.0,0.0,0.25,0.75,0.0,0.0,credit_card,ES,EUR
PM_001975,14,0,0,0,0,2010.09,143.57785714285714,105.29,0.006065929682722971,0.0740197458316865,6,14,1,7,0.0,0.0,0.0,0.42857142857142855,1.0,0.07142857142857142,0.5,credit_card,FR,EUR
PM_003988,5,0,0,0,0,530.34,106.06800000000001,117.74,0.00605839793064998,0.019206506452705,0,5,0,0,0.0,0.0,0.0,0.0,1.0,0.0,0.0,debit_card,IT,EUR
PM_002502,3,0,0,0,0,382.36,127.45333333333333,115.53,0.0060558906277176664,0.0092775747209542,3,3,0,0,0.0,0.0,0.0,1.0,1.0,0.0,0.0,credit_card,PT,EUR
PM_004259,3,0,0,0,0,466.89,155.63,131.41,0.0060528829529645665,0.0092369332485336,3,3,1,0,0.0,0.0,0.0,1.0,1.0,0.3333333333333333,0.0,bank_transfer,DE,EUR
PM_003675,4,0,0,0,0,272.24,68.06,78.45,0.006044477762311375,0.0229323448853733,1,1,0,0,0.0,0.0,0.0,0.25,0.25,0.0,0.0,debit_card,ES,EUR
PM_005005,16,0,0,0,0,593.6700000000001,37.104375000000005,32.83,0.006033492586290719,0.0284995188390306,13,16,3,0,0.0,0.0,0.0,0.8125,1.0,0.1875,0.0,bank_transfer,DE,EUR
PM_003946,3,0,0,0,0,285.84999999999997,95.28333333333332,63.88,0.006030316169022033,0.0114468167729937,1,3,0,0,0.0,0.0,0.0,0.3333333333333333,1.0,0.0,0.0,wallet,PT,EUR
PM_005482,4,0,0,0,0,727.61,181.9025,144.095,0.006025518369027325,0.0114803025983642,2,4,1,2,0.0,0.0,0.0,0.5,1.0,0.25,0.5,debit_card,GB,EUR
PM_008176,4,0,0,0,0,153.99,38.4975,41.605000000000004,0.00602436683608655,0.0152776119479067,2,4,0,1,0.0,0.0,0.0,0.5,1.0,0.0,0.25,debit_card,US,EUR
PM_001467,4,0,0,0,0,327.95,81.9875,46.54,0.00601888740548455,0.0152476482345306,4,4,1,0,0.0,0.0,0.0,1.0,1.0,0.25,0.0,wallet,ES,EUR
PM_007815,4,0,0,0,0,182.16,45.54,39.004999999999995,0.0060094502392467,0.0215535688218699,1,4,0,1,0.0,0.0,0.0,0.25,1.0,0.0,0.25,debit_card,US,EUR
PM_001985,14,0,0,0,0,1692.51,120.89357142857143,47.775000000000006,0.006004042489617141,0.0360704764572002,12,14,0,5,0.0,0.0,0.0,0.8571428571428571,1.0,0.0,0.35714285714285715,credit_card,IT,EUR
PM_009732,5,0,0,0,0,360.71,72.142,66.62,0.00600066918425322,0.0210253337317691,2,5,1,1,0.0,0.0,0.0,0.4,1.0,0.2,0.2,credit_card,GB,EUR
PM_007117,3,0,0,0,0,287.1,95.7,90.43,0.005998341315325934,0.0135896188668426,1,1,0,2,0.0,0.0,0.0,0.3333333333333333,0.3333333333333333,0.0,0.6666666666666666,bank_transfer,ES,EUR
PM_001663,7,0,0,0,0,519.36,74.19428571428571,60.46,0.0059975170444344006,0.0271447344499875,3,7,2,0,0.0,0.0,0.0,0.42857142857142855,1.0,0.2857142857142857,0.0,debit_card,US,EUR
PM_005395,3,0,0,0,0,320.78,106.92666666666666,100.99,0.005966977996476734,0.0087221613561463,0,3,1,0,0.0,0.0,0.0,0.0,1.0,0.3333333333333333,0.0,credit_card,IT,EUR
PM_003054,4,0,0,0,0,491.3,122.825,116.64500000000001,0.005953166899280325,0.0131113258153981,2,4,1,0,0.0,0.0,0.0,0.5,1.0,0.25,0.0,debit_card,ES,EUR
PM_009913,9,0,0,0,0,553.99,61.55444444444444,33.99,0.0059390129391768,0.0466557463571466,2,5,0,0,0.0,0.0,0.0,0.2222222222222222,0.5555555555555556,0.0,0.0,debit_card,ES,EUR
PM_004224,17,0,0,0,0,1083.85,63.75588235294117,47.4,0.005938432535390499,0.0477602830504206,13,17,2,5,0.0,0.0,0.0,0.7647058823529411,1.0,0.11764705882352941,0.29411764705882354,credit_card,ES,EUR
PM_007635,3,0,0,0,0,305.83,101.94333333333333,30.7,0.0059318816226905,0.009689532375538,1,2,0,1,0.0,0.0,0.0,0.3333333333333333,0.6666666666666666,0.0,0.3333333333333333,credit_card,DE,EUR
PM_009891,5,0,0,0,0,634.87,126.974,60.2,0.0059304290965744,0.0280654541698228,1,5,1,2,0.0,0.0,0.0,0.2,1.0,0.2,0.4,debit_card,US,EUR
PM_007241,3,0,0,0,0,277.77,92.58999999999999,75.35,0.0059219306555101,0.0121531366821899,2,3,0,0,0.0,0.0,0.0,0.6666666666666666,1.0,0.0,0.0,debit_card,GB,EUR
PM_008730,15,0,0,0,0,1567.71,104.514,63.88,0.005916833563025845,0.0667698466395997,4,15,1,1,0.0,0.0,0.0,0.26666666666666666,1.0,0.06666666666666667,0.06666666666666667,credit_card,PT,EUR
PM_000185,3,0,0,0,0,256.72,85.57333333333334,68.4,0.005916193146297734,0.0170858630832746,0,2,1,1,0.0,0.0,0.0,0.0,0.6666666666666666,0.3333333333333333,0.3333333333333333,wallet,FR,EUR
PM_006287,5,0,0,0,0,652.45,130.49,133.72,0.005908179830305928,0.0189628013145381,2,3,1,0,0.0,0.0,0.0,0.4,0.6,0.2,0.0,credit_card,ES,EUR
PM_009458,10,0,0,0,0,486.89,48.689,36.915,0.005902844066126049,0.0577960677835706,1,10,1,0,0.0,0.0,0.0,0.1,1.0,0.1,0.0,credit_card,US,EUR
PM_006801,7,0,0,0,0,258.96,36.99428571428571,27.33,0.0058924695367804005,0.0205090754804479,5,6,1,0,0.0,0.0,0.0,0.7142857142857143,0.8571428571428571,0.14285714285714285,0.0,debit_card,DE,EUR
PM_001427,6,0,0,0,0,1325.12,220.85333333333332,227.85,0.005884606840161183,0.0269791139731358,4,6,2,3,0.0,0.0,0.0,0.6666666666666666,1.0,0.3333333333333333,0.5,credit_card,ES,EUR
PM_008133,3,0,0,0,0,802.19,267.3966666666667,237.82,0.005881904284912199,0.0170948074687318,0,3,0,0,0.0,0.0,0.0,0.0,1.0,0.0,0.0,debit_card,ES,EUR
PM_008406,8,0,0,0,0,573.61,71.70125,55.935,0.005881709174073325,0.0307953030067967,3,8,0,5,0.0,0.0,0.0,0.375,1.0,0.0,0.625,credit_card,IT,EUR
PM_010446,11,0,0,0,0,1806.3500000000001,164.21363636363637,78.71,0.005879705711210412,0.0284908927244482,6,9,0,4,0.0,0.0,0.0,0.5454545454545454,0.8181818181818182,0.0,0.36363636363636365,bank_transfer,DE,EUR
PM_003443,8,0,0,0,0,548.3900000000001,68.54875000000001,19.395,0.0058622200694608715,0.0263842028337231,2,8,2,1,0.0,0.0,0.0,0.25,1.0,0.25,0.125,debit_card,GB,EUR
PM_001000,4,0,0,0,0,279.28999999999996,69.82249999999999,35.18,0.00585726044070575,0.0168630718919388,3,4,0,0,0.0,0.0,0.0,0.75,1.0,0.0,0.0,credit_card,ES,EUR
PM_006198,6,0,0,0,0,514.3100000000001,85.71833333333335,86.51,0.005848805101291317,0.0284102765564075,3,6,0,0,0.0,0.0,0.0,0.5,1.0,0.0,0.0,wallet,GB,EUR
PM_000601,3,0,0,0,0,317.24,105.74666666666667,138.02,0.005844403780969533,0.0132379138340615,2,3,0,0,0.0,0.0,0.0,0.6666666666666666,1.0,0.0,0.0,debit_card,DE,EUR
PM_004907,6,0,0,0,0,580.94,96.82333333333334,36.91,0.005825256983629008,0.0272779031526988,2,6,0,0,0.0,0.0,0.0,0.3333333333333333,1.0,0.0,0.0,wallet,DE,EUR
PM_008576,6,0,0,0,0,326.53000000000003,54.421666666666674,39.089999999999996,0.0058139342932633335,0.0201221650335075,2,6,1,5,0.0,0.0,0.0,0.3333333333333333,1.0,0.16666666666666666,0.8333333333333334,credit_card,PT,EUR
PM_006213,3,0,0,0,0,296.03,98.67666666666666,100.52,0.0058132111186200335,0.0168508326988367,3,3,0,0,0.0,0.0,0.0,1.0,1.0,0.0,0.0,bank_transfer,PT,EUR
PM_010110,6,0,0,0,0,501.86,83.64333333333333,45.065,0.0058110127298025525,0.0322272165279921,3,6,0,1,0.0,0.0,0.0,0.5,1.0,0.0,0.16666666666666666,debit_card,IT,EUR
PM_000462,4,0,0,0,0,646.6700000000001,161.66750000000002,142.975,0.005803839684896,0.0143494317540871,3,4,0,0,0.0,0.0,0.0,0.75,1.0,0.0,0.0,credit_card,PT,EUR
PM_009495,3,0,0,0,0,201.41,67.13666666666667,69.41,0.005802651985196299,0.0121190034552436,0,3,0,0,0.0,0.0,0.0,0.0,1.0,0.0,0.0,credit_card,PT,EUR
PM_002357,5,0,0,0,0,317.27,63.45399999999999,49.43,0.00579541940374578,0.0180822484658834,3,5,1,0,0.0,0.0,0.0,0.6,1.0,0.2,0.0,debit_card,IT,EUR
PM_010778,3,0,0,0,0,1275.87,425.28999999999996,49.59,0.005775073240928366,0.0169728072425883,1,3,0,0,0.0,0.0,0.0,0.3333333333333333,1.0,0.0,0.0,bank_transfer,DE,EUR
PM_001700,4,0,0,0,0,322.14,80.535,53.185,0.005772683233464,0.0094417458538574,3,4,1,0,0.0,0.0,0.0,0.75,1.0,0.25,0.0,debit_card,GB,EUR
PM_003936,4,0,0,0,0,605.98,151.495,98.35,0.005769195505785512,0.0117430447495712,1,4,0,1,0.0,0.0,0.0,0.25,1.0,0.0,0.25,credit_card,PT,EUR
PM_001570,11,0,0,0,0,1028.76,93.52363636363636,88.92,0.0057647666630999,0.0383708988438163,6,11,2,0,0.0,0.0,0.0,0.5454545454545454,1.0,0.18181818181818182,0.0,debit_card,ES,EUR
PM_000521,4,0,0,0,0,264.4,66.1,50.33,0.00575416104303725,0.0157108704172739,1,4,2,1,0.0,0.0,0.0,0.25,1.0,0.5,0.25,credit_card,PT,EUR
PM_006940,5,0,0,0,0,388.56,77.712,48.24,0.0057472237004916596,0.0158257033078854,1,5,2,0,0.0,0.0,0.0,0.2,1.0,0.4,0.0,wallet,PT,EUR
PM_000422,12,0,0,0,0,1553.62,129.46833333333333,93.715,0.005742343607251022,0.0230280565539708,6,12,2,3,0.0,0.0,0.0,0.5,1.0,0.16666666666666666,0.25,bank_transfer,ES,EUR
PM_004674,4,0,0,0,0,468.3,117.075,72.265,0.005739061285808275,0.0122861130899258,1,1,0,0,0.0,0.0,0.0,0.25,0.25,0.0,0.0,debit_card,ES,EUR
PM_007712,14,0,0,0,0,2398.54,171.3242857142857,154.51,0.0057383368000593,0.0447018572846174,9,14,3,0,0.0,0.0,0.0,0.6428571428571429,1.0,0.21428571428571427,0.0,debit_card,PT,EUR
PM_007391,18,0,0,0,0,2105.09,116.94944444444445,102.495,0.005716848996486393,0.0362365028647208,6,7,2,0,0.0,0.0,0.0,0.3333333333333333,0.3888888888888889,0.1111111111111111,0.0,credit_card,ES,EUR
PM_005947,4,0,0,0,0,709.63,177.4075,104.935,0.0057088808823646,0.0124520784019852,2,2,0,0,0.0,0.0,0.0,0.5,0.5,0.0,0.0,bank_transfer,ES,EUR
PM_007647,9,0,0,0,0,488.31,54.25666666666667,52.97,0.005699360720630156,0.0339912468511195,2,9,0,0,0.0,0.0,0.0,0.2222222222222222,1.0,0.0,0.0,debit_card,DE,EUR
PM_002705,4,0,0,0,0,490.51,122.6275,115.74000000000001,0.00567911172881325,0.0118515804265044,1,4,1,0,0.0,0.0,0.0,0.25,1.0,0.25,0.0,credit_card,ES,EUR
PM_002349,3,0,0,0,0,87.14999999999999,29.049999999999997,10.82,0.005677885609785567,0.0166658838113338,1,1,0,3,0.0,0.0,0.0,0.3333333333333333,0.3333333333333333,0.0,1.0,credit_card,ES,EUR
PM_000925,3,0,0,0,0,254.36999999999998,84.78999999999999,110.57,0.005677268672049376,0.0145377939259792,0,0,0,0,0.0,0.0,0.0,0.0,0.0,0.0,0.0,credit_card,ES,EUR
PM_002886,8,0,0,0,0,679.51,84.93875,78.715,0.00566351952460172,0.0259923201610921,3,7,1,0,0.0,0.0,0.0,0.375,0.875,0.125,0.0,credit_card,FR,EUR
PM_000610,11,0,0,0,0,1060.95,96.45,67.97,0.005641770198648728,0.0374114996251729,8,10,2,0,0.0,0.0,0.0,0.7272727272727273,0.9090909090909091,0.18181818181818182,0.0,wallet,IT,EUR
PM_007631,3,0,0,0,0,252.66,84.22,82.99,0.0056289233313075,0.0098034307497626,1,3,1,0,0.0,0.0,0.0,0.3333333333333333,1.0,0.3333333333333333,0.0,credit_card,ES,EUR
PM_004065,4,0,0,0,0,594.6800000000001,148.67000000000002,147.4,0.00562024016012735,0.0134386002727869,1,3,0,0,0.0,0.0,0.0,0.25,0.75,0.0,0.0,credit_card,IT,EUR
PM_005363,7,0,0,0,0,646.6999999999999,92.38571428571427,83.57,0.005618927806188958,0.0331005291939518,4,7,1,0,0.0,0.0,0.0,0.5714285714285714,1.0,0.14285714285714285,0.0,credit_card,PT,EUR
PM_005782,4,0,0,0,0,368.74,92.185,92.12,0.00561854195300915,0.0188053053402817,4,4,1,0,0.0,0.0,0.0,1.0,1.0,0.25,0.0,debit_card,PT,EUR
PM_007845,9,0,0,0,0,956.78,106.30888888888889,60.37,0.005615560646484312,0.0411103008686933,4,9,0,0,0.0,0.0,0.0,0.4444444444444444,1.0,0.0,0.0,credit_card,DE,EUR
PM_001685,4,0,0,0,0,532.24,133.06,77.64500000000001,0.005596420239497325,0.0098345173963236,3,3,0,0,0.0,0.0,0.0,0.75,0.75,0.0,0.0,wallet,PT,EUR
PM_007383,4,0,0,0,0,402.52,100.63,66.14500000000001,0.005594251830727049,0.0212632403818262,1,4,0,0,0.0,0.0,0.0,0.25,1.0,0.0,0.0,credit_card,IT,EUR
PM_009273,6,0,0,0,0,681.77,113.62833333333333,67.15,0.005591659426851583,0.0195800528316799,5,6,0,0,0.0,0.0,0.0,0.8333333333333334,1.0,0.0,0.0,wallet,IT,EUR
PM_002134,4,0,0,0,0,320.4,80.1,72.465,0.005582081607411325,0.0200977909594948,3,4,0,0,0.0,0.0,0.0,0.75,1.0,0.0,0.0,bank_transfer,US,EUR
PM_010925,7,0,0,0,0,514.37,73.48142857142857,44.13,0.0055723282570042275,0.0265051907036663,1,1,0,1,0.0,0.0,0.0,0.14285714285714285,0.14285714285714285,0.0,0.14285714285714285,credit_card,ES,EUR
PM_003801,13,0,0,0,0,1161.99,89.38384615384615,74.93,0.005554155323778994,0.0434071058871942,3,4,0,0,0.0,0.0,0.0,0.23076923076923078,0.3076923076923077,0.0,0.0,credit_card,ES,EUR
PM_001355,7,0,0,0,0,1137.26,162.46571428571428,114.31,0.0055467245405647,0.0289386192386598,5,7,0,0,0.0,0.0,0.0,0.7142857142857143,1.0,0.0,0.0,wallet,IT,EUR
PM_011134,3,0,0,0,0,152.63,50.876666666666665,42.08,0.005539041559526233,0.0163272071476689,2,2,0,0,0.0,0.0,0.0,0.6666666666666666,0.6666666666666666,0.0,0.0,debit_card,PT,EUR
PM_008158,3,0,0,0,0,273.19,91.06333333333333,27.15,0.005534751080581167,0.0120589468473278,2,2,1,1,0.0,0.0,0.0,0.6666666666666666,0.6666666666666666,0.3333333333333333,0.3333333333333333,debit_card,FR,EUR
PM_004702,10,0,0,0,0,1052.75,105.275,60.685,0.005532175041918561,0.0405954141726969,3,10,3,0,0.0,0.0,0.0,0.3,1.0,0.3,0.0,credit_card,FR,EUR
PM_003487,7,0,0,0,0,493.03999999999996,70.4342857142857,34.74,0.00552800424258002,0.0309189216335986,0,1,1,0,0.0,0.0,0.0,0.0,0.14285714285714285,0.14285714285714285,0.0,credit_card,ES,EUR
PM_009283,5,0,0,0,0,501.95000000000005,100.39000000000001,94.56,0.005522819651601209,0.0142913376102772,1,1,0,0,0.0,0.0,0.0,0.2,0.2,0.0,0.0,wallet,ES,EUR
PM_000022,6,0,0,0,0,479.52,79.92,58.980000000000004,0.005520440312219567,0.0305082904762651,3,4,1,0,0.0,0.0,0.0,0.5,0.6666666666666666,0.16666666666666666,0.0,debit_card,ES,EUR
PM_001826,11,0,0,0,0,825.37,75.03363636363636,27.12,0.005519777793439046,0.03856157655891,4,6,1,3,0.0,0.0,0.0,0.36363636363636365,0.5454545454545454,0.09090909090909091,0.2727272727272727,credit_card,ES,EUR
PM_005452,8,0,0,0,0,687.72,85.965,29.405,0.005504259841800738,0.0326237200930074,3,8,1,3,0.0,0.0,0.0,0.375,1.0,0.125,0.375,wallet,GB,EUR
PM_000816,7,0,0,0,0,715.9,102.27142857142857,93.82,0.005497837468165445,0.0240843453016171,4,6,1,0,0.0,0.0,0.0,0.5714285714285714,0.8571428571428571,0.14285714285714285,0.0,wallet,ES,EUR
PM_010824,3,0,0,0,0,643.84,214.61333333333334,143.44,0.0054729453873938,0.0084793340628026,0,3,0,1,0.0,0.0,0.0,0.0,1.0,0.0,0.3333333333333333,bank_transfer,DE,EUR
PM_010765,3,0,0,0,0,444.2,148.06666666666666,86.9,0.005464912588394234,0.008547324620244,0,0,0,0,0.0,0.0,0.0,0.0,0.0,0.0,0.0,wallet,IT,EUR
PM_005523,6,0,0,0,0,211.22,35.20333333333333,25.335,0.005436481269442717,0.0226434543645382,3,6,0,0,0.0,0.0,0.0,0.5,1.0,0.0,0.0,wallet,GB,EUR
PM_004043,6,0,0,0,0,474.07,79.01166666666667,58.8,0.005430332875385549,0.013430854729651,2,6,0,0,0.0,0.0,0.0,0.3333333333333333,1.0,0.0,0.0,wallet,DE,EUR
PM_001129,3,0,0,0,0,283.79,94.59666666666668,90.83,0.0054295538080395,0.0153089499420946,0,1,0,0,0.0,0.0,0.0,0.0,0.3333333333333333,0.0,0.0,credit_card,IT,EUR
PM_004496,6,0,0,0,0,233.99,38.998333333333335,29.455,0.005423602270547496,0.0228736823782457,0,6,1,1,0.0,0.0,0.0,0.0,1.0,0.16666666666666666,0.16666666666666666,debit_card,FR,EUR
PM_009795,4,0,0,0,0,538.9100000000001,134.72750000000002,65.39,0.005412222267227725,0.0163381296663461,0,4,0,1,0.0,0.0,0.0,0.0,1.0,0.0,0.25,credit_card,GB,EUR
PM_004144,5,0,0,0,0,1418.8400000000001,283.76800000000003,341.03,0.00540037703032828,0.0173028405951928,1,5,0,1,0.0,0.0,0.0,0.2,1.0,0.0,0.2,credit_card,FR,EUR
PM_009877,16,0,0,0,0,2051.31,128.206875,45.795,0.005399607858381783,0.0682222860161533,10,15,3,2,0.0,0.0,0.0,0.625,0.9375,0.1875,0.125,debit_card,ES,EUR
PM_000336,6,0,0,0,0,301.99,50.33166666666667,30.035,0.005380909716987698,0.0253096967110848,1,1,0,0,0.0,0.0,0.0,0.16666666666666666,0.16666666666666666,0.0,0.0,credit_card,ES,EUR
PM_002110,3,0,0,0,0,200.79000000000002,66.93,35.66,0.0053743695926956,0.0157558686626687,0,3,2,1,0.0,0.0,0.0,0.0,1.0,0.6666666666666666,0.3333333333333333,debit_card,GB,EUR
PM_005156,4,0,0,0,0,194.65,48.6625,37.385,0.005360532038235025,0.0202041295395657,1,4,1,0,0.0,0.0,0.0,0.25,1.0,0.25,0.0,debit_card,FR,EUR
PM_007524,18,0,0,0,0,1863.76,103.54222222222222,68.495,0.005345664418278311,0.0472205489864003,8,18,0,8,0.0,0.0,0.0,0.4444444444444444,1.0,0.0,0.4444444444444444,debit_card,GB,EUR
PM_007508,3,0,0,0,0,88.37,29.456666666666667,29.05,0.005342561139479867,0.0155445638482446,3,3,1,1,0.0,0.0,0.0,1.0,1.0,0.3333333333333333,0.3333333333333333,wallet,IT,EUR
PM_006959,5,0,0,0,0,946.79,189.358,56.95,0.0053251743442393204,0.0200669322275768,3,5,2,1,0.0,0.0,0.0,0.6,1.0,0.4,0.2,credit_card,DE,EUR
PM_002869,9,0,0,0,0,1097.97,121.99666666666667,99.87,0.005319825899297445,0.01779244792972,5,9,0,1,0.0,0.0,0.0,0.5555555555555556,1.0,0.0,0.1111111111111111,debit_card,US,EUR
PM_002460,4,0,0,0,0,682.47,170.6175,103.15,0.0053036153078709495,0.0182549556097808,1,4,1,0,0.0,0.0,0.0,0.25,1.0,0.25,0.0,debit_card,IT,EUR
PM_009496,6,0,0,0,0,667.4,111.23333333333333,63.28,0.005298334166076033,0.0250018654307445,4,6,0,0,0.0,0.0,0.0,0.6666666666666666,1.0,0.0,0.0,credit_card,ES,EUR
PM_008720,6,0,0,0,0,260.95,43.49166666666667,30.064999999999998,0.0052788807773894416,0.0209875061912315,2,6,0,0,0.0,0.0,0.0,0.3333333333333333,1.0,0.0,0.0,debit_card,FR,EUR
PM_007850,3,0,0,0,0,89.48,29.826666666666668,32.68,0.005276905832886934,0.0145579206866928,1,1,0,3,0.0,0.0,0.0,0.3333333333333333,0.3333333333333333,0.0,1.0,debit_card,FR,EUR
PM_000365,9,0,0,0,0,723.09,80.34333333333333,37.79,0.0052658143934747334,0.0231944469926078,5,9,1,1,0.0,0.0,0.0,0.5555555555555556,1.0,0.1111111111111111,0.1111111111111111,wallet,PT,EUR
PM_008518,3,0,0,0,0,184.51,61.50333333333333,84.35,0.0052595322004084,0.0146703772591848,2,3,0,0,0.0,0.0,0.0,0.6666666666666666,1.0,0.0,0.0,debit_card,ES,EUR
PM_003702,3,0,0,0,0,83.44,27.813333333333333,20.92,0.0052539499674105665,0.0102711677943413,1,3,1,0,0.0,0.0,0.0,0.3333333333333333,1.0,0.3333333333333333,0.0,debit_card,ES,EUR
PM_010007,4,0,0,0,0,337.31,84.3275,58.36,0.005247997018151851,0.0195697684459649,1,1,0,3,0.0,0.0,0.0,0.25,0.25,0.0,0.75,debit_card,ES,EUR
PM_010138,4,0,0,0,0,202.23000000000002,50.557500000000005,43.475,0.0052468057245931,0.0102332020896235,3,3,1,0,0.0,0.0,0.0,0.75,0.75,0.25,0.0,credit_card,ES,EUR
PM_000685,8,0,0,0,0,885.92,110.74,102.84,0.005237632406333813,0.0130901278523388,4,8,1,0,0.0,0.0,0.0,0.5,1.0,0.125,0.0,debit_card,DE,EUR
PM_003344,3,0,0,0,0,59.230000000000004,19.743333333333336,18.32,0.005212722600430799,0.0153321846310444,0,3,0,0,0.0,0.0,0.0,0.0,1.0,0.0,0.0,debit_card,PT,EUR
PM_001706,4,0,0,0,0,203.39000000000001,50.847500000000004,29.47,0.005209248840699949,0.0200073747893866,1,1,0,0,0.0,0.0,0.0,0.25,0.25,0.0,0.0,debit_card,ES,EUR
PM_009874,3,0,0,0,0,198.20000000000002,66.06666666666668,41.26,0.005209164481169448,0.0154328581379119,1,3,0,0,0.0,0.0,0.0,0.3333333333333333,1.0,0.0,0.0,bank_transfer,US,EUR
PM_000470,5,0,0,0,0,256.8,51.36,36.65,0.0052077547656232594,0.0239841044265461,3,5,0,0,0.0,0.0,0.0,0.6,1.0,0.0,0.0,wallet,IT,EUR
PM_002319,4,0,0,0,0,497.40999999999997,124.35249999999999,133.14499999999998,0.005205056955686875,0.008460777471714,3,4,0,2,0.0,0.0,0.0,0.75,1.0,0.0,0.5,credit_card,DE,EUR
PM_009093,9,0,0,0,0,991.31,110.14555555555555,71.82,0.005201996390454545,0.0376656248705966,1,9,0,6,0.0,0.0,0.0,0.1111111111111111,1.0,0.0,0.6666666666666666,credit_card,DE,EUR
PM_004108,8,0,0,0,0,383.08000000000004,47.885000000000005,30.725,0.0051997958376437045,0.0231766354824242,5,8,1,0,0.0,0.0,0.0,0.625,1.0,0.125,0.0,debit_card,ES,EUR
PM_009794,5,0,0,0,0,418.31,83.662,13.35,0.005187274919816729,0.0205065492037388,2,5,0,5,0.0,0.0,0.0,0.4,1.0,0.0,1.0,credit_card,GB,EUR
PM_011165,4,0,0,0,0,318.09000000000003,79.52250000000001,46.865,0.005181409191426825,0.0141207505053398,1,4,0,0,0.0,0.0,0.0,0.25,1.0,0.0,0.0,wallet,ES,EUR
PM_000341,4,0,0,0,0,225.36,56.34,53.790000000000006,0.0051694958602312505,0.0139774626927779,0,4,0,0,0.0,0.0,0.0,0.0,1.0,0.0,0.0,credit_card,DE,EUR
PM_009235,4,0,0,0,0,356.5,89.125,48.975,0.0051623127604521,0.0094707082945223,2,4,1,3,0.0,0.0,0.0,0.5,1.0,0.25,0.75,debit_card,ES,EUR
PM_007601,12,0,0,0,0,747.4499999999999,62.287499999999994,48.230000000000004,0.005160755750963625,0.0409018633481816,7,12,2,0,0.0,0.0,0.0,0.5833333333333334,1.0,0.16666666666666666,0.0,debit_card,GB,EUR
PM_007126,5,0,0,0,0,391.13,78.226,47.64,0.005155022106753513,0.0182667108886152,3,3,0,0,0.0,0.0,0.0,0.6,0.6,0.0,0.0,debit_card,ES,EUR
PM_007630,6,0,0,0,0,408.37,68.06166666666667,24.86,0.005143277531926783,0.011646760246073,2,3,1,0,0.0,0.0,0.0,0.3333333333333333,0.5,0.16666666666666666,0.0,credit_card,ES,EUR
PM_006816,4,0,0,0,0,535.97,133.9925,53.01,0.005137665463321724,0.0192634020112295,2,4,0,0,0.0,0.0,0.0,0.5,1.0,0.0,0.0,wallet,US,EUR
PM_005902,6,0,0,0,0,417.84000000000003,69.64,71.45,0.005132877322743285,0.0208097159112801,4,6,0,0,0.0,0.0,0.0,0.6666666666666666,1.0,0.0,0.0,credit_card,IT,EUR
PM_007013,15,0,0,0,0,1369.36,91.29066666666667,60.25,0.005132604746360955,0.0583786848821352,5,15,2,2,0.0,0.0,0.0,0.3333333333333333,1.0,0.13333333333333333,0.13333333333333333,debit_card,IT,EUR
PM_001353,4,0,0,0,0,155.01000000000002,38.752500000000005,29.880000000000003,0.00511500271001205,0.0198268836907728,0,4,1,0,0.0,0.0,0.0,0.0,1.0,0.25,0.0,credit_card,IT,EUR
PM_006403,7,0,0,0,0,500.17,71.45285714285714,69.77,0.00509066412311347,0.029261944814275,3,7,1,0,0.0,0.0,0.0,0.42857142857142855,1.0,0.14285714285714285,0.0,credit_card,IT,EUR
PM_006496,4,0,0,0,0,181.62,45.405,45.45,0.005059897586460575,0.0119354176389011,1,4,0,0,0.0,0.0,0.0,0.25,1.0,0.0,0.0,debit_card,FR,EUR
PM_004737,14,0,0,0,0,1168.27,83.44785714285715,68.44,0.0050569060825136364,0.0279244126862074,8,12,2,3,0.0,0.0,0.0,0.5714285714285714,0.8571428571428571,0.14285714285714285,0.21428571428571427,credit_card,PT,EUR
PM_000913,5,0,0,0,0,819.78,163.956,145.6,0.00503555457198668,0.0242291453082206,0,5,0,0,0.0,0.0,0.0,0.0,1.0,0.0,0.0,credit_card,US,EUR
PM_008384,4,0,0,0,0,209.46,52.365,14.149999999999999,0.00502971489324545,0.0191052931199675,0,4,0,0,0.0,0.0,0.0,0.0,1.0,0.0,0.0,debit_card,PT,EUR
PM_004802,5,0,0,0,0,332.38,66.476,48.07,0.005028897627810062,0.0239930523727255,4,5,0,0,0.0,0.0,0.0,0.8,1.0,0.0,0.0,bank_transfer,DE,EUR
PM_011282,4,0,0,0,0,84.84,21.21,19.634999999999998,0.00501992009397635,0.0113489071426012,2,4,1,2,0.0,0.0,0.0,0.5,1.0,0.25,0.5,debit_card,FR,EUR
PM_002651,8,0,0,0,0,338.46000000000004,42.307500000000005,42.370000000000005,0.00501216452067262,0.0255375904314774,3,8,0,0,0.0,0.0,0.0,0.375,1.0,0.0,0.0,debit_card,ES,EUR
PM_002743,7,0,0,0,0,529.97,75.71000000000001,58.83,0.0050080194492961,0.0229583282411458,4,7,2,0,0.0,0.0,0.0,0.5714285714285714,1.0,0.2857142857142857,0.0,debit_card,ES,EUR
PM_003264,13,0,0,0,0,383.02,29.463076923076922,20.52,0.0050036884047155,0.0389032759207307,8,11,4,0,0.0,0.0,0.0,0.6153846153846154,0.8461538461538461,0.3076923076923077,0.0,wallet,FR,EUR
PM_008583,3,0,0,0,0,287.41,95.80333333333334,47.83,0.005001247941254433,0.0147017729062768,2,3,0,0,0.0,0.0,0.0,0.6666666666666666,1.0,0.0,0.0,debit_card,IT,EUR
PM_007113,7,0,0,0,0,148.03,21.147142857142857,18.69,0.004998375065433297,0.0253511075834119,0,7,0,2,0.0,0.0,0.0,0.0,1.0,0.0,0.2857142857142857,credit_card,FR,EUR
PM_001805,15,0,0,0,0,2478.24,165.21599999999998,120.39,0.00499767740869,0.0450957866599111,11,12,1,0,0.0,0.0,0.0,0.7333333333333333,0.8,0.06666666666666667,0.0,debit_card,IT,EUR
PM_010774,6,0,0,0,0,1041.92,173.65333333333334,160.385,0.004984421425603096,0.0146882933393197,4,6,1,0,0.0,0.0,0.0,0.6666666666666666,1.0,0.16666666666666666,0.0,debit_card,FR,EUR
PM_006299,4,0,0,0,0,195.87,48.9675,46.67,0.004980328021216775,0.0139163517101873,2,3,0,0,0.0,0.0,0.0,0.5,0.75,0.0,0.0,credit_card,ES,EUR
PM_010506,9,0,0,0,0,627.44,69.71555555555557,41.36,0.004976696332883524,0.0397397717384395,2,9,0,7,0.0,0.0,0.0,0.2222222222222222,1.0,0.0,0.7777777777777778,debit_card,GB,EUR
PM_007919,3,0,0,0,0,436.33,145.44333333333333,166.98,0.004975341780123067,0.0133676007826343,1,3,0,0,0.0,0.0,0.0,0.3333333333333333,1.0,0.0,0.0,credit_card,PT,EUR
PM_005012,4,0,0,0,0,409.28000000000003,102.32000000000001,106.98500000000001,0.0049729939800585,0.0155437994196634,3,4,1,0,0.0,0.0,0.0,0.75,1.0,0.25,0.0,credit_card,PT,EUR
PM_001527,5,0,0,0,0,490.53000000000003,98.10600000000001,73.19,0.00497154224525222,0.0122082572035599,0,0,0,0,0.0,0.0,0.0,0.0,0.0,0.0,0.0,debit_card,ES,EUR
PM_007732,4,0,0,0,0,342.53999999999996,85.63499999999999,79.88,0.004960202474632474,0.015770595976086,2,2,0,0,0.0,0.0,0.0,0.5,0.5,0.0,0.0,bank_transfer,FR,EUR
PM_007244,4,0,0,0,0,51.18,12.795,12.899999999999999,0.004950402041407739,0.019370190828412,1,1,0,0,0.0,0.0,0.0,0.25,0.25,0.0,0.0,debit_card,ES,EUR
PM_006082,13,0,0,0,0,604.6,46.50769230769231,33.87,0.004949612758177531,0.034609083486501,4,13,1,5,0.0,0.0,0.0,0.3076923076923077,1.0,0.07692307692307693,0.38461538461538464,credit_card,US,EUR
PM_008204,3,0,0,0,0,280.21999999999997,93.40666666666665,68.27,0.0049350657000188335,0.0136872715532229,2,3,0,1,0.0,0.0,0.0,0.6666666666666666,1.0,0.0,0.3333333333333333,credit_card,ES,EUR
PM_002008,7,0,0,0,0,954.27,136.3242857142857,127.31,0.004933359351120667,0.027167276716617,3,7,3,2,0.0,0.0,0.0,0.42857142857142855,1.0,0.42857142857142855,0.2857142857142857,credit_card,GB,EUR
PM_004341,3,0,0,0,0,171.95,57.31666666666666,50.51,0.004931499571598834,0.0141544193818799,2,2,0,0,0.0,0.0,0.0,0.6666666666666666,0.6666666666666666,0.0,0.0,wallet,PT,EUR
PM_011979,3,0,0,0,0,88.08,29.36,25.8,0.004924093293656166,0.0143859490963342,1,3,0,0,0.0,0.0,0.0,0.3333333333333333,1.0,0.0,0.0,credit_card,PT,EUR
PM_009737,4,0,0,0,0,242.45,60.6125,69.17,0.00490766603614055,0.0130515033331109,3,3,0,0,0.0,0.0,0.0,0.75,0.75,0.0,0.0,credit_card,FR,EUR
PM_000516,8,0,0,0,0,361.12,45.14,32.589999999999996,0.004879535641192338,0.0243108151813539,3,7,1,0,0.0,0.0,0.0,0.375,0.875,0.125,0.0,debit_card,FR,EUR
PM_009613,3,0,0,0,0,72.33,24.11,19.47,0.0048732522373475,0.0142186935793619,1,2,0,0,0.0,0.0,0.0,0.3333333333333333,0.6666666666666666,0.0,0.0,wallet,FR,EUR
PM_007374,10,0,0,0,0,530.39,53.039,31.630000000000003,0.004871967398387446,0.0307947550234384,5,6,2,0,0.0,0.0,0.0,0.5,0.6,0.2,0.0,wallet,IT,EUR
PM_001373,3,0,0,0,0,61.650000000000006,20.55,18.01,0.0048695759908555,0.0105724517151283,1,2,0,0,0.0,0.0,0.0,0.3333333333333333,0.6666666666666666,0.0,0.0,credit_card,PT,EUR
PM_009373,9,0,0,0,0,551.25,61.25,36.41,0.0048587905089131226,0.0183551032338789,8,9,1,4,0.0,0.0,0.0,0.8888888888888888,1.0,0.1111111111111111,0.4444444444444444,debit_card,US,EUR
PM_008408,9,0,0,0,0,749.61,83.29,54.54,0.004844856457615302,0.0350560060667487,8,9,0,0,0.0,0.0,0.0,0.8888888888888888,1.0,0.0,0.0,credit_card,PT,EUR
PM_005426,5,0,0,0,0,668.9399999999999,133.78799999999998,125.6,0.004844244688936261,0.0212142425976196,5,5,0,0,0.0,0.0,0.0,1.0,1.0,0.0,0.0,credit_card,ES,EUR
PM_001508,3,0,0,0,0,111.77,37.25666666666667,42.26,0.004843270860139433,0.009784642192961,2,3,0,0,0.0,0.0,0.0,0.6666666666666666,1.0,0.0,0.0,credit_card,IT,EUR
PM_011199,3,0,0,0,0,168.05,56.01666666666667,30.09,0.0048361769409352,0.0069132619876984,1,3,0,0,0.0,0.0,0.0,0.3333333333333333,1.0,0.0,0.0,debit_card,FR,EUR
PM_008232,3,0,0,0,0,325.78,108.59333333333332,34.37,0.004824981035871733,0.0139413186757593,3,3,0,0,0.0,0.0,0.0,1.0,1.0,0.0,0.0,credit_card,ES,EUR
PM_009596,3,0,0,0,0,284.03999999999996,94.67999999999999,106.11,0.0048219550454005,0.013582213590433,2,3,0,0,0.0,0.0,0.0,0.6666666666666666,1.0,0.0,0.0,debit_card,FR,EUR
PM_007644,7,0,0,0,0,242.67,34.667142857142856,31.26,0.004818807352963828,0.0117287101152646,3,7,3,1,0.0,0.0,0.0,0.42857142857142855,1.0,0.42857142857142855,0.14285714285714285,debit_card,FR,EUR
PM_010908,3,0,0,0,0,150.26,50.086666666666666,33.1,0.004817788822388466,0.0135357289113718,1,3,0,0,0.0,0.0,0.0,0.3333333333333333,1.0,0.0,0.0,wallet,DE,EUR
PM_003007,3,0,0,0,0,131.43,43.81,24.61,0.004811906795828367,0.0118251032266418,0,1,0,0,0.0,0.0,0.0,0.0,0.3333333333333333,0.0,0.0,credit_card,ES,EUR
PM_008505,7,0,0,0,0,307.13,43.87571428571429,23.05,0.004804943656622257,0.0177240707531831,2,7,0,0,0.0,0.0,0.0,0.2857142857142857,1.0,0.0,0.0,debit_card,US,EUR
PM_008929,7,0,0,0,0,347.72,49.674285714285716,15.06,0.004803859905696625,0.0194140775511329,3,7,0,1,0.0,0.0,0.0,0.42857142857142855,1.0,0.0,0.14285714285714285,credit_card,DE,EUR
PM_002934,3,0,0,0,0,180.10999999999999,60.03666666666666,62.05,0.004801534467949967,0.0078630533156807,0,3,0,0,0.0,0.0,0.0,0.0,1.0,0.0,0.0,debit_card,FR,EUR
PM_005563,4,0,0,0,0,270.53000000000003,67.63250000000001,56.535,0.00479004999134015,0.0155922243506756,3,3,0,0,0.0,0.0,0.0,0.75,0.75,0.0,0.0,bank_transfer,DE,EUR
PM_000177,4,0,0,0,0,275.2,68.8,73.01,0.004788649300412975,0.0178333385237462,2,4,0,2,0.0,0.0,0.0,0.5,1.0,0.0,0.5,credit_card,ES,EUR
PM_002482,8,0,0,0,0,695.97,86.99625,68.91,0.004787992084794052,0.026039068484204,5,8,1,0,0.0,0.0,0.0,0.625,1.0,0.125,0.0,debit_card,US,EUR
PM_009632,5,0,0,0,0,831.47,166.294,116.31,0.00477438713124426,0.0207583700081121,4,5,2,0,0.0,0.0,0.0,0.8,1.0,0.4,0.0,debit_card,PT,EUR
PM_009943,5,0,0,0,0,251.03,50.206,38.27,0.00477151744534698,0.0116541948617855,3,3,0,0,0.0,0.0,0.0,0.6,0.6,0.0,0.0,credit_card,DE,EUR
PM_008436,4,0,0,0,0,443.90000000000003,110.97500000000001,83.765,0.004769962196983525,0.0175493405955202,0,4,0,0,0.0,0.0,0.0,0.0,1.0,0.0,0.0,wallet,US,EUR
PM_009217,3,0,0,0,0,81.86999999999999,27.289999999999996,32.76,0.0047669392614835,0.0139914732947903,0,1,1,0,0.0,0.0,0.0,0.0,0.3333333333333333,0.3333333333333333,0.0,credit_card,ES,EUR
PM_008134,3,0,0,0,0,316.79,105.59666666666668,105.56,0.0047659159643953335,0.0133733078060279,2,3,0,0,0.0,0.0,0.0,0.6666666666666666,1.0,0.0,0.0,wallet,ES,EUR
PM_010904,10,0,0,0,0,630.1800000000001,63.01800000000001,52.805,0.00475888896424646,0.0207474034993447,4,7,1,0,0.0,0.0,0.0,0.4,0.7,0.1,0.0,wallet,ES,EUR
PM_009228,5,0,0,0,0,165.59,33.118,29.62,0.00475516784412042,0.0082630960878598,3,5,0,0,0.0,0.0,0.0,0.6,1.0,0.0,0.0,credit_card,ES,EUR
PM_008076,3,0,0,0,0,130.72,43.57333333333333,33.46,0.0047530445806177,0.0087876159199575,2,3,0,2,0.0,0.0,0.0,0.6666666666666666,1.0,0.0,0.6666666666666666,wallet,US,EUR
PM_005116,4,0,0,0,0,379.98,94.995,64.845,0.00472871364338715,0.0146129893769483,2,4,0,0,0.0,0.0,0.0,0.5,1.0,0.0,0.0,wallet,US,EUR
PM_007393,17,0,0,0,0,2121.69,124.80529411764707,85.19,0.004727135261602447,0.0470604470335922,7,17,3,9,0.0,0.0,0.0,0.4117647058823529,1.0,0.17647058823529413,0.5294117647058824,credit_card,FR,EUR
PM_009175,4,0,0,0,0,290.72,72.68,67.29,0.004721825971967301,0.0157252341345563,2,4,0,0,0.0,0.0,0.0,0.5,1.0,0.0,0.0,credit_card,DE,EUR
PM_009903,3,0,0,0,0,271.85,90.61666666666667,84.76,0.004719734597304734,0.0136762602777327,0,3,0,2,0.0,0.0,0.0,0.0,1.0,0.0,0.6666666666666666,debit_card,US,EUR
PM_002027,10,0,0,0,0,1228.52,122.852,96.24000000000001,0.00470608547323677,0.0270903705832909,7,10,1,0,0.0,0.0,0.0,0.7,1.0,0.1,0.0,credit_card,IT,EUR
PM_011617,3,0,0,0,0,507.19,169.06333333333333,165.97,0.0046955008789898,0.0068477792276177,1,3,0,0,0.0,0.0,0.0,0.3333333333333333,1.0,0.0,0.0,credit_card,FR,EUR
PM_005254,5,0,0,0,0,513.83,102.766,51.1,0.004694913075592123,0.0223021784250109,3,3,1,0,0.0,0.0,0.0,0.6,0.6,0.2,0.0,credit_card,ES,EUR
PM_004916,12,0,0,0,0,762.66,63.555,28.195,0.004689565422513416,0.0453749588598638,7,9,1,0,0.0,0.0,0.0,0.5833333333333334,0.75,0.08333333333333333,0.0,credit_card,PT,EUR
PM_007904,7,0,0,0,0,314.43,44.91857142857143,41.23,0.004684832087434728,0.0206694408982223,2,7,1,0,0.0,0.0,0.0,0.2857142857142857,1.0,0.14285714285714285,0.0,debit_card,ES,EUR
PM_001968,5,0,0,0,0,559.9,111.97999999999999,118.09,0.0046699530196451,0.012575214731675,3,5,3,0,0.0,0.0,0.0,0.6,1.0,0.6,0.0,credit_card,US,EUR
PM_004492,10,0,0,0,0,1251.1299999999999,125.11299999999999,41.085,0.004666037620018241,0.0358931695728978,3,10,0,1,0.0,0.0,0.0,0.3,1.0,0.0,0.1,debit_card,US,EUR
PM_001123,5,0,0,0,0,249.86,49.972,32.74,0.0046606957511715,0.0145908805531315,1,5,0,0,0.0,0.0,0.0,0.2,1.0,0.0,0.0,debit_card,DE,EUR
PM_001959,9,0,0,0,0,462.55,51.394444444444446,42.41,0.004660232677953861,0.0137016896827944,4,9,1,0,0.0,0.0,0.0,0.4444444444444444,1.0,0.1111111111111111,0.0,wallet,US,EUR
PM_003720,3,0,0,0,0,192.5,64.16666666666667,53.5,0.004647037445953,0.0097369014277223,2,2,0,0,0.0,0.0,0.0,0.6666666666666666,0.6666666666666666,0.0,0.0,credit_card,ES,EUR
PM_010455,7,0,0,0,0,261.55,37.364285714285714,23.34,0.004645449678745754,0.013230569488715,2,7,0,5,0.0,0.0,0.0,0.2857142857142857,1.0,0.0,0.7142857142857143,debit_card,ES,EUR
PM_004310,11,0,0,0,0,774.4200000000001,70.40181818181819,59.42,0.0046449327682922086,0.0214283138756692,7,10,0,0,0.0,0.0,0.0,0.6363636363636364,0.9090909090909091,0.0,0.0,credit_card,DE,EUR
PM_006088,3,0,0,0,0,797.18,265.72666666666663,280.33,0.004633652649614801,0.0126213788743055,1,2,1,0,0.0,0.0,0.0,0.3333333333333333,0.6666666666666666,0.3333333333333333,0.0,credit_card,ES,EUR
PM_007263,3,0,0,0,0,873.42,291.14,247.26,0.0046306251660868,0.0080275981493088,0,3,1,0,0.0,0.0,0.0,0.0,1.0,0.3333333333333333,0.0,wallet,ES,EUR
PM_000785,5,0,0,0,0,1013.02,202.60399999999998,53.67,0.0046302223145872,0.0089905875147848,2,5,1,1,0.0,0.0,0.0,0.4,1.0,0.2,0.2,credit_card,DE,EUR
PM_006706,12,0,0,0,0,510.87,42.5725,22.18,0.004623415858293977,0.0392984325151646,4,12,1,0,0.0,0.0,0.0,0.3333333333333333,1.0,0.08333333333333333,0.0,debit_card,ES,EUR
PM_001984,9,0,0,0,0,379.05999999999995,42.117777777777775,26.11,0.0046138126786636445,0.0304188185314974,7,9,1,0,0.0,0.0,0.0,0.7777777777777778,1.0,0.1111111111111111,0.0,credit_card,DE,EUR
PM_007954,7,0,0,0,0,901.6,128.8,52.09,0.004613735215248394,0.01296671858574,2,7,0,2,0.0,0.0,0.0,0.2857142857142857,1.0,0.0,0.2857142857142857,credit_card,US,EUR
PM_009547,5,0,0,0,0,282.55,56.510000000000005,45.75,0.004601259950219519,0.0147398982955255,2,5,0,0,0.0,0.0,0.0,0.4,1.0,0.0,0.0,credit_card,PT,EUR
PM_010833,8,0,0,0,0,892.19,111.52375,91.36,0.004593569796472275,0.0155102891672576,4,8,1,0,0.0,0.0,0.0,0.5,1.0,0.125,0.0,wallet,FR,EUR
PM_011160,5,0,0,0,0,211.15,42.230000000000004,26.03,0.00459084339850956,0.0106925946767747,1,1,0,0,0.0,0.0,0.0,0.2,0.2,0.0,0.0,credit_card,ES,EUR
PM_010988,12,0,0,0,0,775.91,64.65916666666666,48.365,0.004585576480035624,0.0266178066044423,6,12,0,5,0.0,0.0,0.0,0.5,1.0,0.0,0.4166666666666667,credit_card,PT,EUR
PM_007708,4,0,0,0,0,173.6,43.4,47.53,0.0045829834978903744,0.0165768851079217,1,4,0,0,0.0,0.0,0.0,0.25,1.0,0.0,0.0,wallet,GB,EUR
PM_003527,7,0,0,0,0,580.01,82.85857142857142,31.2,0.004570035980092279,0.0182051761229871,3,6,1,0,0.0,0.0,0.0,0.42857142857142855,0.8571428571428571,0.14285714285714285,0.0,wallet,ES,EUR
PM_011810,8,0,0,0,0,875.76,109.47,45.585,0.004568234020703875,0.0264948883125816,3,8,0,0,0.0,0.0,0.0,0.375,1.0,0.0,0.0,credit_card,DE,EUR
PM_002587,3,0,0,0,0,107.0,35.666666666666664,39.89,0.0045581885368216335,0.0132700673532379,1,3,1,0,0.0,0.0,0.0,0.3333333333333333,1.0,0.3333333333333333,0.0,wallet,DE,EUR
PM_003571,3,0,0,0,0,220.35999999999999,73.45333333333333,97.44,0.004552159251121767,0.0055983816049385,1,3,0,1,0.0,0.0,0.0,0.3333333333333333,1.0,0.0,0.3333333333333333,debit_card,FR,EUR
PM_010409,6,0,0,0,0,353.42,58.903333333333336,22.035,0.0045491427796236165,0.0253076862878545,3,6,0,6,0.0,0.0,0.0,0.5,1.0,0.0,1.0,credit_card,ES,EUR
PM_002912,6,0,0,0,0,482.58,80.42999999999999,55.07000000000001,0.004539989389437925,0.0218717181550905,4,6,1,4,0.0,0.0,0.0,0.6666666666666666,1.0,0.16666666666666666,0.6666666666666666,debit_card,ES,EUR
PM_002806,5,0,0,0,0,283.24,56.648,19.55,0.0045233511928803,0.0168415445812034,1,5,0,0,0.0,0.0,0.0,0.2,1.0,0.0,0.0,credit_card,IT,EUR
PM_003063,4,0,0,0,0,470.46000000000004,117.61500000000001,116.57000000000001,0.0045127470924901,0.0108774946781092,1,4,0,0,0.0,0.0,0.0,0.25,1.0,0.0,0.0,wallet,GB,EUR
PM_000364,3,0,0,0,0,281.69,93.89666666666666,116.57,0.004490709885187067,0.0105770112143134,0,3,2,0,0.0,0.0,0.0,0.0,1.0,0.6666666666666666,0.0,credit_card,US,EUR
PM_010574,7,0,0,0,0,397.53000000000003,56.790000000000006,30.17,0.004486934145388858,0.0186694090923923,3,3,0,0,0.0,0.0,0.0,0.42857142857142855,0.42857142857142855,0.0,0.0,credit_card,ES,EUR
PM_001370,4,0,0,0,0,119.74,29.935,28.229999999999997,0.00448692403552235,0.0172440494967668,0,1,1,0,0.0,0.0,0.0,0.0,0.25,0.25,0.0,credit_card,ES,EUR
PM_003397,4,0,0,0,0,384.42,96.105,79.715,0.004477253788565018,0.0115166449383118,3,4,0,0,0.0,0.0,0.0,0.75,1.0,0.0,0.0,credit_card,ES,EUR
PM_009706,8,0,0,0,0,258.86,32.3575,28.585,0.004476568007729688,0.0128649831433516,4,8,1,3,0.0,0.0,0.0,0.5,1.0,0.125,0.375,wallet,US,EUR
PM_006365,7,0,0,0,0,597.77,85.39571428571428,54.07,0.0044747699030091145,0.0159092617590897,3,3,0,0,0.0,0.0,0.0,0.42857142857142855,0.42857142857142855,0.0,0.0,debit_card,ES,EUR
PM_009679,8,0,0,0,0,649.67,81.20875,86.185,0.004473940066045359,0.0250251591187098,6,8,1,2,0.0,0.0,0.0,0.75,1.0,0.125,0.25,credit_card,IT,EUR
PM_004501,8,0,0,0,0,231.4,28.925,22.425,0.004455585821951963,0.0218364253888236,3,8,1,1,0.0,0.0,0.0,0.375,1.0,0.125,0.125,debit_card,US,EUR
PM_006376,5,0,0,0,0,505.69,101.138,81.09,0.00444934571575476,0.0096357473173097,1,4,2,0,0.0,0.0,0.0,0.2,0.8,0.4,0.0,wallet,ES,EUR
PM_002032,10,0,0,0,0,563.0,56.3,49.05,0.00443639548428671,0.0215963905932297,3,10,2,0,0.0,0.0,0.0,0.3,1.0,0.2,0.0,wallet,IT,EUR
PM_002545,4,0,0,0,0,449.27,112.3175,86.45,0.004435961367794175,0.0125005239246996,1,2,1,1,0.0,0.0,0.0,0.25,0.5,0.25,0.25,wallet,FR,EUR
PM_002117,6,0,0,0,0,336.36,56.06,38.15,0.004425757239070548,0.016988470417063,3,6,0,0,0.0,0.0,0.0,0.5,1.0,0.0,0.0,credit_card,GB,EUR
PM_000546,7,0,0,0,0,790.01,112.85857142857142,69.1,0.004419729592350528,0.0267591148402711,4,7,0,0,0.0,0.0,0.0,0.5714285714285714,1.0,0.0,0.0,credit_card,PT,EUR
PM_006444,3,0,0,0,0,182.67999999999998,60.893333333333324,28.2,0.004419133313442534,0.0123387122127119,2,3,2,3,0.0,0.0,0.0,0.6666666666666666,1.0,0.6666666666666666,1.0,wallet,ES,EUR
PM_000031,9,0,0,0,0,857.46,95.27333333333334,24.92,0.004419067292953608,0.0234265797586169,8,9,1,0,0.0,0.0,0.0,0.8888888888888888,1.0,0.1111111111111111,0.0,credit_card,GB,EUR
PM_006121,8,0,0,0,0,1186.3600000000001,148.29500000000002,109.075,0.004393583069953412,0.0142133019858335,2,4,2,0,0.0,0.0,0.0,0.25,0.5,0.25,0.0,wallet,ES,EUR
PM_009248,10,0,0,0,0,574.4200000000001,57.44200000000001,38.125,0.00438962867473522,0.0210145281283448,4,10,1,0,0.0,0.0,0.0,0.4,1.0,0.1,0.0,wallet,US,EUR
PM_006844,5,0,0,0,0,226.78,45.356,50.73,0.004382717337288679,0.0164777039547711,5,5,1,1,0.0,0.0,0.0,1.0,1.0,0.2,0.2,wallet,DE,EUR
PM_001795,8,0,0,0,0,714.39,89.29875,39.275,0.004377377344850038,0.0190987694323557,5,6,1,0,0.0,0.0,0.0,0.625,0.75,0.125,0.0,wallet,ES,EUR
PM_004559,3,0,0,0,0,1356.02,452.00666666666666,404.21,0.004368748377004934,0.0120053071317106,2,3,1,0,0.0,0.0,0.0,0.6666666666666666,1.0,0.3333333333333333,0.0,wallet,IT,EUR
PM_010528,3,0,0,0,0,92.69,30.896666666666665,28.12,0.004365255199110967,0.0127166763204083,0,3,0,0,0.0,0.0,0.0,0.0,1.0,0.0,0.0,wallet,ES,EUR
PM_009793,3,0,0,0,0,263.44,87.81333333333333,12.87,0.004364027728340199,0.0127436554133012,1,3,0,0,0.0,0.0,0.0,0.3333333333333333,1.0,0.0,0.0,credit_card,IT,EUR
PM_001623,10,0,0,0,0,766.6800000000001,76.668,56.03,0.00436182314142805,0.0224206483482256,1,2,0,0,0.0,0.0,0.0,0.1,0.2,0.0,0.0,credit_card,ES,EUR
PM_000726,3,0,0,0,0,80.02,26.673333333333332,27.83,0.004347121632100866,0.0123545317884011,3,3,1,0,0.0,0.0,0.0,1.0,1.0,0.3333333333333333,0.0,credit_card,IT,EUR
PM_001769,3,0,0,0,0,305.96999999999997,101.99,59.96,0.004338277887924866,0.0103312533520471,0,1,1,1,0.0,0.0,0.0,0.0,0.3333333333333333,0.3333333333333333,0.3333333333333333,credit_card,ES,EUR
PM_008077,4,0,0,0,0,236.12,59.03,42.21,0.004337381247774825,0.0120466576195429,1,4,0,0,0.0,0.0,0.0,0.25,1.0,0.0,0.0,credit_card,GB,EUR
PM_005035,15,0,0,0,0,1798.88,119.92533333333334,46.52,0.004323155657538821,0.0240652393646926,6,15,3,1,0.0,0.0,0.0,0.4,1.0,0.2,0.06666666666666667,debit_card,PT,EUR
PM_007825,4,0,0,0,0,229.04,57.26,61.599999999999994,0.00431921364222075,0.0127010839935974,2,4,2,0,0.0,0.0,0.0,0.5,1.0,0.5,0.0,debit_card,ES,EUR
PM_002439,8,0,0,0,0,1145.12,143.14,87.265,0.004314004063030663,0.0100517503178586,1,2,1,1,0.0,0.0,0.0,0.125,0.25,0.125,0.125,credit_card,ES,EUR
PM_011368,4,0,0,0,0,144.82,36.205,23.73,0.0043113624497271,0.008746808923029,1,3,2,0,0.0,0.0,0.0,0.25,0.75,0.5,0.0,wallet,PT,EUR
PM_000389,4,0,0,0,0,241.95999999999998,60.489999999999995,60.004999999999995,0.0043088028900008,0.010386399408881,1,4,1,2,0.0,0.0,0.0,0.25,1.0,0.25,0.5,wallet,US,EUR
PM_005881,5,0,0,0,0,140.54,28.107999999999997,29.66,0.00430309023397974,0.0058148277018507,5,5,2,4,0.0,0.0,0.0,1.0,1.0,0.4,0.8,wallet,PT,EUR
PM_003950,6,0,0,0,0,292.90999999999997,48.81833333333333,45.790000000000006,0.0043008236540363,0.0165494209166186,2,2,0,0,0.0,0.0,0.0,0.3333333333333333,0.3333333333333333,0.0,0.0,credit_card,ES,EUR
PM_011930,9,0,0,0,0,631.64,70.18222222222222,71.68,0.004298781163864089,0.0131361856933201,0,9,1,0,0.0,0.0,0.0,0.0,1.0,0.1111111111111111,0.0,debit_card,FR,EUR
PM_001935,5,0,0,0,0,387.54,77.50800000000001,59.77,0.00429577273300332,0.0160479132041062,1,1,1,2,0.0,0.0,0.0,0.2,0.2,0.2,0.4,credit_card,ES,EUR
PM_008598,10,0,0,0,0,1237.59,123.75899999999999,121.565,0.00428965842033505,0.0384713077465179,10,10,0,0,0.0,0.0,0.0,1.0,1.0,0.0,0.0,credit_card,US,EUR
PM_008721,12,0,0,0,0,1972.5299999999997,164.37749999999997,72.015,0.0042787442413784555,0.0240556767328495,10,12,2,0,0.0,0.0,0.0,0.8333333333333334,1.0,0.16666666666666666,0.0,bank_transfer,US,EUR
PM_002637,6,0,0,0,0,620.38,103.39666666666666,71.385,0.004276579778793383,0.0160714012336905,1,3,1,1,0.0,0.0,0.0,0.16666666666666666,0.5,0.16666666666666666,0.16666666666666666,debit_card,ES,EUR
PM_005598,4,0,0,0,0,246.0,61.5,38.185,0.00427144362613525,0.0106293950263168,1,4,1,2,0.0,0.0,0.0,0.25,1.0,0.25,0.5,debit_card,PT,EUR
PM_008023,3,0,0,0,0,443.99,147.99666666666667,146.57,0.004262918418350266,0.0104720961964501,1,1,0,0,0.0,0.0,0.0,0.3333333333333333,0.3333333333333333,0.0,0.0,wallet,ES,EUR
PM_008150,5,0,0,0,0,198.13,39.626,17.14,0.00425729106860356,0.0099974891595645,4,4,0,0,0.0,0.0,0.0,0.8,0.8,0.0,0.0,credit_card,ES,EUR
PM_007174,5,0,0,0,0,563.89,112.77799999999999,53.83,0.0042558905785378,0.0132453224589005,1,1,0,0,0.0,0.0,0.0,0.2,0.2,0.0,0.0,debit_card,ES,EUR
PM_010207,5,0,0,0,0,411.51,82.30199999999999,53.44,0.00423900727155144,0.0184248694034203,1,3,1,4,0.0,0.0,0.0,0.2,0.6,0.2,0.8,credit_card,ES,EUR
PM_002437,5,0,0,0,0,183.5,36.7,40.51,0.004234592830765661,0.0190003140147835,5,5,1,0,0.0,0.0,0.0,1.0,1.0,0.2,0.0,credit_card,FR,EUR
PM_001361,4,0,0,0,0,498.24,124.56,90.565,0.004228945317543676,0.0162368602972936,2,4,0,0,0.0,0.0,0.0,0.5,1.0,0.0,0.0,credit_card,IT,EUR
PM_003231,3,0,0,0,0,555.96,185.32000000000002,237.18,0.004218964966861267,0.011572392954259,3,3,0,1,0.0,0.0,0.0,1.0,1.0,0.0,0.3333333333333333,bank_transfer,GB,EUR
PM_001167,15,0,0,0,0,2107.1,140.47333333333333,74.56,0.0042062340909631065,0.0527215057557707,12,15,2,5,0.0,0.0,0.0,0.8,1.0,0.13333333333333333,0.3333333333333333,bank_transfer,FR,EUR
PM_004537,3,0,0,0,0,300.38,100.12666666666667,91.27,0.004197625268097867,0.0121084294766603,2,3,0,2,0.0,0.0,0.0,0.6666666666666666,1.0,0.0,0.6666666666666666,bank_transfer,ES,EUR
PM_010643,4,0,0,0,0,286.83,71.7075,45.805,0.0041907216929445495,0.0088979863278667,2,4,0,0,0.0,0.0,0.0,0.5,1.0,0.0,0.0,debit_card,GB,EUR
PM_010553,4,0,0,0,0,279.12,69.78,55.265,0.0041902737044591,0.0120508239282683,3,4,1,0,0.0,0.0,0.0,0.75,1.0,0.25,0.0,debit_card,ES,EUR
PM_001152,11,0,0,0,0,745.4,67.76363636363637,63.8,0.0041871364912054185,0.0167046667441936,4,11,4,5,0.0,0.0,0.0,0.36363636363636365,1.0,0.36363636363636365,0.45454545454545453,credit_card,IT,EUR
PM_008509,3,0,0,0,0,116.28999999999999,38.76333333333333,40.91,0.0041791447412992,0.0110939261293701,2,3,0,0,0.0,0.0,0.0,0.6666666666666666,1.0,0.0,0.0,credit_card,IT,EUR
PM_001297,3,0,0,0,0,984.72,328.24,446.5,0.0041761196170092,0.0104529357201092,3,3,1,2,0.0,0.0,0.0,1.0,1.0,0.3333333333333333,0.6666666666666666,debit_card,US,EUR
PM_003099,3,0,0,0,0,178.27,59.42333333333334,65.28,0.004173313717611133,0.0116077719612063,1,3,0,3,0.0,0.0,0.0,0.3333333333333333,1.0,0.0,1.0,debit_card,ES,EUR
PM_000349,8,0,0,0,0,513.91,64.23875,59.849999999999994,0.004169305315607784,0.0160081181251252,7,8,1,1,0.0,0.0,0.0,0.875,1.0,0.125,0.125,debit_card,PT,EUR
PM_005227,9,0,0,0,0,487.53,54.169999999999995,51.74,0.004168668704710211,0.017922460767851,4,9,0,0,0.0,0.0,0.0,0.4444444444444444,1.0,0.0,0.0,debit_card,DE,EUR
PM_008517,3,0,0,0,0,322.17,107.39,58.21,0.004164261022212534,0.0099549840437296,0,3,1,1,0.0,0.0,0.0,0.0,1.0,0.3333333333333333,0.3333333333333333,debit_card,PT,EUR
PM_000681,3,0,0,0,0,319.04,106.34666666666668,27.46,0.0041623905807001,0.0093225295278584,3,3,0,2,0.0,0.0,0.0,1.0,1.0,0.0,0.6666666666666666,debit_card,US,EUR
PM_011870,5,0,0,0,0,940.98,188.196,128.02,0.0041580850110976,0.0136118294127808,1,5,0,0,0.0,0.0,0.0,0.2,1.0,0.0,0.0,bank_transfer,US,EUR
PM_002069,8,0,0,0,0,310.06,38.7575,28.47,0.004154905602798116,0.0312891735948133,6,8,1,1,0.0,0.0,0.0,0.75,1.0,0.125,0.125,debit_card,US,EUR
PM_002333,6,0,0,0,0,661.14,110.19,90.35,0.004154556066522023,0.016826786237651,1,6,1,0,0.0,0.0,0.0,0.16666666666666666,1.0,0.16666666666666666,0.0,bank_transfer,US,EUR
PM_009065,3,0,0,0,0,129.69,43.23,44.64,0.004146159686572433,0.0060542150436341,2,3,0,0,0.0,0.0,0.0,0.6666666666666666,1.0,0.0,0.0,wallet,US,EUR
PM_004339,3,0,0,0,0,215.3,71.76666666666667,31.22,0.0041264649852729,0.0116664412658411,2,3,0,0,0.0,0.0,0.0,0.6666666666666666,1.0,0.0,0.0,debit_card,ES,EUR
PM_003976,11,0,0,0,0,1037.04,94.27636363636363,56.15,0.004125173084392268,0.0291690526169502,5,10,0,0,0.0,0.0,0.0,0.45454545454545453,0.9090909090909091,0.0,0.0,credit_card,FR,EUR
PM_004408,5,0,0,0,0,293.55,58.71,58.81,0.00412421363391004,0.0193375883445378,3,4,0,0,0.0,0.0,0.0,0.6,0.8,0.0,0.0,credit_card,IT,EUR
PM_005424,4,0,0,0,0,227.0,56.75,16.795,0.004118047625935625,0.0077262290514849,0,1,1,0,0.0,0.0,0.0,0.0,0.25,0.25,0.0,debit_card,ES,EUR
PM_008655,3,0,0,0,0,179.19,59.73,67.1,0.004110871269734734,0.0116363813566525,0,3,0,0,0.0,0.0,0.0,0.0,1.0,0.0,0.0,credit_card,FR,EUR
PM_005303,3,0,0,0,0,226.23,75.41,53.33,0.004100581618282834,0.0093430809076608,0,1,1,1,0.0,0.0,0.0,0.0,0.3333333333333333,0.3333333333333333,0.3333333333333333,credit_card,ES,EUR
PM_011148,10,0,0,0,0,650.64,65.064,49.815,0.00406463421247153,0.0150891200748691,3,10,1,0,0.0,0.0,0.0,0.3,1.0,0.1,0.0,credit_card,FR,EUR
PM_010875,4,0,0,0,0,365.01,91.2525,22.53,0.004060270335481675,0.0155436326603464,2,4,0,0,0.0,0.0,0.0,0.5,1.0,0.0,0.0,credit_card,GB,EUR
PM_002448,3,0,0,0,0,162.88,54.29333333333333,66.63,0.004056059393666833,0.0076363494194581,1,1,0,0,0.0,0.0,0.0,0.3333333333333333,0.3333333333333333,0.0,0.0,credit_card,ES,EUR
PM_005549,5,0,0,0,0,171.54,34.308,22.91,0.00404501449014036,0.017595337919779,2,3,1,0,0.0,0.0,0.0,0.4,0.6,0.2,0.0,credit_card,ES,EUR
PM_001104,4,0,0,0,0,361.52,90.38,65.025,0.0040428663060286,0.0079298106388496,2,4,0,1,0.0,0.0,0.0,0.5,1.0,0.0,0.25,credit_card,PT,EUR
PM_010752,6,0,0,0,0,322.65,53.775,45.394999999999996,0.004031991749135604,0.0140317088165197,3,6,0,0,0.0,0.0,0.0,0.5,1.0,0.0,0.0,debit_card,IT,EUR
PM_008115,3,0,0,0,0,355.87,118.62333333333333,79.3,0.004028102989141533,0.0066017959262962,1,1,0,0,0.0,0.0,0.0,0.3333333333333333,0.3333333333333333,0.0,0.0,debit_card,PT,EUR
PM_009535,12,0,0,0,0,577.38,48.115,30.9,0.004027033003918883,0.0227406176440026,10,12,0,7,0.0,0.0,0.0,0.8333333333333334,1.0,0.0,0.5833333333333334,debit_card,GB,EUR
PM_006743,4,0,0,0,0,133.36,33.34,35.4,0.0040250794885559,0.0077983316333945,2,2,0,0,0.0,0.0,0.0,0.5,0.5,0.0,0.0,credit_card,DE,EUR
PM_003461,3,0,0,0,0,420.63,140.21,41.35,0.0040250707657663665,0.0113293169306027,2,2,0,0,0.0,0.0,0.0,0.6666666666666666,0.6666666666666666,0.0,0.0,bank_transfer,IT,EUR
PM_008264,9,0,0,0,0,536.38,59.59777777777778,60.57,0.004020149938563933,0.0128510275737869,3,9,3,1,0.0,0.0,0.0,0.3333333333333333,1.0,0.3333333333333333,0.1111111111111111,bank_transfer,GB,EUR
PM_000678,5,0,0,0,0,180.87,36.174,22.95,0.0040158839763684605,0.0160258628102032,2,5,1,5,0.0,0.0,0.0,0.4,1.0,0.2,1.0,credit_card,US,EUR
PM_003374,6,0,0,0,0,450.19,75.03166666666667,65.035,0.004014847439655966,0.0182657798850974,3,6,0,0,0.0,0.0,0.0,0.5,1.0,0.0,0.0,debit_card,GB,EUR
PM_011167,7,0,0,0,0,141.75,20.25,15.67,0.004007728972452186,0.0208814753460435,4,7,0,5,0.0,0.0,0.0,0.5714285714285714,1.0,0.0,0.7142857142857143,wallet,FR,EUR
PM_000577,3,0,0,0,0,458.64,152.88,182.79,0.004002337856147533,0.0080587534196379,2,3,0,1,0.0,0.0,0.0,0.6666666666666666,1.0,0.0,0.3333333333333333,debit_card,GB,EUR
PM_002825,8,0,0,0,0,519.29,64.91125,28.744999999999997,0.004000787925868288,0.0091100105742399,4,6,5,8,0.0,0.0,0.0,0.5,0.75,0.625,1.0,debit_card,DE,EUR
PM_011025,3,0,0,0,0,249.5,83.16666666666667,79.23,0.004000364489088433,0.0107770759820452,2,3,0,2,0.0,0.0,0.0,0.6666666666666666,1.0,0.0,0.6666666666666666,debit_card,ES,EUR
PM_003729,13,0,0,0,0,2448.24,188.32615384615383,149.81,0.003998179685189331,0.0302794915425107,9,13,1,0,0.0,0.0,0.0,0.6923076923076923,1.0,0.07692307692307693,0.0,bank_transfer,GB,EUR
PM_006063,6,0,0,0,0,305.65,50.94166666666666,43.2,0.003990301793048249,0.0215682788410713,3,6,1,0,0.0,0.0,0.0,0.5,1.0,0.16666666666666666,0.0,debit_card,GB,EUR
PM_002108,3,0,0,0,0,87.76,29.253333333333334,34.52,0.003985767834656233,0.011166119474708,1,3,0,3,0.0,0.0,0.0,0.3333333333333333,1.0,0.0,1.0,credit_card,IT,EUR
PM_001558,6,0,0,0,0,347.52,57.919999999999995,52.834999999999994,0.003979393330258,0.0111485835817305,4,4,2,0,0.0,0.0,0.0,0.6666666666666666,0.6666666666666666,0.3333333333333333,0.0,bank_transfer,IT,EUR
PM_001715,6,0,0,0,0,482.32,80.38666666666667,70.62,0.003964154717273716,0.0215407463171534,1,6,0,2,0.0,0.0,0.0,0.16666666666666666,1.0,0.0,0.3333333333333333,debit_card,DE,EUR
PM_001753,3,0,0,0,0,125.38,41.79333333333333,29.24,0.003949880063673567,0.0066880815491751,0,3,1,0,0.0,0.0,0.0,0.0,1.0,0.3333333333333333,0.0,credit_card,US,EUR
PM_004911,11,0,0,0,0,1819.31,165.39181818181817,105.28,0.003936981044654582,0.022383258561501,4,5,0,4,0.0,0.0,0.0,0.36363636363636365,0.45454545454545453,0.0,0.36363636363636365,bank_transfer,ES,EUR
PM_003676,3,0,0,0,0,139.14,46.379999999999995,26.11,0.003925731579676133,0.0114484297538596,0,0,0,0,0.0,0.0,0.0,0.0,0.0,0.0,0.0,credit_card,ES,EUR
PM_001752,10,0,0,0,0,1192.15,119.215,115.03,0.0039235941742176705,0.031807682948858,5,10,0,4,0.0,0.0,0.0,0.5,1.0,0.0,0.4,credit_card,US,EUR
PM_009449,11,0,0,0,0,647.01,58.81909090909091,30.56,0.003907832248409804,0.0208837228307257,2,11,0,1,0.0,0.0,0.0,0.18181818181818182,1.0,0.0,0.09090909090909091,credit_card,US,EUR
PM_004595,5,0,0,0,0,507.08000000000004,101.41600000000001,73.59,0.0038962172399178594,0.0135633805256023,1,5,2,0,0.0,0.0,0.0,0.2,1.0,0.4,0.0,credit_card,PT,EUR
PM_005311,5,0,0,0,0,192.16,38.432,33.14,0.0038912444655165197,0.0094443647462337,1,5,1,0,0.0,0.0,0.0,0.2,1.0,0.2,0.0,credit_card,PT,EUR
PM_011204,6,0,0,0,0,223.24,37.20666666666667,31.1,0.00388809982250315,0.0115491023352485,2,3,1,1,0.0,0.0,0.0,0.3333333333333333,0.5,0.16666666666666666,0.16666666666666666,debit_card,ES,EUR
PM_010727,5,0,0,0,0,396.08000000000004,79.21600000000001,40.93,0.00387460418182528,0.0134735973744909,1,5,0,0,0.0,0.0,0.0,0.2,1.0,0.0,0.0,credit_card,US,EUR
PM_000749,3,0,0,0,0,257.57,85.85666666666667,16.37,0.0038632529451328337,0.0112017627951088,1,3,0,0,0.0,0.0,0.0,0.3333333333333333,1.0,0.0,0.0,debit_card,PT,EUR
PM_000089,13,0,0,0,0,819.29,63.02230769230769,40.95,0.0038630945071974113,0.0211788897500087,3,13,1,1,0.0,0.0,0.0,0.23076923076923078,1.0,0.07692307692307693,0.07692307692307693,credit_card,FR,EUR
PM_006296,4,0,0,0,0,264.61,66.1525,37.1,0.0038528150935947503,0.0115220425236513,2,4,1,0,0.0,0.0,0.0,0.5,1.0,0.25,0.0,credit_card,US,EUR
PM_003536,3,0,0,0,0,308.54,102.84666666666668,69.16,0.0038519184422349997,0.0101786379531589,3,3,0,1,0.0,0.0,0.0,1.0,1.0,0.0,0.3333333333333333,wallet,US,EUR
PM_011010,5,0,0,0,0,590.31,118.06199999999998,34.67,0.0038506104454895003,0.0177357331996226,1,5,1,0,0.0,0.0,0.0,0.2,1.0,0.2,0.0,debit_card,US,EUR
PM_010030,3,0,0,0,0,320.86,106.95333333333333,97.51,0.0038487566435539337,0.0111173832443254,2,2,0,1,0.0,0.0,0.0,0.6666666666666666,0.6666666666666666,0.0,0.3333333333333333,credit_card,ES,EUR
PM_001020,15,0,0,0,0,1053.19,70.21266666666666,46.39,0.003848459781518171,0.0310532494258433,5,12,2,0,0.0,0.0,0.0,0.3333333333333333,0.8,0.13333333333333333,0.0,credit_card,FR,EUR
PM_005288,4,0,0,0,0,161.05,40.2625,40.95,0.0038480738612756502,0.01356715572852,1,4,0,0,0.0,0.0,0.0,0.25,1.0,0.0,0.0,credit_card,PT,EUR
PM_004226,7,0,0,0,0,398.99,56.99857142857143,43.58,0.0038379014698395426,0.0233917972936447,2,4,1,0,0.0,0.0,0.0,0.2857142857142857,0.5714285714285714,0.14285714285714285,0.0,wallet,ES,EUR
PM_000371,3,0,0,0,0,152.45,50.81666666666666,57.19,0.0038376410929625,0.0097312159382054,2,3,0,2,0.0,0.0,0.0,0.6666666666666666,1.0,0.0,0.6666666666666666,debit_card,IT,EUR
PM_011612,11,0,0,0,0,837.98,76.18,57.54,0.0038368977447323298,0.0197658809701568,7,9,1,11,0.0,0.0,0.0,0.6363636363636364,0.8181818181818182,0.09090909090909091,1.0,debit_card,ES,EUR
PM_006824,3,0,0,0,0,315.98,105.32666666666667,89.8,0.003818219729719067,0.0093195940606482,2,3,0,1,0.0,0.0,0.0,0.6666666666666666,1.0,0.0,0.3333333333333333,credit_card,FR,EUR
PM_003453,3,0,0,0,0,170.36,56.78666666666667,58.06,0.0038171908752886,0.0104908750268284,1,1,0,0,0.0,0.0,0.0,0.3333333333333333,0.3333333333333333,0.0,0.0,debit_card,ES,EUR
PM_003706,5,0,0,0,0,262.06,52.412,20.07,0.0038145413911746203,0.0167456680941215,2,5,0,5,0.0,0.0,0.0,0.4,1.0,0.0,1.0,credit_card,GB,EUR
PM_007472,11,0,0,0,0,2779.53,252.68454545454549,229.59,0.0037950925678434597,0.0265354320419451,7,11,1,0,0.0,0.0,0.0,0.6363636363636364,1.0,0.09090909090909091,0.0,bank_transfer,DE,EUR
PM_002020,7,0,0,0,0,1072.53,153.21857142857144,151.46,0.003794268446945357,0.016578489793122,3,6,1,0,0.0,0.0,0.0,0.42857142857142855,0.8571428571428571,0.14285714285714285,0.0,wallet,ES,EUR
PM_004290,4,0,0,0,0,151.41,37.8525,30.89,0.0037924576861867497,0.0123458922688649,2,4,0,0,0.0,0.0,0.0,0.5,1.0,0.0,0.0,debit_card,FR,EUR
PM_002999,8,0,0,0,0,1303.25,162.90625,87.37,0.0037921996169478127,0.0241294401882539,2,8,3,0,0.0,0.0,0.0,0.25,1.0,0.375,0.0,debit_card,PT,EUR
PM_007783,3,0,0,0,0,109.41,36.47,27.53,0.0037916236161280002,0.0105693210160919,1,3,1,0,0.0,0.0,0.0,0.3333333333333333,1.0,0.3333333333333333,0.0,credit_card,ES,EUR
PM_003310,3,0,0,0,0,137.43,45.81,18.74,0.003791551179530567,0.0077605256210049,0,0,0,0,0.0,0.0,0.0,0.0,0.0,0.0,0.0,credit_card,ES,EUR
PM_008870,5,0,0,0,0,768.58,153.716,62.71,0.00378235994661402,0.0083415456165475,1,5,1,2,0.0,0.0,0.0,0.2,1.0,0.2,0.4,bank_transfer,US,EUR
PM_005061,4,0,0,0,0,919.29,229.8225,197.535,0.003780533769531975,0.013735794542725,3,4,0,0,0.0,0.0,0.0,0.75,1.0,0.0,0.0,bank_transfer,FR,EUR
PM_003392,4,0,0,0,0,156.19,39.0475,41.645,0.003773083213295475,0.01288109843703,1,4,1,0,0.0,0.0,0.0,0.25,1.0,0.25,0.0,debit_card,ES,EUR
PM_005626,3,0,0,0,0,345.57,115.19,68.58,0.003772584102086033,0.0070830542196647,1,3,0,0,0.0,0.0,0.0,0.3333333333333333,1.0,0.0,0.0,debit_card,FR,EUR
PM_011075,3,0,0,0,0,725.0799999999999,241.6933333333333,222.54,0.0037684023943313338,0.008622849853013,0,3,0,0,0.0,0.0,0.0,0.0,1.0,0.0,0.0,bank_transfer,US,EUR
PM_007537,6,0,0,0,0,454.97,75.82833333333333,43.825,0.003760119222613817,0.0086110167918784,2,6,0,0,0.0,0.0,0.0,0.3333333333333333,1.0,0.0,0.0,debit_card,ES,EUR
PM_002493,3,0,0,0,0,544.6800000000001,181.56000000000003,183.96,0.0037521399545263,0.0056019116719927,1,3,0,0,0.0,0.0,0.0,0.3333333333333333,1.0,0.0,0.0,credit_card,ES,EUR
PM_007622,3,0,0,0,0,162.77,54.25666666666667,25.77,0.003739989815368808,0.0109549393711574,2,3,0,0,0.0,0.0,0.0,0.6666666666666666,1.0,0.0,0.0,debit_card,IT,EUR
PM_006181,3,0,0,0,0,285.43,95.14333333333333,94.29,0.0037342344446820667,0.0106265439241753,1,3,1,1,0.0,0.0,0.0,0.3333333333333333,1.0,0.3333333333333333,0.3333333333333333,debit_card,GB,EUR
PM_006405,5,0,0,0,0,285.46999999999997,57.093999999999994,47.0,0.0037321856410996402,0.0178240391135877,1,1,0,0,0.0,0.0,0.0,0.2,0.2,0.0,0.0,credit_card,ES,EUR
PM_009777,8,0,0,0,0,928.76,116.095,113.75999999999999,0.0037246964685024625,0.0108143268957472,5,8,1,0,0.0,0.0,0.0,0.625,1.0,0.125,0.0,wallet,PT,EUR
PM_003401,9,0,0,0,0,1068.07,118.67444444444443,84.52,0.0037191045169497933,0.0170096142382963,3,7,2,4,0.0,0.0,0.0,0.3333333333333333,0.7777777777777778,0.2222222222222222,0.4444444444444444,bank_transfer,FR,EUR
PM_005334,3,0,0,0,0,44.11,14.703333333333333,8.11,0.003715303925218471,0.0103489313814481,2,3,0,0,0.0,0.0,0.0,0.6666666666666666,1.0,0.0,0.0,wallet,ES,EUR
PM_011594,3,0,0,0,0,360.86,120.28666666666668,135.88,0.0036986276721716004,0.0071499999109709,0,0,0,0,0.0,0.0,0.0,0.0,0.0,0.0,0.0,debit_card,ES,EUR
PM_001771,4,0,0,0,0,1125.61,281.4025,190.74,0.003694733709342575,0.0066919339037433,4,4,2,1,0.0,0.0,0.0,1.0,1.0,0.5,0.25,credit_card,US,EUR
PM_005686,13,0,0,0,0,863.7299999999999,66.44076923076922,41.2,0.0036822202643942235,0.0146388417611106,5,13,0,6,0.0,0.0,0.0,0.38461538461538464,1.0,0.0,0.46153846153846156,credit_card,US,EUR
PM_004914,6,0,0,0,0,223.8,37.300000000000004,28.865000000000002,0.003676423600159311,0.0117428660950086,5,6,1,3,0.0,0.0,0.0,0.8333333333333334,1.0,0.16666666666666666,0.5,credit_card,FR,EUR
PM_009815,5,0,0,0,0,582.98,116.596,29.35,0.0036752724204499,0.0119148659348403,2,5,1,2,0.0,0.0,0.0,0.4,1.0,0.2,0.4,credit_card,ES,EUR
PM_010463,8,0,0,0,0,398.91999999999996,49.864999999999995,47.245,0.0036750902188411767,0.017413420292497,2,8,2,3,0.0,0.0,0.0,0.25,1.0,0.25,0.375,credit_card,US,EUR
PM_000794,6,0,0,0,0,1162.25,193.70833333333334,116.54499999999999,0.0036704469346686332,0.0160897493427985,1,3,0,0,0.0,0.0,0.0,0.16666666666666666,0.5,0.0,0.0,bank_transfer,ES,EUR
PM_004861,3,0,0,0,0,220.82,73.60666666666667,56.24,0.0036635453117763,0.008598506169149,2,3,2,0,0.0,0.0,0.0,0.6666666666666666,1.0,0.6666666666666666,0.0,credit_card,ES,EUR
PM_005864,5,0,0,0,0,271.36,54.272000000000006,40.46,0.0036569302336879202,0.015457145487151,1,5,0,0,0.0,0.0,0.0,0.2,1.0,0.0,0.0,credit_card,US,EUR
PM_001756,3,0,0,0,0,85.82,28.606666666666666,17.73,0.0036536547213919662,0.0101434162044252,1,1,0,0,0.0,0.0,0.0,0.3333333333333333,0.3333333333333333,0.0,0.0,debit_card,ES,EUR
PM_004390,8,0,0,0,0,614.85,76.85625,82.675,0.003649587963599325,0.0126686611119804,7,8,0,3,0.0,0.0,0.0,0.875,1.0,0.0,0.375,wallet,ES,EUR
PM_008895,4,0,0,0,0,426.34999999999997,106.58749999999999,61.76,0.003648342546717075,0.0133764751972779,1,4,1,0,0.0,0.0,0.0,0.25,1.0,0.25,0.0,debit_card,US,EUR
PM_000430,12,0,0,0,0,392.27,32.689166666666665,27.7,0.003644446985778678,0.0179137094177808,7,10,0,0,0.0,0.0,0.0,0.5833333333333334,0.8333333333333334,0.0,0.0,debit_card,ES,EUR
PM_001836,8,0,0,0,0,1414.48,176.81,150.14,0.0036436744037840127,0.015621406764715,2,8,1,1,0.0,0.0,0.0,0.25,1.0,0.125,0.125,credit_card,FR,EUR
PM_003322,8,0,0,0,0,870.14,108.7675,84.28,0.003640793654026225,0.0132668509296907,5,6,1,1,0.0,0.0,0.0,0.625,0.75,0.125,0.125,wallet,ES,EUR
PM_006019,11,0,0,0,0,765.01,69.54636363636364,49.46,0.0036407184722411336,0.0240034768612767,5,11,3,0,0.0,0.0,0.0,0.45454545454545453,1.0,0.2727272727272727,0.0,wallet,US,EUR
PM_005028,15,0,0,0,0,805.63,53.708666666666666,28.1,0.0036281289533242056,0.0150474488080857,6,9,1,0,0.0,0.0,0.0,0.4,0.6,0.06666666666666667,0.0,credit_card,IT,EUR
PM_004920,6,0,0,0,0,331.78000000000003,55.296666666666674,40.445,0.0036220179267448,0.0141595402311958,4,6,0,0,0.0,0.0,0.0,0.6666666666666666,1.0,0.0,0.0,wallet,US,EUR
PM_004833,13,0,0,0,0,1319.57,101.50538461538461,53.73,0.0036184972382403533,0.0332279789814286,5,13,2,3,0.0,0.0,0.0,0.38461538461538464,1.0,0.15384615384615385,0.23076923076923078,credit_card,GB,EUR
PM_005987,11,0,0,0,0,399.98,36.36181818181819,35.87,0.003604655322713018,0.0101483726926375,2,11,1,0,0.0,0.0,0.0,0.18181818181818182,1.0,0.09090909090909091,0.0,bank_transfer,FR,EUR
PM_004840,5,0,0,0,0,366.77,73.354,16.63,0.0036002497594041804,0.0169063237156135,4,5,0,0,0.0,0.0,0.0,0.8,1.0,0.0,0.0,debit_card,PT,EUR
PM_007084,3,0,0,0,0,405.40000000000003,135.13333333333335,139.9,0.0035978587431703996,0.0067619121565543,2,3,1,0,0.0,0.0,0.0,0.6666666666666666,1.0,0.3333333333333333,0.0,debit_card,DE,EUR
PM_011600,6,0,0,0,0,271.56,45.26,47.215,0.003597089577931,0.011767846007886,6,6,0,4,0.0,0.0,0.0,1.0,1.0,0.0,0.6666666666666666,credit_card,FR,EUR
PM_007324,4,0,0,0,0,119.9,29.975,29.735,0.00359541359481855,0.0107921645400331,3,4,0,0,0.0,0.0,0.0,0.75,1.0,0.0,0.0,credit_card,US,EUR
PM_006369,5,0,0,0,0,445.04,89.00800000000001,82.12,0.0035896075298634997,0.0167250447793135,4,5,0,0,0.0,0.0,0.0,0.8,1.0,0.0,0.0,debit_card,GB,EUR
PM_000588,5,0,0,0,0,1843.35,368.66999999999996,369.5,0.00358943977304856,0.0057958198908067,2,5,0,0,0.0,0.0,0.0,0.4,1.0,0.0,0.0,credit_card,US,EUR
PM_003156,4,0,0,0,0,1214.77,303.6925,188.985,0.0035882686565158997,0.0113644828159992,2,4,0,0,0.0,0.0,0.0,0.5,1.0,0.0,0.0,bank_transfer,FR,EUR
PM_010005,3,0,0,0,0,43.93,14.643333333333333,15.97,0.0035877121958211335,0.008772467530845,1,2,1,0,0.0,0.0,0.0,0.3333333333333333,0.6666666666666666,0.3333333333333333,0.0,wallet,ES,EUR
PM_010589,3,0,0,0,0,637.5500000000001,212.51666666666668,157.21,0.003584013976147467,0.010092664214745,2,3,2,0,0.0,0.0,0.0,0.6666666666666666,1.0,0.6666666666666666,0.0,credit_card,ES,EUR
PM_000919,3,0,0,0,0,790.49,263.49666666666667,270.3,0.0035833930536001333,0.0092807027093865,2,3,0,0,0.0,0.0,0.0,0.6666666666666666,1.0,0.0,0.0,credit_card,US,EUR
PM_007139,3,0,0,0,0,188.97,62.99,62.31,0.0035796002984364666,0.0071491177695515,1,3,0,3,0.0,0.0,0.0,0.3333333333333333,1.0,0.0,1.0,debit_card,FR,EUR
PM_010468,5,0,0,0,0,364.12,72.824,44.5,0.0035788137084285868,0.0125479294800929,2,5,0,0,0.0,0.0,0.0,0.4,1.0,0.0,0.0,credit_card,IT,EUR
PM_005407,3,0,0,0,0,211.04,70.34666666666666,61.52,0.0035742511409734665,0.0103521111470523,0,0,0,2,0.0,0.0,0.0,0.0,0.0,0.0,0.6666666666666666,debit_card,ES,EUR
PM_004416,3,0,0,0,0,258.2,86.06666666666666,53.3,0.0035616902488505,0.0090240164060456,1,3,0,0,0.0,0.0,0.0,0.3333333333333333,1.0,0.0,0.0,debit_card,DE,EUR
PM_002052,5,0,0,0,0,131.05,26.21,30.4,0.0035600671007650526,0.0090929786034985,1,5,1,0,0.0,0.0,0.0,0.2,1.0,0.2,0.0,debit_card,FR,EUR
PM_004039,4,0,0,0,0,688.56,172.14,144.905,0.003555806290235175,0.0111910763049194,1,4,0,0,0.0,0.0,0.0,0.25,1.0,0.0,0.0,credit_card,US,EUR
PM_008571,5,0,0,0,0,399.18,79.836,53.04,0.00355570680796176,0.0125373267615984,3,5,0,0,0.0,0.0,0.0,0.6,1.0,0.0,0.0,credit_card,PT,EUR
PM_004218,13,0,0,0,0,669.09,51.46846153846154,25.51,0.0035393607614735614,0.0176884633219655,2,13,1,6,0.0,0.0,0.0,0.15384615384615385,1.0,0.07692307692307693,0.46153846153846156,debit_card,US,EUR
PM_003826,4,0,0,0,0,299.66,74.915,43.785,0.0035348295271822,0.0125452768477539,3,4,1,1,0.0,0.0,0.0,0.75,1.0,0.25,0.25,bank_transfer,ES,EUR
PM_002782,3,0,0,0,0,168.23999999999998,56.07999999999999,27.72,0.003530291135943633,0.0092252012358882,2,3,1,1,0.0,0.0,0.0,0.6666666666666666,1.0,0.3333333333333333,0.3333333333333333,bank_transfer,US,EUR
PM_009887,6,0,0,0,0,726.25,121.04166666666667,52.625,0.003523423819657033,0.0134272686707413,4,6,0,0,0.0,0.0,0.0,0.6666666666666666,1.0,0.0,0.0,credit_card,US,EUR
PM_002730,3,0,0,0,0,103.19,34.39666666666667,11.04,0.0035229576600009998,0.0088904362047796,2,2,0,1,0.0,0.0,0.0,0.6666666666666666,0.6666666666666666,0.0,0.3333333333333333,credit_card,PT,EUR
PM_001832,4,0,0,0,0,258.28,64.57,22.619999999999997,0.003522192885907425,0.0130382001793294,3,4,0,0,0.0,0.0,0.0,0.75,1.0,0.0,0.0,credit_card,IT,EUR
PM_009609,4,0,0,0,0,246.68,61.67,58.730000000000004,0.0035198625064777247,0.00840732147869,1,4,0,0,0.0,0.0,0.0,0.25,1.0,0.0,0.0,credit_card,ES,EUR
PM_002270,3,0,0,0,0,295.52,98.50666666666666,45.34,0.0035175563370291,0.006155639353314,2,3,1,3,0.0,0.0,0.0,0.6666666666666666,1.0,0.3333333333333333,1.0,wallet,ES,EUR
PM_007482,7,0,0,0,0,693.73,99.10428571428572,78.13,0.0035166563091357716,0.0188903642010884,4,7,0,0,0.0,0.0,0.0,0.5714285714285714,1.0,0.0,0.0,bank_transfer,PT,EUR
PM_005231,6,0,0,0,0,152.20000000000002,25.36666666666667,15.170000000000002,0.0035010782399241334,0.0153801124907763,2,6,3,6,0.0,0.0,0.0,0.3333333333333333,1.0,0.5,1.0,debit_card,US,EUR
PM_003981,6,0,0,0,0,360.32,60.053333333333335,37.275,0.0034887474453527832,0.0145276586650906,1,6,1,6,0.0,0.0,0.0,0.16666666666666666,1.0,0.16666666666666666,1.0,debit_card,PT,EUR
PM_003688,7,0,0,0,0,566.54,80.9342857142857,25.72,0.003468982776445771,0.0155831170178522,4,7,0,2,0.0,0.0,0.0,0.5714285714285714,1.0,0.0,0.2857142857142857,debit_card,IT,EUR
PM_008821,6,0,0,0,0,305.3,50.88333333333333,43.96,0.0034629448313734166,0.0185023653989809,0,1,0,0,0.0,0.0,0.0,0.0,0.16666666666666666,0.0,0.0,credit_card,ES,EUR
PM_003320,4,0,0,0,0,213.28,53.32,33.415,0.003461305827418225,0.0131502475362914,0,0,0,2,0.0,0.0,0.0,0.0,0.0,0.0,0.5,credit_card,ES,EUR
PM_010569,8,0,0,0,0,426.58,53.3225,51.245,0.003457174663776447,0.0129632263733964,1,8,2,5,0.0,0.0,0.0,0.125,1.0,0.25,0.625,debit_card,IT,EUR
PM_011194,7,0,0,0,0,759.04,108.4342857142857,99.83,0.0034520805420874,0.0167166381729611,4,4,0,5,0.0,0.0,0.0,0.5714285714285714,0.5714285714285714,0.0,0.7142857142857143,credit_card,ES,EUR
PM_007754,3,0,0,0,0,139.94,46.64666666666667,36.16,0.0034455341314860877,0.0101221683923533,1,2,0,0,0.0,0.0,0.0,0.3333333333333333,0.6666666666666666,0.0,0.0,credit_card,ES,EUR
PM_003616,5,0,0,0,0,159.68,31.936,28.85,0.00343498783429382,0.0138911810575267,2,5,0,0,0.0,0.0,0.0,0.4,1.0,0.0,0.0,debit_card,FR,EUR
PM_009697,5,0,0,0,0,344.67,68.934,43.88,0.00342773436422628,0.0156658658582643,3,5,0,3,0.0,0.0,0.0,0.6,1.0,0.0,0.6,debit_card,GB,EUR
PM_006572,5,0,0,0,0,402.69,80.538,82.65,0.00341267527442798,0.0155557234956856,2,5,0,0,0.0,0.0,0.0,0.4,1.0,0.0,0.0,debit_card,IT,EUR
PM_001648,8,0,0,0,0,1105.57,138.19625,139.07999999999998,0.003409283902094127,0.0245299146944419,2,8,0,0,0.0,0.0,0.0,0.25,1.0,0.0,0.0,credit_card,PT,EUR
PM_008658,5,0,0,0,0,519.01,103.80199999999999,39.17,0.0033949088410435953,0.0140696923276872,2,5,1,3,0.0,0.0,0.0,0.4,1.0,0.2,0.6,credit_card,FR,EUR
PM_000943,3,0,0,0,0,628.4499999999999,209.48333333333332,44.15,0.0033923227263451664,0.0092735044613992,2,3,0,1,0.0,0.0,0.0,0.6666666666666666,1.0,0.0,0.3333333333333333,bank_transfer,ES,EUR
PM_011162,9,0,0,0,0,2044.09,227.1211111111111,176.19,0.0033890060929116774,0.0081815687005494,7,9,1,8,0.0,0.0,0.0,0.7777777777777778,1.0,0.1111111111111111,0.8888888888888888,bank_transfer,FR,EUR
PM_011557,8,0,0,0,0,1172.21,146.52625,67.28,0.003376911502109725,0.0132320209994427,4,8,0,0,0.0,0.0,0.0,0.5,1.0,0.0,0.0,credit_card,ES,EUR
PM_003641,3,0,0,0,0,110.57000000000001,36.85666666666667,36.63,0.0033747094546043334,0.0084399091645804,3,3,0,0,0.0,0.0,0.0,1.0,1.0,0.0,0.0,wallet,GB,EUR
PM_007187,5,0,0,0,0,714.45,142.89000000000001,37.97,0.00337273127362732,0.0100701771886353,2,5,1,0,0.0,0.0,0.0,0.4,1.0,0.2,0.0,debit_card,US,EUR
PM_011198,5,0,0,0,0,60.32,12.064,12.31,0.00336796147067204,0.008896864680198,3,5,0,0,0.0,0.0,0.0,0.6,1.0,0.0,0.0,credit_card,GB,EUR
PM_005779,8,0,0,0,0,1029.55,128.69375,89.24000000000001,0.0033648092266020907,0.0123018735442057,2,2,0,0,0.0,0.0,0.0,0.25,0.25,0.0,0.0,credit_card,ES,EUR
PM_003956,4,0,0,0,0,694.0,173.5,169.955,0.003361416946502525,0.0113414124182843,2,4,1,0,0.0,0.0,0.0,0.5,1.0,0.25,0.0,bank_transfer,ES,EUR
PM_008183,4,0,0,0,0,238.14,59.535,64.175,0.0033582454321490224,0.0093310596010567,2,4,0,1,0.0,0.0,0.0,0.5,1.0,0.0,0.25,debit_card,DE,EUR
PM_010086,16,0,0,0,0,2779.92,173.745,137.865,0.0033571532915932,0.0242175325205965,5,16,2,4,0.0,0.0,0.0,0.3125,1.0,0.125,0.25,bank_transfer,FR,EUR
PM_009756,9,0,0,0,0,2138.62,237.62444444444444,104.85,0.0033555033998631553,0.0237762662414114,2,9,2,3,0.0,0.0,0.0,0.2222222222222222,1.0,0.2222222222222222,0.3333333333333333,credit_card,US,EUR
PM_008322,6,0,0,0,0,199.23000000000002,33.205000000000005,22.04,0.0033549079973861835,0.0191685691589023,0,0,0,0,0.0,0.0,0.0,0.0,0.0,0.0,0.0,wallet,ES,EUR
PM_005119,10,0,0,0,0,2275.84,227.584,185.555,0.003347754468264137,0.0184032573959961,3,10,0,3,0.0,0.0,0.0,0.3,1.0,0.0,0.3,bank_transfer,IT,EUR
PM_003452,8,0,0,0,0,331.14,41.3925,43.44,0.0033474877441111253,0.0200549905087249,2,2,0,0,0.0,0.0,0.0,0.25,0.25,0.0,0.0,bank_transfer,ES,EUR
PM_003995,19,0,0,0,0,3028.33,159.3857894736842,96.34,0.0033404065744112896,0.0141309686997621,7,18,2,4,0.0,0.0,0.0,0.3684210526315789,0.9473684210526315,0.10526315789473684,0.21052631578947367,debit_card,DE,EUR
PM_009473,7,0,0,0,0,958.89,136.9842857142857,98.19,0.003337729289399273,0.0111190506766942,3,7,1,0,0.0,0.0,0.0,0.42857142857142855,1.0,0.14285714285714285,0.0,credit_card,ES,EUR
PM_009803,8,0,0,0,0,582.61,72.82625,56.474999999999994,0.0033376882232863374,0.0108821109316018,3,8,0,0,0.0,0.0,0.0,0.375,1.0,0.0,0.0,bank_transfer,PT,EUR
PM_010285,13,0,0,0,0,1441.55,110.88846153846154,71.9,0.0033332699547622977,0.0325902786585956,8,13,2,0,0.0,0.0,0.0,0.6153846153846154,1.0,0.15384615384615385,0.0,bank_transfer,PT,EUR
PM_005361,3,0,0,0,0,66.44,22.146666666666665,20.88,0.003329577746689466,0.0092145952907441,2,3,0,0,0.0,0.0,0.0,0.6666666666666666,1.0,0.0,0.0,wallet,PT,EUR
PM_001568,8,0,0,0,0,710.86,88.8575,54.595,0.0033265919302815374,0.0141705016926695,2,8,1,3,0.0,0.0,0.0,0.25,1.0,0.125,0.375,debit_card,IT,EUR
PM_003230,5,0,0,0,0,325.96,65.192,27.89,0.0033100859001872797,0.0136069280743102,3,5,0,0,0.0,0.0,0.0,0.6,1.0,0.0,0.0,wallet,GB,EUR
PM_009269,15,0,0,0,0,1104.55,73.63666666666667,44.45,0.00330495334126948,0.0204447588869764,9,11,0,1,0.0,0.0,0.0,0.6,0.7333333333333333,0.0,0.06666666666666667,debit_card,ES,EUR
PM_010742,6,0,0,0,0,267.57,44.595,28.12,0.0033049029009787003,0.0168385845097022,4,6,0,0,0.0,0.0,0.0,0.6666666666666666,1.0,0.0,0.0,wallet,FR,EUR
PM_001592,4,0,0,0,0,232.62,58.155,44.504999999999995,0.00330231552388935,0.0101887256154635,2,4,1,0,0.0,0.0,0.0,0.5,1.0,0.25,0.0,debit_card,ES,EUR
PM_010618,4,0,0,0,0,499.0,124.75,113.33500000000001,0.003301849690555525,0.0068723434315927,2,2,1,1,0.0,0.0,0.0,0.5,0.5,0.25,0.25,bank_transfer,ES,EUR
PM_010019,6,0,0,0,0,193.05,32.175000000000004,13.235,0.0032993245624135165,0.01394830663674,2,5,0,0,0.0,0.0,0.0,0.3333333333333333,0.8333333333333334,0.0,0.0,debit_card,ES,EUR
PM_008553,11,0,0,0,0,522.73,47.52090909090909,39.75,0.0032987686417382967,0.0324584289299549,4,10,0,2,0.0,0.0,0.0,0.36363636363636365,0.9090909090909091,0.0,0.18181818181818182,credit_card,FR,EUR
PM_006269,5,0,0,0,0,676.0899999999999,135.218,47.49,0.00328533527850342,0.0150760042987762,2,2,0,0,0.0,0.0,0.0,0.4,0.4,0.0,0.0,wallet,ES,EUR
PM_000194,5,0,0,0,0,383.77,76.75399999999999,39.6,0.003268510048412391,0.0122982408848319,3,5,0,0,0.0,0.0,0.0,0.6,1.0,0.0,0.0,credit_card,US,EUR
PM_004750,8,0,0,0,0,305.65,38.20625,22.060000000000002,0.0032642319748081624,0.0152196843456913,5,8,1,0,0.0,0.0,0.0,0.625,1.0,0.125,0.0,credit_card,DE,EUR
PM_000239,5,0,0,0,0,431.34000000000003,86.268,70.93,0.00326331092683074,0.0151753217511133,1,1,0,0,0.0,0.0,0.0,0.2,0.2,0.0,0.0,debit_card,ES,EUR
PM_005308,14,0,0,0,0,1041.18,74.37,78.725,0.0032612612520175363,0.0215737334890852,4,5,0,7,0.0,0.0,0.0,0.2857142857142857,0.35714285714285715,0.0,0.5,credit_card,ES,EUR
PM_001494,4,0,0,0,0,234.75,58.6875,56.555,0.003261102015607525,0.0062695710869528,2,4,0,0,0.0,0.0,0.0,0.5,1.0,0.0,0.0,credit_card,ES,EUR
PM_010744,3,0,0,0,0,122.74,40.913333333333334,28.15,0.0032585594138884,0.0064136109710392,2,3,1,0,0.0,0.0,0.0,0.6666666666666666,1.0,0.3333333333333333,0.0,credit_card,DE,EUR
PM_011039,3,0,0,0,0,104.05,34.68333333333333,32.12,0.003257290420419333,0.0049918562132792,2,3,0,1,0.0,0.0,0.0,0.6666666666666666,1.0,0.0,0.3333333333333333,credit_card,GB,EUR
PM_010195,11,0,0,0,0,566.91,51.53727272727272,37.1,0.003248517435868464,0.0242699109390771,5,8,0,4,0.0,0.0,0.0,0.45454545454545453,0.7272727272727273,0.0,0.36363636363636365,credit_card,ES,EUR
PM_011738,4,0,0,0,0,127.28999999999999,31.822499999999998,29.805,0.00324663176453135,0.0091580717462072,1,4,0,0,0.0,0.0,0.0,0.25,1.0,0.0,0.0,wallet,ES,EUR
PM_007441,6,0,0,0,0,291.25,48.541666666666664,33.260000000000005,0.0032463449928198,0.0145074513263033,0,2,0,0,0.0,0.0,0.0,0.0,0.3333333333333333,0.0,0.0,debit_card,ES,EUR
PM_009355,6,0,0,0,0,807.59,134.59833333333333,129.59,0.0032388538594349953,0.0089854395328908,2,3,0,0,0.0,0.0,0.0,0.3333333333333333,0.5,0.0,0.0,credit_card,ES,EUR
PM_007662,6,0,0,0,0,506.83,84.47166666666666,44.620000000000005,0.003235490949013167,0.0158669616290781,2,5,0,0,0.0,0.0,0.0,0.3333333333333333,0.8333333333333334,0.0,0.0,debit_card,ES,EUR
PM_009689,4,0,0,0,0,472.15999999999997,118.03999999999999,93.6,0.003234129433185337,0.0081949688142741,0,4,0,0,0.0,0.0,0.0,0.0,1.0,0.0,0.0,debit_card,PT,EUR
PM_004982,19,0,0,0,0,943.9200000000001,49.68000000000001,21.01,0.0032338863103945634,0.0218967142266352,8,10,3,0,0.0,0.0,0.0,0.42105263157894735,0.5263157894736842,0.15789473684210525,0.0,wallet,ES,EUR
PM_001384,3,0,0,0,0,103.7,34.56666666666667,31.77,0.0032326289257256,0.0092898873588781,0,3,0,3,0.0,0.0,0.0,0.0,1.0,0.0,1.0,debit_card,DE,EUR
PM_011009,6,0,0,0,0,382.45,63.74166666666667,66.085,0.003218851795985883,0.0105481942823319,5,6,0,0,0.0,0.0,0.0,0.8333333333333334,1.0,0.0,0.0,wallet,DE,EUR
PM_003252,4,0,0,0,0,94.92,23.73,19.085,0.003217381386429225,0.0099306098620301,3,4,0,0,0.0,0.0,0.0,0.75,1.0,0.0,0.0,credit_card,ES,EUR
PM_007530,5,0,0,0,0,228.52999999999997,45.705999999999996,46.31,0.0032165243075773405,0.0125407745734204,1,5,1,0,0.0,0.0,0.0,0.2,1.0,0.2,0.0,debit_card,US,EUR
PM_005245,5,0,0,0,0,267.32,53.464,47.68,0.00321291135377052,0.011722105052949,4,5,0,4,0.0,0.0,0.0,0.8,1.0,0.0,0.8,wallet,US,EUR
PM_004130,13,0,0,0,0,1389.29,106.86846153846153,29.29,0.0031982201125600645,0.0144295613126386,5,13,1,2,0.0,0.0,0.0,0.38461538461538464,1.0,0.07692307692307693,0.15384615384615385,credit_card,FR,EUR
PM_003420,3,0,0,0,0,286.14,95.38,76.99,0.0031973460139745336,0.0090462445859794,2,3,0,0,0.0,0.0,0.0,0.6666666666666666,1.0,0.0,0.0,credit_card,GB,EUR
PM_002241,6,0,0,0,0,1062.85,177.14166666666665,120.30999999999999,0.0031861529532914335,0.0075606456602366,2,6,1,0,0.0,0.0,0.0,0.3333333333333333,1.0,0.16666666666666666,0.0,bank_transfer,IT,EUR
PM_011428,6,0,0,0,0,508.59,84.765,49.72,0.0031860250908384,0.0142128944099137,4,6,0,0,0.0,0.0,0.0,0.6666666666666666,1.0,0.0,0.0,debit_card,PT,EUR
PM_002007,3,0,0,0,0,127.80000000000001,42.6,47.38,0.003171852833408852,0.0092398778877787,1,3,0,0,0.0,0.0,0.0,0.3333333333333333,1.0,0.0,0.0,credit_card,ES,EUR
PM_002074,3,0,0,0,0,156.04,52.01333333333333,44.95,0.0031625375342915333,0.0084111083754054,3,3,0,0,0.0,0.0,0.0,1.0,1.0,0.0,0.0,bank_transfer,ES,EUR
PM_005467,6,0,0,0,0,375.56,62.593333333333334,41.89,0.0031603388124196163,0.0100832311287717,2,3,0,1,0.0,0.0,0.0,0.3333333333333333,0.5,0.0,0.16666666666666666,credit_card,ES,EUR
PM_003233,5,0,0,0,0,640.98,128.196,100.25,0.003156085553665252,0.0152875967761016,2,5,1,0,0.0,0.0,0.0,0.4,1.0,0.2,0.0,bank_transfer,US,EUR
PM_006594,7,0,0,0,0,313.67,44.81,36.49,0.00314751080480791,0.0121506202267008,3,7,1,5,0.0,0.0,0.0,0.42857142857142855,1.0,0.14285714285714285,0.7142857142857143,debit_card,IT,EUR
PM_011152,5,0,0,0,0,78.48,15.696000000000002,16.92,0.00313761451375,0.007364519000157,0,1,1,5,0.0,0.0,0.0,0.0,0.2,0.2,1.0,debit_card,ES,EUR
PM_003227,12,0,0,0,0,1071.98,89.33166666666666,71.785,0.0031323533259523333,0.0233729396415204,3,5,2,3,0.0,0.0,0.0,0.25,0.4166666666666667,0.16666666666666666,0.25,credit_card,ES,EUR
PM_000976,4,0,0,0,0,103.14999999999999,25.787499999999998,15.115,0.00312538534878725,0.006995922205141,1,1,0,3,0.0,0.0,0.0,0.25,0.25,0.0,0.75,debit_card,ES,EUR
PM_009189,3,0,0,0,0,181.63,60.54333333333333,29.43,0.0031164544770897,0.0051199451097182,1,3,0,0,0.0,0.0,0.0,0.3333333333333333,1.0,0.0,0.0,credit_card,IT,EUR
PM_011492,8,0,0,0,0,274.06,34.2575,33.79,0.0031121872095765876,0.0134630723089289,4,8,1,0,0.0,0.0,0.0,0.5,1.0,0.125,0.0,wallet,ES,EUR
PM_007278,5,0,0,0,0,299.90000000000003,59.980000000000004,26.33,0.0031105597634820494,0.0147662194875094,3,5,0,0,0.0,0.0,0.0,0.6,1.0,0.0,0.0,debit_card,GB,EUR
PM_005791,5,0,0,0,0,407.93,81.586,89.19,0.0031100384149946366,0.0084594534741692,3,5,0,0,0.0,0.0,0.0,0.6,1.0,0.0,0.0,debit_card,DE,EUR
PM_011425,5,0,0,0,0,215.14,43.028,34.62,0.0031066632361388003,0.0095186030589456,5,5,0,1,0.0,0.0,0.0,1.0,1.0,0.0,0.2,debit_card,IT,EUR
PM_000714,3,0,0,0,0,100.75,33.583333333333336,34.83,0.003105194724975,0.0079336354455671,1,3,0,0,0.0,0.0,0.0,0.3333333333333333,1.0,0.0,0.0,credit_card,US,EUR
PM_010498,6,0,0,0,0,179.1,29.849999999999998,36.215,0.0030947001180861335,0.0129522909821245,2,3,0,0,0.0,0.0,0.0,0.3333333333333333,0.5,0.0,0.0,credit_card,IT,EUR
PM_008949,8,0,0,0,0,634.96,79.37,23.265,0.003091376901178956,0.0140209678066216,3,4,0,5,0.0,0.0,0.0,0.375,0.5,0.0,0.625,debit_card,ES,EUR
PM_010590,8,0,0,0,0,373.88,46.735,34.075,0.00308974534337895,0.0149595904261816,5,8,0,1,0.0,0.0,0.0,0.625,1.0,0.0,0.125,debit_card,ES,EUR
PM_004204,8,0,0,0,0,829.73,103.71625,56.620000000000005,0.003088841906650409,0.0117484813402426,5,7,0,8,0.0,0.0,0.0,0.625,0.875,0.0,1.0,debit_card,PT,EUR
PM_002594,10,0,0,0,0,972.25,97.225,57.47,0.00308255580304423,0.0217816250473546,3,10,0,4,0.0,0.0,0.0,0.3,1.0,0.0,0.4,debit_card,PT,EUR
PM_007809,4,0,0,0,0,129.8,32.45,22.07,0.00308112970955595,0.0116726878233429,1,4,0,0,0.0,0.0,0.0,0.25,1.0,0.0,0.0,debit_card,FR,EUR
PM_003703,3,0,0,0,0,653.54,217.84666666666666,53.56,0.003074811675016867,0.0073027260566275,0,2,2,0,0.0,0.0,0.0,0.0,0.6666666666666666,0.6666666666666666,0.0,credit_card,ES,EUR
PM_000413,3,0,0,0,0,116.17,38.723333333333336,42.76,0.0030683205102465002,0.0055349903071577,1,2,0,0,0.0,0.0,0.0,0.3333333333333333,0.6666666666666666,0.0,0.0,wallet,FR,EUR
PM_009265,3,0,0,0,0,160.5,53.5,48.92,0.003067001119855733,0.0055685247407562,0,3,0,2,0.0,0.0,0.0,0.0,1.0,0.0,0.6666666666666666,credit_card,IT,EUR
PM_009023,4,0,0,0,0,566.14,141.535,100.08000000000001,0.0030647636754706107,0.0117231700276531,3,4,1,0,0.0,0.0,0.0,0.75,1.0,0.25,0.0,credit_card,ES,EUR
PM_009446,5,0,0,0,0,253.43,50.686,28.67,0.00306271860409828,0.0081140735810287,4,5,0,0,0.0,0.0,0.0,0.8,1.0,0.0,0.0,wallet,GB,EUR
PM_000711,6,0,0,0,0,197.97,32.995,17.175,0.0030592345187998166,0.0143357444977225,3,3,0,0,0.0,0.0,0.0,0.5,0.5,0.0,0.0,debit_card,ES,EUR
PM_005516,8,0,0,0,0,979.04,122.38,95.525,0.0030539523279165754,0.0151831324638182,6,8,1,0,0.0,0.0,0.0,0.75,1.0,0.125,0.0,debit_card,GB,EUR
PM_003302,5,0,0,0,0,361.01,72.202,50.47,0.00305055577686226,0.0099661799589286,0,1,1,0,0.0,0.0,0.0,0.0,0.2,0.2,0.0,wallet,ES,EUR
PM_004062,14,0,0,0,0,2169.41,154.95785714285714,137.47,0.0030459947292627784,0.0117167322484051,11,14,3,0,0.0,0.0,0.0,0.7857142857142857,1.0,0.21428571428571427,0.0,debit_card,ES,EUR
PM_001224,7,0,0,0,0,548.21,78.3157142857143,61.46,0.003035222387479157,0.0096732176020958,4,6,0,3,0.0,0.0,0.0,0.5714285714285714,0.8571428571428571,0.0,0.42857142857142855,credit_card,FR,EUR
PM_010571,12,0,0,0,0,493.59999999999997,41.13333333333333,19.785,0.0030331353851399,0.0245836292202419,3,12,0,0,0.0,0.0,0.0,0.25,1.0,0.0,0.0,debit_card,US,EUR
PM_000192,4,0,0,0,0,437.69,109.4225,102.475,0.0030118559261916905,0.0095801378950404,1,2,0,1,0.0,0.0,0.0,0.25,0.5,0.0,0.25,debit_card,FR,EUR
PM_005783,3,0,0,0,0,738.1700000000001,246.0566666666667,252.48,0.0030100889848679664,0.0040505073219878,2,3,2,0,0.0,0.0,0.0,0.6666666666666666,1.0,0.6666666666666666,0.0,debit_card,IT,EUR
PM_004075,4,0,0,0,0,212.84,53.21,50.53,0.0029962544857884,0.0068588305852784,2,4,0,0,0.0,0.0,0.0,0.5,1.0,0.0,0.0,credit_card,PT,EUR
PM_004210,25,0,0,0,0,2679.48,107.1792,45.88,0.00298793231630513,0.0269543775787401,7,25,2,6,0.0,0.0,0.0,0.28,1.0,0.08,0.24,credit_card,PT,EUR
PM_006693,4,0,0,0,0,395.5,98.875,95.665,0.002984486464308625,0.0056531192631108,3,3,1,0,0.0,0.0,0.0,0.75,0.75,0.25,0.0,credit_card,ES,EUR
PM_000655,6,0,0,0,0,664.8199999999999,110.80333333333333,104.465,0.0029796055117113983,0.0104166624077543,3,6,2,4,0.0,0.0,0.0,0.5,1.0,0.3333333333333333,0.6666666666666666,credit_card,ES,EUR
PM_009551,14,0,0,0,0,743.96,53.14,39.305,0.0029573396360089675,0.0137140388151852,7,13,2,0,0.0,0.0,0.0,0.5,0.9285714285714286,0.14285714285714285,0.0,credit_card,PT,EUR
PM_008070,6,0,0,0,0,245.64,40.94,33.975,0.002949182689077217,0.0107271349132545,0,3,0,0,0.0,0.0,0.0,0.0,0.5,0.0,0.0,credit_card,ES,EUR
PM_010313,8,0,0,0,0,730.91,91.36375,46.635000000000005,0.002943780943314361,0.0143852950334176,2,8,1,1,0.0,0.0,0.0,0.25,1.0,0.125,0.125,debit_card,IT,EUR
PM_004773,7,0,0,0,0,253.84,36.26285714285714,36.22,0.002942901109895727,0.0158890508059829,2,7,1,4,0.0,0.0,0.0,0.2857142857142857,1.0,0.14285714285714285,0.5714285714285714,debit_card,GB,EUR
PM_011440,3,0,0,0,0,256.44,85.48,79.79,0.0029416726120313663,0.0053189416076636,0,3,0,1,0.0,0.0,0.0,0.0,1.0,0.0,0.3333333333333333,debit_card,PT,EUR
PM_000814,4,0,0,0,0,92.89999999999999,23.224999999999998,19.055,0.0029365359515851,0.0070836838490767,1,4,0,0,0.0,0.0,0.0,0.25,1.0,0.0,0.0,wallet,IT,EUR
PM_004927,3,0,0,0,0,37.45,12.483333333333334,14.29,0.0029286611131769335,0.0084287095434353,1,3,0,0,0.0,0.0,0.0,0.3333333333333333,1.0,0.0,0.0,bank_transfer,GB,EUR
PM_005673,7,0,0,0,0,261.53999999999996,37.36285714285714,14.6,0.0029137981971792478,0.0165688066363522,3,7,0,0,0.0,0.0,0.0,0.42857142857142855,1.0,0.0,0.0,wallet,PT,EUR
PM_003273,6,0,0,0,0,256.69,42.781666666666666,31.825,0.002900470735769217,0.0089726764758988,3,3,1,0,0.0,0.0,0.0,0.5,0.5,0.16666666666666666,0.0,credit_card,ES,EUR
PM_002186,7,0,0,0,0,928.86,132.6942857142857,125.3,0.0028879073941104,0.0101912749053074,5,5,0,0,0.0,0.0,0.0,0.7142857142857143,0.7142857142857143,0.0,0.0,bank_transfer,DE,EUR
PM_000154,3,0,0,0,0,380.53,126.84333333333332,63.95,0.002885301554806667,0.0061106317316073,1,3,0,0,0.0,0.0,0.0,0.3333333333333333,1.0,0.0,0.0,debit_card,ES,EUR
PM_011945,5,0,0,0,0,146.04000000000002,29.208000000000006,15.46,0.00288275621325006,0.0078711538394657,1,5,0,4,0.0,0.0,0.0,0.2,1.0,0.0,0.8,credit_card,ES,EUR
PM_007661,10,0,0,0,0,1813.7,181.37,176.98000000000002,0.0028805350106283797,0.0127238158468198,7,7,1,3,0.0,0.0,0.0,0.7,0.7,0.1,0.3,credit_card,FR,EUR
PM_006162,11,0,0,0,0,2300.9,209.1727272727273,95.29,0.0028754879577461727,0.010032561685123,6,7,0,8,0.0,0.0,0.0,0.5454545454545454,0.6363636363636364,0.0,0.7272727272727273,bank_transfer,IT,EUR
PM_006290,6,0,0,0,0,453.93,75.655,64.47,0.0028634447626546666,0.0125284973146546,2,2,0,0,0.0,0.0,0.0,0.3333333333333333,0.3333333333333333,0.0,0.0,debit_card,ES,EUR
PM_003166,3,0,0,0,0,130.97,43.656666666666666,51.1,0.0028535752971451333,0.0073138064714568,0,3,0,0,0.0,0.0,0.0,0.0,1.0,0.0,0.0,credit_card,US,EUR
PM_005577,5,0,0,0,0,766.6,153.32,141.86,0.0028468987395372,0.0052589757824271,2,2,0,0,0.0,0.0,0.0,0.4,0.4,0.0,0.0,debit_card,ES,EUR
PM_001160,9,0,0,0,0,1049.96,116.66222222222223,56.08,0.002842956099887645,0.015195993454148,4,9,2,0,0.0,0.0,0.0,0.4444444444444444,1.0,0.2222222222222222,0.0,debit_card,US,EUR
PM_001978,3,0,0,0,0,625.6800000000001,208.56000000000003,158.46,0.00283783217135775,0.0072176610504223,1,3,0,0,0.0,0.0,0.0,0.3333333333333333,1.0,0.0,0.0,credit_card,GB,EUR
PM_006327,10,0,0,0,0,300.38,30.038,27.34,0.00282987852251784,0.0163902019994165,1,10,3,1,0.0,0.0,0.0,0.1,1.0,0.3,0.1,credit_card,US,EUR
PM_001136,4,0,0,0,0,313.53999999999996,78.38499999999999,30.0,0.0028284561312700747,0.0087029509503839,0,4,0,0,0.0,0.0,0.0,0.0,1.0,0.0,0.0,debit_card,US,EUR
PM_001618,6,0,0,0,0,491.54,81.92333333333333,54.445,0.0028225649432937,0.0069361576979673,5,6,1,1,0.0,0.0,0.0,0.8333333333333334,1.0,0.16666666666666666,0.16666666666666666,wallet,ES,EUR
PM_006045,7,0,0,0,0,302.55,43.221428571428575,29.65,0.002820766175066712,0.0180885786739805,4,7,0,0,0.0,0.0,0.0,0.5714285714285714,1.0,0.0,0.0,credit_card,DE,EUR
PM_004242,6,0,0,0,0,310.28000000000003,51.71333333333334,36.46,0.002818371988360952,0.0132411347173163,4,4,0,1,0.0,0.0,0.0,0.6666666666666666,0.6666666666666666,0.0,0.16666666666666666,credit_card,ES,EUR
PM_002838,4,0,0,0,0,132.13,33.0325,32.629999999999995,0.00281669588105275,0.0104871373242374,1,3,2,1,0.0,0.0,0.0,0.25,0.75,0.5,0.25,debit_card,ES,EUR
PM_002256,8,0,0,0,0,297.3,37.1625,33.51,0.002814264028783075,0.0057203278900636,6,8,2,0,0.0,0.0,0.0,0.75,1.0,0.25,0.0,debit_card,FR,EUR
PM_001712,3,0,0,0,0,958.62,319.54,284.26,0.0028134619893847666,0.0067010659070097,3,3,1,0,0.0,0.0,0.0,1.0,1.0,0.3333333333333333,0.0,credit_card,US,EUR
PM_001969,3,0,0,0,0,143.09,47.696666666666665,39.46,0.0028054365932701,0.0073776626582861,3,3,1,0,0.0,0.0,0.0,1.0,1.0,0.3333333333333333,0.0,credit_card,ES,EUR
PM_005511,8,0,0,0,0,2133.92,266.74,79.105,0.002802909766100667,0.0131052950673608,4,8,1,4,0.0,0.0,0.0,0.5,1.0,0.125,0.5,debit_card,US,EUR
PM_007756,3,0,0,0,0,186.13,62.04333333333333,41.37,0.0027939477117485665,0.0068212014130455,1,3,0,0,0.0,0.0,0.0,0.3333333333333333,1.0,0.0,0.0,debit_card,ES,EUR
PM_007130,3,0,0,0,0,524.81,174.93666666666664,110.19,0.0027915769469914332,0.0044419813280931,1,3,0,0,0.0,0.0,0.0,0.3333333333333333,1.0,0.0,0.0,wallet,DE,EUR
PM_005138,3,0,0,0,0,770.12,256.70666666666665,276.28,0.0027805101902309997,0.0079619074592145,2,3,0,0,0.0,0.0,0.0,0.6666666666666666,1.0,0.0,0.0,wallet,GB,EUR
PM_006698,3,0,0,0,0,633.59,211.1966666666667,101.18,0.0027779041654607,0.0043710101970313,1,3,0,1,0.0,0.0,0.0,0.3333333333333333,1.0,0.0,0.3333333333333333,credit_card,ES,EUR
PM_005904,7,0,0,0,0,840.1800000000001,120.0257142857143,76.68,0.0027684111401631434,0.0157935515323744,4,7,1,0,0.0,0.0,0.0,0.5714285714285714,1.0,0.14285714285714285,0.0,debit_card,US,EUR
PM_003377,5,0,0,0,0,811.7500000000001,162.35000000000002,128.58,0.0027647190602890803,0.0061799821226889,0,5,1,5,0.0,0.0,0.0,0.0,1.0,0.2,1.0,debit_card,DE,EUR
PM_002328,4,0,0,0,0,609.0,152.25,132.885,0.0027645896551011253,0.0057757141104955,3,4,2,0,0.0,0.0,0.0,0.75,1.0,0.5,0.0,bank_transfer,ES,EUR
PM_004803,6,0,0,0,0,322.87,53.81166666666667,24.725,0.0027626462619797,0.0050158456068047,3,3,0,1,0.0,0.0,0.0,0.5,0.5,0.0,0.16666666666666666,wallet,ES,EUR
PM_006956,3,0,0,0,0,560.65,186.88333333333333,33.19,0.0027581613295966667,0.007350653351669,1,3,0,1,0.0,0.0,0.0,0.3333333333333333,1.0,0.0,0.3333333333333333,credit_card,PT,EUR
PM_004923,4,0,0,0,0,203.27,50.8175,21.86,0.0027557516890115248,0.0066841794249869,1,4,1,2,0.0,0.0,0.0,0.25,1.0,0.25,0.5,debit_card,US,EUR
PM_010425,6,0,0,0,0,344.29,57.38166666666667,32.09,0.0027420165161156167,0.0111942085692727,1,6,1,0,0.0,0.0,0.0,0.16666666666666666,1.0,0.16666666666666666,0.0,credit_card,US,EUR
PM_011229,5,0,0,0,0,301.18,60.236000000000004,16.06,0.00273849632540114,0.0089856563605874,2,4,1,0,0.0,0.0,0.0,0.4,0.8,0.2,0.0,debit_card,ES,EUR
PM_008654,9,0,0,0,0,1210.32,134.48,105.02,0.0027333880885380777,0.0149814508671057,6,9,1,2,0.0,0.0,0.0,0.6666666666666666,1.0,0.1111111111111111,0.2222222222222222,debit_card,US,EUR
PM_001134,4,0,0,0,0,169.81,42.4525,39.295,0.0027272844997378747,0.006839356042656,1,4,1,0,0.0,0.0,0.0,0.25,1.0,0.25,0.0,wallet,US,EUR
PM_008397,4,0,0,0,0,582.6899999999999,145.67249999999999,127.845,0.002716774047568575,0.0035571177638998,1,4,1,0,0.0,0.0,0.0,0.25,1.0,0.25,0.0,wallet,PT,EUR
PM_004019,3,0,0,0,0,357.2,119.06666666666666,120.85,0.002709694627420333,0.0044895718170556,2,3,0,0,0.0,0.0,0.0,0.6666666666666666,1.0,0.0,0.0,credit_card,US,EUR
PM_008252,12,0,0,0,0,1389.37,115.78083333333332,86.71000000000001,0.0027093930105690114,0.0242294779913056,8,12,1,1,0.0,0.0,0.0,0.6666666666666666,1.0,0.08333333333333333,0.08333333333333333,credit_card,US,EUR
PM_003391,3,0,0,0,0,155.34,51.78,22.56,0.0027052107043708667,0.0040182619383056,0,2,0,0,0.0,0.0,0.0,0.0,0.6666666666666666,0.0,0.0,wallet,PT,EUR
PM_011686,3,0,0,0,0,178.03,59.343333333333334,68.84,0.002701866346005067,0.0062972169608752,1,3,1,0,0.0,0.0,0.0,0.3333333333333333,1.0,0.3333333333333333,0.0,credit_card,GB,EUR
PM_008028,8,0,0,0,0,1560.36,195.045,200.34,0.0026847265450163148,0.0089233797873598,1,8,1,0,0.0,0.0,0.0,0.125,1.0,0.125,0.0,debit_card,US,EUR
PM_006493,3,0,0,0,0,101.32,33.77333333333333,34.6,0.002684195869605667,0.0060745208109591,0,0,0,0,0.0,0.0,0.0,0.0,0.0,0.0,0.0,debit_card,ES,EUR
PM_000059,3,0,0,0,0,252.10000000000002,84.03333333333335,90.43,0.0026817890474564,0.0071651672120152,3,3,0,2,0.0,0.0,0.0,1.0,1.0,0.0,0.6666666666666666,credit_card,ES,EUR
PM_002070,7,0,0,0,0,970.63,138.66142857142856,101.25,0.0026719935381201735,0.0125917310802381,2,7,0,0,0.0,0.0,0.0,0.2857142857142857,1.0,0.0,0.0,wallet,FR,EUR
PM_008778,3,0,0,0,0,146.09,48.696666666666665,50.72,0.0026703797350621666,0.0045139134698313,0,0,0,2,0.0,0.0,0.0,0.0,0.0,0.0,0.6666666666666666,wallet,ES,EUR
PM_006943,4,0,0,0,0,248.83999999999997,62.209999999999994,56.730000000000004,0.002662144831213075,0.0097062736162737,1,4,0,0,0.0,0.0,0.0,0.25,1.0,0.0,0.0,credit_card,GB,EUR
PM_009289,8,0,0,0,0,361.77,45.22125,19.72,0.002658124078694658,0.0085135934551122,3,8,0,8,0.0,0.0,0.0,0.375,1.0,0.0,1.0,wallet,IT,EUR
PM_006648,4,0,0,0,0,293.84999999999997,73.46249999999999,44.715,0.0026510152959668,0.005570048626189,2,4,0,0,0.0,0.0,0.0,0.5,1.0,0.0,0.0,credit_card,PT,EUR
PM_007876,3,0,0,0,0,125.83,41.943333333333335,51.0,0.0026499793606377,0.0066997314951441,2,3,0,0,0.0,0.0,0.0,0.6666666666666666,1.0,0.0,0.0,wallet,IT,EUR
PM_003886,5,0,0,0,0,512.9300000000001,102.58600000000001,105.15,0.00264961545657132,0.0120773436130887,3,4,1,0,0.0,0.0,0.0,0.6,0.8,0.2,0.0,credit_card,ES,EUR
PM_001356,4,0,0,0,0,302.88,75.72,69.775,0.00264685137298135,0.0080903150473125,2,4,1,2,0.0,0.0,0.0,0.5,1.0,0.25,0.5,credit_card,FR,EUR
PM_007700,6,0,0,0,0,922.24,153.70666666666668,72.625,0.0026357025484508765,0.0143951206760524,1,6,1,0,0.0,0.0,0.0,0.16666666666666666,1.0,0.16666666666666666,0.0,bank_transfer,IT,EUR
PM_009634,3,0,0,0,0,110.52,36.839999999999996,33.94,0.0026271192279060333,0.0075278157170661,3,3,0,0,0.0,0.0,0.0,1.0,1.0,0.0,0.0,wallet,FR,EUR
PM_007065,7,0,0,0,0,467.13,66.73285714285714,39.15,0.0026236752072703188,0.0087263529812817,2,7,1,0,0.0,0.0,0.0,0.2857142857142857,1.0,0.14285714285714285,0.0,wallet,US,EUR
PM_005214,11,0,0,0,0,346.42,31.492727272727276,31.39,0.002620713190742709,0.0080793139207967,5,11,1,0,0.0,0.0,0.0,0.45454545454545453,1.0,0.09090909090909091,0.0,credit_card,ES,EUR
PM_003016,5,0,0,0,0,223.49,44.698,37.55,0.0026201350188467597,0.008797917569952,5,5,1,0,0.0,0.0,0.0,1.0,1.0,0.2,0.0,wallet,US,EUR
PM_005078,3,0,0,0,0,113.98,37.99333333333333,35.89,0.002615615300098567,0.0062203879306422,0,1,1,1,0.0,0.0,0.0,0.0,0.3333333333333333,0.3333333333333333,0.3333333333333333,debit_card,FR,EUR
PM_003557,7,0,0,0,0,386.98,55.28285714285715,47.95,0.0026070177223889144,0.0144401760286903,5,5,1,2,0.0,0.0,0.0,0.7142857142857143,0.7142857142857143,0.14285714285714285,0.2857142857142857,debit_card,DE,EUR
PM_003213,6,0,0,0,0,413.94000000000005,68.99000000000001,29.32,0.0026067946760663513,0.0119942693970539,3,6,0,4,0.0,0.0,0.0,0.5,1.0,0.0,0.6666666666666666,credit_card,DE,EUR
PM_011262,6,0,0,0,0,518.22,86.37,98.1,0.00260116726071855,0.010019718674524,3,6,0,2,0.0,0.0,0.0,0.5,1.0,0.0,0.3333333333333333,debit_card,DE,EUR
PM_010512,3,0,0,0,0,154.95,51.65,21.55,0.002593701413766356,0.0069818023886306,0,3,0,0,0.0,0.0,0.0,0.0,1.0,0.0,0.0,debit_card,ES,EUR
PM_001338,10,0,0,0,0,721.72,72.172,53.695,0.00259103370917858,0.0081336722610374,6,10,0,2,0.0,0.0,0.0,0.6,1.0,0.0,0.2,credit_card,PT,EUR
PM_000277,6,0,0,0,0,563.42,93.90333333333332,24.855,0.002590233303650876,0.0133663179825315,1,1,0,0,0.0,0.0,0.0,0.16666666666666666,0.16666666666666666,0.0,0.0,credit_card,ES,EUR
PM_009561,3,0,0,0,0,159.44,53.14666666666667,53.4,0.002589983987742867,0.0074156751798015,2,3,0,0,0.0,0.0,0.0,0.6666666666666666,1.0,0.0,0.0,credit_card,FR,EUR
PM_009715,9,0,0,0,0,677.14,75.23777777777778,24.24,0.00258749042036716,0.0184470161473734,1,9,1,0,0.0,0.0,0.0,0.1111111111111111,1.0,0.1111111111111111,0.0,credit_card,IT,EUR
PM_005832,5,0,0,0,0,403.24,80.648,30.67,0.0025821472767795,0.0114115227430224,3,4,0,3,0.0,0.0,0.0,0.6,0.8,0.0,0.6,credit_card,ES,EUR
PM_004099,8,0,0,0,0,1588.7199999999998,198.58999999999997,140.19,0.0025797827139334623,0.0109405298593606,5,8,1,2,0.0,0.0,0.0,0.625,1.0,0.125,0.25,credit_card,ES,EUR
PM_004560,8,0,0,0,0,1259.79,157.47375,112.63,0.0025748491435585376,0.0066253041303981,4,8,3,0,0.0,0.0,0.0,0.5,1.0,0.375,0.0,credit_card,PT,EUR
PM_005703,16,0,0,0,0,1713.47,107.091875,86.81,0.0025745934063104974,0.021574067283861,7,12,3,0,0.0,0.0,0.0,0.4375,0.75,0.1875,0.0,debit_card,ES,EUR
PM_006536,6,0,0,0,0,198.45,33.074999999999996,27.075000000000003,0.0025733388947952085,0.0146924184055983,3,4,0,0,0.0,0.0,0.0,0.5,0.6666666666666666,0.0,0.0,debit_card,ES,EUR
PM_002473,10,0,0,0,0,918.29,91.829,69.405,0.00256493008793484,0.0171923250734474,1,4,3,0,0.0,0.0,0.0,0.1,0.4,0.3,0.0,credit_card,ES,EUR
PM_000312,3,0,0,0,0,127.07,42.35666666666666,48.11,0.0025615823351224,0.0051823346660788,1,1,1,0,0.0,0.0,0.0,0.3333333333333333,0.3333333333333333,0.3333333333333333,0.0,debit_card,ES,EUR
PM_011884,3,0,0,0,0,348.06,116.02,116.39,0.0025613636722102997,0.00656579348537,2,2,0,0,0.0,0.0,0.0,0.6666666666666666,0.6666666666666666,0.0,0.0,credit_card,ES,EUR
PM_008058,9,0,0,0,0,372.12,41.346666666666664,21.93,0.0025431063158152145,0.014831149496454,3,9,0,0,0.0,0.0,0.0,0.3333333333333333,1.0,0.0,0.0,credit_card,US,EUR
PM_003244,3,0,0,0,0,276.05,92.01666666666667,110.12,0.0025341350501808667,0.0072452850113017,0,3,0,0,0.0,0.0,0.0,0.0,1.0,0.0,0.0,bank_transfer,DE,EUR
PM_009499,8,0,0,0,0,450.09999999999997,56.262499999999996,38.215,0.002529655561964466,0.0182241183776198,4,8,3,0,0.0,0.0,0.0,0.5,1.0,0.375,0.0,debit_card,DE,EUR
PM_007452,4,0,0,0,0,742.0,185.5,125.97,0.00252631004425385,0.0068463252024015,2,4,0,3,0.0,0.0,0.0,0.5,1.0,0.0,0.75,credit_card,US,EUR
PM_007201,5,0,0,0,0,903.28,180.656,114.0,0.00252096649082874,0.0089526554703926,3,5,0,0,0.0,0.0,0.0,0.6,1.0,0.0,0.0,bank_transfer,US,EUR
PM_002882,8,0,0,0,0,462.8,57.85,62.59,0.002502138502247971,0.0153440726996831,3,5,2,1,0.0,0.0,0.0,0.375,0.625,0.25,0.125,debit_card,ES,EUR
PM_008484,6,0,0,0,0,859.57,143.26166666666668,134.445,0.00249779037244785,0.0086983224709559,3,6,1,6,0.0,0.0,0.0,0.5,1.0,0.16666666666666666,1.0,wallet,ES,EUR
PM_005746,4,0,0,0,0,132.19,33.0475,39.79,0.0024973856866751997,0.0084054010120771,1,4,0,2,0.0,0.0,0.0,0.25,1.0,0.0,0.5,debit_card,PT,EUR
PM_006916,16,0,0,0,0,1992.17,124.510625,57.739999999999995,0.0024960066858387125,0.0134065233563575,8,16,2,9,0.0,0.0,0.0,0.5,1.0,0.125,0.5625,credit_card,FR,EUR
PM_006673,6,0,0,0,0,1253.82,208.97,66.03999999999999,0.0024944361929379664,0.0091894718876828,3,4,0,1,0.0,0.0,0.0,0.5,0.6666666666666666,0.0,0.16666666666666666,debit_card,FR,EUR
PM_005192,3,0,0,0,0,130.7,43.56666666666666,42.0,0.0024914318632524002,0.0041523218747332,3,3,0,0,0.0,0.0,0.0,1.0,1.0,0.0,0.0,credit_card,ES,EUR
PM_009100,3,0,0,0,0,218.11,72.70333333333333,67.52,0.002491215415416,0.0045095556153554,0,0,0,3,0.0,0.0,0.0,0.0,0.0,0.0,1.0,credit_card,ES,EUR
PM_001004,8,0,0,0,0,353.46,44.1825,21.259999999999998,0.002482236800510125,0.0158209262685881,3,8,0,8,0.0,0.0,0.0,0.375,1.0,0.0,1.0,debit_card,GB,EUR
PM_006897,3,0,0,0,0,356.22,118.74000000000001,30.28,0.00247660974231147,0.0072431477532963,2,3,0,1,0.0,0.0,0.0,0.6666666666666666,1.0,0.0,0.3333333333333333,credit_card,US,EUR
PM_001481,3,0,0,0,0,256.83,85.61,97.81,0.0024710690272431762,0.005555449438984,1,3,0,0,0.0,0.0,0.0,0.3333333333333333,1.0,0.0,0.0,debit_card,US,EUR
PM_011845,8,0,0,0,0,724.59,90.57375,76.3,0.002470184621616825,0.0111623840782654,3,4,0,0,0.0,0.0,0.0,0.375,0.5,0.0,0.0,credit_card,ES,EUR
PM_007338,3,0,0,0,0,221.61,73.87,88.4,0.002467644110157133,0.0068833198468554,0,1,0,1,0.0,0.0,0.0,0.0,0.3333333333333333,0.0,0.3333333333333333,credit_card,DE,EUR
PM_009107,7,0,0,0,0,326.35,46.621428571428574,35.85,0.0024573096397735588,0.0109451345577004,2,7,1,0,0.0,0.0,0.0,0.2857142857142857,1.0,0.14285714285714285,0.0,debit_card,GB,EUR
PM_007810,8,0,0,0,0,1435.51,179.43875,188.48000000000002,0.0024566334066714124,0.0056957754367291,4,8,1,0,0.0,0.0,0.0,0.5,1.0,0.125,0.0,credit_card,ES,EUR
PM_001493,5,0,0,0,0,663.17,132.634,56.18,0.00244903324298752,0.0043750661293734,2,3,1,0,0.0,0.0,0.0,0.4,0.6,0.2,0.0,credit_card,ES,EUR
PM_002010,5,0,0,0,0,344.37,68.874,21.74,0.00244437379661396,0.0061470740156397,4,5,0,0,0.0,0.0,0.0,0.8,1.0,0.0,0.0,wallet,ES,EUR
PM_001888,11,0,0,0,0,520.66,47.33272727272727,30.09,0.002442681429560634,0.0163777179299302,8,9,1,0,0.0,0.0,0.0,0.7272727272727273,0.8181818181818182,0.09090909090909091,0.0,credit_card,PT,EUR
PM_007083,7,0,0,0,0,927.5600000000001,132.50857142857143,113.61,0.002440329544217186,0.0062598488324434,4,7,2,0,0.0,0.0,0.0,0.5714285714285714,1.0,0.2857142857142857,0.0,debit_card,US,EUR
PM_002542,6,0,0,0,0,446.13,74.355,46.07,0.002437997187378888,0.0117624429719878,2,6,0,2,0.0,0.0,0.0,0.3333333333333333,1.0,0.0,0.3333333333333333,debit_card,PT,EUR
PM_009327,15,0,0,0,0,1376.3,91.75333333333333,82.81,0.0024359632911864367,0.0167446428023537,7,15,1,0,0.0,0.0,0.0,0.4666666666666667,1.0,0.06666666666666667,0.0,bank_transfer,IT,EUR
PM_005445,11,0,0,0,0,460.05,41.82272727272727,34.11,0.002427663209253574,0.0142607192183503,2,2,1,3,0.0,0.0,0.0,0.18181818181818182,0.18181818181818182,0.09090909090909091,0.2727272727272727,wallet,ES,EUR
PM_004747,7,0,0,0,0,522.76,74.67999999999999,27.82,0.0024223355646865313,0.0061124116434494,2,7,0,0,0.0,0.0,0.0,0.2857142857142857,1.0,0.0,0.0,debit_card,DE,EUR
PM_003019,4,0,0,0,0,161.61,40.4025,43.355000000000004,0.002420772122627525,0.0090613281042193,2,3,0,3,0.0,0.0,0.0,0.5,0.75,0.0,0.75,debit_card,PT,EUR
PM_000463,3,0,0,0,0,329.53999999999996,109.84666666666665,128.88,0.0024189606327931997,0.0045586338925183,2,3,0,0,0.0,0.0,0.0,0.6666666666666666,1.0,0.0,0.0,credit_card,FR,EUR
PM_004905,8,0,0,0,0,1052.33,131.54125,92.445,0.002418601574676784,0.0141222415411077,2,8,1,0,0.0,0.0,0.0,0.25,1.0,0.125,0.0,bank_transfer,DE,EUR
PM_011487,8,0,0,0,0,956.1,119.5125,57.065,0.0024158987033671875,0.0136666639109255,3,7,1,4,0.0,0.0,0.0,0.375,0.875,0.125,0.5,wallet,FR,EUR
PM_007191,4,0,0,0,0,413.23,103.3075,67.17,0.0024138541563489,0.0051239414847023,1,2,0,1,0.0,0.0,0.0,0.25,0.5,0.0,0.25,wallet,ES,EUR
PM_004568,6,0,0,0,0,536.03,89.33833333333332,45.730000000000004,0.0024125945022267833,0.0095728978628253,2,6,0,0,0.0,0.0,0.0,0.3333333333333333,1.0,0.0,0.0,debit_card,US,EUR
PM_007333,3,0,0,0,0,411.24,137.08,73.85,0.0024115760524265665,0.0049307118150295,1,1,0,0,0.0,0.0,0.0,0.3333333333333333,0.3333333333333333,0.0,0.0,credit_card,ES,EUR
PM_005335,3,0,0,0,0,236.69,78.89666666666666,51.35,0.0024115316695736,0.0063922044421369,1,3,0,0,0.0,0.0,0.0,0.3333333333333333,1.0,0.0,0.0,credit_card,GB,EUR
PM_000142,5,0,0,0,0,409.90999999999997,81.982,76.45,0.00239670485379732,0.0109792424210825,2,5,1,1,0.0,0.0,0.0,0.4,1.0,0.2,0.2,bank_transfer,ES,EUR
PM_003898,15,0,0,0,0,1380.94,92.06266666666667,27.06,0.002395054919574553,0.0250068503511793,5,7,1,1,0.0,0.0,0.0,0.3333333333333333,0.4666666666666667,0.06666666666666667,0.06666666666666667,bank_transfer,ES,EUR
PM_005065,4,0,0,0,0,126.04,31.51,33.32,0.002393210254621525,0.0044861721925769,1,4,2,0,0.0,0.0,0.0,0.25,1.0,0.5,0.0,debit_card,PT,EUR
PM_008326,3,0,0,0,0,233.36,77.78666666666668,66.12,0.0023909417302096663,0.0048252769638236,1,3,1,0,0.0,0.0,0.0,0.3333333333333333,1.0,0.3333333333333333,0.0,wallet,ES,EUR
PM_006633,3,0,0,0,0,310.29999999999995,103.43333333333332,82.58,0.0023893917867046665,0.0057468791273453,0,3,0,2,0.0,0.0,0.0,0.0,1.0,0.0,0.6666666666666666,bank_transfer,PT,EUR
PM_007921,6,0,0,0,0,253.85000000000002,42.30833333333334,24.59,0.0023793842409908987,0.0123148249426923,2,6,0,0,0.0,0.0,0.0,0.3333333333333333,1.0,0.0,0.0,credit_card,DE,EUR
PM_011515,17,0,0,0,0,2612.4,153.67058823529413,94.24,0.0023640237593037295,0.0120390618471956,7,17,1,3,0.0,0.0,0.0,0.4117647058823529,1.0,0.058823529411764705,0.17647058823529413,bank_transfer,GB,EUR
PM_002678,6,0,0,0,0,250.54,41.75666666666667,40.67,0.0023611100440958,0.0101292152669422,3,6,1,4,0.0,0.0,0.0,0.5,1.0,0.16666666666666666,0.6666666666666666,wallet,PT,EUR
PM_000793,3,0,0,0,0,85.92,28.64,28.02,0.0023391687895288333,0.0055536120727863,1,1,0,0,0.0,0.0,0.0,0.3333333333333333,0.3333333333333333,0.0,0.0,credit_card,ES,EUR
PM_006611,3,0,0,0,0,600.29,200.09666666666666,212.88,0.0023386019568474004,0.005027903292222,2,3,2,0,0.0,0.0,0.0,0.6666666666666666,1.0,0.6666666666666666,0.0,debit_card,ES,EUR
PM_010653,3,0,0,0,0,151.91,50.63666666666666,55.4,0.0023339271559023335,0.0063998407949332,1,3,0,1,0.0,0.0,0.0,0.3333333333333333,1.0,0.0,0.3333333333333333,wallet,IT,EUR
PM_001143,12,0,0,0,0,889.42,74.11833333333333,59.91,0.002328511786799175,0.0094196265343443,4,12,1,4,0.0,0.0,0.0,0.3333333333333333,1.0,0.08333333333333333,0.3333333333333333,credit_card,IT,EUR
PM_010688,3,0,0,0,0,106.92999999999999,35.64333333333333,39.16,0.0023188311785616793,0.0066630886497063,1,1,0,0,0.0,0.0,0.0,0.3333333333333333,0.3333333333333333,0.0,0.0,debit_card,ES,EUR
PM_009904,11,0,0,0,0,683.99,62.18090909090909,34.83,0.002318510263205903,0.0189746351204325,1,11,2,0,0.0,0.0,0.0,0.09090909090909091,1.0,0.18181818181818182,0.0,credit_card,FR,EUR
PM_000459,3,0,0,0,0,168.76,56.25333333333333,35.99,0.0023150903911753336,0.0067273599266286,0,3,0,0,0.0,0.0,0.0,0.0,1.0,0.0,0.0,debit_card,DE,EUR
PM_007827,3,0,0,0,0,518.9300000000001,172.9766666666667,137.89,0.0023141727773211,0.0039851804122446,2,3,0,0,0.0,0.0,0.0,0.6666666666666666,1.0,0.0,0.0,debit_card,IT,EUR
PM_007205,3,0,0,0,0,246.21,82.07000000000001,102.93,0.0023086007872170663,0.005794513101665,2,3,1,0,0.0,0.0,0.0,0.6666666666666666,1.0,0.3333333333333333,0.0,wallet,IT,EUR
PM_007943,4,0,0,0,0,1177.06,294.265,128.085,0.00230832786749655,0.0078411433582654,1,4,1,0,0.0,0.0,0.0,0.25,1.0,0.25,0.0,credit_card,US,EUR
PM_004684,6,0,0,0,0,595.7,99.28333333333335,27.715,0.002303170699130146,0.0126053961609563,2,5,2,0,0.0,0.0,0.0,0.3333333333333333,0.8333333333333334,0.3333333333333333,0.0,bank_transfer,IT,EUR
PM_002549,14,0,0,0,0,1896.25,135.44642857142858,111.22999999999999,0.0022986355510933114,0.0232395683481402,5,14,2,1,0.0,0.0,0.0,0.35714285714285715,1.0,0.14285714285714285,0.07142857142857142,bank_transfer,PT,EUR
PM_010658,6,0,0,0,0,565.29,94.21499999999999,73.855,0.002294580348089718,0.0084118583354122,1,6,3,0,0.0,0.0,0.0,0.16666666666666666,1.0,0.5,0.0,credit_card,GB,EUR
PM_006821,4,0,0,0,0,285.71999999999997,71.42999999999999,66.3,0.002288366700329325,0.0060103851065718,2,4,0,0,0.0,0.0,0.0,0.5,1.0,0.0,0.0,wallet,US,EUR
PM_011427,5,0,0,0,0,480.33000000000004,96.066,80.7,0.002286459732445023,0.0093198984073494,2,5,1,2,0.0,0.0,0.0,0.4,1.0,0.2,0.4,credit_card,GB,EUR
PM_003828,6,0,0,0,0,513.6,85.60000000000001,67.46000000000001,0.0022853247645549103,0.0111344935898635,1,6,1,0,0.0,0.0,0.0,0.16666666666666666,1.0,0.16666666666666666,0.0,credit_card,US,EUR
PM_003384,13,0,0,0,0,879.0899999999999,67.62230769230769,60.08,0.0022850573177247546,0.013690371540045,7,9,1,1,0.0,0.0,0.0,0.5384615384615384,0.6923076923076923,0.07692307692307693,0.07692307692307693,debit_card,ES,EUR
PM_010776,7,0,0,0,0,417.71,59.67285714285714,63.39,0.0022830027801795964,0.0063925221317937,2,7,0,0,0.0,0.0,0.0,0.2857142857142857,1.0,0.0,0.0,debit_card,GB,EUR
PM_011388,8,0,0,0,0,344.06,43.0075,24.68,0.0022775634885120874,0.0106260704099313,3,8,2,1,0.0,0.0,0.0,0.375,1.0,0.25,0.125,wallet,US,EUR
PM_005569,4,0,0,0,0,556.56,139.14,30.005,0.0022724808549415914,0.0078918269505065,2,2,1,1,0.0,0.0,0.0,0.5,0.5,0.25,0.25,debit_card,ES,EUR
PM_010996,4,0,0,0,0,510.26,127.565,36.28,0.002260709069862325,0.007801844577761,1,4,1,0,0.0,0.0,0.0,0.25,1.0,0.25,0.0,bank_transfer,PT,EUR
PM_010385,5,0,0,0,0,275.73,55.146,25.69,0.002258790414286517,0.0072053448048845,2,4,2,0,0.0,0.0,0.0,0.4,0.8,0.4,0.0,credit_card,ES,EUR
PM_002735,6,0,0,0,0,319.32,53.22,24.915,0.0022536878017215627,0.0076881600843657,3,5,0,0,0.0,0.0,0.0,0.5,0.8333333333333334,0.0,0.0,debit_card,ES,EUR
PM_005994,22,0,0,0,0,2206.27,100.285,57.95,0.0022510731654866788,0.0222050714164124,12,21,0,0,0.0,0.0,0.0,0.5454545454545454,0.9545454545454546,0.0,0.0,credit_card,DE,EUR
PM_007951,10,0,0,0,0,2099.32,209.93200000000002,112.35,0.0022460115315299047,0.01353114045309,8,10,2,0,0.0,0.0,0.0,0.8,1.0,0.2,0.0,bank_transfer,ES,EUR
PM_008154,3,0,0,0,0,786.42,262.14,52.45,0.0022441420594291666,0.0049658431722653,1,3,0,1,0.0,0.0,0.0,0.3333333333333333,1.0,0.0,0.3333333333333333,credit_card,US,EUR
PM_003429,4,0,0,0,0,497.59,124.3975,108.47,0.002231982185356615,0.00641712854779,1,4,0,0,0.0,0.0,0.0,0.25,1.0,0.0,0.0,bank_transfer,ES,EUR
PM_006671,5,0,0,0,0,141.35,28.27,27.13,0.0022305068948680613,0.006218189120583,4,5,2,0,0.0,0.0,0.0,0.8,1.0,0.4,0.0,debit_card,ES,EUR
PM_008281,3,0,0,0,0,133.16,44.38666666666666,59.5,0.0022260234140774556,0.0064619907111074,2,3,0,0,0.0,0.0,0.0,0.6666666666666666,1.0,0.0,0.0,debit_card,ES,EUR
PM_002809,3,0,0,0,0,539.54,179.84666666666666,133.43,0.0022256638195612,0.0061362418295439,1,3,0,0,0.0,0.0,0.0,0.3333333333333333,1.0,0.0,0.0,credit_card,GB,EUR
PM_010474,3,0,0,0,0,1751.75,583.9166666666666,279.97,0.002221793030371267,0.0050720806375045,3,3,0,0,0.0,0.0,0.0,1.0,1.0,0.0,0.0,bank_transfer,GB,EUR
PM_011963,4,0,0,0,0,208.5,52.125,40.25,0.002211912329723325,0.0078100790725608,1,4,0,0,0.0,0.0,0.0,0.25,1.0,0.0,0.0,debit_card,DE,EUR
PM_011707,12,0,0,0,0,436.63,36.38583333333333,34.015,0.0022109867835490883,0.0216350301908705,7,12,2,0,0.0,0.0,0.0,0.5833333333333334,1.0,0.16666666666666666,0.0,debit_card,US,EUR
PM_009468,14,0,0,0,0,2465.09,176.07785714285714,119.82499999999999,0.0022098898329397073,0.0160967693454653,9,14,1,0,0.0,0.0,0.0,0.6428571428571429,1.0,0.07142857142857142,0.0,credit_card,IT,EUR
PM_010897,3,0,0,0,0,283.92,94.64,81.37,0.0022063791007747332,0.0036020650315834,0,0,0,0,0.0,0.0,0.0,0.0,0.0,0.0,0.0,debit_card,ES,EUR
PM_003389,3,0,0,0,0,74.49000000000001,24.830000000000002,21.68,0.002205876083969533,0.0036155207110043,3,3,1,0,0.0,0.0,0.0,1.0,1.0,0.3333333333333333,0.0,wallet,ES,EUR
PM_001761,3,0,0,0,0,689.23,229.74333333333334,294.98,0.0021969791329832333,0.0046455774056223,1,2,1,0,0.0,0.0,0.0,0.3333333333333333,0.6666666666666666,0.3333333333333333,0.0,credit_card,ES,EUR
PM_007390,6,0,0,0,0,574.8,95.8,70.92,0.002184213082284249,0.0062820719718819,4,4,0,0,0.0,0.0,0.0,0.6666666666666666,0.6666666666666666,0.0,0.0,credit_card,ES,EUR
PM_008524,4,0,0,0,0,334.32,83.58,63.13,0.0021832035345105607,0.0077283417900311,1,1,0,0,0.0,0.0,0.0,0.25,0.25,0.0,0.0,debit_card,ES,EUR
PM_001209,3,0,0,0,0,182.37,60.79,62.89,0.0021814822942199,0.00298415093591,2,3,0,0,0.0,0.0,0.0,0.6666666666666666,1.0,0.0,0.0,debit_card,DE,EUR
PM_002078,6,0,0,0,0,930.1800000000001,155.03,105.505,0.0021767097342508834,0.0073856277288762,5,6,3,0,0.0,0.0,0.0,0.8333333333333334,1.0,0.5,0.0,credit_card,ES,EUR
PM_003797,3,0,0,0,0,53.03,17.676666666666666,9.01,0.0021757782505905,0.0042105397795459,0,3,1,0,0.0,0.0,0.0,0.0,1.0,0.3333333333333333,0.0,credit_card,DE,EUR
PM_004855,3,0,0,0,0,215.64,71.88,58.35,0.002175588827307741,0.0063283419143751,0,3,0,0,0.0,0.0,0.0,0.0,1.0,0.0,0.0,credit_card,PT,EUR
PM_009730,9,0,0,0,0,1488.73,165.41444444444446,107.96,0.0021752566974904113,0.0077952948598714,4,6,0,5,0.0,0.0,0.0,0.4444444444444444,0.6666666666666666,0.0,0.5555555555555556,wallet,FR,EUR
PM_004486,4,0,0,0,0,202.54000000000002,50.635000000000005,20.085,0.0021750249638576,0.0050123342639174,0,2,1,2,0.0,0.0,0.0,0.0,0.5,0.25,0.5,debit_card,ES,EUR
PM_010907,8,0,0,0,0,210.06,26.2575,25.54,0.0021687378617998576,0.0120776350867078,3,3,1,0,0.0,0.0,0.0,0.375,0.375,0.125,0.0,wallet,ES,EUR
PM_009817,5,0,0,0,0,406.23,81.24600000000001,56.91,0.0021675189069622998,0.00912798278193,4,5,2,0,0.0,0.0,0.0,0.8,1.0,0.4,0.0,credit_card,FR,EUR
PM_002219,4,0,0,0,0,108.58,27.145,25.449999999999996,0.00216399254378705,0.0077881847819218,2,4,1,0,0.0,0.0,0.0,0.5,1.0,0.25,0.0,wallet,US,EUR
PM_008080,3,0,0,0,0,300.26,100.08666666666666,66.53,0.0021619518631568664,0.0048060449540687,1,3,0,0,0.0,0.0,0.0,0.3333333333333333,1.0,0.0,0.0,credit_card,US,EUR
PM_006499,14,0,0,0,0,1088.07,77.7192857142857,67.47,0.0021613394413991503,0.0226972435302034,6,9,2,0,0.0,0.0,0.0,0.42857142857142855,0.6428571428571429,0.14285714285714285,0.0,bank_transfer,ES,EUR
PM_002260,4,0,0,0,0,227.25,56.8125,57.675,0.002161226108031325,0.0062337596390301,2,4,0,4,0.0,0.0,0.0,0.5,1.0,0.0,1.0,credit_card,DE,EUR
PM_011520,3,0,0,0,0,134.35,44.78333333333333,22.88,0.0021523300187766335,0.0033719953430015,1,3,0,0,0.0,0.0,0.0,0.3333333333333333,1.0,0.0,0.0,bank_transfer,US,EUR
PM_003882,3,0,0,0,0,380.56,126.85333333333334,136.81,0.0021506412578039,0.0048418051813721,1,3,0,0,0.0,0.0,0.0,0.3333333333333333,1.0,0.0,0.0,credit_card,GB,EUR
PM_010792,4,0,0,0,0,190.97,47.7425,38.775000000000006,0.002143102767096475,0.0042853928074647,0,3,0,0,0.0,0.0,0.0,0.0,0.75,0.0,0.0,bank_transfer,ES,EUR
PM_005444,3,0,0,0,0,104.0,34.666666666666664,32.43,0.0021348465112933333,0.0057723624318476,1,3,0,2,0.0,0.0,0.0,0.3333333333333333,1.0,0.0,0.6666666666666666,wallet,PT,EUR
PM_000939,6,0,0,0,0,815.97,135.995,107.72,0.0021323280980474167,0.008304450191352,4,6,1,0,0.0,0.0,0.0,0.6666666666666666,1.0,0.16666666666666666,0.0,bank_transfer,PT,EUR
PM_002129,3,0,0,0,0,209.47,69.82333333333334,63.03,0.0021314822633051334,0.0034338647924375,1,3,0,0,0.0,0.0,0.0,0.3333333333333333,1.0,0.0,0.0,debit_card,PT,EUR
PM_004114,5,0,0,0,0,518.2900000000001,103.65800000000002,129.33,0.00212424512613654,0.0096570472996876,2,3,0,4,0.0,0.0,0.0,0.4,0.6,0.0,0.8,credit_card,IT,EUR
PM_000698,9,0,0,0,0,640.35,71.15,30.13,0.0021212885495932683,0.0101119415985523,4,9,1,6,0.0,0.0,0.0,0.4444444444444444,1.0,0.1111111111111111,0.6666666666666666,debit_card,US,EUR
PM_001673,7,0,0,0,0,362.25,51.75,34.01,0.0021203950291420266,0.0129648451391259,4,7,1,0,0.0,0.0,0.0,0.5714285714285714,1.0,0.14285714285714285,0.0,credit_card,DE,EUR
PM_004882,3,0,0,0,0,88.30000000000001,29.433333333333337,34.02,0.002113222140807167,0.0034402115296899,0,0,0,2,0.0,0.0,0.0,0.0,0.0,0.0,0.6666666666666666,debit_card,ES,EUR
PM_006092,5,0,0,0,0,303.63,60.726,37.25,0.002103700286691031,0.0050701962251241,2,4,1,2,0.0,0.0,0.0,0.4,0.8,0.2,0.4,debit_card,ES,EUR
PM_001737,3,0,0,0,0,414.03999999999996,138.01333333333332,53.48,0.002102605967563067,0.0051641187856213,1,3,1,0,0.0,0.0,0.0,0.3333333333333333,1.0,0.3333333333333333,0.0,credit_card,ES,EUR
PM_003575,5,0,0,0,0,355.53,71.106,85.42,0.00209456752503482,0.0066663935130654,1,5,0,5,0.0,0.0,0.0,0.2,1.0,0.0,1.0,credit_card,PT,EUR
PM_004734,3,0,0,0,0,604.95,201.65,93.63,0.0020856066646523096,0.0060157971630082,0,3,1,0,0.0,0.0,0.0,0.0,1.0,0.3333333333333333,0.0,debit_card,PT,EUR
PM_011589,3,0,0,0,0,214.75,71.58333333333333,45.35,0.0020843128655496667,0.0028728100677395,1,3,0,0,0.0,0.0,0.0,0.3333333333333333,1.0,0.0,0.0,debit_card,US,EUR
PM_009425,4,0,0,0,0,347.59999999999997,86.89999999999999,69.445,0.002083764138405425,0.0051038328494281,1,4,0,0,0.0,0.0,0.0,0.25,1.0,0.0,0.0,credit_card,FR,EUR
PM_010261,6,0,0,0,0,351.03000000000003,58.505,52.945,0.002080745164205648,0.0061927940999467,4,4,1,1,0.0,0.0,0.0,0.6666666666666666,0.6666666666666666,0.16666666666666666,0.16666666666666666,wallet,ES,EUR
PM_011801,5,0,0,0,0,326.76,65.352,49.02,0.0020804403243578798,0.0067948782188605,4,5,0,0,0.0,0.0,0.0,0.8,1.0,0.0,0.0,debit_card,FR,EUR
PM_011527,3,0,0,0,0,139.35999999999999,46.453333333333326,9.66,0.0020775442122045,0.005260977494193,2,3,0,0,0.0,0.0,0.0,0.6666666666666666,1.0,0.0,0.0,credit_card,PT,EUR
PM_004308,5,0,0,0,0,260.6,52.120000000000005,53.89,0.0020679965017658913,0.0063715042137463,2,3,1,1,0.0,0.0,0.0,0.4,0.6,0.2,0.2,debit_card,ES,EUR
PM_004241,7,0,0,0,0,397.29,56.75571428571429,49.83,0.0020666060319382397,0.0129723272759685,2,3,0,0,0.0,0.0,0.0,0.2857142857142857,0.42857142857142855,0.0,0.0,debit_card,ES,EUR
PM_004717,3,0,0,0,0,189.16000000000003,63.05333333333334,71.67,0.0020648248601469665,0.0040626120084061,1,2,1,0,0.0,0.0,0.0,0.3333333333333333,0.6666666666666666,0.3333333333333333,0.0,debit_card,ES,EUR
PM_011274,5,0,0,0,0,228.57,45.714,43.95,0.00206308463851534,0.0076309165952803,4,5,1,0,0.0,0.0,0.0,0.8,1.0,0.2,0.0,credit_card,GB,EUR
PM_009983,3,0,0,0,0,61.68,20.56,12.83,0.0020574912774245,0.0057039078559119,0,0,0,0,0.0,0.0,0.0,0.0,0.0,0.0,0.0,wallet,ES,EUR
PM_006707,3,0,0,0,0,434.66,144.88666666666668,42.1,0.0020574055176911664,0.0031439853653126,0,3,1,2,0.0,0.0,0.0,0.0,1.0,0.3333333333333333,0.6666666666666666,debit_card,DE,EUR
PM_005752,3,0,0,0,0,208.03,69.34333333333333,47.84,0.0020545753354244,0.0032332268531092,1,3,0,0,0.0,0.0,0.0,0.3333333333333333,1.0,0.0,0.0,credit_card,PT,EUR
PM_003874,3,0,0,0,0,252.73,84.24333333333333,49.5,0.002052802248102533,0.0056553458967519,1,1,0,0,0.0,0.0,0.0,0.3333333333333333,0.3333333333333333,0.0,0.0,debit_card,ES,EUR
PM_009349,4,0,0,0,0,1129.08,282.27,195.29000000000002,0.002049808282226925,0.0044105314745608,2,4,1,0,0.0,0.0,0.0,0.5,1.0,0.25,0.0,bank_transfer,FR,EUR
PM_003915,3,0,0,0,0,393.72,131.24,83.66,0.002049333297354867,0.005284775161154,1,3,0,0,0.0,0.0,0.0,0.3333333333333333,1.0,0.0,0.0,debit_card,ES,EUR
PM_010029,9,0,0,0,0,418.29,46.47666666666667,28.68,0.002048794206880089,0.0041663672553935,1,3,2,1,0.0,0.0,0.0,0.1111111111111111,0.3333333333333333,0.2222222222222222,0.1111111111111111,debit_card,ES,EUR
PM_004952,4,0,0,0,0,114.54,28.635,24.835,0.0020374199932909,0.0065811201214367,1,4,0,0,0.0,0.0,0.0,0.25,1.0,0.0,0.0,credit_card,FR,EUR
PM_008841,3,0,0,0,0,170.13,56.71,32.82,0.002036790153665031,0.005899027737737,1,1,0,0,0.0,0.0,0.0,0.3333333333333333,0.3333333333333333,0.0,0.0,credit_card,ES,EUR
PM_002444,7,0,0,0,0,461.33,65.9042857142857,71.97,0.002028989489655843,0.0057644381970163,3,7,1,7,0.0,0.0,0.0,0.42857142857142855,1.0,0.14285714285714285,1.0,wallet,PT,EUR
PM_011490,9,0,0,0,0,363.27,40.36333333333333,34.18,0.0020280211599333483,0.0143951194874599,3,4,0,0,0.0,0.0,0.0,0.3333333333333333,0.4444444444444444,0.0,0.0,debit_card,ES,EUR
PM_011971,10,0,0,0,0,665.16,66.51599999999999,19.9,0.00202352435569613,0.0108945848155053,1,10,1,0,0.0,0.0,0.0,0.1,1.0,0.1,0.0,debit_card,IT,EUR
PM_005103,11,0,0,0,0,1188.41,108.03727272727274,94.64,0.002020025402416664,0.0105389667751423,3,11,1,0,0.0,0.0,0.0,0.2727272727272727,1.0,0.09090909090909091,0.0,debit_card,GB,EUR
PM_003836,12,0,0,0,0,580.45,48.37083333333334,34.894999999999996,0.0020179172762801252,0.0152364508117977,5,12,0,0,0.0,0.0,0.0,0.4166666666666667,1.0,0.0,0.0,wallet,US,EUR
PM_007553,9,0,0,0,0,1012.4,112.48888888888888,40.4,0.002015809065381355,0.0138816677233144,4,8,1,0,0.0,0.0,0.0,0.4444444444444444,0.8888888888888888,0.1111111111111111,0.0,credit_card,ES,EUR
PM_001147,8,0,0,0,0,404.93,50.61625,43.495,0.0020086713960311706,0.0128566250021139,2,2,0,0,0.0,0.0,0.0,0.25,0.25,0.0,0.0,credit_card,ES,EUR
PM_003938,7,0,0,0,0,730.16,104.30857142857143,67.33,0.0020032869604055857,0.0100457912440013,5,7,2,1,0.0,0.0,0.0,0.7142857142857143,1.0,0.2857142857142857,0.14285714285714285,bank_transfer,PT,EUR
PM_006566,4,0,0,0,0,181.28,45.32,32.015,0.0020004906260895,0.003496813934453,2,4,0,0,0.0,0.0,0.0,0.5,1.0,0.0,0.0,wallet,PT,EUR
PM_009456,9,0,0,0,0,653.87,72.65222222222222,41.5,0.001993175824744478,0.0118852364912257,5,9,3,4,0.0,0.0,0.0,0.5555555555555556,1.0,0.3333333333333333,0.4444444444444444,credit_card,US,EUR
PM_005474,3,0,0,0,0,1148.83,382.9433333333333,421.88,0.0019809510969315334,0.0042346355693478,1,1,0,0,0.0,0.0,0.0,0.3333333333333333,0.3333333333333333,0.0,0.0,credit_card,ES,EUR
PM_005610,13,0,0,0,0,655.09,50.39153846153847,41.64,0.001979551463595669,0.0196509622260877,8,13,2,0,0.0,0.0,0.0,0.6153846153846154,1.0,0.15384615384615385,0.0,debit_card,US,EUR
PM_000775,13,0,0,0,0,1143.25,87.9423076923077,50.21,0.0019729425056098306,0.0195655871594081,3,13,2,10,0.0,0.0,0.0,0.23076923076923078,1.0,0.15384615384615385,0.7692307692307693,bank_transfer,FR,EUR
PM_002176,4,0,0,0,0,402.67,100.6675,63.96,0.0019714974531068,0.0068754672430258,0,3,0,0,0.0,0.0,0.0,0.0,0.75,0.0,0.0,credit_card,ES,EUR
PM_008990,10,0,0,0,0,2831.93,283.193,142.92000000000002,0.00196375179426556,0.0106891374590138,6,10,2,0,0.0,0.0,0.0,0.6,1.0,0.2,0.0,debit_card,FR,EUR
PM_006229,13,0,0,0,0,1231.93,94.76384615384616,64.51,0.001961067719081314,0.0137742028034796,5,11,1,0,0.0,0.0,0.0,0.38461538461538464,0.8461538461538461,0.07692307692307693,0.0,credit_card,PT,EUR
PM_011914,6,0,0,0,0,1200.87,200.14499999999998,158.765,0.0019593073144331,0.0075101530402493,2,3,3,1,0.0,0.0,0.0,0.3333333333333333,0.5,0.5,0.16666666666666666,debit_card,ES,EUR
PM_003631,5,0,0,0,0,203.93,40.786,18.46,0.00195689180614244,0.0081769282296137,2,5,0,5,0.0,0.0,0.0,0.4,1.0,0.0,1.0,wallet,US,EUR
PM_002811,3,0,0,0,0,255.23,85.07666666666667,109.91,0.0019531119112675,0.002811329354388,2,3,2,1,0.0,0.0,0.0,0.6666666666666666,1.0,0.6666666666666666,0.3333333333333333,credit_card,FR,EUR
PM_005825,5,0,0,0,0,194.1,38.82,35.87,0.00195182548950954,0.0062032490380446,2,3,1,1,0.0,0.0,0.0,0.4,0.6,0.2,0.2,credit_card,ES,EUR
PM_000400,3,0,0,0,0,106.53,35.51,33.39,0.0019454562194446002,0.0048394006247717,3,3,1,0,0.0,0.0,0.0,1.0,1.0,0.3333333333333333,0.0,bank_transfer,ES,EUR
PM_007934,4,0,0,0,0,118.24,29.56,30.485,0.001943492452748925,0.0068802340027514,2,4,0,0,0.0,0.0,0.0,0.5,1.0,0.0,0.0,debit_card,DE,EUR
PM_005377,5,0,0,0,0,287.46,57.492,37.3,0.0019368586139646,0.0079085059487214,0,5,2,5,0.0,0.0,0.0,0.0,1.0,0.4,1.0,debit_card,FR,EUR
PM_004784,8,0,0,0,0,973.85,121.73125,85.50999999999999,0.00193485089538675,0.0038659932439035,6,7,2,0,0.0,0.0,0.0,0.75,0.875,0.25,0.0,credit_card,ES,EUR
PM_005557,6,0,0,0,0,917.3100000000001,152.88500000000002,131.525,0.0019261041230913666,0.0056014241056875,5,6,1,4,0.0,0.0,0.0,0.8333333333333334,1.0,0.16666666666666666,0.6666666666666666,debit_card,US,EUR
PM_009112,7,0,0,0,0,974.99,139.28428571428572,109.48,0.0019238206262975,0.0083386533784642,1,7,0,1,0.0,0.0,0.0,0.14285714285714285,1.0,0.0,0.14285714285714285,credit_card,GB,EUR
PM_005110,4,0,0,0,0,227.91,56.9775,48.19,0.0019215692268968214,0.0040548030026728,2,4,0,0,0.0,0.0,0.0,0.5,1.0,0.0,0.0,credit_card,IT,EUR
PM_003009,3,0,0,0,0,828.39,276.13,116.06,0.0019156693124454055,0.005141179389333,2,2,1,0,0.0,0.0,0.0,0.6666666666666666,0.6666666666666666,0.3333333333333333,0.0,wallet,ES,EUR
PM_003621,6,0,0,0,0,1722.4799999999998,287.08,217.375,0.0019151084574301333,0.0063336973335748,5,6,1,0,0.0,0.0,0.0,0.8333333333333334,1.0,0.16666666666666666,0.0,credit_card,IT,EUR
PM_011432,5,0,0,0,0,632.22,126.444,72.07,0.001912417333423119,0.0057276572094863,1,5,0,4,0.0,0.0,0.0,0.2,1.0,0.0,0.8,credit_card,DE,EUR
PM_006690,11,0,0,0,0,539.04,49.00363636363636,34.32,0.0019087697479157923,0.0070617089916979,2,11,0,0,0.0,0.0,0.0,0.18181818181818182,1.0,0.0,0.0,debit_card,PT,EUR
PM_011129,4,0,0,0,0,217.66,54.415,40.39,0.00189905320770295,0.0060492816292795,2,4,0,0,0.0,0.0,0.0,0.5,1.0,0.0,0.0,debit_card,FR,EUR
PM_006871,5,0,0,0,0,358.75,71.75,43.64,0.0018988207481572266,0.0071723941990243,2,5,0,0,0.0,0.0,0.0,0.4,1.0,0.0,0.0,debit_card,US,EUR
PM_003085,3,0,0,0,0,257.73,85.91000000000001,89.3,0.0018951285994622665,0.0051871686018286,1,3,0,1,0.0,0.0,0.0,0.3333333333333333,1.0,0.0,0.3333333333333333,debit_card,US,EUR
PM_011604,9,0,0,0,0,947.09,105.23222222222222,75.65,0.0018768459942278097,0.0118663686858012,3,9,1,1,0.0,0.0,0.0,0.3333333333333333,1.0,0.1111111111111111,0.1111111111111111,bank_transfer,DE,EUR
PM_004129,9,0,0,0,0,509.55999999999995,56.617777777777775,43.61,0.001876364254721233,0.0070678263020976,5,9,0,0,0.0,0.0,0.0,0.5555555555555556,1.0,0.0,0.0,debit_card,GB,EUR
PM_006020,3,0,0,0,0,237.35000000000002,79.11666666666667,95.15,0.0018693219904044333,0.0050593766689652,2,2,0,0,0.0,0.0,0.0,0.6666666666666666,0.6666666666666666,0.0,0.0,wallet,ES,EUR
PM_002846,10,0,0,0,0,912.72,91.272,82.51,0.0018688649164108999,0.0103270006623858,6,10,1,1,0.0,0.0,0.0,0.6,1.0,0.1,0.1,bank_transfer,PT,EUR
PM_001418,9,0,0,0,0,457.71999999999997,50.85777777777778,27.32,0.0018606430718268248,0.0062141116122061,4,9,0,4,0.0,0.0,0.0,0.4444444444444444,1.0,0.0,0.4444444444444444,debit_card,US,EUR
PM_000147,5,0,0,0,0,363.74,72.748,49.75,0.00186034892418016,0.0032797022789846,4,5,2,1,0.0,0.0,0.0,0.8,1.0,0.4,0.2,debit_card,ES,EUR
PM_009006,3,0,0,0,0,336.4,112.13333333333333,80.88,0.0018572100831059665,0.0048690734475409,1,3,0,0,0.0,0.0,0.0,0.3333333333333333,1.0,0.0,0.0,debit_card,ES,EUR
PM_011243,5,0,0,0,0,206.41,41.282,24.43,0.0018524730817290201,0.0048294315779677,1,5,0,0,0.0,0.0,0.0,0.2,1.0,0.0,0.0,wallet,ES,EUR
PM_001429,6,0,0,0,0,181.69,30.281666666666666,25.845,0.0018500148721631166,0.0091769513761176,3,6,0,3,0.0,0.0,0.0,0.5,1.0,0.0,0.5,credit_card,US,EUR
PM_005480,10,0,0,0,0,964.33,96.433,73.32,0.0018395974318497301,0.0053046204983723,7,10,2,0,0.0,0.0,0.0,0.7,1.0,0.2,0.0,credit_card,ES,EUR
PM_006785,5,0,0,0,0,536.99,107.398,109.29,0.0018272987823231002,0.0030841595785309,4,5,0,0,0.0,0.0,0.0,0.8,1.0,0.0,0.0,bank_transfer,FR,EUR
PM_001163,5,0,0,0,0,703.01,140.602,152.84,0.00182712220757894,0.0041435310824258,0,0,0,1,0.0,0.0,0.0,0.0,0.0,0.0,0.2,credit_card,ES,EUR
PM_009244,5,0,0,0,0,261.14,52.227999999999994,42.86,0.001820833366599915,0.0084080422311749,2,2,0,0,0.0,0.0,0.0,0.4,0.4,0.0,0.0,credit_card,ES,EUR
PM_008710,7,0,0,0,0,599.54,85.64857142857143,31.74,0.0018135784132701559,0.004070104850445,1,7,0,0,0.0,0.0,0.0,0.14285714285714285,1.0,0.0,0.0,debit_card,US,EUR
PM_005016,7,0,0,0,0,513.07,73.2957142857143,42.4,0.0018111469854408713,0.0040257154360041,1,2,1,0,0.0,0.0,0.0,0.14285714285714285,0.2857142857142857,0.14285714285714285,0.0,debit_card,ES,EUR
PM_000839,3,0,0,0,0,286.31,95.43666666666667,48.37,0.0018067468844583333,0.0046222885655506,3,3,0,2,0.0,0.0,0.0,1.0,1.0,0.0,0.6666666666666666,credit_card,FR,EUR
PM_005671,4,0,0,0,0,493.89,123.4725,57.3,0.0018032628345999002,0.0059458108374626,1,4,0,0,0.0,0.0,0.0,0.25,1.0,0.0,0.0,bank_transfer,US,EUR
PM_009512,7,0,0,0,0,341.79,48.82714285714286,40.52,0.0018011109088531452,0.0045318884690963,2,3,0,0,0.0,0.0,0.0,0.2857142857142857,0.42857142857142855,0.0,0.0,credit_card,ES,EUR
PM_000253,4,0,0,0,0,128.62,32.155,21.845,0.0017987369328812028,0.0065025599035017,1,4,0,0,0.0,0.0,0.0,0.25,1.0,0.0,0.0,debit_card,US,EUR
PM_008769,3,0,0,0,0,118.58,39.526666666666664,44.85,0.0017918843686325666,0.0028141744862609,2,3,0,0,0.0,0.0,0.0,0.6666666666666666,1.0,0.0,0.0,credit_card,FR,EUR
PM_001306,5,0,0,0,0,537.1800000000001,107.436,29.52,0.00178690679422158,0.0058895134160026,2,5,1,0,0.0,0.0,0.0,0.4,1.0,0.2,0.0,debit_card,IT,EUR
PM_004115,7,0,0,0,0,292.91,41.84428571428572,29.0,0.0017849943989522428,0.0103809832889995,4,7,1,4,0.0,0.0,0.0,0.5714285714285714,1.0,0.14285714285714285,0.5714285714285714,wallet,ES,EUR
PM_008744,5,0,0,0,0,529.93,105.98599999999999,87.54,0.00177742577424558,0.0080618936660988,1,1,0,2,0.0,0.0,0.0,0.2,0.2,0.0,0.4,bank_transfer,ES,EUR
PM_002384,3,0,0,0,0,151.56,50.52,56.69,0.0017742190190402666,0.0046712775604463,2,3,1,1,0.0,0.0,0.0,0.6666666666666666,1.0,0.3333333333333333,0.3333333333333333,credit_card,IT,EUR
PM_007573,4,0,0,0,0,114.22,28.555,20.665,0.001772893856581875,0.0065534939520384,2,4,2,0,0.0,0.0,0.0,0.5,1.0,0.5,0.0,credit_card,IT,EUR
PM_010126,6,0,0,0,0,351.02,58.50333333333333,50.79,0.0017719870908716835,0.0067435635123448,5,6,1,5,0.0,0.0,0.0,0.8333333333333334,1.0,0.16666666666666666,0.8333333333333334,debit_card,FR,EUR
PM_005929,5,0,0,0,0,139.67000000000002,27.934000000000005,20.26,0.001767827927407407,0.0082430115229759,1,5,0,0,0.0,0.0,0.0,0.2,1.0,0.0,0.0,debit_card,PT,EUR
PM_001275,3,0,0,0,0,679.31,226.43666666666664,302.76,0.0017664214833652667,0.0038211543485174,2,3,1,0,0.0,0.0,0.0,0.6666666666666666,1.0,0.3333333333333333,0.0,credit_card,US,EUR
PM_010873,3,0,0,0,0,119.23,39.74333333333333,30.05,0.0017639955927829666,0.0048534657035617,1,1,0,0,0.0,0.0,0.0,0.3333333333333333,0.3333333333333333,0.0,0.0,wallet,FR,EUR
PM_003132,4,0,0,0,0,85.58,21.395,18.490000000000002,0.0017624423041838163,0.0043609260996575,0,0,0,0,0.0,0.0,0.0,0.0,0.0,0.0,0.0,debit_card,ES,EUR
PM_010526,3,0,0,0,0,271.1,90.36666666666667,93.19,0.0017566176488577705,0.0049336973196594,1,1,0,3,0.0,0.0,0.0,0.3333333333333333,0.3333333333333333,0.0,1.0,bank_transfer,ES,EUR
PM_011017,3,0,0,0,0,263.24,87.74666666666667,111.29,0.0017460339190395668,0.0025575261404598,3,3,1,3,0.0,0.0,0.0,1.0,1.0,0.3333333333333333,1.0,debit_card,US,EUR
PM_005643,3,0,0,0,0,83.87,27.956666666666667,28.42,0.0017439736253940334,0.0045622794140085,0,3,0,0,0.0,0.0,0.0,0.0,1.0,0.0,0.0,wallet,US,EUR
PM_005833,3,0,0,0,0,145.37,48.45666666666667,44.09,0.0017436941601806002,0.0031095290748979,1,1,0,0,0.0,0.0,0.0,0.3333333333333333,0.3333333333333333,0.0,0.0,credit_card,FR,EUR
PM_006519,4,0,0,0,0,459.16,114.79,60.625,0.0017417838604305,0.0040911960248544,3,4,1,1,0.0,0.0,0.0,0.75,1.0,0.25,0.25,debit_card,FR,EUR
PM_009834,3,0,0,0,0,353.36,117.78666666666668,90.3,0.0017300280064680333,0.0033404601000882,2,3,0,0,0.0,0.0,0.0,0.6666666666666666,1.0,0.0,0.0,debit_card,ES,EUR
PM_007875,9,0,0,0,0,646.12,71.7911111111111,54.75,0.0017204511836925,0.0054034209134511,7,9,2,0,0.0,0.0,0.0,0.7777777777777778,1.0,0.2222222222222222,0.0,credit_card,ES,EUR
PM_010807,3,0,0,0,0,65.5,21.833333333333332,24.55,0.0017130542052323,0.0046065550004439,0,3,0,1,0.0,0.0,0.0,0.0,1.0,0.0,0.3333333333333333,wallet,US,EUR
PM_009361,3,0,0,0,0,626.63,208.87666666666667,183.87,0.0017090892190920332,0.0046215848298501,1,3,1,0,0.0,0.0,0.0,0.3333333333333333,1.0,0.3333333333333333,0.0,credit_card,ES,EUR
PM_002794,8,0,0,0,0,248.05,31.00625,27.815,0.0017086296294864685,0.0048233869935026,3,8,1,0,0.0,0.0,0.0,0.375,1.0,0.125,0.0,debit_card,GB,EUR
PM_004345,4,0,0,0,0,2238.59,559.6475,286.17499999999995,0.001707769488105325,0.0029871267124154,3,4,0,0,0.0,0.0,0.0,0.75,1.0,0.0,0.0,credit_card,FR,EUR
PM_006293,3,0,0,0,0,94.43,31.47666666666667,36.52,0.0017066095811510999,0.0043355913903379,2,3,0,0,0.0,0.0,0.0,0.6666666666666666,1.0,0.0,0.0,debit_card,ES,EUR
PM_008210,3,0,0,0,0,235.0,78.33333333333333,34.12,0.0017035396044362333,0.0033491355496529,1,3,0,1,0.0,0.0,0.0,0.3333333333333333,1.0,0.0,0.3333333333333333,debit_card,ES,EUR
PM_008713,7,0,0,0,0,768.86,109.83714285714287,114.55,0.001702809818763757,0.0043557313281034,4,7,1,1,0.0,0.0,0.0,0.5714285714285714,1.0,0.14285714285714285,0.14285714285714285,bank_transfer,ES,EUR
PM_005650,4,0,0,0,0,384.15999999999997,96.03999999999999,76.05,0.0017016372624223,0.0033452570818075,3,4,0,0,0.0,0.0,0.0,0.75,1.0,0.0,0.0,credit_card,GB,EUR
PM_005767,16,0,0,0,0,2279.7999999999997,142.48749999999998,84.785,0.001691319873947067,0.0086459959942066,9,16,1,0,0.0,0.0,0.0,0.5625,1.0,0.0625,0.0,bank_transfer,US,EUR
PM_009857,8,0,0,0,0,522.0600000000001,65.25750000000001,37.09,0.0016797275053492874,0.0112845475948417,2,8,1,0,0.0,0.0,0.0,0.25,1.0,0.125,0.0,debit_card,US,EUR
PM_003287,4,0,0,0,0,257.68,64.42,66.13499999999999,0.0016708347645447,0.0047536233360607,1,4,0,0,0.0,0.0,0.0,0.25,1.0,0.0,0.0,wallet,GB,EUR
PM_001998,6,0,0,0,0,353.96,58.99333333333333,54.065,0.0016691668849388999,0.0046662852723525,3,6,1,1,0.0,0.0,0.0,0.5,1.0,0.16666666666666666,0.16666666666666666,bank_transfer,IT,EUR
PM_011519,8,0,0,0,0,1106.04,138.255,37.370000000000005,0.0016691504395228835,0.0089013109285417,4,8,1,2,0.0,0.0,0.0,0.5,1.0,0.125,0.25,debit_card,IT,EUR
PM_010135,4,0,0,0,0,662.5,165.625,180.615,0.00166342869751075,0.0029386350458729,3,4,0,2,0.0,0.0,0.0,0.75,1.0,0.0,0.5,credit_card,GB,EUR
PM_005739,11,0,0,0,0,1234.15,112.19545454545455,70.08,0.0016618882729263,0.0073591106693325,9,11,1,1,0.0,0.0,0.0,0.8181818181818182,1.0,0.09090909090909091,0.09090909090909091,bank_transfer,IT,EUR
PM_000946,8,0,0,0,0,400.71,50.08875,37.06,0.0016616252818012734,0.0065784214929231,1,8,2,6,0.0,0.0,0.0,0.125,1.0,0.25,0.75,debit_card,US,EUR
PM_008266,5,0,0,0,0,1034.06,206.81199999999998,185.16,0.00165547814465582,0.0038345564460491,1,5,0,1,0.0,0.0,0.0,0.2,1.0,0.0,0.2,credit_card,ES,EUR
PM_009819,6,0,0,0,0,479.44,79.90666666666667,73.22,0.0016463378798234334,0.0033138915160261,2,6,1,0,0.0,0.0,0.0,0.3333333333333333,1.0,0.16666666666666666,0.0,debit_card,FR,EUR
PM_000944,7,0,0,0,0,223.48000000000002,31.92571428571429,21.6,0.0016450378431361846,0.0082226369889409,0,0,0,0,0.0,0.0,0.0,0.0,0.0,0.0,0.0,debit_card,ES,EUR
PM_009861,7,0,0,0,0,595.9,85.12857142857142,48.45,0.0016346033399181478,0.008023241177142,2,7,1,0,0.0,0.0,0.0,0.2857142857142857,1.0,0.14285714285714285,0.0,wallet,FR,EUR
PM_010025,8,0,0,0,0,1720.9399999999998,215.11749999999998,128.88,0.0016318974766691,0.0043960360650185,4,8,1,2,0.0,0.0,0.0,0.5,1.0,0.125,0.25,debit_card,US,EUR
PM_004281,6,0,0,0,0,423.77,70.62833333333333,24.315,0.0016283949543467334,0.0027699382179409,2,6,1,1,0.0,0.0,0.0,0.3333333333333333,1.0,0.16666666666666666,0.16666666666666666,credit_card,IT,EUR
PM_008504,4,0,0,0,0,270.53,67.6325,65.705,0.0016265729216339,0.0040735404743599,1,4,0,1,0.0,0.0,0.0,0.25,1.0,0.0,0.25,bank_transfer,US,EUR
PM_008703,4,0,0,0,0,497.46000000000004,124.36500000000001,129.555,0.001622804893402325,0.002423260798704,1,4,1,0,0.0,0.0,0.0,0.25,1.0,0.25,0.0,debit_card,GB,EUR
PM_006039,6,0,0,0,0,720.81,120.13499999999999,67.99000000000001,0.0016200146831879165,0.0041295831038543,4,6,1,0,0.0,0.0,0.0,0.6666666666666666,1.0,0.16666666666666666,0.0,bank_transfer,GB,EUR
PM_005276,9,0,0,0,0,429.01,47.66777777777778,31.77,0.0016193504955289888,0.0114305064754077,1,9,1,2,0.0,0.0,0.0,0.1111111111111111,1.0,0.1111111111111111,0.2222222222222222,credit_card,PT,EUR
PM_006441,9,0,0,0,0,508.49,56.49888888888889,25.96,0.0016143134191388402,0.0065215312579517,1,8,1,1,0.0,0.0,0.0,0.1111111111111111,0.8888888888888888,0.1111111111111111,0.1111111111111111,credit_card,DE,EUR
PM_008452,7,0,0,0,0,330.2,47.17142857142857,35.34,0.0016117585836789288,0.004689529571026,2,7,0,6,0.0,0.0,0.0,0.2857142857142857,1.0,0.0,0.8571428571428571,credit_card,ES,EUR
PM_001270,6,0,0,0,0,265.94,44.32333333333333,31.06,0.0016063399101162333,0.0073065851682192,2,6,0,5,0.0,0.0,0.0,0.3333333333333333,1.0,0.0,0.8333333333333334,debit_card,PT,EUR
PM_004399,9,0,0,0,0,582.8000000000001,64.75555555555556,37.58,0.0016059529411900555,0.0040238670670717,5,8,0,6,0.0,0.0,0.0,0.5555555555555556,0.8888888888888888,0.0,0.6666666666666666,debit_card,PT,EUR
PM_005695,6,0,0,0,0,118.73,19.788333333333334,19.215,0.0016033495536296168,0.0064668021270409,2,2,0,0,0.0,0.0,0.0,0.3333333333333333,0.3333333333333333,0.0,0.0,wallet,ES,EUR
PM_005080,3,0,0,0,0,559.8100000000001,186.60333333333335,47.61,0.0015994555294753336,0.0030990913381406,3,3,0,0,0.0,0.0,0.0,1.0,1.0,0.0,0.0,credit_card,ES,EUR
PM_003117,4,0,0,0,0,618.8,154.7,66.535,0.001596544738044025,0.0026807217168765,1,4,0,2,0.0,0.0,0.0,0.25,1.0,0.0,0.5,credit_card,US,EUR
PM_011392,5,0,0,0,0,329.38,65.876,62.1,0.0015935088140257199,0.0052389827401432,3,3,2,0,0.0,0.0,0.0,0.6,0.6,0.4,0.0,credit_card,IT,EUR
PM_010706,7,0,0,0,0,643.62,91.94571428571429,80.25,0.0015866421298392716,0.0031190206643261,4,7,0,2,0.0,0.0,0.0,0.5714285714285714,1.0,0.0,0.2857142857142857,credit_card,PT,EUR
PM_002723,4,0,0,0,0,150.25,37.5625,39.995000000000005,0.001585739784784975,0.003041704735798,3,4,0,0,0.0,0.0,0.0,0.75,1.0,0.0,0.0,credit_card,FR,EUR
PM_006464,3,0,0,0,0,106.34,35.446666666666665,20.6,0.0015793510520631,0.0041217793700379,0,3,0,0,0.0,0.0,0.0,0.0,1.0,0.0,0.0,credit_card,DE,EUR
PM_002586,5,0,0,0,0,573.75,114.75,42.57,0.00157171010577275,0.0040290601603541,3,5,0,0,0.0,0.0,0.0,0.6,1.0,0.0,0.0,debit_card,ES,EUR
PM_000639,9,0,0,0,0,3131.47,347.94111111111107,264.63,0.001563869445727259,0.0090269145896705,6,9,1,0,0.0,0.0,0.0,0.6666666666666666,1.0,0.1111111111111111,0.0,bank_transfer,IT,EUR
PM_004894,5,0,0,0,0,239.99,47.998000000000005,40.45,0.0015631899369111398,0.0033613063490604,2,5,0,0,0.0,0.0,0.0,0.4,1.0,0.0,0.0,credit_card,DE,EUR
PM_004476,8,0,0,0,0,369.34,46.1675,28.415,0.0015617217523332,0.0062152623953368,3,8,0,0,0.0,0.0,0.0,0.375,1.0,0.0,0.0,wallet,IT,EUR
PM_008792,4,0,0,0,0,165.6,41.4,26.29,0.0015564491584569749,0.0036829113424976,2,4,0,1,0.0,0.0,0.0,0.5,1.0,0.0,0.25,debit_card,DE,EUR
PM_007242,7,0,0,0,0,266.05,38.00714285714286,22.64,0.0015553681447195429,0.0058629895252478,0,7,0,0,0.0,0.0,0.0,0.0,1.0,0.0,0.0,debit_card,FR,EUR
PM_008053,6,0,0,0,0,1195.85,199.3083333333333,134.545,0.0015497918173836501,0.0045819038490157,3,6,1,0,0.0,0.0,0.0,0.5,1.0,0.16666666666666666,0.0,credit_card,US,EUR
PM_009474,4,0,0,0,0,120.68,30.17,26.05,0.001543074321264075,0.0054984258226765,2,4,0,0,0.0,0.0,0.0,0.5,1.0,0.0,0.0,credit_card,US,EUR
PM_009246,5,0,0,0,0,341.09,68.21799999999999,98.81,0.00154306496508166,0.0044058289814424,2,3,0,0,0.0,0.0,0.0,0.4,0.6,0.0,0.0,credit_card,ES,EUR
PM_000517,13,0,0,0,0,1357.59,104.42999999999999,78.16,0.0015417464220247616,0.0097132992520165,7,7,0,0,0.0,0.0,0.0,0.5384615384615384,0.5384615384615384,0.0,0.0,debit_card,ES,EUR
PM_000732,6,0,0,0,0,1126.9,187.8166666666667,136.665,0.0015398834493705333,0.0042989407202354,3,6,1,0,0.0,0.0,0.0,0.5,1.0,0.16666666666666666,0.0,debit_card,ES,EUR
PM_009209,5,0,0,0,0,227.65,45.53,44.93,0.0015381728633589496,0.0068285441488301,1,1,1,0,0.0,0.0,0.0,0.2,0.2,0.2,0.0,credit_card,ES,EUR
PM_008596,8,0,0,0,0,825.49,103.18625,51.985,0.0015355078228110012,0.0045399601038122,3,3,2,0,0.0,0.0,0.0,0.375,0.375,0.25,0.0,debit_card,ES,EUR
PM_007651,3,0,0,0,0,152.20999999999998,50.73666666666666,45.44,0.0015340165816002333,0.003769587088048,3,3,0,0,0.0,0.0,0.0,1.0,1.0,0.0,0.0,debit_card,DE,EUR
PM_006949,4,0,0,0,0,1401.46,350.365,332.67999999999995,0.0015336483858667,0.0040593010244132,3,4,0,0,0.0,0.0,0.0,0.75,1.0,0.0,0.0,credit_card,FR,EUR
PM_011250,3,0,0,0,0,228.48999999999998,76.16333333333333,64.82,0.001531522379932067,0.0040076194471087,2,3,1,1,0.0,0.0,0.0,0.6666666666666666,1.0,0.3333333333333333,0.3333333333333333,bank_transfer,DE,EUR
PM_004061,3,0,0,0,0,484.56999999999994,161.5233333333333,155.16,0.0015281090958770335,0.0028375114891304,1,3,0,2,0.0,0.0,0.0,0.3333333333333333,1.0,0.0,0.6666666666666666,credit_card,PT,EUR
PM_004421,4,0,0,0,0,234.46,58.615,29.825,0.0015227047985800501,0.0055907678555881,1,4,0,0,0.0,0.0,0.0,0.25,1.0,0.0,0.0,credit_card,US,EUR
PM_003091,6,0,0,0,0,284.38,47.39666666666667,27.3,0.001522666152425966,0.0062008946308603,1,6,1,0,0.0,0.0,0.0,0.16666666666666666,1.0,0.16666666666666666,0.0,debit_card,US,EUR
PM_000139,12,0,0,0,0,511.8,42.65,37.655,0.001521745011222508,0.0117806775096396,10,12,0,2,0.0,0.0,0.0,0.8333333333333334,1.0,0.0,0.16666666666666666,debit_card,ES,EUR
PM_008906,5,0,0,0,0,103.8,20.759999999999998,18.31,0.00151853563287116,0.0050444854499941,1,5,0,0,0.0,0.0,0.0,0.2,1.0,0.0,0.0,debit_card,PT,EUR
PM_008687,3,0,0,0,0,195.48,65.16,68.95,0.0015106906978450668,0.0027844705283894,1,3,0,0,0.0,0.0,0.0,0.3333333333333333,1.0,0.0,0.0,credit_card,ES,EUR
PM_011651,10,0,0,0,0,754.07,75.40700000000001,76.515,0.00149337938887695,0.0056178533215888,9,10,4,4,0.0,0.0,0.0,0.9,1.0,0.4,0.4,credit_card,FR,EUR
PM_003692,4,0,0,0,0,266.32,66.58,56.24,0.001490884651752175,0.0033334126517412,2,2,1,0,0.0,0.0,0.0,0.5,0.5,0.25,0.0,debit_card,ES,EUR
PM_009448,3,0,0,0,0,366.25,122.08333333333333,82.84,0.0014884172698528002,0.0032917853623006,1,1,0,0,0.0,0.0,0.0,0.3333333333333333,0.3333333333333333,0.0,0.0,bank_transfer,ES,EUR
PM_010256,4,0,0,0,0,273.55,68.3875,56.345,0.0014701426282704999,0.0028981691953357,2,4,1,0,0.0,0.0,0.0,0.5,1.0,0.25,0.0,credit_card,US,EUR
PM_010500,3,0,0,0,0,613.51,204.50333333333333,127.42,0.0014636755375515998,0.0025294207075694,1,3,0,0,0.0,0.0,0.0,0.3333333333333333,1.0,0.0,0.0,credit_card,FR,EUR
PM_006029,4,0,0,0,0,353.90000000000003,88.47500000000001,61.37,0.001453015370863675,0.0033405481165108,2,4,0,0,0.0,0.0,0.0,0.5,1.0,0.0,0.0,debit_card,US,EUR
PM_009141,13,0,0,0,0,624.0,48.0,29.43,0.0014428733824448413,0.0154007757542097,3,13,1,0,0.0,0.0,0.0,0.23076923076923078,1.0,0.07692307692307693,0.0,credit_card,US,EUR
PM_003124,7,0,0,0,0,1147.99,163.99857142857144,146.47,0.0014427960320304001,0.006568210843444,3,5,1,4,0.0,0.0,0.0,0.42857142857142855,0.7142857142857143,0.14285714285714285,0.5714285714285714,wallet,FR,EUR
PM_000417,6,0,0,0,0,1448.11,241.35166666666666,196.195,0.0014375152735901168,0.0057137269983204,4,6,1,0,0.0,0.0,0.0,0.6666666666666666,1.0,0.16666666666666666,0.0,credit_card,FR,EUR
PM_009143,3,0,0,0,0,294.34,98.11333333333333,66.21,0.0014360978780555,0.0032431720303786,1,1,0,0,0.0,0.0,0.0,0.3333333333333333,0.3333333333333333,0.0,0.0,debit_card,ES,EUR
PM_005373,4,0,0,0,0,63.08,15.77,16.814999999999998,0.001432715336442425,0.0047939906021432,0,4,0,3,0.0,0.0,0.0,0.0,1.0,0.0,0.75,debit_card,US,EUR
PM_010767,3,0,0,0,0,98.67999999999999,32.89333333333333,31.24,0.0014270061690593186,0.0040386121316746,1,3,0,0,0.0,0.0,0.0,0.3333333333333333,1.0,0.0,0.0,credit_card,ES,EUR
PM_003142,6,0,0,0,0,1406.45,234.40833333333333,243.15,0.0014228962425960666,0.0053325165213482,4,6,2,0,0.0,0.0,0.0,0.6666666666666666,1.0,0.3333333333333333,0.0,credit_card,US,EUR
PM_004543,4,0,0,0,0,88.59,22.1475,16.305,0.0014218949492017,0.0031363284372928,2,3,1,0,0.0,0.0,0.0,0.5,0.75,0.25,0.0,wallet,ES,EUR
PM_006994,4,0,0,0,0,316.8,79.2,49.760000000000005,0.0014181167245764254,0.0053359910205663,2,4,0,0,0.0,0.0,0.0,0.5,1.0,0.0,0.0,credit_card,IT,EUR
PM_000047,7,0,0,0,0,223.99,31.99857142857143,39.11,0.0014158799931549633,0.0084903532364204,4,4,1,5,0.0,0.0,0.0,0.5714285714285714,0.5714285714285714,0.14285714285714285,0.7142857142857143,wallet,ES,EUR
PM_006733,4,0,0,0,0,337.33,84.3325,83.705,0.0014058620068859704,0.0024934967438893,1,4,0,0,0.0,0.0,0.0,0.25,1.0,0.0,0.0,credit_card,ES,EUR
PM_008600,23,0,0,0,0,1653.36,71.88521739130434,60.48,0.0014044345328200342,0.0157797345313483,12,18,1,8,0.0,0.0,0.0,0.5217391304347826,0.782608695652174,0.043478260869565216,0.34782608695652173,credit_card,ES,EUR
PM_008153,7,0,0,0,0,379.37,54.19571428571429,25.98,0.0014040219154583,0.0035183681695104,2,7,0,2,0.0,0.0,0.0,0.2857142857142857,1.0,0.0,0.2857142857142857,credit_card,ES,EUR
PM_008590,3,0,0,0,0,270.46,90.15333333333332,31.79,0.0014022599476961335,0.0023447242264189,1,2,0,0,0.0,0.0,0.0,0.3333333333333333,0.6666666666666666,0.0,0.0,credit_card,ES,EUR
PM_007400,4,0,0,0,0,75.59,18.8975,18.845,0.001394368086875375,0.0036927012024423,3,4,1,2,0.0,0.0,0.0,0.75,1.0,0.25,0.5,debit_card,IT,EUR
PM_000800,5,0,0,0,0,354.44,70.888,32.76,0.001383651625131481,0.0046912711854972,2,3,1,0,0.0,0.0,0.0,0.4,0.6,0.2,0.0,credit_card,ES,EUR
PM_001757,3,0,0,0,0,254.74,84.91333333333334,74.14,0.001380714235177133,0.0037754910403102,2,2,0,0,0.0,0.0,0.0,0.6666666666666666,0.6666666666666666,0.0,0.0,wallet,IT,EUR
PM_008425,3,0,0,0,0,127.45,42.483333333333334,36.65,0.0013802426337065,0.0026551976429263,3,3,1,0,0.0,0.0,0.0,1.0,1.0,0.3333333333333333,0.0,debit_card,DE,EUR
PM_005285,8,0,0,0,0,909.2800000000001,113.66000000000001,75.235,0.0013664647246408096,0.0044556655502475,4,8,0,0,0.0,0.0,0.0,0.5,1.0,0.0,0.0,credit_card,FR,EUR
PM_002544,3,0,0,0,0,276.39,92.13,80.66,0.0013661761155162,0.0018284016185191,1,3,0,0,0.0,0.0,0.0,0.3333333333333333,1.0,0.0,0.0,credit_card,ES,EUR
PM_006912,4,0,0,0,0,313.94,78.485,85.99,0.001365739691614825,0.0037785869312531,2,4,0,0,0.0,0.0,0.0,0.5,1.0,0.0,0.0,debit_card,FR,EUR
PM_003647,3,0,0,0,0,131.6,43.86666666666667,25.44,0.0013625444600482333,0.0034496476934592,2,3,0,0,0.0,0.0,0.0,0.6666666666666666,1.0,0.0,0.0,debit_card,FR,EUR
PM_011146,6,0,0,0,0,825.09,137.51500000000001,84.39,0.0013622617747909508,0.0059450431293077,2,5,0,1,0.0,0.0,0.0,0.3333333333333333,0.8333333333333334,0.0,0.16666666666666666,bank_transfer,DE,EUR
PM_001840,3,0,0,0,0,371.53999999999996,123.84666666666665,165.4,0.0013526584063639666,0.0021508760547647,1,3,0,2,0.0,0.0,0.0,0.3333333333333333,1.0,0.0,0.6666666666666666,credit_card,ES,EUR
PM_011634,3,0,0,0,0,230.16000000000003,76.72000000000001,65.29,0.0013520766752772332,0.0035643808878969,0,3,0,0,0.0,0.0,0.0,0.0,1.0,0.0,0.0,debit_card,IT,EUR
PM_010806,10,0,0,0,0,1455.84,145.584,53.735,0.0013501657771816196,0.0046244661544819,6,10,1,0,0.0,0.0,0.0,0.6,1.0,0.1,0.0,credit_card,US,EUR
PM_008310,4,0,0,0,0,138.07,34.5175,26.285,0.001348953539579925,0.0037633374884669,1,4,2,3,0.0,0.0,0.0,0.25,1.0,0.5,0.75,credit_card,FR,EUR
PM_007239,4,0,0,0,0,276.6,69.15,30.130000000000003,0.0013457719507576722,0.003639984733544,1,3,0,0,0.0,0.0,0.0,0.25,0.75,0.0,0.0,debit_card,ES,EUR
PM_000201,4,0,0,0,0,342.1,85.525,49.17,0.001344579662745425,0.0035193593830859,2,4,0,2,0.0,0.0,0.0,0.5,1.0,0.0,0.5,credit_card,US,EUR
PM_007365,5,0,0,0,0,522.6,104.52000000000001,62.91,0.00134386464385294,0.0036772798749652,1,1,0,1,0.0,0.0,0.0,0.2,0.2,0.0,0.2,debit_card,ES,EUR
PM_000270,3,0,0,0,0,623.98,207.99333333333334,62.26,0.0013407273834523668,0.0033279155594562,1,3,0,0,0.0,0.0,0.0,0.3333333333333333,1.0,0.0,0.0,credit_card,PT,EUR
PM_005649,16,0,0,0,0,1026.18,64.13625,53.22,0.0013404499533203173,0.0092500770310119,9,16,3,0,0.0,0.0,0.0,0.5625,1.0,0.1875,0.0,credit_card,US,EUR
PM_011293,11,0,0,0,0,796.64,72.42181818181818,61.42,0.0013400129183039438,0.0037350880433036,4,11,2,1,0.0,0.0,0.0,0.36363636363636365,1.0,0.18181818181818182,0.09090909090909091,credit_card,FR,EUR
PM_005022,4,0,0,0,0,71.53999999999999,17.884999999999998,12.58,0.0013397291928659001,0.0045917471491064,1,4,0,0,0.0,0.0,0.0,0.25,1.0,0.0,0.0,debit_card,US,EUR
PM_002033,7,0,0,0,0,548.14,78.30571428571429,14.67,0.001331048103205336,0.0079560197476375,1,2,0,0,0.0,0.0,0.0,0.14285714285714285,0.2857142857142857,0.0,0.0,debit_card,ES,EUR
PM_010159,3,0,0,0,0,86.3,28.766666666666666,19.62,0.0013172732349429,0.0034025247423908,1,3,1,0,0.0,0.0,0.0,0.3333333333333333,1.0,0.3333333333333333,0.0,credit_card,DE,EUR
PM_004996,3,0,0,0,0,760.47,253.49,179.81,0.0013129397666057335,0.0020157694391857,1,1,0,1,0.0,0.0,0.0,0.3333333333333333,0.3333333333333333,0.0,0.3333333333333333,bank_transfer,ES,EUR
PM_005886,4,0,0,0,0,420.56,105.14,74.155,0.0013119126861838805,0.0047205602854591,3,4,1,2,0.0,0.0,0.0,0.75,1.0,0.25,0.5,credit_card,ES,EUR
PM_009081,4,0,0,0,0,497.2,124.3,124.86500000000001,0.001307201806728925,0.0046515917011007,2,4,0,2,0.0,0.0,0.0,0.5,1.0,0.0,0.5,credit_card,FR,EUR
PM_000246,5,0,0,0,0,331.69,66.338,92.37,0.00130365949623006,0.0033716244809905,4,5,0,0,0.0,0.0,0.0,0.8,1.0,0.0,0.0,debit_card,ES,EUR
PM_005222,5,0,0,0,0,309.43,61.886,37.4,0.0013004449207269205,0.0045838284075521,1,5,0,0,0.0,0.0,0.0,0.2,1.0,0.0,0.0,debit_card,US,EUR
PM_004868,3,0,0,0,0,259.51,86.50333333333333,76.89,0.0012931618085548666,0.0019942312210359,3,3,1,0,0.0,0.0,0.0,1.0,1.0,0.3333333333333333,0.0,debit_card,GB,EUR
PM_002372,5,0,0,0,0,493.22,98.644,32.33,0.00129108067185018,0.0025326289311207,4,5,1,0,0.0,0.0,0.0,0.8,1.0,0.2,0.0,credit_card,DE,EUR
PM_008551,6,0,0,0,0,345.08,57.51333333333333,42.33,0.00128388399954215,0.0055058817049579,2,6,0,0,0.0,0.0,0.0,0.3333333333333333,1.0,0.0,0.0,bank_transfer,FR,EUR
PM_003407,7,0,0,0,0,222.36,31.76571428571429,22.8,0.0012768156685192286,0.0040272443039313,2,7,1,0,0.0,0.0,0.0,0.2857142857142857,1.0,0.14285714285714285,0.0,credit_card,IT,EUR
PM_011208,3,0,0,0,0,187.32,62.44,45.26,0.0012738749260809332,0.0030968325612983,1,3,0,0,0.0,0.0,0.0,0.3333333333333333,1.0,0.0,0.0,credit_card,GB,EUR
PM_011574,3,0,0,0,0,154.88,51.626666666666665,23.13,0.0012705545047693762,0.0036011571137843,2,3,0,3,0.0,0.0,0.0,0.6666666666666666,1.0,0.0,1.0,wallet,DE,EUR
PM_007979,5,0,0,0,0,194.75,38.95,29.41,0.00126290948524974,0.0030518784583824,4,4,0,0,0.0,0.0,0.0,0.8,0.8,0.0,0.0,debit_card,PT,EUR
PM_001166,13,0,0,0,0,1468.36,112.95076923076923,115.6,0.0012615094514046156,0.0041737960415679,8,10,1,0,0.0,0.0,0.0,0.6153846153846154,0.7692307692307693,0.07692307692307693,0.0,credit_card,FR,EUR
PM_010220,4,0,0,0,0,153.55,38.3875,28.975,0.001259143633709325,0.002338812937214,0,4,0,1,0.0,0.0,0.0,0.0,1.0,0.0,0.25,wallet,PT,EUR
PM_001713,4,0,0,0,0,319.89,79.9725,63.86,0.001253106120921,0.0037666810030604,0,4,0,0,0.0,0.0,0.0,0.0,1.0,0.0,0.0,bank_transfer,US,EUR
PM_006744,3,0,0,0,0,280.23,93.41000000000001,78.81,0.0012496120998061,0.002657881362765,1,3,0,0,0.0,0.0,0.0,0.3333333333333333,1.0,0.0,0.0,credit_card,US,EUR
PM_002024,4,0,0,0,0,205.46,51.365,49.925,0.001247205235262,0.0021454402159678,4,4,1,1,0.0,0.0,0.0,1.0,1.0,0.25,0.25,wallet,GB,EUR
PM_009863,7,0,0,0,0,816.25,116.60714285714286,68.48,0.0012418162925205286,0.0038668760925104,2,6,2,1,0.0,0.0,0.0,0.2857142857142857,0.8571428571428571,0.2857142857142857,0.14285714285714285,wallet,ES,EUR
PM_006329,11,0,0,0,0,951.48,86.49818181818182,56.29,0.0012366800415163834,0.0063681243801606,1,11,1,1,0.0,0.0,0.0,0.09090909090909091,1.0,0.09090909090909091,0.09090909090909091,bank_transfer,US,EUR
PM_006089,7,0,0,0,0,555.7900000000001,79.39857142857144,80.03,0.0012363463359795716,0.0038501113658051,4,5,1,4,0.0,0.0,0.0,0.5714285714285714,0.7142857142857143,0.14285714285714285,0.5714285714285714,credit_card,ES,EUR
PM_001843,3,0,0,0,0,83.0,27.666666666666668,28.01,0.0012312005218586333,0.0024107810315724,1,3,0,0,0.0,0.0,0.0,0.3333333333333333,1.0,0.0,0.0,debit_card,US,EUR
PM_007795,3,0,0,0,0,179.35999999999999,59.78666666666666,72.55,0.001230561916648,0.0019121408570926,2,2,0,0,0.0,0.0,0.0,0.6666666666666666,0.6666666666666666,0.0,0.0,credit_card,DE,EUR
PM_010410,8,0,0,0,0,369.86,46.2325,22.685000000000002,0.00122389115985665,0.0031671615508186,5,8,1,0,0.0,0.0,0.0,0.625,1.0,0.125,0.0,bank_transfer,ES,EUR
PM_007314,7,0,0,0,0,405.83,57.97571428571428,54.01,0.0012188309873353428,0.002705914537839,5,7,1,0,0.0,0.0,0.0,0.7142857142857143,1.0,0.14285714285714285,0.0,debit_card,PT,EUR
PM_006857,4,0,0,0,0,211.01000000000002,52.752500000000005,39.925,0.0012186548400709499,0.002702644761339,0,4,0,0,0.0,0.0,0.0,0.0,1.0,0.0,0.0,debit_card,DE,EUR
PM_001584,6,0,0,0,0,692.99,115.49833333333333,115.86500000000001,0.0012163905526825817,0.0057441450537896,3,6,0,0,0.0,0.0,0.0,0.5,1.0,0.0,0.0,bank_transfer,DE,EUR
PM_004659,6,0,0,0,0,519.54,86.58999999999999,80.35,0.0012148966352797668,0.0027825726282206,3,6,2,0,0.0,0.0,0.0,0.5,1.0,0.3333333333333333,0.0,debit_card,PT,EUR
PM_001576,8,0,0,0,0,987.71,123.46375,131.39000000000001,0.0012133709696184537,0.005929026958783,1,4,1,4,0.0,0.0,0.0,0.125,0.5,0.125,0.5,debit_card,ES,EUR
PM_007412,7,0,0,0,0,274.40000000000003,39.2,40.43,0.0012097127031360285,0.0054938053061868,4,5,0,0,0.0,0.0,0.0,0.5714285714285714,0.7142857142857143,0.0,0.0,credit_card,ES,EUR
PM_010669,3,0,0,0,0,179.83,59.943333333333335,55.68,0.0012068049473469076,0.0020976116083922,0,3,0,0,0.0,0.0,0.0,0.0,1.0,0.0,0.0,debit_card,US,EUR
PM_005735,11,0,0,0,0,1861.0800000000002,169.18909090909094,84.3,0.001200598290297711,0.0044893471021769,6,9,1,2,0.0,0.0,0.0,0.5454545454545454,0.8181818181818182,0.09090909090909091,0.18181818181818182,debit_card,IT,EUR
PM_002291,4,0,0,0,0,484.69,121.1725,98.23500000000001,0.0011943998876097497,0.0038405309413028,1,4,0,0,0.0,0.0,0.0,0.25,1.0,0.0,0.0,debit_card,IT,EUR
PM_010106,4,0,0,0,0,230.61,57.6525,51.695,0.0011888983509803,0.0033501420691192,1,2,1,0,0.0,0.0,0.0,0.25,0.5,0.25,0.0,credit_card,PT,EUR
PM_007114,5,0,0,0,0,243.10000000000002,48.620000000000005,53.38,0.0011887945291069223,0.0054322539022406,1,5,0,2,0.0,0.0,0.0,0.2,1.0,0.0,0.4,debit_card,GB,EUR
PM_006725,3,0,0,0,0,663.44,221.14666666666668,156.82,0.0011885198421683,0.0031689520854773,3,3,0,3,0.0,0.0,0.0,1.0,1.0,0.0,1.0,credit_card,PT,EUR
PM_007660,4,0,0,0,0,797.63,199.4075,191.39,0.001180470105149825,0.001906699729898,3,4,0,0,0.0,0.0,0.0,0.75,1.0,0.0,0.0,bank_transfer,DE,EUR
PM_011149,9,0,0,0,0,221.85,24.65,17.62,0.0011791406900153612,0.0061346191269617,4,5,0,1,0.0,0.0,0.0,0.4444444444444444,0.5555555555555556,0.0,0.1111111111111111,credit_card,ES,EUR
PM_001327,8,0,0,0,0,1204.1399999999999,150.51749999999998,110.86500000000001,0.001176929984799925,0.0032292051063733,5,8,1,0,0.0,0.0,0.0,0.625,1.0,0.125,0.0,wallet,FR,EUR
PM_003061,3,0,0,0,0,259.52,86.50666666666666,20.18,0.0011748500399292967,0.0032205585797989,2,3,0,0,0.0,0.0,0.0,0.6666666666666666,1.0,0.0,0.0,credit_card,PT,EUR
PM_004440,11,0,0,0,0,680.53,61.86636363636364,19.59,0.0011718382064551001,0.0056588363685002,4,10,0,0,0.0,0.0,0.0,0.36363636363636365,0.9090909090909091,0.0,0.0,debit_card,IT,EUR
PM_004347,5,0,0,0,0,186.8,37.36,34.32,0.0011655718843154193,0.0023248567503622,2,5,0,0,0.0,0.0,0.0,0.4,1.0,0.0,0.0,debit_card,US,EUR
PM_009602,7,0,0,0,0,398.94,56.99142857142857,54.16,0.0011616150244708064,0.0039195147262041,2,7,2,1,0.0,0.0,0.0,0.2857142857142857,1.0,0.2857142857142857,0.14285714285714285,credit_card,ES,EUR
PM_002324,3,0,0,0,0,401.82000000000005,133.94000000000003,69.69,0.0011604548317436882,0.0031682752943331,0,1,0,1,0.0,0.0,0.0,0.0,0.3333333333333333,0.0,0.3333333333333333,debit_card,ES,EUR
PM_005656,7,0,0,0,0,328.37,46.910000000000004,39.25,0.0011583670998971713,0.0051571466696432,2,4,1,2,0.0,0.0,0.0,0.2857142857142857,0.5714285714285714,0.14285714285714285,0.2857142857142857,credit_card,ES,EUR
PM_004044,7,0,0,0,0,469.06,67.00857142857143,60.75,0.0011534281796705286,0.0055144438121287,1,7,1,0,0.0,0.0,0.0,0.14285714285714285,1.0,0.14285714285714285,0.0,credit_card,PT,EUR
PM_000523,5,0,0,0,0,91.85,18.369999999999997,19.55,0.001153023372034,0.0041330806254395,1,5,1,0,0.0,0.0,0.0,0.2,1.0,0.2,0.0,debit_card,US,EUR
PM_011068,4,0,0,0,0,332.73,83.1825,59.515,0.0011520844234517438,0.0023341900274431,0,1,0,0,0.0,0.0,0.0,0.0,0.25,0.0,0.0,debit_card,ES,EUR
PM_000461,3,0,0,0,0,247.5,82.5,100.99,0.0011512493990518,0.002843725558052,3,3,0,1,0.0,0.0,0.0,1.0,1.0,0.0,0.3333333333333333,credit_card,ES,EUR
PM_008142,3,0,0,0,0,90.56,30.186666666666667,18.27,0.0011488435473296,0.0031662351873776,0,3,0,0,0.0,0.0,0.0,0.0,1.0,0.0,0.0,credit_card,GB,EUR
PM_000503,5,0,0,0,0,328.38,65.676,41.0,0.0011478290581099805,0.0023737787065189,2,2,1,5,0.0,0.0,0.0,0.4,0.4,0.2,1.0,credit_card,ES,EUR
PM_011988,3,0,0,0,0,88.53999999999999,29.513333333333332,23.44,0.0011425283144798927,0.0023940481607933,1,1,0,0,0.0,0.0,0.0,0.3333333333333333,0.3333333333333333,0.0,0.0,credit_card,ES,EUR
PM_005731,4,0,0,0,0,173.42,43.355,34.81,0.0011422567655236598,0.0037747335042837,1,4,0,0,0.0,0.0,0.0,0.25,1.0,0.0,0.0,credit_card,US,EUR
PM_008660,5,0,0,0,0,149.35999999999999,29.871999999999996,18.5,0.00113800537485668,0.0041158681074148,1,5,1,1,0.0,0.0,0.0,0.2,1.0,0.2,0.2,debit_card,DE,EUR
PM_002658,7,0,0,0,0,617.59,88.22714285714287,68.26,0.0011356887896820428,0.0033722974544437,2,7,1,7,0.0,0.0,0.0,0.2857142857142857,1.0,0.14285714285714285,1.0,credit_card,PT,EUR
PM_011854,15,0,0,0,0,2435.5,162.36666666666667,140.92,0.0011334398024813934,0.0041788205630805,9,15,3,0,0.0,0.0,0.0,0.6,1.0,0.2,0.0,bank_transfer,US,EUR
PM_002367,8,0,0,0,0,386.45,48.30625,36.755,0.0011314590848388124,0.0053785947309027,5,5,0,0,0.0,0.0,0.0,0.625,0.625,0.0,0.0,credit_card,ES,EUR
PM_010230,9,0,0,0,0,958.12,106.45777777777778,65.3,0.0011290582695084777,0.0034490717517781,3,9,1,0,0.0,0.0,0.0,0.3333333333333333,1.0,0.1111111111111111,0.0,debit_card,ES,EUR
PM_011035,4,0,0,0,0,256.48,64.12,53.86,0.001128490898440475,0.0024854460714878,2,4,0,0,0.0,0.0,0.0,0.5,1.0,0.0,0.0,credit_card,DE,EUR
PM_004767,4,0,0,0,0,72.44,18.11,19.56,0.0011191845972493267,0.0034316632995377,1,4,2,0,0.0,0.0,0.0,0.25,1.0,0.5,0.0,debit_card,IT,EUR
PM_001864,7,0,0,0,0,298.17,42.59571428571429,34.36,0.0011173323290749428,0.0053831352276158,1,6,0,0,0.0,0.0,0.0,0.14285714285714285,0.8571428571428571,0.0,0.0,credit_card,FR,EUR
PM_004546,7,0,0,0,0,593.18,84.74,86.71,0.0011139098855067714,0.001857575961299,3,7,1,0,0.0,0.0,0.0,0.42857142857142855,1.0,0.14285714285714285,0.0,debit_card,ES,EUR
PM_001452,7,0,0,0,0,719.19,102.74142857142859,38.73,0.0011138746603546435,0.0048683222850748,4,5,1,1,0.0,0.0,0.0,0.5714285714285714,0.7142857142857143,0.14285714285714285,0.14285714285714285,debit_card,FR,EUR
PM_004895,4,0,0,0,0,134.32,33.58,31.009999999999998,0.001113746716389475,0.0019387655437835,2,4,0,0,0.0,0.0,0.0,0.5,1.0,0.0,0.0,debit_card,GB,EUR
PM_005209,4,0,0,0,0,546.43,136.6075,107.03,0.001113732348449325,0.0019883840086973,3,4,1,0,0.0,0.0,0.0,0.75,1.0,0.25,0.0,debit_card,FR,EUR
PM_004294,5,0,0,0,0,690.3199999999999,138.064,138.64,0.00111085411219146,0.0028465367662878,2,4,0,0,0.0,0.0,0.0,0.4,0.8,0.0,0.0,credit_card,DE,EUR
PM_000281,8,0,0,0,0,389.65000000000003,48.706250000000004,28.035000000000004,0.0011030938820345,0.0031813553498486,2,4,2,8,0.0,0.0,0.0,0.25,0.5,0.25,1.0,credit_card,ES,EUR
PM_002593,9,0,0,0,0,680.04,75.56,41.96,0.0010967746091840095,0.0061729225784342,7,9,1,1,0.0,0.0,0.0,0.7777777777777778,1.0,0.1111111111111111,0.1111111111111111,credit_card,DE,EUR
PM_006903,5,0,0,0,0,393.14000000000004,78.62800000000001,73.93,0.0010902710473335267,0.0040271849827387,1,1,0,0,0.0,0.0,0.0,0.2,0.2,0.0,0.0,debit_card,ES,EUR
PM_008184,5,0,0,0,0,323.84000000000003,64.768,49.68,0.00108870298637038,0.0043487655376754,2,5,1,0,0.0,0.0,0.0,0.4,1.0,0.2,0.0,credit_card,PT,EUR
PM_000718,3,0,0,0,0,831.35,277.1166666666667,210.65,0.0010884456946731,0.0019794028950581,1,1,0,0,0.0,0.0,0.0,0.3333333333333333,0.3333333333333333,0.0,0.0,credit_card,ES,EUR
PM_001130,6,0,0,0,0,1225.55,204.25833333333333,164.64000000000001,0.0010870579893218824,0.0026086258646643,2,6,2,1,0.0,0.0,0.0,0.3333333333333333,1.0,0.3333333333333333,0.16666666666666666,bank_transfer,ES,EUR
PM_008071,3,0,0,0,0,125.36,41.78666666666667,36.42,0.0010843738093705333,0.0025341706701681,0,0,0,0,0.0,0.0,0.0,0.0,0.0,0.0,0.0,bank_transfer,ES,EUR
PM_001863,3,0,0,0,0,356.34000000000003,118.78000000000002,119.38,0.0010820504358885,0.0018717235801039,2,3,1,0,0.0,0.0,0.0,0.6666666666666666,1.0,0.3333333333333333,0.0,credit_card,IT,EUR
PM_007490,9,0,0,0,0,394.39000000000004,43.821111111111115,33.47,0.0010811032054576222,0.0042086349171383,5,9,0,5,0.0,0.0,0.0,0.5555555555555556,1.0,0.0,0.5555555555555556,wallet,US,EUR
PM_001445,3,0,0,0,0,575.01,191.67,209.16,0.0010713295323406334,0.0018287611615272,1,3,1,0,0.0,0.0,0.0,0.3333333333333333,1.0,0.3333333333333333,0.0,credit_card,PT,EUR
PM_007579,3,0,0,0,0,277.42,92.47333333333334,45.37,0.0010711951768565332,0.0025987842282026,3,3,1,0,0.0,0.0,0.0,1.0,1.0,0.3333333333333333,0.0,credit_card,IT,EUR
PM_003015,7,0,0,0,0,501.18,71.59714285714286,47.44,0.0010658998404425711,0.003551832783714,2,4,1,0,0.0,0.0,0.0,0.2857142857142857,0.5714285714285714,0.14285714285714285,0.0,credit_card,ES,EUR
PM_008123,5,0,0,0,0,272.08000000000004,54.41600000000001,36.38,0.0010629953082327821,0.0044615481323153,1,5,0,0,0.0,0.0,0.0,0.2,1.0,0.0,0.0,wallet,ES,EUR
PM_002521,4,0,0,0,0,659.1800000000001,164.79500000000002,163.10500000000002,0.0010628692817624,0.0021657268548105,2,4,1,0,0.0,0.0,0.0,0.5,1.0,0.25,0.0,credit_card,GB,EUR
PM_006569,6,0,0,0,0,367.28,61.21333333333333,45.495000000000005,0.00106039362203065,0.0046146698395408,2,6,1,0,0.0,0.0,0.0,0.3333333333333333,1.0,0.16666666666666666,0.0,wallet,IT,EUR
PM_011615,3,0,0,0,0,91.9,30.633333333333336,29.82,0.0010589739734049506,0.0027992621375255,1,3,0,0,0.0,0.0,0.0,0.3333333333333333,1.0,0.0,0.0,debit_card,IT,EUR
PM_004664,6,0,0,0,0,793.99,132.33166666666668,100.03,0.0010533714781612,0.0030519084394881,2,6,2,2,0.0,0.0,0.0,0.3333333333333333,1.0,0.3333333333333333,0.3333333333333333,debit_card,DE,EUR
PM_002787,4,0,0,0,0,210.84,52.71,54.34,0.0010458377850244087,0.0023163852633731,1,4,0,0,0.0,0.0,0.0,0.25,1.0,0.0,0.0,debit_card,DE,EUR
PM_008282,4,0,0,0,0,1928.2400000000002,482.06000000000006,398.66,0.0010456066063777,0.0017715246023034,3,4,1,0,0.0,0.0,0.0,0.75,1.0,0.25,0.0,debit_card,US,EUR
PM_002970,3,0,0,0,0,887.11,295.7033333333333,284.24,0.0010402957448061667,0.0017128571287953,1,3,0,0,0.0,0.0,0.0,0.3333333333333333,1.0,0.0,0.0,credit_card,US,EUR
PM_004122,5,0,0,0,0,67.01,13.402000000000001,16.13,0.001037191282496,0.0038201012205052,2,5,1,3,0.0,0.0,0.0,0.4,1.0,0.2,0.6,debit_card,IT,EUR
PM_011987,4,0,0,0,0,217.57999999999998,54.394999999999996,50.8,0.00102962341516305,0.0024032194805298,2,3,0,1,0.0,0.0,0.0,0.5,0.75,0.0,0.25,debit_card,ES,EUR
PM_003885,4,0,0,0,0,209.7,52.425,48.445,0.0010290520430251376,0.0030161147089115,1,4,1,4,0.0,0.0,0.0,0.25,1.0,0.25,1.0,wallet,GB,EUR
PM_009198,4,0,0,0,0,476.41999999999996,119.10499999999999,87.515,0.0010256453352752001,0.0030588517879436,2,2,0,2,0.0,0.0,0.0,0.5,0.5,0.0,0.5,wallet,ES,EUR
PM_001544,4,0,0,0,0,458.76,114.69,108.72,0.00101855478726305,0.0013710881361856,4,4,0,2,0.0,0.0,0.0,1.0,1.0,0.0,0.5,debit_card,IT,EUR
PM_010581,7,0,0,0,0,265.85999999999996,37.98,33.23,0.0010154223774522112,0.0064510630750926,0,7,0,0,0.0,0.0,0.0,0.0,1.0,0.0,0.0,debit_card,GB,EUR
PM_008711,4,0,0,0,0,889.33,222.3325,233.85,0.001012156902750425,0.0019054477623232,3,4,0,0,0.0,0.0,0.0,0.75,1.0,0.0,0.0,credit_card,US,EUR
PM_005306,6,0,0,0,0,939.51,156.585,118.74000000000001,0.0010056977688827334,0.0042234113141733,3,6,1,1,0.0,0.0,0.0,0.5,1.0,0.16666666666666666,0.16666666666666666,wallet,ES,EUR
PM_009173,6,0,0,0,0,212.58,35.43,24.45,0.0010045990489424455,0.0046219014571322,1,6,1,0,0.0,0.0,0.0,0.16666666666666666,1.0,0.16666666666666666,0.0,debit_card,PT,EUR
PM_003023,7,0,0,0,0,217.65,31.092857142857145,19.41,0.0010027369409977287,0.0028676370276708,1,7,0,0,0.0,0.0,0.0,0.14285714285714285,1.0,0.0,0.0,debit_card,FR,EUR
PM_003413,9,0,0,0,0,566.61,62.95666666666667,45.48,0.0010026504088935723,0.0069221071909386,0,9,0,0,0.0,0.0,0.0,0.0,1.0,0.0,0.0,debit_card,FR,EUR
PM_005045,6,0,0,0,0,639.0699999999999,106.51166666666666,77.005,0.0009982931315436333,0.0026589604328263,5,6,0,4,0.0,0.0,0.0,0.8333333333333334,1.0,0.0,0.6666666666666666,credit_card,ES,EUR
PM_010737,4,0,0,0,0,313.09,78.2725,65.985,0.00099717825458445,0.0019108898219888,1,4,0,0,0.0,0.0,0.0,0.25,1.0,0.0,0.0,credit_card,ES,EUR
PM_002386,18,0,0,0,0,1870.26,103.90333333333334,59.545,0.0009941954367306991,0.0057511644186873,8,11,3,0,0.0,0.0,0.0,0.4444444444444444,0.6111111111111112,0.16666666666666666,0.0,credit_card,ES,EUR
PM_009029,9,0,0,0,0,1231.79,136.86555555555555,66.58,0.0009905854109158,0.0039532215315123,6,9,0,5,0.0,0.0,0.0,0.6666666666666666,1.0,0.0,0.5555555555555556,bank_transfer,ES,EUR
PM_000041,12,0,0,0,0,1904.9,158.74166666666667,112.72,0.0009887728683029575,0.0051131951800818,3,12,0,1,0.0,0.0,0.0,0.25,1.0,0.0,0.08333333333333333,credit_card,PT,EUR
PM_002104,3,0,0,0,0,36.82,12.273333333333333,6.26,0.0009833429946399335,0.0024550538412124,3,3,0,0,0.0,0.0,0.0,1.0,1.0,0.0,0.0,debit_card,US,EUR
PM_004786,3,0,0,0,0,135.88,45.29333333333333,40.84,0.0009779893665566332,0.0021399793382481,3,3,0,0,0.0,0.0,0.0,1.0,1.0,0.0,0.0,credit_card,FR,EUR
PM_002615,11,0,0,0,0,1633.36,148.4872727272727,100.89,0.0009759378961435566,0.0038936834476946,4,10,0,0,0.0,0.0,0.0,0.36363636363636365,0.9090909090909091,0.0,0.0,debit_card,PT,EUR
PM_007688,11,0,0,0,0,542.9599999999999,49.35999999999999,42.94,0.0009721509985391818,0.0041399181470703,4,9,1,0,0.0,0.0,0.0,0.36363636363636365,0.8181818181818182,0.09090909090909091,0.0,credit_card,FR,EUR
PM_010052,4,0,0,0,0,170.57999999999998,42.644999999999996,43.51,0.0009696816204446,0.0018616296644575,1,4,1,0,0.0,0.0,0.0,0.25,1.0,0.25,0.0,wallet,US,EUR
PM_011374,3,0,0,0,0,179.31,59.77,58.49,0.0009693441858627666,0.0025283632529066,2,3,0,0,0.0,0.0,0.0,0.6666666666666666,1.0,0.0,0.0,credit_card,ES,EUR
PM_005332,3,0,0,0,0,117.96000000000001,39.32,48.31,0.0009691887528173667,0.0019504232418431,0,3,1,0,0.0,0.0,0.0,0.0,1.0,0.3333333333333333,0.0,credit_card,FR,EUR
PM_007448,4,0,0,0,0,745.19,186.2975,119.10499999999999,0.0009682507015398,0.0015418186418054,1,4,0,0,0.0,0.0,0.0,0.25,1.0,0.0,0.0,debit_card,GB,EUR
PM_008170,5,0,0,0,0,323.96999999999997,64.794,44.67,0.0009665784054017001,0.0022253374820902,2,5,2,2,0.0,0.0,0.0,0.4,1.0,0.4,0.4,credit_card,US,EUR
PM_000046,3,0,0,0,0,388.48,129.49333333333334,118.56,0.0009665463519305,0.0020089293066411,1,3,0,3,0.0,0.0,0.0,0.3333333333333333,1.0,0.0,1.0,debit_card,IT,EUR
PM_005385,6,0,0,0,0,283.57,47.26166666666666,43.269999999999996,0.0009663045236152451,0.0028486216711074,2,6,1,0,0.0,0.0,0.0,0.3333333333333333,1.0,0.16666666666666666,0.0,credit_card,FR,EUR
PM_001762,5,0,0,0,0,542.96,108.59200000000001,62.76,0.0009645147733576401,0.0029038067704695,3,5,1,0,0.0,0.0,0.0,0.6,1.0,0.2,0.0,bank_transfer,ES,EUR
PM_000833,5,0,0,0,0,509.24,101.848,69.91,0.0009637275518026371,0.0022750311865404,2,5,2,0,0.0,0.0,0.0,0.4,1.0,0.4,0.0,bank_transfer,US,EUR
PM_008819,4,0,0,0,0,943.37,235.8425,205.275,0.0009599664367817759,0.0019312542800424,0,4,1,0,0.0,0.0,0.0,0.0,1.0,0.25,0.0,credit_card,US,EUR
PM_001474,3,0,0,0,0,56.39,18.796666666666667,22.16,0.0009584375210271334,0.0024657506638066,1,3,0,0,0.0,0.0,0.0,0.3333333333333333,1.0,0.0,0.0,credit_card,DE,EUR
PM_004913,7,0,0,0,0,844.54,120.64857142857143,53.48,0.0009575967195438143,0.0034640581660358,5,6,0,0,0.0,0.0,0.0,0.7142857142857143,0.8571428571428571,0.0,0.0,credit_card,DE,EUR
PM_000469,3,0,0,0,0,154.29999999999998,51.43333333333333,51.79,0.0009560997855303333,0.0014451870156659,3,3,0,0,0.0,0.0,0.0,1.0,1.0,0.0,0.0,debit_card,ES,EUR
PM_001855,4,0,0,0,0,89.92,22.48,21.905,0.000954172901667425,0.0032655122099805,0,1,1,1,0.0,0.0,0.0,0.0,0.25,0.25,0.25,credit_card,ES,EUR
PM_007127,5,0,0,0,0,218.09,43.618,28.28,0.0009535367750266187,0.0039102820349174,2,2,0,3,0.0,0.0,0.0,0.4,0.4,0.0,0.6,debit_card,ES,EUR
PM_008152,3,0,0,0,0,198.61,66.20333333333333,67.83,0.0009464871637921333,0.0019753711295818,1,1,0,1,0.0,0.0,0.0,0.3333333333333333,0.3333333333333333,0.0,0.3333333333333333,credit_card,ES,EUR
PM_004206,4,0,0,0,0,230.44,57.61,15.075,0.0009442318046784501,0.0021126194368536,4,4,2,4,0.0,0.0,0.0,1.0,1.0,0.5,1.0,debit_card,ES,EUR
PM_003159,4,0,0,0,0,216.87,54.2175,57.565,0.000940796069125175,0.0017771699068606,1,4,0,0,0.0,0.0,0.0,0.25,1.0,0.0,0.0,debit_card,US,EUR
PM_009712,7,0,0,0,0,579.35,82.76428571428572,43.44,0.0009360877583180572,0.0035974844491996,3,7,1,0,0.0,0.0,0.0,0.42857142857142855,1.0,0.14285714285714285,0.0,debit_card,DE,EUR
PM_007768,7,0,0,0,0,531.01,75.85857142857142,62.58,0.0009359582318851841,0.0027485107150147,5,7,2,1,0.0,0.0,0.0,0.7142857142857143,1.0,0.2857142857142857,0.14285714285714285,debit_card,US,EUR
PM_008350,3,0,0,0,0,982.8599999999999,327.61999999999995,201.5,0.0009318478149906857,0.0014727109404256,1,3,0,1,0.0,0.0,0.0,0.3333333333333333,1.0,0.0,0.3333333333333333,debit_card,ES,EUR
PM_000691,6,0,0,0,0,470.44,78.40666666666667,50.89,0.00092620578003155,0.0026246517002163,1,4,3,0,0.0,0.0,0.0,0.16666666666666666,0.6666666666666666,0.5,0.0,credit_card,ES,EUR
PM_000318,8,0,0,0,0,530.48,66.31,53.55,0.0009214342584055624,0.0024653331235254,4,8,2,3,0.0,0.0,0.0,0.5,1.0,0.25,0.375,debit_card,US,EUR
PM_006710,6,0,0,0,0,809.36,134.89333333333335,100.38499999999999,0.0009207034434419334,0.0028339712890991,5,5,0,0,0.0,0.0,0.0,0.8333333333333334,0.8333333333333334,0.0,0.0,wallet,DE,EUR
PM_001579,4,0,0,0,0,191.65,47.9125,44.05,0.0009166380767858499,0.0020754765200402,4,4,1,0,0.0,0.0,0.0,1.0,1.0,0.25,0.0,credit_card,GB,EUR
PM_010847,3,0,0,0,0,177.88,59.29333333333333,57.37,0.0009158434297393665,0.0018512782609078,0,3,0,0,0.0,0.0,0.0,0.0,1.0,0.0,0.0,debit_card,PT,EUR
PM_001739,3,0,0,0,0,791.36,263.7866666666667,207.34,0.0009127311799787333,0.0020228173978579,2,3,0,0,0.0,0.0,0.0,0.6666666666666666,1.0,0.0,0.0,debit_card,DE,EUR
PM_008187,14,0,0,0,0,2138.85,152.775,139.41,0.0009088288494212228,0.0028034004191805,5,8,3,4,0.0,0.0,0.0,0.35714285714285715,0.5714285714285714,0.21428571428571427,0.2857142857142857,bank_transfer,ES,EUR
PM_009909,3,0,0,0,0,100.82000000000001,33.60666666666667,37.84,0.0009037615544004333,0.0014751333727619,0,0,0,0,0.0,0.0,0.0,0.0,0.0,0.0,0.0,debit_card,ES,EUR
PM_000487,3,0,0,0,0,604.5,201.5,144.92,0.0009022582002121333,0.0019959396762532,2,3,2,1,0.0,0.0,0.0,0.6666666666666666,1.0,0.6666666666666666,0.3333333333333333,credit_card,GB,EUR
PM_007704,3,0,0,0,0,535.19,178.39666666666668,165.76,0.0009013676437231,0.002332051113142,1,1,0,0,0.0,0.0,0.0,0.3333333333333333,0.3333333333333333,0.0,0.0,bank_transfer,ES,EUR
PM_000111,4,0,0,0,0,337.33,84.3325,67.815,0.0008992321210555378,0.0017151886029557,3,4,0,1,0.0,0.0,0.0,0.75,1.0,0.0,0.25,debit_card,PT,EUR
PM_010510,4,0,0,0,0,162.76,40.69,28.380000000000003,0.00089863988580705,0.0028382592650615,2,4,1,0,0.0,0.0,0.0,0.5,1.0,0.25,0.0,wallet,US,EUR
PM_006813,7,0,0,0,0,202.07,28.867142857142856,22.88,0.0008973487536894162,0.0038727085427398,5,7,2,0,0.0,0.0,0.0,0.7142857142857143,1.0,0.2857142857142857,0.0,debit_card,FR,EUR
PM_000696,7,0,0,0,0,926.9399999999999,132.42,90.74,0.0008950005495295151,0.0020850259030265,5,7,2,0,0.0,0.0,0.0,0.7142857142857143,1.0,0.2857142857142857,0.0,credit_card,PT,EUR
PM_000330,3,0,0,0,0,104.7,34.9,24.73,0.0008880761987898666,0.0023429630643366,0,3,1,0,0.0,0.0,0.0,0.0,1.0,0.3333333333333333,0.0,debit_card,FR,EUR
PM_002579,5,0,0,0,0,1016.88,203.376,190.24,0.00088736483104628,0.0018048611363217,4,5,2,0,0.0,0.0,0.0,0.8,1.0,0.4,0.0,credit_card,ES,EUR
PM_000620,11,0,0,0,0,506.36,46.03272727272727,27.7,0.0008872704447331025,0.0048145243951409,4,11,2,7,0.0,0.0,0.0,0.36363636363636365,1.0,0.18181818181818182,0.6363636363636364,debit_card,FR,EUR
PM_009451,4,0,0,0,0,138.54,34.635,34.870000000000005,0.00088515949082895,0.0021678472960925,0,1,1,0,0.0,0.0,0.0,0.0,0.25,0.25,0.0,debit_card,ES,EUR
PM_009408,3,0,0,0,0,180.01,60.00333333333333,49.06,0.000884726877418,0.0011079447439297,2,3,0,0,0.0,0.0,0.0,0.6666666666666666,1.0,0.0,0.0,debit_card,IT,EUR
PM_003719,8,0,0,0,0,288.66,36.0825,29.71,0.0008799739330854644,0.0040059560088886,0,8,0,0,0.0,0.0,0.0,0.0,1.0,0.0,0.0,credit_card,IT,EUR
PM_007060,3,0,0,0,0,67.34,22.44666666666667,7.91,0.0008789590353715,0.0018640083452765,1,2,1,0,0.0,0.0,0.0,0.3333333333333333,0.6666666666666666,0.3333333333333333,0.0,credit_card,ES,EUR
PM_007404,6,0,0,0,0,266.82,44.47,11.620000000000001,0.0008781966706753441,0.0019637577411615,0,0,0,0,0.0,0.0,0.0,0.0,0.0,0.0,0.0,credit_card,ES,EUR
PM_010080,3,0,0,0,0,393.58,131.19333333333333,122.04,0.0008757722647491666,0.0022231167586841,1,1,1,0,0.0,0.0,0.0,0.3333333333333333,0.3333333333333333,0.3333333333333333,0.0,credit_card,ES,EUR
PM_000894,3,0,0,0,0,619.98,206.66,235.63,0.0008700936142245326,0.0020831053098785,1,3,0,3,0.0,0.0,0.0,0.3333333333333333,1.0,0.0,1.0,wallet,FR,EUR
PM_004728,5,0,0,0,0,322.87,64.574,14.67,0.00086849929930128,0.0033096546008116,3,5,0,0,0.0,0.0,0.0,0.6,1.0,0.0,0.0,credit_card,FR,EUR
PM_000699,3,0,0,0,0,80.51,26.83666666666667,28.4,0.0008681632792016334,0.0017566125120906,2,3,0,0,0.0,0.0,0.0,0.6666666666666666,1.0,0.0,0.0,debit_card,PT,EUR
PM_006119,6,0,0,0,0,474.51,79.085,60.925,0.0008681083869395171,0.0018946459320944,2,6,1,0,0.0,0.0,0.0,0.3333333333333333,1.0,0.16666666666666666,0.0,debit_card,ES,EUR
PM_000692,3,0,0,0,0,276.28999999999996,92.09666666666665,110.23,0.0008665132644473332,0.0019106439325649,1,3,1,0,0.0,0.0,0.0,0.3333333333333333,1.0,0.3333333333333333,0.0,credit_card,DE,EUR
PM_005632,4,0,0,0,0,132.51,33.1275,27.060000000000002,0.000862880155438425,0.002117792027528,2,4,0,0,0.0,0.0,0.0,0.5,1.0,0.0,0.0,credit_card,GB,EUR
PM_010245,6,0,0,0,0,819.26,136.54333333333332,67.385,0.0008611833036321674,0.0019192429045086,1,3,0,0,0.0,0.0,0.0,0.16666666666666666,0.5,0.0,0.0,credit_card,DE,EUR
PM_010471,7,0,0,0,0,408.03999999999996,58.29142857142857,55.62,0.0008608730892324363,0.0029127985660692,7,7,1,0,0.0,0.0,0.0,1.0,1.0,0.14285714285714285,0.0,credit_card,ES,EUR
PM_005274,5,0,0,0,0,552.1600000000001,110.43200000000002,93.01,0.00086076804657686,0.0019844477493715,4,5,1,0,0.0,0.0,0.0,0.8,1.0,0.2,0.0,credit_card,US,EUR
PM_007497,5,0,0,0,0,128.65,25.73,24.97,0.00085894194843338,0.0024892493131911,5,5,1,4,0.0,0.0,0.0,1.0,1.0,0.2,0.8,wallet,ES,EUR
PM_011085,6,0,0,0,0,690.23,115.03833333333334,40.065,0.0008587961092203834,0.0026626967667857,1,6,3,0,0.0,0.0,0.0,0.16666666666666666,1.0,0.5,0.0,debit_card,PT,EUR
PM_011816,4,0,0,0,0,101.84,25.46,21.18,0.00084951115601875,0.0015014966265666,2,4,0,0,0.0,0.0,0.0,0.5,1.0,0.0,0.0,credit_card,US,EUR
PM_007455,4,0,0,0,0,169.43,42.3575,42.09,0.000842374207394775,0.0025323828473778,0,1,1,0,0.0,0.0,0.0,0.0,0.25,0.25,0.0,credit_card,ES,EUR
PM_011556,11,0,0,0,0,817.46,74.31454545454545,39.78,0.000836676358315154,0.003292915583038,5,11,0,0,0.0,0.0,0.0,0.45454545454545453,1.0,0.0,0.0,credit_card,IT,EUR
PM_007256,3,0,0,0,0,137.51,45.836666666666666,45.56,0.0008325915036526666,0.0013684578902094,3,3,0,1,0.0,0.0,0.0,1.0,1.0,0.0,0.3333333333333333,credit_card,US,EUR
PM_003778,5,0,0,0,0,1163.24,232.648,135.07,0.00083113291737802,0.0018811879375439,2,5,1,0,0.0,0.0,0.0,0.4,1.0,0.2,0.0,credit_card,PT,EUR
PM_011518,5,0,0,0,0,270.82,54.164,11.0,0.00082976910371874,0.0028359475322202,2,5,0,4,0.0,0.0,0.0,0.4,1.0,0.0,0.8,credit_card,GB,EUR
PM_006167,5,0,0,0,0,123.98,24.796,21.06,0.0008262610147724999,0.0017142426888364,1,5,0,0,0.0,0.0,0.0,0.2,1.0,0.0,0.0,credit_card,PT,EUR
PM_007138,3,0,0,0,0,164.38,54.79333333333333,10.74,0.0008261212108483666,0.0020528330668554,1,3,0,0,0.0,0.0,0.0,0.3333333333333333,1.0,0.0,0.0,credit_card,GB,EUR
PM_008714,4,0,0,0,0,217.94,54.485,49.05,0.000822269613970725,0.0017342192592631,3,4,0,1,0.0,0.0,0.0,0.75,1.0,0.0,0.25,wallet,US,EUR
PM_002419,4,0,0,0,0,249.14999999999998,62.287499999999994,26.095,0.000816171891475275,0.0017475806348353,2,4,0,0,0.0,0.0,0.0,0.5,1.0,0.0,0.0,debit_card,DE,EUR
PM_003896,3,0,0,0,0,877.91,292.63666666666666,161.28,0.0008085732291587333,0.0017081785556337,0,3,1,3,0.0,0.0,0.0,0.0,1.0,0.3333333333333333,1.0,credit_card,US,EUR
PM_010654,3,0,0,0,0,155.0,51.666666666666664,15.15,0.0008078019260416666,0.0018505272790038,0,0,0,0,0.0,0.0,0.0,0.0,0.0,0.0,0.0,credit_card,ES,EUR
PM_007587,7,0,0,0,0,474.87,67.83857142857143,25.89,0.0008021757925686,0.0036374833122773,1,1,1,0,0.0,0.0,0.0,0.14285714285714285,0.14285714285714285,0.14285714285714285,0.0,wallet,ES,EUR
PM_000767,4,0,0,0,0,451.49,112.8725,122.22999999999999,0.000800859076636325,0.0016386338770212,2,4,1,0,0.0,0.0,0.0,0.5,1.0,0.25,0.0,debit_card,IT,EUR
PM_006027,3,0,0,0,0,128.56,42.85333333333333,43.89,0.0008001096442380333,0.0013849731218121,1,2,0,0,0.0,0.0,0.0,0.3333333333333333,0.6666666666666666,0.0,0.0,debit_card,ES,EUR
PM_010514,9,0,0,0,0,2358.03,262.00333333333333,270.14,0.0007973750673370221,0.0023488277021253,8,9,1,1,0.0,0.0,0.0,0.8888888888888888,1.0,0.1111111111111111,0.1111111111111111,bank_transfer,IT,EUR
PM_000245,4,0,0,0,0,190.2,47.55,44.28,0.00079216864921495,0.0019628690052238,3,4,1,1,0.0,0.0,0.0,0.75,1.0,0.25,0.25,debit_card,ES,EUR
PM_006461,7,0,0,0,0,698.04,99.72,102.36,0.0007835747037809553,0.0031276529024857,4,5,1,0,0.0,0.0,0.0,0.5714285714285714,0.7142857142857143,0.14285714285714285,0.0,debit_card,ES,EUR
PM_000173,3,0,0,0,0,183.78,61.26,71.62,0.0007821965578379667,0.001742223565158,2,3,0,2,0.0,0.0,0.0,0.6666666666666666,1.0,0.0,0.6666666666666666,credit_card,US,EUR
PM_011307,4,0,0,0,0,684.4200000000001,171.10500000000002,191.53,0.0007821889794986,0.0016501877709499,1,4,0,0,0.0,0.0,0.0,0.25,1.0,0.0,0.0,debit_card,ES,EUR
PM_011834,3,0,0,0,0,326.99,108.99666666666667,101.24,0.0007785768737838001,0.0020287800759947,1,1,0,0,0.0,0.0,0.0,0.3333333333333333,0.3333333333333333,0.0,0.0,debit_card,ES,EUR
PM_006882,4,0,0,0,0,187.36,46.84,50.825,0.0007760133114584499,0.001005541107916,1,4,0,0,0.0,0.0,0.0,0.25,1.0,0.0,0.0,wallet,FR,EUR
PM_011251,5,0,0,0,0,163.86,32.772000000000006,33.42,0.0007753965354347001,0.0014848713589444,1,5,0,0,0.0,0.0,0.0,0.2,1.0,0.0,0.0,debit_card,GB,EUR
PM_005006,7,0,0,0,0,194.95,27.849999999999998,25.42,0.0007736348081995096,0.0027323851483456,1,7,0,0,0.0,0.0,0.0,0.14285714285714285,1.0,0.0,0.0,wallet,PT,EUR
PM_007502,3,0,0,0,0,131.81,43.93666666666667,42.38,0.0007676611688270421,0.0021180234460424,0,0,0,0,0.0,0.0,0.0,0.0,0.0,0.0,0.0,debit_card,ES,EUR
PM_004049,6,0,0,0,0,958.69,159.78166666666667,160.70499999999998,0.0007506596930708333,0.0027974420324137,5,5,0,1,0.0,0.0,0.0,0.8333333333333334,0.8333333333333334,0.0,0.16666666666666666,debit_card,ES,EUR
PM_007326,3,0,0,0,0,143.05,47.68333333333334,30.58,0.0007458539759041,0.0010393431456129,3,3,1,0,0.0,0.0,0.0,1.0,1.0,0.3333333333333333,0.0,debit_card,PT,EUR
PM_009460,6,0,0,0,0,659.59,109.93166666666667,80.3,0.0007450658173513533,0.0026092618055875,2,5,0,1,0.0,0.0,0.0,0.3333333333333333,0.8333333333333334,0.0,0.16666666666666666,debit_card,IT,EUR
PM_011327,3,0,0,0,0,176.83999999999997,58.94666666666666,47.51,0.0007412688092445667,0.0010116161465507,2,3,0,0,0.0,0.0,0.0,0.6666666666666666,1.0,0.0,0.0,debit_card,GB,EUR
PM_000638,5,0,0,0,0,209.11999999999998,41.824,14.98,0.0007412259295197,0.0025308124130616,1,5,0,0,0.0,0.0,0.0,0.2,1.0,0.0,0.0,debit_card,ES,EUR
PM_002131,15,0,0,0,0,453.53000000000003,30.235333333333337,26.0,0.0007408763653917166,0.0065576520789518,5,15,1,10,0.0,0.0,0.0,0.3333333333333333,1.0,0.06666666666666667,0.6666666666666666,debit_card,US,EUR
PM_007005,4,0,0,0,0,317.43,79.3575,80.735,0.0007407268223280539,0.0021091346656062,2,4,1,0,0.0,0.0,0.0,0.5,1.0,0.25,0.0,debit_card,FR,EUR
PM_004576,5,0,0,0,0,562.58,112.516,124.19,0.00073792631402414,0.0013227434350162,2,5,1,2,0.0,0.0,0.0,0.4,1.0,0.2,0.4,credit_card,DE,EUR
PM_000094,4,0,0,0,0,70.27,17.5675,14.945,0.000737451642352875,0.0022603848101351,1,4,1,0,0.0,0.0,0.0,0.25,1.0,0.25,0.0,credit_card,FR,EUR
PM_009925,4,0,0,0,0,131.54000000000002,32.885000000000005,22.77,0.0007369996838442994,0.002566907127237,2,4,1,0,0.0,0.0,0.0,0.5,1.0,0.25,0.0,credit_card,PT,EUR
PM_011891,4,0,0,0,0,452.22999999999996,113.05749999999999,83.1,0.000731706675039775,0.002286496278331,3,4,0,0,0.0,0.0,0.0,0.75,1.0,0.0,0.0,credit_card,US,EUR
PM_006967,4,0,0,0,0,281.76,70.44,41.019999999999996,0.0007247082081140749,0.0013563802776696,1,4,0,4,0.0,0.0,0.0,0.25,1.0,0.0,1.0,debit_card,IT,EUR
PM_008400,3,0,0,0,0,166.18,55.39333333333334,54.18,0.0007210475566136334,0.0012737018406109,1,1,0,0,0.0,0.0,0.0,0.3333333333333333,0.3333333333333333,0.0,0.0,credit_card,ES,EUR
PM_002836,3,0,0,0,0,156.39,52.129999999999995,52.79,0.0007210387940058,0.0012958925318653,2,3,0,0,0.0,0.0,0.0,0.6666666666666666,1.0,0.0,0.0,debit_card,IT,EUR
PM_001834,4,0,0,0,0,167.29,41.8225,28.61,0.0007205453852148749,0.0022389156428124,1,1,0,0,0.0,0.0,0.0,0.25,0.25,0.0,0.0,debit_card,ES,EUR
PM_004430,6,0,0,0,0,417.34999999999997,69.55833333333332,55.07,0.0007130518442283818,0.0018052143325022,1,6,3,0,0.0,0.0,0.0,0.16666666666666666,1.0,0.5,0.0,credit_card,IT,EUR
PM_001813,3,0,0,0,0,354.43,118.14333333333333,52.64,0.0007115490845297667,0.0016192673570982,0,0,0,0,0.0,0.0,0.0,0.0,0.0,0.0,0.0,credit_card,ES,EUR
PM_005664,4,0,0,0,0,344.21000000000004,86.05250000000001,69.465,0.0007112508325197001,0.001833489161603,2,2,0,0,0.0,0.0,0.0,0.5,0.5,0.0,0.0,wallet,ES,EUR
PM_000346,4,0,0,0,0,165.86,41.465,37.51,0.0007062870665850583,0.0015989899957878,2,4,0,0,0.0,0.0,0.0,0.5,1.0,0.0,0.0,credit_card,US,EUR
PM_004432,3,0,0,0,0,73.2,24.400000000000002,22.22,0.0007054155476077666,0.0015709281701384,1,3,2,3,0.0,0.0,0.0,0.3333333333333333,1.0,0.6666666666666666,1.0,wallet,DE,EUR
PM_002835,6,0,0,0,0,138.14000000000001,23.023333333333337,11.3,0.0007041155850818895,0.0028363693578408,0,6,0,0,0.0,0.0,0.0,0.0,1.0,0.0,0.0,debit_card,GB,EUR
PM_009766,7,0,0,0,0,421.43,60.20428571428572,23.14,0.0007038148483895143,0.0021521382286744,6,7,0,0,0.0,0.0,0.0,0.8571428571428571,1.0,0.0,0.0,credit_card,ES,EUR
PM_009003,4,0,0,0,0,324.04,81.01,58.805,0.000702639575889125,0.0018925759599428,2,4,0,0,0.0,0.0,0.0,0.5,1.0,0.0,0.0,wallet,ES,EUR
PM_006576,4,0,0,0,0,116.51,29.1275,24.285,0.0007024347733992,0.0019030619734408,1,4,0,0,0.0,0.0,0.0,0.25,1.0,0.0,0.0,debit_card,IT,EUR
PM_000481,3,0,0,0,0,504.28000000000003,168.09333333333333,105.57,0.000701096830114,0.0014119210365324,1,2,0,1,0.0,0.0,0.0,0.3333333333333333,0.6666666666666666,0.0,0.3333333333333333,credit_card,ES,EUR
PM_002257,5,0,0,0,0,311.72,62.34400000000001,45.91,0.0006982553702235409,0.001295234646578,4,5,1,0,0.0,0.0,0.0,0.8,1.0,0.2,0.0,credit_card,DE,EUR
PM_011899,7,0,0,0,0,2323.34,331.9057142857143,294.23,0.0006971644937212232,0.0011971107724296,4,7,1,0,0.0,0.0,0.0,0.5714285714285714,1.0,0.14285714285714285,0.0,bank_transfer,US,EUR
PM_009306,4,0,0,0,0,206.73999999999998,51.684999999999995,42.445,0.000695785552184,0.0013456752198513,1,2,1,0,0.0,0.0,0.0,0.25,0.5,0.25,0.0,credit_card,ES,EUR
PM_011295,4,0,0,0,0,867.3,216.825,200.47,0.000695578219159675,0.0011255963324235,3,3,0,0,0.0,0.0,0.0,0.75,0.75,0.0,0.0,bank_transfer,DE,EUR
PM_003613,3,0,0,0,0,291.85,97.28333333333335,81.53,0.0006933460161407,0.0010327046448192,1,3,0,0,0.0,0.0,0.0,0.3333333333333333,1.0,0.0,0.0,credit_card,DE,EUR
PM_006011,4,0,0,0,0,1195.53,298.8825,296.78,0.0006919601939256744,0.0013258324162095,2,4,0,0,0.0,0.0,0.0,0.5,1.0,0.0,0.0,debit_card,ES,EUR
PM_011012,5,0,0,0,0,369.38,73.876,35.47,0.0006898280498849661,0.00214681086397,1,5,1,0,0.0,0.0,0.0,0.2,1.0,0.2,0.0,credit_card,IT,EUR
PM_001591,3,0,0,0,0,99.82,33.27333333333333,39.98,0.0006880391092914072,0.0013725321192432,1,3,0,0,0.0,0.0,0.0,0.3333333333333333,1.0,0.0,0.0,credit_card,US,EUR
PM_000252,8,0,0,0,0,549.78,68.7225,13.015,0.0006871110718084874,0.0023726378270572,3,5,3,1,0.0,0.0,0.0,0.375,0.625,0.375,0.125,debit_card,ES,EUR
PM_002378,3,0,0,0,0,275.93,91.97666666666667,65.93,0.0006863971518984666,0.00120904723183,2,3,1,0,0.0,0.0,0.0,0.6666666666666666,1.0,0.3333333333333333,0.0,credit_card,GB,EUR
PM_002841,4,0,0,0,0,219.84,54.96,39.565,0.00068542297360455,0.0018940742834622,1,2,1,0,0.0,0.0,0.0,0.25,0.5,0.25,0.0,debit_card,ES,EUR
PM_002297,9,0,0,0,0,273.53000000000003,30.392222222222227,15.81,0.0006824531653837544,0.0047051778813294,4,9,1,0,0.0,0.0,0.0,0.4444444444444444,1.0,0.1111111111111111,0.0,debit_card,ES,EUR
PM_000954,3,0,0,0,0,82.95,27.650000000000002,25.94,0.0006810771341593,0.0017449786237429,2,3,0,0,0.0,0.0,0.0,0.6666666666666666,1.0,0.0,0.0,credit_card,ES,EUR
PM_001035,3,0,0,0,0,104.7,34.9,34.28,0.0006742947325157333,0.001677902240312,1,3,0,0,0.0,0.0,0.0,0.3333333333333333,1.0,0.0,0.0,wallet,IT,EUR
PM_010202,5,0,0,0,0,1033.9099999999999,206.78199999999998,70.04,0.00067170569583828,0.0015171851944411,4,5,2,3,0.0,0.0,0.0,0.8,1.0,0.4,0.6,credit_card,PT,EUR
PM_005636,3,0,0,0,0,468.72,156.24,151.25,0.0006704158732964667,0.0010826028481404,3,3,1,0,0.0,0.0,0.0,1.0,1.0,0.3333333333333333,0.0,wallet,US,EUR
PM_002167,6,0,0,0,0,182.32,30.386666666666667,22.57,0.0006703894995315663,0.002941314359322,0,6,1,0,0.0,0.0,0.0,0.0,1.0,0.16666666666666666,0.0,credit_card,US,EUR
PM_003284,4,0,0,0,0,262.34000000000003,65.58500000000001,44.025,0.000669763332184025,0.001514237651741,1,4,1,0,0.0,0.0,0.0,0.25,1.0,0.25,0.0,credit_card,FR,EUR
PM_009875,3,0,0,0,0,272.56,90.85333333333334,20.5,0.0006643128343021,0.0010043286046272,1,3,0,0,0.0,0.0,0.0,0.3333333333333333,1.0,0.0,0.0,debit_card,GB,EUR
PM_001178,4,0,0,0,0,239.56,59.89,57.315,0.0006609111688259,0.0020707855016194,1,4,1,0,0.0,0.0,0.0,0.25,1.0,0.25,0.0,credit_card,US,EUR
PM_005931,4,0,0,0,0,211.87,52.9675,46.42,0.000659775175323075,0.0018638422238259,1,1,0,0,0.0,0.0,0.0,0.25,0.25,0.0,0.0,credit_card,DE,EUR
PM_001414,6,0,0,0,0,201.97,33.66166666666667,36.07,0.0006573252364544413,0.0028441718578544,1,4,0,0,0.0,0.0,0.0,0.16666666666666666,0.6666666666666666,0.0,0.0,debit_card,ES,EUR
PM_002416,3,0,0,0,0,284.44,94.81333333333333,37.69,0.0006561557678763334,0.001091203724028,1,3,0,3,0.0,0.0,0.0,0.3333333333333333,1.0,0.0,1.0,wallet,GB,EUR
PM_000654,5,0,0,0,0,1124.86,224.97199999999998,113.16,0.0006530899857741599,0.0017431174355131,0,5,0,0,0.0,0.0,0.0,0.0,1.0,0.0,0.0,debit_card,PT,EUR
PM_007521,3,0,0,0,0,42.45,14.15,16.32,0.0006526883073176,0.001574247514118,0,2,2,3,0.0,0.0,0.0,0.0,0.6666666666666666,0.6666666666666666,1.0,wallet,ES,EUR
PM_001058,3,0,0,0,0,41.05,13.683333333333332,14.12,0.0006503054008209,0.0009348675939672,0,0,0,0,0.0,0.0,0.0,0.0,0.0,0.0,0.0,credit_card,ES,EUR
PM_000790,8,0,0,0,0,263.44,32.93,32.265,0.0006455639817410241,0.0018166579025665,1,8,0,0,0.0,0.0,0.0,0.125,1.0,0.0,0.0,credit_card,FR,EUR
PM_007054,5,0,0,0,0,92.27,18.454,18.19,0.0006433811828576,0.0023680859136478,4,5,0,0,0.0,0.0,0.0,0.8,1.0,0.0,0.0,wallet,US,EUR
PM_003522,4,0,0,0,0,299.52,74.88,64.845,0.0006433197711428,0.001463097718806,1,4,1,0,0.0,0.0,0.0,0.25,1.0,0.25,0.0,debit_card,ES,EUR
PM_011074,11,0,0,0,0,1370.82,124.61999999999999,110.99,0.0006428922538099395,0.0031647706566764,6,11,1,4,0.0,0.0,0.0,0.5454545454545454,1.0,0.09090909090909091,0.36363636363636365,bank_transfer,GB,EUR
PM_002868,3,0,0,0,0,98.04,32.68,37.26,0.0006399297065835667,0.0009710262385197,2,3,0,0,0.0,0.0,0.0,0.6666666666666666,1.0,0.0,0.0,credit_card,ES,EUR
PM_011443,5,0,0,0,0,116.78,23.356,22.23,0.0006396803791180325,0.0013031150489055,1,5,0,0,0.0,0.0,0.0,0.2,1.0,0.0,0.0,debit_card,ES,EUR
PM_005797,3,0,0,0,0,63.93,21.31,22.96,0.0006394447124009,0.0013431403768561,2,3,0,2,0.0,0.0,0.0,0.6666666666666666,1.0,0.0,0.6666666666666666,debit_card,IT,EUR
PM_002853,3,0,0,0,0,572.09,190.6966666666667,26.42,0.0006384766544237333,0.0015999017366438,2,2,0,0,0.0,0.0,0.0,0.6666666666666666,0.6666666666666666,0.0,0.0,wallet,DE,EUR
PM_003888,3,0,0,0,0,115.97,38.656666666666666,40.04,0.0006382207833713667,0.0013753419423488,2,3,0,0,0.0,0.0,0.0,0.6666666666666666,1.0,0.0,0.0,wallet,US,EUR
PM_001340,4,0,0,0,0,404.28,101.07,44.725,0.00063646769648985,0.0016864511681933,1,2,0,1,0.0,0.0,0.0,0.25,0.5,0.0,0.25,debit_card,ES,EUR
PM_004649,5,0,0,0,0,276.33,55.266,34.17,0.0006363304005549104,0.0013296067530017,3,5,1,1,0.0,0.0,0.0,0.6,1.0,0.2,0.2,credit_card,DE,EUR
PM_005693,4,0,0,0,0,141.43,35.3575,37.475,0.000635908327855825,0.0014174914866412,3,4,1,0,0.0,0.0,0.0,0.75,1.0,0.25,0.0,debit_card,PT,EUR
PM_005773,3,0,0,0,0,533.74,177.91333333333333,129.97,0.0006357631219162,0.0012407119152044,1,3,1,0,0.0,0.0,0.0,0.3333333333333333,1.0,0.3333333333333333,0.0,debit_card,PT,EUR
PM_005518,3,0,0,0,0,458.5,152.83333333333334,133.61,0.0006306657714604333,0.0012835208310925,1,3,0,0,0.0,0.0,0.0,0.3333333333333333,1.0,0.0,0.0,wallet,DE,EUR
PM_006013,6,0,0,0,0,784.0699999999999,130.6783333333333,118.875,0.0006302172160331667,0.0017415682346101,1,6,1,1,0.0,0.0,0.0,0.16666666666666666,1.0,0.16666666666666666,0.16666666666666666,credit_card,IT,EUR
PM_008431,6,0,0,0,0,754.16,125.69333333333333,30.07,0.0006294156556427879,0.0021413727618599,2,5,1,0,0.0,0.0,0.0,0.3333333333333333,0.8333333333333334,0.16666666666666666,0.0,debit_card,FR,EUR
PM_010094,3,0,0,0,0,318.94,106.31333333333333,112.71,0.0006263344371720668,0.0013359633566516,3,3,0,0,0.0,0.0,0.0,1.0,1.0,0.0,0.0,credit_card,PT,EUR
PM_011105,5,0,0,0,0,274.8,54.96,30.29,0.0006262394704045,0.0020041849632426,2,2,0,2,0.0,0.0,0.0,0.4,0.4,0.0,0.4,credit_card,ES,EUR
PM_010223,4,0,0,0,0,67.58,16.895,16.005,0.000623683095128407,0.0017430623495876,4,4,1,0,0.0,0.0,0.0,1.0,1.0,0.25,0.0,debit_card,US,EUR
PM_002195,3,0,0,0,0,245.51,81.83666666666666,102.57,0.0006236745028073699,0.0016930933006473,1,3,0,0,0.0,0.0,0.0,0.3333333333333333,1.0,0.0,0.0,credit_card,US,EUR
PM_007287,3,0,0,0,0,238.85,79.61666666666666,108.75,0.0006208754872547333,0.001327801426207,2,2,0,0,0.0,0.0,0.0,0.6666666666666666,0.6666666666666666,0.0,0.0,debit_card,ES,EUR
PM_005967,3,0,0,0,0,64.78999999999999,21.596666666666664,25.41,0.0006206192365682666,0.0014129474583081,1,3,0,3,0.0,0.0,0.0,0.3333333333333333,1.0,0.0,1.0,credit_card,GB,EUR
PM_005003,5,0,0,0,0,258.39,51.678,33.4,0.0006202311548061209,0.0019242303939537,1,5,0,0,0.0,0.0,0.0,0.2,1.0,0.0,0.0,wallet,DE,EUR
PM_010095,5,0,0,0,0,241.32,48.263999999999996,62.48,0.0006134737654681199,0.0022836633379843,2,5,1,0,0.0,0.0,0.0,0.4,1.0,0.2,0.0,debit_card,PT,EUR
PM_009729,5,0,0,0,0,195.49,39.098,32.45,0.0006119548434227,0.0022935408637481,1,2,2,0,0.0,0.0,0.0,0.2,0.4,0.4,0.0,wallet,ES,EUR
PM_004782,6,0,0,0,0,774.79,129.13166666666666,135.425,0.0006109853515095333,0.0014626474715171,4,6,0,0,0.0,0.0,0.0,0.6666666666666666,1.0,0.0,0.0,credit_card,ES,EUR
PM_008237,4,0,0,0,0,501.20000000000005,125.30000000000001,51.825,0.000606934626618475,0.0014607073641957,1,4,0,0,0.0,0.0,0.0,0.25,1.0,0.0,0.0,debit_card,IT,EUR
PM_005215,3,0,0,0,0,389.03000000000003,129.67666666666668,153.8,0.0006041102249455486,0.0015486035490078,2,3,0,1,0.0,0.0,0.0,0.6666666666666666,1.0,0.0,0.3333333333333333,credit_card,ES,EUR
PM_007025,4,0,0,0,0,294.38,73.595,59.19499999999999,0.0005999964180291895,0.001164158096493,0,4,0,0,0.0,0.0,0.0,0.0,1.0,0.0,0.0,credit_card,DE,EUR
PM_002227,5,0,0,0,0,343.1,68.62,43.93,0.00059800380713174,0.0013296216535399,0,5,0,0,0.0,0.0,0.0,0.0,1.0,0.0,0.0,debit_card,IT,EUR
PM_000880,5,0,0,0,0,134.3,26.860000000000003,16.73,0.00059784251472932,0.0012081370035764,0,5,0,5,0.0,0.0,0.0,0.0,1.0,0.0,1.0,credit_card,PT,EUR
PM_004419,3,0,0,0,0,304.96999999999997,101.65666666666665,69.6,0.0005973361737570334,0.0014101495169051,0,3,0,0,0.0,0.0,0.0,0.0,1.0,0.0,0.0,debit_card,US,EUR
PM_006098,15,0,0,0,0,733.6500000000001,48.910000000000004,24.68,0.0005967159606270866,0.0028948496021674,9,15,1,9,0.0,0.0,0.0,0.6,1.0,0.06666666666666667,0.6,debit_card,GB,EUR
PM_005428,6,0,0,0,0,210.21,35.035000000000004,31.835,0.0005938032515206334,0.0020585556357325,2,6,0,0,0.0,0.0,0.0,0.3333333333333333,1.0,0.0,0.0,debit_card,GB,EUR
PM_008602,5,0,0,0,0,1110.92,222.18400000000003,186.06,0.0005897403913902,0.001428250714376,1,2,1,0,0.0,0.0,0.0,0.2,0.4,0.2,0.0,credit_card,ES,EUR
PM_011762,6,0,0,0,0,503.55999999999995,83.92666666666666,23.795,0.0005885278868477288,0.0019563041845525,3,6,0,3,0.0,0.0,0.0,0.5,1.0,0.0,0.5,debit_card,DE,EUR
PM_001945,5,0,0,0,0,703.7,140.74,72.87,0.0005874845154527399,0.0010315869375786,1,5,0,0,0.0,0.0,0.0,0.2,1.0,0.0,0.0,bank_transfer,GB,EUR
PM_004711,7,0,0,0,0,828.47,118.35285714285715,100.88,0.0005860027991539641,0.0012280795092166,4,7,0,0,0.0,0.0,0.0,0.5714285714285714,1.0,0.0,0.0,bank_transfer,US,EUR
PM_009115,4,0,0,0,0,202.55,50.6375,50.485,0.0005834621535254828,0.0017081772505285,2,4,0,3,0.0,0.0,0.0,0.5,1.0,0.0,0.75,credit_card,ES,EUR
PM_002812,5,0,0,0,0,280.78000000000003,56.156000000000006,71.03,0.00058048966886632,0.0017602410906093,1,5,1,0,0.0,0.0,0.0,0.2,1.0,0.2,0.0,debit_card,FR,EUR
PM_003614,4,0,0,0,0,506.63,126.6575,30.205,0.0005784637221652068,0.0020344411777153,1,4,0,2,0.0,0.0,0.0,0.25,1.0,0.0,0.5,wallet,US,EUR
PM_007718,4,0,0,0,0,487.06,121.765,119.345,0.0005765880006685957,0.0017786904052234,3,4,0,3,0.0,0.0,0.0,0.75,1.0,0.0,0.75,debit_card,PT,EUR
PM_011066,4,0,0,0,0,244.87,61.2175,65.89,0.0005649280539501165,0.0011758343619007,3,4,0,0,0.0,0.0,0.0,0.75,1.0,0.0,0.0,debit_card,IT,EUR
PM_010283,7,0,0,0,0,919.87,131.41,31.35,0.0005638380768705046,0.0013140461907947,2,7,0,1,0.0,0.0,0.0,0.2857142857142857,1.0,0.0,0.14285714285714285,credit_card,PT,EUR
PM_011814,7,0,0,0,0,1118.97,159.85285714285715,158.63,0.0005625956511430737,0.00120460840085,1,7,0,5,0.0,0.0,0.0,0.14285714285714285,1.0,0.0,0.7142857142857143,bank_transfer,IT,EUR
PM_004263,8,0,0,0,0,1392.01,174.00125,162.94,0.0005624583166895436,0.0014343786063894,3,8,0,0,0.0,0.0,0.0,0.375,1.0,0.0,0.0,bank_transfer,GB,EUR
PM_010825,6,0,0,0,0,931.5699999999999,155.26166666666666,69.635,0.0005560668817897167,0.0020262914353576,3,6,1,0,0.0,0.0,0.0,0.5,1.0,0.16666666666666666,0.0,credit_card,IT,EUR
PM_006734,3,0,0,0,0,227.85000000000002,75.95,49.95,0.000554747291762141,0.0014454536409561,1,3,0,0,0.0,0.0,0.0,0.3333333333333333,1.0,0.0,0.0,bank_transfer,GB,EUR
PM_002279,3,0,0,0,0,71.5,23.833333333333332,25.48,0.0005522290535463667,0.0008785587762235,2,3,0,0,0.0,0.0,0.0,0.6666666666666666,1.0,0.0,0.0,credit_card,DE,EUR
PM_009180,6,0,0,0,0,775.87,129.31166666666667,83.34,0.000548817803359917,0.0022886366861549,1,6,1,0,0.0,0.0,0.0,0.16666666666666666,1.0,0.16666666666666666,0.0,credit_card,US,EUR
PM_010635,3,0,0,0,0,209.36,69.78666666666668,34.84,0.0005458401495171667,0.0007585381438787,0,0,0,3,0.0,0.0,0.0,0.0,0.0,0.0,1.0,credit_card,ES,EUR
PM_004571,7,0,0,0,0,229.28,32.754285714285714,33.56,0.0005433976112105596,0.0018600003417624,3,6,2,5,0.0,0.0,0.0,0.42857142857142855,0.8571428571428571,0.2857142857142857,0.7142857142857143,credit_card,PT,EUR
PM_003721,5,0,0,0,0,167.0,33.4,33.7,0.00053634263391758,0.0010337409019755,0,5,1,0,0.0,0.0,0.0,0.0,1.0,0.2,0.0,debit_card,FR,EUR
PM_008901,7,0,0,0,0,192.10999999999999,27.444285714285712,18.58,0.0005358508297773429,0.0021371360824642,2,7,2,4,0.0,0.0,0.0,0.2857142857142857,1.0,0.2857142857142857,0.5714285714285714,credit_card,DE,EUR
PM_006969,3,0,0,0,0,67.9,22.633333333333336,26.31,0.0005342367364741,0.0006832542931001,2,3,0,0,0.0,0.0,0.0,0.6666666666666666,1.0,0.0,0.0,debit_card,ES,EUR
PM_004054,3,0,0,0,0,127.41999999999999,42.47333333333333,33.19,0.0005320054614665667,0.0012502296818677,2,3,0,0,0.0,0.0,0.0,0.6666666666666666,1.0,0.0,0.0,credit_card,ES,EUR
PM_002775,4,0,0,0,0,331.12,82.78,63.879999999999995,0.0005277513768596463,0.0015602237132747,2,4,0,0,0.0,0.0,0.0,0.5,1.0,0.0,0.0,debit_card,ES,EUR
PM_010600,4,0,0,0,0,227.9,56.975,61.45,0.00052725943032775,0.0007964674371205,2,4,0,0,0.0,0.0,0.0,0.5,1.0,0.0,0.0,credit_card,ES,EUR
PM_006911,8,0,0,0,0,250.65,31.33125,30.07,0.0005230775863399625,0.0019634824550492,1,2,1,7,0.0,0.0,0.0,0.125,0.25,0.125,0.875,debit_card,ES,EUR
PM_002321,3,0,0,0,0,312.55,104.18333333333334,123.31,0.0005172749273898,0.0008187486584278,3,3,0,1,0.0,0.0,0.0,1.0,1.0,0.0,0.3333333333333333,debit_card,ES,EUR
PM_002925,4,0,0,0,0,227.98000000000002,56.995000000000005,57.330000000000005,0.0005164956031765795,0.0009877481079573,0,2,0,0,0.0,0.0,0.0,0.0,0.5,0.0,0.0,wallet,FR,EUR
PM_007272,3,0,0,0,0,98.11,32.70333333333333,35.36,0.0005140556819100667,0.0009124805867984,1,3,0,3,0.0,0.0,0.0,0.3333333333333333,1.0,0.0,1.0,credit_card,IT,EUR
PM_002282,8,0,0,0,0,392.76,49.095,21.380000000000003,0.0005129141784425455,0.0019865553837098,2,3,0,5,0.0,0.0,0.0,0.25,0.375,0.0,0.625,credit_card,ES,EUR
PM_006197,6,0,0,0,0,881.79,146.965,131.935,0.0005111401006926871,0.0008987479894534,3,3,0,0,0.0,0.0,0.0,0.5,0.5,0.0,0.0,credit_card,IT,EUR
PM_006307,3,0,0,0,0,115.36,38.45333333333333,25.76,0.0005069937314495935,0.0012571202739673,1,3,0,0,0.0,0.0,0.0,0.3333333333333333,1.0,0.0,0.0,debit_card,GB,EUR
PM_003883,4,0,0,0,0,331.4,82.85,20.165,0.0005066434597432268,0.0011125508312893,1,1,1,0,0.0,0.0,0.0,0.25,0.25,0.25,0.0,credit_card,ES,EUR
PM_004716,6,0,0,0,0,290.21999999999997,48.37,42.495,0.0005030545299373726,0.0022462985886406,1,1,1,0,0.0,0.0,0.0,0.16666666666666666,0.16666666666666666,0.16666666666666666,0.0,credit_card,ES,EUR
PM_010431,3,0,0,0,0,55.97,18.656666666666666,20.54,0.0005004833129516,0.0006821195807268,1,3,0,1,0.0,0.0,0.0,0.3333333333333333,1.0,0.0,0.3333333333333333,debit_card,ES,EUR
PM_009433,6,0,0,0,0,266.73,44.455000000000005,38.12,0.0004971232916211166,0.0016331024672541,2,2,0,1,0.0,0.0,0.0,0.3333333333333333,0.3333333333333333,0.0,0.16666666666666666,debit_card,ES,EUR
PM_000077,3,0,0,0,0,152.9,50.96666666666667,56.88,0.000496056336847,0.0008748956638402,1,3,0,0,0.0,0.0,0.0,0.3333333333333333,1.0,0.0,0.0,credit_card,IT,EUR
PM_000848,8,0,0,0,0,1560.51,195.06375,120.48499999999999,0.0004957076438904626,0.001486572699067,4,5,0,2,0.0,0.0,0.0,0.5,0.625,0.0,0.25,credit_card,FR,EUR
PM_004262,3,0,0,0,0,265.36,88.45333333333333,92.37,0.0004956616210198,0.0009768165945272,2,3,0,1,0.0,0.0,0.0,0.6666666666666666,1.0,0.0,0.3333333333333333,bank_transfer,PT,EUR
PM_002709,4,0,0,0,0,165.23,41.3075,30.595,0.0004941961946105,0.0012425723932885,2,4,0,0,0.0,0.0,0.0,0.5,1.0,0.0,0.0,wallet,ES,EUR
PM_006524,3,0,0,0,0,58.18,19.393333333333334,21.87,0.0004933039922659333,0.0011043769533881,2,2,1,0,0.0,0.0,0.0,0.6666666666666666,0.6666666666666666,0.3333333333333333,0.0,credit_card,ES,EUR
PM_011497,7,0,0,0,0,1110.65,158.66428571428574,208.73,0.0004926205456524715,0.0008715985704729,2,7,0,0,0.0,0.0,0.0,0.2857142857142857,1.0,0.0,0.0,credit_card,DE,EUR
PM_000108,3,0,0,0,0,145.05,48.35,52.03,0.0004911216115859666,0.0010761871531336,3,3,1,0,0.0,0.0,0.0,1.0,1.0,0.3333333333333333,0.0,wallet,US,EUR
PM_009581,6,0,0,0,0,378.78999999999996,63.13166666666666,56.09,0.0004905660820529594,0.0009982187772991,3,4,0,3,0.0,0.0,0.0,0.5,0.6666666666666666,0.0,0.5,debit_card,ES,EUR
PM_011875,4,0,0,0,0,83.46,20.865,11.66,0.00049026107799765,0.0009272815675935,1,1,0,0,0.0,0.0,0.0,0.25,0.25,0.0,0.0,credit_card,ES,EUR
PM_002859,6,0,0,0,0,153.15,25.525000000000002,20.299999999999997,0.00048676914153082933,0.0013991887613387,3,3,1,1,0.0,0.0,0.0,0.5,0.5,0.16666666666666666,0.16666666666666666,credit_card,ES,EUR
PM_007628,9,0,0,0,0,836.39,92.93222222222222,66.95,0.0004866276480098598,0.0015912941089295,2,9,3,9,0.0,0.0,0.0,0.2222222222222222,1.0,0.3333333333333333,1.0,bank_transfer,PT,EUR
PM_002030,3,0,0,0,0,52.62,17.54,13.85,0.0004835475274894,0.0007668019238772,2,3,1,0,0.0,0.0,0.0,0.6666666666666666,1.0,0.3333333333333333,0.0,credit_card,GB,EUR
PM_000522,4,0,0,0,0,355.74,88.935,89.07,0.0004781336667866,0.0009224893228341,2,4,0,2,0.0,0.0,0.0,0.5,1.0,0.0,0.5,bank_transfer,ES,EUR
PM_002928,6,0,0,0,0,408.85,68.14166666666667,57.504999999999995,0.00047766732016895,0.0010460432547028,3,6,0,0,0.0,0.0,0.0,0.5,1.0,0.0,0.0,debit_card,GB,EUR
PM_007132,3,0,0,0,0,344.31,114.77,117.2,0.0004765141891676667,0.0007082510497409,2,3,0,0,0.0,0.0,0.0,0.6666666666666666,1.0,0.0,0.0,debit_card,GB,EUR
PM_001704,7,0,0,0,0,286.49,40.92714285714286,34.14,0.0004757655403530704,0.0019227321618699,2,7,0,0,0.0,0.0,0.0,0.2857142857142857,1.0,0.0,0.0,debit_card,US,EUR
PM_005817,9,0,0,0,0,399.35,44.37222222222223,29.42,0.0004694762372133967,0.001545319202928,4,9,0,0,0.0,0.0,0.0,0.4444444444444444,1.0,0.0,0.0,debit_card,PT,EUR
PM_004846,3,0,0,0,0,396.81999999999994,132.2733333333333,11.46,0.0004692501942264667,0.0010470319168062,0,3,1,0,0.0,0.0,0.0,0.0,1.0,0.3333333333333333,0.0,credit_card,GB,EUR
PM_001259,3,0,0,0,0,87.44,29.146666666666665,28.77,0.00045860000436543334,0.0005730216728532,1,1,0,0,0.0,0.0,0.0,0.3333333333333333,0.3333333333333333,0.0,0.0,credit_card,ES,EUR
PM_003459,5,0,0,0,0,239.59,47.918,46.42,0.0004584042430378,0.0010831816728644,1,5,0,0,0.0,0.0,0.0,0.2,1.0,0.0,0.0,credit_card,DE,EUR
PM_001563,5,0,0,0,0,140.03,28.006,21.18,0.000456285121673211,0.0018224927497629,0,5,0,0,0.0,0.0,0.0,0.0,1.0,0.0,0.0,credit_card,FR,EUR
PM_003046,6,0,0,0,0,266.49,44.415,47.11,0.00045600721956726885,0.0017266020256959,1,6,0,1,0.0,0.0,0.0,0.16666666666666666,1.0,0.0,0.16666666666666666,credit_card,ES,EUR
PM_009888,7,0,0,0,0,588.57,84.08142857142857,83.99,0.00045257775107251425,0.0006846472736461,5,7,0,3,0.0,0.0,0.0,0.7142857142857143,1.0,0.0,0.42857142857142855,credit_card,IT,EUR
PM_005603,4,0,0,0,0,589.06,147.265,121.375,0.00045057077021395,0.0010953231805504,1,1,0,0,0.0,0.0,0.0,0.25,0.25,0.0,0.0,credit_card,ES,EUR
PM_006510,10,0,0,0,0,628.43,62.842999999999996,29.6,0.00045015890279407006,0.0012789659498852,3,5,3,1,0.0,0.0,0.0,0.3,0.5,0.3,0.1,credit_card,ES,EUR
PM_009615,7,0,0,0,0,324.71,46.387142857142855,28.76,0.00044779524095853597,0.0018133800829688,3,5,0,0,0.0,0.0,0.0,0.42857142857142855,0.7142857142857143,0.0,0.0,debit_card,ES,EUR
PM_011616,4,0,0,0,0,576.4399999999999,144.10999999999999,122.69999999999999,0.00044624260394440004,0.0007842077671337,0,4,0,0,0.0,0.0,0.0,0.0,1.0,0.0,0.0,bank_transfer,GB,EUR
PM_011619,5,0,0,0,0,413.24,82.648,99.61,0.00044507863073990004,0.000751457086203,5,5,1,0,0.0,0.0,0.0,1.0,1.0,0.2,0.0,debit_card,ES,EUR
PM_004901,4,0,0,0,0,73.91,18.4775,18.795,0.0004433130741453,0.0007088815680617,2,4,1,1,0.0,0.0,0.0,0.5,1.0,0.25,0.25,credit_card,IT,EUR
PM_006809,4,0,0,0,0,1086.51,271.6275,275.77,0.00044326965585908735,0.0011116234092832,1,4,0,0,0.0,0.0,0.0,0.25,1.0,0.0,0.0,credit_card,ES,EUR
PM_003752,3,0,0,0,0,175.05,58.35,19.46,0.00044207477846856666,0.0007437564868218,0,1,1,0,0.0,0.0,0.0,0.0,0.3333333333333333,0.3333333333333333,0.0,debit_card,ES,EUR
PM_000327,5,0,0,0,0,214.01,42.802,26.57,0.00044000427100098,0.0008575423783162,3,5,0,0,0.0,0.0,0.0,0.6,1.0,0.0,0.0,credit_card,GB,EUR
PM_003637,4,0,0,0,0,183.13,45.7825,21.695,0.0004393896136910821,0.0007877021094771,1,4,0,0,0.0,0.0,0.0,0.25,1.0,0.0,0.0,debit_card,US,EUR
PM_001310,4,0,0,0,0,366.57000000000005,91.64250000000001,92.39500000000001,0.000438692266070675,0.0011872196835707,2,4,0,2,0.0,0.0,0.0,0.5,1.0,0.0,0.5,bank_transfer,US,EUR
PM_006326,4,0,0,0,0,230.92000000000002,57.730000000000004,55.425,0.0004366868956468921,0.0013131212961539,0,4,0,0,0.0,0.0,0.0,0.0,1.0,0.0,0.0,credit_card,GB,EUR
PM_005995,4,0,0,0,0,200.0,50.0,13.745000000000001,0.000427902503019525,0.0009407907318576,2,2,0,3,0.0,0.0,0.0,0.5,0.5,0.0,0.75,credit_card,ES,EUR
PM_008098,4,0,0,0,0,66.65,16.6625,12.96,0.000427559094177625,0.0007309008704859,3,4,1,0,0.0,0.0,0.0,0.75,1.0,0.25,0.0,credit_card,ES,EUR
PM_004675,10,0,0,0,0,662.81,66.28099999999999,29.159999999999997,0.00042462927224148005,0.0010317767871868,4,10,2,6,0.0,0.0,0.0,0.4,1.0,0.2,0.6,debit_card,FR,EUR
PM_009160,4,0,0,0,0,294.11,73.5275,76.29,0.0004212433136465,0.0010924702259545,1,4,0,0,0.0,0.0,0.0,0.25,1.0,0.0,0.0,debit_card,IT,EUR
PM_011537,3,0,0,0,0,1356.71,452.2366666666667,523.04,0.00042063454551023336,0.0005722614613172,1,3,0,0,0.0,0.0,0.0,0.3333333333333333,1.0,0.0,0.0,credit_card,US,EUR
PM_006584,5,0,0,0,0,254.52,50.904,54.43,0.00042048584245507815,0.0015709187126741,0,0,0,0,0.0,0.0,0.0,0.0,0.0,0.0,0.0,debit_card,ES,EUR
PM_003939,4,0,0,0,0,680.3,170.075,164.54000000000002,0.00042032760009722497,0.000689213413429,2,4,0,0,0.0,0.0,0.0,0.5,1.0,0.0,0.0,credit_card,IT,EUR
PM_009548,3,0,0,0,0,170.31,56.77,31.31,0.00042009230341563745,0.0009608147728713,0,3,0,1,0.0,0.0,0.0,0.0,1.0,0.0,0.3333333333333333,credit_card,DE,EUR
PM_007474,5,0,0,0,0,143.03,28.606,32.67,0.00041637958441514,0.0011058931392709,1,2,0,0,0.0,0.0,0.0,0.2,0.4,0.0,0.0,credit_card,ES,EUR
PM_001491,5,0,0,0,0,183.37,36.674,27.6,0.00041293231129155316,0.001228490729314,0,0,0,0,0.0,0.0,0.0,0.0,0.0,0.0,0.0,debit_card,ES,EUR
PM_001949,4,0,0,0,0,354.13,88.5325,102.32,0.0004105247186635,0.0008091731870402,2,3,1,0,0.0,0.0,0.0,0.5,0.75,0.25,0.0,credit_card,ES,EUR
PM_007379,4,0,0,0,0,136.46,34.115,34.57,0.0004053939350492,0.0007168424760683,1,4,1,0,0.0,0.0,0.0,0.25,1.0,0.25,0.0,debit_card,IT,EUR
PM_003104,4,0,0,0,0,165.38,41.345,17.919999999999998,0.00040515829160714997,0.0008300148613047,3,4,0,3,0.0,0.0,0.0,0.75,1.0,0.0,0.75,wallet,ES,EUR
PM_006564,3,0,0,0,0,42.48,14.159999999999998,8.14,0.00040288172574790004,0.0006592906194489,2,3,1,2,0.0,0.0,0.0,0.6666666666666666,1.0,0.3333333333333333,0.6666666666666666,debit_card,FR,EUR
PM_002385,3,0,0,0,0,122.34,40.78,37.56,0.0004009598271153295,0.0009429137270997,0,3,0,3,0.0,0.0,0.0,0.0,1.0,0.0,1.0,debit_card,US,EUR
PM_000112,4,0,0,0,0,251.20999999999998,62.802499999999995,59.47,0.00039585384683595,0.0004954090287742,1,1,0,0,0.0,0.0,0.0,0.25,0.25,0.0,0.0,debit_card,ES,EUR
PM_008909,10,0,0,0,0,622.21,62.221000000000004,46.215,0.0003956718156487273,0.0015050491566014,5,10,0,0,0.0,0.0,0.0,0.5,1.0,0.0,0.0,credit_card,US,EUR
PM_007072,3,0,0,0,0,106.55,35.516666666666666,33.39,0.0003956690696714667,0.000486293979271,3,3,0,0,0.0,0.0,0.0,1.0,1.0,0.0,0.0,debit_card,ES,EUR
PM_003309,4,0,0,0,0,241.32999999999998,60.332499999999996,67.35,0.00039557296149197497,0.0009807418558024,1,4,0,0,0.0,0.0,0.0,0.25,1.0,0.0,0.0,debit_card,US,EUR
PM_006260,4,0,0,0,0,74.58,18.645,18.465,0.000389208623212475,0.0006221358872453,1,4,1,0,0.0,0.0,0.0,0.25,1.0,0.25,0.0,debit_card,GB,EUR
PM_002111,6,0,0,0,0,266.99,44.498333333333335,40.315,0.00038832528062245005,0.0009043478590505,0,6,0,0,0.0,0.0,0.0,0.0,1.0,0.0,0.0,debit_card,US,EUR
PM_008430,3,0,0,0,0,258.67,86.22333333333334,66.82,0.0003866379423026253,0.0005743824100281,2,3,2,1,0.0,0.0,0.0,0.6666666666666666,1.0,0.6666666666666666,0.3333333333333333,credit_card,ES,EUR
PM_007781,6,0,0,0,0,242.77,40.461666666666666,29.240000000000002,0.00038461830204790967,0.001208921749677,1,6,0,2,0.0,0.0,0.0,0.16666666666666666,1.0,0.0,0.3333333333333333,credit_card,PT,EUR
PM_009316,3,0,0,0,0,46.0,15.333333333333334,16.47,0.00038424803095926663,0.0006595237683607,1,3,2,3,0.0,0.0,0.0,0.3333333333333333,1.0,0.6666666666666666,1.0,credit_card,DE,EUR
PM_006769,3,0,0,0,0,170.43,56.81,57.87,0.00038207133568099997,0.0004913048707552,1,3,1,3,0.0,0.0,0.0,0.3333333333333333,1.0,0.3333333333333333,1.0,debit_card,ES,EUR
PM_001972,3,0,0,0,0,154.63,51.54333333333333,53.75,0.00038048431533279996,0.0005100598472859,2,3,0,3,0.0,0.0,0.0,0.6666666666666666,1.0,0.0,1.0,debit_card,FR,EUR
PM_004973,7,0,0,0,0,377.68,53.95428571428572,19.06,0.0003801565948079977,0.0012137840516879,4,7,0,0,0.0,0.0,0.0,0.5714285714285714,1.0,0.0,0.0,debit_card,GB,EUR
PM_004064,4,0,0,0,0,355.03000000000003,88.75750000000001,38.47,0.000379482732465575,0.0007634528123949,1,2,1,4,0.0,0.0,0.0,0.25,0.5,0.25,1.0,debit_card,ES,EUR
PM_004435,3,0,0,0,0,178.6,59.53333333333333,38.6,0.00037768795300146667,0.0005927782559496,1,3,0,0,0.0,0.0,0.0,0.3333333333333333,1.0,0.0,0.0,credit_card,US,EUR
PM_007918,9,0,0,0,0,725.62,80.62444444444445,52.52,0.00037529007900310876,0.0011792744551534,3,4,1,0,0.0,0.0,0.0,0.3333333333333333,0.4444444444444444,0.1111111111111111,0.0,debit_card,ES,EUR
PM_007986,3,0,0,0,0,109.28999999999999,36.43,34.76,0.00037244576824883337,0.0005249453531245,1,3,0,3,0.0,0.0,0.0,0.3333333333333333,1.0,0.0,1.0,credit_card,US,EUR
PM_004933,10,0,0,0,0,471.02,47.102,38.615,0.00037170785588712,0.001175320163084,3,3,0,0,0.0,0.0,0.0,0.3,0.3,0.0,0.0,wallet,ES,EUR
PM_000295,3,0,0,0,0,54.19,18.063333333333333,13.26,0.0003638430321732,0.0005986652241939,1,2,2,1,0.0,0.0,0.0,0.3333333333333333,0.6666666666666666,0.6666666666666666,0.3333333333333333,wallet,ES,EUR
PM_007010,3,0,0,0,0,146.74,48.913333333333334,19.88,0.0003634542230345667,0.00061122621692,1,3,0,0,0.0,0.0,0.0,0.3333333333333333,1.0,0.0,0.0,debit_card,ES,EUR
PM_005525,5,0,0,0,0,652.01,130.402,53.27,0.00036343641293105,0.0009452332813347,2,2,0,0,0.0,0.0,0.0,0.4,0.4,0.0,0.0,credit_card,FR,EUR
PM_005546,3,0,0,0,0,98.4,32.800000000000004,40.6,0.000359596860675,0.0005919250477337,1,3,0,0,0.0,0.0,0.0,0.3333333333333333,1.0,0.0,0.0,debit_card,ES,EUR
PM_010932,5,0,0,0,0,201.71,40.342,49.04,0.00035905884924646,0.000775939582281,2,5,1,3,0.0,0.0,0.0,0.4,1.0,0.2,0.6,debit_card,GB,EUR
PM_003025,4,0,0,0,0,311.96,77.99,60.83,0.00035560432446865,0.0005157980860453,3,4,1,0,0.0,0.0,0.0,0.75,1.0,0.25,0.0,wallet,US,EUR
PM_004497,3,0,0,0,0,55.97,18.656666666666666,18.02,0.00035550418904063333,0.0003791594730002,1,3,2,0,0.0,0.0,0.0,0.3333333333333333,1.0,0.6666666666666666,0.0,credit_card,US,EUR
PM_002232,5,0,0,0,0,241.85000000000002,48.370000000000005,44.02,0.00035528301128647975,0.0010415382260825,0,5,0,0,0.0,0.0,0.0,0.0,1.0,0.0,0.0,bank_transfer,IT,EUR
PM_011116,5,0,0,0,0,184.68,36.936,38.03,0.00035459997077287955,0.0010034430092675,5,5,1,1,0.0,0.0,0.0,1.0,1.0,0.2,0.2,debit_card,ES,EUR
PM_006961,8,0,0,0,0,405.78,50.7225,44.66,0.00035437752145990223,0.0008242286208998,2,4,0,5,0.0,0.0,0.0,0.25,0.5,0.0,0.625,debit_card,DE,EUR
PM_010981,3,0,0,0,0,221.54,73.84666666666666,61.6,0.0003533740389738333,0.0005626970496276,1,3,1,0,0.0,0.0,0.0,0.3333333333333333,1.0,0.3333333333333333,0.0,debit_card,GB,EUR
PM_007047,5,0,0,0,0,173.82,34.763999999999996,27.1,0.00035084082172354,0.0005584457940193,2,3,2,0,0.0,0.0,0.0,0.4,0.6,0.4,0.0,credit_card,IT,EUR
PM_000304,3,0,0,0,0,180.89999999999998,60.29999999999999,23.24,0.0003506984613722,0.0006477259271727,0,3,0,0,0.0,0.0,0.0,0.0,1.0,0.0,0.0,credit_card,GB,EUR
PM_005010,6,0,0,0,0,221.22,36.87,27.53,0.00034675835277268337,0.0006395182617004,2,6,2,0,0.0,0.0,0.0,0.3333333333333333,1.0,0.3333333333333333,0.0,debit_card,PT,EUR
PM_005918,11,0,0,0,0,393.2,35.74545454545454,22.8,0.0003460083536756056,0.0014017806492442,6,7,1,0,0.0,0.0,0.0,0.5454545454545454,0.6363636363636364,0.09090909090909091,0.0,bank_transfer,ES,EUR
PM_000447,3,0,0,0,0,76.75999999999999,25.586666666666662,31.87,0.00034399192554143335,0.000455079106012,0,3,0,0,0.0,0.0,0.0,0.0,1.0,0.0,0.0,credit_card,IT,EUR
PM_005638,3,0,0,0,0,142.28,47.42666666666667,28.05,0.0003422137792041,0.0005651531776065,1,2,0,0,0.0,0.0,0.0,0.3333333333333333,0.6666666666666666,0.0,0.0,debit_card,ES,EUR
PM_008918,5,0,0,0,0,168.72,33.744,25.63,0.00034166131019358,0.0009014206836034,3,5,2,5,0.0,0.0,0.0,0.6,1.0,0.4,1.0,debit_card,US,EUR
PM_007082,4,0,0,0,0,160.48000000000002,40.120000000000005,36.35,0.000341488690895225,0.0008862963331171,2,4,0,0,0.0,0.0,0.0,0.5,1.0,0.0,0.0,credit_card,US,EUR
PM_010073,3,0,0,0,0,189.38,63.126666666666665,60.56,0.00033910135864419997,0.000448358364602,1,3,0,1,0.0,0.0,0.0,0.3333333333333333,1.0,0.0,0.3333333333333333,debit_card,US,EUR
PM_003136,3,0,0,0,0,114.57,38.19,27.33,0.0003385959166798333,0.0005255190730818,2,3,0,1,0.0,0.0,0.0,0.6666666666666666,1.0,0.0,0.3333333333333333,credit_card,US,EUR
PM_007292,6,0,0,0,0,143.4,23.900000000000002,22.665,0.00033569793756219003,0.0005653735658516,5,6,1,1,0.0,0.0,0.0,0.8333333333333334,1.0,0.16666666666666666,0.16666666666666666,credit_card,PT,EUR
PM_004583,4,0,0,0,0,82.21000000000001,20.552500000000002,21.025,0.000335024945367075,0.0004000516786954,0,4,0,0,0.0,0.0,0.0,0.0,1.0,0.0,0.0,wallet,PT,EUR
PM_011098,6,0,0,0,0,231.69,38.615,37.575,0.0003318795081856426,0.0012094806799992,3,6,0,0,0.0,0.0,0.0,0.5,1.0,0.0,0.0,debit_card,US,EUR
PM_009926,3,0,0,0,0,334.34,111.44666666666666,67.03,0.00032922277388719993,0.0004785082724391,0,3,0,0,0.0,0.0,0.0,0.0,1.0,0.0,0.0,credit_card,IT,EUR
PM_003970,3,0,0,0,0,287.46,95.82,64.12,0.00032295751484472443,0.0007278402785955,2,3,0,0,0.0,0.0,0.0,0.6666666666666666,1.0,0.0,0.0,debit_card,ES,EUR
PM_004315,3,0,0,0,0,50.22,16.74,17.89,0.0003227030407669667,0.0005228553492826,1,3,2,3,0.0,0.0,0.0,0.3333333333333333,1.0,0.6666666666666666,1.0,wallet,DE,EUR
PM_005945,4,0,0,0,0,211.82,52.955,48.885,0.000318198458202325,0.0006763294342486,2,4,0,0,0.0,0.0,0.0,0.5,1.0,0.0,0.0,debit_card,IT,EUR
PM_001367,4,0,0,0,0,114.64,28.66,27.765,0.000316300509208375,0.0005137521186692,0,0,0,0,0.0,0.0,0.0,0.0,0.0,0.0,0.0,wallet,ES,EUR
PM_003328,4,0,0,0,0,112.36000000000001,28.090000000000003,19.545,0.000315199435516125,0.0004729175530625,1,4,0,0,0.0,0.0,0.0,0.25,1.0,0.0,0.0,debit_card,PT,EUR
PM_000911,3,0,0,0,0,58.67,19.55666666666667,12.14,0.0003096533710405333,0.0004015199449196,2,3,0,2,0.0,0.0,0.0,0.6666666666666666,1.0,0.0,0.6666666666666666,debit_card,ES,EUR
PM_003747,3,0,0,0,0,80.54,26.846666666666668,31.8,0.00030891232504296666,0.0005784888616776,2,3,0,0,0.0,0.0,0.0,0.6666666666666666,1.0,0.0,0.0,debit_card,IT,EUR
PM_006451,3,0,0,0,0,266.69,88.89666666666666,105.48,0.00030785006896073337,0.0005951234411764,1,1,0,1,0.0,0.0,0.0,0.3333333333333333,0.3333333333333333,0.0,0.3333333333333333,credit_card,DE,EUR
PM_010840,7,0,0,0,0,470.52000000000004,67.21714285714286,26.87,0.0003052463041923757,0.000790866337099,0,7,0,0,0.0,0.0,0.0,0.0,1.0,0.0,0.0,credit_card,FR,EUR
PM_007000,4,0,0,0,0,71.77,17.9425,10.879999999999999,0.000303783231244125,0.0004743397700906,2,4,0,0,0.0,0.0,0.0,0.5,1.0,0.0,0.0,wallet,PT,EUR
PM_000004,4,0,0,0,0,171.37,42.8425,43.224999999999994,0.000303144091345175,0.0006314418884268,2,2,0,1,0.0,0.0,0.0,0.5,0.5,0.0,0.25,debit_card,IT,EUR
PM_009191,5,0,0,0,0,225.1,45.019999999999996,46.23,0.0003014094706029906,0.0006535498990789,2,5,0,1,0.0,0.0,0.0,0.4,1.0,0.0,0.2,bank_transfer,FR,EUR
PM_001450,6,0,0,0,0,137.17000000000002,22.861666666666668,23.335,0.00029801252629089835,0.0007751349792416,0,6,0,0,0.0,0.0,0.0,0.0,1.0,0.0,0.0,credit_card,PT,EUR
PM_002065,4,0,0,0,0,100.4,25.1,21.835,0.00029597537930445614,0.0005499684818593,3,4,2,0,0.0,0.0,0.0,0.75,1.0,0.5,0.0,credit_card,PT,EUR
PM_007900,6,0,0,0,0,247.47,41.245,29.585,0.0002923234521607,0.0005353008006311,4,4,0,1,0.0,0.0,0.0,0.6666666666666666,0.6666666666666666,0.0,0.16666666666666666,credit_card,DE,EUR
PM_008499,3,0,0,0,0,44.03,14.676666666666668,16.51,0.00029098726273146667,0.0003490356042952,2,3,2,0,0.0,0.0,0.0,0.6666666666666666,1.0,0.6666666666666666,0.0,credit_card,US,EUR
PM_003330,3,0,0,0,0,62.370000000000005,20.790000000000003,14.83,0.00029043940134073335,0.0004183211581026,2,3,1,0,0.0,0.0,0.0,0.6666666666666666,1.0,0.3333333333333333,0.0,debit_card,DE,EUR
PM_003356,4,0,0,0,0,77.44,19.36,18.55,0.00028858053292725,0.0003695785946886,4,4,1,0,0.0,0.0,0.0,1.0,1.0,0.25,0.0,wallet,US,EUR
PM_003875,3,0,0,0,0,529.67,176.55666666666664,162.57,0.0002880205781835,0.0004148700858631,0,0,0,3,0.0,0.0,0.0,0.0,0.0,0.0,1.0,credit_card,ES,EUR
PM_000159,3,0,0,0,0,113.08000000000001,37.693333333333335,27.56,0.0002860598600369,0.0003911698127728,0,3,0,0,0.0,0.0,0.0,0.0,1.0,0.0,0.0,credit_card,US,EUR
PM_011205,5,0,0,0,0,316.7,63.339999999999996,26.25,0.0002838220704477,0.0004947754156809,1,3,1,2,0.0,0.0,0.0,0.2,0.6,0.2,0.4,debit_card,PT,EUR
PM_005599,5,0,0,0,0,136.82999999999998,27.365999999999996,24.93,0.00028301219836259997,0.0004993213448454,1,1,0,0,0.0,0.0,0.0,0.2,0.2,0.0,0.0,credit_card,ES,EUR
PM_000390,4,0,0,0,0,317.27,79.3175,55.02,0.0002800950526668,0.000536796170774,3,4,1,0,0.0,0.0,0.0,0.75,1.0,0.25,0.0,debit_card,DE,EUR
PM_002686,6,0,0,0,0,127.37,21.228333333333335,20.215,0.0002780062482026833,0.0004835989973893,2,6,0,0,0.0,0.0,0.0,0.3333333333333333,1.0,0.0,0.0,debit_card,PT,EUR
PM_010008,3,0,0,0,0,53.580000000000005,17.860000000000003,16.19,0.0002749873574883,0.0004345234590738,1,1,0,0,0.0,0.0,0.0,0.3333333333333333,0.3333333333333333,0.0,0.0,credit_card,ES,EUR
PM_000160,3,0,0,0,0,172.14,57.379999999999995,59.8,0.0002745589971151,0.0002984109046118,2,3,1,0,0.0,0.0,0.0,0.6666666666666666,1.0,0.3333333333333333,0.0,wallet,GB,EUR
PM_003762,3,0,0,0,0,103.9,34.63333333333333,34.36,0.0002725667267893333,0.0003301981282463,2,3,0,0,0.0,0.0,0.0,0.6666666666666666,1.0,0.0,0.0,wallet,IT,EUR
PM_011777,3,0,0,0,0,293.57,97.85666666666667,99.66,0.00027196032554346666,0.0003729837663194,2,2,1,1,0.0,0.0,0.0,0.6666666666666666,0.6666666666666666,0.3333333333333333,0.3333333333333333,bank_transfer,ES,EUR
PM_007949,6,0,0,0,0,84.19,14.031666666666666,14.745000000000001,0.00027165183132330396,0.0010892633937994,3,4,1,0,0.0,0.0,0.0,0.5,0.6666666666666666,0.16666666666666666,0.0,debit_card,ES,EUR
PM_011753,4,0,0,0,0,75.3,18.825,18.08,0.00027076697796495,0.0003506592074928,2,4,0,0,0.0,0.0,0.0,0.5,1.0,0.0,0.0,credit_card,PT,EUR
PM_006207,4,0,0,0,0,515.88,128.97,124.64,0.000270267158524875,0.0004226251101594,2,4,0,1,0.0,0.0,0.0,0.5,1.0,0.0,0.25,credit_card,DE,EUR
PM_007436,6,0,0,0,0,192.29999999999998,32.05,27.740000000000002,0.00027008154668008334,0.0003274320849145,2,6,1,0,0.0,0.0,0.0,0.3333333333333333,1.0,0.16666666666666666,0.0,credit_card,PT,EUR
PM_002636,5,0,0,0,0,179.79999999999998,35.959999999999994,35.69,0.0002692275819488,0.0004456848429145,3,5,0,0,0.0,0.0,0.0,0.6,1.0,0.0,0.0,credit_card,ES,EUR
PM_004613,10,0,0,0,0,476.21999999999997,47.622,53.834999999999994,0.00026711615395787756,0.0012343639751416,2,3,1,6,0.0,0.0,0.0,0.2,0.3,0.1,0.6,debit_card,ES,EUR
PM_005233,5,0,0,0,0,193.37,38.674,15.56,0.00026680350202058,0.0004517963834333,4,5,0,0,0.0,0.0,0.0,0.8,1.0,0.0,0.0,debit_card,ES,EUR
PM_002783,3,0,0,0,0,86.31,28.77,28.1,0.0002665699037442667,0.0004255966473453,1,3,0,3,0.0,0.0,0.0,0.3333333333333333,1.0,0.0,1.0,credit_card,PT,EUR
PM_000396,3,0,0,0,0,265.21000000000004,88.40333333333335,38.14,0.0002648189093672,0.0004546987630274,0,3,0,2,0.0,0.0,0.0,0.0,1.0,0.0,0.6666666666666666,credit_card,US,EUR
PM_008209,5,0,0,0,0,191.1,38.22,22.34,0.0002647632460309827,0.0008157045973767,0,5,1,0,0.0,0.0,0.0,0.0,1.0,0.2,0.0,credit_card,US,EUR
PM_005769,16,0,0,0,0,905.56,56.5975,15.76,0.0002638880904693991,0.0006541749689121,11,13,0,0,0.0,0.0,0.0,0.6875,0.8125,0.0,0.0,debit_card,PT,EUR
PM_009196,3,0,0,0,0,118.82,39.60666666666666,40.19,0.0002633208850146113,0.0003851443425267,2,3,1,0,0.0,0.0,0.0,0.6666666666666666,1.0,0.3333333333333333,0.0,debit_card,FR,EUR
PM_010069,3,0,0,0,0,187.10999999999999,62.37,29.54,0.00026267882764008057,0.0004754296438583,3,3,0,1,0.0,0.0,0.0,1.0,1.0,0.0,0.3333333333333333,debit_card,ES,EUR
PM_004744,3,0,0,0,0,45.29,15.096666666666666,14.38,0.00026267431234193336,0.0004184413192589,1,3,2,0,0.0,0.0,0.0,0.3333333333333333,1.0,0.6666666666666666,0.0,wallet,ES,EUR
PM_002949,3,0,0,0,0,181.07999999999998,60.35999999999999,49.55,0.00025716643619133335,0.0002742838432307,2,3,0,2,0.0,0.0,0.0,0.6666666666666666,1.0,0.0,0.6666666666666666,credit_card,IT,EUR
PM_002115,8,0,0,0,0,242.13,30.26625,31.18,0.00025418965347551295,0.0008700985404701,0,8,1,0,0.0,0.0,0.0,0.0,1.0,0.125,0.0,credit_card,US,EUR
PM_010368,4,0,0,0,0,180.51,45.1275,42.28,0.000253161455089,0.0003323053015312,1,4,0,0,0.0,0.0,0.0,0.25,1.0,0.0,0.0,debit_card,GB,EUR
PM_003337,6,0,0,0,0,147.13,24.521666666666665,18.07,0.00024949123603404676,0.0005227909596338,0,6,0,0,0.0,0.0,0.0,0.0,1.0,0.0,0.0,credit_card,DE,EUR
PM_008038,5,0,0,0,0,407.58000000000004,81.516,70.92,0.0002487930711125445,0.0005167448348848,2,2,1,2,0.0,0.0,0.0,0.4,0.4,0.2,0.4,credit_card,ES,EUR
PM_006820,3,0,0,0,0,449.03,149.67666666666665,32.61,0.00024699843947446665,0.0003444797955976,1,3,0,0,0.0,0.0,0.0,0.3333333333333333,1.0,0.0,0.0,credit_card,ES,EUR
PM_008862,4,0,0,0,0,117.74000000000001,29.435000000000002,30.009999999999998,0.0002455466601607,0.0003179387814183,4,4,0,4,0.0,0.0,0.0,1.0,1.0,0.0,1.0,debit_card,US,EUR
PM_004975,5,0,0,0,0,141.38,28.276,26.04,0.00024532894445478,0.0003786996335142,3,3,0,0,0.0,0.0,0.0,0.6,0.6,0.0,0.0,debit_card,FR,EUR
PM_010948,3,0,0,0,0,110.83,36.943333333333335,38.54,0.00024125302744369998,0.0003584103117231,0,3,0,0,0.0,0.0,0.0,0.0,1.0,0.0,0.0,debit_card,DE,EUR
PM_005251,4,0,0,0,0,187.08,46.77,39.49,0.000241179629250375,0.0003650451509612,1,4,1,3,0.0,0.0,0.0,0.25,1.0,0.25,0.75,credit_card,FR,EUR
PM_005038,4,0,0,0,0,133.20000000000002,33.300000000000004,37.2,0.000239952092966625,0.0003254597226159,2,4,2,0,0.0,0.0,0.0,0.5,1.0,0.5,0.0,wallet,DE,EUR
PM_004038,5,0,0,0,0,152.07,30.413999999999998,18.37,0.00023919463647193999,0.0003446877926089,3,5,0,3,0.0,0.0,0.0,0.6,1.0,0.0,0.6,credit_card,FR,EUR
PM_007915,3,0,0,0,0,77.85,25.95,23.83,0.00023842638931736667,0.0002978478874453,2,2,1,0,0.0,0.0,0.0,0.6666666666666666,0.6666666666666666,0.3333333333333333,0.0,credit_card,ES,EUR
PM_001760,4,0,0,0,0,184.4,46.1,45.41,0.000234742591206525,0.0002932886379838,1,1,0,4,0.0,0.0,0.0,0.25,0.25,0.0,1.0,debit_card,ES,EUR
PM_009646,3,0,0,0,0,83.53,27.843333333333334,26.7,0.00023236553708096664,0.0003605424274544,0,3,0,0,0.0,0.0,0.0,0.0,1.0,0.0,0.0,wallet,GB,EUR
PM_008464,4,0,0,0,0,161.9,40.475,29.935,0.0002316188871822,0.0003865714853078,3,4,0,0,0.0,0.0,0.0,0.75,1.0,0.0,0.0,debit_card,US,EUR
PM_011481,4,0,0,0,0,256.03000000000003,64.00750000000001,65.02,0.00023103733346455,0.0003629338581656,1,1,0,0,0.0,0.0,0.0,0.25,0.25,0.0,0.0,debit_card,ES,EUR
PM_002427,3,0,0,0,0,249.0,83.0,63.16,0.0002292239269934,0.0003211194462864,2,3,1,2,0.0,0.0,0.0,0.6666666666666666,1.0,0.3333333333333333,0.6666666666666666,credit_card,GB,EUR
PM_004628,3,0,0,0,0,122.93,40.97666666666667,21.72,0.0002269289827919,0.0003095728509423,2,2,0,0,0.0,0.0,0.0,0.6666666666666666,0.6666666666666666,0.0,0.0,wallet,ES,EUR
PM_000940,3,0,0,0,0,162.49,54.163333333333334,50.79,0.00022507404620776666,0.0002860000690189,0,3,0,0,0.0,0.0,0.0,0.0,1.0,0.0,0.0,credit_card,PT,EUR
PM_010469,4,0,0,0,0,125.45,31.3625,26.575,0.00022429771851755924,0.0006237115956803,2,3,0,0,0.0,0.0,0.0,0.5,0.75,0.0,0.0,debit_card,ES,EUR
PM_008434,3,0,0,0,0,327.3,109.10000000000001,80.86,0.00022180880804423332,0.0002308995935536,3,3,0,0,0.0,0.0,0.0,1.0,1.0,0.0,0.0,bank_transfer,FR,EUR
PM_010950,4,0,0,0,0,83.91,20.9775,19.025,0.0002195623976287,0.0003981448731748,0,4,1,0,0.0,0.0,0.0,0.0,1.0,0.25,0.0,credit_card,US,EUR
PM_009070,3,0,0,0,0,81.7,27.233333333333334,24.45,0.00021484309941183333,0.0003122086165883,2,3,1,0,0.0,0.0,0.0,0.6666666666666666,1.0,0.3333333333333333,0.0,bank_transfer,ES,EUR
PM_004499,5,0,0,0,0,194.88,38.976,29.6,0.00021465617464699999,0.0003563634177365,2,5,0,0,0.0,0.0,0.0,0.4,1.0,0.0,0.0,debit_card,GB,EUR
PM_009555,3,0,0,0,0,69.24000000000001,23.080000000000002,23.87,0.0002143191445258,0.0003007161015585,1,1,1,0,0.0,0.0,0.0,0.3333333333333333,0.3333333333333333,0.3333333333333333,0.0,debit_card,ES,EUR
PM_003049,9,0,0,0,0,202.21,22.46777777777778,13.56,0.00021187964288886508,0.0005004791753973,0,9,1,9,0.0,0.0,0.0,0.0,1.0,0.1111111111111111,1.0,credit_card,US,EUR
PM_002462,3,0,0,0,0,45.36,15.12,16.39,0.00020878144226046664,0.0002632124003697,0,3,1,3,0.0,0.0,0.0,0.0,1.0,0.3333333333333333,1.0,credit_card,DE,EUR
PM_005146,3,0,0,0,0,71.28999999999999,23.763333333333332,13.98,0.0002072462907564532,0.0004009651009416,1,3,0,0,0.0,0.0,0.0,0.3333333333333333,1.0,0.0,0.0,wallet,IT,EUR
PM_004483,3,0,0,0,0,180.4,60.13333333333333,27.76,0.00020650602898713332,0.0002913205982868,2,3,0,2,0.0,0.0,0.0,0.6666666666666666,1.0,0.0,0.6666666666666666,credit_card,FR,EUR
PM_005556,4,0,0,0,0,158.45,39.6125,36.28,0.00020334000680819955,0.000433112926928,2,4,0,0,0.0,0.0,0.0,0.5,1.0,0.0,0.0,credit_card,ES,EUR
PM_005007,3,0,0,0,0,74.08,24.69333333333333,27.18,0.00020128847642152895,0.0003385540316929,1,3,1,0,0.0,0.0,0.0,0.3333333333333333,1.0,0.3333333333333333,0.0,debit_card,US,EUR
PM_009968,8,0,0,0,0,207.56,25.945,22.009999999999998,0.00020089229355118527,0.0004428830816984,1,8,0,0,0.0,0.0,0.0,0.125,1.0,0.0,0.0,credit_card,US,EUR
PM_009980,4,0,0,0,0,79.04,19.76,14.145,0.00018943577020982501,0.0002418529542189,4,4,0,0,0.0,0.0,0.0,1.0,1.0,0.0,0.0,credit_card,GB,EUR
PM_010034,4,0,0,0,0,65.11,16.2775,14.23,0.00018605237997195,0.0002967292573171,0,4,0,0,0.0,0.0,0.0,0.0,1.0,0.0,0.0,bank_transfer,US,EUR
PM_007197,3,0,0,0,0,108.86000000000001,36.28666666666667,20.99,0.00018196372181243333,0.0002071722624991,2,2,0,2,0.0,0.0,0.0,0.6666666666666666,0.6666666666666666,0.0,0.6666666666666666,credit_card,ES,EUR
PM_001578,4,0,0,0,0,112.75,28.1875,18.58,0.0001778643319084214,0.0003585864291035,0,4,0,1,0.0,0.0,0.0,0.0,1.0,0.0,0.25,debit_card,ES,EUR
PM_011241,6,0,0,0,0,693.79,115.63166666666666,91.16499999999999,0.0001726734798491381,0.0004611989509191,2,6,0,0,0.0,0.0,0.0,0.3333333333333333,1.0,0.0,0.0,wallet,GB,EUR
PM_011168,3,0,0,0,0,93.13,31.043333333333333,27.12,0.00016450282038453336,0.0001854140604971,1,3,0,0,0.0,0.0,0.0,0.3333333333333333,1.0,0.0,0.0,debit_card,IT,EUR
PM_008064,5,0,0,0,0,1224.19,244.83800000000002,25.44,0.00016376676850685638,0.0003186048711357,0,0,0,0,0.0,0.0,0.0,0.0,0.0,0.0,0.0,credit_card,ES,EUR
PM_005376,3,0,0,0,0,892.3499999999999,297.45,318.09,0.00016318148900539998,0.0002014528235141,1,3,1,0,0.0,0.0,0.0,0.3333333333333333,1.0,0.3333333333333333,0.0,debit_card,GB,EUR
PM_001007,4,0,0,0,0,50.519999999999996,12.629999999999999,9.535,0.00015960127122615,0.0002102681704746,3,4,0,4,0.0,0.0,0.0,0.75,1.0,0.0,1.0,debit_card,ES,EUR
PM_006052,5,0,0,0,0,136.41,27.282,22.02,0.00015650493064909765,0.0003095960208269,2,2,1,0,0.0,0.0,0.0,0.4,0.4,0.2,0.0,credit_card,ES,EUR
PM_006560,4,0,0,0,0,101.14,25.285,24.85,0.000156168948870075,0.0001803546592626,3,4,0,3,0.0,0.0,0.0,0.75,1.0,0.0,0.75,credit_card,US,EUR
PM_000176,3,0,0,0,0,72.99000000000001,24.330000000000002,27.12,0.00015386624911899999,0.0002107055468229,0,0,0,0,0.0,0.0,0.0,0.0,0.0,0.0,0.0,bank_transfer,PT,EUR
PM_006411,4,0,0,0,0,115.39,28.8475,24.424999999999997,0.00015179307648960437,0.0002034983856199,1,3,0,1,0.0,0.0,0.0,0.25,0.75,0.0,0.25,debit_card,ES,EUR
PM_008608,3,0,0,0,0,99.99,33.33,28.04,0.0001479092609747,0.0001790495288767,1,3,0,3,0.0,0.0,0.0,0.3333333333333333,1.0,0.0,1.0,debit_card,PT,EUR
PM_009138,3,0,0,0,0,55.839999999999996,18.613333333333333,15.75,0.000133097642936603,0.0002403263825691,2,2,1,0,0.0,0.0,0.0,0.6666666666666666,0.6666666666666666,0.3333333333333333,0.0,debit_card,ES,EUR
PM_006203,4,0,0,0,0,106.30999999999999,26.577499999999997,13.56,0.0001322398774423821,0.000212488948301,0,4,0,0,0.0,0.0,0.0,0.0,1.0,0.0,0.0,debit_card,FR,EUR
PM_005154,3,0,0,0,0,110.39999999999999,36.8,35.22,0.0001317453591044631,0.0001560512259149,1,3,1,0,0.0,0.0,0.0,0.3333333333333333,1.0,0.3333333333333333,0.0,debit_card,ES,EUR
PM_009824,3,0,0,0,0,92.67999999999999,30.89333333333333,28.74,0.00012863754701493334,0.0001518229237651,1,3,0,0,0.0,0.0,0.0,0.3333333333333333,1.0,0.0,0.0,debit_card,GB,EUR
PM_000651,7,0,0,0,0,290.43,41.49,41.84,0.00012821844738940906,0.0003991579005701,0,7,2,0,0.0,0.0,0.0,0.0,1.0,0.2857142857142857,0.0,debit_card,DE,EUR
PM_004817,3,0,0,0,0,137.23,45.74333333333333,45.72,0.00012526454798556313,0.0001880292784729,0,3,0,3,0.0,0.0,0.0,0.0,1.0,0.0,1.0,credit_card,DE,EUR
PM_011343,3,0,0,0,0,54.49,18.163333333333334,16.76,0.00012162503523727119,0.0001518592111962,1,1,0,0,0.0,0.0,0.0,0.3333333333333333,0.3333333333333333,0.0,0.0,credit_card,FR,EUR
PM_006114,3,0,0,0,0,108.12,36.04,27.75,0.00011849701089003085,0.000155835923114,0,3,0,0,0.0,0.0,0.0,0.0,1.0,0.0,0.0,credit_card,US,EUR
PM_007614,4,0,0,0,0,60.989999999999995,15.247499999999999,15.135,0.00011724744314010379,0.0001761461211988,2,3,0,0,0.0,0.0,0.0,0.5,0.75,0.0,0.0,credit_card,ES,EUR
PM_011405,4,0,0,0,0,95.31,23.8275,18.775,0.00010983630310109665,0.0001546705887796,1,4,0,1,0.0,0.0,0.0,0.25,1.0,0.0,0.25,debit_card,US,EUR
PM_006245,5,0,0,0,0,117.23,23.446,19.14,0.00010013402959037292,0.0001684277206762,1,1,0,0,0.0,0.0,0.0,0.2,0.2,0.0,0.0,debit_card,ES,EUR
PM_009620,3,0,0,0,0,77.98,25.993333333333336,20.18,7.562572219874968e-05,8.956779402496219e-05,1,3,0,1,0.0,0.0,0.0,0.3333333333333333,1.0,0.0,0.3333333333333333,debit_card,PT,EUR
