device_id,txn_count,fraud_count,alert_count,high_risk_count,medium_risk_count,approved_amount_sum,avg_amount,median_amount,avg_fraud_score,max_fraud_score,cross_border_count,geo_mismatch_count,ip_mismatch_count,low_trust_device_count,fraud_rate,alert_rate,high_risk_rate,cross_border_rate,geo_mismatch_rate,ip_mismatch_rate,low_trust_device_rate,device_type,os_family,browser_family
DEV_000835,4,1,0,0,2,521.36,130.34,116.25,0.622617098151754,0.8346523971750308,2,3,2,4,0.25,0.0,0.0,0.5,0.75,0.5,1.0,mobile,android,chrome
DEV_006027,3,1,0,0,1,166.8,55.6,56.54,0.5611924015192549,0.8565731946014808,2,3,2,0,0.3333333333333333,0.0,0.0,0.6666666666666666,1.0,0.6666666666666666,0.0,tablet,windows,chrome
DEV_002067,3,0,1,1,0,863.0600000000001,287.68666666666667,101.99,0.5609051041571528,0.962118861838964,2,3,2,0,0.0,0.3333333333333333,0.3333333333333333,0.6666666666666666,1.0,0.6666666666666666,0.0,mobile,ios,safari
DEV_006895,3,0,0,0,2,768.31,256.1033333333333,144.04,0.5469669433940357,0.8302132265643883,0,3,1,0,0.0,0.0,0.0,0.0,1.0,0.3333333333333333,0.0,desktop,android,chrome
DEV_005704,4,1,2,2,0,558.47,139.6175,101.31,0.5423256486997747,0.997304136023504,2,4,4,4,0.25,0.5,0.5,0.5,1.0,1.0,1.0,tablet,macos,chrome
DEV_004828,5,1,1,1,1,451.88,90.376,81.76,0.5378756945861858,0.9309117460989498,4,5,3,0,0.2,0.2,0.2,0.8,1.0,0.6,0.0,mobile,windows,edge
DEV_006105,6,2,2,2,0,1714.47,285.745,249.21499999999997,0.52680865333847,0.9526045531347846,4,5,2,6,0.3333333333333333,0.3333333333333333,0.3333333333333333,0.6666666666666666,0.8333333333333334,0.3333333333333333,1.0,desktop,android,chrome
DEV_000205,4,2,2,2,0,1123.09,280.7725,68.17,0.4924369514885006,0.9816989778967318,2,4,2,4,0.5,0.5,0.5,0.5,1.0,0.5,1.0,mobile,macos,chrome
DEV_000805,4,0,0,0,2,653.96,163.49,164.26500000000001,0.4895081957385945,0.8708575101188079,3,4,4,0,0.0,0.0,0.0,0.75,1.0,1.0,0.0,mobile,macos,chrome
DEV_006336,6,1,2,2,0,1183.34,197.22333333333333,105.21000000000001,0.48340103256691785,0.9340144107720684,6,6,3,6,0.16666666666666666,0.3333333333333333,0.3333333333333333,1.0,1.0,0.5,1.0,desktop,ios,chrome
DEV_005721,3,1,1,1,0,1437.77,479.25666666666666,293.06,0.46560099446098874,0.9325508747845376,0,3,2,3,0.3333333333333333,0.3333333333333333,0.3333333333333333,0.0,1.0,0.6666666666666666,1.0,mobile,android,safari
DEV_002005,6,1,1,1,1,1392.05,232.00833333333333,52.72,0.4424809700027559,0.9327064055046324,6,6,3,0,0.16666666666666666,0.16666666666666666,0.16666666666666666,1.0,1.0,0.5,0.0,mobile,macos,chrome
DEV_002876,3,1,0,0,1,163.76,54.586666666666666,44.95,0.4370955909536202,0.8402807814685851,3,3,2,0,0.3333333333333333,0.0,0.0,1.0,1.0,0.6666666666666666,0.0,mobile,macos,safari
DEV_006073,4,1,0,0,2,755.44,188.86,111.865,0.435046783097627,0.8740811540392728,3,4,2,4,0.25,0.0,0.0,0.75,1.0,0.5,1.0,mobile,macos,firefox
DEV_006481,7,0,0,0,2,492.68,70.38285714285715,77.27,0.4308941929984885,0.8881833100656918,2,7,3,7,0.0,0.0,0.0,0.2857142857142857,1.0,0.42857142857142855,1.0,desktop,ios,chrome
DEV_005939,11,1,1,1,3,2834.93,257.72090909090906,209.25,0.4245691143752431,0.9901971056821784,6,11,4,11,0.09090909090909091,0.09090909090909091,0.09090909090909091,0.5454545454545454,1.0,0.36363636363636365,1.0,desktop,android,chrome
DEV_006178,4,0,0,0,2,282.46999999999997,70.61749999999999,54.754999999999995,0.4189377981278119,0.872321845478129,1,4,2,0,0.0,0.0,0.0,0.25,1.0,0.5,0.0,mobile,windows,chrome
DEV_000675,7,2,1,1,1,979.53,139.93285714285713,60.96,0.4170382391361748,0.9741642181541068,4,5,3,7,0.2857142857142857,0.14285714285714285,0.14285714285714285,0.5714285714285714,0.7142857142857143,0.42857142857142855,1.0,desktop,android,chrome
DEV_003790,6,0,0,0,1,881.78,146.96333333333334,65.195,0.4121340178934347,0.8724188209309726,4,6,2,6,0.0,0.0,0.0,0.6666666666666666,1.0,0.3333333333333333,1.0,mobile,android,chrome
DEV_002007,5,1,1,1,0,646.53,129.30599999999998,112.76,0.40330292137242385,0.9601728506760216,2,5,1,0,0.2,0.2,0.2,0.4,1.0,0.2,0.0,mobile,windows,chrome
DEV_004852,3,0,1,1,0,1134.55,378.18333333333334,212.04,0.3967798777680391,0.9667527522011854,1,3,1,3,0.0,0.3333333333333333,0.3333333333333333,0.3333333333333333,1.0,0.3333333333333333,1.0,mobile,android,firefox
DEV_007968,6,0,2,2,0,648.16,108.02666666666666,59.6,0.39451406997045163,0.9744880288458908,5,6,3,6,0.0,0.3333333333333333,0.3333333333333333,0.8333333333333334,1.0,0.5,1.0,desktop,windows,chrome
DEV_004993,4,0,0,0,1,776.1500000000001,194.03750000000002,166.44,0.39330021078020744,0.8963525542389635,3,4,2,4,0.0,0.0,0.0,0.75,1.0,0.5,1.0,desktop,windows,edge
DEV_000682,3,0,1,1,0,195.48,65.16,58.82,0.3890661579288988,0.911942013863672,1,1,1,3,0.0,0.3333333333333333,0.3333333333333333,0.3333333333333333,0.3333333333333333,0.3333333333333333,1.0,desktop,linux,chrome
DEV_001666,4,0,1,1,0,695.8299999999999,173.95749999999998,172.20499999999998,0.388627343954301,0.9278110893431234,2,4,2,4,0.0,0.25,0.25,0.5,1.0,0.5,1.0,mobile,android,chrome
DEV_002307,9,2,3,3,0,2488.66,276.5177777777778,129.52,0.3863134192506327,0.9737266475309236,3,9,4,9,0.2222222222222222,0.3333333333333333,0.3333333333333333,0.3333333333333333,1.0,0.4444444444444444,1.0,desktop,android,firefox
DEV_003408,4,0,0,0,1,849.24,212.31,234.81,0.3860525618635473,0.855764482317448,2,4,1,4,0.0,0.0,0.0,0.5,1.0,0.25,1.0,desktop,android,edge
DEV_006090,10,0,1,1,2,1618.45,161.845,142.59,0.3840226703515672,0.9507949678205564,8,10,3,10,0.0,0.1,0.1,0.8,1.0,0.3,1.0,desktop,linux,chrome
DEV_007619,5,1,1,1,1,1242.4,248.48000000000002,114.74,0.38392628278653657,0.9898433142790032,3,5,2,0,0.2,0.2,0.2,0.6,1.0,0.4,0.0,mobile,macos,safari
DEV_005767,6,1,1,1,1,539.89,89.98166666666667,81.47,0.3826999063373755,0.9521299934462216,4,6,2,6,0.16666666666666666,0.16666666666666666,0.16666666666666666,0.6666666666666666,1.0,0.3333333333333333,1.0,mobile,android,chrome
DEV_006282,4,0,1,1,0,1191.9099999999999,297.97749999999996,295.315,0.3825868188441827,0.9343161651187104,1,4,0,4,0.0,0.25,0.25,0.25,1.0,0.0,1.0,desktop,windows,firefox
DEV_000222,4,0,0,0,1,848.09,212.0225,91.64,0.37755189305001496,0.8758052536638811,3,4,1,4,0.0,0.0,0.0,0.75,1.0,0.25,1.0,mobile,android,chrome
DEV_004297,6,1,1,1,0,1246.69,207.78166666666667,113.475,0.37573037168480744,0.931302733100824,3,6,2,6,0.16666666666666666,0.16666666666666666,0.16666666666666666,0.5,1.0,0.3333333333333333,1.0,desktop,ios,chrome
DEV_006192,7,0,1,1,0,789.75,112.82142857142857,147.5,0.3717514910634285,0.928585805953524,4,7,3,7,0.0,0.14285714285714285,0.14285714285714285,0.5714285714285714,1.0,0.42857142857142855,1.0,desktop,macos,edge
DEV_004843,5,0,0,0,2,940.3599999999999,188.07199999999997,55.96,0.3685606924051591,0.8083203899317014,4,5,3,5,0.0,0.0,0.0,0.8,1.0,0.6,1.0,mobile,windows,chrome
DEV_004134,5,2,1,1,1,298.0,59.6,24.15,0.36608958953436926,0.9865839589693568,4,5,4,0,0.4,0.2,0.2,0.8,1.0,0.8,0.0,tablet,ios,safari
DEV_002520,5,0,1,1,1,273.27,54.653999999999996,14.53,0.3656068830304046,0.9323887555619824,4,5,2,0,0.0,0.2,0.2,0.8,1.0,0.4,0.0,mobile,macos,safari
DEV_007826,4,1,1,1,0,333.40000000000003,83.35000000000001,67.155,0.36532308737932206,0.9164601100288016,2,4,2,4,0.25,0.25,0.25,0.5,1.0,0.5,1.0,mobile,android,firefox
DEV_001591,3,0,0,0,1,622.36,207.45333333333335,115.4,0.36487055499669846,0.8338199252077074,2,3,1,3,0.0,0.0,0.0,0.6666666666666666,1.0,0.3333333333333333,1.0,mobile,windows,chrome
DEV_005349,9,1,2,1,2,2347.9,260.8777777777778,203.42,0.36484274168221104,0.9356155668262548,7,9,3,0,0.1111111111111111,0.2222222222222222,0.1111111111111111,0.7777777777777778,1.0,0.3333333333333333,0.0,mobile,windows,chrome
DEV_003623,3,1,0,0,1,295.77,98.58999999999999,95.65,0.3593758505710256,0.7858820183467254,0,3,1,0,0.3333333333333333,0.0,0.0,0.0,1.0,0.3333333333333333,0.0,mobile,macos,safari
DEV_001060,6,0,2,2,0,537.89,89.64833333333333,77.905,0.35559000582248906,0.9165154778036586,5,5,1,6,0.0,0.3333333333333333,0.3333333333333333,0.8333333333333334,0.8333333333333334,0.16666666666666666,1.0,mobile,android,edge
DEV_001113,6,2,2,2,0,1763.07,293.84499999999997,42.535,0.3542979302967077,0.977931385524586,4,6,1,6,0.3333333333333333,0.3333333333333333,0.3333333333333333,0.6666666666666666,1.0,0.16666666666666666,1.0,mobile,windows,safari
DEV_001070,8,1,0,0,3,771.52,96.44,90.345,0.3525497039542205,0.8544730216082131,5,8,3,8,0.125,0.0,0.0,0.625,1.0,0.375,1.0,tablet,windows,safari
DEV_005733,4,0,0,0,1,1269.39,317.3475,310.13,0.3509762202360214,0.7967489883406516,3,4,2,4,0.0,0.0,0.0,0.75,1.0,0.5,1.0,mobile,android,chrome
DEV_005222,3,0,1,1,0,268.27,89.42333333333333,68.33,0.3503497253070828,0.9435208827935598,2,3,1,0,0.0,0.3333333333333333,0.3333333333333333,0.6666666666666666,1.0,0.3333333333333333,0.0,desktop,windows,safari
DEV_007022,10,0,3,3,0,2430.52,243.052,159.95,0.3478756437132908,0.9580805840394522,5,10,4,10,0.0,0.3,0.3,0.5,1.0,0.4,1.0,mobile,android,firefox
DEV_003558,7,0,1,1,1,435.4,62.199999999999996,57.36,0.34589993520721257,0.9471320559611726,2,7,3,7,0.0,0.14285714285714285,0.14285714285714285,0.2857142857142857,1.0,0.42857142857142855,1.0,mobile,macos,chrome
DEV_004206,4,0,0,0,1,1222.84,305.71,321.94,0.3453448012295832,0.7016313007442919,4,4,0,4,0.0,0.0,0.0,1.0,1.0,0.0,1.0,mobile,macos,firefox
DEV_006008,3,0,0,0,1,522.47,174.15666666666667,171.17,0.3429552319523446,0.8175431284264637,2,3,1,3,0.0,0.0,0.0,0.6666666666666666,1.0,0.3333333333333333,1.0,desktop,android,edge
DEV_003024,9,0,1,1,2,2781.32,309.03555555555556,203.62,0.3397247653677924,0.902408611605207,2,7,3,9,0.0,0.1111111111111111,0.1111111111111111,0.2222222222222222,0.7777777777777778,0.3333333333333333,1.0,mobile,macos,firefox
DEV_007279,7,1,0,0,2,1018.77,145.53857142857143,33.62,0.339660803315046,0.8759916926046235,3,6,2,7,0.14285714285714285,0.0,0.0,0.42857142857142855,0.8571428571428571,0.2857142857142857,1.0,mobile,macos,edge
DEV_003056,6,2,1,1,1,534.35,89.05833333333334,95.10499999999999,0.3388664408335123,0.9773327452331664,2,5,2,0,0.3333333333333333,0.16666666666666666,0.16666666666666666,0.3333333333333333,0.8333333333333334,0.3333333333333333,0.0,desktop,android,firefox
DEV_003720,3,0,1,1,0,156.02,52.00666666666667,49.53,0.336885515849688,0.9468522917143376,1,3,1,3,0.0,0.3333333333333333,0.3333333333333333,0.3333333333333333,1.0,0.3333333333333333,1.0,mobile,android,firefox
DEV_006787,5,0,0,0,1,187.37,37.474000000000004,39.28,0.33685653079048367,0.8780643678985404,4,4,0,0,0.0,0.0,0.0,0.8,0.8,0.0,0.0,desktop,macos,chrome
DEV_000475,6,0,1,1,1,596.1899999999999,99.365,80.69999999999999,0.33533321470731575,0.9150304091484196,2,6,4,0,0.0,0.16666666666666666,0.16666666666666666,0.3333333333333333,1.0,0.6666666666666666,0.0,desktop,ios,safari
DEV_001416,4,1,1,1,0,1502.92,375.73,430.15,0.3339865544251762,0.9936096791321244,4,4,1,4,0.25,0.25,0.25,1.0,1.0,0.25,1.0,tablet,windows,chrome
DEV_007557,21,1,2,2,3,5041.81,240.0861904761905,177.49,0.33352320515040995,0.9978482336376796,12,21,5,21,0.047619047619047616,0.09523809523809523,0.09523809523809523,0.5714285714285714,1.0,0.23809523809523808,1.0,mobile,macos,firefox
DEV_001101,3,0,1,1,0,763.3100000000001,254.4366666666667,147.3,0.33333573100232844,0.948690431128286,3,3,0,0,0.0,0.3333333333333333,0.3333333333333333,1.0,1.0,0.0,0.0,desktop,android,firefox
DEV_004816,14,1,1,1,3,1022.1,73.00714285714285,70.275,0.33113047621662267,0.9535849004787512,8,14,7,14,0.07142857142857142,0.07142857142857142,0.07142857142857142,0.5714285714285714,1.0,0.5,1.0,mobile,android,edge
DEV_004877,4,1,0,0,1,969.05,242.2625,210.195,0.3305916787295849,0.7281334604661021,4,4,2,4,0.25,0.0,0.0,1.0,1.0,0.5,1.0,desktop,android,safari
DEV_001066,6,0,0,0,2,1738.06,289.6766666666667,294.92499999999995,0.33047484852307984,0.8514445836032615,4,5,2,6,0.0,0.0,0.0,0.6666666666666666,0.8333333333333334,0.3333333333333333,1.0,desktop,windows,edge
DEV_001522,6,0,0,0,2,1061.83,176.97166666666666,169.585,0.3286613770030033,0.72961959285041,5,6,4,0,0.0,0.0,0.0,0.8333333333333334,1.0,0.6666666666666666,0.0,mobile,android,edge
DEV_005717,3,0,1,1,0,85.16999999999999,28.389999999999997,33.05,0.3279981116683387,0.929391831978297,2,3,1,0,0.0,0.3333333333333333,0.3333333333333333,0.6666666666666666,1.0,0.3333333333333333,0.0,desktop,linux,chrome
DEV_002197,3,1,1,1,0,1031.73,343.91,118.48,0.32735910790327477,0.976094194986676,2,3,1,0,0.3333333333333333,0.3333333333333333,0.3333333333333333,0.6666666666666666,1.0,0.3333333333333333,0.0,desktop,macos,edge
DEV_000494,5,1,1,1,0,540.1,108.02000000000001,70.61,0.32690243907733535,0.901165200084776,5,5,3,0,0.2,0.2,0.2,1.0,1.0,0.6,0.0,mobile,android,safari
DEV_006151,9,0,0,0,2,751.4399999999999,83.49333333333333,45.06,0.32679872870792537,0.8836864820108383,7,9,3,9,0.0,0.0,0.0,0.7777777777777778,1.0,0.3333333333333333,1.0,mobile,android,firefox
DEV_003560,6,0,0,0,1,386.78000000000003,64.46333333333334,48.15,0.32507045360581993,0.8469399555403243,2,6,3,6,0.0,0.0,0.0,0.3333333333333333,1.0,0.5,1.0,mobile,windows,firefox
DEV_004742,3,0,1,1,0,413.93,137.97666666666666,168.06,0.324968379918679,0.9635715469576612,2,3,0,0,0.0,0.3333333333333333,0.3333333333333333,0.6666666666666666,1.0,0.0,0.0,mobile,ios,safari
DEV_003363,7,0,1,1,1,392.57,56.08142857142857,49.06,0.3249179799128759,0.949966564789122,3,7,3,7,0.0,0.14285714285714285,0.14285714285714285,0.42857142857142855,1.0,0.42857142857142855,1.0,mobile,android,chrome
DEV_006664,4,0,0,0,1,427.44999999999993,106.86249999999998,117.845,0.3237090239146272,0.7564209304073123,2,4,2,0,0.0,0.0,0.0,0.5,1.0,0.5,0.0,mobile,windows,firefox
DEV_007164,3,0,0,0,1,186.03,62.01,37.57,0.3227165293296569,0.7894143573187592,1,3,3,0,0.0,0.0,0.0,0.3333333333333333,1.0,1.0,0.0,desktop,ios,safari
DEV_000879,6,0,0,0,1,373.23,62.205000000000005,45.614999999999995,0.3224637246198729,0.7776711193329461,6,6,2,6,0.0,0.0,0.0,1.0,1.0,0.3333333333333333,1.0,mobile,android,chrome
DEV_000956,3,0,1,1,0,325.61,108.53666666666668,51.33,0.3207422820551982,0.93845175460614,2,3,1,3,0.0,0.3333333333333333,0.3333333333333333,0.6666666666666666,1.0,0.3333333333333333,1.0,mobile,android,safari
DEV_007932,3,1,1,1,0,888.6600000000001,296.22,149.47,0.3203447099373567,0.9410684395614376,2,2,1,0,0.3333333333333333,0.3333333333333333,0.3333333333333333,0.6666666666666666,0.6666666666666666,0.3333333333333333,0.0,mobile,ios,edge
DEV_006729,3,1,0,0,1,184.29,61.43,61.23,0.3198782814003471,0.8820719246504425,3,3,3,0,0.3333333333333333,0.0,0.0,1.0,1.0,1.0,0.0,mobile,linux,safari
DEV_002775,3,0,1,1,0,97.84,32.61333333333334,14.56,0.3189407729358034,0.9562055181532348,3,3,1,0,0.0,0.3333333333333333,0.3333333333333333,1.0,1.0,0.3333333333333333,0.0,desktop,macos,safari
DEV_006988,5,1,0,0,1,1367.4,273.48,198.54,0.31793766844731486,0.886203168862456,3,3,2,5,0.2,0.0,0.0,0.6,0.6,0.4,1.0,mobile,macos,edge
DEV_000592,9,1,1,1,1,904.78,100.5311111111111,67.84,0.31763606960789503,0.9210033631062748,7,9,2,9,0.1111111111111111,0.1111111111111111,0.1111111111111111,0.7777777777777778,1.0,0.2222222222222222,1.0,mobile,ios,chrome
DEV_007086,10,2,1,1,1,2634.73,263.473,116.16499999999999,0.3173999164486744,0.9985462953913792,6,10,3,10,0.2,0.1,0.1,0.6,1.0,0.3,1.0,mobile,windows,edge
DEV_004714,3,0,1,1,0,542.4200000000001,180.8066666666667,38.41,0.3173614026629238,0.951714886435562,0,3,1,3,0.0,0.3333333333333333,0.3333333333333333,0.0,1.0,0.3333333333333333,1.0,mobile,android,firefox
DEV_000700,6,2,1,1,1,949.17,158.195,137.9,0.3169169006418393,0.9724822882514208,5,6,2,0,0.3333333333333333,0.16666666666666666,0.16666666666666666,0.8333333333333334,1.0,0.3333333333333333,0.0,desktop,android,chrome
DEV_000573,6,1,1,1,1,599.06,99.84333333333332,82.96,0.31556125328203105,0.9720338699564368,1,6,3,0,0.16666666666666666,0.16666666666666666,0.16666666666666666,0.16666666666666666,1.0,0.5,0.0,mobile,ios,edge
DEV_002977,3,0,1,1,0,449.78999999999996,149.92999999999998,121.61,0.31321086227568545,0.9351025252385056,2,3,1,3,0.0,0.3333333333333333,0.3333333333333333,0.6666666666666666,1.0,0.3333333333333333,1.0,desktop,windows,edge
DEV_006173,3,1,1,1,0,254.01,84.67,43.6,0.31295713479525644,0.9126473498339286,2,3,2,3,0.3333333333333333,0.3333333333333333,0.3333333333333333,0.6666666666666666,1.0,0.6666666666666666,1.0,mobile,android,chrome
DEV_007038,3,0,1,1,0,660.49,220.16333333333333,54.71,0.3109727138380351,0.9299294972999482,2,3,1,0,0.0,0.3333333333333333,0.3333333333333333,0.6666666666666666,1.0,0.3333333333333333,0.0,desktop,android,safari
DEV_007237,3,0,0,0,0,479.84,159.94666666666666,101.02,0.3107817377899873,0.4805187308250027,0,2,2,0,0.0,0.0,0.0,0.0,0.6666666666666666,0.6666666666666666,0.0,desktop,android,chrome
DEV_004722,3,1,1,1,0,737.22,245.74,212.97,0.3105264342699515,0.9233911121496918,0,2,1,0,0.3333333333333333,0.3333333333333333,0.3333333333333333,0.0,0.6666666666666666,0.3333333333333333,0.0,desktop,ios,chrome
DEV_001419,4,0,1,1,0,409.95000000000005,102.48750000000001,107.83000000000001,0.3104242556955757,0.9750936500970092,3,4,1,4,0.0,0.25,0.25,0.75,1.0,0.25,1.0,mobile,android,chrome
DEV_005148,3,1,1,1,0,346.96000000000004,115.65333333333335,47.65,0.3099921002081824,0.9098996749636988,1,2,1,0,0.3333333333333333,0.3333333333333333,0.3333333333333333,0.3333333333333333,0.6666666666666666,0.3333333333333333,0.0,mobile,android,chrome
DEV_006962,3,1,1,1,0,293.55,97.85000000000001,105.63,0.3092369764107336,0.9241157824793744,2,3,1,0,0.3333333333333333,0.3333333333333333,0.3333333333333333,0.6666666666666666,1.0,0.3333333333333333,0.0,desktop,android,chrome
DEV_005052,3,0,1,1,0,158.0,52.666666666666664,47.84,0.3082278237855962,0.9221069984262836,3,3,1,0,0.0,0.3333333333333333,0.3333333333333333,1.0,1.0,0.3333333333333333,0.0,mobile,android,safari
DEV_004989,8,0,1,1,1,1529.77,191.22125,130.3,0.3081860000604624,0.9147678202217612,4,5,2,8,0.0,0.125,0.125,0.5,0.625,0.25,1.0,desktop,linux,chrome
DEV_004745,6,1,1,1,1,1437.6,239.6,105.495,0.30801736691229287,0.9846194663612262,3,6,1,0,0.16666666666666666,0.16666666666666666,0.16666666666666666,0.5,1.0,0.16666666666666666,0.0,desktop,macos,chrome
DEV_006296,3,1,1,1,0,330.46000000000004,110.15333333333335,107.89,0.3074390311627782,0.92158830881464,1,2,1,0,0.3333333333333333,0.3333333333333333,0.3333333333333333,0.3333333333333333,0.6666666666666666,0.3333333333333333,0.0,desktop,android,safari
DEV_002951,3,0,0,0,0,768.06,256.02,300.39,0.30736564543703826,0.5125865034315676,1,2,2,0,0.0,0.0,0.0,0.3333333333333333,0.6666666666666666,0.6666666666666666,0.0,desktop,windows,chrome
DEV_000654,4,0,1,1,0,334.35,83.5875,75.83,0.3037779067836215,0.9013935883977422,3,4,0,0,0.0,0.25,0.25,0.75,1.0,0.0,0.0,mobile,ios,firefox
DEV_007166,4,0,1,1,0,545.47,136.3675,151.38,0.30342376856514164,0.9243439292676198,3,4,1,0,0.0,0.25,0.25,0.75,1.0,0.25,0.0,mobile,android,firefox
DEV_003375,3,0,1,1,0,118.23,39.410000000000004,15.68,0.30298308222715464,0.9042161628367024,2,3,1,0,0.0,0.3333333333333333,0.3333333333333333,0.6666666666666666,1.0,0.3333333333333333,0.0,mobile,android,chrome
DEV_003419,4,0,0,0,0,465.44,116.36,72.655,0.30297170750849994,0.6576513312891462,3,4,2,0,0.0,0.0,0.0,0.75,1.0,0.5,0.0,desktop,macos,chrome
DEV_007325,5,0,0,0,1,314.12,62.824,43.27,0.3021238266570978,0.8773649765427124,4,5,3,0,0.0,0.0,0.0,0.8,1.0,0.6,0.0,mobile,windows,chrome
DEV_003722,7,1,0,0,2,637.7,91.10000000000001,57.05,0.30202666229571473,0.8318827335201547,0,7,4,7,0.14285714285714285,0.0,0.0,0.0,1.0,0.5714285714285714,1.0,mobile,windows,chrome
DEV_007426,3,0,1,0,1,310.72,103.57333333333334,49.59,0.29990692020425086,0.899038839851976,2,3,1,0,0.0,0.3333333333333333,0.0,0.6666666666666666,1.0,0.3333333333333333,0.0,mobile,android,chrome
DEV_002185,9,0,1,1,0,1414.23,157.13666666666666,50.34,0.29981312842661756,0.9118253178464104,8,9,3,9,0.0,0.1111111111111111,0.1111111111111111,0.8888888888888888,1.0,0.3333333333333333,1.0,desktop,windows,chrome
DEV_003995,6,1,1,1,1,1958.86,326.47666666666663,94.59,0.2968035895589488,0.98976394505063,2,4,2,6,0.16666666666666666,0.16666666666666666,0.16666666666666666,0.3333333333333333,0.6666666666666666,0.3333333333333333,1.0,desktop,android,firefox
DEV_000749,3,0,0,0,1,204.81,68.27,76.66,0.29675912488377115,0.8887477198045894,3,3,3,0,0.0,0.0,0.0,1.0,1.0,1.0,0.0,desktop,windows,edge
DEV_006991,4,0,0,0,1,172.99,43.2475,44.465,0.29457806728854136,0.8815336247181135,2,3,2,0,0.0,0.0,0.0,0.5,0.75,0.5,0.0,mobile,ios,chrome
DEV_004888,3,0,0,0,1,454.73,151.57666666666668,108.08,0.294003784546534,0.8676991252335912,1,3,1,3,0.0,0.0,0.0,0.3333333333333333,1.0,0.3333333333333333,1.0,mobile,android,firefox
DEV_001263,16,0,0,0,4,2573.94,160.87125,57.879999999999995,0.29397570988113797,0.8842583437841297,8,9,3,16,0.0,0.0,0.0,0.5,0.5625,0.1875,1.0,mobile,windows,chrome
DEV_005681,4,1,0,0,1,227.45,56.8625,54.16499999999999,0.2936281487376968,0.7952699298003871,0,4,1,4,0.25,0.0,0.0,0.0,1.0,0.25,1.0,mobile,windows,firefox
DEV_001831,6,0,1,1,0,1065.27,177.545,106.50999999999999,0.29353635922655336,0.9462232407259248,5,6,1,6,0.0,0.16666666666666666,0.16666666666666666,0.8333333333333334,1.0,0.16666666666666666,1.0,tablet,android,edge
DEV_007805,3,0,0,0,0,236.22,78.74,108.77,0.2935013927027857,0.6393748570358938,3,3,0,3,0.0,0.0,0.0,1.0,1.0,0.0,1.0,tablet,android,firefox
DEV_000868,4,1,1,1,0,515.81,128.9525,75.65,0.2923611071648793,0.9916966589380946,2,3,0,4,0.25,0.25,0.25,0.5,0.75,0.0,1.0,tablet,windows,chrome
DEV_000591,5,0,0,0,1,918.37,183.674,186.08,0.29225988942922443,0.8837916699581325,3,5,1,5,0.0,0.0,0.0,0.6,1.0,0.2,1.0,desktop,macos,chrome
DEV_001566,13,1,1,1,1,2566.47,197.42076923076922,159.69,0.2919105301933614,0.9346371474619056,10,13,4,0,0.07692307692307693,0.07692307692307693,0.07692307692307693,0.7692307692307693,1.0,0.3076923076923077,0.0,desktop,android,firefox
DEV_006096,9,1,1,1,1,1813.76,201.5288888888889,124.98,0.2918221219135411,0.995355375665187,5,8,3,0,0.1111111111111111,0.1111111111111111,0.1111111111111111,0.5555555555555556,0.8888888888888888,0.3333333333333333,0.0,mobile,windows,chrome
DEV_006472,4,1,1,1,0,388.94,97.235,89.475,0.291310233843787,0.9712513278103346,3,4,0,4,0.25,0.25,0.25,0.75,1.0,0.0,1.0,desktop,ios,firefox
DEV_003236,3,0,0,0,1,1205.12,401.70666666666665,207.67,0.2905609321696481,0.8695084285654874,2,2,1,0,0.0,0.0,0.0,0.6666666666666666,0.6666666666666666,0.3333333333333333,0.0,desktop,macos,safari
DEV_003932,3,0,0,0,1,376.13,125.37666666666667,41.86,0.2902522237657477,0.8684967676413934,0,2,2,0,0.0,0.0,0.0,0.0,0.6666666666666666,0.6666666666666666,0.0,tablet,ios,chrome
DEV_003914,7,0,0,0,2,1232.99,176.14142857142858,167.37,0.28989498265999675,0.8060822674875527,3,7,4,0,0.0,0.0,0.0,0.42857142857142855,1.0,0.5714285714285714,0.0,mobile,linux,edge
DEV_003641,7,0,0,0,2,1201.01,171.57285714285715,131.45,0.28958979650581446,0.8331101215912292,5,6,3,7,0.0,0.0,0.0,0.7142857142857143,0.8571428571428571,0.42857142857142855,1.0,desktop,windows,chrome
DEV_003036,4,0,0,0,0,1535.0,383.75,389.22,0.2894187871373391,0.5744005096981193,2,3,1,4,0.0,0.0,0.0,0.5,0.75,0.25,1.0,mobile,linux,chrome
DEV_000022,4,0,1,1,0,730.16,182.54,161.225,0.2892763586799839,0.9448482826460118,3,4,2,4,0.0,0.25,0.25,0.75,1.0,0.5,1.0,mobile,windows,chrome
DEV_001026,3,0,0,0,1,974.12,324.70666666666665,468.34,0.2886649580530345,0.8616222492270776,1,3,1,0,0.0,0.0,0.0,0.3333333333333333,1.0,0.3333333333333333,0.0,mobile,macos,chrome
DEV_003618,3,1,0,0,1,227.55,75.85000000000001,80.85,0.28857166731577316,0.8597577606378959,3,3,0,0,0.3333333333333333,0.0,0.0,1.0,1.0,0.0,0.0,mobile,android,chrome
DEV_004478,3,0,0,0,0,600.29,200.09666666666666,189.82,0.28772833602414327,0.6492301563116368,1,3,1,3,0.0,0.0,0.0,0.3333333333333333,1.0,0.3333333333333333,1.0,mobile,android,chrome
DEV_002860,4,1,1,1,0,1545.87,386.4675,331.03999999999996,0.28635214176536894,0.9734990125681108,2,3,1,4,0.25,0.25,0.25,0.5,0.75,0.25,1.0,mobile,windows,edge
DEV_007459,7,1,1,1,1,599.4,85.62857142857142,54.26,0.28450532549111596,0.97492671332826,2,7,1,0,0.14285714285714285,0.14285714285714285,0.14285714285714285,0.2857142857142857,1.0,0.14285714285714285,0.0,mobile,windows,safari
DEV_002601,5,0,1,1,0,394.43,78.886,58.24,0.28421577033688306,0.9271973135659816,2,5,1,0,0.0,0.2,0.2,0.4,1.0,0.2,0.0,mobile,macos,chrome
DEV_001401,6,0,0,0,1,338.54,56.42333333333334,24.715,0.28400626451865607,0.8697306569575077,3,3,1,6,0.0,0.0,0.0,0.5,0.5,0.16666666666666666,1.0,desktop,android,edge
DEV_004817,3,0,0,0,1,993.96,331.32,152.86,0.2840057488129139,0.7567002793670069,2,3,1,3,0.0,0.0,0.0,0.6666666666666666,1.0,0.3333333333333333,1.0,mobile,macos,chrome
DEV_001883,14,0,0,0,3,884.13,63.152142857142856,49.845,0.28364375872569764,0.8937135655014031,7,11,5,14,0.0,0.0,0.0,0.5,0.7857142857142857,0.35714285714285715,1.0,desktop,android,chrome
DEV_002996,3,0,0,0,0,287.62,95.87333333333333,36.84,0.28185778880217743,0.6343866403802813,0,2,2,3,0.0,0.0,0.0,0.0,0.6666666666666666,0.6666666666666666,1.0,desktop,android,chrome
DEV_002489,3,0,0,0,1,163.28,54.42666666666667,34.12,0.2814655497910893,0.8019577841385955,1,3,1,3,0.0,0.0,0.0,0.3333333333333333,1.0,0.3333333333333333,1.0,mobile,android,chrome
DEV_006536,3,0,0,0,1,265.65,88.55,44.46,0.28103003631927714,0.8380858092770549,3,3,1,0,0.0,0.0,0.0,1.0,1.0,0.3333333333333333,0.0,mobile,android,edge
DEV_007165,4,0,0,0,1,1383.8500000000001,345.96250000000003,116.1,0.28041708588813047,0.8288342416157759,3,4,2,0,0.0,0.0,0.0,0.75,1.0,0.5,0.0,mobile,ios,safari
DEV_000742,3,0,0,0,1,382.43,127.47666666666667,152.0,0.27819534917825023,0.8188102360913048,0,3,0,0,0.0,0.0,0.0,0.0,1.0,0.0,0.0,mobile,windows,chrome
DEV_006300,4,0,1,1,0,1029.86,257.465,286.32,0.2770727819103824,0.9202260889302132,3,4,1,4,0.0,0.25,0.25,0.75,1.0,0.25,1.0,desktop,windows,edge
DEV_007185,3,0,0,0,0,506.27,168.75666666666666,135.62,0.275711258406953,0.4449104927952388,1,2,2,3,0.0,0.0,0.0,0.3333333333333333,0.6666666666666666,0.6666666666666666,1.0,mobile,ios,edge
DEV_000994,4,1,1,1,0,1397.78,349.445,165.26999999999998,0.2754203376972547,0.9954803418808648,2,4,1,0,0.25,0.25,0.25,0.5,1.0,0.25,0.0,desktop,android,edge
DEV_000097,3,0,0,0,1,757.54,252.51333333333332,282.91,0.2753277224480644,0.8236037783570024,2,3,1,0,0.0,0.0,0.0,0.6666666666666666,1.0,0.3333333333333333,0.0,desktop,android,chrome
DEV_003822,6,0,1,1,0,939.59,156.59833333333333,107.215,0.27509740715884273,0.9266530407828908,4,6,2,0,0.0,0.16666666666666666,0.16666666666666666,0.6666666666666666,1.0,0.3333333333333333,0.0,desktop,ios,edge
DEV_002316,4,0,0,0,0,241.76999999999998,60.442499999999995,45.150000000000006,0.27497975931482044,0.6153354010760933,1,4,2,0,0.0,0.0,0.0,0.25,1.0,0.5,0.0,tablet,ios,safari
DEV_000370,3,0,0,0,1,206.17,68.72333333333333,99.61,0.2742415397550146,0.8143057169467467,2,3,1,0,0.0,0.0,0.0,0.6666666666666666,1.0,0.3333333333333333,0.0,mobile,android,safari
DEV_001773,4,0,0,0,1,383.29999999999995,95.82499999999999,46.73,0.2740565913224308,0.885632245330265,2,4,1,4,0.0,0.0,0.0,0.5,1.0,0.25,1.0,mobile,android,chrome
DEV_000883,11,1,1,1,2,654.55,59.50454545454545,39.47,0.2723937847699825,0.9641647263810048,5,8,4,11,0.09090909090909091,0.09090909090909091,0.09090909090909091,0.45454545454545453,0.7272727272727273,0.36363636363636365,1.0,desktop,windows,edge
DEV_003963,3,0,0,0,1,209.38,69.79333333333334,65.31,0.27219298636681094,0.8147464454502326,3,3,2,0,0.0,0.0,0.0,1.0,1.0,0.6666666666666666,0.0,desktop,macos,safari
DEV_000246,3,1,0,0,1,603.4899999999999,201.1633333333333,34.25,0.2719954072592701,0.7173308854867249,0,2,2,0,0.3333333333333333,0.0,0.0,0.0,0.6666666666666666,0.6666666666666666,0.0,desktop,android,chrome
DEV_005787,4,1,1,1,0,1078.03,269.5075,209.645,0.2712176005412804,0.9573159421320953,4,4,2,4,0.25,0.25,0.25,1.0,1.0,0.5,1.0,mobile,windows,edge
DEV_001208,10,2,2,2,0,1662.21,166.221,129.725,0.2708386647491153,0.9871742324319328,5,9,3,0,0.2,0.2,0.2,0.5,0.9,0.3,0.0,desktop,macos,firefox
DEV_007923,9,0,0,0,2,944.93,104.99222222222221,63.59,0.270441738179174,0.8724232439247226,2,7,4,9,0.0,0.0,0.0,0.2222222222222222,0.7777777777777778,0.4444444444444444,1.0,mobile,macos,firefox
DEV_005173,5,0,0,0,1,1277.04,255.408,231.61,0.269870755916492,0.8948008324721876,3,4,2,0,0.0,0.0,0.0,0.6,0.8,0.4,0.0,tablet,ios,firefox
DEV_002526,3,0,0,0,0,285.69,95.23,62.02,0.26962233361147564,0.6500672340896934,3,3,2,3,0.0,0.0,0.0,1.0,1.0,0.6666666666666666,1.0,mobile,android,safari
DEV_006162,7,1,0,0,2,1274.15,182.02142857142857,106.62,0.26950897714803546,0.8586598990601237,0,7,2,7,0.14285714285714285,0.0,0.0,0.0,1.0,0.2857142857142857,1.0,mobile,android,edge
DEV_003542,10,0,0,0,2,794.68,79.46799999999999,68.445,0.268621827732693,0.8962606572453978,7,10,3,10,0.0,0.0,0.0,0.7,1.0,0.3,1.0,mobile,android,safari
DEV_006469,3,0,0,0,1,447.55,149.18333333333334,90.66,0.2683616617028824,0.8009748804744661,3,3,1,0,0.0,0.0,0.0,1.0,1.0,0.3333333333333333,0.0,mobile,android,chrome
DEV_001514,7,1,0,0,2,650.86,92.98,78.2,0.26833842476254427,0.8975956188362705,6,7,2,0,0.14285714285714285,0.0,0.0,0.8571428571428571,1.0,0.2857142857142857,0.0,desktop,windows,chrome
DEV_002941,4,0,1,1,0,512.74,128.185,138.25,0.2668748599412385,0.9117301306644784,1,4,2,4,0.0,0.25,0.25,0.25,1.0,0.5,1.0,desktop,macos,firefox
DEV_001345,4,0,0,0,0,554.05,138.5125,164.165,0.2661910877376687,0.6330247425833244,3,4,0,4,0.0,0.0,0.0,0.75,1.0,0.0,1.0,mobile,android,chrome
DEV_007363,7,1,0,0,0,735.78,105.11142857142856,67.92,0.2658792039838535,0.681089867531618,7,7,3,7,0.14285714285714285,0.0,0.0,1.0,1.0,0.42857142857142855,1.0,mobile,linux,chrome
DEV_004699,7,1,1,1,0,1424.77,203.53857142857143,70.83,0.2627156932325728,0.992289914333371,5,6,3,7,0.14285714285714285,0.14285714285714285,0.14285714285714285,0.7142857142857143,0.8571428571428571,0.42857142857142855,1.0,tablet,android,edge
DEV_000118,8,2,2,2,0,1612.4,201.55,176.55,0.2627060191518779,0.989367029275878,4,8,2,0,0.25,0.25,0.25,0.5,1.0,0.25,0.0,mobile,android,chrome
DEV_004786,5,0,1,1,0,1089.48,217.89600000000002,169.88,0.26229908312516403,0.9248583774477984,3,5,2,5,0.0,0.2,0.2,0.6,1.0,0.4,1.0,mobile,ios,chrome
DEV_004783,4,0,0,0,1,803.61,200.9025,48.34,0.2618642349168522,0.7164583046444823,2,4,0,4,0.0,0.0,0.0,0.5,1.0,0.0,1.0,tablet,windows,chrome
DEV_005753,4,1,1,1,0,1575.65,393.9125,258.09000000000003,0.261742751741424,0.9896571268161684,3,4,1,0,0.25,0.25,0.25,0.75,1.0,0.25,0.0,mobile,android,safari
DEV_005953,5,1,1,1,0,2185.02,437.004,292.89,0.26123817436563684,0.941374107392664,3,5,0,5,0.2,0.2,0.2,0.6,1.0,0.0,1.0,desktop,android,chrome
DEV_005768,3,0,0,0,1,268.14,89.38,68.05,0.2605490909906864,0.7799577325577172,2,3,0,0,0.0,0.0,0.0,0.6666666666666666,1.0,0.0,0.0,tablet,windows,chrome
DEV_003225,21,1,4,4,0,3385.39,161.20904761904762,99.44,0.26052682945040295,0.9433849847952092,7,21,6,21,0.047619047619047616,0.19047619047619047,0.19047619047619047,0.3333333333333333,1.0,0.2857142857142857,1.0,mobile,android,firefox
DEV_000450,5,0,0,0,1,1023.96,204.792,201.0,0.2603260046136843,0.7542802493510591,0,5,2,5,0.0,0.0,0.0,0.0,1.0,0.4,1.0,mobile,macos,edge
DEV_005606,3,0,0,0,1,978.93,326.31,170.37,0.26028679839577534,0.7761774140435346,0,1,1,0,0.0,0.0,0.0,0.0,0.3333333333333333,0.3333333333333333,0.0,desktop,android,chrome
DEV_005205,3,0,0,0,1,257.58,85.86,84.13,0.260089278656679,0.7798181662637643,0,2,1,0,0.0,0.0,0.0,0.0,0.6666666666666666,0.3333333333333333,0.0,tablet,ios,chrome
DEV_004319,5,0,0,0,0,621.79,124.35799999999999,54.65,0.259855140676447,0.6335305517768538,3,5,1,5,0.0,0.0,0.0,0.6,1.0,0.2,1.0,desktop,android,chrome
DEV_002488,5,1,0,0,1,310.97,62.194,55.29,0.25978505888152487,0.8377428048413424,4,5,1,0,0.2,0.0,0.0,0.8,1.0,0.2,0.0,mobile,android,safari
DEV_007436,4,1,1,1,0,657.21,164.3025,145.95499999999998,0.2597594637501036,0.9528877930915955,4,4,2,0,0.25,0.25,0.25,1.0,1.0,0.5,0.0,desktop,windows,safari
DEV_000474,8,0,0,0,2,402.71,50.33875,41.855000000000004,0.2595962617605765,0.8791574784290762,6,8,2,8,0.0,0.0,0.0,0.75,1.0,0.25,1.0,mobile,linux,chrome
DEV_005021,12,1,1,1,2,2115.86,176.3216666666667,86.795,0.2595781150104602,0.9400594141361048,10,12,3,0,0.08333333333333333,0.08333333333333333,0.08333333333333333,0.8333333333333334,1.0,0.25,0.0,tablet,ios,safari
DEV_001100,3,1,0,0,1,282.82000000000005,94.27333333333335,82.41,0.2593665434483027,0.7684602824500386,1,1,0,0,0.3333333333333333,0.0,0.0,0.3333333333333333,0.3333333333333333,0.0,0.0,tablet,ios,chrome
DEV_000040,3,0,0,0,1,39.300000000000004,13.100000000000001,10.75,0.25900386833114386,0.7641375820685924,3,3,0,3,0.0,0.0,0.0,1.0,1.0,0.0,1.0,desktop,ios,chrome
DEV_002576,5,1,1,1,0,1503.84,300.768,70.44,0.2588389905544059,0.996272817179445,2,5,2,5,0.2,0.2,0.2,0.4,1.0,0.4,1.0,desktop,android,chrome
DEV_001036,3,1,0,0,1,364.19,121.39666666666666,131.47,0.25827660730977203,0.7706179712878568,2,2,1,0,0.3333333333333333,0.0,0.0,0.6666666666666666,0.6666666666666666,0.3333333333333333,0.0,mobile,ios,firefox
DEV_000807,3,0,0,0,1,652.0,217.33333333333334,246.23,0.258013720102864,0.7726041506591629,0,2,1,3,0.0,0.0,0.0,0.0,0.6666666666666666,0.3333333333333333,1.0,mobile,android,firefox
DEV_000436,13,1,1,1,1,2758.55,212.19615384615386,135.21,0.25796567164376316,0.9416893193759835,9,13,4,13,0.07692307692307693,0.07692307692307693,0.07692307692307693,0.6923076923076923,1.0,0.3076923076923077,1.0,desktop,android,chrome
DEV_003553,4,1,1,1,0,812.11,203.0275,175.535,0.25791076447547645,0.9612728355828852,1,4,1,0,0.25,0.25,0.25,0.25,1.0,0.25,0.0,desktop,android,chrome
DEV_006436,8,1,2,2,0,1936.72,242.09,232.35000000000002,0.2570101544756899,0.918016681439507,8,8,3,8,0.125,0.25,0.25,1.0,1.0,0.375,1.0,mobile,android,safari
DEV_004015,9,1,1,1,0,2285.95,253.9944444444444,122.35,0.25599677298402335,0.9916729993164654,9,9,4,0,0.1111111111111111,0.1111111111111111,0.1111111111111111,1.0,1.0,0.4444444444444444,0.0,desktop,android,chrome
DEV_002746,9,1,1,1,1,2678.82,297.6466666666667,248.98,0.25499339076216837,0.9947670122150116,4,8,3,9,0.1111111111111111,0.1111111111111111,0.1111111111111111,0.4444444444444444,0.8888888888888888,0.3333333333333333,1.0,mobile,android,firefox
DEV_006773,7,1,1,1,0,481.6,68.8,53.11,0.2548910218304609,0.9496517836665408,4,7,2,7,0.14285714285714285,0.14285714285714285,0.14285714285714285,0.5714285714285714,1.0,0.2857142857142857,1.0,mobile,android,chrome
DEV_002054,4,0,0,0,1,833.43,208.3575,210.925,0.25370541439631195,0.7596761785887828,4,4,1,4,0.0,0.0,0.0,1.0,1.0,0.25,1.0,desktop,linux,safari
DEV_005705,4,0,1,1,0,2722.04,680.51,714.26,0.2530782379329448,0.9807571080031446,3,4,1,4,0.0,0.25,0.25,0.75,1.0,0.25,1.0,desktop,macos,edge
DEV_006562,8,0,1,1,0,1725.57,215.69625,160.74,0.2530626340380233,0.910263843477311,4,8,4,0,0.0,0.125,0.125,0.5,1.0,0.5,0.0,mobile,android,chrome
DEV_004375,9,0,2,2,0,1775.72,197.3022222222222,131.41,0.2529598495939289,0.957259544470642,6,8,2,9,0.0,0.2222222222222222,0.2222222222222222,0.6666666666666666,0.8888888888888888,0.2222222222222222,1.0,desktop,android,chrome
DEV_002837,4,1,1,1,0,1205.71,301.4275,114.16,0.2526437991118843,0.9935012403288368,4,4,2,0,0.25,0.25,0.25,1.0,1.0,0.5,0.0,mobile,macos,safari
DEV_005984,3,0,0,0,0,251.23000000000002,83.74333333333334,79.65,0.252597166397879,0.3985224683831916,1,3,2,0,0.0,0.0,0.0,0.3333333333333333,1.0,0.6666666666666666,0.0,tablet,ios,chrome
DEV_006519,4,1,0,0,1,301.15,75.2875,63.434999999999995,0.2517731467443732,0.858723734665503,2,2,1,0,0.25,0.0,0.0,0.5,0.5,0.25,0.0,desktop,android,chrome
DEV_004184,4,1,1,1,0,216.95,54.2375,28.875,0.2512075664661523,0.9980318791492514,1,4,2,0,0.25,0.25,0.25,0.25,1.0,0.5,0.0,tablet,macos,chrome
DEV_003860,5,1,1,1,0,450.16,90.03200000000001,42.93,0.2507444141842215,0.9956306462553164,3,5,1,0,0.2,0.2,0.2,0.6,1.0,0.2,0.0,desktop,macos,edge
DEV_002583,10,1,2,2,0,1852.12,185.212,150.785,0.2502415950793555,0.996536655699677,8,10,2,10,0.1,0.2,0.2,0.8,1.0,0.2,1.0,mobile,linux,chrome
DEV_003487,12,1,1,1,1,1301.98,108.49833333333333,88.66,0.24954054051380745,0.9698957851480812,8,11,4,12,0.08333333333333333,0.08333333333333333,0.08333333333333333,0.6666666666666666,0.9166666666666666,0.3333333333333333,1.0,mobile,windows,edge
DEV_002399,4,1,1,1,0,409.59,102.3975,56.675,0.24936687741766617,0.9141059904927316,3,4,1,4,0.25,0.25,0.25,0.75,1.0,0.25,1.0,tablet,windows,chrome
DEV_003548,4,1,1,1,0,1338.74,334.685,174.525,0.2487763306606324,0.990853551838374,3,4,1,0,0.25,0.25,0.25,0.75,1.0,0.25,0.0,desktop,macos,safari
DEV_004567,7,0,0,0,1,697.34,99.62,74.24,0.24809840539635086,0.7843972943652555,5,7,1,7,0.0,0.0,0.0,0.7142857142857143,1.0,0.14285714285714285,1.0,mobile,windows,chrome
DEV_007740,4,0,1,1,0,302.27,75.5675,52.675,0.24764799230748724,0.9660901219667962,2,3,1,4,0.0,0.25,0.25,0.5,0.75,0.25,1.0,mobile,linux,chrome
DEV_000881,4,0,1,1,0,364.61,91.1525,23.759999999999998,0.24718735250981003,0.9587758479647605,2,4,3,0,0.0,0.25,0.25,0.5,1.0,0.75,0.0,mobile,windows,safari
DEV_004774,4,0,0,0,1,427.72,106.93,75.545,0.24633524521837863,0.8419792246295758,4,4,1,0,0.0,0.0,0.0,1.0,1.0,0.25,0.0,mobile,android,safari
DEV_006310,4,0,0,0,0,471.88,117.97,135.625,0.24548414750280637,0.6116262965861954,3,4,1,4,0.0,0.0,0.0,0.75,1.0,0.25,1.0,mobile,android,chrome
DEV_001575,12,2,1,1,1,1075.83,89.65249999999999,43.345,0.24537857704809474,0.9355786553107834,6,10,3,0,0.16666666666666666,0.08333333333333333,0.08333333333333333,0.5,0.8333333333333334,0.25,0.0,desktop,windows,safari
DEV_003380,4,1,1,1,0,204.32,51.08,31.28,0.24466633143477998,0.9781267447672748,3,3,0,0,0.25,0.25,0.25,0.75,0.75,0.0,0.0,desktop,ios,safari
DEV_003791,5,1,1,1,0,830.19,166.038,111.13,0.24375497128894424,0.9895584525998464,1,3,3,0,0.2,0.2,0.2,0.2,0.6,0.6,0.0,mobile,ios,firefox
DEV_007392,8,1,1,1,1,1166.98,145.8725,107.08500000000001,0.24351495749819577,0.9515811240962652,5,6,3,8,0.125,0.125,0.125,0.625,0.75,0.375,1.0,mobile,android,firefox
DEV_005959,5,0,0,0,0,640.89,128.178,154.16,0.24334167224637548,0.5990048559311606,1,5,2,5,0.0,0.0,0.0,0.2,1.0,0.4,1.0,mobile,ios,chrome
DEV_007749,4,0,0,0,1,1202.55,300.6375,225.63,0.2433388670387058,0.7732910731581558,4,4,0,0,0.0,0.0,0.0,1.0,1.0,0.0,0.0,desktop,android,safari
DEV_003112,4,0,0,0,0,608.92,152.23,139.965,0.24333752436365905,0.6162427676740987,3,3,2,0,0.0,0.0,0.0,0.75,0.75,0.5,0.0,desktop,android,safari
DEV_005320,9,1,1,1,0,1955.48,217.27555555555557,104.4,0.24267162089460811,0.9108414494210724,4,9,3,9,0.1111111111111111,0.1111111111111111,0.1111111111111111,0.4444444444444444,1.0,0.3333333333333333,1.0,desktop,linux,edge
DEV_004536,7,0,1,1,1,826.1,118.01428571428572,33.95,0.24255141237981168,0.9261401811344572,1,4,0,0,0.0,0.14285714285714285,0.14285714285714285,0.14285714285714285,0.5714285714285714,0.0,0.0,mobile,ios,safari
DEV_005586,5,0,0,0,0,551.68,110.33599999999998,114.98,0.2421524333449802,0.6438129356068963,4,5,1,0,0.0,0.0,0.0,0.8,1.0,0.2,0.0,mobile,windows,edge
DEV_006561,4,0,1,1,0,252.59,63.1475,51.61,0.24204608972983557,0.9013172583502006,2,4,3,0,0.0,0.25,0.25,0.5,1.0,0.75,0.0,mobile,android,chrome
DEV_005907,4,1,1,1,0,683.17,170.7925,76.79,0.24153590776886055,0.9645589269209812,3,4,1,4,0.25,0.25,0.25,0.75,1.0,0.25,1.0,mobile,android,chrome
DEV_004198,4,0,0,0,0,525.63,131.4075,58.125,0.24143897578816112,0.6436171029457555,2,4,2,0,0.0,0.0,0.0,0.5,1.0,0.5,0.0,mobile,android,safari
DEV_002677,4,1,1,1,0,786.4000000000001,196.60000000000002,63.74,0.24134432576945114,0.9545788440557098,3,3,1,4,0.25,0.25,0.25,0.75,0.75,0.25,1.0,mobile,android,safari
DEV_004840,6,1,1,1,0,993.11,165.51833333333335,115.315,0.24049269139843676,0.9399587961883444,5,6,2,0,0.16666666666666666,0.16666666666666666,0.16666666666666666,0.8333333333333334,1.0,0.3333333333333333,0.0,mobile,windows,chrome
DEV_000354,7,0,0,0,1,695.6,99.37142857142858,79.2,0.24039871777618868,0.8711183285661734,3,7,4,0,0.0,0.0,0.0,0.42857142857142855,1.0,0.5714285714285714,0.0,mobile,android,firefox
DEV_002015,8,0,0,0,1,936.18,117.0225,83.855,0.24021407798141078,0.8187220000747355,5,8,1,8,0.0,0.0,0.0,0.625,1.0,0.125,1.0,desktop,windows,chrome
DEV_005500,4,0,1,1,0,934.73,233.6825,73.915,0.24007809591312615,0.9597717111950363,0,3,1,0,0.0,0.25,0.25,0.0,0.75,0.25,0.0,mobile,ios,edge
DEV_006898,16,2,1,1,1,1529.44,95.59,68.86,0.23900146778657277,0.989033494381231,8,15,5,0,0.125,0.0625,0.0625,0.5,0.9375,0.3125,0.0,mobile,ios,firefox
DEV_007894,6,0,0,0,1,326.73,54.455000000000005,38.595,0.23885838086992528,0.8005658814349375,4,4,1,6,0.0,0.0,0.0,0.6666666666666666,0.6666666666666666,0.16666666666666666,1.0,desktop,linux,safari
DEV_007913,4,1,1,1,0,738.6999999999999,184.67499999999998,131.94,0.23877949477063676,0.9541858333969012,3,4,1,0,0.25,0.25,0.25,0.75,1.0,0.25,0.0,tablet,macos,chrome
DEV_004735,10,2,1,1,1,1258.86,125.886,141.18,0.23868466967349758,0.9375247066197118,4,10,3,0,0.2,0.1,0.1,0.4,1.0,0.3,0.0,desktop,ios,safari
DEV_007218,4,0,1,1,0,445.87,111.4675,30.65,0.23855918620306243,0.9050776353783292,2,4,2,4,0.0,0.25,0.25,0.5,1.0,0.5,1.0,mobile,windows,chrome
DEV_005784,3,0,0,0,0,989.23,329.74333333333334,256.46,0.23765334487513753,0.4396486078499641,1,3,2,3,0.0,0.0,0.0,0.3333333333333333,1.0,0.6666666666666666,1.0,mobile,android,edge
DEV_001408,4,0,0,0,1,969.96,242.49,228.76999999999998,0.237606400804252,0.8891360421282166,4,4,2,4,0.0,0.0,0.0,1.0,1.0,0.5,1.0,tablet,ios,edge
DEV_005381,17,0,2,2,0,3021.78,177.75176470588235,81.43,0.2374857088318623,0.9379834608011836,10,17,5,17,0.0,0.11764705882352941,0.11764705882352941,0.5882352941176471,1.0,0.29411764705882354,1.0,mobile,android,chrome
DEV_006322,4,0,1,1,0,875.73,218.9325,235.14999999999998,0.23727869827071493,0.9473714803890558,2,4,0,0,0.0,0.25,0.25,0.5,1.0,0.0,0.0,desktop,ios,chrome
DEV_005958,12,0,1,1,1,2135.42,177.95166666666668,94.525,0.23698265004808158,0.973791064104104,8,12,5,12,0.0,0.08333333333333333,0.08333333333333333,0.6666666666666666,1.0,0.4166666666666667,1.0,desktop,android,chrome
DEV_003597,3,0,0,0,1,468.37,156.12333333333333,146.53,0.23639740647864194,0.7085447909444823,1,3,1,0,0.0,0.0,0.0,0.3333333333333333,1.0,0.3333333333333333,0.0,mobile,windows,safari
DEV_006072,4,0,1,1,0,861.57,215.3925,141.15,0.2362446378827731,0.9411323533790078,2,4,1,0,0.0,0.25,0.25,0.5,1.0,0.25,0.0,mobile,android,chrome
DEV_002029,3,0,0,0,0,697.54,232.51333333333332,243.64,0.2357370821417105,0.3831732954570925,1,3,0,3,0.0,0.0,0.0,0.3333333333333333,1.0,0.0,1.0,desktop,linux,chrome
DEV_001761,9,0,0,0,1,3458.6600000000003,384.2955555555556,318.91,0.23573686613435216,0.8688608224459212,4,8,4,0,0.0,0.0,0.0,0.4444444444444444,0.8888888888888888,0.4444444444444444,0.0,desktop,ios,chrome
DEV_003861,5,0,0,0,0,239.45000000000002,47.89,38.95,0.23562906990020704,0.5507306524029627,2,5,2,5,0.0,0.0,0.0,0.4,1.0,0.4,1.0,mobile,android,safari
DEV_004853,4,1,0,0,1,1237.81,309.4525,310.3,0.23513703849768158,0.8862705998285254,1,3,1,0,0.25,0.0,0.0,0.25,0.75,0.25,0.0,mobile,linux,firefox
DEV_006290,8,0,0,0,1,659.97,82.49625,42.69,0.23464551112124096,0.7539281026576465,5,8,4,0,0.0,0.0,0.0,0.625,1.0,0.5,0.0,tablet,windows,chrome
DEV_001464,3,1,0,0,1,339.89,113.29666666666667,42.33,0.23438337088461947,0.7025531169337833,1,3,2,0,0.3333333333333333,0.0,0.0,0.3333333333333333,1.0,0.6666666666666666,0.0,mobile,android,chrome
DEV_002301,6,0,0,0,1,322.24,53.70666666666667,55.155,0.2338951992891265,0.8595833568124375,3,5,3,6,0.0,0.0,0.0,0.5,0.8333333333333334,0.5,1.0,mobile,android,chrome
DEV_007355,7,1,1,1,0,1668.42,238.3457142857143,79.93,0.2336882848499504,0.9827552279711036,3,4,3,0,0.14285714285714285,0.14285714285714285,0.14285714285714285,0.42857142857142855,0.5714285714285714,0.42857142857142855,0.0,mobile,windows,chrome
DEV_003073,4,1,1,1,0,447.84,111.96,86.975,0.23358030594712517,0.9014431580126064,2,4,2,0,0.25,0.25,0.25,0.5,1.0,0.5,0.0,mobile,ios,edge
DEV_007685,6,1,1,1,0,692.78,115.46333333333332,103.94999999999999,0.2335750370354429,0.9809663835890232,5,6,3,0,0.16666666666666666,0.16666666666666666,0.16666666666666666,0.8333333333333334,1.0,0.5,0.0,tablet,ios,firefox
DEV_007809,14,0,0,0,2,1496.82,106.91571428571429,96.03999999999999,0.23276829335975815,0.8799993455657616,10,14,2,14,0.0,0.0,0.0,0.7142857142857143,1.0,0.14285714285714285,1.0,desktop,macos,chrome
DEV_007111,21,0,0,0,2,1622.17,77.24619047619048,48.35,0.23265877117467915,0.8874681337599363,16,21,5,21,0.0,0.0,0.0,0.7619047619047619,1.0,0.23809523809523808,1.0,mobile,android,firefox
DEV_006272,4,0,1,1,0,252.23000000000002,63.057500000000005,27.965000000000003,0.23250103865397143,0.9250444226132658,1,4,1,0,0.0,0.25,0.25,0.25,1.0,0.25,0.0,mobile,macos,chrome
DEV_002540,4,1,0,0,1,261.17,65.2925,41.535,0.23218088549666488,0.8959397901371239,3,4,2,0,0.25,0.0,0.0,0.75,1.0,0.5,0.0,mobile,ios,edge
DEV_000191,8,0,2,2,0,801.37,100.17125,79.8,0.2321094825372254,0.9313612290869514,4,6,3,0,0.0,0.25,0.25,0.5,0.75,0.375,0.0,mobile,macos,chrome
DEV_003405,3,0,0,0,0,270.36,90.12,111.33,0.23058824016032642,0.5336994114613638,3,3,0,0,0.0,0.0,0.0,1.0,1.0,0.0,0.0,desktop,ios,chrome
DEV_005045,4,0,1,1,0,347.16999999999996,86.79249999999999,102.57,0.23054280161317353,0.9169181995392124,2,4,1,0,0.0,0.25,0.25,0.5,1.0,0.25,0.0,desktop,linux,chrome
DEV_002052,6,0,0,0,1,459.01,76.50166666666667,79.03999999999999,0.2299847760638,0.8786462063838048,3,6,1,6,0.0,0.0,0.0,0.5,1.0,0.16666666666666666,1.0,mobile,macos,chrome
DEV_007765,21,3,2,2,1,2213.88,105.42285714285715,61.87,0.22997829018325974,0.9332538955485512,9,21,5,21,0.14285714285714285,0.09523809523809523,0.09523809523809523,0.42857142857142855,1.0,0.23809523809523808,1.0,mobile,ios,edge
DEV_003505,5,0,0,0,1,327.21,65.442,19.6,0.22871778128324793,0.8601465564809,1,5,2,0,0.0,0.0,0.0,0.2,1.0,0.4,0.0,desktop,macos,safari
DEV_000367,4,0,0,0,1,292.63,73.1575,57.64,0.22858876168370088,0.8417649344400917,1,4,1,4,0.0,0.0,0.0,0.25,1.0,0.25,1.0,desktop,ios,safari
DEV_005992,13,1,0,0,2,879.21,67.63153846153847,40.9,0.22846706269512543,0.8728860643388312,5,12,5,13,0.07692307692307693,0.0,0.0,0.38461538461538464,0.9230769230769231,0.38461538461538464,1.0,mobile,windows,edge
DEV_006014,8,1,1,1,1,658.09,82.26125,86.725,0.22840094722871712,0.9543308567131964,5,8,2,0,0.125,0.125,0.125,0.625,1.0,0.25,0.0,mobile,macos,safari
DEV_003001,4,0,1,1,0,320.51,80.1275,67.73,0.22835593580556182,0.9109742022088568,3,4,1,0,0.0,0.25,0.25,0.75,1.0,0.25,0.0,desktop,windows,safari
DEV_001184,13,1,2,2,0,1987.69,152.89923076923077,103.71,0.22819951471746952,0.938938053848292,7,12,3,13,0.07692307692307693,0.15384615384615385,0.15384615384615385,0.5384615384615384,0.9230769230769231,0.23076923076923078,1.0,mobile,windows,chrome
DEV_000538,4,1,0,0,1,1337.1399999999999,334.28499999999997,296.88,0.22787572669937092,0.8841314898189107,3,4,1,0,0.25,0.0,0.0,0.75,1.0,0.25,0.0,desktop,windows,chrome
DEV_002832,4,0,0,0,1,292.59,73.1475,76.035,0.22787323257609607,0.895018935852953,3,4,3,0,0.0,0.0,0.0,0.75,1.0,0.75,0.0,mobile,ios,safari
DEV_000981,3,0,0,0,0,199.29000000000002,66.43,73.15,0.22712813418031597,0.6643313217999613,2,3,0,0,0.0,0.0,0.0,0.6666666666666666,1.0,0.0,0.0,mobile,ios,chrome
DEV_002975,7,1,1,1,0,2560.41,365.7728571428571,238.71,0.22686234325933527,0.971547860042246,2,7,1,0,0.14285714285714285,0.14285714285714285,0.14285714285714285,0.2857142857142857,1.0,0.14285714285714285,0.0,mobile,android,safari
DEV_001598,14,0,2,2,0,1342.76,95.91142857142857,57.72,0.22650198416229214,0.9590188514911868,9,14,4,0,0.0,0.14285714285714285,0.14285714285714285,0.6428571428571429,1.0,0.2857142857142857,0.0,mobile,ios,chrome
DEV_007637,8,1,1,1,1,1175.81,146.97625,87.875,0.2256576057572774,0.9964548261276716,7,8,2,8,0.125,0.125,0.125,0.875,1.0,0.25,1.0,mobile,ios,safari
DEV_000438,3,0,0,0,0,261.57,87.19,107.66,0.22557160792526654,0.6668890035234851,2,3,1,0,0.0,0.0,0.0,0.6666666666666666,1.0,0.3333333333333333,0.0,mobile,ios,safari
DEV_003131,8,0,0,0,0,502.65,62.83125,46.385,0.2253813284651697,0.6548074688298032,6,8,1,0,0.0,0.0,0.0,0.75,1.0,0.125,0.0,desktop,macos,chrome
DEV_004416,13,2,1,1,1,1128.31,86.79307692307692,80.48,0.22531938354685707,0.9247493393730606,6,13,3,13,0.15384615384615385,0.07692307692307693,0.07692307692307693,0.46153846153846156,1.0,0.23076923076923078,1.0,desktop,windows,chrome
DEV_007195,5,1,1,1,0,604.79,120.958,93.17,0.2249257255509452,0.9961695727520276,2,2,0,0,0.2,0.2,0.2,0.4,0.4,0.0,0.0,tablet,android,chrome
DEV_000208,3,0,0,0,0,660.6800000000001,220.2266666666667,238.04,0.22443385899793714,0.6585507079786662,1,3,1,0,0.0,0.0,0.0,0.3333333333333333,1.0,0.3333333333333333,0.0,tablet,android,firefox
DEV_003973,5,0,0,0,1,730.9399999999999,146.188,133.46,0.2239138058598203,0.8890384021081476,2,5,1,5,0.0,0.0,0.0,0.4,1.0,0.2,1.0,mobile,android,chrome
DEV_002842,4,0,0,0,1,288.92,72.23,47.145,0.22389484744014942,0.8942336340281702,4,4,1,4,0.0,0.0,0.0,1.0,1.0,0.25,1.0,desktop,android,chrome
DEV_003554,10,0,1,1,1,2453.48,245.348,200.665,0.2236405789141967,0.9171656516959088,9,9,1,10,0.0,0.1,0.1,0.9,0.9,0.1,1.0,desktop,windows,chrome
DEV_005741,9,0,0,0,1,2491.95,276.8833333333333,109.06,0.2236305780135876,0.7908385898565204,6,9,2,0,0.0,0.0,0.0,0.6666666666666666,1.0,0.2222222222222222,0.0,mobile,android,safari
DEV_000258,3,0,0,0,0,315.87,105.29,66.56,0.22340603770810752,0.6597619740207055,1,2,1,0,0.0,0.0,0.0,0.3333333333333333,0.6666666666666666,0.3333333333333333,0.0,mobile,android,chrome
DEV_005607,10,0,0,0,2,762.84,76.284,36.58,0.22310391610817087,0.8506384019144753,9,10,5,10,0.0,0.0,0.0,0.9,1.0,0.5,1.0,mobile,linux,chrome
DEV_000559,19,1,2,2,1,1252.49,65.92052631578947,60.86,0.22258524741665017,0.9764186625463932,8,16,4,19,0.05263157894736842,0.10526315789473684,0.10526315789473684,0.42105263157894735,0.8421052631578947,0.21052631578947367,1.0,mobile,android,safari
DEV_000120,3,0,0,0,0,199.12,66.37333333333333,65.33,0.22216778235072066,0.6656751641672196,1,3,1,0,0.0,0.0,0.0,0.3333333333333333,1.0,0.3333333333333333,0.0,mobile,windows,safari
DEV_006271,4,0,0,0,1,704.14,176.035,145.01999999999998,0.22152564443073927,0.8698177653847564,3,4,1,0,0.0,0.0,0.0,0.75,1.0,0.25,0.0,mobile,ios,chrome
DEV_001310,10,1,1,1,0,811.91,81.191,67.25,0.2214808274992081,0.9387688414513552,3,10,2,10,0.1,0.1,0.1,0.3,1.0,0.2,1.0,desktop,ios,firefox
DEV_001681,14,1,1,1,2,1137.21,81.22928571428572,59.855000000000004,0.22134437961117134,0.9857347913309678,8,13,4,14,0.07142857142857142,0.07142857142857142,0.07142857142857142,0.5714285714285714,0.9285714285714286,0.2857142857142857,1.0,mobile,ios,chrome
DEV_005869,5,0,0,0,1,187.57,37.513999999999996,37.31,0.2210208176286134,0.8451541915242522,1,5,1,5,0.0,0.0,0.0,0.2,1.0,0.2,1.0,mobile,windows,chrome
DEV_000768,7,0,0,0,0,684.65,97.80714285714285,90.49,0.2207720210423673,0.5860131118244251,4,7,3,7,0.0,0.0,0.0,0.5714285714285714,1.0,0.42857142857142855,1.0,desktop,macos,chrome
DEV_001078,8,0,0,0,0,595.95,74.49375,73.57,0.22033927331153544,0.6492620560781159,2,8,4,8,0.0,0.0,0.0,0.25,1.0,0.5,1.0,mobile,macos,edge
DEV_003377,5,0,0,0,1,518.03,103.606,101.03,0.2202949976525627,0.7200225784916567,3,5,1,5,0.0,0.0,0.0,0.6,1.0,0.2,1.0,mobile,windows,chrome
DEV_000023,10,0,0,0,2,712.86,71.286,68.84,0.22027373614822313,0.8942200914513537,5,7,3,10,0.0,0.0,0.0,0.5,0.7,0.3,1.0,mobile,macos,firefox
DEV_007855,5,0,1,1,0,1050.65,210.13000000000002,257.61,0.22006298725928225,0.9883404975559568,4,5,1,0,0.0,0.2,0.2,0.8,1.0,0.2,0.0,mobile,ios,edge
DEV_001623,6,0,0,0,1,472.54999999999995,78.75833333333333,50.215,0.2198951334104011,0.7865033065340836,5,6,1,0,0.0,0.0,0.0,0.8333333333333334,1.0,0.16666666666666666,0.0,mobile,android,chrome
DEV_003318,4,0,0,0,1,1175.8500000000001,293.96250000000003,199.425,0.21975902493184515,0.8709728358017539,3,4,1,0,0.0,0.0,0.0,0.75,1.0,0.25,0.0,mobile,android,chrome
DEV_004090,11,1,1,1,1,1258.24,114.38545454545455,79.72,0.2196375723594792,0.9823182918291828,7,11,2,11,0.09090909090909091,0.09090909090909091,0.09090909090909091,0.6363636363636364,1.0,0.18181818181818182,1.0,desktop,windows,chrome
DEV_002337,9,0,0,0,2,1697.86,188.6511111111111,142.15,0.21896555207340718,0.8969515169092062,7,7,2,0,0.0,0.0,0.0,0.7777777777777778,0.7777777777777778,0.2222222222222222,0.0,tablet,android,chrome
DEV_007336,5,0,0,0,1,983.68,196.736,189.04,0.21893511541402727,0.8775799953247644,3,4,1,5,0.0,0.0,0.0,0.6,0.8,0.2,1.0,mobile,windows,chrome
DEV_002697,4,1,0,0,1,604.78,151.195,119.65,0.21825186018670403,0.8426584817877484,3,3,1,4,0.25,0.0,0.0,0.75,0.75,0.25,1.0,mobile,macos,firefox
DEV_005078,4,0,0,0,1,197.98,49.495,50.455,0.21767992030263944,0.86864415229218,2,3,2,0,0.0,0.0,0.0,0.5,0.75,0.5,0.0,mobile,macos,chrome
DEV_006170,6,0,0,0,0,1784.19,297.365,206.3,0.21758791059498586,0.6747339300716304,6,6,0,6,0.0,0.0,0.0,1.0,1.0,0.0,1.0,desktop,linux,edge
DEV_000523,7,0,0,0,1,859.86,122.83714285714287,57.83,0.21688629916055063,0.8443934725567294,3,6,1,7,0.0,0.0,0.0,0.42857142857142855,0.8571428571428571,0.14285714285714285,1.0,mobile,windows,chrome
DEV_004672,9,1,1,1,0,1339.34,148.81555555555553,45.69,0.21685842015363155,0.9677412643447648,1,6,2,9,0.1111111111111111,0.1111111111111111,0.1111111111111111,0.1111111111111111,0.6666666666666666,0.2222222222222222,1.0,mobile,ios,chrome
DEV_006679,8,0,0,0,1,968.13,121.01625,128.05,0.2158419045949397,0.8114718079026186,3,8,2,8,0.0,0.0,0.0,0.375,1.0,0.25,1.0,mobile,windows,firefox
DEV_002030,21,1,2,2,0,1665.6,79.31428571428572,52.53,0.21509400486460706,0.9335853033309016,11,17,5,21,0.047619047619047616,0.09523809523809523,0.09523809523809523,0.5238095238095238,0.8095238095238095,0.23809523809523808,1.0,mobile,ios,chrome
DEV_005455,17,1,0,0,3,2880.06,169.41529411764705,94.12,0.21483473724404978,0.8965462635141295,13,17,3,17,0.058823529411764705,0.0,0.0,0.7647058823529411,1.0,0.17647058823529413,1.0,mobile,ios,chrome
DEV_005164,4,0,0,0,1,205.54999999999998,51.387499999999996,53.56999999999999,0.21438973389541952,0.816053622182947,4,4,1,0,0.0,0.0,0.0,1.0,1.0,0.25,0.0,tablet,windows,firefox
DEV_007063,6,0,1,1,0,621.72,103.62,124.79999999999998,0.2142077408213424,0.9483563798641736,5,6,1,6,0.0,0.16666666666666666,0.16666666666666666,0.8333333333333334,1.0,0.16666666666666666,1.0,mobile,ios,chrome
DEV_003145,8,1,0,0,2,334.52,41.815,25.695,0.21418991529869463,0.8641987623140849,4,7,2,8,0.125,0.0,0.0,0.5,0.875,0.25,1.0,desktop,ios,chrome
DEV_005061,6,0,1,1,0,984.09,164.01500000000001,146.465,0.21404931577466582,0.9612287080247616,5,6,1,0,0.0,0.16666666666666666,0.16666666666666666,0.8333333333333334,1.0,0.16666666666666666,0.0,tablet,android,edge
DEV_000186,15,1,1,1,1,955.71,63.714000000000006,37.86,0.21401904226970508,0.9726990298553,10,13,5,15,0.06666666666666667,0.06666666666666667,0.06666666666666667,0.6666666666666666,0.8666666666666667,0.3333333333333333,1.0,mobile,android,safari
DEV_001367,7,1,1,1,0,1083.78,154.82571428571427,124.63,0.21386517372679908,0.9526206519340352,3,7,1,7,0.14285714285714285,0.14285714285714285,0.14285714285714285,0.42857142857142855,1.0,0.14285714285714285,1.0,mobile,android,chrome
DEV_004403,10,1,1,1,0,1954.32,195.432,162.40499999999997,0.21379278799802642,0.9976103165037192,6,10,2,10,0.1,0.1,0.1,0.6,1.0,0.2,1.0,mobile,windows,chrome
DEV_004475,4,0,0,0,1,303.26,75.815,52.040000000000006,0.21339528646826283,0.8244188843621427,2,3,1,0,0.0,0.0,0.0,0.5,0.75,0.25,0.0,mobile,windows,chrome
DEV_004737,5,1,1,1,0,409.86,81.97200000000001,51.51,0.21313383640318267,0.9458755173096116,2,5,1,5,0.2,0.2,0.2,0.4,1.0,0.2,1.0,mobile,macos,safari
DEV_007023,5,1,0,0,1,441.57,88.314,85.37,0.21268589439833768,0.7990759148255071,4,5,0,5,0.2,0.0,0.0,0.8,1.0,0.0,1.0,tablet,android,chrome
DEV_004294,5,1,1,1,0,820.48,164.096,94.24,0.21258569237974118,0.9656920459543024,3,3,1,0,0.2,0.2,0.2,0.6,0.6,0.2,0.0,mobile,macos,safari
DEV_002827,7,0,1,1,0,865.24,123.60571428571428,62.33,0.21191186866618633,0.9363065889053178,2,7,3,0,0.0,0.14285714285714285,0.14285714285714285,0.2857142857142857,1.0,0.42857142857142855,0.0,mobile,windows,chrome
DEV_003984,4,1,0,0,1,496.89,124.2225,50.305,0.21170718064159133,0.8172481095679898,3,3,1,0,0.25,0.0,0.0,0.75,0.75,0.25,0.0,desktop,android,chrome
DEV_003495,5,0,0,0,0,956.33,191.26600000000002,48.21,0.2116227904320235,0.6219119275534513,3,5,1,0,0.0,0.0,0.0,0.6,1.0,0.2,0.0,mobile,windows,chrome
DEV_006676,12,1,2,2,0,1671.68,139.30666666666667,76.74000000000001,0.21138996624513576,0.9963314703228346,7,12,4,12,0.08333333333333333,0.16666666666666666,0.16666666666666666,0.5833333333333334,1.0,0.3333333333333333,1.0,mobile,ios,firefox
DEV_000808,16,1,1,1,2,3108.1,194.25625,107.26,0.21134647072983,0.9940382804871892,10,15,6,16,0.0625,0.0625,0.0625,0.625,0.9375,0.375,1.0,mobile,ios,edge
DEV_007295,4,0,0,0,1,383.84000000000003,95.96000000000001,70.93,0.21103505241432022,0.8432737457225148,3,3,1,0,0.0,0.0,0.0,0.75,0.75,0.25,0.0,mobile,android,chrome
DEV_000471,4,1,0,0,1,222.24,55.56,35.78,0.21063315825083664,0.8365943304642378,3,4,1,0,0.25,0.0,0.0,0.75,1.0,0.25,0.0,desktop,android,chrome
DEV_000507,4,0,0,0,1,431.31,107.8275,81.65,0.20998364153564764,0.8344323476881799,3,4,2,0,0.0,0.0,0.0,0.75,1.0,0.5,0.0,desktop,macos,edge
DEV_007813,7,0,0,0,1,1678.0,239.71428571428572,73.31,0.20991043752001076,0.8813214165932441,4,5,2,0,0.0,0.0,0.0,0.5714285714285714,0.7142857142857143,0.2857142857142857,0.0,mobile,macos,chrome
DEV_007347,3,0,0,0,0,273.06,91.02,83.72,0.20982341141923744,0.5855005862929166,1,3,1,0,0.0,0.0,0.0,0.3333333333333333,1.0,0.3333333333333333,0.0,mobile,android,edge
DEV_003169,5,0,0,0,1,717.14,143.428,141.78,0.20946372773000627,0.7507338054511902,3,5,1,5,0.0,0.0,0.0,0.6,1.0,0.2,1.0,mobile,linux,edge
DEV_004506,3,0,0,0,0,578.62,192.87333333333333,87.07,0.20876210157503808,0.5262702086163872,2,3,1,3,0.0,0.0,0.0,0.6666666666666666,1.0,0.3333333333333333,1.0,desktop,android,chrome
DEV_003892,15,1,1,1,2,3436.94,229.12933333333334,82.32,0.20865178806728307,0.9296306451829978,11,15,4,15,0.06666666666666667,0.06666666666666667,0.06666666666666667,0.7333333333333333,1.0,0.26666666666666666,1.0,mobile,macos,chrome
DEV_001196,4,0,0,0,1,152.26999999999998,38.067499999999995,42.22,0.20842887329063395,0.8084068840482268,3,4,1,0,0.0,0.0,0.0,0.75,1.0,0.25,0.0,desktop,ios,chrome
DEV_005558,4,0,0,0,1,332.88,83.22,83.35,0.20812227964471172,0.8314144502252631,2,4,1,0,0.0,0.0,0.0,0.5,1.0,0.25,0.0,mobile,linux,chrome
DEV_005775,11,1,0,0,2,879.04,79.91272727272727,28.92,0.20782063970449033,0.8956481795914227,8,11,3,11,0.09090909090909091,0.0,0.0,0.7272727272727273,1.0,0.2727272727272727,1.0,mobile,ios,chrome
DEV_001339,4,0,0,0,0,1171.93,292.9825,222.36,0.20780889220973164,0.5378272665953817,1,3,2,0,0.0,0.0,0.0,0.25,0.75,0.5,0.0,mobile,ios,safari
DEV_006805,5,1,1,1,0,595.35,119.07000000000001,46.52,0.20751063420306542,0.9872069005215856,1,4,1,5,0.2,0.2,0.2,0.2,0.8,0.2,1.0,mobile,ios,chrome
DEV_000358,8,0,0,0,1,598.86,74.8575,62.040000000000006,0.20726703817777295,0.8783108836351258,3,8,2,8,0.0,0.0,0.0,0.375,1.0,0.25,1.0,mobile,linux,chrome
DEV_004457,5,0,1,1,0,650.99,130.198,103.08,0.2072461161999332,0.955741957431376,3,5,2,5,0.0,0.2,0.2,0.6,1.0,0.4,1.0,mobile,windows,edge
DEV_000664,8,1,1,1,0,1125.52,140.69,67.955,0.207111371851167,0.9563035496662508,7,8,2,0,0.125,0.125,0.125,0.875,1.0,0.25,0.0,mobile,ios,chrome
DEV_006737,5,1,1,1,0,1151.42,230.28400000000002,58.94,0.20701802827195542,0.9956809224914908,2,5,1,0,0.2,0.2,0.2,0.4,1.0,0.2,0.0,mobile,ios,safari
DEV_004657,3,0,0,0,0,269.84999999999997,89.94999999999999,51.85,0.20691595041245023,0.5988184347678437,1,3,2,3,0.0,0.0,0.0,0.3333333333333333,1.0,0.6666666666666666,1.0,desktop,ios,chrome
DEV_004980,9,0,1,1,0,1768.92,196.54666666666668,200.41,0.20674636754636413,0.9143936919254592,8,9,3,0,0.0,0.1111111111111111,0.1111111111111111,0.8888888888888888,1.0,0.3333333333333333,0.0,mobile,windows,edge
DEV_003474,5,0,0,0,0,352.94,70.588,62.77,0.20673945075886757,0.6075851962888346,2,4,2,0,0.0,0.0,0.0,0.4,0.8,0.4,0.0,mobile,android,safari
DEV_001743,3,0,0,0,0,632.61,210.87,186.96,0.2066967619489187,0.5794930751474284,2,3,1,0,0.0,0.0,0.0,0.6666666666666666,1.0,0.3333333333333333,0.0,mobile,macos,chrome
DEV_005818,5,0,0,0,0,903.03,180.606,219.58,0.20663499907157354,0.5890973704193064,3,5,3,0,0.0,0.0,0.0,0.6,1.0,0.6,0.0,mobile,windows,firefox
DEV_002880,3,0,0,0,0,283.46,94.48666666666666,84.42,0.20661667089092986,0.2932705628366494,1,3,1,3,0.0,0.0,0.0,0.3333333333333333,1.0,0.3333333333333333,1.0,desktop,android,chrome
DEV_007705,12,1,0,0,1,1258.15,104.84583333333335,113.545,0.20642831425311212,0.779137007515307,8,12,6,12,0.08333333333333333,0.0,0.0,0.6666666666666666,1.0,0.5,1.0,tablet,macos,chrome
DEV_007000,4,1,0,0,1,241.61,60.4025,33.515,0.20606045895589672,0.8233101155296298,1,4,0,4,0.25,0.0,0.0,0.25,1.0,0.0,1.0,desktop,ios,chrome
DEV_003515,8,0,0,0,1,880.0899999999999,110.01124999999999,47.769999999999996,0.2056985821117788,0.8215237119017224,1,8,3,8,0.0,0.0,0.0,0.125,1.0,0.375,1.0,mobile,windows,chrome
DEV_000986,15,1,2,2,1,1663.23,110.882,72.46,0.2054181225539555,0.994900323584322,6,9,5,15,0.06666666666666667,0.13333333333333333,0.13333333333333333,0.4,0.6,0.3333333333333333,1.0,desktop,macos,edge
DEV_002105,4,0,0,0,1,288.45,72.1125,24.615000000000002,0.20510277048187905,0.811892529203694,3,4,1,4,0.0,0.0,0.0,0.75,1.0,0.25,1.0,mobile,ios,firefox
DEV_002792,8,0,0,0,1,373.07,46.63375,31.42,0.20495119338070175,0.7705378144720904,3,7,2,0,0.0,0.0,0.0,0.375,0.875,0.25,0.0,mobile,macos,chrome
DEV_001497,5,1,1,1,0,1735.4,347.08000000000004,310.01,0.20490691854604184,0.9933384634151288,3,5,1,5,0.2,0.2,0.2,0.6,1.0,0.2,1.0,tablet,macos,chrome
DEV_002933,4,1,0,0,1,564.75,141.1875,85.485,0.2047817824779783,0.8012959571080677,2,3,1,0,0.25,0.0,0.0,0.5,0.75,0.25,0.0,desktop,ios,chrome
DEV_001891,4,0,0,0,0,472.62,118.155,107.45500000000001,0.20459585442216824,0.4752824857620588,1,4,1,4,0.0,0.0,0.0,0.25,1.0,0.25,1.0,desktop,android,chrome
DEV_002179,4,0,0,0,1,855.33,213.8325,249.16,0.2041848983508993,0.8112151123387709,1,3,1,4,0.0,0.0,0.0,0.25,0.75,0.25,1.0,mobile,android,chrome
DEV_007811,4,0,0,0,1,331.98,82.995,70.26,0.20413061538159358,0.8068172281528118,4,4,1,0,0.0,0.0,0.0,1.0,1.0,0.25,0.0,desktop,android,firefox
DEV_001203,4,0,0,0,0,434.35999999999996,108.58999999999999,50.504999999999995,0.20370810491568092,0.4999472592499722,2,3,1,4,0.0,0.0,0.0,0.5,0.75,0.25,1.0,mobile,macos,chrome
DEV_001285,7,2,0,0,1,599.09,85.58428571428571,59.1,0.20341850338269715,0.8795832130989476,3,7,2,0,0.2857142857142857,0.0,0.0,0.42857142857142855,1.0,0.2857142857142857,0.0,mobile,windows,edge
DEV_003962,4,0,0,0,1,516.99,129.2475,126.055,0.2034036725340657,0.8043227341114685,2,3,2,4,0.0,0.0,0.0,0.5,0.75,0.5,1.0,mobile,ios,chrome
DEV_001045,8,2,1,1,0,1413.37,176.67125,162.57,0.2034021331810962,0.9252621717342538,6,8,2,0,0.25,0.125,0.125,0.75,1.0,0.25,0.0,mobile,android,safari
DEV_001520,9,2,0,0,2,1116.68,124.07555555555557,100.36,0.2031473296501238,0.8563839708834025,5,9,1,9,0.2222222222222222,0.0,0.0,0.5555555555555556,1.0,0.1111111111111111,1.0,tablet,ios,chrome
DEV_002421,9,0,1,1,1,806.24,89.58222222222223,59.4,0.20314694356706667,0.9513305133769548,3,9,3,9,0.0,0.1111111111111111,0.1111111111111111,0.3333333333333333,1.0,0.3333333333333333,1.0,desktop,ios,firefox
DEV_006308,5,1,1,1,0,707.79,141.558,133.04,0.20262199626186722,0.9154008325041936,5,5,1,0,0.2,0.2,0.2,1.0,1.0,0.2,0.0,mobile,android,chrome
DEV_003530,5,0,0,0,0,578.53,115.70599999999999,129.19,0.20239417756310135,0.5783225624659064,3,5,2,0,0.0,0.0,0.0,0.6,1.0,0.4,0.0,desktop,linux,firefox
DEV_000452,8,0,1,1,1,1178.1200000000001,147.26500000000001,64.96,0.20235067103321855,0.9098376752793016,6,8,2,0,0.0,0.125,0.125,0.75,1.0,0.25,0.0,desktop,android,chrome
DEV_006520,6,0,0,0,1,867.4,144.56666666666666,167.29,0.20213672641539057,0.8225361330632609,4,6,1,6,0.0,0.0,0.0,0.6666666666666666,1.0,0.16666666666666666,1.0,mobile,windows,chrome
DEV_003418,3,0,0,0,0,550.32,183.44000000000003,243.22,0.20211907292596445,0.6006292494042376,0,2,1,0,0.0,0.0,0.0,0.0,0.6666666666666666,0.3333333333333333,0.0,mobile,windows,safari
DEV_001233,8,0,0,0,1,1649.34,206.1675,173.20499999999998,0.20188032507342793,0.8122818685437974,7,8,3,0,0.0,0.0,0.0,0.875,1.0,0.375,0.0,desktop,ios,chrome
DEV_000833,13,0,1,1,2,4170.639999999999,320.8184615384615,237.31,0.2018255794576418,0.930398309958775,5,12,5,0,0.0,0.07692307692307693,0.07692307692307693,0.38461538461538464,0.9230769230769231,0.38461538461538464,0.0,mobile,macos,chrome
DEV_007183,5,1,1,1,0,407.15,81.42999999999999,32.24,0.20122141539768776,0.972295853874997,4,5,1,0,0.2,0.2,0.2,0.8,1.0,0.2,0.0,mobile,ios,chrome
DEV_006030,8,1,1,1,0,385.73,48.21625,28.85,0.2012110276161357,0.9786797296545438,2,8,4,8,0.125,0.125,0.125,0.25,1.0,0.5,1.0,mobile,macos,chrome
DEV_007538,3,0,0,0,0,412.55,137.51666666666668,58.15,0.2009157256980214,0.5921248925725153,1,2,1,0,0.0,0.0,0.0,0.3333333333333333,0.6666666666666666,0.3333333333333333,0.0,mobile,macos,edge
DEV_004966,4,0,0,0,1,448.9,112.225,44.465,0.20083913133741274,0.756687517243569,4,4,1,0,0.0,0.0,0.0,1.0,1.0,0.25,0.0,mobile,android,safari
DEV_004847,6,0,0,0,1,668.65,111.44166666666666,84.66,0.2006128906576032,0.8034369286336808,5,6,1,0,0.0,0.0,0.0,0.8333333333333334,1.0,0.16666666666666666,0.0,mobile,windows,safari
DEV_001573,5,0,0,0,1,1443.39,288.678,67.21,0.20060023345249606,0.7364469192836777,2,5,1,0,0.0,0.0,0.0,0.4,1.0,0.2,0.0,mobile,android,edge
DEV_001603,10,0,0,0,0,838.9399999999999,83.89399999999999,62.035,0.19981873203901637,0.6299046047737736,8,9,0,10,0.0,0.0,0.0,0.8,0.9,0.0,1.0,desktop,android,safari
DEV_000038,3,1,0,0,0,472.95,157.65,51.45,0.19979850137611613,0.567246066846177,1,3,2,0,0.3333333333333333,0.0,0.0,0.3333333333333333,1.0,0.6666666666666666,0.0,mobile,macos,chrome
DEV_002384,5,1,1,1,0,717.4100000000001,143.48200000000003,67.14,0.19959916705886624,0.9947422734853066,2,5,0,0,0.2,0.2,0.2,0.4,1.0,0.0,0.0,mobile,macos,firefox
DEV_005248,4,0,0,0,1,126.72,31.68,22.075000000000003,0.19944762355591633,0.725287182641893,2,3,2,0,0.0,0.0,0.0,0.5,0.75,0.5,0.0,mobile,linux,firefox
DEV_004210,4,0,0,0,0,1187.67,296.9175,305.38,0.19944210698705536,0.6442967778103555,0,4,1,4,0.0,0.0,0.0,0.0,1.0,0.25,1.0,mobile,windows,firefox
DEV_000931,4,1,0,0,1,992.89,248.2225,140.85,0.19907372979007473,0.7943857256269653,3,4,1,0,0.25,0.0,0.0,0.75,1.0,0.25,0.0,mobile,ios,chrome
DEV_003002,10,1,1,1,0,2163.86,216.38600000000002,160.05,0.1988375600668215,0.9956426781605908,8,10,2,10,0.1,0.1,0.1,0.8,1.0,0.2,1.0,desktop,ios,edge
DEV_005458,5,0,0,0,0,764.01,152.802,119.29,0.19859875689422835,0.5023320529461376,1,5,0,5,0.0,0.0,0.0,0.2,1.0,0.0,1.0,desktop,macos,safari
DEV_007245,9,1,0,0,2,1036.26,115.14,98.14,0.19852542305545345,0.898594373701756,5,9,3,9,0.1111111111111111,0.0,0.0,0.5555555555555556,1.0,0.3333333333333333,1.0,mobile,linux,firefox
DEV_005508,6,0,1,1,0,811.74,135.29,101.815,0.19812869676826786,0.936110035331696,4,6,2,0,0.0,0.16666666666666666,0.16666666666666666,0.6666666666666666,1.0,0.3333333333333333,0.0,mobile,android,safari
DEV_004631,6,1,0,0,1,657.74,109.62333333333333,70.53,0.19747611353962294,0.889293142006653,3,6,1,6,0.16666666666666666,0.0,0.0,0.5,1.0,0.16666666666666666,1.0,mobile,ios,edge
DEV_003259,4,0,0,0,0,405.44000000000005,101.36000000000001,92.41,0.19747291246346185,0.6301082464513471,1,4,1,0,0.0,0.0,0.0,0.25,1.0,0.25,0.0,mobile,ios,safari
DEV_000041,8,1,0,0,0,636.54,79.5675,47.295,0.19695265545342114,0.4938039715811576,4,8,2,8,0.125,0.0,0.0,0.5,1.0,0.25,1.0,mobile,android,safari
DEV_007264,9,1,0,0,1,838.68,93.18666666666667,79.05,0.19639839759690988,0.8763923242409537,6,7,2,0,0.1111111111111111,0.0,0.0,0.6666666666666666,0.7777777777777778,0.2222222222222222,0.0,desktop,windows,chrome
DEV_000413,6,1,1,1,0,1486.3899999999999,247.73166666666665,194.125,0.19634233862032793,0.9201934916818674,5,6,1,0,0.16666666666666666,0.16666666666666666,0.16666666666666666,0.8333333333333334,1.0,0.16666666666666666,0.0,mobile,android,firefox
DEV_004425,4,0,0,0,1,393.15,98.2875,112.86,0.1962761938443262,0.7681717259387328,1,3,2,0,0.0,0.0,0.0,0.25,0.75,0.5,0.0,mobile,android,edge
DEV_002390,7,0,0,0,1,856.92,122.41714285714285,126.72,0.19614473155485546,0.8755760306949097,2,7,2,0,0.0,0.0,0.0,0.2857142857142857,1.0,0.2857142857142857,0.0,desktop,ios,edge
DEV_000359,5,1,0,0,1,575.9499999999999,115.18999999999998,64.32,0.19598616325292306,0.8499525346841852,1,1,0,0,0.2,0.0,0.0,0.2,0.2,0.0,0.0,desktop,ios,safari
DEV_005568,4,0,0,0,1,250.86999999999998,62.717499999999994,64.765,0.1959551769484964,0.7338937608706843,2,4,1,4,0.0,0.0,0.0,0.5,1.0,0.25,1.0,mobile,ios,chrome
DEV_003879,7,1,1,1,0,736.4200000000001,105.20285714285716,23.44,0.1959436524141677,0.9002843070788559,2,5,2,0,0.14285714285714285,0.14285714285714285,0.14285714285714285,0.2857142857142857,0.7142857142857143,0.2857142857142857,0.0,mobile,android,chrome
DEV_006221,9,1,1,1,0,694.85,77.20555555555556,65.0,0.19592153930571818,0.9306103960216492,1,7,5,9,0.1111111111111111,0.1111111111111111,0.1111111111111111,0.1111111111111111,0.7777777777777778,0.5555555555555556,1.0,mobile,windows,edge
DEV_002408,5,1,0,0,1,793.8000000000001,158.76000000000002,148.19,0.19573715108323622,0.887654968407435,4,5,2,0,0.2,0.0,0.0,0.8,1.0,0.4,0.0,desktop,windows,chrome
DEV_005750,5,0,0,0,0,1176.32,235.26399999999998,205.11,0.19564268706152418,0.4596850145966912,4,5,0,5,0.0,0.0,0.0,0.8,1.0,0.0,1.0,desktop,windows,safari
DEV_007156,5,0,1,1,0,282.47,56.49400000000001,40.5,0.19562584888544507,0.9452359063831454,4,5,2,5,0.0,0.2,0.2,0.8,1.0,0.4,1.0,mobile,ios,edge
DEV_003754,3,0,0,0,0,369.7,123.23333333333333,114.46,0.1955491176069035,0.581843987142394,2,3,1,0,0.0,0.0,0.0,0.6666666666666666,1.0,0.3333333333333333,0.0,mobile,windows,edge
DEV_000445,5,1,0,0,1,513.81,102.76199999999999,49.29,0.1955376071800718,0.862653356973004,2,4,1,0,0.2,0.0,0.0,0.4,0.8,0.2,0.0,mobile,android,chrome
DEV_005024,10,1,0,0,1,628.1899999999999,62.818999999999996,34.735,0.19538941624732611,0.8734936025368492,5,10,4,0,0.1,0.0,0.0,0.5,1.0,0.4,0.0,mobile,macos,safari
DEV_000706,8,0,0,0,1,1294.1299999999999,161.76624999999999,125.53999999999999,0.19522544868469677,0.8105126976709739,8,8,3,0,0.0,0.0,0.0,1.0,1.0,0.375,0.0,mobile,android,chrome
DEV_000159,11,1,1,1,1,449.22,40.83818181818182,26.72,0.19521956051923023,0.9123928655177502,6,10,3,11,0.09090909090909091,0.09090909090909091,0.09090909090909091,0.5454545454545454,0.9090909090909091,0.2727272727272727,1.0,desktop,windows,chrome
DEV_002668,4,0,0,0,1,789.1899999999999,197.29749999999999,123.665,0.19514947553166379,0.7690803130688902,2,2,1,4,0.0,0.0,0.0,0.5,0.5,0.25,1.0,desktop,linux,firefox
DEV_005804,4,1,0,0,0,1061.79,265.4475,80.875,0.1946595385583408,0.5003519331972787,4,4,2,0,0.25,0.0,0.0,1.0,1.0,0.5,0.0,mobile,macos,chrome
DEV_001152,4,0,0,0,0,579.11,144.7775,87.775,0.1945440116405829,0.4939164715523169,3,4,1,4,0.0,0.0,0.0,0.75,1.0,0.25,1.0,mobile,ios,chrome
DEV_004689,8,2,1,1,0,757.6,94.7,37.415,0.19370691268656853,0.9826221278842312,4,7,3,0,0.25,0.125,0.125,0.5,0.875,0.375,0.0,mobile,android,safari
DEV_005478,10,1,1,1,0,1207.72,120.772,93.91,0.19349269930810006,0.986576012419168,3,8,3,0,0.1,0.1,0.1,0.3,0.8,0.3,0.0,mobile,android,chrome
DEV_001295,10,1,0,0,2,1902.8300000000002,190.28300000000002,164.22500000000002,0.1934814876862637,0.8636407191015139,3,10,2,0,0.1,0.0,0.0,0.3,1.0,0.2,0.0,mobile,windows,chrome
DEV_001951,21,2,1,1,2,2275.18,108.34190476190476,95.89,0.19340104965698307,0.9534003921527184,13,21,5,21,0.09523809523809523,0.047619047619047616,0.047619047619047616,0.6190476190476191,1.0,0.23809523809523808,1.0,mobile,windows,chrome
DEV_002561,12,0,0,0,1,1035.46,86.28833333333334,75.41999999999999,0.19298864602885435,0.7068286190544377,8,12,1,12,0.0,0.0,0.0,0.6666666666666666,1.0,0.08333333333333333,1.0,mobile,android,chrome
DEV_004837,5,0,1,1,0,1718.72,343.744,208.24,0.19288479249755847,0.9277297196534832,4,5,2,0,0.0,0.2,0.2,0.8,1.0,0.4,0.0,desktop,macos,safari
DEV_000985,8,0,0,0,1,1142.82,142.8525,93.985,0.19276144343646853,0.8524991285603607,5,8,2,0,0.0,0.0,0.0,0.625,1.0,0.25,0.0,desktop,windows,firefox
DEV_005099,5,0,0,0,1,739.2,147.84,139.76,0.19239027802377046,0.7520817049149372,4,5,2,0,0.0,0.0,0.0,0.8,1.0,0.4,0.0,desktop,ios,firefox
DEV_001049,9,0,0,0,0,591.61,65.73444444444445,52.07,0.1923293237713528,0.6650107738994117,6,9,0,9,0.0,0.0,0.0,0.6666666666666666,1.0,0.0,1.0,desktop,windows,firefox
DEV_006184,15,1,0,0,1,1189.18,79.27866666666667,63.38,0.19228886352444244,0.7071003625119481,8,15,1,15,0.06666666666666667,0.0,0.0,0.5333333333333333,1.0,0.06666666666666667,1.0,desktop,android,chrome
DEV_001294,9,1,1,1,1,756.3199999999999,84.03555555555555,64.45,0.19173858513972034,0.9345201458476644,5,9,4,0,0.1111111111111111,0.1111111111111111,0.1111111111111111,0.5555555555555556,1.0,0.4444444444444444,0.0,mobile,ios,firefox
DEV_005180,5,1,0,0,1,549.6800000000001,109.936,85.83,0.19152112989817185,0.7738559556687153,3,5,1,0,0.2,0.0,0.0,0.6,1.0,0.2,0.0,mobile,ios,edge
DEV_000419,11,0,0,0,2,1297.0,117.9090909090909,63.82,0.19140069720706965,0.8911132907207003,4,8,2,11,0.0,0.0,0.0,0.36363636363636365,0.7272727272727273,0.18181818181818182,1.0,desktop,macos,firefox
DEV_004084,10,0,0,0,1,795.59,79.559,65.31,0.19125307076422393,0.8595175514243155,7,10,2,10,0.0,0.0,0.0,0.7,1.0,0.2,1.0,mobile,windows,chrome
DEV_001059,13,1,1,1,1,802.27,61.71307692307692,56.81,0.19124667780001664,0.9380954870688692,7,12,4,13,0.07692307692307693,0.07692307692307693,0.07692307692307693,0.5384615384615384,0.9230769230769231,0.3076923076923077,1.0,mobile,windows,chrome
DEV_001613,4,0,0,0,1,417.42,104.355,108.65,0.1909949662852326,0.7618565516784415,0,4,1,4,0.0,0.0,0.0,0.0,1.0,0.25,1.0,mobile,ios,chrome
DEV_005631,5,0,0,0,1,760.11,152.022,74.32,0.19076898381510005,0.8624461144271508,2,4,4,0,0.0,0.0,0.0,0.4,0.8,0.8,0.0,desktop,ios,edge
DEV_007180,6,0,0,0,1,1101.73,183.62166666666667,193.625,0.1906794492609081,0.8845036872758261,3,6,1,6,0.0,0.0,0.0,0.5,1.0,0.16666666666666666,1.0,desktop,android,firefox
DEV_000904,15,1,2,2,0,1896.6399999999999,126.44266666666665,35.79,0.1905969078299618,0.993706553477937,4,14,4,15,0.06666666666666667,0.13333333333333333,0.13333333333333333,0.26666666666666666,0.9333333333333333,0.26666666666666666,1.0,mobile,android,chrome
DEV_005930,6,1,1,1,0,1044.56,174.09333333333333,43.394999999999996,0.19050703021186985,0.9571790422055024,2,5,3,0,0.16666666666666666,0.16666666666666666,0.16666666666666666,0.3333333333333333,0.8333333333333334,0.5,0.0,desktop,ios,chrome
DEV_003233,10,0,0,0,2,1056.3,105.63,63.91,0.1904967267575399,0.8300391479385201,4,10,3,10,0.0,0.0,0.0,0.4,1.0,0.3,1.0,mobile,android,chrome
DEV_005012,3,0,0,0,0,80.12,26.706666666666667,26.62,0.19025370393376698,0.550956567020081,0,3,0,3,0.0,0.0,0.0,0.0,1.0,0.0,1.0,mobile,android,edge
DEV_004857,4,0,0,0,0,666.6,166.65,156.66,0.18999588421359684,0.3320177302961847,2,4,1,4,0.0,0.0,0.0,0.5,1.0,0.25,1.0,desktop,android,chrome
DEV_003224,5,0,0,0,1,558.0,111.6,91.35,0.18906995102591415,0.8051479761272036,2,5,1,5,0.0,0.0,0.0,0.4,1.0,0.2,1.0,mobile,windows,firefox
DEV_007222,13,0,0,0,1,2822.38,217.10615384615386,75.02,0.1890468537501063,0.8515569484317034,10,12,1,0,0.0,0.0,0.0,0.7692307692307693,0.9230769230769231,0.07692307692307693,0.0,mobile,macos,chrome
DEV_002359,3,0,0,0,0,370.15999999999997,123.38666666666666,64.95,0.18878839849802576,0.4957268823924701,2,3,1,0,0.0,0.0,0.0,0.6666666666666666,1.0,0.3333333333333333,0.0,desktop,ios,chrome
DEV_007628,5,1,1,1,0,490.03,98.006,56.15,0.18832915068713368,0.9289862173715604,1,5,2,0,0.2,0.2,0.2,0.2,1.0,0.4,0.0,mobile,linux,firefox
DEV_002865,10,0,0,0,1,659.58,65.958,41.735,0.18823890138392252,0.8974364984814968,5,8,3,10,0.0,0.0,0.0,0.5,0.8,0.3,1.0,mobile,android,safari
DEV_004754,6,0,1,1,0,709.15,118.19166666666666,98.13499999999999,0.18816171372716628,0.9591895940200922,2,3,2,0,0.0,0.16666666666666666,0.16666666666666666,0.3333333333333333,0.5,0.3333333333333333,0.0,tablet,macos,edge
DEV_002465,5,0,0,0,1,641.87,128.374,100.54,0.18804983948621598,0.8243630359920583,3,5,2,0,0.0,0.0,0.0,0.6,1.0,0.4,0.0,mobile,linux,edge
DEV_005298,6,1,0,0,1,1323.3400000000001,220.5566666666667,110.94,0.18778848836526363,0.7659987144109139,4,6,1,0,0.16666666666666666,0.0,0.0,0.6666666666666666,1.0,0.16666666666666666,0.0,mobile,macos,chrome
DEV_000732,6,0,0,0,1,732.1999999999999,122.03333333333332,84.93,0.18774040112281212,0.7910476180900559,5,5,1,0,0.0,0.0,0.0,0.8333333333333334,0.8333333333333334,0.16666666666666666,0.0,mobile,android,firefox
DEV_004763,4,0,0,0,0,622.34,155.585,164.45,0.18767864247385072,0.4329160205732349,3,4,1,4,0.0,0.0,0.0,0.75,1.0,0.25,1.0,desktop,windows,firefox
DEV_002853,14,1,0,0,3,1921.45,137.24642857142857,107.5,0.1871833163277315,0.8513554286229109,10,14,3,14,0.07142857142857142,0.0,0.0,0.7142857142857143,1.0,0.21428571428571427,1.0,mobile,android,chrome
DEV_001241,5,1,1,1,0,461.01,92.202,65.93,0.18714555985220852,0.920486392537457,3,5,1,0,0.2,0.2,0.2,0.6,1.0,0.2,0.0,desktop,android,firefox
DEV_002271,6,1,0,0,1,1542.87,257.145,197.825,0.18696201682347624,0.8032898302921064,3,6,2,0,0.16666666666666666,0.0,0.0,0.5,1.0,0.3333333333333333,0.0,mobile,windows,chrome
DEV_000196,14,0,0,0,2,2685.66,191.83285714285714,152.60500000000002,0.1868323162756381,0.8222434582597645,9,14,4,0,0.0,0.0,0.0,0.6428571428571429,1.0,0.2857142857142857,0.0,desktop,macos,safari
DEV_005356,6,1,0,0,1,887.5,147.91666666666666,99.185,0.18657864774274338,0.8357990086033941,2,6,3,0,0.16666666666666666,0.0,0.0,0.3333333333333333,1.0,0.5,0.0,desktop,ios,chrome
DEV_006102,14,1,1,1,0,1770.3500000000001,126.45357142857144,39.66,0.18641403726902014,0.9503695152383624,11,14,4,0,0.07142857142857142,0.07142857142857142,0.07142857142857142,0.7857142857142857,1.0,0.2857142857142857,0.0,mobile,macos,edge
DEV_006137,6,0,0,0,1,495.40999999999997,82.56833333333333,57.68,0.18640550557871238,0.8451034142937545,4,6,1,0,0.0,0.0,0.0,0.6666666666666666,1.0,0.16666666666666666,0.0,mobile,ios,chrome
DEV_006804,5,0,0,0,1,576.64,115.328,108.0,0.18591927182527757,0.7246005373506874,1,5,1,5,0.0,0.0,0.0,0.2,1.0,0.2,1.0,mobile,windows,safari
DEV_005330,6,1,1,1,0,681.2,113.53333333333335,67.2,0.1858356749944773,0.9642092013345512,2,3,1,6,0.16666666666666666,0.16666666666666666,0.16666666666666666,0.3333333333333333,0.5,0.16666666666666666,1.0,desktop,windows,firefox
DEV_005049,3,0,0,0,0,332.09000000000003,110.69666666666667,77.4,0.1858208787462963,0.4930866132981872,3,3,1,0,0.0,0.0,0.0,1.0,1.0,0.3333333333333333,0.0,desktop,windows,chrome
DEV_006267,5,0,1,1,0,342.31,68.462,54.9,0.18556010606334136,0.9205886972543402,4,5,2,5,0.0,0.2,0.2,0.8,1.0,0.4,1.0,desktop,macos,chrome
DEV_002884,7,0,0,0,0,768.27,109.75285714285714,84.99,0.1851194918702291,0.6718170676009083,7,7,1,0,0.0,0.0,0.0,1.0,1.0,0.14285714285714285,0.0,mobile,windows,safari
DEV_005221,5,0,0,0,1,443.48,88.696,52.86,0.18497239049792102,0.804058113107462,3,5,1,5,0.0,0.0,0.0,0.6,1.0,0.2,1.0,mobile,macos,firefox
DEV_005001,10,0,0,0,1,961.7099999999999,96.17099999999999,51.735,0.18375016643551,0.7120489627562137,5,8,1,10,0.0,0.0,0.0,0.5,0.8,0.1,1.0,mobile,windows,chrome
DEV_003149,7,0,1,1,0,781.4699999999999,111.63857142857141,34.98,0.18308462362260222,0.9104881777053628,2,6,3,0,0.0,0.14285714285714285,0.14285714285714285,0.2857142857142857,0.8571428571428571,0.42857142857142855,0.0,desktop,macos,edge
DEV_003124,5,0,0,0,1,756.6600000000001,151.33200000000002,158.21,0.1828889204057116,0.7714613489925181,2,3,1,5,0.0,0.0,0.0,0.4,0.6,0.2,1.0,mobile,ios,chrome
DEV_005401,4,0,0,0,1,902.0999999999999,225.52499999999998,180.405,0.18249838925638578,0.728388304010303,0,1,1,4,0.0,0.0,0.0,0.0,0.25,0.25,1.0,desktop,android,chrome
DEV_007416,5,1,1,1,0,1012.3199999999999,202.464,44.13,0.18236531726390362,0.9011700226432926,2,5,1,0,0.2,0.2,0.2,0.4,1.0,0.2,0.0,desktop,macos,firefox
DEV_007442,11,1,1,1,0,3592.85,326.6227272727273,252.29,0.18228024491821196,0.9826141275932008,9,11,1,11,0.09090909090909091,0.09090909090909091,0.09090909090909091,0.8181818181818182,1.0,0.09090909090909091,1.0,desktop,windows,chrome
DEV_001837,11,0,0,0,1,2242.2,203.83636363636361,197.77,0.18186875636430203,0.7937658614516251,5,11,4,0,0.0,0.0,0.0,0.45454545454545453,1.0,0.36363636363636365,0.0,desktop,ios,chrome
DEV_006853,3,0,0,0,0,448.61,149.53666666666666,158.55,0.1818562878156074,0.5309093266756018,0,3,1,0,0.0,0.0,0.0,0.0,1.0,0.3333333333333333,0.0,tablet,android,edge
DEV_005352,13,0,1,1,0,1399.92,107.68615384615386,72.66,0.18179193144902833,0.941405999528236,4,13,3,13,0.0,0.07692307692307693,0.07692307692307693,0.3076923076923077,1.0,0.23076923076923078,1.0,mobile,windows,firefox
DEV_005209,6,0,0,0,1,1854.6799999999998,309.1133333333333,278.545,0.18173725817435094,0.7235840867493714,3,6,1,6,0.0,0.0,0.0,0.5,1.0,0.16666666666666666,1.0,desktop,linux,chrome
DEV_001150,13,1,0,0,2,1809.7,139.2076923076923,71.83,0.18166314761314759,0.838331832356401,2,12,4,13,0.07692307692307693,0.0,0.0,0.15384615384615385,0.9230769230769231,0.3076923076923077,1.0,mobile,windows,chrome
DEV_006465,10,1,1,1,0,3273.05,327.305,313.54499999999996,0.18114988421453615,0.9912826258832256,6,10,5,0,0.1,0.1,0.1,0.6,1.0,0.5,0.0,mobile,windows,chrome
DEV_003143,9,1,0,0,1,599.0600000000001,66.56222222222223,56.13,0.18110533396949866,0.7002704920238659,3,9,3,9,0.1111111111111111,0.0,0.0,0.3333333333333333,1.0,0.3333333333333333,1.0,mobile,windows,edge
DEV_005778,4,0,0,0,1,117.59,29.3975,26.655,0.18106757254810105,0.7160143127880344,2,4,0,4,0.0,0.0,0.0,0.5,1.0,0.0,1.0,desktop,windows,chrome
DEV_007155,5,0,0,0,0,259.55,51.910000000000004,13.26,0.18105226775429067,0.6676465930342685,3,5,2,0,0.0,0.0,0.0,0.6,1.0,0.4,0.0,mobile,ios,chrome
DEV_004947,6,1,1,1,0,1698.3799999999999,283.06333333333333,279.735,0.18035194561690884,0.99619238709991,3,6,2,0,0.16666666666666666,0.16666666666666666,0.16666666666666666,0.5,1.0,0.3333333333333333,0.0,mobile,android,chrome
DEV_002682,5,0,0,0,0,481.86,96.372,79.52,0.18033621071091915,0.5414381749678192,3,4,1,5,0.0,0.0,0.0,0.6,0.8,0.2,1.0,desktop,windows,chrome
DEV_005520,19,0,0,0,0,2196.93,115.6278947368421,90.89,0.17997439252275588,0.677079661862523,8,19,5,0,0.0,0.0,0.0,0.42105263157894735,1.0,0.2631578947368421,0.0,desktop,android,firefox
DEV_004142,4,0,0,0,1,152.5,38.125,37.915,0.179642464834406,0.7082778106969665,3,4,0,0,0.0,0.0,0.0,0.75,1.0,0.0,0.0,tablet,macos,chrome
DEV_004088,12,0,0,0,2,4661.15,388.4291666666666,240.07,0.17963387019724852,0.7912548367430619,5,12,2,0,0.0,0.0,0.0,0.4166666666666667,1.0,0.16666666666666666,0.0,mobile,android,safari
DEV_004007,11,0,1,1,1,1144.58,104.05272727272727,45.27,0.1796241449979899,0.9245704681392756,5,11,2,0,0.0,0.09090909090909091,0.09090909090909091,0.45454545454545453,1.0,0.18181818181818182,0.0,mobile,android,chrome
DEV_003635,13,1,1,1,1,1080.93,83.14846153846155,33.13,0.17905929038490748,0.9620940670119452,5,10,4,0,0.07692307692307693,0.07692307692307693,0.07692307692307693,0.38461538461538464,0.7692307692307693,0.3076923076923077,0.0,mobile,ios,safari
DEV_003710,4,0,0,0,1,1527.9,381.975,411.555,0.1785710380575072,0.7121373308172907,0,4,2,4,0.0,0.0,0.0,0.0,1.0,0.5,1.0,desktop,android,chrome
DEV_001422,5,0,0,0,1,2277.43,455.486,494.42,0.17850257467150102,0.7033696768457419,4,4,1,5,0.0,0.0,0.0,0.8,0.8,0.2,1.0,desktop,ios,edge
DEV_006738,3,0,0,0,0,271.01,90.33666666666666,48.88,0.17821107726424515,0.5276167235863553,0,3,1,0,0.0,0.0,0.0,0.0,1.0,0.3333333333333333,0.0,mobile,android,safari
DEV_005246,9,0,0,0,0,1002.84,111.42666666666668,112.3,0.17815806580595894,0.6970047083835748,6,9,4,9,0.0,0.0,0.0,0.6666666666666666,1.0,0.4444444444444444,1.0,mobile,ios,chrome
DEV_004000,6,0,1,1,0,492.71999999999997,82.11999999999999,50.625,0.17814045568669937,0.9460565101606324,5,6,1,6,0.0,0.16666666666666666,0.16666666666666666,0.8333333333333334,1.0,0.16666666666666666,1.0,mobile,android,chrome
DEV_007051,6,1,1,1,0,1623.45,270.575,268.03499999999997,0.1775957201439531,0.9944268211800716,3,5,1,0,0.16666666666666666,0.16666666666666666,0.16666666666666666,0.5,0.8333333333333334,0.16666666666666666,0.0,mobile,macos,chrome
DEV_007914,5,0,0,0,1,315.44,63.088,56.47,0.17745018242932656,0.8746206673462313,4,5,2,0,0.0,0.0,0.0,0.8,1.0,0.4,0.0,mobile,ios,safari
DEV_006381,11,1,1,1,1,2595.31,235.93727272727273,168.43,0.17731099247971668,0.9222545819205118,5,11,2,11,0.09090909090909091,0.09090909090909091,0.09090909090909091,0.45454545454545453,1.0,0.18181818181818182,1.0,tablet,android,chrome
DEV_000176,7,0,0,0,0,981.41,140.20142857142858,101.75,0.17726531293176961,0.6479714380643588,4,7,1,7,0.0,0.0,0.0,0.5714285714285714,1.0,0.14285714285714285,1.0,desktop,ios,edge
DEV_004462,18,2,2,2,1,935.2099999999999,51.956111111111106,28.355,0.1769553716695758,0.997836108647706,11,17,3,18,0.1111111111111111,0.1111111111111111,0.1111111111111111,0.6111111111111112,0.9444444444444444,0.16666666666666666,1.0,mobile,windows,chrome
DEV_000342,4,0,0,0,0,463.61,115.9025,122.86,0.17692162714707146,0.6873902500573801,3,4,1,0,0.0,0.0,0.0,0.75,1.0,0.25,0.0,mobile,macos,chrome
DEV_000716,8,1,0,0,0,1258.8400000000001,157.35500000000002,96.00999999999999,0.1768526872753609,0.6879651747541339,4,8,3,8,0.125,0.0,0.0,0.5,1.0,0.375,1.0,mobile,ios,firefox
DEV_002790,9,0,0,0,1,1484.67,164.96333333333334,66.46,0.17656939649963355,0.8928249764404074,4,6,3,9,0.0,0.0,0.0,0.4444444444444444,0.6666666666666666,0.3333333333333333,1.0,desktop,linux,chrome
DEV_002759,10,1,1,1,0,1965.4,196.54000000000002,55.620000000000005,0.17640156191572898,0.9944122810346744,2,10,3,10,0.1,0.1,0.1,0.2,1.0,0.3,1.0,desktop,android,chrome
DEV_004493,3,0,0,0,0,221.56,73.85333333333334,66.48,0.17625249427478984,0.526698184868328,1,3,1,0,0.0,0.0,0.0,0.3333333333333333,1.0,0.3333333333333333,0.0,desktop,android,chrome
DEV_007323,9,1,1,1,0,473.75,52.638888888888886,37.22,0.1759871839671958,0.9196165709563332,6,7,3,0,0.1111111111111111,0.1111111111111111,0.1111111111111111,0.6666666666666666,0.7777777777777778,0.3333333333333333,0.0,mobile,linux,chrome
DEV_002614,4,1,0,0,0,680.42,170.105,124.58,0.17598716864377334,0.6369092757762663,3,4,1,0,0.25,0.0,0.0,0.75,1.0,0.25,0.0,mobile,ios,chrome
DEV_007887,12,1,1,1,1,1578.27,131.5225,107.35,0.17598200417055568,0.9323499196165091,6,12,1,12,0.08333333333333333,0.08333333333333333,0.08333333333333333,0.5,1.0,0.08333333333333333,1.0,desktop,windows,firefox
DEV_000908,3,0,0,0,0,466.42999999999995,155.47666666666666,67.5,0.17548769367419792,0.5075681215992655,2,3,0,0,0.0,0.0,0.0,0.6666666666666666,1.0,0.0,0.0,mobile,android,chrome
DEV_002872,5,1,0,0,1,1134.25,226.85,196.46,0.17546629382625062,0.8466226972057214,3,4,2,0,0.2,0.0,0.0,0.6,0.8,0.4,0.0,mobile,ios,firefox
DEV_002072,19,0,0,0,3,1384.8700000000001,72.88789473684211,52.04,0.17544650913251966,0.8277010438746305,8,17,5,19,0.0,0.0,0.0,0.42105263157894735,0.8947368421052632,0.2631578947368421,1.0,mobile,android,chrome
DEV_001199,6,0,1,1,0,919.9100000000001,153.31833333333336,70.31,0.17536440651081855,0.959524097641252,2,5,1,0,0.0,0.16666666666666666,0.16666666666666666,0.3333333333333333,0.8333333333333334,0.16666666666666666,0.0,mobile,android,safari
DEV_000636,18,0,1,1,2,2428.54,134.9188888888889,101.39500000000001,0.1753369238257191,0.945090064775435,14,18,4,18,0.0,0.05555555555555555,0.05555555555555555,0.7777777777777778,1.0,0.2222222222222222,1.0,mobile,android,chrome
DEV_003108,12,0,1,1,1,1596.05,133.00416666666666,77.66,0.17499150668911323,0.9102694298690348,9,12,5,12,0.0,0.08333333333333333,0.08333333333333333,0.75,1.0,0.4166666666666667,1.0,desktop,ios,firefox
DEV_006553,19,0,0,0,0,2715.42,142.91684210526316,40.13,0.1747673162551023,0.6859440398859263,9,13,5,19,0.0,0.0,0.0,0.47368421052631576,0.6842105263157895,0.2631578947368421,1.0,mobile,macos,edge
DEV_007727,11,1,1,1,1,1153.49,104.86272727272727,61.2,0.17456917371426375,0.9939954287723276,5,9,1,11,0.09090909090909091,0.09090909090909091,0.09090909090909091,0.45454545454545453,0.8181818181818182,0.09090909090909091,1.0,mobile,ios,chrome
DEV_007028,8,1,0,0,1,649.57,81.19625,41.555,0.17454699987477404,0.7298788162543881,2,8,3,0,0.125,0.0,0.0,0.25,1.0,0.375,0.0,desktop,android,firefox
DEV_003084,6,1,1,1,0,516.99,86.165,82.195,0.1743832356862652,0.9083329088508724,2,6,2,0,0.16666666666666666,0.16666666666666666,0.16666666666666666,0.3333333333333333,1.0,0.3333333333333333,0.0,desktop,windows,chrome
DEV_001472,12,1,0,0,1,2903.98,241.99833333333333,79.755,0.17438062279452263,0.8926474360492838,10,12,2,0,0.08333333333333333,0.0,0.0,0.8333333333333334,1.0,0.16666666666666666,0.0,mobile,ios,safari
DEV_005190,7,0,0,0,0,284.75,40.67857142857143,27.53,0.17400387453112162,0.6381865266971322,3,7,1,7,0.0,0.0,0.0,0.42857142857142855,1.0,0.14285714285714285,1.0,desktop,android,chrome
DEV_000344,6,0,0,0,0,1551.26,258.54333333333335,221.98000000000002,0.17391279814001248,0.5308075998488718,3,5,2,0,0.0,0.0,0.0,0.5,0.8333333333333334,0.3333333333333333,0.0,mobile,ios,safari
DEV_007294,7,1,0,0,1,571.24,81.60571428571428,48.93,0.17386244259590825,0.8873717259839201,6,6,3,0,0.14285714285714285,0.0,0.0,0.8571428571428571,0.8571428571428571,0.42857142857142855,0.0,mobile,macos,safari
DEV_004658,4,0,0,0,0,258.42,64.605,49.03,0.17368566276277017,0.6544857777817192,1,4,0,4,0.0,0.0,0.0,0.25,1.0,0.0,1.0,mobile,ios,chrome
DEV_000327,3,0,0,0,0,329.20000000000005,109.73333333333335,77.5,0.17362762283353803,0.5008468939530589,3,3,0,0,0.0,0.0,0.0,1.0,1.0,0.0,0.0,mobile,ios,chrome
DEV_006528,6,0,0,0,0,351.31,58.55166666666667,57.08500000000001,0.173547635908042,0.6464116445979823,2,6,2,6,0.0,0.0,0.0,0.3333333333333333,1.0,0.3333333333333333,1.0,mobile,ios,chrome
DEV_005608,6,1,1,1,0,493.55,82.25833333333334,49.56,0.17350392557195557,0.9446258411485066,5,6,0,6,0.16666666666666666,0.16666666666666666,0.16666666666666666,0.8333333333333334,1.0,0.0,1.0,mobile,windows,edge
DEV_005798,7,2,1,1,0,1503.9399999999998,214.8485714285714,105.94,0.17346887596320887,0.9872283842962812,1,7,1,7,0.2857142857142857,0.14285714285714285,0.14285714285714285,0.14285714285714285,1.0,0.14285714285714285,1.0,desktop,linux,safari
DEV_006807,5,0,0,0,1,686.51,137.302,93.18,0.17295238906476545,0.7815758270223891,2,5,1,5,0.0,0.0,0.0,0.4,1.0,0.2,1.0,mobile,android,edge
DEV_007976,6,0,1,1,0,1554.81,259.135,55.035,0.17270889142508802,0.9310017657217574,4,6,1,0,0.0,0.16666666666666666,0.16666666666666666,0.6666666666666666,1.0,0.16666666666666666,0.0,mobile,windows,chrome
DEV_003559,4,0,0,0,0,177.06,44.265,31.575000000000003,0.17235143117987772,0.680510841789213,2,2,1,4,0.0,0.0,0.0,0.5,0.5,0.25,1.0,mobile,ios,edge
DEV_000991,5,0,0,0,1,440.10999999999996,88.02199999999999,103.24,0.17233460462965405,0.8510480179876749,2,4,1,0,0.0,0.0,0.0,0.4,0.8,0.2,0.0,mobile,macos,chrome
DEV_005859,3,1,0,0,0,433.39,144.46333333333334,106.62,0.17230284650869165,0.3415051796057189,1,1,0,3,0.3333333333333333,0.0,0.0,0.3333333333333333,0.3333333333333333,0.0,1.0,mobile,windows,edge
DEV_005659,20,0,0,0,2,2458.23,122.9115,76.685,0.1721409890665469,0.8257398621178956,13,20,6,20,0.0,0.0,0.0,0.65,1.0,0.3,1.0,desktop,ios,chrome
DEV_006506,16,1,1,1,1,2241.76,140.11,68.745,0.17208560468202064,0.9084310717159304,7,15,4,16,0.0625,0.0625,0.0625,0.4375,0.9375,0.25,1.0,mobile,ios,firefox
DEV_001663,3,0,0,0,0,397.68,132.56,38.09,0.17193385632138306,0.5091127637616543,2,3,1,0,0.0,0.0,0.0,0.6666666666666666,1.0,0.3333333333333333,0.0,tablet,macos,safari
DEV_005599,8,0,0,0,1,1020.98,127.6225,122.445,0.17177304007319888,0.7109459575863321,6,6,2,0,0.0,0.0,0.0,0.75,0.75,0.25,0.0,desktop,macos,chrome
DEV_003646,12,0,0,0,1,1436.8700000000001,119.73916666666668,112.875,0.17144093086212472,0.749417225719028,9,12,2,12,0.0,0.0,0.0,0.75,1.0,0.16666666666666666,1.0,desktop,ios,chrome
DEV_003346,9,0,0,0,1,1076.3600000000001,119.59555555555556,89.91,0.1713160581145373,0.8789149671540941,5,9,1,0,0.0,0.0,0.0,0.5555555555555556,1.0,0.1111111111111111,0.0,mobile,macos,safari
DEV_006358,5,0,0,0,1,521.64,104.328,78.57,0.1712517904030376,0.8057094720073498,2,3,2,5,0.0,0.0,0.0,0.4,0.6,0.4,1.0,mobile,android,safari
DEV_004678,4,0,0,0,0,317.26,79.315,88.655,0.17116599503650035,0.6654530902712171,2,4,1,0,0.0,0.0,0.0,0.5,1.0,0.25,0.0,tablet,android,safari
DEV_003481,21,2,0,0,3,3178.62,151.36285714285714,102.71,0.1711297675716384,0.8749795900287664,12,13,6,0,0.09523809523809523,0.0,0.0,0.5714285714285714,0.6190476190476191,0.2857142857142857,0.0,desktop,linux,chrome
DEV_006716,14,1,1,1,1,1917.27,136.94785714285715,102.68,0.1709465937709045,0.9461767076526952,12,14,5,0,0.07142857142857142,0.07142857142857142,0.07142857142857142,0.8571428571428571,1.0,0.35714285714285715,0.0,desktop,macos,edge
DEV_003723,7,1,1,1,0,1132.44,161.77714285714288,106.86,0.17066180601122813,0.9596624944097432,3,6,2,0,0.14285714285714285,0.14285714285714285,0.14285714285714285,0.42857142857142855,0.8571428571428571,0.2857142857142857,0.0,mobile,windows,safari
DEV_006784,8,0,0,0,1,2062.72,257.84,234.535,0.1706111713347443,0.7181303622714603,2,4,2,0,0.0,0.0,0.0,0.25,0.5,0.25,0.0,mobile,android,chrome
DEV_007824,11,0,0,0,0,580.25,52.75,36.77,0.1705362130578214,0.6775771800052364,9,11,3,11,0.0,0.0,0.0,0.8181818181818182,1.0,0.2727272727272727,1.0,desktop,android,edge
DEV_000781,10,1,1,1,0,1337.01,133.701,125.085,0.17040669824927548,0.9954064913265644,6,9,4,0,0.1,0.1,0.1,0.6,0.9,0.4,0.0,mobile,windows,firefox
DEV_007370,8,1,0,0,1,1203.51,150.43875,137.735,0.1697340823063354,0.7262673589285834,6,8,1,0,0.125,0.0,0.0,0.75,1.0,0.125,0.0,desktop,windows,chrome
DEV_006085,7,0,1,1,0,733.46,104.78,106.0,0.1695679467602316,0.9418149756224692,4,6,1,7,0.0,0.14285714285714285,0.14285714285714285,0.5714285714285714,0.8571428571428571,0.14285714285714285,1.0,desktop,android,edge
DEV_004557,6,0,1,1,0,947.27,157.87833333333333,34.865,0.1691104296411516,0.9367450327682778,4,6,4,0,0.0,0.16666666666666666,0.16666666666666666,0.6666666666666666,1.0,0.6666666666666666,0.0,mobile,android,firefox
DEV_007472,6,1,1,1,0,1313.01,218.835,161.71,0.16909786502858734,0.9905292589584964,2,6,1,0,0.16666666666666666,0.16666666666666666,0.16666666666666666,0.3333333333333333,1.0,0.16666666666666666,0.0,mobile,macos,firefox
DEV_007601,5,0,0,0,1,567.54,113.508,74.11,0.1690219244072279,0.7232628127267772,1,3,2,5,0.0,0.0,0.0,0.2,0.6,0.4,1.0,mobile,android,chrome
DEV_003588,14,1,1,1,1,3274.29,233.87785714285715,56.89,0.1690068043405342,0.9911557498756786,3,14,4,0,0.07142857142857142,0.07142857142857142,0.07142857142857142,0.21428571428571427,1.0,0.2857142857142857,0.0,desktop,android,firefox
DEV_001052,6,1,1,1,0,407.65,67.94166666666666,50.385,0.16893584357707447,0.9125592920253942,5,6,2,6,0.16666666666666666,0.16666666666666666,0.16666666666666666,0.8333333333333334,1.0,0.3333333333333333,1.0,mobile,ios,chrome
DEV_003809,6,1,0,0,1,886.14,147.69,160.2,0.1689201514772396,0.8360600579107833,3,4,1,6,0.16666666666666666,0.0,0.0,0.5,0.6666666666666666,0.16666666666666666,1.0,mobile,ios,chrome
DEV_001346,4,0,0,0,0,278.02,69.505,68.445,0.16890388163675274,0.5828434819410164,1,4,1,0,0.0,0.0,0.0,0.25,1.0,0.25,0.0,desktop,android,chrome
DEV_007575,7,1,0,0,1,1057.57,151.08142857142857,133.61,0.16870431691074336,0.8493681218665009,3,6,4,0,0.14285714285714285,0.0,0.0,0.42857142857142855,0.8571428571428571,0.5714285714285714,0.0,mobile,ios,safari
DEV_002486,6,0,0,0,1,387.04,64.50666666666667,60.405,0.16865886540440655,0.8653223430618856,4,6,2,0,0.0,0.0,0.0,0.6666666666666666,1.0,0.3333333333333333,0.0,mobile,macos,firefox
DEV_004233,15,2,2,2,0,998.47,66.56466666666667,39.09,0.16861721789075332,0.9388405218292788,10,14,1,15,0.13333333333333333,0.13333333333333333,0.13333333333333333,0.6666666666666666,0.9333333333333333,0.06666666666666667,1.0,mobile,android,chrome
DEV_005496,6,1,1,1,0,722.9300000000001,120.48833333333334,80.875,0.16849314794244175,0.9012636205013164,4,6,2,0,0.16666666666666666,0.16666666666666666,0.16666666666666666,0.6666666666666666,1.0,0.3333333333333333,0.0,tablet,ios,safari
DEV_002423,5,0,0,0,1,555.6700000000001,111.13400000000001,127.73,0.16818760500907087,0.7653227514357323,2,5,0,0,0.0,0.0,0.0,0.4,1.0,0.0,0.0,mobile,android,chrome
DEV_004550,17,0,1,1,1,2773.2,163.12941176470588,112.23,0.16817180041065283,0.9345134947732344,13,17,6,0,0.0,0.058823529411764705,0.058823529411764705,0.7647058823529411,1.0,0.35294117647058826,0.0,mobile,ios,chrome
DEV_005226,6,0,0,0,1,1029.24,171.54,80.235,0.16815863006320542,0.7492230365649749,3,5,2,0,0.0,0.0,0.0,0.5,0.8333333333333334,0.3333333333333333,0.0,mobile,macos,safari
DEV_005955,4,0,0,0,0,254.47,63.6175,58.53,0.16815684560900176,0.6701033352894669,2,3,2,0,0.0,0.0,0.0,0.5,0.75,0.5,0.0,mobile,android,chrome
DEV_006986,13,0,1,1,1,2791.29,214.71461538461537,226.01,0.16811015754873354,0.9252029789511936,8,13,2,0,0.0,0.07692307692307693,0.07692307692307693,0.6153846153846154,1.0,0.15384615384615385,0.0,desktop,android,safari
DEV_003905,15,0,1,1,1,2078.13,138.542,93.92,0.16794137369788392,0.9010778021936,7,12,2,15,0.0,0.06666666666666667,0.06666666666666667,0.4666666666666667,0.8,0.13333333333333333,1.0,mobile,android,chrome
DEV_007239,7,0,0,0,1,630.64,90.09142857142857,22.29,0.1678101654041607,0.8959344920672137,3,6,2,7,0.0,0.0,0.0,0.42857142857142855,0.8571428571428571,0.2857142857142857,1.0,desktop,android,chrome
DEV_000260,11,2,0,0,2,1293.0900000000001,117.55363636363637,75.93,0.16780303827819715,0.8889663894756774,3,10,2,0,0.18181818181818182,0.0,0.0,0.2727272727272727,0.9090909090909091,0.18181818181818182,0.0,mobile,windows,chrome
DEV_001154,8,1,1,1,0,218.37,27.29625,19.125,0.16750392592960495,0.9757329469915808,4,8,1,8,0.125,0.125,0.125,0.5,1.0,0.125,1.0,mobile,macos,firefox
DEV_000189,9,1,0,0,0,1306.94,145.21555555555557,115.85,0.16735964428821276,0.5512164071894847,1,8,3,9,0.1111111111111111,0.0,0.0,0.1111111111111111,0.8888888888888888,0.3333333333333333,1.0,desktop,ios,edge
DEV_006218,5,0,0,0,1,507.37,101.474,80.66,0.16719422878722978,0.830473685331569,2,4,1,0,0.0,0.0,0.0,0.4,0.8,0.2,0.0,mobile,android,firefox
DEV_003269,6,1,0,0,1,492.47,82.07833333333333,48.405,0.167095203838842,0.757818350182349,6,6,0,6,0.16666666666666666,0.0,0.0,1.0,1.0,0.0,1.0,mobile,windows,chrome
DEV_003094,4,0,0,0,0,675.36,168.84,119.0,0.16698753937931576,0.4013421373642479,4,4,0,0,0.0,0.0,0.0,1.0,1.0,0.0,0.0,desktop,ios,chrome
DEV_007617,4,0,0,0,0,567.35,141.8375,119.945,0.16696596680428255,0.5229936392887026,1,4,1,0,0.0,0.0,0.0,0.25,1.0,0.25,0.0,desktop,macos,chrome
DEV_005889,9,1,1,1,0,842.59,93.62111111111112,73.22,0.16689267527386345,0.9665033083907936,6,8,5,0,0.1111111111111111,0.1111111111111111,0.1111111111111111,0.6666666666666666,0.8888888888888888,0.5555555555555556,0.0,mobile,macos,chrome
DEV_005245,6,0,0,0,0,2517.19,419.5316666666667,333.255,0.1668351129361952,0.681717648122138,2,5,2,6,0.0,0.0,0.0,0.3333333333333333,0.8333333333333334,0.3333333333333333,1.0,mobile,windows,chrome
DEV_001712,16,1,0,0,2,2027.24,126.7025,57.459999999999994,0.16680459929638325,0.8439537448848609,5,16,5,0,0.0625,0.0,0.0,0.3125,1.0,0.3125,0.0,desktop,ios,safari
DEV_003220,8,0,0,0,0,1126.8500000000001,140.85625000000002,115.70500000000001,0.16661830205798792,0.5868296166122885,4,8,2,0,0.0,0.0,0.0,0.5,1.0,0.25,0.0,mobile,android,chrome
DEV_003294,5,1,0,0,1,536.51,107.30199999999999,56.32,0.1663873722159218,0.7961273374682457,3,5,1,0,0.2,0.0,0.0,0.6,1.0,0.2,0.0,mobile,android,chrome
DEV_005937,11,1,1,1,1,1013.3299999999999,92.12090909090908,43.13,0.16619409271406263,0.9630929968834948,6,11,2,0,0.09090909090909091,0.09090909090909091,0.09090909090909091,0.5454545454545454,1.0,0.18181818181818182,0.0,tablet,macos,safari
DEV_007625,8,0,0,0,0,1122.63,140.32875,139.245,0.16606026853293995,0.685966657744298,6,8,4,0,0.0,0.0,0.0,0.75,1.0,0.5,0.0,mobile,macos,safari
DEV_004435,9,1,1,1,0,2410.45,267.8277777777778,191.61,0.16585343693099544,0.993610747015663,7,9,1,9,0.1111111111111111,0.1111111111111111,0.1111111111111111,0.7777777777777778,1.0,0.1111111111111111,1.0,mobile,windows,chrome
DEV_007429,5,0,0,0,0,181.25,36.25,20.09,0.16584513731367206,0.4929647514980759,4,5,3,5,0.0,0.0,0.0,0.8,1.0,0.6,1.0,mobile,macos,firefox
DEV_004898,9,0,0,0,1,1959.76,217.7511111111111,194.78,0.16584282340698997,0.8592022961347893,7,9,3,0,0.0,0.0,0.0,0.7777777777777778,1.0,0.3333333333333333,0.0,mobile,android,edge
DEV_007454,10,0,0,0,1,1159.22,115.922,96.88499999999999,0.1657349233575935,0.8337436609091732,3,10,2,0,0.0,0.0,0.0,0.3,1.0,0.2,0.0,desktop,macos,edge
DEV_003898,4,0,0,0,0,320.65999999999997,80.16499999999999,84.38499999999999,0.16561864864422066,0.6586211226317951,2,4,1,0,0.0,0.0,0.0,0.5,1.0,0.25,0.0,tablet,windows,chrome
DEV_005724,5,0,0,0,1,998.79,199.75799999999998,184.56,0.16554410445328313,0.7601758636775547,2,5,2,0,0.0,0.0,0.0,0.4,1.0,0.4,0.0,mobile,android,safari
DEV_007508,7,1,1,1,0,329.13,47.01857142857143,28.63,0.16538348475584116,0.9681816855885572,5,7,1,7,0.14285714285714285,0.14285714285714285,0.14285714285714285,0.7142857142857143,1.0,0.14285714285714285,1.0,mobile,android,chrome
DEV_006238,7,0,0,0,0,1276.76,182.3942857142857,78.25,0.16533172768896914,0.6821390221027395,2,5,2,7,0.0,0.0,0.0,0.2857142857142857,0.7142857142857143,0.2857142857142857,1.0,desktop,ios,chrome
DEV_004728,6,1,1,1,0,1261.77,210.295,95.545,0.16488190833504968,0.9781316498003512,4,6,0,0,0.16666666666666666,0.16666666666666666,0.16666666666666666,0.6666666666666666,1.0,0.0,0.0,desktop,windows,chrome
DEV_006219,3,0,0,0,0,727.77,242.59,127.99,0.16485575145714546,0.3392666459449318,2,3,0,3,0.0,0.0,0.0,0.6666666666666666,1.0,0.0,1.0,mobile,android,chrome
DEV_003234,3,0,0,0,0,553.46,184.48666666666668,188.83,0.1647425020949199,0.4929505367200066,1,3,1,0,0.0,0.0,0.0,0.3333333333333333,1.0,0.3333333333333333,0.0,mobile,macos,safari
DEV_001400,7,1,0,0,1,603.8100000000001,86.25857142857144,45.17,0.16473800758700016,0.8545264041111498,7,7,1,0,0.14285714285714285,0.0,0.0,1.0,1.0,0.14285714285714285,0.0,desktop,ios,edge
DEV_003388,9,0,0,0,1,770.58,85.62,50.62,0.164547443715826,0.8016059922657192,3,9,4,9,0.0,0.0,0.0,0.3333333333333333,1.0,0.4444444444444444,1.0,desktop,android,chrome
DEV_000632,8,0,1,1,0,882.5400000000001,110.31750000000001,62.525000000000006,0.16454481031734322,0.9696969820808587,6,8,2,8,0.0,0.125,0.125,0.75,1.0,0.25,1.0,mobile,android,firefox
DEV_005849,15,2,0,0,2,1516.17,101.078,88.69,0.16446996964128396,0.7996374060223815,6,14,6,0,0.13333333333333333,0.0,0.0,0.4,0.9333333333333333,0.4,0.0,mobile,android,chrome
DEV_006733,4,0,0,0,0,973.25,243.3125,133.58,0.1644541114448733,0.6270447315971763,0,3,1,0,0.0,0.0,0.0,0.0,0.75,0.25,0.0,tablet,android,chrome
DEV_005551,3,0,0,0,0,799.05,266.34999999999997,106.31,0.16396948012994772,0.4822148874966843,1,1,1,0,0.0,0.0,0.0,0.3333333333333333,0.3333333333333333,0.3333333333333333,0.0,mobile,android,chrome
DEV_005739,8,0,0,0,1,311.38,38.9225,38.435,0.16376931829797975,0.7057344436191456,4,8,1,8,0.0,0.0,0.0,0.5,1.0,0.125,1.0,tablet,android,firefox
DEV_007074,7,1,0,0,1,700.77,100.11,28.05,0.1637455140499243,0.8729740438040199,3,4,2,7,0.14285714285714285,0.0,0.0,0.42857142857142855,0.5714285714285714,0.2857142857142857,1.0,mobile,ios,chrome
DEV_002587,6,0,0,0,0,937.48,156.24666666666667,44.275,0.16366309736774,0.4968168231391722,4,6,0,6,0.0,0.0,0.0,0.6666666666666666,1.0,0.0,1.0,desktop,windows,chrome
DEV_006071,4,0,0,0,0,654.1,163.525,73.83500000000001,0.16365716781596745,0.3876512419132661,2,3,0,4,0.0,0.0,0.0,0.5,0.75,0.0,1.0,mobile,android,chrome
DEV_000350,3,0,0,0,0,190.7,63.56666666666666,68.66,0.16349340401924714,0.4597501282484602,1,3,0,0,0.0,0.0,0.0,0.3333333333333333,1.0,0.0,0.0,mobile,macos,edge
DEV_003035,8,1,1,1,0,1247.78,155.9725,163.79,0.163451958799093,0.9736824517995434,7,8,2,8,0.125,0.125,0.125,0.875,1.0,0.25,1.0,mobile,android,chrome
DEV_000518,7,0,0,0,1,633.3199999999999,90.4742857142857,41.54,0.16342808888480667,0.7652818490949841,5,6,2,7,0.0,0.0,0.0,0.7142857142857143,0.8571428571428571,0.2857142857142857,1.0,mobile,android,chrome
DEV_007540,12,0,0,0,1,2311.69,192.64083333333335,73.22,0.16342466110440715,0.8934830521155098,5,10,4,0,0.0,0.0,0.0,0.4166666666666667,0.8333333333333334,0.3333333333333333,0.0,desktop,windows,chrome
DEV_007994,35,2,1,1,4,7273.47,207.81342857142857,141.49,0.16340914295122738,0.908640935340713,20,35,4,0,0.05714285714285714,0.02857142857142857,0.02857142857142857,0.5714285714285714,1.0,0.11428571428571428,0.0,mobile,windows,chrome
DEV_001330,5,0,0,0,1,621.66,124.332,53.89,0.16294028849945041,0.8139284399198644,2,5,1,0,0.0,0.0,0.0,0.4,1.0,0.2,0.0,mobile,macos,chrome
DEV_005044,6,0,0,0,1,434.56,72.42666666666666,68.60499999999999,0.16251262569270805,0.825515409717562,1,6,2,6,0.0,0.0,0.0,0.16666666666666666,1.0,0.3333333333333333,1.0,mobile,macos,edge
DEV_002803,4,0,0,0,0,543.54,135.885,101.80000000000001,0.16241665487499882,0.5350207404008299,1,1,0,4,0.0,0.0,0.0,0.25,0.25,0.0,1.0,mobile,android,chrome
DEV_001847,7,1,1,1,0,1255.94,179.42000000000002,105.28,0.1618550466534666,0.9254452826062052,3,5,2,7,0.14285714285714285,0.14285714285714285,0.14285714285714285,0.42857142857142855,0.7142857142857143,0.2857142857142857,1.0,tablet,android,chrome
DEV_005747,21,0,2,2,1,2806.63,133.64904761904762,67.54,0.16168323393139206,0.94642730081445,7,21,4,21,0.0,0.09523809523809523,0.09523809523809523,0.3333333333333333,1.0,0.19047619047619047,1.0,mobile,ios,chrome
DEV_007116,3,0,0,0,0,599.48,199.82666666666668,62.76,0.16147765085978072,0.4839452452715772,2,3,0,3,0.0,0.0,0.0,0.6666666666666666,1.0,0.0,1.0,mobile,linux,firefox
DEV_003333,19,1,0,0,3,1786.06,94.00315789473684,52.44,0.16142600483739938,0.8593479523180751,8,18,5,19,0.05263157894736842,0.0,0.0,0.42105263157894735,0.9473684210526315,0.2631578947368421,1.0,mobile,android,safari
DEV_004850,5,0,0,0,0,529.88,105.976,19.04,0.16133865081193546,0.451300637679344,1,5,1,0,0.0,0.0,0.0,0.2,1.0,0.2,0.0,mobile,android,chrome
DEV_002174,6,0,0,0,1,732.05,122.00833333333333,103.24000000000001,0.16042028331800548,0.8916156039081683,3,6,2,0,0.0,0.0,0.0,0.5,1.0,0.3333333333333333,0.0,mobile,macos,firefox
DEV_004970,9,0,1,1,0,689.24,76.58222222222223,35.9,0.16019279977235626,0.900754011093474,3,9,3,0,0.0,0.1111111111111111,0.1111111111111111,0.3333333333333333,1.0,0.3333333333333333,0.0,mobile,macos,chrome
DEV_001433,8,0,0,0,1,586.6800000000001,73.33500000000001,66.375,0.1601205870253916,0.7886202245436693,4,7,2,8,0.0,0.0,0.0,0.5,0.875,0.25,1.0,desktop,android,chrome
DEV_006486,6,0,0,0,1,923.47,153.91166666666666,147.28,0.16003651356277615,0.7230934153011092,4,5,2,0,0.0,0.0,0.0,0.6666666666666666,0.8333333333333334,0.3333333333333333,0.0,desktop,windows,chrome
DEV_001517,4,0,0,0,0,1154.31,288.5775,229.435,0.15989108960360754,0.2487433973898715,2,4,1,0,0.0,0.0,0.0,0.5,1.0,0.25,0.0,mobile,macos,chrome
DEV_004862,6,1,1,1,0,1016.72,169.45333333333335,82.62,0.15986898533529542,0.9511280085637164,3,3,1,0,0.16666666666666666,0.16666666666666666,0.16666666666666666,0.5,0.5,0.16666666666666666,0.0,desktop,macos,chrome
DEV_002582,12,0,0,0,1,2844.53,237.04416666666668,182.94,0.15943084126328386,0.7120506572047469,9,10,2,0,0.0,0.0,0.0,0.75,0.8333333333333334,0.16666666666666666,0.0,desktop,macos,safari
DEV_001858,4,0,0,0,0,106.77,26.6925,20.495,0.15898319180864318,0.6244307716274003,0,4,1,0,0.0,0.0,0.0,0.0,1.0,0.25,0.0,tablet,android,edge
DEV_007333,9,0,0,0,1,723.21,80.35666666666667,47.76,0.1585831956395927,0.7375543001148713,2,9,1,0,0.0,0.0,0.0,0.2222222222222222,1.0,0.1111111111111111,0.0,mobile,macos,edge
DEV_004990,6,1,1,1,0,346.37,57.72833333333333,46.900000000000006,0.15849295240412303,0.9455353780525988,1,6,2,0,0.16666666666666666,0.16666666666666666,0.16666666666666666,0.16666666666666666,1.0,0.3333333333333333,0.0,desktop,ios,edge
DEV_001760,4,0,0,0,0,817.38,204.345,156.415,0.15838426919251708,0.6013150370616712,2,4,2,0,0.0,0.0,0.0,0.5,1.0,0.5,0.0,desktop,ios,chrome
DEV_004804,4,0,0,0,0,212.34,53.085,58.685,0.15794716951956742,0.5843672004512793,1,4,1,0,0.0,0.0,0.0,0.25,1.0,0.25,0.0,desktop,ios,safari
DEV_006341,11,0,0,0,1,2333.74,212.1581818181818,130.3,0.15778018677575945,0.8445313731386528,5,11,3,0,0.0,0.0,0.0,0.45454545454545453,1.0,0.2727272727272727,0.0,desktop,ios,chrome
DEV_005255,12,1,0,0,1,1037.71,86.47583333333334,57.084999999999994,0.1576722229306384,0.8639535102135999,8,12,5,0,0.08333333333333333,0.0,0.0,0.6666666666666666,1.0,0.4166666666666667,0.0,desktop,ios,chrome
DEV_002706,17,0,0,0,2,1699.3,99.95882352941176,49.37,0.15763848745073888,0.8534430281132562,9,15,7,17,0.0,0.0,0.0,0.5294117647058824,0.8823529411764706,0.4117647058823529,1.0,mobile,android,safari
DEV_005840,3,0,0,0,0,480.18,160.06,150.83,0.15753092787069856,0.4710613616924071,1,3,0,0,0.0,0.0,0.0,0.3333333333333333,1.0,0.0,0.0,desktop,android,safari
DEV_001981,14,0,0,0,1,2311.79,165.12785714285715,53.265,0.1575098588135339,0.7176126095597586,8,14,5,0,0.0,0.0,0.0,0.5714285714285714,1.0,0.35714285714285715,0.0,tablet,windows,firefox
DEV_003029,4,0,0,0,0,474.01,118.5025,117.74,0.15741129640355236,0.6251975707677323,1,3,0,0,0.0,0.0,0.0,0.25,0.75,0.0,0.0,mobile,android,chrome
DEV_005505,6,0,0,0,0,570.48,95.08,86.52000000000001,0.1573883542435779,0.5736335104897118,1,6,2,6,0.0,0.0,0.0,0.16666666666666666,1.0,0.3333333333333333,1.0,mobile,macos,chrome
DEV_005034,8,1,1,1,0,1403.01,175.37625,141.83,0.15710229223433883,0.9946730327288948,6,7,1,0,0.125,0.125,0.125,0.75,0.875,0.125,0.0,mobile,android,safari
DEV_004345,3,0,0,0,0,741.13,247.04333333333332,206.69,0.15692375973566794,0.4617481067340196,2,3,1,0,0.0,0.0,0.0,0.6666666666666666,1.0,0.3333333333333333,0.0,mobile,ios,chrome
DEV_004789,5,0,0,0,0,988.55,197.70999999999998,154.06,0.15680210597844702,0.6441692221232717,2,4,3,0,0.0,0.0,0.0,0.4,0.8,0.6,0.0,mobile,macos,edge
DEV_004630,6,0,1,1,0,484.08000000000004,80.68,20.689999999999998,0.1566122825286315,0.9355363721364413,4,6,2,0,0.0,0.16666666666666666,0.16666666666666666,0.6666666666666666,1.0,0.3333333333333333,0.0,mobile,macos,chrome
DEV_001542,7,1,1,1,0,402.76,57.537142857142854,60.83,0.15640797300242773,0.976778393530254,6,7,1,0,0.14285714285714285,0.14285714285714285,0.14285714285714285,0.8571428571428571,1.0,0.14285714285714285,0.0,desktop,macos,chrome
DEV_003305,6,0,0,0,1,311.63,51.93833333333333,41.620000000000005,0.15616321078544623,0.812769835861944,2,3,1,0,0.0,0.0,0.0,0.3333333333333333,0.5,0.16666666666666666,0.0,mobile,android,firefox
DEV_006945,4,0,0,0,0,2825.64,706.41,88.335,0.15615845642839526,0.6143876658307513,2,4,0,4,0.0,0.0,0.0,0.5,1.0,0.0,1.0,mobile,windows,chrome
DEV_003708,12,0,0,0,2,1651.73,137.64416666666668,90.64500000000001,0.1561158603540236,0.8343195485403792,8,12,4,0,0.0,0.0,0.0,0.6666666666666666,1.0,0.3333333333333333,0.0,mobile,android,edge
DEV_000800,11,0,1,1,0,2019.74,183.61272727272728,135.25,0.1559409368949949,0.9007666206649212,4,11,2,11,0.0,0.09090909090909091,0.09090909090909091,0.36363636363636365,1.0,0.18181818181818182,1.0,tablet,windows,edge
DEV_006875,16,1,1,1,0,3995.72,249.7325,117.77,0.15585623821105898,0.902427710058995,10,14,3,16,0.0625,0.0625,0.0625,0.625,0.875,0.1875,1.0,mobile,windows,firefox
DEV_006746,11,0,0,0,0,897.23,81.56636363636363,69.32,0.1556115411425384,0.5491380619223878,9,11,1,11,0.0,0.0,0.0,0.8181818181818182,1.0,0.09090909090909091,1.0,mobile,ios,firefox
DEV_005278,7,1,1,1,0,1459.57,208.51,88.56,0.1554739711634495,0.9810299360346604,3,7,3,0,0.14285714285714285,0.14285714285714285,0.14285714285714285,0.42857142857142855,1.0,0.42857142857142855,0.0,mobile,macos,chrome
DEV_004353,5,0,0,0,0,823.13,164.626,96.11,0.1554472317063906,0.3581646430334427,2,5,2,5,0.0,0.0,0.0,0.4,1.0,0.4,1.0,mobile,windows,chrome
DEV_001420,13,2,1,1,0,1871.0600000000002,143.92769230769233,73.14,0.15542632215186217,0.9904422724644836,6,13,2,13,0.15384615384615385,0.07692307692307693,0.07692307692307693,0.46153846153846156,1.0,0.15384615384615385,1.0,mobile,windows,firefox
DEV_001662,7,1,1,1,0,1188.63,169.80428571428573,88.59,0.15534262599232782,0.918838667538198,3,7,2,0,0.14285714285714285,0.14285714285714285,0.14285714285714285,0.42857142857142855,1.0,0.2857142857142857,0.0,desktop,android,edge
DEV_004892,11,0,0,0,0,4275.78,388.7072727272727,284.53,0.1552168839420001,0.6930053979229559,6,11,1,0,0.0,0.0,0.0,0.5454545454545454,1.0,0.09090909090909091,0.0,mobile,android,safari
DEV_007874,4,0,0,0,0,635.94,158.985,93.46000000000001,0.15495540078696352,0.4907508354920553,2,2,1,4,0.0,0.0,0.0,0.5,0.5,0.25,1.0,mobile,macos,edge
DEV_005588,7,1,1,1,0,1640.51,234.35857142857142,195.49,0.15492999111030106,0.967338531845142,2,7,1,0,0.14285714285714285,0.14285714285714285,0.14285714285714285,0.2857142857142857,1.0,0.14285714285714285,0.0,mobile,android,firefox
DEV_005333,5,0,0,0,0,381.91999999999996,76.38399999999999,51.12,0.154318193036238,0.5952641730018715,3,5,3,5,0.0,0.0,0.0,0.6,1.0,0.6,1.0,desktop,macos,edge
DEV_001707,13,0,0,0,1,1205.29,92.71461538461539,66.27,0.15414770516243748,0.8833932462237581,3,8,6,0,0.0,0.0,0.0,0.23076923076923078,0.6153846153846154,0.46153846153846156,0.0,mobile,macos,firefox
DEV_001728,8,1,1,1,0,877.09,109.63625,68.035,0.153964827018249,0.9635952423725608,8,8,1,0,0.125,0.125,0.125,1.0,1.0,0.125,0.0,mobile,ios,safari
DEV_001011,7,1,0,0,0,916.1800000000001,130.88285714285715,126.13,0.1539442257388523,0.5971753311578976,6,7,2,0,0.14285714285714285,0.0,0.0,0.8571428571428571,1.0,0.2857142857142857,0.0,mobile,macos,firefox
DEV_007175,13,0,0,0,2,2296.06,176.62,119.93,0.15378792643798012,0.7830143576088718,8,13,2,13,0.0,0.0,0.0,0.6153846153846154,1.0,0.15384615384615385,1.0,mobile,android,edge
DEV_005839,3,0,0,0,0,623.8,207.9333333333333,124.15,0.15359735246321043,0.3686365388780411,1,3,0,0,0.0,0.0,0.0,0.3333333333333333,1.0,0.0,0.0,mobile,android,edge
DEV_005896,3,0,0,0,0,558.85,186.28333333333333,177.88,0.15351967831759758,0.4602034097075279,0,3,1,0,0.0,0.0,0.0,0.0,1.0,0.3333333333333333,0.0,mobile,android,safari
DEV_007298,3,0,0,0,0,937.6999999999999,312.56666666666666,22.76,0.15343696423196926,0.4201642432305488,1,3,0,3,0.0,0.0,0.0,0.3333333333333333,1.0,0.0,1.0,mobile,android,chrome
DEV_003005,8,0,0,0,1,942.3000000000001,117.78750000000001,31.67,0.1533004781677267,0.8542495960380131,3,8,2,8,0.0,0.0,0.0,0.375,1.0,0.25,1.0,mobile,android,chrome
DEV_001115,6,0,0,0,1,406.63,67.77166666666666,65.88,0.15312464785702903,0.7966732583645052,1,6,2,0,0.0,0.0,0.0,0.16666666666666666,1.0,0.3333333333333333,0.0,mobile,ios,firefox
DEV_007863,4,0,0,0,0,1396.33,349.0825,298.005,0.1530813725306997,0.6099612691139124,3,4,1,0,0.0,0.0,0.0,0.75,1.0,0.25,0.0,mobile,android,chrome
DEV_007962,5,0,0,0,0,222.79999999999998,44.559999999999995,36.32,0.15303916221543387,0.6785226420745786,0,5,1,5,0.0,0.0,0.0,0.0,1.0,0.2,1.0,mobile,ios,edge
DEV_001892,4,0,0,0,0,446.21,111.5525,111.97,0.1528885454124842,0.5368407743083619,0,4,2,0,0.0,0.0,0.0,0.0,1.0,0.5,0.0,desktop,windows,chrome
DEV_007373,6,0,0,0,0,1082.9,180.48333333333335,80.1,0.15288066605010908,0.5058153794707136,4,6,1,6,0.0,0.0,0.0,0.6666666666666666,1.0,0.16666666666666666,1.0,desktop,android,safari
DEV_003086,9,1,1,1,0,2001.52,222.39111111111112,182.14,0.15281220550679148,0.9829178058158152,5,8,1,0,0.1111111111111111,0.1111111111111111,0.1111111111111111,0.5555555555555556,0.8888888888888888,0.1111111111111111,0.0,mobile,ios,safari
DEV_003622,5,0,0,0,1,316.2,63.239999999999995,58.06,0.15276162159713483,0.757777432629301,3,5,1,0,0.0,0.0,0.0,0.6,1.0,0.2,0.0,mobile,android,chrome
DEV_000701,11,0,0,0,2,897.41,81.58272727272727,61.51,0.15274454430864007,0.8546784711074512,6,10,4,0,0.0,0.0,0.0,0.5454545454545454,0.9090909090909091,0.36363636363636365,0.0,desktop,macos,chrome
DEV_007959,6,0,0,0,1,502.03,83.67166666666667,91.705,0.15271840841892442,0.8397560959047609,3,6,1,0,0.0,0.0,0.0,0.5,1.0,0.16666666666666666,0.0,tablet,macos,edge
DEV_004561,3,0,0,0,0,445.09000000000003,148.36333333333334,55.72,0.15260181010180487,0.2795808708706488,2,3,0,3,0.0,0.0,0.0,0.6666666666666666,1.0,0.0,1.0,mobile,android,chrome
DEV_002820,10,0,1,1,0,1104.97,110.497,69.64,0.1520868379528719,0.901179171600072,9,10,3,0,0.0,0.1,0.1,0.9,1.0,0.3,0.0,tablet,macos,chrome
DEV_002058,7,1,1,1,0,923.29,131.89857142857142,99.68,0.1519958077662263,0.9254988783937628,4,7,1,7,0.14285714285714285,0.14285714285714285,0.14285714285714285,0.5714285714285714,1.0,0.14285714285714285,1.0,mobile,android,chrome
DEV_000512,4,0,0,0,0,979.29,244.8225,191.03,0.15163198465637553,0.560532334000508,2,4,1,0,0.0,0.0,0.0,0.5,1.0,0.25,0.0,desktop,android,chrome
DEV_005514,14,1,2,2,0,1521.95,108.71071428571429,109.405,0.15128445663225845,0.9407504137633664,12,14,4,14,0.07142857142857142,0.14285714285714285,0.14285714285714285,0.8571428571428571,1.0,0.2857142857142857,1.0,mobile,android,edge
DEV_002779,13,0,1,1,0,1564.91,120.37769230769231,67.78,0.15113712538527663,0.9578228788492058,6,9,5,0,0.0,0.07692307692307693,0.07692307692307693,0.46153846153846156,0.6923076923076923,0.38461538461538464,0.0,desktop,android,firefox
DEV_003539,16,2,2,2,0,2265.69,141.605625,65.62,0.15104390019384467,0.9785536366765516,10,16,4,16,0.125,0.125,0.125,0.625,1.0,0.25,1.0,mobile,android,chrome
DEV_005819,4,0,0,0,0,369.51,92.3775,19.915,0.15095569362002967,0.596901595461006,2,4,2,0,0.0,0.0,0.0,0.5,1.0,0.5,0.0,desktop,macos,chrome
DEV_007770,6,0,0,0,1,585.73,97.62166666666667,69.405,0.15071994414499662,0.8089442780608397,4,6,1,0,0.0,0.0,0.0,0.6666666666666666,1.0,0.16666666666666666,0.0,mobile,ios,chrome
DEV_004715,4,0,0,0,0,165.66,41.415,34.269999999999996,0.15069181689870045,0.5292500602631827,0,2,1,0,0.0,0.0,0.0,0.0,0.5,0.25,0.0,desktop,android,edge
DEV_005862,17,0,0,0,2,1883.13,110.77235294117648,71.66,0.15056211059769947,0.8605016719508299,6,17,4,0,0.0,0.0,0.0,0.35294117647058826,1.0,0.23529411764705882,0.0,desktop,android,chrome
DEV_002919,8,0,0,0,1,1595.94,199.4925,134.45999999999998,0.1505509965776197,0.7940734320315425,6,8,2,0,0.0,0.0,0.0,0.75,1.0,0.25,0.0,desktop,ios,chrome
DEV_001309,8,0,0,0,0,573.1,71.6375,81.455,0.15034271058901225,0.650875815261276,6,8,2,0,0.0,0.0,0.0,0.75,1.0,0.25,0.0,mobile,ios,safari
DEV_001538,8,1,1,1,0,1522.58,190.3225,110.855,0.15016192540875437,0.988967228361906,5,8,4,0,0.125,0.125,0.125,0.625,1.0,0.5,0.0,mobile,android,chrome
DEV_002936,13,1,1,1,0,2197.48,169.03692307692307,92.91,0.15000777777747104,0.9714425160071788,6,8,2,0,0.07692307692307693,0.07692307692307693,0.07692307692307693,0.46153846153846156,0.6153846153846154,0.15384615384615385,0.0,tablet,android,chrome
DEV_007666,8,0,1,1,0,825.25,103.15625,90.315,0.14977227923301975,0.9481720002648928,5,8,3,0,0.0,0.125,0.125,0.625,1.0,0.375,0.0,mobile,android,firefox
DEV_001820,12,0,0,0,0,1554.72,129.56,97.875,0.14972201571342464,0.5306603455179667,4,11,4,0,0.0,0.0,0.0,0.3333333333333333,0.9166666666666666,0.3333333333333333,0.0,mobile,macos,safari
DEV_006306,7,1,0,0,1,907.71,129.67285714285714,74.43,0.1496571284218182,0.8793175727778082,4,5,2,7,0.14285714285714285,0.0,0.0,0.5714285714285714,0.7142857142857143,0.2857142857142857,1.0,mobile,macos,firefox
DEV_004605,6,0,0,0,1,740.28,123.38,73.015,0.14942058170793082,0.8618292780429851,3,6,2,0,0.0,0.0,0.0,0.5,1.0,0.3333333333333333,0.0,mobile,macos,safari
DEV_000428,4,0,0,0,0,203.17,50.7925,51.2,0.1494171563957781,0.5958046670072478,1,4,1,0,0.0,0.0,0.0,0.25,1.0,0.25,0.0,mobile,macos,firefox
DEV_000566,23,0,0,0,3,2659.52,115.63130434782609,104.84,0.14935751336128603,0.8527711726924742,10,23,5,0,0.0,0.0,0.0,0.43478260869565216,1.0,0.21739130434782608,0.0,mobile,android,firefox
DEV_005581,5,0,0,0,0,937.57,187.514,137.02,0.1492490643114729,0.6475674759474791,1,2,1,0,0.0,0.0,0.0,0.2,0.4,0.2,0.0,mobile,android,chrome
DEV_001956,14,0,2,2,0,3320.71,237.19357142857143,51.465,0.14915132129652417,0.9157115582877609,7,14,3,0,0.0,0.14285714285714285,0.14285714285714285,0.5,1.0,0.21428571428571427,0.0,mobile,android,chrome
DEV_002472,3,0,0,0,0,1014.65,338.21666666666664,332.69,0.14915013398805047,0.4436160865681746,2,3,0,3,0.0,0.0,0.0,0.6666666666666666,1.0,0.0,1.0,desktop,android,edge
DEV_003349,7,1,0,0,1,572.79,81.82714285714285,59.78,0.14905865384979175,0.7925620338948116,2,7,3,0,0.14285714285714285,0.0,0.0,0.2857142857142857,1.0,0.42857142857142855,0.0,mobile,ios,safari
DEV_002207,8,0,0,0,1,1227.3,153.4125,110.42500000000001,0.14905089990199547,0.8375224734448784,4,5,0,8,0.0,0.0,0.0,0.5,0.625,0.0,1.0,desktop,windows,chrome
DEV_007985,18,0,0,0,3,1578.6899999999998,87.70499999999998,43.25,0.1489460022573338,0.8918455876413928,10,18,5,0,0.0,0.0,0.0,0.5555555555555556,1.0,0.2777777777777778,0.0,mobile,windows,chrome
DEV_006799,7,0,0,0,1,435.40000000000003,62.2,55.39,0.14886292976025342,0.8772744572820711,4,6,1,7,0.0,0.0,0.0,0.5714285714285714,0.8571428571428571,0.14285714285714285,1.0,mobile,windows,firefox
DEV_007578,15,0,0,0,0,1164.86,77.65733333333333,68.92,0.14885159591491232,0.5790166314066705,11,15,6,0,0.0,0.0,0.0,0.7333333333333333,1.0,0.4,0.0,mobile,macos,chrome
DEV_006567,3,0,0,0,0,338.76,112.92,115.08,0.1488429029223736,0.4453744559232525,1,3,2,0,0.0,0.0,0.0,0.3333333333333333,1.0,0.6666666666666666,0.0,tablet,windows,chrome
DEV_001463,8,0,0,0,0,559.03,69.87875,68.62,0.1487901478838892,0.5950459278366802,7,7,2,0,0.0,0.0,0.0,0.875,0.875,0.25,0.0,mobile,ios,safari
DEV_000818,6,0,0,0,1,427.15999999999997,71.19333333333333,50.54,0.14830248495921472,0.7369909186371821,3,6,1,6,0.0,0.0,0.0,0.5,1.0,0.16666666666666666,1.0,mobile,windows,firefox
DEV_002603,14,0,0,0,2,1642.1,117.29285714285713,104.92,0.14822224323969713,0.7959148359062074,7,13,5,0,0.0,0.0,0.0,0.5,0.9285714285714286,0.35714285714285715,0.0,mobile,linux,safari
DEV_005799,6,0,0,0,0,748.4300000000001,124.73833333333334,119.745,0.14802173133886162,0.5813870075281711,3,6,1,0,0.0,0.0,0.0,0.5,1.0,0.16666666666666666,0.0,mobile,macos,safari
DEV_002566,22,2,1,1,0,4261.75,193.7159090909091,142.845,0.1479773752317265,0.9568973532709828,12,18,5,22,0.09090909090909091,0.045454545454545456,0.045454545454545456,0.5454545454545454,0.8181818181818182,0.22727272727272727,1.0,mobile,ios,safari
DEV_007489,5,0,0,0,1,238.42,47.684,19.82,0.1479494290390364,0.7389626957021027,3,5,2,0,0.0,0.0,0.0,0.6,1.0,0.4,0.0,desktop,macos,edge
DEV_000599,11,1,1,1,0,783.22,71.20181818181818,55.35,0.14793251284232298,0.995969556226097,7,9,5,0,0.09090909090909091,0.09090909090909091,0.09090909090909091,0.6363636363636364,0.8181818181818182,0.45454545454545453,0.0,mobile,android,chrome
DEV_002758,8,0,0,0,1,732.16,91.52,63.745,0.1479282957855107,0.8503305244799644,5,5,2,8,0.0,0.0,0.0,0.625,0.625,0.25,1.0,mobile,windows,edge
DEV_002537,7,1,1,1,0,1383.62,197.66,108.48,0.14777942115420725,0.9915682962028258,4,6,2,0,0.14285714285714285,0.14285714285714285,0.14285714285714285,0.5714285714285714,0.8571428571428571,0.2857142857142857,0.0,mobile,macos,firefox
DEV_007371,21,1,1,1,1,2816.62,134.1247619047619,76.58,0.1476939864992084,0.9383037865900988,17,21,6,0,0.047619047619047616,0.047619047619047616,0.047619047619047616,0.8095238095238095,1.0,0.2857142857142857,0.0,mobile,ios,firefox
DEV_005617,7,1,1,1,0,1222.42,174.6314285714286,64.59,0.14753968388763725,0.9836226859469448,5,7,2,0,0.14285714285714285,0.14285714285714285,0.14285714285714285,0.7142857142857143,1.0,0.2857142857142857,0.0,mobile,windows,edge
DEV_005773,18,1,1,1,2,2675.26,148.62555555555556,80.875,0.14745006407949043,0.9128561668513884,6,16,6,0,0.05555555555555555,0.05555555555555555,0.05555555555555555,0.3333333333333333,0.8888888888888888,0.3333333333333333,0.0,mobile,ios,chrome
DEV_003211,10,1,1,1,0,2533.9900000000002,253.39900000000003,127.155,0.14709672957215664,0.9802116119259844,7,10,1,10,0.1,0.1,0.1,0.7,1.0,0.1,1.0,mobile,macos,edge
DEV_003919,10,1,1,1,0,2065.89,206.589,185.63,0.14694854763707127,0.9037003825423756,4,10,1,10,0.1,0.1,0.1,0.4,1.0,0.1,1.0,mobile,windows,firefox
DEV_004209,5,0,0,0,0,266.76,53.352,38.42,0.14692443501806518,0.5644975332444033,4,5,2,5,0.0,0.0,0.0,0.8,1.0,0.4,1.0,mobile,android,edge
DEV_004535,13,1,0,0,2,1693.67,130.2823076923077,46.64,0.1468610582269507,0.8670247312230953,7,13,2,13,0.07692307692307693,0.0,0.0,0.5384615384615384,1.0,0.15384615384615385,1.0,mobile,android,chrome
DEV_004047,11,0,1,1,0,1345.28,122.29818181818182,63.03,0.14672010086117887,0.9004779425257848,6,9,3,11,0.0,0.09090909090909091,0.09090909090909091,0.5454545454545454,0.8181818181818182,0.2727272727272727,1.0,mobile,linux,edge
DEV_006274,11,0,1,1,0,1200.86,109.1690909090909,93.53,0.14662161324319142,0.9563302030158772,6,11,2,0,0.0,0.09090909090909091,0.09090909090909091,0.5454545454545454,1.0,0.18181818181818182,0.0,mobile,linux,firefox
DEV_006483,9,0,0,0,0,814.5,90.5,37.33,0.1462369632086373,0.5920383931000458,5,9,1,9,0.0,0.0,0.0,0.5555555555555556,1.0,0.1111111111111111,1.0,desktop,ios,firefox
DEV_001201,13,0,0,0,0,3039.24,233.78769230769228,153.81,0.14622176240175466,0.6443111757585941,8,10,2,13,0.0,0.0,0.0,0.6153846153846154,0.7692307692307693,0.15384615384615385,1.0,desktop,android,chrome
DEV_007189,6,1,0,0,1,284.73,47.455000000000005,28.229999999999997,0.1461502008660574,0.8304884072000901,2,5,1,0,0.16666666666666666,0.0,0.0,0.3333333333333333,0.8333333333333334,0.16666666666666666,0.0,mobile,ios,edge
DEV_000856,16,2,1,1,1,826.85,51.678125,30.57,0.1460099283499763,0.9515894069460628,5,6,2,0,0.125,0.0625,0.0625,0.3125,0.375,0.125,0.0,mobile,android,safari
DEV_004382,5,0,0,0,1,676.4300000000001,135.286,107.74,0.14595540852460961,0.7063016492114442,4,5,3,0,0.0,0.0,0.0,0.8,1.0,0.6,0.0,mobile,macos,safari
DEV_006866,21,0,0,0,3,5105.96,243.14095238095237,111.51,0.14583147783991063,0.8507548088851417,8,21,5,0,0.0,0.0,0.0,0.38095238095238093,1.0,0.23809523809523808,0.0,mobile,android,chrome
DEV_004101,4,0,0,0,0,385.98,96.495,95.125,0.14576039583628056,0.555935323044407,3,3,1,0,0.0,0.0,0.0,0.75,0.75,0.25,0.0,desktop,android,safari
DEV_004514,4,0,0,0,0,578.86,144.715,97.265,0.14564249110165675,0.581320009506684,1,4,2,0,0.0,0.0,0.0,0.25,1.0,0.5,0.0,desktop,macos,firefox
DEV_005306,7,1,0,0,1,1389.0,198.42857142857142,206.94,0.14548619742371566,0.7817022943668837,6,7,1,0,0.14285714285714285,0.0,0.0,0.8571428571428571,1.0,0.14285714285714285,0.0,mobile,windows,safari
DEV_003884,13,2,1,1,1,2930.09,225.39153846153846,144.9,0.14544839327000283,0.9978738506406152,6,10,2,0,0.15384615384615385,0.07692307692307693,0.07692307692307693,0.46153846153846156,0.7692307692307693,0.15384615384615385,0.0,mobile,linux,firefox
DEV_001257,15,1,2,2,0,1440.24,96.016,43.51,0.14530070028406444,0.9407337035586923,7,14,2,15,0.06666666666666667,0.13333333333333333,0.13333333333333333,0.4666666666666667,0.9333333333333333,0.13333333333333333,1.0,desktop,android,edge
DEV_007411,4,0,0,0,0,230.36,57.59,64.01,0.14479905764358567,0.2474569846437519,1,3,1,4,0.0,0.0,0.0,0.25,0.75,0.25,1.0,mobile,linux,edge
DEV_007027,26,0,0,0,3,2750.7,105.79615384615384,54.535,0.14478611636965302,0.8224430657099703,18,24,6,0,0.0,0.0,0.0,0.6923076923076923,0.9230769230769231,0.23076923076923078,0.0,mobile,ios,chrome
DEV_005634,10,1,0,0,1,1417.93,141.793,102.24000000000001,0.14448051303173406,0.7731504349102452,4,10,1,10,0.1,0.0,0.0,0.4,1.0,0.1,1.0,mobile,android,chrome
DEV_001421,6,0,0,0,0,1956.95,326.15833333333336,273.185,0.14443723149442367,0.3109515859037923,0,3,0,6,0.0,0.0,0.0,0.0,0.5,0.0,1.0,desktop,windows,edge
DEV_005480,4,1,0,0,0,400.78,100.195,91.74,0.14433109226593127,0.5545692671196154,3,3,0,0,0.25,0.0,0.0,0.75,0.75,0.0,0.0,mobile,ios,chrome
DEV_000060,4,0,0,0,0,325.61,81.4025,46.61,0.1441945882812891,0.2223187910068029,1,1,0,4,0.0,0.0,0.0,0.25,0.25,0.0,1.0,tablet,android,safari
DEV_006971,5,0,0,0,1,199.89000000000001,39.978,17.32,0.14416967698895228,0.7065582453684497,2,5,0,5,0.0,0.0,0.0,0.4,1.0,0.0,1.0,desktop,android,chrome
DEV_006488,8,0,0,0,0,653.37,81.67125,72.845,0.1441572834060119,0.3167759203200455,4,8,1,8,0.0,0.0,0.0,0.5,1.0,0.125,1.0,desktop,android,edge
DEV_006936,12,1,1,0,2,779.17,64.93083333333333,50.425,0.1439735512313875,0.8991670644829853,5,9,3,0,0.08333333333333333,0.08333333333333333,0.0,0.4166666666666667,0.75,0.25,0.0,mobile,ios,safari
DEV_002351,35,3,1,1,2,3245.47,92.72771428571428,48.9,0.1439501324631802,0.9364629601367656,20,33,10,0,0.08571428571428572,0.02857142857142857,0.02857142857142857,0.5714285714285714,0.9428571428571428,0.2857142857142857,0.0,mobile,windows,chrome
DEV_005004,12,0,0,0,1,1194.27,99.5225,92.25,0.14379665643011838,0.8478640226876191,6,11,4,0,0.0,0.0,0.0,0.5,0.9166666666666666,0.3333333333333333,0.0,desktop,ios,chrome
DEV_006972,7,0,0,0,0,237.88,33.98285714285714,38.98,0.14359417759610413,0.3873212350364263,4,6,4,0,0.0,0.0,0.0,0.5714285714285714,0.8571428571428571,0.5714285714285714,0.0,mobile,android,chrome
DEV_001994,5,0,0,0,1,573.1,114.62,93.61,0.14356952027764508,0.7085861375721101,1,4,2,0,0.0,0.0,0.0,0.2,0.8,0.4,0.0,desktop,windows,safari
DEV_002045,20,0,1,1,2,2327.25,116.3625,73.19999999999999,0.1435258948747736,0.9424796163739564,9,16,3,0,0.0,0.05,0.05,0.45,0.8,0.15,0.0,mobile,windows,chrome
DEV_002979,8,0,0,0,1,876.16,109.52,83.68,0.1434517262816434,0.7375822687932777,4,8,2,8,0.0,0.0,0.0,0.5,1.0,0.25,1.0,mobile,ios,chrome
DEV_006764,6,0,0,0,1,1258.72,209.78666666666666,138.92000000000002,0.14327252693714196,0.8384495701646032,4,6,2,0,0.0,0.0,0.0,0.6666666666666666,1.0,0.3333333333333333,0.0,desktop,ios,chrome
DEV_006655,10,0,1,1,0,756.46,75.646,61.86,0.14323738532504784,0.9354109709289627,5,10,2,10,0.0,0.1,0.1,0.5,1.0,0.2,1.0,desktop,android,chrome
DEV_003811,14,1,1,1,0,1906.18,136.15571428571428,126.865,0.1431858924559642,0.9791139960463616,5,12,3,0,0.07142857142857142,0.07142857142857142,0.07142857142857142,0.35714285714285715,0.8571428571428571,0.21428571428571427,0.0,desktop,android,chrome
DEV_006150,14,1,1,1,1,2123.98,151.71285714285713,101.03999999999999,0.14316899611491066,0.9984856481320796,7,12,3,0,0.07142857142857142,0.07142857142857142,0.07142857142857142,0.5,0.8571428571428571,0.21428571428571427,0.0,desktop,macos,safari
DEV_000217,6,1,0,0,1,543.17,90.52833333333332,48.605000000000004,0.14310453399642753,0.8384709077057781,3,6,1,0,0.16666666666666666,0.0,0.0,0.5,1.0,0.16666666666666666,0.0,desktop,android,firefox
DEV_001762,4,0,0,0,0,342.77,85.6925,88.525,0.142968753021468,0.5559689765712703,3,4,2,4,0.0,0.0,0.0,0.75,1.0,0.5,1.0,tablet,linux,chrome
DEV_007524,4,0,0,0,0,190.37,47.5925,38.635,0.14286595825380638,0.5675190753954125,2,4,2,0,0.0,0.0,0.0,0.5,1.0,0.5,0.0,desktop,ios,chrome
DEV_003891,6,0,0,0,1,582.06,97.00999999999999,89.035,0.14275473275314038,0.8484543275324509,4,5,0,6,0.0,0.0,0.0,0.6666666666666666,0.8333333333333334,0.0,1.0,desktop,android,chrome
DEV_002744,6,0,0,0,1,526.32,87.72000000000001,31.365,0.1427258128270855,0.7442638880601428,4,6,0,6,0.0,0.0,0.0,0.6666666666666666,1.0,0.0,1.0,mobile,windows,chrome
DEV_007833,4,0,0,0,0,225.89000000000001,56.472500000000004,50.765,0.14238163284353192,0.5600702717520891,3,4,1,0,0.0,0.0,0.0,0.75,1.0,0.25,0.0,mobile,macos,chrome
DEV_003721,13,1,0,0,1,1105.77,85.05923076923077,72.09,0.1422364031051218,0.8735503637810216,7,9,4,13,0.07692307692307693,0.0,0.0,0.5384615384615384,0.6923076923076923,0.3076923076923077,1.0,mobile,macos,firefox
DEV_007917,5,0,0,0,0,89.11,17.822,12.43,0.14217156218933394,0.6826463302064419,2,5,0,0,0.0,0.0,0.0,0.4,1.0,0.0,0.0,desktop,android,chrome
DEV_005332,9,1,1,1,0,522.4399999999999,58.04888888888888,22.41,0.14199847816677252,0.9042109012470944,4,9,2,9,0.1111111111111111,0.1111111111111111,0.1111111111111111,0.4444444444444444,1.0,0.2222222222222222,1.0,mobile,android,chrome
DEV_002155,7,1,1,1,0,1145.65,163.66428571428574,38.46,0.14179843184760926,0.95397639238746,5,7,1,0,0.14285714285714285,0.14285714285714285,0.14285714285714285,0.7142857142857143,1.0,0.14285714285714285,0.0,mobile,ios,firefox
DEV_001356,11,0,0,0,1,698.37,63.48818181818182,54.34,0.14152848642256563,0.8861249528912982,3,8,5,0,0.0,0.0,0.0,0.2727272727272727,0.7272727272727273,0.45454545454545453,0.0,mobile,android,firefox
DEV_005789,6,1,0,0,0,464.03000000000003,77.33833333333334,39.879999999999995,0.14151515982393587,0.4143690499490833,2,6,2,0,0.16666666666666666,0.0,0.0,0.3333333333333333,1.0,0.3333333333333333,0.0,desktop,android,chrome
DEV_000509,13,0,0,0,1,735.53,56.57923076923077,46.92,0.14148769864649838,0.7753530911301318,6,13,4,13,0.0,0.0,0.0,0.46153846153846156,1.0,0.3076923076923077,1.0,mobile,windows,safari
DEV_007660,13,0,0,0,0,1144.49,88.03769230769231,21.24,0.14120189600243657,0.5138270630940085,6,12,3,13,0.0,0.0,0.0,0.46153846153846156,0.9230769230769231,0.23076923076923078,1.0,mobile,macos,chrome
DEV_007587,9,0,1,1,0,1426.58,158.5088888888889,103.73,0.14109418919569772,0.9230895183418416,5,9,4,9,0.0,0.1111111111111111,0.1111111111111111,0.5555555555555556,1.0,0.4444444444444444,1.0,mobile,windows,chrome
DEV_004986,7,0,0,0,0,607.1,86.72857142857143,49.02,0.1407560467541929,0.540173036451579,1,7,2,0,0.0,0.0,0.0,0.14285714285714285,1.0,0.2857142857142857,0.0,tablet,windows,firefox
DEV_003237,12,0,0,0,1,1960.71,163.3925,109.455,0.14069000187253491,0.769995101480963,7,12,5,0,0.0,0.0,0.0,0.5833333333333334,1.0,0.4166666666666667,0.0,mobile,macos,chrome
DEV_007525,8,0,0,0,0,2670.7999999999997,333.84999999999997,176.78,0.14063873993466094,0.566075085799688,5,6,2,0,0.0,0.0,0.0,0.625,0.75,0.25,0.0,mobile,linux,safari
DEV_000019,7,1,1,1,0,1554.6599999999999,222.0942857142857,94.17,0.14057562531834664,0.9763096642737578,2,6,2,0,0.14285714285714285,0.14285714285714285,0.14285714285714285,0.2857142857142857,0.8571428571428571,0.2857142857142857,0.0,desktop,android,chrome
DEV_004931,6,0,0,0,1,1045.97,174.32833333333335,182.425,0.14050185138235002,0.7081636659767461,2,4,2,0,0.0,0.0,0.0,0.3333333333333333,0.6666666666666666,0.3333333333333333,0.0,mobile,android,edge
DEV_007120,7,1,1,1,0,502.98,71.85428571428572,27.53,0.14028130335602326,0.965979133604608,3,7,2,7,0.14285714285714285,0.14285714285714285,0.14285714285714285,0.42857142857142855,1.0,0.2857142857142857,1.0,desktop,windows,edge
DEV_004687,9,0,0,0,0,3029.2,336.5777777777778,248.45,0.14027966578674847,0.6558890499427097,6,8,0,0,0.0,0.0,0.0,0.6666666666666666,0.8888888888888888,0.0,0.0,mobile,windows,chrome
DEV_007836,6,0,0,0,1,639.34,106.55666666666667,37.099999999999994,0.14011422007829735,0.8379637933775562,4,6,1,0,0.0,0.0,0.0,0.6666666666666666,1.0,0.16666666666666666,0.0,desktop,ios,edge
DEV_007890,12,0,0,0,1,1268.3700000000001,105.6975,86.065,0.14005492350077683,0.7529597457243604,3,6,2,0,0.0,0.0,0.0,0.25,0.5,0.16666666666666666,0.0,mobile,ios,chrome
DEV_003529,8,1,1,1,0,1846.11,230.76375,161.565,0.14002427886065652,0.9490727339370012,5,8,1,0,0.125,0.125,0.125,0.625,1.0,0.125,0.0,mobile,android,firefox
DEV_005756,7,0,0,0,1,541.8000000000001,77.4,35.64,0.14000390805011512,0.8960262764355754,5,7,2,0,0.0,0.0,0.0,0.7142857142857143,1.0,0.2857142857142857,0.0,mobile,macos,firefox
DEV_006110,6,0,0,0,1,188.16,31.36,38.510000000000005,0.13994491212356805,0.8127732831054757,4,6,0,0,0.0,0.0,0.0,0.6666666666666666,1.0,0.0,0.0,mobile,ios,chrome
DEV_003436,7,1,0,0,0,1286.06,183.72285714285712,76.7,0.13990303595069994,0.4956327827469088,3,7,2,7,0.14285714285714285,0.0,0.0,0.42857142857142855,1.0,0.2857142857142857,1.0,tablet,android,edge
DEV_005463,10,0,0,0,1,599.08,59.908,45.725,0.1397130518927694,0.8157974637177757,4,10,3,0,0.0,0.0,0.0,0.4,1.0,0.3,0.0,mobile,android,chrome
DEV_003964,4,1,0,0,0,188.66,47.165,16.259999999999998,0.1396295002059873,0.3319992689060294,4,4,1,4,0.25,0.0,0.0,1.0,1.0,0.25,1.0,desktop,windows,safari
DEV_002628,11,0,0,0,1,1151.12,104.64727272727272,41.83,0.13961467081300516,0.7361612394979046,5,11,2,11,0.0,0.0,0.0,0.45454545454545453,1.0,0.18181818181818182,1.0,desktop,macos,edge
DEV_006460,15,0,0,0,2,2509.39,167.29266666666666,88.45,0.1396117706780067,0.7536937903827139,10,15,3,0,0.0,0.0,0.0,0.6666666666666666,1.0,0.2,0.0,mobile,ios,chrome
DEV_006894,19,2,1,1,0,3376.35,177.70263157894738,60.42,0.13935319628969048,0.9786624819307748,10,16,3,0,0.10526315789473684,0.05263157894736842,0.05263157894736842,0.5263157894736842,0.8421052631578947,0.15789473684210525,0.0,mobile,ios,firefox
DEV_001476,7,1,1,1,0,698.05,99.72142857142856,47.08,0.1392577904258498,0.9680774639649976,1,4,2,0,0.14285714285714285,0.14285714285714285,0.14285714285714285,0.14285714285714285,0.5714285714285714,0.2857142857142857,0.0,desktop,macos,chrome
DEV_003253,3,0,0,0,0,237.07,79.02333333333333,62.61,0.1392110887129823,0.4015063080491135,0,3,2,0,0.0,0.0,0.0,0.0,1.0,0.6666666666666666,0.0,mobile,android,safari
DEV_002694,14,1,1,1,1,3519.02,251.35857142857142,81.28,0.13911216561430337,0.9945558235200508,10,14,3,0,0.07142857142857142,0.07142857142857142,0.07142857142857142,0.7142857142857143,1.0,0.21428571428571427,0.0,mobile,windows,chrome
DEV_004595,14,1,0,0,0,1111.93,79.42357142857144,61.89,0.13862136650214185,0.6321384802955804,5,14,7,0,0.07142857142857142,0.0,0.0,0.35714285714285715,1.0,0.5,0.0,mobile,android,safari
DEV_001941,15,0,1,1,0,2311.17,154.078,68.05,0.13856399719535875,0.9744214477547726,9,12,5,0,0.0,0.06666666666666667,0.06666666666666667,0.6,0.8,0.3333333333333333,0.0,mobile,ios,safari
DEV_007269,6,1,0,0,1,574.3199999999999,95.71999999999998,80.41999999999999,0.13845346970511135,0.7127094774217411,2,6,2,6,0.16666666666666666,0.0,0.0,0.3333333333333333,1.0,0.3333333333333333,1.0,mobile,ios,firefox
DEV_002928,6,0,0,0,1,931.3100000000001,155.21833333333333,141.265,0.13834354012595876,0.7015190738965653,1,6,2,6,0.0,0.0,0.0,0.16666666666666666,1.0,0.3333333333333333,1.0,mobile,android,chrome
DEV_004574,13,0,0,0,1,3151.44,242.41846153846154,206.84,0.13815206867558635,0.7577049983756877,10,13,5,0,0.0,0.0,0.0,0.7692307692307693,1.0,0.38461538461538464,0.0,mobile,windows,safari
DEV_002027,4,0,0,0,0,218.92,54.73,62.105000000000004,0.13813347547740334,0.5490891326496706,1,2,0,0,0.0,0.0,0.0,0.25,0.5,0.0,0.0,desktop,android,edge
DEV_007667,9,0,0,0,1,607.72,67.52444444444444,61.78,0.1379812378713549,0.8702060798396728,4,8,1,9,0.0,0.0,0.0,0.4444444444444444,0.8888888888888888,0.1111111111111111,1.0,desktop,windows,edge
DEV_001673,7,0,0,0,1,268.11,38.30142857142857,33.16,0.13782508433815016,0.8670966029861235,3,7,2,7,0.0,0.0,0.0,0.42857142857142855,1.0,0.2857142857142857,1.0,mobile,windows,safari
DEV_007527,6,0,0,0,1,1835.22,305.87,114.02,0.13780162312752586,0.755307100190796,2,6,1,0,0.0,0.0,0.0,0.3333333333333333,1.0,0.16666666666666666,0.0,mobile,macos,chrome
DEV_007382,7,0,1,1,0,1098.92,156.98857142857145,134.15,0.1375990753429995,0.9341287462221994,5,7,0,0,0.0,0.14285714285714285,0.14285714285714285,0.7142857142857143,1.0,0.0,0.0,mobile,android,chrome
DEV_001373,5,0,0,0,0,314.28000000000003,62.85600000000001,41.65,0.13758961074863998,0.6785967443392305,2,4,2,0,0.0,0.0,0.0,0.4,0.8,0.4,0.0,desktop,ios,edge
DEV_006022,17,1,0,0,1,2649.03,155.82529411764708,99.0,0.13745974420175144,0.7774352762170998,12,17,2,17,0.058823529411764705,0.0,0.0,0.7058823529411765,1.0,0.11764705882352941,1.0,mobile,android,firefox
DEV_002339,4,0,0,0,0,994.8100000000001,248.70250000000001,114.5,0.13742073634419305,0.4780640126340542,4,4,0,0,0.0,0.0,0.0,1.0,1.0,0.0,0.0,mobile,linux,chrome
DEV_005314,6,1,0,0,1,1373.97,228.995,198.14,0.13734295288997503,0.8110427675173049,2,6,1,0,0.16666666666666666,0.0,0.0,0.3333333333333333,1.0,0.16666666666666666,0.0,tablet,macos,edge
DEV_001593,6,0,0,0,0,1433.31,238.885,182.03,0.13723525138202997,0.509543291879577,3,6,2,0,0.0,0.0,0.0,0.5,1.0,0.3333333333333333,0.0,mobile,ios,safari
DEV_005924,4,0,0,0,0,476.84000000000003,119.21000000000001,96.675,0.1371804665925806,0.5035110599482995,2,3,1,0,0.0,0.0,0.0,0.5,0.75,0.25,0.0,desktop,linux,firefox
DEV_001695,7,0,0,0,1,1500.27,214.3242857142857,158.41,0.13707043150769138,0.7940600950084438,6,7,1,0,0.0,0.0,0.0,0.8571428571428571,1.0,0.14285714285714285,0.0,mobile,android,chrome
DEV_003997,5,0,0,0,0,562.31,112.46199999999999,89.52,0.13694621760068576,0.5238029210563653,5,5,1,5,0.0,0.0,0.0,1.0,1.0,0.2,1.0,mobile,ios,firefox
DEV_000867,23,1,1,1,0,3076.15,133.74565217391304,83.42,0.13677270895777144,0.9267917536151954,9,20,4,23,0.043478260869565216,0.043478260869565216,0.043478260869565216,0.391304347826087,0.8695652173913043,0.17391304347826086,1.0,mobile,ios,chrome
DEV_007590,4,0,0,0,0,356.99,89.2475,95.24,0.1364989272546677,0.5426047540576378,2,4,1,4,0.0,0.0,0.0,0.5,1.0,0.25,1.0,desktop,ios,chrome
DEV_003399,6,0,0,0,1,383.85,63.975,34.1,0.13647637089838693,0.8022448708960797,5,6,0,0,0.0,0.0,0.0,0.8333333333333334,1.0,0.0,0.0,mobile,ios,chrome
DEV_000269,11,1,0,0,1,791.64,71.96727272727273,60.36,0.1360264358019122,0.8658742766742578,3,11,4,11,0.09090909090909091,0.0,0.0,0.2727272727272727,1.0,0.36363636363636365,1.0,desktop,ios,firefox
DEV_005604,4,0,0,0,0,311.03999999999996,77.75999999999999,39.46,0.1360026479251683,0.5116403742042359,3,4,1,4,0.0,0.0,0.0,0.75,1.0,0.25,1.0,desktop,macos,chrome
DEV_007829,21,0,0,0,2,3720.8199999999997,177.18190476190475,49.87,0.1358500017902377,0.8152924375711552,12,21,4,0,0.0,0.0,0.0,0.5714285714285714,1.0,0.19047619047619047,0.0,desktop,ios,chrome
DEV_007487,27,1,1,1,2,5106.12,189.11555555555555,148.85,0.13584507269900756,0.9823399558807372,14,21,6,0,0.037037037037037035,0.037037037037037035,0.037037037037037035,0.5185185185185185,0.7777777777777778,0.2222222222222222,0.0,desktop,android,chrome
DEV_004950,5,0,0,0,0,436.37,87.274,57.72,0.13583320419150507,0.5160435924381591,2,5,1,5,0.0,0.0,0.0,0.4,1.0,0.2,1.0,desktop,android,chrome
DEV_006657,9,0,0,0,0,1015.72,112.85777777777778,70.72,0.13562959771198746,0.5307772949081723,7,9,1,0,0.0,0.0,0.0,0.7777777777777778,1.0,0.1111111111111111,0.0,mobile,macos,safari
DEV_000161,6,0,0,0,0,1879.63,313.2716666666667,222.495,0.13557093099054254,0.6930260612348633,4,6,1,6,0.0,0.0,0.0,0.6666666666666666,1.0,0.16666666666666666,1.0,mobile,ios,firefox
DEV_006047,8,1,1,1,0,437.76,54.72,51.93,0.1354441541746107,0.9064253740015494,3,8,1,8,0.125,0.125,0.125,0.375,1.0,0.125,1.0,tablet,windows,safari
DEV_006141,7,0,0,0,0,754.35,107.76428571428572,63.81,0.1354384453251696,0.487642251969232,5,7,1,7,0.0,0.0,0.0,0.7142857142857143,1.0,0.14285714285714285,1.0,mobile,android,chrome
DEV_006478,7,1,1,1,0,561.08,80.15428571428572,87.64,0.135379552537708,0.9246677606672142,3,7,1,0,0.14285714285714285,0.14285714285714285,0.14285714285714285,0.42857142857142855,1.0,0.14285714285714285,0.0,mobile,macos,edge
DEV_002593,15,1,0,0,1,2343.19,156.21266666666668,84.58,0.13528723782552604,0.8815202986989279,10,15,3,15,0.06666666666666667,0.0,0.0,0.6666666666666666,1.0,0.2,1.0,desktop,android,chrome
DEV_001371,4,1,0,0,0,1610.91,402.7275,176.06,0.13525455758047766,0.5274625944440041,3,4,0,4,0.25,0.0,0.0,0.75,1.0,0.0,1.0,desktop,android,firefox
DEV_007377,13,0,0,0,2,933.9200000000001,71.84,70.08,0.13524072759128425,0.8839363795097389,5,13,2,0,0.0,0.0,0.0,0.38461538461538464,1.0,0.15384615384615385,0.0,mobile,ios,edge
DEV_006964,19,0,2,2,0,3016.89,158.7836842105263,79.36,0.13517093629678764,0.9323556488573456,8,19,2,19,0.0,0.10526315789473684,0.10526315789473684,0.42105263157894735,1.0,0.10526315789473684,1.0,mobile,windows,safari
DEV_007104,7,0,0,0,0,555.59,79.37,45.61,0.13509446565009384,0.5453691528562301,3,7,1,7,0.0,0.0,0.0,0.42857142857142855,1.0,0.14285714285714285,1.0,desktop,macos,chrome
DEV_003397,12,1,1,1,0,2062.2400000000002,171.85333333333335,107.15,0.1350091145338381,0.9207152255176064,7,12,2,0,0.08333333333333333,0.08333333333333333,0.08333333333333333,0.5833333333333334,1.0,0.16666666666666666,0.0,desktop,macos,chrome
DEV_003592,14,0,1,1,0,2906.5899999999997,207.61357142857142,116.425,0.13500401517401042,0.912674731686099,10,14,4,0,0.0,0.07142857142857142,0.07142857142857142,0.7142857142857143,1.0,0.2857142857142857,0.0,tablet,macos,safari
DEV_004900,7,0,0,0,1,1160.77,165.8242857142857,137.53,0.13497728137366033,0.7469709182176535,4,7,1,0,0.0,0.0,0.0,0.5714285714285714,1.0,0.14285714285714285,0.0,tablet,macos,edge
DEV_003454,11,0,0,0,1,1479.13,134.46636363636364,72.54,0.13496425417610997,0.891966125763688,7,10,6,0,0.0,0.0,0.0,0.6363636363636364,0.9090909090909091,0.5454545454545454,0.0,mobile,macos,edge
DEV_005903,13,1,1,1,0,2988.82,229.9092307692308,184.62,0.13494358666537065,0.9835893958032916,11,13,2,13,0.07692307692307693,0.07692307692307693,0.07692307692307693,0.8461538461538461,1.0,0.15384615384615385,1.0,desktop,macos,chrome
DEV_006996,7,0,0,0,1,779.85,111.40714285714286,90.31,0.13491554119504998,0.7238396714922984,3,7,1,0,0.0,0.0,0.0,0.42857142857142855,1.0,0.14285714285714285,0.0,desktop,android,safari
DEV_001946,9,0,1,1,0,1380.9,153.43333333333334,173.86,0.13483138050697346,0.9050653897657024,8,9,1,0,0.0,0.1111111111111111,0.1111111111111111,0.8888888888888888,1.0,0.1111111111111111,0.0,mobile,android,safari
DEV_000046,7,0,0,0,1,751.59,107.37,81.2,0.1348292084849493,0.7433067790507815,4,7,3,7,0.0,0.0,0.0,0.5714285714285714,1.0,0.42857142857142855,1.0,mobile,macos,firefox
DEV_007305,7,0,0,0,1,407.34000000000003,58.191428571428574,28.71,0.13456893852696997,0.7797695365886427,3,7,1,7,0.0,0.0,0.0,0.42857142857142855,1.0,0.14285714285714285,1.0,desktop,macos,firefox
DEV_003439,20,0,0,0,2,2401.7,120.085,101.58500000000001,0.13383583672175653,0.8285483865441002,13,17,4,20,0.0,0.0,0.0,0.65,0.85,0.2,1.0,mobile,windows,chrome
DEV_001298,23,1,0,0,2,2151.87,93.5595652173913,79.69,0.13367206777163063,0.8746823183009313,7,23,3,23,0.043478260869565216,0.0,0.0,0.30434782608695654,1.0,0.13043478260869565,1.0,desktop,ios,edge
DEV_002548,8,1,1,1,0,1141.1699999999998,142.64624999999998,65.555,0.13364762267262675,0.9976144359960094,4,8,1,0,0.125,0.125,0.125,0.5,1.0,0.125,0.0,desktop,ios,chrome
DEV_004873,10,0,1,1,0,1492.71,149.27100000000002,56.52,0.1334962621367042,0.9030777379275068,8,10,2,0,0.0,0.1,0.1,0.8,1.0,0.2,0.0,mobile,macos,chrome
DEV_003645,7,0,0,0,1,1589.7,227.1,137.79,0.13337380323997625,0.8609301539309627,5,7,1,0,0.0,0.0,0.0,0.7142857142857143,1.0,0.14285714285714285,0.0,mobile,android,safari
DEV_007641,15,1,1,1,0,2162.29,144.15266666666668,61.85,0.13331248040200366,0.9794572940756066,7,15,3,15,0.06666666666666667,0.06666666666666667,0.06666666666666667,0.4666666666666667,1.0,0.2,1.0,mobile,android,chrome
DEV_000092,6,1,0,0,1,501.85999999999996,83.64333333333333,61.41,0.13317629180353213,0.7710280015421614,1,6,1,6,0.16666666666666666,0.0,0.0,0.16666666666666666,1.0,0.16666666666666666,1.0,mobile,ios,chrome
DEV_006243,13,0,0,0,0,2025.75,155.82692307692307,99.95,0.13311839896433292,0.5503904558767376,7,10,2,13,0.0,0.0,0.0,0.5384615384615384,0.7692307692307693,0.15384615384615385,1.0,mobile,windows,chrome
DEV_006065,12,0,0,0,0,473.57,39.464166666666664,25.51,0.13301627200632696,0.5375852280716338,4,12,4,0,0.0,0.0,0.0,0.3333333333333333,1.0,0.3333333333333333,0.0,mobile,ios,edge
DEV_001302,5,0,0,0,0,988.14,197.628,128.38,0.13292782970998626,0.3596469781852415,3,5,1,5,0.0,0.0,0.0,0.6,1.0,0.2,1.0,mobile,macos,chrome
DEV_001300,10,0,0,0,1,669.3199999999999,66.93199999999999,36.68,0.13269109745903493,0.8765825315895334,9,10,0,10,0.0,0.0,0.0,0.9,1.0,0.0,1.0,mobile,ios,chrome
DEV_002176,10,0,1,1,0,895.52,89.55199999999999,95.61,0.13244023416067532,0.9049627229628008,7,9,1,0,0.0,0.1,0.1,0.7,0.9,0.1,0.0,mobile,ios,edge
DEV_002097,7,0,0,0,0,1812.58,258.94,191.18,0.13231858208813818,0.6610757113492204,2,7,1,0,0.0,0.0,0.0,0.2857142857142857,1.0,0.14285714285714285,0.0,tablet,ios,edge
DEV_000563,4,0,0,0,0,426.84,106.71,77.695,0.131533100553335,0.5141485788006727,4,4,2,0,0.0,0.0,0.0,1.0,1.0,0.5,0.0,mobile,ios,chrome
DEV_003490,8,1,1,1,0,1471.94,183.9925,101.405,0.13141454689845716,0.9202750407364916,1,3,2,8,0.125,0.125,0.125,0.125,0.375,0.25,1.0,desktop,ios,chrome
DEV_000093,8,0,0,0,1,715.17,89.39625,73.47,0.13141032430356073,0.8671876741271857,4,8,1,0,0.0,0.0,0.0,0.5,1.0,0.125,0.0,mobile,windows,chrome
DEV_003598,17,1,0,0,2,2935.25,172.66176470588235,49.04,0.13110939295217838,0.8790072975013172,9,15,4,17,0.058823529411764705,0.0,0.0,0.5294117647058824,0.8823529411764706,0.23529411764705882,1.0,mobile,macos,safari
DEV_007457,13,1,1,1,0,1138.54,87.58,71.71,0.1310828667499053,0.9713228710251194,8,13,2,0,0.07692307692307693,0.07692307692307693,0.07692307692307693,0.6153846153846154,1.0,0.15384615384615385,0.0,mobile,android,chrome
DEV_003177,7,0,0,0,0,804.33,114.90428571428572,114.45,0.13093586982552763,0.5396955085288906,4,7,1,7,0.0,0.0,0.0,0.5714285714285714,1.0,0.14285714285714285,1.0,mobile,android,chrome
DEV_006410,6,0,0,0,1,363.91,60.65166666666667,44.15,0.13093492135064136,0.7815544447478794,2,6,1,6,0.0,0.0,0.0,0.3333333333333333,1.0,0.16666666666666666,1.0,desktop,android,firefox
DEV_004878,11,0,0,0,1,1581.02,143.7290909090909,127.91,0.13090266403555711,0.8560108618595419,6,11,1,11,0.0,0.0,0.0,0.5454545454545454,1.0,0.09090909090909091,1.0,mobile,android,safari
DEV_002509,6,0,0,0,1,1286.37,214.39499999999998,234.45499999999998,0.13089456265743524,0.7300496918473829,2,2,1,0,0.0,0.0,0.0,0.3333333333333333,0.3333333333333333,0.16666666666666666,0.0,mobile,ios,edge
DEV_000323,5,0,0,0,0,816.79,163.358,197.84,0.13088764366940447,0.4888069003356805,1,5,1,5,0.0,0.0,0.0,0.2,1.0,0.2,1.0,mobile,android,chrome
DEV_002531,7,0,0,0,0,205.04,29.291428571428572,16.77,0.13075866677827136,0.4598363653397338,2,3,1,0,0.0,0.0,0.0,0.2857142857142857,0.42857142857142855,0.14285714285714285,0.0,desktop,android,firefox
DEV_003852,3,0,0,0,0,607.11,202.37,128.35,0.1307467736509883,0.2670088521819609,2,3,0,3,0.0,0.0,0.0,0.6666666666666666,1.0,0.0,1.0,mobile,windows,firefox
DEV_006556,8,1,1,1,0,768.4,96.05,115.395,0.13063211386288762,0.959364598884588,3,8,1,8,0.125,0.125,0.125,0.375,1.0,0.125,1.0,mobile,android,firefox
DEV_002871,19,0,0,0,2,3438.65,180.98157894736843,153.9,0.13057234319003197,0.8872773916187714,9,19,8,19,0.0,0.0,0.0,0.47368421052631576,1.0,0.42105263157894735,1.0,mobile,macos,edge
DEV_002899,7,0,0,0,1,1035.48,147.9257142857143,89.82,0.13044979510900437,0.8713747076151731,7,7,2,0,0.0,0.0,0.0,1.0,1.0,0.2857142857142857,0.0,mobile,android,edge
DEV_000476,7,1,1,1,0,1049.55,149.93571428571428,139.36,0.1301893946904287,0.9073607455196152,4,7,3,0,0.14285714285714285,0.14285714285714285,0.14285714285714285,0.5714285714285714,1.0,0.42857142857142855,0.0,mobile,android,firefox
DEV_005785,11,0,0,0,1,957.47,87.04272727272728,53.69,0.13016649721812243,0.7177335394683504,6,11,1,11,0.0,0.0,0.0,0.5454545454545454,1.0,0.09090909090909091,1.0,mobile,android,firefox
DEV_006633,4,0,0,0,0,330.43,82.6075,70.065,0.13004808602640705,0.5071391266696419,3,4,1,0,0.0,0.0,0.0,0.75,1.0,0.25,0.0,mobile,ios,safari
DEV_004408,20,0,0,0,2,3371.14,168.557,92.67500000000001,0.1299371339767498,0.8087645889590567,8,19,6,0,0.0,0.0,0.0,0.4,0.95,0.3,0.0,mobile,ios,safari
DEV_005374,10,0,0,0,1,1112.22,111.22200000000001,57.495,0.1299095581097542,0.8777728797085745,2,10,2,10,0.0,0.0,0.0,0.2,1.0,0.2,1.0,desktop,linux,edge
DEV_002552,8,0,0,0,1,2463.69,307.96125,257.87,0.12976672890674595,0.7973605895728292,3,8,2,8,0.0,0.0,0.0,0.375,1.0,0.25,1.0,mobile,windows,safari
DEV_005771,9,1,1,1,0,1407.08,156.3422222222222,69.84,0.1296695746701565,0.997263777149333,4,9,2,9,0.1111111111111111,0.1111111111111111,0.1111111111111111,0.4444444444444444,1.0,0.2222222222222222,1.0,desktop,windows,chrome
DEV_006458,12,1,1,1,0,1881.47,156.78916666666666,119.035,0.1296522891238171,0.9345839361305892,7,12,1,0,0.08333333333333333,0.08333333333333333,0.08333333333333333,0.5833333333333334,1.0,0.08333333333333333,0.0,tablet,android,chrome
DEV_005697,3,0,0,0,0,160.44,53.48,34.53,0.1296414086165045,0.3020272254049989,1,3,0,3,0.0,0.0,0.0,0.3333333333333333,1.0,0.0,1.0,desktop,windows,chrome
DEV_001046,4,0,0,0,0,607.85,151.9625,145.93,0.12959353348064062,0.5160295819296935,1,4,2,0,0.0,0.0,0.0,0.25,1.0,0.5,0.0,mobile,android,chrome
DEV_005550,18,2,1,1,0,955.21,53.06722222222223,30.385,0.1295672404306561,0.9702164267385216,10,18,3,0,0.1111111111111111,0.05555555555555555,0.05555555555555555,0.5555555555555556,1.0,0.16666666666666666,0.0,mobile,macos,safari
DEV_005499,5,0,0,0,0,611.1500000000001,122.23000000000002,100.92,0.12922270922186235,0.6059510361596575,2,5,3,0,0.0,0.0,0.0,0.4,1.0,0.6,0.0,mobile,windows,chrome
DEV_003666,9,0,0,0,1,884.2,98.24444444444445,49.73,0.1289299735431268,0.8414318536747396,5,9,5,0,0.0,0.0,0.0,0.5555555555555556,1.0,0.5555555555555556,0.0,mobile,ios,chrome
DEV_007085,15,0,1,1,1,1422.42,94.828,65.18,0.1289284336274727,0.928630257048348,8,13,2,0,0.0,0.06666666666666667,0.06666666666666667,0.5333333333333333,0.8666666666666667,0.13333333333333333,0.0,mobile,ios,safari
DEV_003982,10,1,1,1,0,1638.74,163.874,136.415,0.12887025341666355,0.9716965899478828,3,7,3,0,0.1,0.1,0.1,0.3,0.7,0.3,0.0,mobile,ios,safari
DEV_007453,8,0,0,0,1,987.6800000000001,123.46000000000001,57.6,0.12886413221196102,0.8124414405226577,4,8,1,8,0.0,0.0,0.0,0.5,1.0,0.125,1.0,desktop,ios,chrome
DEV_006555,9,0,0,0,1,387.31,43.034444444444446,42.59,0.1286329698639545,0.8947393223155059,7,9,2,0,0.0,0.0,0.0,0.7777777777777778,1.0,0.2222222222222222,0.0,mobile,macos,firefox
DEV_006990,5,0,0,0,0,339.01,67.80199999999999,24.89,0.1284369093867356,0.6201265046601276,1,4,0,5,0.0,0.0,0.0,0.2,0.8,0.0,1.0,mobile,android,chrome
DEV_005546,5,0,0,0,0,874.1600000000001,174.83200000000002,113.17,0.128163156476806,0.6362565705129538,4,5,2,0,0.0,0.0,0.0,0.8,1.0,0.4,0.0,mobile,ios,chrome
DEV_005348,7,0,0,0,0,246.85,35.26428571428571,36.03,0.12803951666288343,0.4496656376137646,5,6,3,0,0.0,0.0,0.0,0.7142857142857143,0.8571428571428571,0.42857142857142855,0.0,mobile,ios,safari
DEV_003278,3,0,0,0,0,348.99,116.33,100.31,0.12782025929895474,0.317251724163413,2,3,0,0,0.0,0.0,0.0,0.6666666666666666,1.0,0.0,0.0,desktop,ios,chrome
DEV_001051,19,2,1,1,0,3215.74,169.24947368421053,76.61,0.12779018290465216,0.9141416146514424,13,17,6,19,0.10526315789473684,0.05263157894736842,0.05263157894736842,0.6842105263157895,0.8947368421052632,0.3157894736842105,1.0,desktop,ios,chrome
DEV_004972,7,0,0,0,0,876.39,125.19857142857143,147.53,0.12769777378191177,0.3423719705932687,2,6,2,7,0.0,0.0,0.0,0.2857142857142857,0.8571428571428571,0.2857142857142857,1.0,tablet,macos,edge
DEV_001523,15,0,0,0,2,2170.08,144.672,129.51,0.12763161949482635,0.8380269482781204,8,12,5,0,0.0,0.0,0.0,0.5333333333333333,0.8,0.3333333333333333,0.0,mobile,windows,chrome
DEV_001172,9,0,0,0,1,1410.94,156.7711111111111,122.02,0.12760520735770356,0.8279099155399443,7,9,3,0,0.0,0.0,0.0,0.7777777777777778,1.0,0.3333333333333333,0.0,mobile,android,firefox
DEV_000407,9,0,0,0,1,1377.51,153.05666666666667,143.45,0.12727123095264975,0.8157607590241485,4,9,2,0,0.0,0.0,0.0,0.4444444444444444,1.0,0.2222222222222222,0.0,mobile,macos,safari
DEV_004958,8,1,1,1,0,1093.74,136.7175,59.64,0.12714466348605588,0.9549275719661297,3,6,3,8,0.125,0.125,0.125,0.375,0.75,0.375,1.0,mobile,macos,chrome
DEV_005920,8,1,1,1,0,381.17,47.64625,48.575,0.12711063710640028,0.9975109667690132,5,7,3,0,0.125,0.125,0.125,0.625,0.875,0.375,0.0,mobile,ios,edge
DEV_005273,23,1,0,0,0,2620.7000000000003,113.94347826086958,76.79,0.1271101125635094,0.6972512597823973,8,18,2,23,0.043478260869565216,0.0,0.0,0.34782608695652173,0.782608695652174,0.08695652173913043,1.0,mobile,ios,firefox
DEV_002769,5,0,0,0,0,607.99,121.598,82.19,0.1270397221207009,0.5189262338551424,4,5,1,0,0.0,0.0,0.0,0.8,1.0,0.2,0.0,mobile,macos,safari
DEV_002632,25,1,0,0,3,1427.27,57.0908,28.97,0.12701893117028012,0.8636642115067739,8,18,3,25,0.04,0.0,0.0,0.32,0.72,0.12,1.0,mobile,ios,firefox
DEV_007847,13,0,1,1,0,2925.79,225.06076923076924,182.26,0.12695838310592558,0.9663515060952684,7,12,3,0,0.0,0.07692307692307693,0.07692307692307693,0.5384615384615384,0.9230769230769231,0.23076923076923078,0.0,mobile,linux,firefox
DEV_004041,6,0,0,0,0,169.43,28.238333333333333,23.189999999999998,0.12676238117898944,0.5819126801875941,2,5,1,6,0.0,0.0,0.0,0.3333333333333333,0.8333333333333334,0.16666666666666666,1.0,desktop,android,chrome
DEV_005593,12,1,1,1,0,1182.99,98.5825,50.955,0.12654525794200477,0.989708488623634,6,10,1,12,0.08333333333333333,0.08333333333333333,0.08333333333333333,0.5,0.8333333333333334,0.08333333333333333,1.0,mobile,windows,edge
DEV_003637,4,0,0,0,0,400.99,100.2475,112.96000000000001,0.12648050827029217,0.2895189784253316,2,4,1,0,0.0,0.0,0.0,0.5,1.0,0.25,0.0,mobile,android,chrome
DEV_006671,5,0,0,0,0,788.14,157.628,60.79,0.1264714550855047,0.473064040364946,0,4,0,5,0.0,0.0,0.0,0.0,0.8,0.0,1.0,desktop,ios,chrome
DEV_005940,6,0,0,0,0,572.12,95.35333333333334,74.83,0.1263766678587389,0.5854765759015322,2,4,1,6,0.0,0.0,0.0,0.3333333333333333,0.6666666666666666,0.16666666666666666,1.0,tablet,android,safari
DEV_006701,10,0,0,0,1,2694.41,269.441,180.565,0.1263553366169745,0.8373539131779629,9,10,1,0,0.0,0.0,0.0,0.9,1.0,0.1,0.0,mobile,windows,edge
DEV_001262,17,1,0,0,1,2642.4900000000002,155.44058823529414,100.55,0.12617543280041674,0.8016217583579419,13,17,4,17,0.058823529411764705,0.0,0.0,0.7647058823529411,1.0,0.23529411764705882,1.0,tablet,ios,firefox
DEV_002187,11,0,0,0,1,1030.27,93.66090909090909,51.33,0.12613176680063967,0.7356021797998461,5,7,3,0,0.0,0.0,0.0,0.45454545454545453,0.6363636363636364,0.2727272727272727,0.0,mobile,linux,chrome
DEV_005885,5,0,0,0,0,2102.6899999999996,420.5379999999999,175.17,0.12607819571745993,0.5723353744466309,4,5,0,0,0.0,0.0,0.0,0.8,1.0,0.0,0.0,mobile,android,safari
DEV_002422,8,1,1,1,0,778.11,97.26375,48.260000000000005,0.1260698018834652,0.9869136220684116,2,6,1,0,0.125,0.125,0.125,0.25,0.75,0.125,0.0,mobile,android,chrome
DEV_003735,7,1,0,0,1,159.16,22.737142857142857,25.11,0.1260657482174407,0.84444623540591,2,7,1,0,0.14285714285714285,0.0,0.0,0.2857142857142857,1.0,0.14285714285714285,0.0,mobile,windows,safari
DEV_006374,7,1,0,0,1,365.21999999999997,52.17428571428571,51.05,0.12603337760306918,0.8591153751687245,4,7,1,0,0.14285714285714285,0.0,0.0,0.5714285714285714,1.0,0.14285714285714285,0.0,mobile,windows,firefox
DEV_004199,4,0,0,0,0,297.93,74.4825,83.745,0.12577363562656563,0.483943654001551,2,4,1,4,0.0,0.0,0.0,0.5,1.0,0.25,1.0,mobile,windows,firefox
DEV_002620,6,0,0,0,0,404.1,67.35000000000001,58.18000000000001,0.12569190881774658,0.3669344811355836,5,5,0,6,0.0,0.0,0.0,0.8333333333333334,0.8333333333333334,0.0,1.0,mobile,android,chrome
DEV_004464,8,0,1,1,0,2128.59,266.07375,249.10000000000002,0.12538199154002388,0.9038186555086256,5,8,1,0,0.0,0.125,0.125,0.625,1.0,0.125,0.0,desktop,android,safari
DEV_003712,9,0,0,0,0,489.87,54.43,36.85,0.12535392063819648,0.5578969827289623,2,9,0,9,0.0,0.0,0.0,0.2222222222222222,1.0,0.0,1.0,desktop,android,chrome
DEV_007924,9,1,0,0,1,2279.7,253.29999999999998,140.82,0.12508548687633628,0.748004296667817,1,9,3,9,0.1111111111111111,0.0,0.0,0.1111111111111111,1.0,0.3333333333333333,1.0,mobile,android,edge
DEV_007005,8,1,1,1,0,1233.69,154.21125,34.8,0.12493469456059964,0.9927664572227776,6,8,2,0,0.125,0.125,0.125,0.75,1.0,0.25,0.0,mobile,ios,safari
DEV_007302,16,0,1,1,0,3970.4900000000002,248.15562500000001,104.845,0.12477630213666077,0.9234228687910668,7,12,2,0,0.0,0.0625,0.0625,0.4375,0.75,0.125,0.0,desktop,windows,chrome
DEV_004289,6,0,0,0,0,1149.84,191.64,139.595,0.12464281243917226,0.3511528042566319,3,6,0,6,0.0,0.0,0.0,0.5,1.0,0.0,1.0,mobile,windows,edge
DEV_003511,21,1,0,0,1,2380.66,113.36476190476189,66.34,0.12461355294792617,0.780507436850291,16,21,1,21,0.047619047619047616,0.0,0.0,0.7619047619047619,1.0,0.047619047619047616,1.0,mobile,android,edge
DEV_000207,11,1,1,1,0,1340.1599999999999,121.83272727272725,82.32,0.12448612175300293,0.9051181636117868,5,11,3,0,0.09090909090909091,0.09090909090909091,0.09090909090909091,0.45454545454545453,1.0,0.2727272727272727,0.0,desktop,macos,edge
DEV_004856,9,1,0,0,1,2598.61,288.7344444444445,195.26,0.12437451282672016,0.7368051894165547,1,7,1,9,0.1111111111111111,0.0,0.0,0.1111111111111111,0.7777777777777778,0.1111111111111111,1.0,desktop,macos,firefox
DEV_004454,12,0,1,1,0,2632.51,219.37583333333336,203.65,0.1242574818492405,0.9501270948435304,6,11,4,0,0.0,0.08333333333333333,0.08333333333333333,0.5,0.9166666666666666,0.3333333333333333,0.0,desktop,android,chrome
DEV_007951,4,0,0,0,0,1022.58,255.645,37.83,0.12423381414042484,0.4902395412907177,3,4,0,0,0.0,0.0,0.0,0.75,1.0,0.0,0.0,mobile,macos,edge
DEV_002503,7,0,0,0,1,1946.79,278.11285714285714,242.05,0.12418388665004174,0.8211832098249924,5,7,2,0,0.0,0.0,0.0,0.7142857142857143,1.0,0.2857142857142857,0.0,desktop,macos,firefox
DEV_007415,7,0,0,0,1,562.84,80.4057142857143,75.59,0.12412787158970427,0.761084267771251,6,7,2,0,0.0,0.0,0.0,0.8571428571428571,1.0,0.2857142857142857,0.0,mobile,android,chrome
DEV_006642,8,1,0,0,1,741.27,92.65875,88.515,0.12410124610128619,0.8569083301726756,5,7,1,8,0.125,0.0,0.0,0.625,0.875,0.125,1.0,mobile,macos,chrome
DEV_000843,9,0,1,1,0,1117.42,124.15777777777778,78.61,0.12400605545907689,0.9125888961151466,5,9,1,9,0.0,0.1111111111111111,0.1111111111111111,0.5555555555555556,1.0,0.1111111111111111,1.0,mobile,windows,chrome
DEV_002670,10,0,1,1,0,702.05,70.205,52.635000000000005,0.12394501812846188,0.9521255788266092,8,10,4,0,0.0,0.1,0.1,0.8,1.0,0.4,0.0,mobile,ios,safari
DEV_002898,9,0,0,0,0,1043.97,115.99666666666667,67.79,0.12392647819941834,0.6373365871023084,4,7,2,0,0.0,0.0,0.0,0.4444444444444444,0.7777777777777778,0.2222222222222222,0.0,mobile,android,chrome
DEV_001496,8,0,0,0,1,864.48,108.06,60.14,0.12382215646044503,0.7276110977112045,5,7,2,0,0.0,0.0,0.0,0.625,0.875,0.25,0.0,desktop,windows,firefox
DEV_001622,8,0,1,1,0,473.36,59.17,59.315,0.12380353327191529,0.9246099276424352,4,7,4,0,0.0,0.125,0.125,0.5,0.875,0.5,0.0,mobile,android,safari
DEV_000199,8,0,0,0,0,2790.61,348.82625,263.67,0.12378493904849852,0.3400370395069665,3,8,3,0,0.0,0.0,0.0,0.375,1.0,0.375,0.0,tablet,android,firefox
DEV_001960,8,0,0,0,1,2130.3,266.2875,149.275,0.12374548138535423,0.8271502020571935,7,8,0,0,0.0,0.0,0.0,0.875,1.0,0.0,0.0,mobile,android,firefox
DEV_007895,3,0,0,0,0,417.7,139.23333333333332,67.46,0.12362291369022517,0.3703157706360941,1,3,0,3,0.0,0.0,0.0,0.3333333333333333,1.0,0.0,1.0,mobile,windows,safari
DEV_002217,22,1,1,1,1,3687.98,167.63545454545454,130.15,0.12357362642252284,0.995328191317944,14,21,2,0,0.045454545454545456,0.045454545454545456,0.045454545454545456,0.6363636363636364,0.9545454545454546,0.09090909090909091,0.0,mobile,ios,firefox
DEV_003268,7,0,0,0,1,1057.68,151.09714285714287,149.17,0.12325379591196221,0.7373220124012279,2,6,1,7,0.0,0.0,0.0,0.2857142857142857,0.8571428571428571,0.14285714285714285,1.0,mobile,ios,firefox
DEV_003536,6,0,0,0,1,291.29,48.54833333333334,46.230000000000004,0.12323270653096009,0.7288139384615105,4,6,2,0,0.0,0.0,0.0,0.6666666666666666,1.0,0.3333333333333333,0.0,desktop,linux,firefox
DEV_004920,8,0,0,0,1,1354.25,169.28125,105.74000000000001,0.1232297492072618,0.8309648121714815,5,6,1,0,0.0,0.0,0.0,0.625,0.75,0.125,0.0,desktop,ios,firefox
DEV_001779,3,0,0,0,0,313.16,104.38666666666667,99.28,0.12319560273608961,0.253633326401399,2,3,0,3,0.0,0.0,0.0,0.6666666666666666,1.0,0.0,1.0,desktop,windows,chrome
DEV_004079,5,0,0,0,0,169.54,33.908,21.48,0.12310897503066802,0.557286987996415,1,2,1,5,0.0,0.0,0.0,0.2,0.4,0.2,1.0,mobile,android,firefox
DEV_007844,5,0,0,0,0,389.0,77.8,52.0,0.12310854508109977,0.5937557463816231,3,5,1,0,0.0,0.0,0.0,0.6,1.0,0.2,0.0,mobile,windows,safari
DEV_002796,8,0,0,0,0,599.73,74.96625,69.46000000000001,0.1230403154231063,0.5011321355316096,4,5,1,8,0.0,0.0,0.0,0.5,0.625,0.125,1.0,mobile,android,chrome
DEV_005980,18,0,0,0,0,1537.69,85.42722222222223,60.56,0.1229725295683536,0.5971979183762488,9,16,2,18,0.0,0.0,0.0,0.5,0.8888888888888888,0.1111111111111111,1.0,desktop,android,edge
DEV_005729,5,0,0,0,0,192.57999999999998,38.516,22.24,0.12270157369861119,0.6090251157479663,3,5,0,0,0.0,0.0,0.0,0.6,1.0,0.0,0.0,mobile,ios,safari
DEV_005710,13,0,1,1,0,1998.61,153.73923076923077,76.0,0.12248678300263638,0.9389360666680188,6,13,4,0,0.0,0.07692307692307693,0.07692307692307693,0.46153846153846156,1.0,0.3076923076923077,0.0,desktop,android,chrome
DEV_002023,10,0,0,0,1,1888.25,188.825,107.465,0.12237619226253726,0.7401754933640786,8,10,3,10,0.0,0.0,0.0,0.8,1.0,0.3,1.0,desktop,ios,chrome
DEV_006017,10,1,1,1,0,1763.2,176.32,68.66499999999999,0.12217049145454506,0.9685513931854238,7,10,2,0,0.1,0.1,0.1,0.7,1.0,0.2,0.0,mobile,android,chrome
DEV_004182,8,0,0,0,0,1699.58,212.4475,140.16,0.1218459847384009,0.671378202297159,3,8,1,0,0.0,0.0,0.0,0.375,1.0,0.125,0.0,mobile,macos,edge
DEV_003927,23,2,1,1,2,2283.44,99.28,45.27,0.12169842738373314,0.9202101704374248,9,23,2,0,0.08695652173913043,0.043478260869565216,0.043478260869565216,0.391304347826087,1.0,0.08695652173913043,0.0,mobile,macos,chrome
DEV_002258,8,0,0,0,1,1381.56,172.695,177.685,0.12162628856544354,0.893622261335479,3,6,1,8,0.0,0.0,0.0,0.375,0.75,0.125,1.0,mobile,android,firefox
DEV_002799,14,0,0,0,1,1603.1499999999999,114.51071428571427,95.82,0.1215934253482976,0.7237181065704197,9,14,4,0,0.0,0.0,0.0,0.6428571428571429,1.0,0.2857142857142857,0.0,mobile,android,safari
DEV_006475,17,0,0,0,1,2758.21,162.24764705882353,79.22,0.12157631865351455,0.7860222545008261,7,17,8,0,0.0,0.0,0.0,0.4117647058823529,1.0,0.47058823529411764,0.0,desktop,android,chrome
DEV_005821,14,0,1,1,0,1257.7,89.83571428571429,64.92,0.12156713563883566,0.9364585335889728,4,14,3,0,0.0,0.07142857142857142,0.07142857142857142,0.2857142857142857,1.0,0.21428571428571427,0.0,mobile,ios,firefox
DEV_004937,10,0,0,0,1,1593.01,159.301,48.334999999999994,0.12149888391142016,0.8650992319860424,4,10,2,10,0.0,0.0,0.0,0.4,1.0,0.2,1.0,mobile,android,chrome
DEV_002126,11,0,0,0,1,1711.82,155.62,119.22,0.12134781820162016,0.8953862946995947,9,11,3,11,0.0,0.0,0.0,0.8181818181818182,1.0,0.2727272727272727,1.0,desktop,linux,firefox
DEV_005124,8,1,0,0,1,1200.41,150.05125,157.05,0.12122478448778422,0.8291283037008939,3,8,1,0,0.125,0.0,0.0,0.375,1.0,0.125,0.0,mobile,windows,chrome
DEV_004121,5,0,0,0,0,621.74,124.348,66.73,0.12111181879395339,0.3662919189407586,2,4,0,5,0.0,0.0,0.0,0.4,0.8,0.0,1.0,desktop,windows,edge
DEV_001402,8,0,0,0,1,501.88,62.735,54.375,0.12106473973697578,0.8140894410688398,3,4,2,0,0.0,0.0,0.0,0.375,0.5,0.25,0.0,mobile,macos,chrome
DEV_002211,7,0,0,0,1,754.9399999999999,107.84857142857142,56.65,0.12096740178610164,0.8429403731560157,4,7,1,0,0.0,0.0,0.0,0.5714285714285714,1.0,0.14285714285714285,0.0,desktop,windows,edge
DEV_002687,6,0,0,0,0,1372.98,228.83,231.88,0.12091188634271538,0.4066847193786191,3,5,2,0,0.0,0.0,0.0,0.5,0.8333333333333334,0.3333333333333333,0.0,mobile,android,chrome
DEV_002107,9,1,0,0,1,1829.78,203.30888888888887,190.08,0.12089809353787737,0.8282684483057049,7,9,1,9,0.1111111111111111,0.0,0.0,0.7777777777777778,1.0,0.1111111111111111,1.0,mobile,windows,chrome
DEV_000408,8,0,0,0,1,625.5699999999999,78.19624999999999,80.22999999999999,0.12064778604283802,0.8272413590037856,7,7,0,8,0.0,0.0,0.0,0.875,0.875,0.0,1.0,tablet,android,chrome
DEV_004132,6,0,0,0,0,640.01,106.66833333333334,110.955,0.12062768509547188,0.6495361557830428,4,6,1,6,0.0,0.0,0.0,0.6666666666666666,1.0,0.16666666666666666,1.0,mobile,linux,firefox
DEV_001116,6,0,0,0,1,217.38,36.23,25.73,0.12054010728172916,0.7215628603798714,3,5,1,0,0.0,0.0,0.0,0.5,0.8333333333333334,0.16666666666666666,0.0,mobile,android,safari
DEV_006893,18,1,1,1,1,2752.6,152.92222222222222,114.47,0.12051221543277456,0.9514665792864712,10,17,4,0,0.05555555555555555,0.05555555555555555,0.05555555555555555,0.5555555555555556,0.9444444444444444,0.2222222222222222,0.0,desktop,ios,chrome
DEV_001092,11,1,0,0,0,1842.24,167.47636363636363,150.29,0.12044804497093672,0.5476864411177056,6,10,2,0,0.09090909090909091,0.0,0.0,0.5454545454545454,0.9090909090909091,0.18181818181818182,0.0,desktop,windows,safari
DEV_007584,5,0,0,0,0,478.24,95.648,37.68,0.11985395466595739,0.5378340109125542,4,5,3,0,0.0,0.0,0.0,0.8,1.0,0.6,0.0,mobile,macos,safari
DEV_000674,8,1,0,0,1,1199.04,149.88,134.53,0.11981478361640324,0.7248399106981478,4,8,3,8,0.125,0.0,0.0,0.5,1.0,0.375,1.0,mobile,android,edge
DEV_001634,7,0,0,0,0,1306.18,186.59714285714287,134.81,0.11976172173407007,0.5262443350308315,5,7,3,0,0.0,0.0,0.0,0.7142857142857143,1.0,0.42857142857142855,0.0,mobile,windows,chrome
DEV_006479,6,1,0,0,1,1740.46,290.07666666666665,189.595,0.11973436693941318,0.7016058689692879,4,6,1,0,0.16666666666666666,0.0,0.0,0.6666666666666666,1.0,0.16666666666666666,0.0,desktop,android,edge
DEV_004740,9,1,1,1,0,1858.56,206.50666666666666,57.56,0.11972524970174564,0.9892339109295096,6,9,2,9,0.1111111111111111,0.1111111111111111,0.1111111111111111,0.6666666666666666,1.0,0.2222222222222222,1.0,mobile,ios,firefox
DEV_003803,13,1,0,0,0,1634.6299999999999,125.74076923076922,72.17,0.1196636365585467,0.5506433785846157,5,9,3,0,0.07692307692307693,0.0,0.0,0.38461538461538464,0.6923076923076923,0.23076923076923078,0.0,mobile,android,chrome
DEV_004001,9,0,0,0,0,710.08,78.89777777777778,69.18,0.11959369292876719,0.6849991317247247,7,9,2,9,0.0,0.0,0.0,0.7777777777777778,1.0,0.2222222222222222,1.0,mobile,linux,chrome
DEV_002462,8,0,0,0,1,488.04,61.005,50.519999999999996,0.11950426339665797,0.7510076425254982,5,6,2,0,0.0,0.0,0.0,0.625,0.75,0.25,0.0,mobile,macos,chrome
DEV_001879,6,0,0,0,0,399.42,66.57000000000001,56.165,0.11941208509017671,0.5286593452629825,1,4,2,6,0.0,0.0,0.0,0.16666666666666666,0.6666666666666666,0.3333333333333333,1.0,mobile,macos,chrome
DEV_001224,16,0,1,1,1,1520.96,95.06,54.67,0.11931436425367015,0.9010064413319132,6,13,2,0,0.0,0.0625,0.0625,0.375,0.8125,0.125,0.0,desktop,windows,chrome
DEV_002821,3,0,0,0,0,261.46000000000004,87.15333333333335,87.04,0.11926921903329862,0.2241206176356716,2,3,0,3,0.0,0.0,0.0,0.6666666666666666,1.0,0.0,1.0,mobile,android,edge
DEV_005097,10,0,0,0,0,1740.49,174.049,142.22,0.11919571163149922,0.5001301566590826,6,10,2,10,0.0,0.0,0.0,0.6,1.0,0.2,1.0,desktop,android,chrome
DEV_005137,16,0,0,0,1,1884.46,117.77875,54.9,0.1191193953809292,0.7053521471441767,7,15,4,16,0.0,0.0,0.0,0.4375,0.9375,0.25,1.0,tablet,windows,edge
DEV_005059,11,0,0,0,0,1860.6899999999998,169.15363636363634,152.78,0.11908511143478924,0.6428764787829062,4,9,0,11,0.0,0.0,0.0,0.36363636363636365,0.8181818181818182,0.0,1.0,desktop,ios,firefox
DEV_004636,6,0,0,0,0,425.53,70.92166666666667,64.19,0.11902406818671436,0.5138843242243407,3,6,0,0,0.0,0.0,0.0,0.5,1.0,0.0,0.0,mobile,android,safari
DEV_003445,6,0,0,0,0,813.0,135.5,86.005,0.11899700910477638,0.5178601056632819,5,6,2,6,0.0,0.0,0.0,0.8333333333333334,1.0,0.3333333333333333,1.0,mobile,android,chrome
DEV_004925,4,0,0,0,0,584.95,146.2375,134.965,0.11896863258311545,0.4735961735842436,2,4,2,4,0.0,0.0,0.0,0.5,1.0,0.5,1.0,mobile,android,chrome
DEV_005358,8,0,0,0,0,3499.01,437.37625,287.735,0.11884232475181204,0.6734389335090301,5,8,1,0,0.0,0.0,0.0,0.625,1.0,0.125,0.0,desktop,windows,chrome
DEV_001550,7,0,0,0,0,416.13,59.44714285714286,57.76,0.11872163328147377,0.5590308367849418,5,7,1,7,0.0,0.0,0.0,0.7142857142857143,1.0,0.14285714285714285,1.0,tablet,ios,chrome
DEV_007743,10,0,0,0,1,1189.79,118.979,73.38499999999999,0.11870014743841928,0.8596264125282976,7,8,1,0,0.0,0.0,0.0,0.7,0.8,0.1,0.0,mobile,windows,firefox
DEV_001073,4,1,0,0,0,293.66,73.415,80.19,0.11862315277293928,0.4614510875824111,2,3,0,0,0.25,0.0,0.0,0.5,0.75,0.0,0.0,desktop,android,firefox
DEV_002732,9,1,1,1,0,1521.8,169.08888888888887,62.9,0.11853584994154048,0.9964136022681273,7,8,3,0,0.1111111111111111,0.1111111111111111,0.1111111111111111,0.7777777777777778,0.8888888888888888,0.3333333333333333,0.0,mobile,android,firefox
DEV_001327,15,0,1,1,1,1786.54,119.10266666666666,107.88,0.11842875265075399,0.923623528310616,10,12,1,0,0.0,0.06666666666666667,0.06666666666666667,0.6666666666666666,0.8,0.06666666666666667,0.0,mobile,macos,safari
DEV_001117,4,0,0,0,0,305.45,76.3625,71.925,0.1184243814249243,0.2117116586978611,3,4,0,4,0.0,0.0,0.0,0.75,1.0,0.0,1.0,desktop,linux,chrome
DEV_004798,19,0,0,0,1,1389.53,73.13315789473684,54.61,0.11830796110651443,0.8000448073456806,10,15,6,19,0.0,0.0,0.0,0.5263157894736842,0.7894736842105263,0.3157894736842105,1.0,mobile,macos,chrome
DEV_000448,21,0,0,0,0,1800.6200000000001,85.74380952380953,64.56,0.11827173963270236,0.668503327307434,11,20,3,0,0.0,0.0,0.0,0.5238095238095238,0.9523809523809523,0.14285714285714285,0.0,mobile,windows,chrome
DEV_007374,16,2,1,1,1,848.05,53.003125,43.055,0.1182204091250646,0.964335345936221,9,16,3,0,0.125,0.0625,0.0625,0.5625,1.0,0.1875,0.0,mobile,android,chrome
DEV_002383,7,0,0,0,0,912.72,130.38857142857142,46.4,0.11801059188675542,0.4935256505582112,4,6,0,7,0.0,0.0,0.0,0.5714285714285714,0.8571428571428571,0.0,1.0,mobile,ios,chrome
DEV_006914,7,0,0,0,0,532.67,76.09571428571428,53.18,0.11788432113887075,0.6506868403423195,5,7,2,7,0.0,0.0,0.0,0.7142857142857143,1.0,0.2857142857142857,1.0,desktop,macos,chrome
DEV_007921,7,0,0,0,0,303.28,43.325714285714284,19.86,0.1178439071013838,0.5103023806831342,2,6,1,7,0.0,0.0,0.0,0.2857142857142857,0.8571428571428571,0.14285714285714285,1.0,desktop,windows,chrome
DEV_000824,7,0,0,0,1,493.38,70.48285714285714,69.76,0.1178171563281525,0.7619920617074795,5,5,0,0,0.0,0.0,0.0,0.7142857142857143,0.7142857142857143,0.0,0.0,mobile,windows,chrome
DEV_003788,15,0,0,0,1,1441.28,96.08533333333334,84.9,0.11733678012576579,0.725541602790836,10,10,1,0,0.0,0.0,0.0,0.6666666666666666,0.6666666666666666,0.06666666666666667,0.0,mobile,macos,firefox
DEV_001274,16,1,1,1,0,2234.68,139.6675,80.16,0.11728179431453879,0.9352896940685111,8,13,3,16,0.0625,0.0625,0.0625,0.5,0.8125,0.1875,1.0,tablet,android,firefox
DEV_005904,5,0,0,0,0,638.36,127.672,109.47,0.11720301326904985,0.5838209419948477,4,5,0,5,0.0,0.0,0.0,0.8,1.0,0.0,1.0,desktop,android,firefox
DEV_007110,4,0,0,0,0,911.86,227.965,87.195,0.11707952192127621,0.4547237988082772,1,4,0,4,0.0,0.0,0.0,0.25,1.0,0.0,1.0,mobile,android,chrome
DEV_005577,13,0,0,0,1,1146.93,88.22538461538463,71.5,0.11690289877056698,0.8773078468422215,9,13,2,0,0.0,0.0,0.0,0.6923076923076923,1.0,0.15384615384615385,0.0,mobile,linux,chrome
DEV_002375,3,0,0,0,0,157.45,52.48333333333333,39.62,0.11672717640479859,0.2828935076810985,3,3,2,0,0.0,0.0,0.0,1.0,1.0,0.6666666666666666,0.0,desktop,android,chrome
DEV_006376,6,0,0,0,0,690.72,115.12,96.195,0.11668638687463373,0.6731106706371941,2,4,2,0,0.0,0.0,0.0,0.3333333333333333,0.6666666666666666,0.3333333333333333,0.0,desktop,ios,chrome
DEV_002389,5,0,0,0,0,549.0600000000001,109.81200000000001,130.27,0.11636623340518067,0.3176187869328368,2,5,0,5,0.0,0.0,0.0,0.4,1.0,0.0,1.0,mobile,android,chrome
DEV_000705,18,1,1,1,1,3986.65,221.48055555555555,133.305,0.11634877322246903,0.9979898083145532,11,15,3,0,0.05555555555555555,0.05555555555555555,0.05555555555555555,0.6111111111111112,0.8333333333333334,0.16666666666666666,0.0,mobile,android,firefox
DEV_006494,6,0,0,0,0,166.20999999999998,27.701666666666664,17.630000000000003,0.11599412021766702,0.6807013992622158,3,4,1,0,0.0,0.0,0.0,0.5,0.6666666666666666,0.16666666666666666,0.0,desktop,linux,chrome
DEV_003651,11,1,0,0,0,892.8,81.16363636363636,99.13,0.11594230718654655,0.5825456139499554,6,10,2,11,0.09090909090909091,0.0,0.0,0.5454545454545454,0.9090909090909091,0.18181818181818182,1.0,mobile,android,chrome
DEV_001197,9,1,1,1,0,779.0799999999999,86.56444444444443,57.05,0.11584133054830861,0.9314336283596087,4,5,1,9,0.1111111111111111,0.1111111111111111,0.1111111111111111,0.4444444444444444,0.5555555555555556,0.1111111111111111,1.0,desktop,android,safari
DEV_002006,25,0,0,0,0,2835.09,113.40360000000001,76.1,0.1157097349444064,0.5803263629070554,15,25,3,25,0.0,0.0,0.0,0.6,1.0,0.12,1.0,mobile,android,firefox
DEV_006231,8,1,0,0,0,1368.67,171.08375,115.75,0.11564229215010423,0.6821793351864314,6,7,0,0,0.125,0.0,0.0,0.75,0.875,0.0,0.0,mobile,macos,firefox
DEV_008000,14,1,0,0,1,1650.35,117.88214285714285,57.035,0.11556477590064415,0.8427181442132089,2,12,6,0,0.07142857142857142,0.0,0.0,0.14285714285714285,0.8571428571428571,0.42857142857142855,0.0,mobile,android,edge
DEV_002368,10,1,0,0,0,869.52,86.952,58.66,0.11548923458362952,0.6770439533816076,5,10,2,10,0.1,0.0,0.0,0.5,1.0,0.2,1.0,mobile,android,chrome
DEV_006425,6,1,0,0,0,506.65000000000003,84.44166666666668,53.620000000000005,0.11530985980225746,0.682663113998901,4,4,0,0,0.16666666666666666,0.0,0.0,0.6666666666666666,0.6666666666666666,0.0,0.0,mobile,windows,chrome
DEV_002926,10,0,0,0,0,2195.26,219.526,110.86,0.1151588761187347,0.3717259225750663,5,9,1,10,0.0,0.0,0.0,0.5,0.9,0.1,1.0,mobile,android,chrome
DEV_000054,13,0,0,0,0,877.2,67.47692307692309,53.39,0.11505131471216865,0.5968951308599241,6,13,3,0,0.0,0.0,0.0,0.46153846153846156,1.0,0.23076923076923078,0.0,desktop,macos,chrome
DEV_006810,8,0,0,0,0,1020.62,127.5775,66.075,0.11478912591565202,0.6363042028403284,4,8,1,0,0.0,0.0,0.0,0.5,1.0,0.125,0.0,mobile,ios,firefox
DEV_000644,4,0,0,0,0,394.16999999999996,98.54249999999999,95.63,0.11476654380580772,0.4483671922405428,2,4,2,4,0.0,0.0,0.0,0.5,1.0,0.5,1.0,desktop,android,chrome
DEV_001342,19,0,0,0,0,3107.89,163.57315789473682,107.6,0.11476263722327303,0.6631426269138022,13,19,2,0,0.0,0.0,0.0,0.6842105263157895,1.0,0.10526315789473684,0.0,mobile,android,chrome
DEV_004538,10,0,0,0,0,1304.16,130.416,95.62,0.11459719754331962,0.5484704870506293,3,10,4,0,0.0,0.0,0.0,0.3,1.0,0.4,0.0,desktop,windows,chrome
DEV_000403,12,1,0,0,1,2217.7200000000003,184.81000000000003,166.405,0.11453813364480886,0.8731854529087105,9,12,3,0,0.08333333333333333,0.0,0.0,0.75,1.0,0.25,0.0,mobile,windows,firefox
DEV_006235,10,0,0,0,1,1688.55,168.855,124.4,0.11452676575234336,0.880840927214517,3,8,3,0,0.0,0.0,0.0,0.3,0.8,0.3,0.0,mobile,android,firefox
DEV_003373,5,0,0,0,0,257.53999999999996,51.507999999999996,40.87,0.11408598365306662,0.5613189025489544,1,5,0,5,0.0,0.0,0.0,0.2,1.0,0.0,1.0,desktop,windows,chrome
DEV_006187,14,0,0,0,2,1411.03,100.78785714285713,73.805,0.11407742026644725,0.7489824118043852,6,14,3,14,0.0,0.0,0.0,0.42857142857142855,1.0,0.21428571428571427,1.0,mobile,windows,chrome
DEV_004827,15,1,0,0,1,1977.06,131.804,76.49,0.11386436214982733,0.8954025329155224,8,12,3,0,0.06666666666666667,0.0,0.0,0.5333333333333333,0.8,0.2,0.0,mobile,macos,safari
DEV_000048,11,1,1,1,0,948.3,86.2090909090909,70.07,0.11383478346806028,0.9739074786228876,4,11,2,11,0.09090909090909091,0.09090909090909091,0.09090909090909091,0.36363636363636365,1.0,0.18181818181818182,1.0,mobile,macos,chrome
DEV_000026,5,0,0,0,0,159.66,31.932,35.97,0.11380920664721872,0.5684406376601253,1,5,1,0,0.0,0.0,0.0,0.2,1.0,0.2,0.0,desktop,android,chrome
DEV_006602,12,1,1,1,0,2010.43,167.53583333333333,43.36,0.11366165863268668,0.9733221277263,4,5,2,12,0.08333333333333333,0.08333333333333333,0.08333333333333333,0.3333333333333333,0.4166666666666667,0.16666666666666666,1.0,mobile,macos,safari
DEV_004531,18,0,0,0,0,3014.0,167.44444444444446,91.295,0.11349932693766668,0.6884887389285319,12,16,4,0,0.0,0.0,0.0,0.6666666666666666,0.8888888888888888,0.2222222222222222,0.0,desktop,android,edge
DEV_000624,7,0,0,0,1,894.91,127.8442857142857,57.97,0.1133622377705111,0.7433884351680548,3,7,0,0,0.0,0.0,0.0,0.42857142857142855,1.0,0.0,0.0,mobile,linux,chrome
DEV_007763,5,0,0,0,0,513.0600000000001,102.61200000000001,107.18,0.11328063127185595,0.5006281370049405,2,4,2,0,0.0,0.0,0.0,0.4,0.8,0.4,0.0,mobile,android,chrome
DEV_005688,3,0,0,0,0,830.56,276.8533333333333,283.08,0.11319238813328848,0.3309817282728645,3,3,2,0,0.0,0.0,0.0,1.0,1.0,0.6666666666666666,0.0,mobile,macos,edge
DEV_006056,7,0,0,0,0,616.36,88.05142857142857,56.92,0.11314302702675906,0.6878473183826261,6,7,2,0,0.0,0.0,0.0,0.8571428571428571,1.0,0.2857142857142857,0.0,mobile,ios,edge
DEV_000018,11,0,0,0,1,2893.16,263.01454545454544,231.21,0.1130882338620036,0.7277937025615159,6,10,3,11,0.0,0.0,0.0,0.5454545454545454,0.9090909090909091,0.2727272727272727,1.0,desktop,android,safari
DEV_001348,10,0,0,0,1,830.01,83.001,72.58500000000001,0.11299111346973248,0.8230938760681064,7,10,1,0,0.0,0.0,0.0,0.7,1.0,0.1,0.0,mobile,windows,safari
DEV_001340,12,1,1,1,0,1039.09,86.59083333333332,51.82,0.11297421530376221,0.9731590243143312,7,11,1,12,0.08333333333333333,0.08333333333333333,0.08333333333333333,0.5833333333333334,0.9166666666666666,0.08333333333333333,1.0,mobile,ios,firefox
DEV_006916,20,1,1,1,0,5213.7,260.685,176.39,0.1129340770324837,0.9382898890197334,14,19,6,0,0.05,0.05,0.05,0.7,0.95,0.3,0.0,desktop,android,chrome
DEV_005860,4,0,0,0,0,206.68,51.67,43.08,0.11288801998718274,0.391417463981438,0,2,0,4,0.0,0.0,0.0,0.0,0.5,0.0,1.0,mobile,windows,safari
DEV_003665,9,0,0,0,0,688.99,76.55444444444444,70.66,0.1128512643924499,0.4117551998668846,3,9,0,0,0.0,0.0,0.0,0.3333333333333333,1.0,0.0,0.0,mobile,ios,edge
DEV_000478,9,0,0,0,1,1006.06,111.78444444444443,55.96,0.112637089924697,0.8637536987296613,4,8,0,0,0.0,0.0,0.0,0.4444444444444444,0.8888888888888888,0.0,0.0,mobile,linux,safari
DEV_001518,9,0,1,1,0,549.12,61.013333333333335,39.61,0.112636927850112,0.9552278421210808,4,7,0,0,0.0,0.1111111111111111,0.1111111111111111,0.4444444444444444,0.7777777777777778,0.0,0.0,mobile,ios,edge
DEV_001974,9,0,0,0,1,1401.03,155.67,75.39,0.11246973512584806,0.8789837108455081,4,8,1,0,0.0,0.0,0.0,0.4444444444444444,0.8888888888888888,0.1111111111111111,0.0,desktop,android,chrome
DEV_000289,11,0,0,0,1,677.35,61.57727272727273,42.86,0.11244144133115523,0.8932651234046158,3,11,3,0,0.0,0.0,0.0,0.2727272727272727,1.0,0.2727272727272727,0.0,mobile,android,edge
DEV_006216,12,1,1,1,0,1875.8700000000001,156.32250000000002,89.045,0.11241789850698847,0.9979073768857856,5,12,2,12,0.08333333333333333,0.08333333333333333,0.08333333333333333,0.4166666666666667,1.0,0.16666666666666666,1.0,mobile,ios,chrome
DEV_007600,21,1,0,0,2,1579.47,75.21285714285715,38.24,0.11192907059898494,0.8717428076395234,11,21,4,0,0.047619047619047616,0.0,0.0,0.5238095238095238,1.0,0.19047619047619047,0.0,mobile,windows,chrome
DEV_003701,10,1,0,0,1,2753.48,275.348,136.095,0.11183832538557315,0.8333743255349183,7,10,2,0,0.1,0.0,0.0,0.7,1.0,0.2,0.0,mobile,ios,chrome
DEV_004788,12,1,1,1,0,3247.29,270.6075,181.85500000000002,0.11168359066340727,0.9880389684575076,5,12,5,0,0.08333333333333333,0.08333333333333333,0.08333333333333333,0.4166666666666667,1.0,0.4166666666666667,0.0,desktop,android,safari
DEV_004482,5,0,0,0,0,622.95,124.59,85.45,0.1116474321594267,0.3096550516376231,2,5,0,5,0.0,0.0,0.0,0.4,1.0,0.0,1.0,mobile,macos,firefox
DEV_005241,9,1,1,1,0,2227.0299999999997,247.44777777777776,131.42,0.11150792569331215,0.998070318291189,6,7,1,0,0.1111111111111111,0.1111111111111111,0.1111111111111111,0.6666666666666666,0.7777777777777778,0.1111111111111111,0.0,mobile,ios,chrome
DEV_003412,23,1,1,1,0,2076.55,90.28478260869566,67.25,0.11124216335050847,0.920406713138078,11,20,4,0,0.043478260869565216,0.043478260869565216,0.043478260869565216,0.4782608695652174,0.8695652173913043,0.17391304347826086,0.0,mobile,android,safari
DEV_000950,10,1,0,0,1,813.4,81.34,48.71,0.11114571215015737,0.8311987784578123,5,10,3,0,0.1,0.0,0.0,0.5,1.0,0.3,0.0,desktop,android,safari
DEV_000804,23,0,0,0,2,3316.94,144.21478260869566,98.05,0.11101797535093563,0.8635360368616204,14,21,1,0,0.0,0.0,0.0,0.6086956521739131,0.9130434782608695,0.043478260869565216,0.0,mobile,android,chrome
DEV_003430,12,0,0,0,1,676.84,56.403333333333336,38.739999999999995,0.11086127919551052,0.8451341331794223,3,12,1,12,0.0,0.0,0.0,0.25,1.0,0.08333333333333333,1.0,mobile,windows,chrome
DEV_002042,3,0,0,0,0,185.65,61.88333333333333,51.61,0.1108173474653541,0.3007404161938476,1,3,0,3,0.0,0.0,0.0,0.3333333333333333,1.0,0.0,1.0,desktop,ios,chrome
DEV_000257,7,0,0,0,0,336.88,48.12571428571429,34.64,0.11080483534947332,0.6417697197946226,5,7,1,0,0.0,0.0,0.0,0.7142857142857143,1.0,0.14285714285714285,0.0,mobile,macos,chrome
DEV_000192,21,2,1,1,0,2272.9100000000003,108.23380952380954,65.9,0.11077502560984362,0.9501636587990702,11,21,3,0,0.09523809523809523,0.047619047619047616,0.047619047619047616,0.5238095238095238,1.0,0.14285714285714285,0.0,mobile,macos,chrome
DEV_002856,9,0,1,1,0,595.21,66.13444444444445,54.84,0.11076282963708234,0.9206940130029388,6,8,3,0,0.0,0.1111111111111111,0.1111111111111111,0.6666666666666666,0.8888888888888888,0.3333333333333333,0.0,tablet,macos,safari
DEV_005972,5,0,0,0,0,826.41,165.28199999999998,188.78,0.11066654673351535,0.3023063058748234,3,4,1,5,0.0,0.0,0.0,0.6,0.8,0.2,1.0,mobile,android,safari
DEV_005325,8,0,0,0,0,434.32,54.29,46.144999999999996,0.1105900664405476,0.4067155782008351,6,8,3,8,0.0,0.0,0.0,0.75,1.0,0.375,1.0,desktop,windows,chrome
DEV_002800,12,0,0,0,0,3218.39,268.19916666666666,114.95,0.11058509196569404,0.6348520113691126,6,12,1,12,0.0,0.0,0.0,0.5,1.0,0.08333333333333333,1.0,mobile,windows,firefox
DEV_000915,9,0,1,1,0,1892.36,210.26222222222222,80.74,0.11057693932440177,0.9776751987656468,6,9,2,0,0.0,0.1111111111111111,0.1111111111111111,0.6666666666666666,1.0,0.2222222222222222,0.0,mobile,android,safari
DEV_006710,21,0,0,0,1,1503.44,71.59238095238095,42.21,0.11057395557162615,0.7457633409329002,15,20,8,0,0.0,0.0,0.0,0.7142857142857143,0.9523809523809523,0.38095238095238093,0.0,mobile,windows,safari
DEV_005680,9,0,0,0,1,2059.9100000000003,228.87888888888892,141.82,0.11050710223131283,0.8386113696794056,5,9,0,0,0.0,0.0,0.0,0.5555555555555556,1.0,0.0,0.0,mobile,windows,chrome
DEV_004805,17,1,1,1,0,979.77,57.633529411764705,43.63,0.11047274991346974,0.9667389230823124,11,17,5,0,0.058823529411764705,0.058823529411764705,0.058823529411764705,0.6470588235294118,1.0,0.29411764705882354,0.0,desktop,ios,firefox
DEV_004303,6,0,0,0,0,394.85,65.80833333333334,49.505,0.11046145751451941,0.3126779463146892,2,6,2,0,0.0,0.0,0.0,0.3333333333333333,1.0,0.3333333333333333,0.0,mobile,ios,chrome
DEV_006722,6,0,0,0,0,1397.45,232.90833333333333,248.24,0.11036891250994056,0.2466485108163425,3,6,0,0,0.0,0.0,0.0,0.5,1.0,0.0,0.0,mobile,macos,safari
DEV_004218,4,0,0,0,0,1372.41,343.1025,171.44500000000002,0.11035608612027457,0.4396558876077168,2,4,0,4,0.0,0.0,0.0,0.5,1.0,0.0,1.0,mobile,ios,chrome
DEV_001318,9,0,0,0,1,1562.02,173.55777777777777,143.47,0.11026069275826085,0.7349082683983756,5,8,2,0,0.0,0.0,0.0,0.5555555555555556,0.8888888888888888,0.2222222222222222,0.0,desktop,android,chrome
DEV_004489,9,0,1,1,0,2940.92,326.7688888888889,137.33,0.11018612934039941,0.9448474417735776,7,9,3,0,0.0,0.1111111111111111,0.1111111111111111,0.7777777777777778,1.0,0.3333333333333333,0.0,mobile,android,chrome
DEV_007709,4,0,0,0,0,194.05,48.5125,28.18,0.1101595373884871,0.296106347699917,1,4,0,0,0.0,0.0,0.0,0.25,1.0,0.0,0.0,mobile,ios,safari
DEV_005292,6,0,0,0,0,162.95,27.15833333333333,20.27,0.11015629886230087,0.6265917020976819,5,6,2,0,0.0,0.0,0.0,0.8333333333333334,1.0,0.3333333333333333,0.0,mobile,macos,chrome
DEV_000362,4,0,0,0,0,168.74,42.185,26.32,0.10952251854654513,0.3335658268963112,2,4,3,4,0.0,0.0,0.0,0.5,1.0,0.75,1.0,mobile,macos,safari
DEV_001354,19,1,1,1,1,1852.16,97.4821052631579,77.26,0.10946687699360251,0.9621796268990176,9,19,3,0,0.05263157894736842,0.05263157894736842,0.05263157894736842,0.47368421052631576,1.0,0.15789473684210525,0.0,desktop,macos,edge
DEV_003675,9,0,1,1,0,1669.17,185.46333333333334,20.42,0.10935665115228674,0.9527164593449572,5,9,2,0,0.0,0.1111111111111111,0.1111111111111111,0.5555555555555556,1.0,0.2222222222222222,0.0,mobile,android,safari
DEV_005609,14,0,0,0,0,1518.8799999999999,108.49142857142856,92.85499999999999,0.10931440159081761,0.6450749859195608,6,13,3,0,0.0,0.0,0.0,0.42857142857142855,0.9285714285714286,0.21428571428571427,0.0,mobile,android,chrome
DEV_002429,7,0,0,0,0,1011.86,144.55142857142857,56.39,0.10929369619512254,0.5161575043933357,3,7,3,7,0.0,0.0,0.0,0.42857142857142855,1.0,0.42857142857142855,1.0,desktop,android,chrome
DEV_003066,11,1,1,1,0,890.12,80.92,42.63,0.10914457052548472,0.9721579150917962,3,4,1,0,0.09090909090909091,0.09090909090909091,0.09090909090909091,0.2727272727272727,0.36363636363636365,0.09090909090909091,0.0,mobile,linux,chrome
DEV_003863,12,0,0,0,0,1556.64,129.72,75.30499999999999,0.10891111103797851,0.5972841125948715,8,11,3,0,0.0,0.0,0.0,0.6666666666666666,0.9166666666666666,0.25,0.0,mobile,android,chrome
DEV_005030,8,0,0,0,1,1306.32,163.29,42.525000000000006,0.10884904137402598,0.7615929337741933,1,7,0,0,0.0,0.0,0.0,0.125,0.875,0.0,0.0,mobile,macos,safari
DEV_004874,7,0,0,0,1,774.51,110.64428571428572,60.06,0.10883091296568911,0.7079154723471497,4,5,1,0,0.0,0.0,0.0,0.5714285714285714,0.7142857142857143,0.14285714285714285,0.0,mobile,windows,chrome
DEV_007224,10,1,1,1,0,1062.44,106.244,55.53,0.10866515412878319,0.9508684632908996,5,7,2,0,0.1,0.1,0.1,0.5,0.7,0.2,0.0,tablet,windows,chrome
DEV_001004,6,0,0,0,0,404.81,67.46833333333333,37.515,0.1082765245901723,0.3696443838314494,1,4,2,6,0.0,0.0,0.0,0.16666666666666666,0.6666666666666666,0.3333333333333333,1.0,mobile,android,chrome
DEV_007011,4,0,0,0,0,332.07,83.0175,47.66,0.10816663969000535,0.3650752969984089,0,4,0,0,0.0,0.0,0.0,0.0,1.0,0.0,0.0,mobile,macos,chrome
DEV_000673,15,0,0,0,1,2218.31,147.88733333333332,63.24,0.10804006764722694,0.8832139573414616,8,15,3,0,0.0,0.0,0.0,0.5333333333333333,1.0,0.2,0.0,desktop,ios,safari
DEV_002050,6,0,0,0,0,577.66,96.27666666666666,104.205,0.10773482885022971,0.4832455324469438,4,6,1,6,0.0,0.0,0.0,0.6666666666666666,1.0,0.16666666666666666,1.0,desktop,android,chrome
DEV_003606,8,0,0,0,1,1118.67,139.83375,34.765,0.1077245690854201,0.7512591564520416,3,7,4,0,0.0,0.0,0.0,0.375,0.875,0.5,0.0,desktop,windows,chrome
DEV_002830,3,0,0,0,0,108.36999999999999,36.12333333333333,39.16,0.10752727472208884,0.3081178279152381,1,3,0,3,0.0,0.0,0.0,0.3333333333333333,1.0,0.0,1.0,mobile,windows,safari
DEV_000717,12,0,0,0,1,435.33,36.277499999999996,27.54,0.10688899154748592,0.8226147674654178,6,12,4,0,0.0,0.0,0.0,0.5,1.0,0.3333333333333333,0.0,desktop,ios,safari
DEV_002490,9,0,0,0,0,885.59,98.39888888888889,67.8,0.10673600593516788,0.3140289421633884,3,6,3,9,0.0,0.0,0.0,0.3333333333333333,0.6666666666666666,0.3333333333333333,1.0,tablet,android,safari
DEV_001804,14,0,0,0,1,935.24,66.80285714285715,45.89,0.10666485282368794,0.7052874602722392,6,11,3,0,0.0,0.0,0.0,0.42857142857142855,0.7857142857142857,0.21428571428571427,0.0,mobile,windows,chrome
DEV_006781,5,0,0,0,0,217.45999999999998,43.492,50.47,0.10662400633967217,0.2892089264851738,3,5,1,5,0.0,0.0,0.0,0.6,1.0,0.2,1.0,desktop,android,firefox
DEV_004143,13,1,0,0,1,1960.28,150.79076923076923,126.7,0.10630533455644094,0.8932283022192354,5,12,3,13,0.07692307692307693,0.0,0.0,0.38461538461538464,0.9230769230769231,0.23076923076923078,1.0,mobile,macos,chrome
DEV_001288,8,0,0,0,1,1300.68,162.585,106.82,0.1062851499120662,0.7774055643792772,7,8,2,0,0.0,0.0,0.0,0.875,1.0,0.25,0.0,mobile,android,chrome
DEV_001886,27,0,0,0,2,2513.27,93.08407407407407,93.57,0.10624146089379105,0.7926395055130236,9,27,6,27,0.0,0.0,0.0,0.3333333333333333,1.0,0.2222222222222222,1.0,mobile,windows,chrome
DEV_001999,12,0,0,0,0,1301.28,108.44,56.98,0.10617306046056368,0.3924662095365538,5,12,2,0,0.0,0.0,0.0,0.4166666666666667,1.0,0.16666666666666666,0.0,mobile,android,safari
DEV_006355,20,0,1,1,0,1158.01,57.9005,27.68,0.10607412231054876,0.953691408768994,9,18,7,20,0.0,0.05,0.05,0.45,0.9,0.35,1.0,mobile,macos,chrome
DEV_000532,21,0,0,0,2,2095.88,99.80380952380953,44.64,0.10580501616461623,0.8985543954309188,13,18,4,0,0.0,0.0,0.0,0.6190476190476191,0.8571428571428571,0.19047619047619047,0.0,mobile,windows,edge
DEV_006772,14,1,1,1,0,1343.32,95.95142857142856,53.0,0.10572775605013832,0.950899688137852,8,13,2,14,0.07142857142857142,0.07142857142857142,0.07142857142857142,0.5714285714285714,0.9285714285714286,0.14285714285714285,1.0,mobile,android,chrome
DEV_005623,16,1,0,0,0,1969.91,123.119375,108.35499999999999,0.10555886092972402,0.5189124823829716,12,15,2,16,0.0625,0.0,0.0,0.75,0.9375,0.125,1.0,desktop,macos,edge
DEV_002588,5,0,0,0,0,1410.7,282.14,80.37,0.10552579048170915,0.5211253160585417,2,5,0,0,0.0,0.0,0.0,0.4,1.0,0.0,0.0,mobile,macos,firefox
DEV_005085,6,0,0,0,0,486.05,81.00833333333334,49.44,0.10549809905225864,0.6181289032599282,1,3,2,0,0.0,0.0,0.0,0.16666666666666666,0.5,0.3333333333333333,0.0,mobile,android,chrome
DEV_004293,15,0,0,0,1,1787.8899999999999,119.19266666666665,45.67,0.10547599168882733,0.8158975189545637,6,15,2,0,0.0,0.0,0.0,0.4,1.0,0.13333333333333333,0.0,mobile,macos,edge
DEV_004946,3,0,0,0,0,661.75,220.58333333333334,236.21,0.10545512611520363,0.2399170248209605,1,3,1,3,0.0,0.0,0.0,0.3333333333333333,1.0,0.3333333333333333,1.0,mobile,linux,edge
DEV_001069,14,0,0,0,1,1117.8100000000002,79.84357142857144,43.36,0.10544086908277205,0.7107174702845989,8,14,2,14,0.0,0.0,0.0,0.5714285714285714,1.0,0.14285714285714285,1.0,mobile,android,chrome
DEV_000491,14,0,0,0,0,1516.9,108.35000000000001,29.895000000000003,0.10539297325137341,0.4106512379293948,5,11,0,14,0.0,0.0,0.0,0.35714285714285715,0.7857142857142857,0.0,1.0,mobile,ios,firefox
DEV_006313,18,0,0,0,0,1378.11,76.56166666666667,50.394999999999996,0.10524595520056186,0.6929327940842739,14,18,3,0,0.0,0.0,0.0,0.7777777777777778,1.0,0.16666666666666666,0.0,mobile,android,edge
DEV_000231,7,0,0,0,0,465.65000000000003,66.52142857142857,41.2,0.10523753882240058,0.6528513498486701,4,7,2,0,0.0,0.0,0.0,0.5714285714285714,1.0,0.2857142857142857,0.0,mobile,macos,edge
DEV_005240,25,3,2,2,0,5680.93,227.2372,84.69,0.10513394766078189,0.9922618188197292,13,25,5,25,0.12,0.08,0.08,0.52,1.0,0.2,1.0,mobile,android,chrome
DEV_000830,7,0,0,0,0,498.53000000000003,71.21857142857144,27.99,0.10507791780804142,0.5999955725333712,1,7,1,7,0.0,0.0,0.0,0.14285714285714285,1.0,0.14285714285714285,1.0,desktop,ios,firefox
DEV_005800,7,1,0,0,0,877.37,125.33857142857143,59.78,0.10484549286537216,0.592851993765011,4,6,1,7,0.14285714285714285,0.0,0.0,0.5714285714285714,0.8571428571428571,0.14285714285714285,1.0,mobile,android,firefox
DEV_006635,9,0,0,0,1,868.84,96.53777777777778,65.12,0.1048356341873305,0.8675501977702282,4,9,1,0,0.0,0.0,0.0,0.4444444444444444,1.0,0.1111111111111111,0.0,mobile,ios,safari
DEV_001896,6,0,0,0,0,240.73,40.12166666666666,45.69,0.10471589066898578,0.6139881865132064,4,5,1,0,0.0,0.0,0.0,0.6666666666666666,0.8333333333333334,0.16666666666666666,0.0,mobile,windows,chrome
DEV_001730,7,0,0,0,1,374.1,53.44285714285714,30.01,0.1046754689165627,0.7053076284512841,0,2,2,0,0.0,0.0,0.0,0.0,0.2857142857142857,0.2857142857142857,0.0,mobile,macos,chrome
DEV_000180,6,0,0,0,0,1179.49,196.58166666666668,178.89499999999998,0.10461713242230654,0.5736617507546331,2,6,1,0,0.0,0.0,0.0,0.3333333333333333,1.0,0.16666666666666666,0.0,mobile,ios,chrome
DEV_007800,11,1,1,1,0,955.0899999999999,86.82636363636362,58.61,0.10450606084837112,0.9736434786639524,5,11,1,0,0.09090909090909091,0.09090909090909091,0.09090909090909091,0.45454545454545453,1.0,0.09090909090909091,0.0,desktop,linux,firefox
DEV_000057,13,0,1,1,0,1636.03,125.84846153846154,112.52,0.1044304929390269,0.9046050772085262,6,13,3,0,0.0,0.07692307692307693,0.07692307692307693,0.46153846153846156,1.0,0.23076923076923078,0.0,desktop,macos,safari
DEV_001077,9,0,0,0,1,2304.9100000000003,256.10111111111115,199.44,0.10435643249627363,0.8335778720227547,8,9,2,9,0.0,0.0,0.0,0.8888888888888888,1.0,0.2222222222222222,1.0,mobile,android,chrome
DEV_002608,4,0,0,0,0,974.84,243.71,53.9,0.10407579855419954,0.3980699486812404,3,3,1,0,0.0,0.0,0.0,0.75,0.75,0.25,0.0,mobile,android,chrome
DEV_004083,10,1,1,1,0,1479.53,147.953,57.955,0.10406526800446572,0.99907068327453,9,9,2,0,0.1,0.1,0.1,0.9,0.9,0.2,0.0,desktop,windows,safari
DEV_003930,16,0,0,0,1,1378.41,86.150625,55.56999999999999,0.10403127298554239,0.7817684821690447,6,16,4,16,0.0,0.0,0.0,0.375,1.0,0.25,1.0,mobile,android,chrome
DEV_000402,10,1,1,1,0,1625.33,162.533,124.505,0.10402789618981804,0.911295033710016,7,9,2,0,0.1,0.1,0.1,0.7,0.9,0.2,0.0,desktop,ios,chrome
DEV_001919,4,0,0,0,0,572.81,143.2025,165.49,0.10386824590513673,0.3401962882101676,4,4,0,0,0.0,0.0,0.0,1.0,1.0,0.0,0.0,mobile,android,chrome
DEV_001700,23,1,0,0,2,3532.96,153.60695652173914,93.69,0.10384603020159443,0.7635240448559171,13,22,2,0,0.043478260869565216,0.0,0.0,0.5652173913043478,0.9565217391304348,0.08695652173913043,0.0,mobile,macos,safari
DEV_006361,11,1,1,1,0,1148.21,104.38272727272728,51.45,0.10381332684859128,0.9970272582099272,6,8,1,0,0.09090909090909091,0.09090909090909091,0.09090909090909091,0.5454545454545454,0.7272727272727273,0.09090909090909091,0.0,mobile,android,chrome
DEV_003301,11,1,1,1,0,468.32,42.57454545454545,29.51,0.10376649829151835,0.9759686819975264,5,5,0,0,0.09090909090909091,0.09090909090909091,0.09090909090909091,0.45454545454545453,0.45454545454545453,0.0,0.0,mobile,android,chrome
DEV_003647,14,1,1,1,0,830.83,59.345000000000006,35.535,0.10361040975321392,0.9726649414867516,6,12,3,0,0.07142857142857142,0.07142857142857142,0.07142857142857142,0.42857142857142855,0.8571428571428571,0.21428571428571427,0.0,mobile,macos,chrome
DEV_001047,8,0,0,0,0,1569.0900000000001,196.13625000000002,166.735,0.10355588785876037,0.5056607702415384,2,4,2,0,0.0,0.0,0.0,0.25,0.5,0.25,0.0,mobile,ios,firefox
DEV_004081,13,0,0,0,0,721.36,55.48923076923077,28.76,0.10348197499824627,0.5956752982824637,7,13,6,0,0.0,0.0,0.0,0.5384615384615384,1.0,0.46153846153846156,0.0,desktop,ios,chrome
DEV_005421,7,0,0,0,1,508.47999999999996,72.64,49.22,0.1034555033506612,0.718105997696663,4,7,2,7,0.0,0.0,0.0,0.5714285714285714,1.0,0.2857142857142857,1.0,desktop,macos,chrome
DEV_000928,7,0,0,0,1,893.84,127.69142857142857,100.09,0.10328607972667747,0.715716341529477,5,7,2,0,0.0,0.0,0.0,0.7142857142857143,1.0,0.2857142857142857,0.0,mobile,android,chrome
DEV_007133,14,0,0,0,1,1419.49,101.39214285714286,64.685,0.10325055653488953,0.7694998572978068,5,12,4,0,0.0,0.0,0.0,0.35714285714285715,0.8571428571428571,0.2857142857142857,0.0,mobile,macos,safari
DEV_005919,6,0,0,0,0,516.06,86.00999999999999,50.185,0.10323634918028153,0.5507058341537928,5,6,2,0,0.0,0.0,0.0,0.8333333333333334,1.0,0.3333333333333333,0.0,mobile,android,edge
DEV_007762,9,0,0,0,1,1225.39,136.15444444444447,61.12,0.10306928590196536,0.7363721377928815,2,9,2,0,0.0,0.0,0.0,0.2222222222222222,1.0,0.2222222222222222,0.0,desktop,ios,safari
DEV_002394,10,0,0,0,1,2052.74,205.27399999999997,89.715,0.10306140384593768,0.8559210992967394,5,9,0,10,0.0,0.0,0.0,0.5,0.9,0.0,1.0,mobile,ios,chrome
DEV_003122,24,1,1,1,1,3039.5,126.64583333333333,53.84,0.10298318815670195,0.9971251732823916,10,20,3,0,0.041666666666666664,0.041666666666666664,0.041666666666666664,0.4166666666666667,0.8333333333333334,0.125,0.0,desktop,windows,firefox
DEV_001352,16,1,0,0,1,1792.8999999999999,112.05624999999999,100.78,0.10284586416143363,0.8042274849199214,11,13,2,0,0.0625,0.0,0.0,0.6875,0.8125,0.125,0.0,tablet,ios,firefox
DEV_007546,9,1,1,1,0,1036.52,115.16888888888889,34.85,0.1027999924259702,0.913735668972121,5,9,2,0,0.1111111111111111,0.1111111111111111,0.1111111111111111,0.5555555555555556,1.0,0.2222222222222222,0.0,mobile,android,chrome
DEV_000086,4,0,0,0,0,667.0899999999999,166.77249999999998,160.725,0.10278982650924372,0.3556759815678743,1,4,2,0,0.0,0.0,0.0,0.25,1.0,0.5,0.0,desktop,android,chrome
DEV_000233,8,0,0,0,1,1617.6799999999998,202.20999999999998,129.505,0.10274534287107377,0.7903949275066287,3,4,1,0,0.0,0.0,0.0,0.375,0.5,0.125,0.0,desktop,windows,firefox
DEV_000531,6,0,0,0,0,554.96,92.49333333333334,72.565,0.10272531342312385,0.5079329324748377,3,6,1,0,0.0,0.0,0.0,0.5,1.0,0.16666666666666666,0.0,desktop,ios,safari
DEV_004577,22,1,1,1,0,2602.88,118.31272727272727,52.59,0.10267407357315729,0.9495924526104051,11,22,5,0,0.045454545454545456,0.045454545454545456,0.045454545454545456,0.5,1.0,0.22727272727272727,0.0,mobile,ios,chrome
DEV_004185,9,0,0,0,0,1024.2,113.80000000000001,120.49,0.10263148611019218,0.5653789981588371,4,9,1,0,0.0,0.0,0.0,0.4444444444444444,1.0,0.1111111111111111,0.0,mobile,ios,firefox
DEV_000331,11,0,0,0,1,2440.31,221.84636363636363,172.7,0.1025577636532773,0.7069275621424338,6,7,2,0,0.0,0.0,0.0,0.5454545454545454,0.6363636363636364,0.18181818181818182,0.0,mobile,windows,chrome
DEV_002721,14,0,0,0,1,1398.89,99.9207142857143,84.75999999999999,0.10250781934641484,0.8120700332888242,7,9,2,0,0.0,0.0,0.0,0.5,0.6428571428571429,0.14285714285714285,0.0,mobile,macos,firefox
DEV_007018,5,0,0,0,0,499.15999999999997,99.832,41.96,0.10244727115736563,0.3099962353348676,1,5,1,0,0.0,0.0,0.0,0.2,1.0,0.2,0.0,mobile,macos,chrome
DEV_007565,3,0,0,0,0,1182.41,394.1366666666667,213.39,0.10244659925284998,0.2778213375832534,0,3,0,3,0.0,0.0,0.0,0.0,1.0,0.0,1.0,desktop,android,chrome
DEV_006952,26,1,0,0,2,2809.19,108.04576923076924,62.81,0.1023046038464585,0.8879931649997379,8,22,6,0,0.038461538461538464,0.0,0.0,0.3076923076923077,0.8461538461538461,0.23076923076923078,0.0,mobile,macos,firefox
DEV_007725,7,0,0,0,0,452.06,64.58,68.43,0.10226700053606684,0.6458157709739821,2,7,2,0,0.0,0.0,0.0,0.2857142857142857,1.0,0.2857142857142857,0.0,mobile,macos,safari
DEV_004147,11,0,0,0,0,1125.0,102.27272727272727,58.56,0.10218558630914786,0.6620276863770299,7,11,2,11,0.0,0.0,0.0,0.6363636363636364,1.0,0.18181818181818182,1.0,mobile,windows,chrome
DEV_001618,23,2,1,1,1,2196.29,95.4908695652174,52.57,0.1021469934837331,0.99329044954026,17,23,1,0,0.08695652173913043,0.043478260869565216,0.043478260869565216,0.7391304347826086,1.0,0.043478260869565216,0.0,mobile,ios,chrome
DEV_002385,14,0,0,0,0,1022.62,73.04428571428572,46.325,0.10207888184560017,0.6763656208496738,6,10,1,0,0.0,0.0,0.0,0.42857142857142855,0.7142857142857143,0.07142857142857142,0.0,mobile,ios,safari
DEV_002995,8,0,0,0,1,1528.1,191.0125,100.91999999999999,0.1019933461580887,0.7898772587711175,6,7,0,0,0.0,0.0,0.0,0.75,0.875,0.0,0.0,mobile,android,chrome
DEV_007146,18,1,0,0,2,1445.02,80.27888888888889,53.365,0.10191879688043975,0.8693891895191485,8,16,2,0,0.05555555555555555,0.0,0.0,0.4444444444444444,0.8888888888888888,0.1111111111111111,0.0,mobile,android,chrome
DEV_006193,7,0,0,0,0,1038.35,148.33571428571426,82.86,0.10174062239578377,0.6539537293536312,4,6,1,0,0.0,0.0,0.0,0.5714285714285714,0.8571428571428571,0.14285714285714285,0.0,desktop,windows,safari
DEV_003230,15,1,1,1,0,1402.5800000000002,93.50533333333334,40.85,0.10171323519189494,0.9948733791096688,7,15,5,0,0.06666666666666667,0.06666666666666667,0.06666666666666667,0.4666666666666667,1.0,0.3333333333333333,0.0,desktop,ios,chrome
DEV_006796,9,0,0,0,1,964.16,107.12888888888888,51.48,0.10167589502773959,0.8750376341079197,4,9,1,0,0.0,0.0,0.0,0.4444444444444444,1.0,0.1111111111111111,0.0,desktop,ios,firefox
DEV_001813,8,0,0,0,0,1283.83,160.47875,132.8,0.10166128248934646,0.6196069463894057,2,8,1,8,0.0,0.0,0.0,0.25,1.0,0.125,1.0,tablet,android,chrome
DEV_005594,10,0,0,0,1,846.5,84.65,51.245000000000005,0.1016004289613854,0.8382852790113218,2,4,3,10,0.0,0.0,0.0,0.2,0.4,0.3,1.0,desktop,android,safari
DEV_004455,6,0,0,0,0,1114.6399999999999,185.7733333333333,89.69,0.1015926923982892,0.355084168456471,2,5,0,6,0.0,0.0,0.0,0.3333333333333333,0.8333333333333334,0.0,1.0,mobile,ios,safari
DEV_005435,11,1,1,1,0,1157.31,105.21,83.1,0.1015830904506223,0.989709179627544,2,11,2,11,0.09090909090909091,0.09090909090909091,0.09090909090909091,0.18181818181818182,1.0,0.18181818181818182,1.0,mobile,macos,chrome
DEV_001785,6,1,0,0,0,840.0699999999999,140.01166666666666,102.935,0.10137890026199407,0.284569937500106,1,5,2,6,0.16666666666666666,0.0,0.0,0.16666666666666666,0.8333333333333334,0.3333333333333333,1.0,mobile,ios,chrome
DEV_003856,8,0,0,0,0,563.98,70.4975,51.745000000000005,0.10114469769305579,0.6333641334080304,5,7,1,0,0.0,0.0,0.0,0.625,0.875,0.125,0.0,mobile,android,edge
DEV_006695,13,1,1,1,0,1146.58,88.19846153846153,74.33,0.101097472062261,0.9599113000906648,5,11,2,0,0.07692307692307693,0.07692307692307693,0.07692307692307693,0.38461538461538464,0.8461538461538461,0.15384615384615385,0.0,mobile,ios,chrome
DEV_006770,12,0,0,0,1,1195.37,99.61416666666666,65.625,0.10094109794148132,0.8153880477291204,4,8,2,0,0.0,0.0,0.0,0.3333333333333333,0.6666666666666666,0.16666666666666666,0.0,mobile,android,chrome
DEV_001868,10,1,1,1,0,1322.4,132.24,106.75,0.10069651907220138,0.9488500618840146,4,8,5,0,0.1,0.1,0.1,0.4,0.8,0.5,0.0,mobile,android,edge
DEV_000977,6,1,0,0,0,563.57,93.92833333333334,81.825,0.10067313699687884,0.5992952007633683,2,6,1,0,0.16666666666666666,0.0,0.0,0.3333333333333333,1.0,0.16666666666666666,0.0,desktop,android,firefox
DEV_001275,8,0,0,0,1,396.2,49.525,45.144999999999996,0.10054600735227957,0.796093677933115,4,8,1,0,0.0,0.0,0.0,0.5,1.0,0.125,0.0,desktop,ios,safari
DEV_007359,5,0,0,0,0,885.6600000000001,177.132,119.96,0.10049208289680471,0.3635485594893628,4,5,1,0,0.0,0.0,0.0,0.8,1.0,0.2,0.0,mobile,windows,edge
DEV_003188,5,0,0,0,0,1090.7,218.14000000000001,228.79,0.10039916977619998,0.4750726669661826,4,5,1,0,0.0,0.0,0.0,0.8,1.0,0.2,0.0,mobile,android,safari
DEV_007879,18,0,0,0,1,1345.62,74.75666666666666,59.9,0.10016797393066529,0.7999711626280884,12,18,7,0,0.0,0.0,0.0,0.6666666666666666,1.0,0.3888888888888889,0.0,mobile,android,chrome
DEV_006222,8,0,0,0,0,1058.16,132.27,78.82,0.10010978271085076,0.3162219681740006,5,8,0,8,0.0,0.0,0.0,0.625,1.0,0.0,1.0,mobile,windows,safari
DEV_007403,8,0,0,0,1,558.62,69.8275,48.269999999999996,0.10006164992095472,0.782124835720348,3,6,1,0,0.0,0.0,0.0,0.375,0.75,0.125,0.0,mobile,macos,safari
DEV_005769,5,0,0,0,0,761.81,152.362,38.34,0.10000162338818294,0.489675401025175,3,3,1,0,0.0,0.0,0.0,0.6,0.6,0.2,0.0,mobile,macos,chrome
DEV_002581,10,1,0,0,1,523.62,52.362,49.31,0.09967009323099056,0.871924460984452,6,10,2,10,0.1,0.0,0.0,0.6,1.0,0.2,1.0,mobile,windows,safari
DEV_001487,5,0,0,0,0,388.01,77.602,80.46,0.09956124578508188,0.2309458055480115,3,5,3,5,0.0,0.0,0.0,0.6,1.0,0.6,1.0,mobile,ios,chrome
DEV_003432,12,0,0,0,1,1167.85,97.32083333333333,96.275,0.09954582687858804,0.8349682345909315,7,12,2,0,0.0,0.0,0.0,0.5833333333333334,1.0,0.16666666666666666,0.0,desktop,macos,chrome
DEV_004831,24,0,0,0,0,1605.66,66.9025,54.985,0.09954182379200453,0.5421971960653925,13,21,7,24,0.0,0.0,0.0,0.5416666666666666,0.875,0.2916666666666667,1.0,mobile,android,chrome
DEV_001242,10,0,0,0,1,1869.04,186.904,154.83999999999997,0.09946105536873948,0.8300515319779712,5,9,2,0,0.0,0.0,0.0,0.5,0.9,0.2,0.0,mobile,ios,safari
DEV_001697,13,0,1,1,0,805.22,61.940000000000005,37.94,0.09943524226027337,0.9532301922313252,9,12,1,13,0.0,0.07692307692307693,0.07692307692307693,0.6923076923076923,0.9230769230769231,0.07692307692307693,1.0,desktop,android,firefox
DEV_005402,14,1,0,0,1,1481.71,105.83642857142857,48.4,0.09929888647417141,0.8953033235681468,10,14,4,0,0.07142857142857142,0.0,0.0,0.7142857142857143,1.0,0.2857142857142857,0.0,mobile,macos,safari
DEV_003787,11,0,1,1,0,1286.64,116.96727272727274,111.41,0.0991821078145882,0.9034779994232044,5,11,1,0,0.0,0.09090909090909091,0.09090909090909091,0.45454545454545453,1.0,0.09090909090909091,0.0,mobile,macos,edge
DEV_001486,6,0,0,0,0,1020.82,170.13666666666668,108.715,0.09908453822824433,0.3984918544480036,4,4,0,0,0.0,0.0,0.0,0.6666666666666666,0.6666666666666666,0.0,0.0,mobile,ios,firefox
DEV_002878,19,0,0,0,0,1498.93,78.89105263157894,49.12,0.09896645300018346,0.6002731329842806,6,19,5,0,0.0,0.0,0.0,0.3157894736842105,1.0,0.2631578947368421,0.0,desktop,android,chrome
DEV_005961,16,1,0,0,1,1845.1499999999999,115.32187499999999,44.230000000000004,0.09888102072296666,0.7358966452141997,3,15,4,0,0.0625,0.0,0.0,0.1875,0.9375,0.25,0.0,desktop,windows,edge
DEV_001365,13,1,1,1,0,746.35,57.41153846153846,33.75,0.09887741881293502,0.9766355394285888,7,13,1,0,0.07692307692307693,0.07692307692307693,0.07692307692307693,0.5384615384615384,1.0,0.07692307692307693,0.0,mobile,windows,edge
DEV_007321,9,0,0,0,1,788.51,87.61222222222221,37.77,0.09887123608860547,0.8611001834312004,6,6,2,0,0.0,0.0,0.0,0.6666666666666666,0.6666666666666666,0.2222222222222222,0.0,tablet,windows,firefox
DEV_005003,15,0,0,0,0,2848.92,189.928,152.84,0.09882794277022786,0.5857262863860349,8,15,2,0,0.0,0.0,0.0,0.5333333333333333,1.0,0.13333333333333333,0.0,mobile,android,chrome
DEV_004957,9,0,0,0,1,748.72,83.19111111111111,63.13,0.0986965540752022,0.8327317525777972,5,9,2,0,0.0,0.0,0.0,0.5555555555555556,1.0,0.2222222222222222,0.0,desktop,windows,safari
DEV_006552,7,0,0,0,0,342.23,48.89,68.8,0.09865109165217603,0.6555653460618982,4,7,0,7,0.0,0.0,0.0,0.5714285714285714,1.0,0.0,1.0,mobile,ios,firefox
DEV_001491,9,0,0,0,1,1789.17,198.79666666666668,110.01,0.09860745381566544,0.7861221694119724,3,9,1,0,0.0,0.0,0.0,0.3333333333333333,1.0,0.1111111111111111,0.0,desktop,android,firefox
DEV_007498,17,0,0,0,1,1948.37,114.61,37.33,0.0985774204738742,0.7935969111944087,6,17,5,17,0.0,0.0,0.0,0.35294117647058826,1.0,0.29411764705882354,1.0,desktop,android,edge
DEV_003394,10,0,0,0,1,1048.07,104.80699999999999,75.37,0.09853670221061803,0.8609008144306434,5,10,1,0,0.0,0.0,0.0,0.5,1.0,0.1,0.0,mobile,macos,firefox
DEV_007190,3,0,0,0,0,456.25,152.08333333333334,144.92,0.09847315018526016,0.293943416633401,2,3,0,3,0.0,0.0,0.0,0.6666666666666666,1.0,0.0,1.0,desktop,macos,chrome
DEV_003967,3,0,0,0,0,672.04,224.01333333333332,155.34,0.09846237105376458,0.2569079060583631,1,3,1,0,0.0,0.0,0.0,0.3333333333333333,1.0,0.3333333333333333,0.0,mobile,android,chrome
DEV_003953,12,0,0,0,0,956.01,79.6675,48.754999999999995,0.09843331136246976,0.5824169394522051,4,12,0,0,0.0,0.0,0.0,0.3333333333333333,1.0,0.0,0.0,mobile,macos,chrome
DEV_001407,5,0,0,0,0,1117.6200000000001,223.52400000000003,173.07,0.09841979737996776,0.3497094120741896,3,4,1,5,0.0,0.0,0.0,0.6,0.8,0.2,1.0,mobile,ios,edge
DEV_005365,10,0,0,0,0,1684.56,168.456,153.97,0.09833332789532151,0.5950385796429352,6,10,1,10,0.0,0.0,0.0,0.6,1.0,0.1,1.0,mobile,windows,chrome
DEV_000296,9,0,0,0,1,539.9,59.98888888888889,40.7,0.09832451970545873,0.8084262972457634,5,9,0,0,0.0,0.0,0.0,0.5555555555555556,1.0,0.0,0.0,desktop,android,chrome
DEV_005699,11,0,0,0,1,1558.3799999999999,141.67090909090908,66.94,0.09823096494605053,0.8406373074897977,4,9,2,11,0.0,0.0,0.0,0.36363636363636365,0.8181818181818182,0.18181818181818182,1.0,desktop,ios,safari
DEV_003911,6,0,0,0,0,1510.63,251.77166666666668,68.715,0.09801455574754375,0.582923540450382,2,6,0,0,0.0,0.0,0.0,0.3333333333333333,1.0,0.0,0.0,desktop,windows,safari
DEV_004075,9,0,0,0,0,1485.65,165.07222222222222,82.54,0.09795434073172149,0.6741515535022766,7,9,1,0,0.0,0.0,0.0,0.7777777777777778,1.0,0.1111111111111111,0.0,mobile,android,edge
DEV_003941,10,0,0,0,0,672.8,67.28,60.22,0.09779317674810405,0.4641567844226835,3,9,1,0,0.0,0.0,0.0,0.3,0.9,0.1,0.0,mobile,windows,firefox
DEV_006408,9,0,0,0,1,895.1500000000001,99.46111111111112,86.68,0.09741183057474559,0.7445284921602432,5,8,1,0,0.0,0.0,0.0,0.5555555555555556,0.8888888888888888,0.1111111111111111,0.0,mobile,ios,safari
DEV_001387,10,0,0,0,1,610.52,61.052,47.525,0.09738666027146567,0.8719193692896938,2,5,2,0,0.0,0.0,0.0,0.2,0.5,0.2,0.0,desktop,android,firefox
DEV_002656,14,0,1,1,0,2013.78,143.84142857142857,103.765,0.09735756702082923,0.9126455122236474,6,13,1,14,0.0,0.07142857142857142,0.07142857142857142,0.42857142857142855,0.9285714285714286,0.07142857142857142,1.0,mobile,android,chrome
DEV_003988,7,0,0,0,0,589.04,84.14857142857143,55.08,0.09734042001084833,0.642348114031656,2,7,2,0,0.0,0.0,0.0,0.2857142857142857,1.0,0.2857142857142857,0.0,mobile,android,chrome
DEV_006100,17,1,0,0,1,3002.18,176.59882352941176,128.35,0.09726321641564277,0.7671287792606664,9,17,4,0,0.058823529411764705,0.0,0.0,0.5294117647058824,1.0,0.23529411764705882,0.0,mobile,windows,edge
DEV_005674,7,0,0,0,0,527.9,75.41428571428571,30.47,0.09716867760658943,0.6400127210893611,2,5,2,0,0.0,0.0,0.0,0.2857142857142857,0.7142857142857143,0.2857142857142857,0.0,mobile,android,firefox
DEV_006344,9,0,0,0,1,1446.67,160.7411111111111,139.17,0.09707819605092755,0.8109033318899417,7,9,3,0,0.0,0.0,0.0,0.7777777777777778,1.0,0.3333333333333333,0.0,mobile,android,safari
DEV_002836,5,0,0,0,0,920.08,184.01600000000002,137.53,0.09707473153240523,0.2631184599100197,4,4,0,5,0.0,0.0,0.0,0.8,0.8,0.0,1.0,desktop,windows,chrome
DEV_006570,8,0,0,0,1,748.35,93.54375,63.86,0.09706138345474188,0.7079219899986424,2,8,3,0,0.0,0.0,0.0,0.25,1.0,0.375,0.0,tablet,macos,edge
DEV_005133,5,0,0,0,0,500.11,100.022,91.27,0.09699856279742436,0.4061056423905586,2,2,1,0,0.0,0.0,0.0,0.4,0.4,0.2,0.0,mobile,android,chrome
DEV_005614,10,0,0,0,1,1063.99,106.399,87.87,0.09698708269837072,0.7489745329539983,4,10,3,0,0.0,0.0,0.0,0.4,1.0,0.3,0.0,tablet,ios,chrome
DEV_001128,8,1,0,0,0,258.85,32.35625,26.62,0.09693812775046486,0.4214541100180781,7,8,2,8,0.125,0.0,0.0,0.875,1.0,0.25,1.0,mobile,ios,edge
DEV_006980,3,0,0,0,0,1200.58,400.1933333333333,269.34,0.09687597096692929,0.187797170496592,2,3,0,3,0.0,0.0,0.0,0.6666666666666666,1.0,0.0,1.0,mobile,macos,chrome
DEV_002156,10,0,0,0,0,754.98,75.498,55.545,0.09686567839956974,0.5515339656710668,4,7,3,0,0.0,0.0,0.0,0.4,0.7,0.3,0.0,desktop,android,safari
DEV_001904,4,0,0,0,0,255.42999999999998,63.857499999999995,54.08,0.09680455489131767,0.3862537163197279,2,4,0,0,0.0,0.0,0.0,0.5,1.0,0.0,0.0,mobile,ios,chrome
DEV_004890,12,0,0,0,1,1231.82,102.65166666666666,47.59,0.09676024474386678,0.7897974683562148,11,12,1,0,0.0,0.0,0.0,0.9166666666666666,1.0,0.08333333333333333,0.0,mobile,android,safari
DEV_000108,14,0,0,0,1,2196.2599999999998,156.87571428571428,98.75,0.09670438435276128,0.7335066200701231,9,14,5,0,0.0,0.0,0.0,0.6428571428571429,1.0,0.35714285714285715,0.0,mobile,ios,chrome
DEV_000284,5,0,0,0,0,554.4200000000001,110.88400000000001,62.9,0.09667095171175338,0.433622390390359,2,5,0,0,0.0,0.0,0.0,0.4,1.0,0.0,0.0,mobile,macos,chrome
DEV_004790,6,0,0,0,0,259.07,43.178333333333335,39.114999999999995,0.09657514052906922,0.5763499764248184,5,6,0,0,0.0,0.0,0.0,0.8333333333333334,1.0,0.0,0.0,mobile,android,chrome
DEV_002279,14,1,0,0,1,985.88,70.42,46.614999999999995,0.09632446257290006,0.752743648580446,4,14,3,0,0.07142857142857142,0.0,0.0,0.2857142857142857,1.0,0.21428571428571427,0.0,mobile,android,edge
DEV_006869,10,0,0,0,1,1419.63,141.96300000000002,132.885,0.09630887018575332,0.866570579744318,7,9,3,0,0.0,0.0,0.0,0.7,0.9,0.3,0.0,desktop,windows,chrome
DEV_006230,9,0,0,0,0,1083.31,120.36777777777777,98.65,0.09623924346074457,0.6571295311611207,6,8,1,0,0.0,0.0,0.0,0.6666666666666666,0.8888888888888888,0.1111111111111111,0.0,mobile,macos,chrome
DEV_002650,3,0,0,0,0,469.66,156.55333333333334,26.42,0.0960050249469404,0.2876995466141938,3,3,0,0,0.0,0.0,0.0,1.0,1.0,0.0,0.0,desktop,android,safari
DEV_002366,29,0,1,1,1,3791.38,130.73724137931035,62.1,0.09576802312597131,0.9057508944824424,10,29,5,0,0.0,0.034482758620689655,0.034482758620689655,0.3448275862068966,1.0,0.1724137931034483,0.0,mobile,macos,edge
DEV_006439,7,1,0,0,0,400.73,57.24714285714286,66.53,0.09572046590132091,0.6296182948622407,4,7,2,0,0.14285714285714285,0.0,0.0,0.5714285714285714,1.0,0.2857142857142857,0.0,mobile,windows,chrome
DEV_004056,7,0,0,0,0,177.95,25.42142857142857,20.2,0.09560430850968459,0.6223220610838088,4,7,3,7,0.0,0.0,0.0,0.5714285714285714,1.0,0.42857142857142855,1.0,desktop,android,safari
DEV_001289,6,0,0,0,0,1064.81,177.46833333333333,53.125,0.0955299280635853,0.4249522360559513,4,6,1,0,0.0,0.0,0.0,0.6666666666666666,1.0,0.16666666666666666,0.0,tablet,android,chrome
DEV_005114,14,0,0,0,1,1174.99,83.92785714285715,34.04,0.09549586718532503,0.7973361706005948,9,13,4,0,0.0,0.0,0.0,0.6428571428571429,0.9285714285714286,0.2857142857142857,0.0,desktop,android,chrome
DEV_000579,3,0,0,0,0,511.45,170.48333333333332,169.23,0.09545001463919144,0.267754778968938,3,3,0,3,0.0,0.0,0.0,1.0,1.0,0.0,1.0,tablet,android,chrome
DEV_001997,9,0,0,0,0,1103.51,122.61222222222221,102.75,0.09532870923067825,0.6335341458280146,6,9,0,9,0.0,0.0,0.0,0.6666666666666666,1.0,0.0,1.0,desktop,ios,chrome
DEV_000245,12,0,0,0,1,1418.34,118.195,98.22,0.09530610084149531,0.7021207350744249,5,10,2,0,0.0,0.0,0.0,0.4166666666666667,0.8333333333333334,0.16666666666666666,0.0,desktop,ios,chrome
DEV_003715,8,0,0,0,1,386.69,48.33625,30.795,0.09526895588216677,0.7295159231447035,3,8,2,0,0.0,0.0,0.0,0.375,1.0,0.25,0.0,mobile,windows,edge
DEV_000378,9,0,0,0,1,435.97,48.44111111111111,38.25,0.09518502667851046,0.8077099795922758,6,9,1,0,0.0,0.0,0.0,0.6666666666666666,1.0,0.1111111111111111,0.0,mobile,macos,safari
DEV_002262,21,1,1,1,0,2905.8199999999997,138.37238095238095,100.71,0.0951438807906903,0.9357130491029488,11,18,4,0,0.047619047619047616,0.047619047619047616,0.047619047619047616,0.5238095238095238,0.8571428571428571,0.19047619047619047,0.0,desktop,macos,chrome
DEV_006114,9,1,0,0,1,1206.81,134.09,79.44,0.09508098654269831,0.8501136358813671,7,9,2,0,0.1111111111111111,0.0,0.0,0.7777777777777778,1.0,0.2222222222222222,0.0,mobile,windows,safari
DEV_005580,17,0,0,0,0,1462.99,86.05823529411765,63.89,0.095046334041593,0.4483418660147701,9,15,7,0,0.0,0.0,0.0,0.5294117647058824,0.8823529411764706,0.4117647058823529,0.0,mobile,android,firefox
DEV_002451,13,0,0,0,1,778.39,59.87615384615385,43.64,0.09504559458405845,0.8070684116453256,12,13,2,0,0.0,0.0,0.0,0.9230769230769231,1.0,0.15384615384615385,0.0,mobile,ios,safari
DEV_000714,12,1,1,1,0,1266.94,105.57833333333333,106.035,0.09487624435482965,0.9743120032330976,5,11,3,0,0.08333333333333333,0.08333333333333333,0.08333333333333333,0.4166666666666667,0.9166666666666666,0.25,0.0,mobile,macos,edge
DEV_001991,11,0,0,0,1,1932.49,175.6809090909091,104.31,0.09468951798085902,0.7486611253414042,7,10,1,0,0.0,0.0,0.0,0.6363636363636364,0.9090909090909091,0.09090909090909091,0.0,desktop,android,chrome
DEV_000823,8,0,0,0,0,521.73,65.21625,44.455,0.09466345274264197,0.6279135557991056,3,7,3,0,0.0,0.0,0.0,0.375,0.875,0.375,0.0,mobile,android,edge
DEV_002640,7,0,0,0,0,373.31,53.33,35.66,0.09462942515790004,0.6435230975586674,4,7,1,0,0.0,0.0,0.0,0.5714285714285714,1.0,0.14285714285714285,0.0,mobile,android,firefox
DEV_006369,10,0,0,0,1,734.14,73.414,59.900000000000006,0.09462527553422294,0.7881364001558957,7,10,2,0,0.0,0.0,0.0,0.7,1.0,0.2,0.0,desktop,ios,chrome
DEV_002483,5,0,0,0,0,260.24,52.048,59.69,0.09457463521657423,0.400075506227168,1,4,2,0,0.0,0.0,0.0,0.2,0.8,0.4,0.0,mobile,ios,firefox
DEV_004485,7,0,0,0,0,671.0500000000001,95.86428571428573,72.04,0.09455549271253662,0.4470117497356282,3,6,2,0,0.0,0.0,0.0,0.42857142857142855,0.8571428571428571,0.2857142857142857,0.0,mobile,android,safari
DEV_002572,14,1,0,0,1,2299.29,164.23499999999999,43.28,0.09447667741795784,0.7374456123039166,5,10,2,0,0.07142857142857142,0.0,0.0,0.35714285714285715,0.7142857142857143,0.14285714285714285,0.0,desktop,ios,chrome
DEV_005908,3,0,0,0,0,61.050000000000004,20.35,16.1,0.09446627032288098,0.2831148343205918,1,3,0,3,0.0,0.0,0.0,0.3333333333333333,1.0,0.0,1.0,desktop,linux,edge
DEV_002260,6,0,0,0,0,726.79,121.13166666666666,63.885000000000005,0.09445735790646011,0.3753841172084217,1,5,4,0,0.0,0.0,0.0,0.16666666666666666,0.8333333333333334,0.6666666666666666,0.0,desktop,android,chrome
DEV_000195,10,1,0,0,1,725.8299999999999,72.583,22.450000000000003,0.09435635120875029,0.8704974843657081,6,9,2,0,0.1,0.0,0.0,0.6,0.9,0.2,0.0,mobile,windows,edge
DEV_004961,18,0,0,0,0,1396.35,77.57499999999999,73.37,0.09429081942214856,0.6801954540202757,14,18,4,0,0.0,0.0,0.0,0.7777777777777778,1.0,0.2222222222222222,0.0,mobile,android,chrome
DEV_007496,10,0,0,0,1,938.08,93.808,44.525,0.09419093639329984,0.8022445932093505,5,10,1,10,0.0,0.0,0.0,0.5,1.0,0.1,1.0,mobile,android,chrome
DEV_006060,6,0,0,0,0,909.76,151.62666666666667,110.10999999999999,0.09415633538495538,0.335306799673422,2,3,0,6,0.0,0.0,0.0,0.3333333333333333,0.5,0.0,1.0,mobile,android,chrome
DEV_002397,8,0,0,0,0,459.15,57.39375,45.235,0.09415225716700423,0.4250080640386943,5,8,1,8,0.0,0.0,0.0,0.625,1.0,0.125,1.0,mobile,android,chrome
DEV_000237,11,0,0,0,1,1077.18,97.92545454545456,71.53,0.09412609198944198,0.748112855136542,8,10,2,11,0.0,0.0,0.0,0.7272727272727273,0.9090909090909091,0.18181818181818182,1.0,mobile,android,safari
DEV_001248,4,0,0,0,0,345.07,86.2675,69.295,0.0940529567942302,0.1397163802486146,3,4,2,0,0.0,0.0,0.0,0.75,1.0,0.5,0.0,desktop,android,chrome
DEV_007606,5,0,0,0,0,360.27,72.054,60.55,0.09403292653274091,0.2742625844276987,0,4,1,0,0.0,0.0,0.0,0.0,0.8,0.2,0.0,desktop,macos,edge
DEV_002743,7,0,0,0,0,602.4399999999999,86.06285714285714,57.2,0.09382123819869412,0.6356939482089358,4,7,1,0,0.0,0.0,0.0,0.5714285714285714,1.0,0.14285714285714285,0.0,mobile,ios,chrome
DEV_002308,14,0,0,0,1,887.7,63.40714285714286,38.9,0.09381806717295446,0.7057937043507279,9,14,2,14,0.0,0.0,0.0,0.6428571428571429,1.0,0.14285714285714285,1.0,mobile,android,chrome
DEV_003507,14,0,0,0,1,3166.42,226.17285714285714,97.225,0.09379360310982139,0.8294901682340043,10,14,2,0,0.0,0.0,0.0,0.7142857142857143,1.0,0.14285714285714285,0.0,mobile,windows,edge
DEV_006402,14,1,1,1,0,2033.91,145.27928571428572,70.43,0.09379082249379957,0.9957257439192836,9,14,3,0,0.07142857142857142,0.07142857142857142,0.07142857142857142,0.6428571428571429,1.0,0.21428571428571427,0.0,mobile,android,firefox
DEV_006660,11,1,1,1,0,978.75,88.97727272727273,72.13,0.09370541158298457,0.9244796764596706,7,11,4,0,0.09090909090909091,0.09090909090909091,0.09090909090909091,0.6363636363636364,1.0,0.36363636363636365,0.0,mobile,android,edge
DEV_005161,12,1,0,0,1,724.5600000000001,60.38,34.64,0.09367468242985603,0.8277925092931089,3,9,1,12,0.08333333333333333,0.0,0.0,0.25,0.75,0.08333333333333333,1.0,tablet,ios,firefox
DEV_005473,7,0,0,0,0,1053.46,150.49428571428572,105.89,0.09363367250226702,0.6300790788356777,4,7,2,0,0.0,0.0,0.0,0.5714285714285714,1.0,0.2857142857142857,0.0,mobile,android,edge
DEV_004108,18,1,0,0,1,2245.65,124.75833333333334,67.895,0.09355058650154174,0.846575073726793,9,17,1,18,0.05555555555555555,0.0,0.0,0.5,0.9444444444444444,0.05555555555555555,1.0,mobile,windows,chrome
DEV_005318,6,0,0,0,0,1141.18,190.1966666666667,114.6,0.0934481171637726,0.5347810853879663,1,4,1,0,0.0,0.0,0.0,0.16666666666666666,0.6666666666666666,0.16666666666666666,0.0,mobile,windows,chrome
DEV_000842,5,0,0,0,0,1201.75,240.35,272.77,0.09332557962242873,0.3733207172950584,2,5,2,0,0.0,0.0,0.0,0.4,1.0,0.4,0.0,desktop,ios,chrome
DEV_001001,19,1,0,0,0,1658.67,87.29842105263158,77.63,0.09328086302375352,0.6572492157500353,10,17,2,0,0.05263157894736842,0.0,0.0,0.5263157894736842,0.8947368421052632,0.10526315789473684,0.0,desktop,android,chrome
DEV_007744,11,0,0,0,1,600.36,54.57818181818182,47.82,0.09295845283428118,0.7686241556166786,3,11,2,0,0.0,0.0,0.0,0.2727272727272727,1.0,0.18181818181818182,0.0,mobile,macos,chrome
DEV_002090,31,0,0,0,1,3708.87,119.64096774193548,51.39,0.09283810941505302,0.8481692460307179,20,30,7,31,0.0,0.0,0.0,0.6451612903225806,0.967741935483871,0.22580645161290322,1.0,mobile,ios,chrome
DEV_005227,20,0,0,0,0,1698.5800000000002,84.929,43.63,0.09282824820232513,0.6205991699813437,12,18,4,20,0.0,0.0,0.0,0.6,0.9,0.2,1.0,desktop,linux,chrome
DEV_001132,8,0,0,0,0,618.87,77.35875,68.96000000000001,0.09273729188912283,0.6881336871999592,3,8,1,0,0.0,0.0,0.0,0.375,1.0,0.125,0.0,desktop,macos,chrome
DEV_004060,16,0,0,0,0,2218.9,138.68125,81.86,0.09264198931468545,0.5491387966712752,11,12,2,16,0.0,0.0,0.0,0.6875,0.75,0.125,1.0,mobile,android,chrome
DEV_005797,12,0,0,0,0,1276.23,106.3525,78.265,0.09257066092875198,0.4181685025530794,8,12,1,12,0.0,0.0,0.0,0.6666666666666666,1.0,0.08333333333333333,1.0,mobile,ios,chrome
DEV_000796,7,0,0,0,0,1036.82,148.11714285714285,39.03,0.09256801012805489,0.3163810293157868,4,5,1,0,0.0,0.0,0.0,0.5714285714285714,0.7142857142857143,0.14285714285714285,0.0,mobile,windows,firefox
DEV_007626,3,0,0,0,0,863.02,287.67333333333335,283.43,0.09255954823539327,0.2447648441145275,2,3,0,3,0.0,0.0,0.0,0.6666666666666666,1.0,0.0,1.0,mobile,ios,edge
DEV_006288,15,0,0,0,0,839.06,55.93733333333333,39.65,0.09252288289880127,0.6503966136841597,9,13,4,0,0.0,0.0,0.0,0.6,0.8666666666666667,0.26666666666666666,0.0,tablet,macos,chrome
DEV_000619,24,1,0,0,1,2148.84,89.53500000000001,47.915,0.09251239915909347,0.7767703020963287,17,24,6,0,0.041666666666666664,0.0,0.0,0.7083333333333334,1.0,0.25,0.0,mobile,ios,edge
DEV_002523,14,0,0,0,0,2201.64,157.26,88.775,0.09250538303333962,0.5971421501486953,10,14,4,0,0.0,0.0,0.0,0.7142857142857143,1.0,0.2857142857142857,0.0,mobile,windows,safari
DEV_004004,11,1,1,1,0,649.6,59.054545454545455,34.14,0.09245331601031516,0.9840832930120272,4,9,1,0,0.09090909090909091,0.09090909090909091,0.09090909090909091,0.36363636363636365,0.8181818181818182,0.09090909090909091,0.0,mobile,macos,safari
DEV_003731,12,0,0,0,0,1452.6499999999999,121.05416666666666,72.045,0.09243167124894919,0.6743791789220553,6,12,1,0,0.0,0.0,0.0,0.5,1.0,0.08333333333333333,0.0,mobile,android,safari
DEV_002463,5,0,0,0,0,503.89,100.77799999999999,60.45,0.09242407876718714,0.1828624664259014,4,5,0,0,0.0,0.0,0.0,0.8,1.0,0.0,0.0,mobile,ios,chrome
DEV_002924,8,0,0,0,1,808.28,101.035,53.97,0.09238482695084532,0.7347954190072712,5,7,2,0,0.0,0.0,0.0,0.625,0.875,0.25,0.0,mobile,windows,chrome
DEV_002477,7,0,0,0,0,701.1800000000001,100.16857142857144,70.34,0.09236881698487594,0.4341529135315274,5,6,1,0,0.0,0.0,0.0,0.7142857142857143,0.8571428571428571,0.14285714285714285,0.0,mobile,android,edge
DEV_006640,23,1,0,0,2,1686.8,73.3391304347826,56.69,0.09225226254261497,0.8386827332256209,14,19,4,0,0.043478260869565216,0.0,0.0,0.6086956521739131,0.8260869565217391,0.17391304347826086,0.0,mobile,windows,edge
DEV_005039,8,0,0,0,0,559.06,69.8825,42.31,0.09213875340957416,0.3597424950789386,1,7,2,8,0.0,0.0,0.0,0.125,0.875,0.25,1.0,mobile,android,chrome
DEV_001727,12,0,0,0,1,601.12,50.093333333333334,28.93,0.09207955062069118,0.76200804971115,7,12,1,12,0.0,0.0,0.0,0.5833333333333334,1.0,0.08333333333333333,1.0,mobile,windows,chrome
DEV_007936,4,0,0,0,0,253.17000000000002,63.292500000000004,44.435,0.09198084216354185,0.3436633689930979,2,4,1,0,0.0,0.0,0.0,0.5,1.0,0.25,0.0,desktop,android,safari
DEV_004204,14,0,0,0,0,2166.59,154.7564285714286,90.9,0.09187785162746434,0.3631090264995057,12,13,4,0,0.0,0.0,0.0,0.8571428571428571,0.9285714285714286,0.2857142857142857,0.0,mobile,macos,chrome
DEV_005071,3,0,0,0,0,507.03999999999996,169.01333333333332,171.19,0.09184366049036886,0.1696989448284309,1,2,0,3,0.0,0.0,0.0,0.3333333333333333,0.6666666666666666,0.0,1.0,desktop,windows,edge
DEV_000826,6,0,0,0,0,427.68,71.28,75.68,0.091783280465292,0.3928272905817527,2,2,0,6,0.0,0.0,0.0,0.3333333333333333,0.3333333333333333,0.0,1.0,mobile,android,edge
DEV_000564,17,0,0,0,1,1855.7600000000002,109.16235294117648,31.75,0.09177118044665022,0.8386645401289317,8,17,1,0,0.0,0.0,0.0,0.47058823529411764,1.0,0.058823529411764705,0.0,desktop,macos,chrome
DEV_000643,11,0,0,0,1,1195.82,108.71090909090908,52.37,0.09168335720072732,0.8650631265335543,3,8,1,0,0.0,0.0,0.0,0.2727272727272727,0.7272727272727273,0.09090909090909091,0.0,mobile,ios,chrome
DEV_005646,14,1,0,0,1,1570.72,112.19428571428571,106.315,0.0914323269370105,0.8480902444843853,8,13,2,0,0.07142857142857142,0.0,0.0,0.5714285714285714,0.9285714285714286,0.14285714285714285,0.0,mobile,macos,safari
DEV_001055,12,0,0,0,0,1712.41,142.70083333333335,69.65,0.09143074986048366,0.2922341875111651,3,11,3,0,0.0,0.0,0.0,0.25,0.9166666666666666,0.25,0.0,mobile,android,edge
DEV_006382,3,0,0,0,0,747.6,249.20000000000002,169.66,0.0914244205541427,0.1674895479974348,0,3,2,0,0.0,0.0,0.0,0.0,1.0,0.6666666666666666,0.0,mobile,android,safari
DEV_002452,17,0,0,0,0,956.22,56.24823529411765,40.6,0.09141714933846065,0.4925884398520379,3,11,0,17,0.0,0.0,0.0,0.17647058823529413,0.6470588235294118,0.0,1.0,mobile,android,firefox
DEV_000072,11,0,0,0,1,939.72,85.42909090909092,57.97,0.09122695826029702,0.8347301271293028,1,11,1,0,0.0,0.0,0.0,0.09090909090909091,1.0,0.09090909090909091,0.0,mobile,android,chrome
DEV_001167,24,0,0,0,1,5069.79,211.24125,147.04500000000002,0.09113825610918329,0.8712007064951371,11,20,4,0,0.0,0.0,0.0,0.4583333333333333,0.8333333333333334,0.16666666666666666,0.0,desktop,windows,firefox
DEV_003130,13,0,1,1,0,1727.1299999999999,132.85615384615383,78.6,0.09103132259164409,0.9632467723096352,10,12,0,0,0.0,0.07692307692307693,0.07692307692307693,0.7692307692307693,0.9230769230769231,0.0,0.0,desktop,ios,chrome
DEV_002894,3,0,0,0,0,888.7900000000001,296.2633333333334,217.46,0.09100239549037292,0.2247305743162619,1,2,0,3,0.0,0.0,0.0,0.3333333333333333,0.6666666666666666,0.0,1.0,desktop,android,chrome
DEV_004149,3,0,0,0,0,607.63,202.54333333333332,200.66,0.09100221611749797,0.1798279576529764,1,3,2,0,0.0,0.0,0.0,0.3333333333333333,1.0,0.6666666666666666,0.0,mobile,windows,chrome
DEV_000100,3,0,0,0,0,1473.54,491.18,285.31,0.09086430084633884,0.2589864239928074,2,3,0,3,0.0,0.0,0.0,0.6666666666666666,1.0,0.0,1.0,desktop,android,edge
DEV_004578,3,1,0,0,0,257.8,85.93333333333334,98.23,0.09076693504795057,0.2624729061533524,1,3,2,0,0.3333333333333333,0.0,0.0,0.3333333333333333,1.0,0.6666666666666666,0.0,desktop,ios,chrome
DEV_001985,10,0,0,0,0,1935.65,193.565,144.285,0.09071916452096113,0.4914806661088644,6,9,2,0,0.0,0.0,0.0,0.6,0.9,0.2,0.0,mobile,android,chrome
DEV_003178,3,0,0,0,0,355.22,118.40666666666668,74.61,0.09065899453215777,0.2629170242321971,2,3,2,0,0.0,0.0,0.0,0.6666666666666666,1.0,0.6666666666666666,0.0,desktop,android,safari
DEV_006260,8,0,0,0,0,1275.0,159.375,172.805,0.09061576005472388,0.5550031913060661,4,5,1,0,0.0,0.0,0.0,0.5,0.625,0.125,0.0,mobile,macos,chrome
DEV_000267,13,1,1,1,0,1290.08,99.23692307692308,71.0,0.09059705586375426,0.9182428224255536,9,13,2,0,0.07692307692307693,0.07692307692307693,0.07692307692307693,0.6923076923076923,1.0,0.15384615384615385,0.0,desktop,macos,edge
DEV_000410,11,0,1,1,0,1168.07,106.18818181818182,47.58,0.09057423675889431,0.9671911903852642,4,11,1,0,0.0,0.09090909090909091,0.09090909090909091,0.36363636363636365,1.0,0.09090909090909091,0.0,desktop,windows,chrome
DEV_001530,8,1,0,0,0,2020.74,252.5925,214.44,0.09050252751922123,0.6616235404257558,6,8,2,0,0.125,0.0,0.0,0.75,1.0,0.25,0.0,desktop,windows,chrome
DEV_002019,11,1,1,1,0,728.39,66.21727272727273,37.15,0.0904477829858113,0.9596086376262308,7,8,2,0,0.09090909090909091,0.09090909090909091,0.09090909090909091,0.6363636363636364,0.7272727272727273,0.18181818181818182,0.0,mobile,ios,chrome
DEV_005142,12,0,0,0,0,1433.73,119.4775,107.345,0.09042152864407411,0.6378324952019534,5,10,1,12,0.0,0.0,0.0,0.4166666666666667,0.8333333333333334,0.08333333333333333,1.0,mobile,android,chrome
DEV_006867,12,1,0,0,1,2669.31,222.4425,81.72999999999999,0.09039017750522077,0.8954806976077461,8,12,1,0,0.08333333333333333,0.0,0.0,0.6666666666666666,1.0,0.08333333333333333,0.0,mobile,ios,chrome
DEV_006966,7,0,0,0,0,512.22,73.17428571428572,53.58,0.0900804733209216,0.4466236724679116,5,7,3,0,0.0,0.0,0.0,0.7142857142857143,1.0,0.42857142857142855,0.0,mobile,android,chrome
DEV_000782,16,1,0,0,1,1739.55,108.721875,35.44,0.09004782223246714,0.7066046269650973,14,16,1,0,0.0625,0.0,0.0,0.875,1.0,0.0625,0.0,mobile,macos,chrome
DEV_005303,17,0,1,1,0,3607.15,212.18529411764706,143.84,0.08982284528006369,0.9070933468950528,11,13,4,17,0.0,0.058823529411764705,0.058823529411764705,0.6470588235294118,0.7647058823529411,0.23529411764705882,1.0,tablet,linux,firefox
DEV_001216,20,1,0,0,1,3621.69,181.0845,147.48000000000002,0.08982150586890146,0.743445906184481,14,20,3,0,0.05,0.0,0.0,0.7,1.0,0.15,0.0,mobile,macos,chrome
DEV_005828,4,0,0,0,0,461.65,115.4125,81.09,0.08975453472885138,0.3268996432812688,3,4,0,4,0.0,0.0,0.0,0.75,1.0,0.0,1.0,desktop,ios,chrome
DEV_007993,11,0,0,0,1,2039.13,185.37545454545455,84.68,0.08968849374826363,0.8561126891144293,5,9,1,0,0.0,0.0,0.0,0.45454545454545453,0.8181818181818182,0.09090909090909091,0.0,mobile,android,chrome
DEV_003179,12,1,1,1,0,1073.34,89.445,54.474999999999994,0.08962447705260841,0.9843408360216456,5,12,2,0,0.08333333333333333,0.08333333333333333,0.08333333333333333,0.4166666666666667,1.0,0.16666666666666666,0.0,mobile,android,edge
DEV_005143,11,0,0,0,1,1218.93,110.81181818181818,49.69,0.08959384773793047,0.8006668802565095,3,6,2,11,0.0,0.0,0.0,0.2727272727272727,0.5454545454545454,0.18181818181818182,1.0,mobile,windows,edge
DEV_003013,11,0,0,0,0,2236.05,203.27727272727273,180.03,0.08958501780950157,0.6010659704130912,5,9,1,11,0.0,0.0,0.0,0.45454545454545453,0.8181818181818182,0.09090909090909091,1.0,mobile,ios,chrome
DEV_006337,5,0,0,0,0,346.12,69.224,39.45,0.08952751113660884,0.4194040819418664,3,5,1,0,0.0,0.0,0.0,0.6,1.0,0.2,0.0,mobile,android,edge
DEV_004945,7,0,0,0,0,1837.43,262.49,284.24,0.08951551099007403,0.6064874888029045,1,6,0,0,0.0,0.0,0.0,0.14285714285714285,0.8571428571428571,0.0,0.0,mobile,windows,edge
DEV_001097,9,0,0,0,0,1255.27,139.47444444444443,148.91,0.08948657166854075,0.520891320099412,3,7,2,0,0.0,0.0,0.0,0.3333333333333333,0.7777777777777778,0.2222222222222222,0.0,mobile,macos,firefox
DEV_003057,16,1,0,0,1,1863.16,116.4475,75.475,0.08913268083658267,0.7419951766969274,4,15,2,0,0.0625,0.0,0.0,0.25,0.9375,0.125,0.0,desktop,android,chrome
DEV_000275,10,1,0,0,1,1624.96,162.496,109.59,0.0889900904881352,0.8725303578438347,2,9,3,0,0.1,0.0,0.0,0.2,0.9,0.3,0.0,desktop,ios,safari
DEV_000845,11,1,0,0,1,1075.1299999999999,97.7390909090909,71.75,0.08893581834756016,0.8329121788960135,7,11,0,11,0.09090909090909091,0.0,0.0,0.6363636363636364,1.0,0.0,1.0,mobile,ios,edge
DEV_001918,10,1,0,0,0,1198.94,119.894,76.96000000000001,0.0888553272543583,0.649627524315241,2,8,1,10,0.1,0.0,0.0,0.2,0.8,0.1,1.0,mobile,windows,safari
DEV_004682,12,0,0,0,0,737.85,61.487500000000004,40.91,0.08873092619338892,0.5219267657141212,5,12,3,0,0.0,0.0,0.0,0.4166666666666667,1.0,0.25,0.0,tablet,ios,chrome
DEV_001492,14,1,1,1,0,2165.05,154.64642857142857,93.37,0.08868394528790301,0.9972356678487306,7,14,4,0,0.07142857142857142,0.07142857142857142,0.07142857142857142,0.5,1.0,0.2857142857142857,0.0,mobile,android,chrome
DEV_004329,10,0,0,0,0,596.59,59.659000000000006,71.93,0.08857972491879897,0.6391496329783747,4,8,3,0,0.0,0.0,0.0,0.4,0.8,0.3,0.0,mobile,windows,edge
DEV_000114,22,1,0,0,1,3695.08,167.95818181818183,142.755,0.08853393677897331,0.7067539048997558,11,20,4,0,0.045454545454545456,0.0,0.0,0.5,0.9090909090909091,0.18181818181818182,0.0,mobile,android,chrome
DEV_005670,10,0,0,0,1,750.67,75.067,36.99,0.08836466397854884,0.8264437484208413,2,8,2,0,0.0,0.0,0.0,0.2,0.8,0.2,0.0,tablet,ios,edge
DEV_002768,3,0,0,0,0,158.86,52.95333333333334,66.95,0.0882136710663683,0.1372424155628442,2,3,1,3,0.0,0.0,0.0,0.6666666666666666,1.0,0.3333333333333333,1.0,mobile,macos,safari
DEV_005893,14,0,0,0,0,751.64,53.68857142857143,55.865,0.08819954114089093,0.4400059971517696,5,10,4,0,0.0,0.0,0.0,0.35714285714285715,0.7142857142857143,0.2857142857142857,0.0,mobile,android,safari
DEV_000831,8,0,0,0,0,1349.38,168.6725,104.135,0.08807728806149011,0.6442797804618963,4,8,2,8,0.0,0.0,0.0,0.5,1.0,0.25,1.0,mobile,android,chrome
DEV_003326,22,0,0,0,1,1996.6599999999999,90.75727272727272,75.855,0.08801778027713762,0.8229499039536543,8,21,7,0,0.0,0.0,0.0,0.36363636363636365,0.9545454545454546,0.3181818181818182,0.0,mobile,macos,chrome
DEV_006508,5,0,0,0,0,226.82999999999998,45.366,47.76,0.08801074906735643,0.3722294167551944,4,5,2,0,0.0,0.0,0.0,0.8,1.0,0.4,0.0,mobile,windows,chrome
DEV_003868,19,0,1,1,1,1557.28,81.9621052631579,55.58,0.08800341103945397,0.927871837676563,15,17,5,0,0.0,0.05263157894736842,0.05263157894736842,0.7894736842105263,0.8947368421052632,0.2631578947368421,0.0,mobile,android,chrome
DEV_003356,6,1,0,0,0,1075.15,179.1916666666667,159.7,0.08786381620558796,0.4948708655672445,0,3,2,6,0.16666666666666666,0.0,0.0,0.0,0.5,0.3333333333333333,1.0,desktop,ios,edge
DEV_005452,13,0,0,0,0,1958.55,150.65769230769232,111.32,0.08780795472711335,0.4699047161439438,7,7,2,0,0.0,0.0,0.0,0.5384615384615384,0.5384615384615384,0.15384615384615385,0.0,desktop,android,edge
DEV_007012,8,0,0,0,0,1021.15,127.64375,107.85999999999999,0.08780031715852503,0.3160417071573402,3,4,0,8,0.0,0.0,0.0,0.375,0.5,0.0,1.0,tablet,android,safari
DEV_000077,19,1,1,1,0,1399.8,73.67368421052632,54.11,0.08778935347352317,0.9465072574483232,8,18,3,0,0.05263157894736842,0.05263157894736842,0.05263157894736842,0.42105263157894735,0.9473684210526315,0.15789473684210525,0.0,desktop,ios,chrome
DEV_001080,10,0,0,0,1,1191.45,119.14500000000001,51.295,0.08778283159293745,0.8050571707847776,6,9,3,0,0.0,0.0,0.0,0.6,0.9,0.3,0.0,mobile,windows,chrome
DEV_003222,3,0,0,0,0,600.59,200.1966666666667,182.27,0.08763254569932843,0.1726645988701316,2,3,1,3,0.0,0.0,0.0,0.6666666666666666,1.0,0.3333333333333333,1.0,desktop,linux,firefox
DEV_005911,10,0,0,0,1,768.09,76.809,75.525,0.08752197391902769,0.7509617474185083,7,10,2,0,0.0,0.0,0.0,0.7,1.0,0.2,0.0,desktop,android,chrome
DEV_004673,16,0,1,1,0,1164.86,72.80375,37.28,0.08747046498538943,0.9542054904625856,7,16,1,16,0.0,0.0625,0.0625,0.4375,1.0,0.0625,1.0,mobile,linux,chrome
DEV_001432,14,0,0,0,1,1228.6999999999998,87.7642857142857,29.185000000000002,0.08733178289902857,0.7379654917641568,5,14,2,0,0.0,0.0,0.0,0.35714285714285715,1.0,0.14285714285714285,0.0,mobile,ios,chrome
DEV_002118,5,0,0,0,0,377.82,75.564,57.16,0.08730930295655304,0.4082377353069789,2,5,1,0,0.0,0.0,0.0,0.4,1.0,0.2,0.0,mobile,android,chrome
DEV_007662,16,0,0,0,1,918.06,57.37875,42.17,0.08728316223134365,0.8507007414572239,12,16,2,0,0.0,0.0,0.0,0.75,1.0,0.125,0.0,mobile,android,firefox
DEV_002077,11,0,0,0,1,1660.74,150.97636363636363,120.41,0.08726740180487601,0.8854030630175219,4,10,2,0,0.0,0.0,0.0,0.36363636363636365,0.9090909090909091,0.18181818181818182,0.0,mobile,macos,firefox
DEV_003290,9,0,0,0,0,1025.6100000000001,113.95666666666668,140.13,0.08723121900351175,0.623891439194338,7,8,2,0,0.0,0.0,0.0,0.7777777777777778,0.8888888888888888,0.2222222222222222,0.0,mobile,android,firefox
DEV_004547,11,0,0,0,1,1136.34,103.30363636363636,52.94,0.08722261335857275,0.7809852403126744,10,11,4,0,0.0,0.0,0.0,0.9090909090909091,1.0,0.36363636363636365,0.0,mobile,android,chrome
DEV_000763,9,0,0,0,0,1394.01,154.89,120.62,0.08704866634621669,0.6218109736454616,5,7,2,0,0.0,0.0,0.0,0.5555555555555556,0.7777777777777778,0.2222222222222222,0.0,mobile,macos,firefox
DEV_003955,7,0,0,0,0,1171.01,167.28714285714287,89.95,0.08696885685704155,0.4188497169634652,2,7,1,0,0.0,0.0,0.0,0.2857142857142857,1.0,0.14285714285714285,0.0,desktop,macos,edge
DEV_002409,7,0,0,0,0,628.4,89.77142857142857,90.5,0.08685611562826392,0.5460469635892315,4,7,1,0,0.0,0.0,0.0,0.5714285714285714,1.0,0.14285714285714285,0.0,desktop,macos,safari
DEV_005794,13,1,1,1,0,1859.28,143.02153846153846,36.95,0.0867291116650126,0.956505445889615,10,11,1,0,0.07692307692307693,0.07692307692307693,0.07692307692307693,0.7692307692307693,0.8461538461538461,0.07692307692307693,0.0,mobile,macos,safari
DEV_003899,9,0,0,0,0,656.87,72.98555555555555,61.92,0.08669134014126686,0.6187165920862406,5,7,0,0,0.0,0.0,0.0,0.5555555555555556,0.7777777777777778,0.0,0.0,desktop,ios,chrome
DEV_006708,9,0,0,0,0,1232.75,136.97222222222223,55.65,0.08664831121966014,0.3083558710117632,6,9,0,9,0.0,0.0,0.0,0.6666666666666666,1.0,0.0,1.0,tablet,linux,edge
DEV_001647,10,0,0,0,1,1604.04,160.404,155.73,0.08662807224245683,0.768385560064776,3,10,4,0,0.0,0.0,0.0,0.3,1.0,0.4,0.0,desktop,android,edge
DEV_007730,11,0,0,0,0,1195.05,108.64090909090909,65.04,0.08634780925724586,0.4083674675405031,3,5,1,11,0.0,0.0,0.0,0.2727272727272727,0.45454545454545453,0.09090909090909091,1.0,mobile,android,firefox
DEV_007003,13,0,0,0,1,1803.96,138.76615384615386,89.88,0.08632115785383382,0.8109239249594413,5,12,6,0,0.0,0.0,0.0,0.38461538461538464,0.9230769230769231,0.46153846153846156,0.0,mobile,macos,edge
DEV_001772,12,0,0,0,1,809.75,67.47916666666667,39.325,0.08631354016002425,0.8826431628792091,5,12,2,0,0.0,0.0,0.0,0.4166666666666667,1.0,0.16666666666666666,0.0,mobile,android,edge
DEV_005415,6,0,0,0,0,526.97,87.82833333333333,45.305,0.08629026796681248,0.3704692089836357,4,5,1,0,0.0,0.0,0.0,0.6666666666666666,0.8333333333333334,0.16666666666666666,0.0,mobile,windows,firefox
DEV_001739,11,1,0,0,1,391.22,35.56545454545455,18.09,0.08628577860293057,0.7698001887514103,8,11,3,0,0.09090909090909091,0.0,0.0,0.7272727272727273,1.0,0.2727272727272727,0.0,mobile,android,edge
DEV_002369,6,0,0,0,0,575.02,95.83666666666666,92.175,0.0862722845104123,0.4812938305805502,2,6,2,0,0.0,0.0,0.0,0.3333333333333333,1.0,0.3333333333333333,0.0,mobile,windows,safari
DEV_006835,11,0,0,0,0,1054.78,95.88909090909091,69.5,0.08617562439973242,0.5758150034179396,6,11,2,0,0.0,0.0,0.0,0.5454545454545454,1.0,0.18181818181818182,0.0,desktop,linux,edge
DEV_002801,5,0,0,0,0,348.51,69.702,80.81,0.08611605557381949,0.1899075458299179,2,2,0,5,0.0,0.0,0.0,0.4,0.4,0.0,1.0,mobile,ios,edge
DEV_005644,6,0,0,0,0,880.97,146.82833333333335,122.365,0.08607401692459098,0.4802772740091066,1,2,1,6,0.0,0.0,0.0,0.16666666666666666,0.3333333333333333,0.16666666666666666,1.0,mobile,windows,firefox
DEV_007076,9,0,0,0,1,742.78,82.5311111111111,65.17,0.08600433198063923,0.7703782761180484,4,8,1,0,0.0,0.0,0.0,0.4444444444444444,0.8888888888888888,0.1111111111111111,0.0,mobile,android,chrome
DEV_003850,9,0,0,0,1,1656.0,184.0,178.64,0.08594666585094417,0.7512310490741518,4,9,1,0,0.0,0.0,0.0,0.4444444444444444,1.0,0.1111111111111111,0.0,mobile,android,safari
DEV_003826,12,0,0,0,0,1714.26,142.855,101.355,0.08594103410521044,0.3451996394768707,10,12,3,12,0.0,0.0,0.0,0.8333333333333334,1.0,0.25,1.0,desktop,android,chrome
DEV_006758,8,0,0,0,0,1189.6399999999999,148.70499999999998,125.93,0.08584855656013479,0.597014418421435,7,8,1,0,0.0,0.0,0.0,0.875,1.0,0.125,0.0,mobile,android,chrome
DEV_005743,3,0,0,0,0,229.34,76.44666666666667,73.28,0.08580478582666613,0.1453897351886565,1,3,2,3,0.0,0.0,0.0,0.3333333333333333,1.0,0.6666666666666666,1.0,desktop,macos,chrome
DEV_004677,4,0,0,0,0,642.87,160.7175,107.37,0.08579495536555842,0.3188743438488549,1,2,1,0,0.0,0.0,0.0,0.25,0.5,0.25,0.0,desktop,android,chrome
DEV_005561,13,0,0,0,0,1376.2,105.86153846153846,68.25,0.08567176885433955,0.3031604816993571,5,13,1,13,0.0,0.0,0.0,0.38461538461538464,1.0,0.07692307692307693,1.0,tablet,ios,chrome
DEV_004918,14,0,0,0,1,980.15,70.01071428571429,29.419999999999998,0.08546186926735269,0.7459482906839058,7,14,3,0,0.0,0.0,0.0,0.5,1.0,0.21428571428571427,0.0,mobile,windows,chrome
DEV_007624,11,1,0,0,0,2599.67,236.33363636363637,174.51,0.08533771481877162,0.6021204570467693,7,9,2,0,0.09090909090909091,0.0,0.0,0.6363636363636364,0.8181818181818182,0.18181818181818182,0.0,tablet,ios,firefox
DEV_003824,13,0,1,1,0,744.78,57.29076923076923,45.09,0.0852977630212996,0.9165826667507936,6,11,5,0,0.0,0.07692307692307693,0.07692307692307693,0.46153846153846156,0.8461538461538461,0.38461538461538464,0.0,mobile,ios,chrome
DEV_001874,4,0,0,0,0,275.06,68.765,66.99000000000001,0.08522398461201447,0.2318456276685229,3,4,0,0,0.0,0.0,0.0,0.75,1.0,0.0,0.0,mobile,macos,chrome
DEV_006233,3,0,0,0,0,236.73000000000002,78.91000000000001,49.93,0.08522170715678169,0.2551014054046145,1,2,1,3,0.0,0.0,0.0,0.3333333333333333,0.6666666666666666,0.3333333333333333,1.0,desktop,macos,firefox
DEV_001021,10,0,0,0,1,697.72,69.772,40.39,0.08509684620305646,0.8320018490877404,6,10,1,0,0.0,0.0,0.0,0.6,1.0,0.1,0.0,mobile,android,chrome
DEV_001406,14,1,1,1,0,2947.18,210.51285714285714,42.53,0.08493046686350825,0.9656416142111424,8,13,1,0,0.07142857142857142,0.07142857142857142,0.07142857142857142,0.5714285714285714,0.9285714285714286,0.07142857142857142,0.0,mobile,macos,chrome
DEV_003501,6,0,0,0,0,519.49,86.58166666666666,49.239999999999995,0.08488881052429809,0.4036912256017322,2,6,1,6,0.0,0.0,0.0,0.3333333333333333,1.0,0.16666666666666666,1.0,mobile,ios,chrome
DEV_004099,7,0,0,0,0,927.31,132.47285714285712,66.34,0.08482629696359271,0.5204669815577956,5,6,2,0,0.0,0.0,0.0,0.7142857142857143,0.8571428571428571,0.2857142857142857,0.0,mobile,android,chrome
DEV_005299,15,0,0,0,0,1623.19,108.21266666666666,58.88,0.08482402478433433,0.6702491916273013,10,15,5,15,0.0,0.0,0.0,0.6666666666666666,1.0,0.3333333333333333,1.0,mobile,android,chrome
DEV_001671,10,0,0,0,1,565.7,56.57000000000001,20.625,0.08478101123745521,0.8068307432709713,4,10,2,0,0.0,0.0,0.0,0.4,1.0,0.2,0.0,mobile,ios,firefox
DEV_005446,9,0,0,0,1,1156.43,128.49222222222224,134.17,0.08472466732473005,0.7473914431562327,1,8,0,0,0.0,0.0,0.0,0.1111111111111111,0.8888888888888888,0.0,0.0,mobile,macos,chrome
DEV_002754,7,0,0,0,0,698.63,99.80428571428571,59.93,0.08470326293409926,0.4280419352793915,3,6,1,0,0.0,0.0,0.0,0.42857142857142855,0.8571428571428571,0.14285714285714285,0.0,mobile,windows,firefox
DEV_001204,21,0,0,0,0,1466.56,69.83619047619047,32.69,0.08467161370153238,0.552840497647547,12,21,4,0,0.0,0.0,0.0,0.5714285714285714,1.0,0.19047619047619047,0.0,mobile,android,safari
DEV_004394,23,0,0,0,0,2349.27,102.14217391304348,73.12,0.08463001292041619,0.5134514599736588,14,21,6,0,0.0,0.0,0.0,0.6086956521739131,0.9130434782608695,0.2608695652173913,0.0,desktop,ios,safari
DEV_003987,10,0,0,0,1,939.43,93.943,87.01,0.08459990996839048,0.7765897231900475,5,10,4,0,0.0,0.0,0.0,0.5,1.0,0.4,0.0,mobile,android,chrome
DEV_005523,8,0,0,0,0,1099.98,137.4975,111.065,0.08451454970577307,0.3669976563406631,6,8,1,8,0.0,0.0,0.0,0.75,1.0,0.125,1.0,desktop,android,safari
DEV_003961,17,0,1,1,0,1050.29,61.78176470588235,36.41,0.08440658621154566,0.9426819536568036,8,13,2,0,0.0,0.058823529411764705,0.058823529411764705,0.47058823529411764,0.7647058823529411,0.11764705882352941,0.0,mobile,android,safari
DEV_007745,8,0,0,0,0,611.21,76.40125,45.205,0.08436097125102311,0.4834784096952128,3,8,2,0,0.0,0.0,0.0,0.375,1.0,0.25,0.0,mobile,android,chrome
DEV_004726,9,0,0,0,0,2695.5,299.5,171.89,0.0843588563068525,0.5270136818088814,7,9,1,0,0.0,0.0,0.0,0.7777777777777778,1.0,0.1111111111111111,0.0,mobile,windows,firefox
DEV_000877,6,0,0,0,0,773.9300000000001,128.98833333333334,136.49,0.08429840620512184,0.3701041234856124,5,6,0,6,0.0,0.0,0.0,0.8333333333333334,1.0,0.0,1.0,mobile,linux,chrome
DEV_003929,9,0,0,0,0,632.89,70.32111111111111,49.75,0.08428300220067611,0.5473030637077373,4,7,3,9,0.0,0.0,0.0,0.4444444444444444,0.7777777777777778,0.3333333333333333,1.0,desktop,windows,firefox
DEV_005601,12,0,0,0,0,1060.65,88.3875,66.48,0.0842474987117998,0.5678963933424913,6,11,1,0,0.0,0.0,0.0,0.5,0.9166666666666666,0.08333333333333333,0.0,mobile,ios,firefox
DEV_001232,12,1,1,1,0,1057.57,88.13083333333333,53.144999999999996,0.08422518421769624,0.9198437868819352,10,12,1,0,0.08333333333333333,0.08333333333333333,0.08333333333333333,0.8333333333333334,1.0,0.08333333333333333,0.0,mobile,windows,chrome
DEV_006684,19,0,0,0,1,2506.06,131.8978947368421,101.88,0.08422492787674664,0.8737955783046799,11,18,3,19,0.0,0.0,0.0,0.5789473684210527,0.9473684210526315,0.15789473684210525,1.0,tablet,ios,chrome
DEV_000983,7,0,0,0,0,696.09,99.44142857142857,33.28,0.08419972697189244,0.5774313840958358,3,7,1,0,0.0,0.0,0.0,0.42857142857142855,1.0,0.14285714285714285,0.0,desktop,windows,safari
DEV_007197,10,0,0,0,0,515.08,51.508,41.015,0.08419298563078303,0.6832340232555143,6,10,2,10,0.0,0.0,0.0,0.6,1.0,0.2,1.0,mobile,android,chrome
DEV_006832,15,0,0,0,1,1296.23,86.41533333333334,61.37,0.08416824898985703,0.8411756871301241,11,14,4,0,0.0,0.0,0.0,0.7333333333333333,0.9333333333333333,0.26666666666666666,0.0,desktop,ios,chrome
DEV_007381,9,0,0,0,0,824.3399999999999,91.59333333333332,87.83,0.08405491228093115,0.3631083533513057,4,7,3,9,0.0,0.0,0.0,0.4444444444444444,0.7777777777777778,0.3333333333333333,1.0,tablet,windows,firefox
DEV_001650,7,0,0,0,0,866.65,123.80714285714285,63.27,0.08402609724019891,0.1980773333253274,3,7,1,0,0.0,0.0,0.0,0.42857142857142855,1.0,0.14285714285714285,0.0,mobile,android,chrome
DEV_004049,10,0,0,0,1,1039.38,103.93800000000002,75.325,0.0838881073722286,0.8146906936243133,5,8,2,0,0.0,0.0,0.0,0.5,0.8,0.2,0.0,mobile,android,chrome
DEV_003272,24,0,0,0,1,1673.31,69.72125,48.29,0.08385368899952346,0.7153254178905797,12,21,4,0,0.0,0.0,0.0,0.5,0.875,0.16666666666666666,0.0,mobile,android,safari
DEV_007528,17,0,0,0,1,1902.04,111.88470588235293,87.05,0.08382538709615166,0.7297938530265551,4,17,2,17,0.0,0.0,0.0,0.23529411764705882,1.0,0.11764705882352941,1.0,mobile,ios,edge
DEV_003968,19,0,0,0,2,1011.02,53.21157894736842,30.7,0.08379990258349046,0.7587627836950013,5,19,4,0,0.0,0.0,0.0,0.2631578947368421,1.0,0.21052631578947367,0.0,mobile,windows,edge
DEV_003428,11,0,0,0,1,1104.41,100.4009090909091,68.48,0.08368400111664205,0.8599235833763483,5,11,1,0,0.0,0.0,0.0,0.45454545454545453,1.0,0.09090909090909091,0.0,desktop,android,chrome
DEV_001532,9,1,0,0,0,494.88,54.986666666666665,46.02,0.08365173320053026,0.3719718799553137,7,9,2,0,0.1111111111111111,0.0,0.0,0.7777777777777778,1.0,0.2222222222222222,0.0,desktop,windows,chrome
DEV_001375,11,0,0,0,1,526.6999999999999,47.881818181818176,35.64,0.08336785019615171,0.7184103283788035,7,11,1,11,0.0,0.0,0.0,0.6363636363636364,1.0,0.09090909090909091,1.0,mobile,windows,chrome
DEV_007507,12,0,0,0,0,1163.92,96.99333333333334,58.755,0.08333844703902743,0.5118916999116799,8,12,2,0,0.0,0.0,0.0,0.6666666666666666,1.0,0.16666666666666666,0.0,mobile,android,chrome
DEV_004324,9,0,0,0,0,2434.88,270.5422222222222,203.7,0.08332756207611061,0.3898082632281109,2,7,0,0,0.0,0.0,0.0,0.2222222222222222,0.7777777777777778,0.0,0.0,mobile,ios,edge
DEV_001720,8,0,0,0,0,949.79,118.72375,80.28,0.08332055558252788,0.579218713521811,2,6,1,0,0.0,0.0,0.0,0.25,0.75,0.125,0.0,mobile,android,chrome
DEV_004474,6,0,0,0,0,362.69,60.44833333333333,55.16,0.08317196364075873,0.4470273832966125,2,4,0,0,0.0,0.0,0.0,0.3333333333333333,0.6666666666666666,0.0,0.0,mobile,ios,firefox
DEV_003442,11,1,0,0,1,573.62,52.14727272727273,50.02,0.0831112494291086,0.7949882181534349,6,9,2,0,0.09090909090909091,0.0,0.0,0.5454545454545454,0.8181818181818182,0.18181818181818182,0.0,mobile,macos,firefox
DEV_001876,8,1,0,0,0,1283.36,160.42,85.63,0.08307226795816984,0.6100749138225492,0,8,4,0,0.125,0.0,0.0,0.0,1.0,0.5,0.0,desktop,ios,chrome
DEV_006500,12,0,0,0,0,625.09,52.090833333333336,42.22,0.08302384601262423,0.5796339145361695,7,12,1,0,0.0,0.0,0.0,0.5833333333333334,1.0,0.08333333333333333,0.0,mobile,android,chrome
DEV_004614,6,0,0,0,0,1410.95,235.15833333333333,210.39999999999998,0.08294553183317065,0.3763472209176421,4,4,1,6,0.0,0.0,0.0,0.6666666666666666,0.6666666666666666,0.16666666666666666,1.0,desktop,android,chrome
DEV_003304,15,0,0,0,1,629.54,41.96933333333333,34.77,0.08272092927025157,0.8435039617619361,9,15,2,0,0.0,0.0,0.0,0.6,1.0,0.13333333333333333,0.0,desktop,macos,chrome
DEV_006808,11,0,0,0,0,1521.73,138.3390909090909,95.76,0.08267992945077483,0.591725380250101,7,11,4,0,0.0,0.0,0.0,0.6363636363636364,1.0,0.36363636363636365,0.0,mobile,android,safari
DEV_005262,13,0,0,0,0,1960.83,150.83307692307693,130.13,0.08266624228868157,0.6354045451327206,5,12,3,13,0.0,0.0,0.0,0.38461538461538464,0.9230769230769231,0.23076923076923078,1.0,mobile,windows,firefox
DEV_000536,14,0,0,0,1,1652.21,118.015,84.505,0.08265974159372223,0.8527114558519238,9,12,3,0,0.0,0.0,0.0,0.6428571428571429,0.8571428571428571,0.21428571428571427,0.0,mobile,android,chrome
DEV_005165,6,0,0,0,0,376.44,62.74,34.36,0.08262699476053648,0.3572346085223971,3,3,1,0,0.0,0.0,0.0,0.5,0.5,0.16666666666666666,0.0,mobile,windows,chrome
DEV_007537,6,0,0,0,0,872.6,145.43333333333334,89.27000000000001,0.08261773420720146,0.402433343983912,0,0,0,6,0.0,0.0,0.0,0.0,0.0,0.0,1.0,desktop,android,firefox
DEV_005436,11,0,0,0,1,1930.0500000000002,175.45909090909092,118.72,0.0823873081653382,0.8876153857257543,9,10,3,0,0.0,0.0,0.0,0.8181818181818182,0.9090909090909091,0.2727272727272727,0.0,mobile,android,safari
DEV_000740,4,0,0,0,0,451.95000000000005,112.98750000000001,91.345,0.08235257267126588,0.2355007391527382,4,4,2,0,0.0,0.0,0.0,1.0,1.0,0.5,0.0,mobile,macos,safari
DEV_004292,9,0,0,0,0,652.42,72.49111111111111,47.84,0.08225896353458342,0.626101034023373,2,6,1,0,0.0,0.0,0.0,0.2222222222222222,0.6666666666666666,0.1111111111111111,0.0,mobile,windows,chrome
DEV_000110,7,1,0,0,0,983.3399999999999,140.47714285714284,110.8,0.08224966330602286,0.3614743788546587,2,7,1,0,0.14285714285714285,0.0,0.0,0.2857142857142857,1.0,0.14285714285714285,0.0,mobile,windows,chrome
DEV_007319,10,0,0,0,0,1243.0600000000002,124.30600000000001,66.67,0.08202244539687954,0.6438267856025044,5,10,3,0,0.0,0.0,0.0,0.5,1.0,0.3,0.0,tablet,android,firefox
DEV_000519,3,0,0,0,0,323.74,107.91333333333334,57.99,0.08200174781060647,0.2389342816806773,2,3,0,3,0.0,0.0,0.0,0.6666666666666666,1.0,0.0,1.0,mobile,android,edge
DEV_004247,14,2,1,1,0,1507.27,107.66214285714285,74.055,0.08178393872780683,0.9304434989585696,6,13,3,0,0.14285714285714285,0.07142857142857142,0.07142857142857142,0.42857142857142855,0.9285714285714286,0.21428571428571427,0.0,mobile,android,chrome
DEV_001755,9,0,0,0,0,2410.54,267.8377777777778,327.87,0.08173347813939881,0.3277984639507344,2,2,0,9,0.0,0.0,0.0,0.2222222222222222,0.2222222222222222,0.0,1.0,mobile,macos,edge
DEV_000363,5,0,0,0,0,606.25,121.25,63.7,0.08171800026717316,0.2895155804878552,3,5,1,0,0.0,0.0,0.0,0.6,1.0,0.2,0.0,mobile,android,chrome
DEV_002958,5,0,0,0,0,279.47,55.894000000000005,52.49,0.08167411316342443,0.3758081876932204,1,5,2,0,0.0,0.0,0.0,0.2,1.0,0.4,0.0,mobile,android,firefox
DEV_003644,3,0,0,0,0,257.26,85.75333333333333,76.6,0.08166720503783116,0.1435862315791313,0,3,0,0,0.0,0.0,0.0,0.0,1.0,0.0,0.0,mobile,ios,edge
DEV_003679,11,0,0,0,1,1159.74,105.4309090909091,49.82,0.08159351210524132,0.7036399273828465,5,6,1,11,0.0,0.0,0.0,0.45454545454545453,0.5454545454545454,0.09090909090909091,1.0,mobile,windows,chrome
DEV_007569,11,0,0,0,0,1663.85,151.2590909090909,173.58,0.08157701388716072,0.2359790310465717,4,6,2,11,0.0,0.0,0.0,0.36363636363636365,0.5454545454545454,0.18181818181818182,1.0,desktop,linux,safari
DEV_000622,5,0,0,0,0,208.98,41.796,44.45,0.08154548103614508,0.3652947586658494,3,5,0,0,0.0,0.0,0.0,0.6,1.0,0.0,0.0,desktop,windows,safari
DEV_002767,3,0,0,0,0,60.089999999999996,20.029999999999998,12.12,0.0815355079959082,0.2427375688340121,2,3,1,0,0.0,0.0,0.0,0.6666666666666666,1.0,0.3333333333333333,0.0,mobile,macos,firefox
DEV_007717,20,1,0,0,1,2884.32,144.216,138.565,0.0814462925696359,0.7372333857885536,10,17,1,20,0.05,0.0,0.0,0.5,0.85,0.05,1.0,mobile,macos,chrome
DEV_006907,10,0,0,0,1,1708.29,170.829,115.13,0.08134082211476144,0.7573089479156558,3,5,2,0,0.0,0.0,0.0,0.3,0.5,0.2,0.0,desktop,android,chrome
DEV_002485,14,1,0,0,0,1183.95,84.56785714285715,62.14,0.0813227549326978,0.6903529945875081,6,11,2,0,0.07142857142857142,0.0,0.0,0.42857142857142855,0.7857142857142857,0.14285714285714285,0.0,mobile,macos,safari
DEV_001270,9,1,0,0,1,817.42,90.82444444444444,68.45,0.08131044813368488,0.7233432828315577,3,8,2,0,0.1111111111111111,0.0,0.0,0.3333333333333333,0.8888888888888888,0.2222222222222222,0.0,mobile,android,firefox
DEV_001554,10,0,0,0,1,636.97,63.697,46.745000000000005,0.08128059694848747,0.730577942141101,3,10,1,0,0.0,0.0,0.0,0.3,1.0,0.1,0.0,mobile,macos,safari
DEV_005444,5,0,0,0,0,1039.21,207.842,194.13,0.08117899359653571,0.2216783721850492,3,4,2,0,0.0,0.0,0.0,0.6,0.8,0.4,0.0,mobile,ios,safari
DEV_007314,3,0,0,0,0,94.58,31.526666666666667,31.79,0.08099076275610297,0.1911193340971478,1,3,1,0,0.0,0.0,0.0,0.3333333333333333,1.0,0.3333333333333333,0.0,mobile,windows,chrome
DEV_005301,3,0,0,0,0,186.75,62.25,78.45,0.0809120722968178,0.1559736625205625,0,2,0,3,0.0,0.0,0.0,0.0,0.6666666666666666,0.0,1.0,mobile,android,chrome
DEV_007334,9,1,0,0,0,870.24,96.69333333333333,53.99,0.0808576486471641,0.6355641787517043,7,8,1,0,0.1111111111111111,0.0,0.0,0.7777777777777778,0.8888888888888888,0.1111111111111111,0.0,desktop,ios,chrome
DEV_003886,8,0,0,0,0,912.1800000000001,114.02250000000001,95.27000000000001,0.08077578020231797,0.5860478030135854,2,6,1,0,0.0,0.0,0.0,0.25,0.75,0.125,0.0,mobile,ios,edge
DEV_007588,9,0,0,0,0,955.59,106.17666666666668,60.99,0.08077477245344995,0.6606644187134472,2,7,1,0,0.0,0.0,0.0,0.2222222222222222,0.7777777777777778,0.1111111111111111,0.0,mobile,android,safari
DEV_004400,14,1,1,1,0,796.41,56.88642857142857,55.605000000000004,0.08075088984945063,0.9561542890459368,5,13,2,0,0.07142857142857142,0.07142857142857142,0.07142857142857142,0.35714285714285715,0.9285714285714286,0.14285714285714285,0.0,mobile,ios,chrome
DEV_006849,30,0,2,1,1,4430.45,147.68166666666667,73.02000000000001,0.08070151631004775,0.9276368489744484,16,26,6,0,0.0,0.06666666666666667,0.03333333333333333,0.5333333333333333,0.8666666666666667,0.2,0.0,desktop,linux,edge
DEV_001935,33,0,0,0,1,5233.11,158.5790909090909,84.13,0.08064150724391494,0.8907393908596847,13,29,3,0,0.0,0.0,0.0,0.3939393939393939,0.8787878787878788,0.09090909090909091,0.0,desktop,windows,firefox
DEV_004513,8,0,0,0,0,1512.7,189.0875,223.26999999999998,0.08058715517628039,0.3319079140732439,6,8,2,0,0.0,0.0,0.0,0.75,1.0,0.25,0.0,mobile,android,firefox
DEV_002638,17,1,1,1,0,2122.47,124.85117647058823,104.66,0.08056108078279595,0.9938481631720348,12,14,3,17,0.058823529411764705,0.058823529411764705,0.058823529411764705,0.7058823529411765,0.8235294117647058,0.17647058823529413,1.0,mobile,android,firefox
DEV_006890,5,0,0,0,0,413.52,82.704,78.22,0.08048174608661815,0.2528286991245578,2,4,0,5,0.0,0.0,0.0,0.4,0.8,0.0,1.0,tablet,ios,chrome
DEV_004461,10,0,0,0,0,1005.5999999999999,100.55999999999999,45.535,0.08037610734861853,0.5435108127327579,5,8,2,0,0.0,0.0,0.0,0.5,0.8,0.2,0.0,mobile,ios,chrome
DEV_002093,18,0,1,1,0,2225.85,123.65833333333333,79.745,0.08031043546838984,0.9183194823713569,14,18,4,0,0.0,0.05555555555555555,0.05555555555555555,0.7777777777777778,1.0,0.2222222222222222,0.0,mobile,ios,chrome
DEV_000033,12,1,0,0,1,622.29,51.857499999999995,31.12,0.08028547937031336,0.8407205770318286,6,12,0,0,0.08333333333333333,0.0,0.0,0.5,1.0,0.0,0.0,tablet,ios,chrome
DEV_004169,14,0,1,1,0,2146.35,153.31071428571428,92.13,0.0802712055195782,0.9496282752317656,11,14,2,14,0.0,0.07142857142857142,0.07142857142857142,0.7857142857142857,1.0,0.14285714285714285,1.0,mobile,android,safari
DEV_002698,3,0,0,0,0,176.13,58.71,57.71,0.08021775259253851,0.1773771681851915,3,3,0,3,0.0,0.0,0.0,1.0,1.0,0.0,1.0,tablet,android,chrome
DEV_006860,4,0,0,0,0,286.17,71.5425,72.39,0.08019995980539305,0.235474808555664,4,4,1,0,0.0,0.0,0.0,1.0,1.0,0.25,0.0,desktop,android,edge
DEV_004481,9,0,0,0,0,796.89,88.54333333333334,71.46,0.08016058097877979,0.5734313419479348,4,9,1,0,0.0,0.0,0.0,0.4444444444444444,1.0,0.1111111111111111,0.0,mobile,android,chrome
DEV_001594,17,0,1,1,0,3114.23,183.19,71.84,0.08015877200005125,0.963855095136465,3,11,2,0,0.0,0.058823529411764705,0.058823529411764705,0.17647058823529413,0.6470588235294118,0.11764705882352941,0.0,mobile,android,chrome
DEV_005763,12,0,1,1,0,557.87,46.48916666666667,33.614999999999995,0.0801025603454718,0.9334076642802386,6,11,1,0,0.0,0.08333333333333333,0.08333333333333333,0.5,0.9166666666666666,0.08333333333333333,0.0,mobile,macos,safari
DEV_000759,4,0,0,0,0,289.25,72.3125,34.295,0.08006033202360546,0.262197240253182,2,4,1,4,0.0,0.0,0.0,0.5,1.0,0.25,1.0,tablet,android,chrome
DEV_007354,26,0,0,0,1,4338.07,166.84884615384615,68.675,0.0800588759825002,0.8314451111104867,13,26,3,0,0.0,0.0,0.0,0.5,1.0,0.11538461538461539,0.0,mobile,linux,edge
DEV_006217,7,0,0,0,0,922.72,131.81714285714287,87.8,0.07994026097904769,0.4954094992783858,0,6,1,0,0.0,0.0,0.0,0.0,0.8571428571428571,0.14285714285714285,0.0,mobile,macos,chrome
DEV_004342,17,0,0,0,1,1954.4099999999999,114.96529411764705,54.61,0.07991463728031187,0.7173685185534888,13,17,5,0,0.0,0.0,0.0,0.7647058823529411,1.0,0.29411764705882354,0.0,mobile,macos,chrome
DEV_001531,8,0,0,0,0,1461.6100000000001,182.70125000000002,167.92000000000002,0.07987620971066955,0.3067163905440174,3,7,2,8,0.0,0.0,0.0,0.375,0.875,0.25,1.0,desktop,windows,edge
DEV_000346,10,0,0,0,0,935.11,93.511,39.2,0.07978388829700492,0.6010528986482961,7,9,1,0,0.0,0.0,0.0,0.7,0.9,0.1,0.0,mobile,android,chrome
DEV_000297,11,0,0,0,1,525.87,47.806363636363635,30.86,0.07971876467014102,0.85078335719519,3,8,2,11,0.0,0.0,0.0,0.2727272727272727,0.7272727272727273,0.18181818181818182,1.0,mobile,ios,firefox
DEV_005345,15,0,0,0,0,1484.05,98.93666666666667,90.74,0.0796806149441018,0.6975497810491059,8,15,3,0,0.0,0.0,0.0,0.5333333333333333,1.0,0.2,0.0,mobile,linux,safari
DEV_005201,18,0,0,0,0,2711.71,150.65055555555557,104.555,0.07960960721200988,0.6884906726169597,7,18,3,0,0.0,0.0,0.0,0.3888888888888889,1.0,0.16666666666666666,0.0,mobile,windows,edge
DEV_005734,3,0,0,0,0,1150.01,383.33666666666664,183.78,0.07957569797029433,0.1787055983477459,3,3,0,0,0.0,0.0,0.0,1.0,1.0,0.0,0.0,mobile,macos,chrome
DEV_004499,16,0,0,0,1,2056.0099999999998,128.50062499999999,105.13,0.0794149388849509,0.7049904264114327,13,16,3,0,0.0,0.0,0.0,0.8125,1.0,0.1875,0.0,mobile,android,chrome
DEV_007362,12,0,0,0,0,1029.91,85.82583333333334,45.245,0.07941063659529123,0.5763135878528978,7,12,0,0,0.0,0.0,0.0,0.5833333333333334,1.0,0.0,0.0,mobile,macos,firefox
DEV_000628,20,1,1,1,0,3391.6600000000003,169.58300000000003,111.60499999999999,0.07939974065008457,0.9868037676863596,13,20,6,0,0.05,0.05,0.05,0.65,1.0,0.3,0.0,mobile,android,chrome
DEV_001040,4,0,0,0,0,542.09,135.5225,75.925,0.07938905688239045,0.3162557163491091,4,4,0,4,0.0,0.0,0.0,1.0,1.0,0.0,1.0,mobile,ios,edge
DEV_001859,8,0,0,0,0,376.65,47.08125,46.53,0.07928312304895169,0.6167900235484481,5,8,0,8,0.0,0.0,0.0,0.625,1.0,0.0,1.0,mobile,android,chrome
DEV_000394,13,0,1,1,0,2067.7400000000002,159.05692307692308,102.83,0.0792615024940191,0.9471503549735466,4,6,3,0,0.0,0.07692307692307693,0.07692307692307693,0.3076923076923077,0.46153846153846156,0.23076923076923078,0.0,desktop,android,safari
DEV_007217,22,1,1,1,0,2244.83,102.03772727272727,68.97,0.07924664821092108,0.9829214676516976,10,18,2,0,0.045454545454545456,0.045454545454545456,0.045454545454545456,0.45454545454545453,0.8181818181818182,0.09090909090909091,0.0,mobile,macos,chrome
DEV_001690,16,0,1,1,0,1657.74,103.60875,72.885,0.07914254380579182,0.9515855528897053,8,13,3,0,0.0,0.0625,0.0625,0.5,0.8125,0.1875,0.0,mobile,windows,edge
DEV_004269,4,0,0,0,0,266.95,66.7375,44.685,0.07910436121106852,0.3068034887509344,3,4,1,4,0.0,0.0,0.0,0.75,1.0,0.25,1.0,mobile,windows,safari
DEV_000846,5,0,0,0,0,841.33,168.26600000000002,101.63,0.07907598521417952,0.1794726891248732,3,4,1,5,0.0,0.0,0.0,0.6,0.8,0.2,1.0,mobile,windows,chrome
DEV_001326,6,0,0,0,0,1299.08,216.51333333333332,43.695,0.07901125081205947,0.3952100992498017,1,6,0,0,0.0,0.0,0.0,0.16666666666666666,1.0,0.0,0.0,desktop,android,chrome
DEV_003206,23,0,0,0,0,3073.8,133.64347826086959,103.53,0.07900779094592825,0.5329110452307178,7,23,5,23,0.0,0.0,0.0,0.30434782608695654,1.0,0.21739130434782608,1.0,mobile,android,chrome
DEV_005643,12,0,0,0,1,1088.59,90.71583333333332,84.745,0.07900707353946741,0.7678015556001457,8,11,2,0,0.0,0.0,0.0,0.6666666666666666,0.9166666666666666,0.16666666666666666,0.0,tablet,ios,firefox
DEV_007070,8,0,0,0,0,745.53,93.19125,55.91,0.07900525874999183,0.3036468020667129,4,7,2,8,0.0,0.0,0.0,0.5,0.875,0.25,1.0,mobile,windows,edge
DEV_001855,3,0,0,0,0,183.82,61.27333333333333,23.67,0.07900464683219847,0.236503410918374,1,3,1,3,0.0,0.0,0.0,0.3333333333333333,1.0,0.3333333333333333,1.0,desktop,android,edge
DEV_001037,8,0,0,0,0,977.99,122.24875,85.475,0.07899802339536297,0.6172320754778755,7,8,3,0,0.0,0.0,0.0,0.875,1.0,0.375,0.0,mobile,macos,chrome
DEV_002969,15,1,1,1,0,1581.51,105.434,52.63,0.07893086724553654,0.9969210940739436,6,13,1,0,0.06666666666666667,0.06666666666666667,0.06666666666666667,0.4,0.8666666666666667,0.06666666666666667,0.0,mobile,ios,chrome
DEV_002184,15,1,1,1,0,2543.08,169.53866666666667,119.87,0.0788341449514049,0.9117275620746668,10,15,2,0,0.06666666666666667,0.06666666666666667,0.06666666666666667,0.6666666666666666,1.0,0.13333333333333333,0.0,mobile,android,edge
DEV_003570,6,0,0,0,0,554.99,92.49833333333333,88.21000000000001,0.0788193241805875,0.1731828702669162,4,4,0,0,0.0,0.0,0.0,0.6666666666666666,0.6666666666666666,0.0,0.0,mobile,ios,safari
DEV_001742,19,0,0,0,0,2379.58,125.24105263157894,73.56,0.07871321401141065,0.5806167603918321,12,18,5,0,0.0,0.0,0.0,0.631578947368421,0.9473684210526315,0.2631578947368421,0.0,mobile,ios,firefox
DEV_006345,23,1,0,0,2,1462.67,63.59434782608696,53.83,0.07858594354654401,0.8718718664726984,14,23,8,0,0.043478260869565216,0.0,0.0,0.6086956521739131,1.0,0.34782608695652173,0.0,mobile,android,chrome
DEV_000865,18,0,0,0,1,2386.79,132.59944444444443,45.144999999999996,0.07854398734716489,0.8557440560400558,12,16,5,0,0.0,0.0,0.0,0.6666666666666666,0.8888888888888888,0.2777777777777778,0.0,tablet,macos,firefox
DEV_003764,5,0,0,0,0,590.81,118.16199999999999,119.26,0.07851767626350208,0.3870181321427878,2,3,0,0,0.0,0.0,0.0,0.4,0.6,0.0,0.0,mobile,android,chrome
DEV_006696,17,1,0,0,0,1677.48,98.67529411764706,71.97,0.07850852481785968,0.6676700320079025,12,17,4,0,0.058823529411764705,0.0,0.0,0.7058823529411765,1.0,0.23529411764705882,0.0,mobile,ios,safari
DEV_003449,6,0,0,0,0,334.33,55.721666666666664,43.5,0.07845479684115218,0.3953301608712798,4,6,2,0,0.0,0.0,0.0,0.6666666666666666,1.0,0.3333333333333333,0.0,desktop,ios,edge
DEV_000623,13,0,0,0,1,908.5699999999999,69.89,35.23,0.07842899330723631,0.8078114110935011,4,8,1,0,0.0,0.0,0.0,0.3076923076923077,0.6153846153846154,0.07692307692307693,0.0,mobile,windows,safari
DEV_002756,8,0,0,0,0,1883.25,235.40625,157.11,0.07837533611080899,0.564628575264734,5,6,2,0,0.0,0.0,0.0,0.625,0.75,0.25,0.0,mobile,ios,edge
DEV_007131,13,1,0,0,1,1553.64,119.51076923076924,51.97,0.07835886426310185,0.7840618101889442,2,4,2,0,0.07692307692307693,0.0,0.0,0.15384615384615385,0.3076923076923077,0.15384615384615385,0.0,desktop,android,chrome
DEV_002350,17,0,0,0,0,1235.21,72.65941176470588,28.69,0.0783214211407705,0.4338427685266954,10,17,3,17,0.0,0.0,0.0,0.5882352941176471,1.0,0.17647058823529413,1.0,mobile,android,chrome
DEV_001986,8,0,0,0,0,895.1600000000001,111.89500000000001,72.74000000000001,0.07829164972333388,0.3660650914220851,6,8,1,0,0.0,0.0,0.0,0.75,1.0,0.125,0.0,desktop,linux,firefox
DEV_000135,8,0,0,0,0,486.72,60.84,49.635000000000005,0.07824383280815392,0.5420477484842029,2,8,1,0,0.0,0.0,0.0,0.25,1.0,0.125,0.0,mobile,macos,edge
DEV_003446,4,0,0,0,0,1288.26,322.065,329.515,0.0781823956026776,0.2340754652840184,0,4,1,4,0.0,0.0,0.0,0.0,1.0,0.25,1.0,desktop,ios,chrome
DEV_005094,9,0,0,0,0,695.78,77.30888888888889,31.59,0.07800104331943736,0.6675587877903194,7,9,2,0,0.0,0.0,0.0,0.7777777777777778,1.0,0.2222222222222222,0.0,mobile,android,firefox
DEV_007865,14,1,0,0,1,1180.12,84.2942857142857,48.66,0.07798278372723629,0.7566143982737968,9,14,2,14,0.07142857142857142,0.0,0.0,0.6428571428571429,1.0,0.14285714285714285,1.0,desktop,windows,safari
DEV_000897,15,0,0,0,0,1173.48,78.232,22.85,0.07791713576833666,0.6335060379972483,7,15,3,0,0.0,0.0,0.0,0.4666666666666667,1.0,0.2,0.0,tablet,android,safari
DEV_002238,3,1,0,0,0,543.19,181.06333333333336,153.32,0.0778770686183048,0.1784625114399172,2,3,1,0,0.3333333333333333,0.0,0.0,0.6666666666666666,1.0,0.3333333333333333,0.0,desktop,ios,safari
DEV_004488,3,0,0,0,0,718.67,239.55666666666664,58.34,0.07781832779974816,0.2314270161373245,1,3,0,3,0.0,0.0,0.0,0.3333333333333333,1.0,0.0,1.0,mobile,linux,chrome
DEV_002745,16,0,0,0,1,1211.77,75.735625,70.395,0.07777285368697259,0.7813912536926282,7,10,2,0,0.0,0.0,0.0,0.4375,0.625,0.125,0.0,mobile,android,safari
DEV_002973,23,0,0,0,1,1526.58,66.37304347826087,37.44,0.07768833938475518,0.8470142535808981,16,23,7,0,0.0,0.0,0.0,0.6956521739130435,1.0,0.30434782608695654,0.0,mobile,android,chrome
DEV_001095,9,0,0,0,0,945.08,105.00888888888889,37.39,0.07762626976436847,0.5464628053816757,3,5,1,0,0.0,0.0,0.0,0.3333333333333333,0.5555555555555556,0.1111111111111111,0.0,desktop,macos,chrome
DEV_005760,9,0,0,0,0,632.03,70.22555555555556,58.09,0.07760332268547426,0.6477723330914262,4,9,1,9,0.0,0.0,0.0,0.4444444444444444,1.0,0.1111111111111111,1.0,mobile,ios,edge
DEV_007174,19,0,0,0,0,1497.1,78.79473684210525,36.38,0.0775833470778849,0.6765132228973048,11,19,3,19,0.0,0.0,0.0,0.5789473684210527,1.0,0.15789473684210525,1.0,mobile,linux,chrome
DEV_002150,8,0,0,0,0,968.47,121.05875,70.73,0.0774815353767659,0.4098369336074705,3,7,2,8,0.0,0.0,0.0,0.375,0.875,0.25,1.0,mobile,android,edge
DEV_004965,11,0,0,0,1,872.08,79.28,57.03,0.07744330625123422,0.787790083119474,7,11,2,0,0.0,0.0,0.0,0.6363636363636364,1.0,0.18181818181818182,0.0,desktop,macos,firefox
DEV_002436,8,0,0,0,0,359.69,44.96125,40.2,0.07722644209074095,0.583523928442116,4,5,1,0,0.0,0.0,0.0,0.5,0.625,0.125,0.0,mobile,android,chrome
DEV_005497,11,0,0,0,0,1351.29,122.84454545454545,131.81,0.07722283293288591,0.5802421532790961,3,11,1,11,0.0,0.0,0.0,0.2727272727272727,1.0,0.09090909090909091,1.0,desktop,android,firefox
DEV_005072,10,0,0,0,0,1082.56,108.256,70.045,0.07714190830817032,0.4988536380686724,8,10,1,0,0.0,0.0,0.0,0.8,1.0,0.1,0.0,mobile,windows,chrome
DEV_001860,7,0,0,0,0,212.62,30.374285714285715,22.18,0.07709795531045428,0.5388586882876346,3,7,2,0,0.0,0.0,0.0,0.42857142857142855,1.0,0.2857142857142857,0.0,mobile,macos,chrome
DEV_001828,6,1,0,0,0,870.99,145.165,122.895,0.0770684550960547,0.3915360468953995,3,3,0,0,0.16666666666666666,0.0,0.0,0.5,0.5,0.0,0.0,desktop,ios,chrome
DEV_005188,11,0,0,0,0,913.46,83.04181818181819,30.35,0.07703507930830628,0.5364307416141917,5,11,2,0,0.0,0.0,0.0,0.45454545454545453,1.0,0.18181818181818182,0.0,mobile,android,chrome
DEV_003088,12,0,0,0,1,835.61,69.63416666666667,48.585,0.07695659034728096,0.8843491245885713,6,8,2,0,0.0,0.0,0.0,0.5,0.6666666666666666,0.16666666666666666,0.0,mobile,windows,chrome
DEV_004197,11,0,0,0,0,864.86,78.62363636363636,83.19,0.07691905676995499,0.5704894105035708,5,11,0,0,0.0,0.0,0.0,0.45454545454545453,1.0,0.0,0.0,mobile,android,firefox
DEV_000243,5,0,0,0,0,568.23,113.646,115.32,0.07690577650459005,0.3336217656602153,4,5,5,0,0.0,0.0,0.0,0.8,1.0,1.0,0.0,mobile,windows,firefox
DEV_005181,4,0,0,0,0,193.83,48.4575,51.225,0.076874400369607,0.2649801997082076,3,4,1,0,0.0,0.0,0.0,0.75,1.0,0.25,0.0,mobile,android,safari
DEV_007918,3,0,0,0,0,148.62,49.54,44.17,0.07686342961144103,0.2267601044265121,2,3,0,3,0.0,0.0,0.0,0.6666666666666666,1.0,0.0,1.0,desktop,android,firefox
DEV_002310,13,1,1,1,0,2176.62,167.4323076923077,63.94,0.07685379108624427,0.9545510434041086,8,13,3,0,0.07692307692307693,0.07692307692307693,0.07692307692307693,0.6153846153846154,1.0,0.23076923076923078,0.0,mobile,macos,edge
DEV_003769,13,0,0,0,0,1449.69,111.51461538461538,55.28,0.07677272153797582,0.5580134257147916,7,13,5,0,0.0,0.0,0.0,0.5384615384615384,1.0,0.38461538461538464,0.0,mobile,android,chrome
DEV_003376,8,1,0,0,0,800.99,100.12375,73.97,0.07676582501279453,0.5449452579824491,8,8,3,0,0.125,0.0,0.0,1.0,1.0,0.375,0.0,mobile,macos,safari
DEV_002288,8,1,0,0,0,1062.84,132.855,73.935,0.0767330519075315,0.5463207917544143,3,8,1,0,0.125,0.0,0.0,0.375,1.0,0.125,0.0,mobile,macos,safari
DEV_003909,12,0,0,0,0,1833.36,152.78,51.875,0.07670232141337091,0.662831749652979,7,12,5,0,0.0,0.0,0.0,0.5833333333333334,1.0,0.4166666666666667,0.0,mobile,windows,chrome
DEV_007618,17,0,0,0,0,593.06,34.885882352941174,27.06,0.07668085322942958,0.6059261824235448,7,14,2,0,0.0,0.0,0.0,0.4117647058823529,0.8235294117647058,0.11764705882352941,0.0,mobile,ios,firefox
DEV_000896,8,0,0,0,0,606.29,75.78625,64.935,0.07666170630496158,0.4965720484087376,7,8,1,0,0.0,0.0,0.0,0.875,1.0,0.125,0.0,mobile,windows,safari
DEV_005584,4,0,0,0,0,178.65,44.6625,40.42,0.07660738452904335,0.3043300635274798,2,4,1,0,0.0,0.0,0.0,0.5,1.0,0.25,0.0,desktop,android,chrome
DEV_005679,8,0,0,0,0,895.18,111.8975,92.27,0.07659439252188112,0.3331603618157648,3,7,1,0,0.0,0.0,0.0,0.375,0.875,0.125,0.0,mobile,macos,chrome
DEV_000073,8,0,0,0,0,982.9,122.8625,102.64,0.07657753036408714,0.2194494028175581,3,8,1,0,0.0,0.0,0.0,0.375,1.0,0.125,0.0,mobile,android,chrome
DEV_002699,7,0,0,0,0,390.57,55.79571428571428,30.58,0.07654572888032561,0.5247693623432659,5,7,2,0,0.0,0.0,0.0,0.7142857142857143,1.0,0.2857142857142857,0.0,mobile,android,chrome
DEV_001679,9,0,0,0,0,615.93,68.43666666666667,47.99,0.07645541142437622,0.5591463920627332,7,9,0,9,0.0,0.0,0.0,0.7777777777777778,1.0,0.0,1.0,desktop,android,firefox
DEV_000076,12,0,0,0,0,3398.38,283.1983333333333,155.285,0.07636623377331109,0.4767611922046206,6,12,3,0,0.0,0.0,0.0,0.5,1.0,0.25,0.0,mobile,macos,safari
DEV_001254,20,0,0,0,1,3559.42,177.971,107.58500000000001,0.07636254857720079,0.7226045907235188,15,20,5,20,0.0,0.0,0.0,0.75,1.0,0.25,1.0,desktop,macos,edge
DEV_005288,4,0,0,0,0,442.03,110.5075,66.22999999999999,0.0763551973440045,0.2500442397698434,1,4,0,0,0.0,0.0,0.0,0.25,1.0,0.0,0.0,mobile,macos,chrome
DEV_001457,4,0,0,0,0,858.8599999999999,214.71499999999997,212.2,0.07625981045264217,0.2218750491136411,1,4,1,0,0.0,0.0,0.0,0.25,1.0,0.25,0.0,mobile,android,chrome
DEV_004412,12,0,0,0,1,1145.68,95.47333333333334,43.66,0.07622619549455181,0.8475128963295587,4,8,0,0,0.0,0.0,0.0,0.3333333333333333,0.6666666666666666,0.0,0.0,desktop,android,chrome
DEV_002216,4,0,0,0,0,872.04,218.01,169.305,0.07618897879171557,0.1798410379002126,2,4,0,0,0.0,0.0,0.0,0.5,1.0,0.0,0.0,desktop,ios,chrome
DEV_006257,11,1,0,0,1,490.84,44.62181818181818,30.53,0.07617878172526572,0.7994564383190021,6,10,1,0,0.09090909090909091,0.0,0.0,0.5454545454545454,0.9090909090909091,0.09090909090909091,0.0,mobile,ios,firefox
DEV_007854,10,0,0,0,0,1968.7,196.87,139.8,0.07617657507971329,0.2949951039071196,7,10,5,0,0.0,0.0,0.0,0.7,1.0,0.5,0.0,mobile,ios,chrome
DEV_003802,4,0,0,0,0,187.59,46.8975,44.86,0.07604430467975212,0.1531760918270262,0,4,0,4,0.0,0.0,0.0,0.0,1.0,0.0,1.0,desktop,linux,chrome
DEV_000339,5,0,0,0,0,852.9,170.57999999999998,180.61,0.07603731499174696,0.2458703122217947,1,5,1,0,0.0,0.0,0.0,0.2,1.0,0.2,0.0,mobile,android,edge
DEV_002910,6,0,0,0,0,385.63,64.27166666666666,50.585,0.07602251631557919,0.3689393529509568,6,6,2,0,0.0,0.0,0.0,1.0,1.0,0.3333333333333333,0.0,desktop,android,chrome
DEV_000164,9,0,0,0,0,649.54,72.1711111111111,26.77,0.0759729335216795,0.669963368995161,3,9,2,0,0.0,0.0,0.0,0.3333333333333333,1.0,0.2222222222222222,0.0,mobile,ios,chrome
DEV_000226,14,1,0,0,0,1409.81,100.70071428571428,67.675,0.07596066656044516,0.3375149751307378,10,14,0,14,0.07142857142857142,0.0,0.0,0.7142857142857143,1.0,0.0,1.0,mobile,windows,safari
DEV_007839,11,1,0,0,1,1011.98,91.99818181818182,86.14,0.07585018177576222,0.8151378869985247,5,10,1,0,0.09090909090909091,0.0,0.0,0.45454545454545453,0.9090909090909091,0.09090909090909091,0.0,mobile,windows,edge
DEV_004192,17,0,0,0,0,1322.7,77.80588235294118,41.47,0.0757957620117813,0.6528195203574273,9,17,4,0,0.0,0.0,0.0,0.5294117647058824,1.0,0.23529411764705882,0.0,mobile,windows,edge
DEV_001939,19,0,0,0,1,2143.54,112.8178947368421,79.92,0.07579451757336589,0.7217304153407864,12,19,4,0,0.0,0.0,0.0,0.631578947368421,1.0,0.21052631578947367,0.0,mobile,android,safari
DEV_001938,13,0,0,0,1,943.44,72.5723076923077,41.52,0.0757032653180896,0.804266618132148,9,12,3,0,0.0,0.0,0.0,0.6923076923076923,0.9230769230769231,0.23076923076923078,0.0,desktop,macos,chrome
DEV_002913,15,0,0,0,1,1042.86,69.52399999999999,30.5,0.0756471859713636,0.804315874330934,5,15,4,0,0.0,0.0,0.0,0.3333333333333333,1.0,0.26666666666666666,0.0,mobile,ios,chrome
DEV_006055,14,1,1,1,0,992.63,70.90214285714286,23.35,0.07559020209963967,0.9917573721354516,5,14,3,0,0.07142857142857142,0.07142857142857142,0.07142857142857142,0.35714285714285715,1.0,0.21428571428571427,0.0,mobile,macos,chrome
DEV_000200,6,0,0,0,0,496.68,82.78,56.335,0.07553560985036652,0.4316297150621322,1,6,2,6,0.0,0.0,0.0,0.16666666666666666,1.0,0.3333333333333333,1.0,mobile,windows,safari
DEV_007281,4,0,0,0,0,373.74,93.435,44.455,0.07551038740754992,0.2768634721446117,3,4,1,4,0.0,0.0,0.0,0.75,1.0,0.25,1.0,desktop,ios,chrome
DEV_003639,6,0,0,0,0,1005.94,167.65666666666667,161.065,0.07546734210450234,0.3386718044926241,2,6,2,0,0.0,0.0,0.0,0.3333333333333333,1.0,0.3333333333333333,0.0,mobile,ios,edge
DEV_003959,14,0,0,0,1,2165.4700000000003,154.6764285714286,100.655,0.07545114810457032,0.7453967248029443,9,14,1,0,0.0,0.0,0.0,0.6428571428571429,1.0,0.07142857142857142,0.0,mobile,android,safari
DEV_004401,8,0,0,0,0,375.38,46.9225,41.925000000000004,0.07540872435806933,0.4182839885497214,3,7,2,0,0.0,0.0,0.0,0.375,0.875,0.25,0.0,desktop,windows,firefox
DEV_006514,12,0,0,0,1,858.7099999999999,71.55916666666666,33.67,0.07521232888977446,0.7356187541007683,7,12,1,12,0.0,0.0,0.0,0.5833333333333334,1.0,0.08333333333333333,1.0,mobile,android,firefox
DEV_002219,3,0,0,0,0,530.6099999999999,176.86999999999998,68.71,0.07519397682108037,0.1456762124327171,2,3,0,3,0.0,0.0,0.0,0.6666666666666666,1.0,0.0,1.0,mobile,android,chrome
DEV_003407,20,0,0,0,0,2368.23,118.4115,93.44,0.07517579547243353,0.6299134597510008,8,20,2,20,0.0,0.0,0.0,0.4,1.0,0.1,1.0,mobile,windows,edge
DEV_000234,18,1,1,1,0,1512.45,84.025,65.175,0.07498575097211037,0.92399905956494,9,16,1,0,0.05555555555555555,0.05555555555555555,0.05555555555555555,0.5,0.8888888888888888,0.05555555555555555,0.0,mobile,android,chrome
DEV_003702,18,0,0,0,0,2402.11,133.45055555555555,81.995,0.07497188502036407,0.6509112180595186,8,11,3,0,0.0,0.0,0.0,0.4444444444444444,0.6111111111111112,0.16666666666666666,0.0,mobile,android,chrome
DEV_005801,26,1,1,1,0,2374.17,91.31423076923078,72.67,0.07485013029844499,0.9885727897350997,13,25,6,0,0.038461538461538464,0.038461538461538464,0.038461538461538464,0.5,0.9615384615384616,0.23076923076923078,0.0,mobile,macos,safari
DEV_005867,7,0,0,0,0,597.62,85.37428571428572,90.42,0.07483905171221443,0.5114460788529077,5,6,1,7,0.0,0.0,0.0,0.7142857142857143,0.8571428571428571,0.14285714285714285,1.0,mobile,linux,firefox
DEV_002923,6,0,0,0,0,1199.53,199.92166666666665,192.04500000000002,0.07461631623036073,0.2836927923073908,5,6,0,6,0.0,0.0,0.0,0.8333333333333334,1.0,0.0,1.0,mobile,windows,firefox
DEV_000718,6,0,0,0,0,791.51,131.91833333333332,107.1,0.074474777614024,0.250863244127652,3,6,2,6,0.0,0.0,0.0,0.5,1.0,0.3333333333333333,1.0,desktop,android,chrome
DEV_004507,11,0,0,0,0,295.16,26.832727272727276,29.35,0.07437824335685012,0.4976608414052832,10,11,1,11,0.0,0.0,0.0,0.9090909090909091,1.0,0.09090909090909091,1.0,desktop,android,edge
DEV_002180,31,0,0,0,1,3270.18,105.48967741935483,76.99,0.07437215962914503,0.8891950171625724,20,30,4,0,0.0,0.0,0.0,0.6451612903225806,0.967741935483871,0.12903225806451613,0.0,mobile,windows,chrome
DEV_004879,9,0,0,0,0,1023.35,113.70555555555556,81.36,0.07427868627841641,0.1902552219199378,5,9,1,9,0.0,0.0,0.0,0.5555555555555556,1.0,0.1111111111111111,1.0,mobile,ios,firefox
DEV_007421,9,0,0,0,0,417.24,46.36,39.97,0.07420340778387977,0.5436791572430311,9,9,0,0,0.0,0.0,0.0,1.0,1.0,0.0,0.0,desktop,android,chrome
DEV_002515,6,0,0,0,0,392.64,65.44,51.15,0.07413478027606382,0.3780872951374347,6,6,1,6,0.0,0.0,0.0,1.0,1.0,0.16666666666666666,1.0,mobile,windows,firefox
DEV_000747,18,0,0,0,1,1150.59,63.92166666666666,26.64,0.07406952652592241,0.8366030967434837,8,18,3,0,0.0,0.0,0.0,0.4444444444444444,1.0,0.16666666666666666,0.0,tablet,macos,safari
DEV_001688,11,0,0,0,0,1005.36,91.39636363636363,47.09,0.07404632929937287,0.4200425177642041,3,11,5,0,0.0,0.0,0.0,0.2727272727272727,1.0,0.45454545454545453,0.0,mobile,android,chrome
DEV_005096,6,0,0,0,0,2075.3,345.8833333333334,386.58000000000004,0.07403582524011929,0.2415589864357073,3,6,2,0,0.0,0.0,0.0,0.5,1.0,0.3333333333333333,0.0,mobile,android,chrome
DEV_006521,3,0,0,0,0,199.94,66.64666666666666,69.11,0.07403009553715073,0.1316012941889326,3,3,1,3,0.0,0.0,0.0,1.0,1.0,0.3333333333333333,1.0,mobile,linux,chrome
DEV_007882,17,0,0,0,0,2274.78,133.81058823529412,84.64,0.07402857173749885,0.3333587903237302,13,17,4,0,0.0,0.0,0.0,0.7647058823529411,1.0,0.23529411764705882,0.0,mobile,windows,safari
DEV_005890,4,0,0,0,0,108.81,27.2025,26.43,0.07398711255866022,0.165915270045532,0,1,0,4,0.0,0.0,0.0,0.0,0.25,0.0,1.0,mobile,ios,chrome
DEV_000582,10,1,0,0,0,756.03,75.603,70.975,0.0734981638427363,0.3686642392478838,6,10,2,0,0.1,0.0,0.0,0.6,1.0,0.2,0.0,desktop,android,chrome
DEV_002243,11,0,0,0,1,574.3199999999999,52.210909090909084,51.32,0.07346957983329377,0.7163524832581474,4,11,2,11,0.0,0.0,0.0,0.36363636363636365,1.0,0.18181818181818182,1.0,mobile,windows,chrome
DEV_006224,16,0,0,0,0,6121.93,382.620625,133.41,0.07342578331634186,0.4679352408584111,5,16,1,0,0.0,0.0,0.0,0.3125,1.0,0.0625,0.0,tablet,android,edge
DEV_000332,6,0,0,0,0,551.87,91.97833333333334,85.05,0.07340996324335926,0.3225928464374898,3,6,1,0,0.0,0.0,0.0,0.5,1.0,0.16666666666666666,0.0,mobile,windows,chrome
DEV_004341,7,0,0,0,0,736.1700000000001,105.16714285714286,69.5,0.07309752349678891,0.2130606547050902,2,7,3,0,0.0,0.0,0.0,0.2857142857142857,1.0,0.42857142857142855,0.0,mobile,linux,chrome
DEV_000437,13,0,0,0,0,1516.12,116.62461538461538,64.28,0.07297443758632667,0.6661490628893735,13,13,2,0,0.0,0.0,0.0,1.0,1.0,0.15384615384615385,0.0,desktop,android,firefox
DEV_006584,7,1,0,0,0,2142.5,306.07142857142856,66.75,0.07294838876544665,0.3603318345218867,6,7,2,7,0.14285714285714285,0.0,0.0,0.8571428571428571,1.0,0.2857142857142857,1.0,mobile,android,edge
DEV_000515,7,0,0,0,0,877.52,125.36,19.05,0.07293554330370686,0.4925728012564307,0,1,1,0,0.0,0.0,0.0,0.0,0.14285714285714285,0.14285714285714285,0.0,desktop,windows,edge
DEV_006061,13,0,0,0,1,1440.43,110.80230769230769,71.13,0.0729218915063374,0.7204830638228271,9,13,3,0,0.0,0.0,0.0,0.6923076923076923,1.0,0.23076923076923078,0.0,mobile,ios,safari
DEV_006157,3,0,0,0,0,172.55,57.51666666666667,67.61,0.07278229468768503,0.1500399589823408,2,3,0,3,0.0,0.0,0.0,0.6666666666666666,1.0,0.0,1.0,mobile,ios,chrome
DEV_003213,11,0,0,0,0,1326.63,120.60272727272728,56.19,0.07277826761755037,0.6330823442737923,6,11,2,0,0.0,0.0,0.0,0.5454545454545454,1.0,0.18181818181818182,0.0,mobile,android,edge
DEV_001193,3,0,0,0,0,58.53,19.51,20.99,0.07255849406530497,0.2172661604379464,3,3,0,3,0.0,0.0,0.0,1.0,1.0,0.0,1.0,desktop,android,safari
DEV_004501,26,1,0,0,1,2517.94,96.84384615384616,66.005,0.07254347330334031,0.8924890462991562,10,20,5,0,0.038461538461538464,0.0,0.0,0.38461538461538464,0.7692307692307693,0.19230769230769232,0.0,mobile,android,edge
DEV_005547,14,0,0,0,0,1997.63,142.68785714285715,113.495,0.07245523283178483,0.6965178625951782,5,14,3,0,0.0,0.0,0.0,0.35714285714285715,1.0,0.21428571428571427,0.0,mobile,ios,edge
DEV_000610,6,0,0,0,0,1081.95,180.32500000000002,131.18,0.07245376335170119,0.3237110737312965,5,6,2,6,0.0,0.0,0.0,0.8333333333333334,1.0,0.3333333333333333,1.0,mobile,android,chrome
DEV_002681,3,0,0,0,0,305.46,101.82,118.6,0.0723137659986286,0.189982988359868,3,3,0,0,0.0,0.0,0.0,1.0,1.0,0.0,0.0,mobile,windows,safari
DEV_006371,4,0,0,0,0,503.1,125.775,146.075,0.07223752718211655,0.194536046992632,3,4,0,4,0.0,0.0,0.0,0.75,1.0,0.0,1.0,mobile,windows,chrome
DEV_001570,18,0,0,0,1,1646.95,91.49722222222222,59.245,0.07222118243748075,0.8521331166412,11,18,3,18,0.0,0.0,0.0,0.6111111111111112,1.0,0.16666666666666666,1.0,desktop,windows,chrome
DEV_000029,9,0,0,0,0,904.4399999999999,100.49333333333333,102.35,0.07217159304226012,0.5772121574019268,6,7,1,0,0.0,0.0,0.0,0.6666666666666666,0.7777777777777778,0.1111111111111111,0.0,mobile,android,safari
DEV_002917,9,0,0,0,0,933.9,103.76666666666667,37.14,0.07207712743083061,0.3595490164843209,6,9,0,9,0.0,0.0,0.0,0.6666666666666666,1.0,0.0,1.0,mobile,linux,chrome
DEV_001920,12,0,0,0,1,1653.62,137.80166666666665,47.975,0.07198644341001537,0.7723002348461435,6,11,0,0,0.0,0.0,0.0,0.5,0.9166666666666666,0.0,0.0,desktop,ios,firefox
DEV_001563,11,0,0,0,0,1704.21,154.92818181818183,178.68,0.07197086795181415,0.2330282348464834,4,10,2,11,0.0,0.0,0.0,0.36363636363636365,0.9090909090909091,0.18181818181818182,1.0,desktop,linux,chrome
DEV_000355,13,0,0,0,0,1241.32,95.48615384615384,36.98,0.07182149109488177,0.6003193831981576,2,11,2,0,0.0,0.0,0.0,0.15384615384615385,0.8461538461538461,0.15384615384615385,0.0,mobile,ios,chrome
DEV_002487,8,0,0,0,0,927.47,115.93375,81.75999999999999,0.07175331909968788,0.2563165073923662,5,8,1,8,0.0,0.0,0.0,0.625,1.0,0.125,1.0,tablet,macos,chrome
DEV_000996,15,0,1,1,0,1175.31,78.354,60.11,0.07166385354685577,0.965144120532744,8,13,2,0,0.0,0.06666666666666667,0.06666666666666667,0.5333333333333333,0.8666666666666667,0.13333333333333333,0.0,mobile,ios,firefox
DEV_005424,9,1,0,0,0,793.6800000000001,88.18666666666667,71.87,0.0716612169659739,0.4868820300291386,4,9,2,0,0.1111111111111111,0.0,0.0,0.4444444444444444,1.0,0.2222222222222222,0.0,mobile,windows,safari
DEV_007075,16,1,0,0,1,2222.14,138.88375,66.715,0.07165266464482732,0.8111061792047881,8,15,2,0,0.0625,0.0,0.0,0.5,0.9375,0.125,0.0,mobile,android,edge
DEV_007627,8,0,0,0,0,863.61,107.95125,125.425,0.07163962361552659,0.2494950619943776,4,8,0,8,0.0,0.0,0.0,0.5,1.0,0.0,1.0,mobile,windows,firefox
DEV_005578,28,0,0,0,2,4025.56,143.77,98.425,0.07161778229739224,0.8088349618042723,13,24,8,0,0.0,0.0,0.0,0.4642857142857143,0.8571428571428571,0.2857142857142857,0.0,mobile,windows,edge
DEV_000286,15,0,0,0,1,998.0799999999999,66.53866666666666,66.22,0.07155609300323838,0.7901675133765473,5,14,6,0,0.0,0.0,0.0,0.3333333333333333,0.9333333333333333,0.4,0.0,mobile,macos,chrome
DEV_006704,7,0,0,0,0,1008.51,144.07285714285715,106.72,0.07152926023823379,0.4711831551621604,5,7,3,0,0.0,0.0,0.0,0.7142857142857143,1.0,0.42857142857142855,0.0,desktop,ios,chrome
DEV_004160,3,0,0,0,0,199.0,66.33333333333333,81.11,0.07133948423389354,0.2000292767964706,2,3,0,3,0.0,0.0,0.0,0.6666666666666666,1.0,0.0,1.0,desktop,windows,safari
DEV_000642,14,0,0,0,1,1200.24,85.73142857142857,75.67,0.07132128783234362,0.7556051630035554,10,13,4,0,0.0,0.0,0.0,0.7142857142857143,0.9285714285714286,0.2857142857142857,0.0,desktop,ios,chrome
DEV_002931,3,0,0,0,0,690.6700000000001,230.22333333333336,104.93,0.07125375522745883,0.171592496304695,1,3,1,3,0.0,0.0,0.0,0.3333333333333333,1.0,0.3333333333333333,1.0,mobile,macos,safari
DEV_006595,3,0,0,0,0,692.4200000000001,230.8066666666667,136.41,0.07122980471957817,0.1404800816538867,2,3,0,3,0.0,0.0,0.0,0.6666666666666666,1.0,0.0,1.0,desktop,linux,edge
DEV_007229,10,0,0,0,0,1463.04,146.304,60.925000000000004,0.07122213899808302,0.5506353104835083,6,9,3,0,0.0,0.0,0.0,0.6,0.9,0.3,0.0,desktop,android,edge
DEV_005709,4,0,0,0,0,367.69,91.9225,56.58,0.0712213008331864,0.1722688896858599,2,4,1,4,0.0,0.0,0.0,0.5,1.0,0.25,1.0,mobile,windows,chrome
DEV_000944,11,0,0,0,1,1001.5400000000001,91.04909090909092,59.27,0.07118492960861465,0.7421145677043101,7,11,2,11,0.0,0.0,0.0,0.6363636363636364,1.0,0.18181818181818182,1.0,mobile,macos,firefox
DEV_005725,5,0,0,0,0,447.04999999999995,89.41,69.91,0.0711737956733529,0.3426927226273957,3,5,0,5,0.0,0.0,0.0,0.6,1.0,0.0,1.0,desktop,android,chrome
DEV_005996,11,0,0,0,0,714.21,64.92818181818183,63.02,0.07112429948045494,0.4245555212718662,3,11,1,11,0.0,0.0,0.0,0.2727272727272727,1.0,0.09090909090909091,1.0,desktop,windows,safari
DEV_003572,10,0,0,0,0,1811.7800000000002,181.17800000000003,85.935,0.07111961361499196,0.4232510266045931,3,8,3,0,0.0,0.0,0.0,0.3,0.8,0.3,0.0,desktop,android,firefox
DEV_001281,3,0,0,0,0,345.92,115.30666666666667,74.06,0.07111376794685977,0.2127534353082761,1,2,0,3,0.0,0.0,0.0,0.3333333333333333,0.6666666666666666,0.0,1.0,mobile,android,edge
DEV_001752,16,0,0,0,0,3200.29,200.018125,150.85500000000002,0.07101887653685776,0.6013446547635161,8,16,3,0,0.0,0.0,0.0,0.5,1.0,0.1875,0.0,mobile,macos,chrome
DEV_005501,8,0,0,0,0,479.21999999999997,59.902499999999996,40.459999999999994,0.07096270831352638,0.4678376487336505,3,6,1,0,0.0,0.0,0.0,0.375,0.75,0.125,0.0,desktop,ios,chrome
DEV_000683,3,0,0,0,0,399.2,133.06666666666666,112.92,0.07080535192031044,0.0977868297395438,1,2,0,0,0.0,0.0,0.0,0.3333333333333333,0.6666666666666666,0.0,0.0,desktop,android,firefox
DEV_001907,14,0,0,0,1,1782.01,127.28642857142857,70.1,0.07077697567282851,0.7774752796699322,8,13,4,14,0.0,0.0,0.0,0.5714285714285714,0.9285714285714286,0.2857142857142857,1.0,mobile,ios,safari
DEV_004014,17,1,1,1,0,1560.6200000000001,91.80117647058825,52.22,0.07075316651797943,0.9815362008719308,9,17,3,0,0.058823529411764705,0.058823529411764705,0.058823529411764705,0.5294117647058824,1.0,0.17647058823529413,0.0,mobile,windows,chrome
DEV_006765,10,0,0,0,0,1077.52,107.752,71.91499999999999,0.07055489450503619,0.619628925780598,6,10,0,0,0.0,0.0,0.0,0.6,1.0,0.0,0.0,desktop,android,safari
DEV_006753,6,0,0,0,0,729.71,121.61833333333334,102.305,0.07037321343800938,0.3904736384579527,4,6,1,0,0.0,0.0,0.0,0.6666666666666666,1.0,0.16666666666666666,0.0,mobile,android,safari
DEV_007152,8,0,0,0,0,713.96,89.245,36.93,0.07031373071735379,0.296684830963016,5,8,3,0,0.0,0.0,0.0,0.625,1.0,0.375,0.0,mobile,windows,safari
DEV_005373,9,0,0,0,0,800.65,88.96111111111111,40.86,0.07023404991078808,0.3964187603719816,7,9,2,9,0.0,0.0,0.0,0.7777777777777778,1.0,0.2222222222222222,1.0,mobile,windows,chrome
DEV_000751,9,0,0,0,0,1256.8,139.64444444444445,52.15,0.07013738536428021,0.352017619158567,5,6,3,0,0.0,0.0,0.0,0.5555555555555556,0.6666666666666666,0.3333333333333333,0.0,mobile,ios,safari
DEV_006624,20,0,0,0,1,2652.73,132.6365,84.13499999999999,0.07009997652199178,0.7676023431495003,10,16,4,0,0.0,0.0,0.0,0.5,0.8,0.2,0.0,mobile,macos,chrome
DEV_005591,12,0,0,0,0,1487.73,123.9775,27.79,0.07004627447708058,0.6881089183876735,6,10,4,0,0.0,0.0,0.0,0.5,0.8333333333333334,0.3333333333333333,0.0,desktop,windows,chrome
DEV_001098,6,0,0,0,0,361.33,60.221666666666664,54.635000000000005,0.0699858041938502,0.2388582287601729,6,6,2,6,0.0,0.0,0.0,1.0,1.0,0.3333333333333333,1.0,desktop,android,firefox
DEV_001564,13,1,0,0,0,1180.8600000000001,90.83538461538463,58.7,0.06994085431347866,0.3833860771896352,11,11,1,13,0.07692307692307693,0.0,0.0,0.8461538461538461,0.8461538461538461,0.07692307692307693,1.0,mobile,ios,chrome
DEV_007113,14,0,0,0,1,933.11,66.65071428571429,52.895,0.06986156576454212,0.7857900856897422,7,14,1,0,0.0,0.0,0.0,0.5,1.0,0.07142857142857142,0.0,mobile,ios,chrome
DEV_005788,14,0,0,0,1,1709.0,122.07142857142857,106.0,0.06986000668411493,0.8313306991031408,12,14,4,0,0.0,0.0,0.0,0.8571428571428571,1.0,0.2857142857142857,0.0,desktop,macos,chrome
DEV_007530,11,0,0,0,0,1007.51,91.59181818181818,104.61,0.06985090914301534,0.6742624123966934,4,10,2,0,0.0,0.0,0.0,0.36363636363636365,0.9090909090909091,0.18181818181818182,0.0,desktop,android,safari
DEV_007702,8,0,0,0,0,688.46,86.0575,42.21,0.06977061342622175,0.5067355589304353,2,8,1,0,0.0,0.0,0.0,0.25,1.0,0.125,0.0,mobile,android,chrome
DEV_000945,15,1,1,1,0,1169.76,77.984,32.67,0.06965681948389535,0.9911863791213924,7,10,1,0,0.06666666666666667,0.06666666666666667,0.06666666666666667,0.4666666666666667,0.6666666666666666,0.06666666666666667,0.0,mobile,android,edge
DEV_004392,14,0,0,0,1,1213.61,86.68642857142856,59.815,0.06957746632983208,0.8849541457968718,6,10,3,0,0.0,0.0,0.0,0.42857142857142855,0.7142857142857143,0.21428571428571427,0.0,mobile,ios,chrome
DEV_001649,20,1,1,1,0,3459.0,172.95,93.84,0.06948157615549315,0.9444517750195344,8,15,5,0,0.05,0.05,0.05,0.4,0.75,0.25,0.0,mobile,macos,firefox
DEV_004705,9,0,0,0,0,1154.48,128.27555555555557,30.96,0.06940114236826954,0.3752484153506973,3,9,4,0,0.0,0.0,0.0,0.3333333333333333,1.0,0.4444444444444444,0.0,desktop,macos,safari
DEV_005969,6,0,0,0,0,871.09,145.18166666666667,100.48,0.0693613619796067,0.2033541573052549,2,4,0,6,0.0,0.0,0.0,0.3333333333333333,0.6666666666666666,0.0,1.0,desktop,android,safari
DEV_006046,6,0,0,0,0,514.01,85.66833333333334,62.004999999999995,0.06935110474928173,0.3747832895995013,3,6,3,0,0.0,0.0,0.0,0.5,1.0,0.5,0.0,desktop,macos,safari
DEV_006891,16,1,0,0,0,1994.57,124.660625,69.3,0.06930935787792664,0.5866491893133702,7,15,4,0,0.0625,0.0,0.0,0.4375,0.9375,0.25,0.0,mobile,android,chrome
DEV_000171,11,0,0,0,0,794.58,72.23454545454545,39.67,0.0693070540357417,0.2981856131652121,5,10,1,11,0.0,0.0,0.0,0.45454545454545453,0.9090909090909091,0.09090909090909091,1.0,mobile,android,firefox
DEV_004213,5,1,0,0,0,525.5,105.1,93.56,0.06929147414667128,0.2446663683748589,3,5,1,0,0.2,0.0,0.0,0.6,1.0,0.2,0.0,mobile,android,edge
DEV_007291,13,0,0,0,1,1142.77,87.90538461538462,58.57,0.0692775810222135,0.8661408577475082,5,12,3,0,0.0,0.0,0.0,0.38461538461538464,0.9230769230769231,0.23076923076923078,0.0,mobile,windows,chrome
DEV_004299,11,0,0,0,0,1242.8,112.98181818181818,112.67,0.0691751319200759,0.6965910216108293,6,9,4,0,0.0,0.0,0.0,0.5454545454545454,0.8181818181818182,0.36363636363636365,0.0,mobile,macos,firefox
DEV_007353,25,0,0,0,0,2091.25,83.65,42.87,0.06916543078420369,0.6708962957793019,8,25,2,0,0.0,0.0,0.0,0.32,1.0,0.08,0.0,mobile,macos,chrome
DEV_004399,7,0,0,0,0,802.0,114.57142857142857,113.4,0.0691138977667534,0.3870882129169223,3,6,1,0,0.0,0.0,0.0,0.42857142857142855,0.8571428571428571,0.14285714285714285,0.0,mobile,android,chrome
DEV_003090,14,0,0,0,1,1818.26,129.87571428571428,86.54499999999999,0.06905773366402083,0.813100875333803,11,14,2,0,0.0,0.0,0.0,0.7857142857142857,1.0,0.14285714285714285,0.0,mobile,windows,chrome
DEV_006444,14,0,0,0,1,1355.76,96.84,75.655,0.06896997316772444,0.771553193660561,8,14,1,0,0.0,0.0,0.0,0.5714285714285714,1.0,0.07142857142857142,0.0,mobile,ios,chrome
DEV_006667,19,0,0,0,1,2873.4,151.23157894736843,97.85,0.06893129089073635,0.8157020644988426,13,19,1,0,0.0,0.0,0.0,0.6842105263157895,1.0,0.05263157894736842,0.0,mobile,windows,safari
DEV_002329,6,0,0,0,0,1710.82,285.13666666666666,258.255,0.06888254582524825,0.1785220147152036,4,6,2,0,0.0,0.0,0.0,0.6666666666666666,1.0,0.3333333333333333,0.0,mobile,ios,chrome
DEV_003032,11,0,0,0,0,949.66,86.33272727272727,48.73,0.06884573347601344,0.2798316610999064,5,11,3,0,0.0,0.0,0.0,0.45454545454545453,1.0,0.2727272727272727,0.0,mobile,ios,chrome
DEV_004376,14,0,0,0,1,3916.78,279.77000000000004,198.935,0.06883807374903507,0.7870117310018406,10,14,1,0,0.0,0.0,0.0,0.7142857142857143,1.0,0.07142857142857142,0.0,desktop,windows,chrome
DEV_007017,15,0,0,0,0,2136.64,142.44266666666667,128.58,0.0686944780201187,0.3489005614891632,6,14,2,0,0.0,0.0,0.0,0.4,0.9333333333333333,0.13333333333333333,0.0,mobile,ios,safari
DEV_007797,12,0,0,0,0,1930.37,160.86416666666665,137.03,0.06854003098646531,0.686123435917992,5,11,4,0,0.0,0.0,0.0,0.4166666666666667,0.9166666666666666,0.3333333333333333,0.0,desktop,macos,chrome
DEV_000946,11,0,0,0,0,679.95,61.81363636363637,47.91,0.06848388498835445,0.4864109640730688,9,11,5,0,0.0,0.0,0.0,0.8181818181818182,1.0,0.45454545454545453,0.0,mobile,ios,chrome
DEV_003228,13,0,0,0,1,2693.58,207.19846153846154,70.94,0.06844483579015367,0.713883330790509,7,13,3,0,0.0,0.0,0.0,0.5384615384615384,1.0,0.23076923076923078,0.0,mobile,ios,safari
DEV_004941,5,0,0,0,0,554.68,110.93599999999999,63.96,0.06840546588810846,0.1776857916636439,3,4,1,5,0.0,0.0,0.0,0.6,0.8,0.2,1.0,mobile,ios,chrome
DEV_005037,12,0,0,0,0,624.28,52.02333333333333,44.540000000000006,0.06838854695935924,0.3763283493913707,11,12,2,12,0.0,0.0,0.0,0.9166666666666666,1.0,0.16666666666666666,1.0,mobile,windows,chrome
DEV_003923,12,0,0,0,0,2334.33,194.5275,109.77,0.06838437725215829,0.6202213776718439,10,11,4,0,0.0,0.0,0.0,0.8333333333333334,0.9166666666666666,0.3333333333333333,0.0,mobile,ios,firefox
DEV_004718,15,1,1,1,0,1222.29,81.486,58.45,0.0682617460988519,0.9190144499425416,4,14,4,0,0.06666666666666667,0.06666666666666667,0.06666666666666667,0.26666666666666666,0.9333333333333333,0.26666666666666666,0.0,mobile,windows,firefox
DEV_004290,20,0,0,0,1,2069.23,103.4615,86.0,0.06825129565379631,0.8050941699912771,10,19,4,0,0.0,0.0,0.0,0.5,0.95,0.2,0.0,tablet,macos,safari
DEV_006332,14,0,0,0,1,1341.05,95.78928571428571,65.91499999999999,0.06818407932373452,0.8538095923139214,7,14,1,0,0.0,0.0,0.0,0.5,1.0,0.07142857142857142,0.0,mobile,macos,chrome
DEV_000050,16,0,1,1,0,2186.39,136.649375,65.15,0.0681264559695363,0.9508541880627586,8,12,2,0,0.0,0.0625,0.0625,0.5,0.75,0.125,0.0,tablet,ios,firefox
DEV_002403,9,0,0,0,0,783.47,87.05222222222223,50.4,0.06803519477741084,0.2910875383181028,4,9,1,9,0.0,0.0,0.0,0.4444444444444444,1.0,0.1111111111111111,1.0,mobile,ios,safari
DEV_000162,11,1,0,0,0,1646.72,149.7018181818182,79.13,0.06799670186771517,0.4690401718297394,7,11,0,11,0.09090909090909091,0.0,0.0,0.6363636363636364,1.0,0.0,1.0,mobile,android,firefox
DEV_003521,12,0,0,0,1,1420.67,118.38916666666667,95.43,0.06796914869808666,0.733813894410477,2,8,2,0,0.0,0.0,0.0,0.16666666666666666,0.6666666666666666,0.16666666666666666,0.0,desktop,ios,safari
DEV_001933,3,0,0,0,0,357.21000000000004,119.07000000000001,113.75,0.06793401861664863,0.1240254318993045,1,3,1,0,0.0,0.0,0.0,0.3333333333333333,1.0,0.3333333333333333,0.0,tablet,ios,firefox
DEV_005268,8,0,0,0,0,532.99,66.62375,61.58,0.06787610025098545,0.2174211168143611,1,1,0,8,0.0,0.0,0.0,0.125,0.125,0.0,1.0,mobile,android,chrome
DEV_000278,14,0,0,0,1,1788.26,127.73285714285714,98.425,0.06781774773154148,0.8290808728346024,5,11,2,0,0.0,0.0,0.0,0.35714285714285715,0.7857142857142857,0.14285714285714285,0.0,mobile,android,chrome
DEV_006000,11,1,0,0,0,1208.06,109.82363636363635,56.08,0.0677244685538783,0.4728243078878744,3,8,2,0,0.09090909090909091,0.0,0.0,0.2727272727272727,0.7272727272727273,0.18181818181818182,0.0,tablet,macos,chrome
DEV_007714,3,0,0,0,0,732.13,244.04333333333332,215.59,0.0677117524605345,0.1785023331056652,0,2,0,3,0.0,0.0,0.0,0.0,0.6666666666666666,0.0,1.0,mobile,android,chrome
DEV_006715,12,0,0,0,1,795.5500000000001,66.29583333333333,51.085,0.06769362448554928,0.7971663471386197,7,12,2,0,0.0,0.0,0.0,0.5833333333333334,1.0,0.16666666666666666,0.0,mobile,macos,firefox
DEV_000400,12,0,0,0,0,2268.59,189.04916666666668,147.14,0.06765365034922118,0.4977071218263939,5,12,3,12,0.0,0.0,0.0,0.4166666666666667,1.0,0.25,1.0,mobile,android,firefox
DEV_003668,7,0,0,0,0,974.0,139.14285714285714,86.63,0.06758904585889326,0.4574690587018638,1,7,1,0,0.0,0.0,0.0,0.14285714285714285,1.0,0.14285714285714285,0.0,desktop,android,safari
DEV_007137,15,0,1,1,0,1650.54,110.036,92.16,0.06757534238518456,0.9051657155965108,6,15,3,0,0.0,0.06666666666666667,0.06666666666666667,0.4,1.0,0.2,0.0,mobile,android,chrome
DEV_001913,23,0,0,0,0,3470.62,150.89652173913043,94.03,0.0675263276237872,0.4872319696823681,6,23,2,0,0.0,0.0,0.0,0.2608695652173913,1.0,0.08695652173913043,0.0,desktop,windows,safari
DEV_002043,11,0,0,0,0,822.12,74.73818181818181,64.58,0.06741370752829591,0.3929029821063436,5,11,2,11,0.0,0.0,0.0,0.45454545454545453,1.0,0.18181818181818182,1.0,mobile,windows,chrome
DEV_003874,5,0,0,0,0,508.01,101.602,60.99,0.06740611185231347,0.1831819419467339,3,4,0,0,0.0,0.0,0.0,0.6,0.8,0.0,0.0,desktop,macos,firefox
DEV_004839,7,0,0,0,0,522.11,74.58714285714287,67.94,0.06733162579335188,0.281411821250591,4,7,0,7,0.0,0.0,0.0,0.5714285714285714,1.0,0.0,1.0,mobile,ios,chrome
DEV_005526,9,0,0,0,0,646.73,71.85888888888888,22.46,0.06718416080468397,0.5788610841603312,2,7,1,0,0.0,0.0,0.0,0.2222222222222222,0.7777777777777778,0.1111111111111111,0.0,mobile,ios,chrome
DEV_003726,8,0,0,0,0,820.87,102.60875,65.21,0.06715841485174473,0.4184520313110271,2,4,2,8,0.0,0.0,0.0,0.25,0.5,0.25,1.0,mobile,windows,chrome
DEV_000324,7,0,0,0,0,653.08,93.29714285714286,70.29,0.06714635564295215,0.3412060242749002,2,3,0,0,0.0,0.0,0.0,0.2857142857142857,0.42857142857142855,0.0,0.0,mobile,macos,edge
DEV_002242,9,0,0,0,0,2068.26,229.8066666666667,171.67,0.06713502963541154,0.2033107021032104,7,9,1,9,0.0,0.0,0.0,0.7777777777777778,1.0,0.1111111111111111,1.0,mobile,android,edge
DEV_002239,5,0,0,0,0,433.18,86.636,42.2,0.06712021676811077,0.2611686987820883,1,2,0,0,0.0,0.0,0.0,0.2,0.4,0.0,0.0,mobile,windows,chrome
DEV_006033,12,0,0,0,1,865.45,72.12083333333334,78.13,0.06708736782196208,0.759213352633817,4,11,0,0,0.0,0.0,0.0,0.3333333333333333,0.9166666666666666,0.0,0.0,desktop,android,firefox
DEV_002386,9,0,0,0,0,2520.55,280.06111111111113,208.59,0.06705841727256885,0.3337253936611046,9,9,2,0,0.0,0.0,0.0,1.0,1.0,0.2222222222222222,0.0,desktop,ios,chrome
DEV_004326,19,0,1,1,0,2652.15,139.58684210526317,119.27,0.06705440402768748,0.9155928701491228,10,19,4,0,0.0,0.05263157894736842,0.05263157894736842,0.5263157894736842,1.0,0.21052631578947367,0.0,mobile,ios,edge
DEV_005304,22,0,0,0,0,2160.55,98.20681818181819,64.775,0.06701238261757579,0.612421939413952,13,21,4,0,0.0,0.0,0.0,0.5909090909090909,0.9545454545454546,0.18181818181818182,0.0,mobile,ios,safari
DEV_007513,6,0,0,0,0,362.23,60.37166666666667,54.96,0.06691565470555141,0.2136178374520834,4,6,0,6,0.0,0.0,0.0,0.6666666666666666,1.0,0.0,1.0,desktop,android,safari
DEV_005009,3,0,0,0,0,194.79,64.92999999999999,63.52,0.0668879209293526,0.1987403365392153,1,3,1,0,0.0,0.0,0.0,0.3333333333333333,1.0,0.3333333333333333,0.0,desktop,android,safari
DEV_004948,13,0,0,0,0,1131.65,87.05000000000001,46.05,0.06687852832421465,0.5996474659735115,7,12,2,0,0.0,0.0,0.0,0.5384615384615384,0.9230769230769231,0.15384615384615385,0.0,desktop,android,chrome
DEV_004057,5,0,0,0,0,397.95,79.59,54.52,0.0668167695361791,0.2856198729985487,3,4,0,0,0.0,0.0,0.0,0.6,0.8,0.0,0.0,tablet,windows,chrome
DEV_003344,3,0,0,0,0,89.45,29.816666666666666,29.63,0.0667807478799926,0.1445797187647475,3,3,0,3,0.0,0.0,0.0,1.0,1.0,0.0,1.0,mobile,android,safari
DEV_007825,9,0,0,0,0,1428.97,158.77444444444444,96.0,0.06675579449445303,0.3291257270880366,3,9,1,0,0.0,0.0,0.0,0.3333333333333333,1.0,0.1111111111111111,0.0,mobile,macos,edge
DEV_000907,19,1,0,0,1,2533.65,133.35,127.27,0.06672437936324617,0.8167533077973098,14,19,0,0,0.05263157894736842,0.0,0.0,0.7368421052631579,1.0,0.0,0.0,mobile,linux,safari
DEV_002144,7,0,0,0,0,836.79,119.54142857142857,107.12,0.06667498335779139,0.2796839741020341,7,7,0,0,0.0,0.0,0.0,1.0,1.0,0.0,0.0,mobile,ios,chrome
DEV_000769,15,0,0,0,0,976.39,65.09266666666666,45.99,0.0666627886061166,0.6839285489886652,11,14,4,0,0.0,0.0,0.0,0.7333333333333333,0.9333333333333333,0.26666666666666666,0.0,mobile,android,firefox
DEV_007267,11,0,0,0,0,2711.88,246.53454545454545,195.9,0.06663214513470148,0.2624353492272414,7,11,1,0,0.0,0.0,0.0,0.6363636363636364,1.0,0.09090909090909091,0.0,desktop,windows,chrome
DEV_005339,17,0,0,0,0,2437.72,143.39529411764704,58.44,0.06656856024393296,0.6414510447888911,8,17,2,0,0.0,0.0,0.0,0.47058823529411764,1.0,0.11764705882352941,0.0,mobile,android,edge
DEV_002831,5,0,0,0,0,486.18,97.236,58.87,0.06648940691841852,0.3063573278619423,2,5,1,5,0.0,0.0,0.0,0.4,1.0,0.2,1.0,tablet,android,chrome
DEV_006970,13,1,0,0,0,857.14,65.93384615384615,48.47,0.06641555153793552,0.4187262322927989,7,13,3,0,0.07692307692307693,0.0,0.0,0.5384615384615384,1.0,0.23076923076923078,0.0,desktop,windows,chrome
DEV_007816,29,2,1,1,0,2524.38,87.04758620689655,58.89,0.06637837787789493,0.9174619110935892,14,29,6,0,0.06896551724137931,0.034482758620689655,0.034482758620689655,0.4827586206896552,1.0,0.20689655172413793,0.0,mobile,ios,chrome
DEV_007244,10,0,0,0,0,1842.8700000000001,184.287,103.425,0.06636901829702277,0.6130209568660288,5,8,1,0,0.0,0.0,0.0,0.5,0.8,0.1,0.0,mobile,android,chrome
DEV_004424,8,0,0,0,0,855.36,106.92,95.22999999999999,0.06636723875876047,0.2438531334075116,4,8,0,8,0.0,0.0,0.0,0.5,1.0,0.0,1.0,desktop,windows,edge
DEV_002888,11,0,0,0,0,574.18,52.198181818181816,33.02,0.06632173879594165,0.6278417392033766,5,9,1,0,0.0,0.0,0.0,0.45454545454545453,0.8181818181818182,0.09090909090909091,0.0,mobile,windows,chrome
DEV_006768,16,0,0,0,1,1714.3,107.14375,85.945,0.06622271505602607,0.76816467789052,8,15,1,0,0.0,0.0,0.0,0.5,0.9375,0.0625,0.0,mobile,android,safari
DEV_006081,21,1,1,1,0,1429.8999999999999,68.09047619047618,33.09,0.06621802421934667,0.9514364087840352,8,17,8,0,0.047619047619047616,0.047619047619047616,0.047619047619047616,0.38095238095238093,0.8095238095238095,0.38095238095238093,0.0,mobile,windows,safari
DEV_005625,9,0,0,0,0,1707.23,189.69222222222223,146.44,0.06620730442595636,0.4147577453915602,4,9,2,0,0.0,0.0,0.0,0.4444444444444444,1.0,0.2222222222222222,0.0,mobile,macos,firefox
DEV_000719,15,0,0,0,0,752.37,50.158,36.68,0.06619655038912878,0.4513256678200486,9,15,2,15,0.0,0.0,0.0,0.6,1.0,0.13333333333333333,1.0,mobile,android,chrome
DEV_003669,7,0,0,0,0,896.4300000000001,128.0614285714286,64.44,0.06616878557787707,0.2693736729052265,7,7,1,0,0.0,0.0,0.0,1.0,1.0,0.14285714285714285,0.0,mobile,windows,chrome
DEV_005629,15,0,0,0,0,859.59,57.306000000000004,33.56,0.06613333187924102,0.5099022995651763,6,14,2,0,0.0,0.0,0.0,0.4,0.9333333333333333,0.13333333333333333,0.0,desktop,macos,chrome
DEV_001863,16,1,0,0,1,2204.94,137.80875,106.805,0.06612284734899893,0.7121976957526187,8,13,1,0,0.0625,0.0,0.0,0.5,0.8125,0.0625,0.0,tablet,windows,safari
DEV_000957,3,0,0,0,0,979.9000000000001,326.6333333333334,260.04,0.06601791428788227,0.1677742767048735,2,2,1,0,0.0,0.0,0.0,0.6666666666666666,0.6666666666666666,0.3333333333333333,0.0,desktop,android,safari
DEV_007220,10,0,0,0,0,1001.46,100.146,64.005,0.06601430466258587,0.4473760496740872,5,10,3,0,0.0,0.0,0.0,0.5,1.0,0.3,0.0,mobile,macos,chrome
DEV_006607,4,0,0,0,0,512.24,128.06,125.565,0.06597764731386045,0.2369884779708845,4,4,0,4,0.0,0.0,0.0,1.0,1.0,0.0,1.0,desktop,android,firefox
DEV_006502,16,0,0,0,0,1089.01,68.063125,41.825,0.06596735663418844,0.3755701350445948,5,16,3,0,0.0,0.0,0.0,0.3125,1.0,0.1875,0.0,mobile,android,chrome
DEV_005556,24,0,0,0,0,2854.72,118.94666666666666,85.945,0.06589464155298841,0.6174943762811503,15,23,3,0,0.0,0.0,0.0,0.625,0.9583333333333334,0.125,0.0,mobile,android,safari
DEV_006087,12,1,0,0,0,1435.52,119.62666666666667,109.05,0.06580539981937537,0.5143017070486022,6,12,4,0,0.08333333333333333,0.0,0.0,0.5,1.0,0.3333333333333333,0.0,mobile,ios,safari
DEV_003819,7,1,0,0,0,1139.81,162.82999999999998,79.51,0.06579755359989907,0.2949499930015733,4,6,2,0,0.14285714285714285,0.0,0.0,0.5714285714285714,0.8571428571428571,0.2857142857142857,0.0,mobile,ios,safari
DEV_003759,7,0,0,0,0,417.65999999999997,59.66571428571428,43.58,0.06577468738844708,0.2737302715644277,3,6,1,0,0.0,0.0,0.0,0.42857142857142855,0.8571428571428571,0.14285714285714285,0.0,mobile,macos,chrome
DEV_005780,7,0,0,0,0,247.09,35.29857142857143,30.14,0.06577021619380749,0.1524164629025243,5,7,2,0,0.0,0.0,0.0,0.7142857142857143,1.0,0.2857142857142857,0.0,mobile,macos,chrome
DEV_004624,9,0,0,0,0,2058.3,228.70000000000002,142.57,0.06575288462006325,0.510705960881867,3,7,2,0,0.0,0.0,0.0,0.3333333333333333,0.7777777777777778,0.2222222222222222,0.0,tablet,macos,safari
DEV_001333,8,0,0,0,0,996.41,124.55125,97.41000000000001,0.06559044145954333,0.3714740988557705,4,7,2,0,0.0,0.0,0.0,0.5,0.875,0.25,0.0,mobile,android,safari
DEV_001405,13,0,0,0,1,1352.48,104.03692307692307,67.52,0.06554995636704379,0.7245527864240418,9,12,3,13,0.0,0.0,0.0,0.6923076923076923,0.9230769230769231,0.23076923076923078,1.0,mobile,ios,edge
DEV_003673,11,0,0,0,0,1582.1,143.8272727272727,112.68,0.06545885759837695,0.6711061956981191,4,11,2,0,0.0,0.0,0.0,0.36363636363636365,1.0,0.18181818181818182,0.0,tablet,android,safari
DEV_007310,18,1,1,1,0,1978.85,109.9361111111111,99.72,0.06544217833193357,0.9868479231695652,5,16,3,0,0.05555555555555555,0.05555555555555555,0.05555555555555555,0.2777777777777778,0.8888888888888888,0.16666666666666666,0.0,mobile,ios,safari
DEV_003411,15,0,0,0,0,2072.2000000000003,138.14666666666668,81.2,0.06542714984401958,0.519899598165193,11,15,3,0,0.0,0.0,0.0,0.7333333333333333,1.0,0.2,0.0,mobile,windows,safari
DEV_006031,13,0,0,0,1,1880.94,144.68769230769232,129.97,0.06536728486472453,0.8063573207107521,9,13,4,0,0.0,0.0,0.0,0.6923076923076923,1.0,0.3076923076923077,0.0,mobile,android,chrome
DEV_006568,12,0,0,0,1,2398.87,199.90583333333333,150.68,0.06535805187172707,0.7493176651248604,5,12,2,0,0.0,0.0,0.0,0.4166666666666667,1.0,0.16666666666666666,0.0,desktop,android,chrome
DEV_004884,4,0,0,0,0,684.4100000000001,171.10250000000002,174.45,0.0653333522688522,0.1997850009820648,3,4,0,0,0.0,0.0,0.0,0.75,1.0,0.0,0.0,desktop,android,chrome
DEV_007499,4,0,0,0,0,158.07999999999998,39.519999999999996,36.504999999999995,0.06532808738540008,0.1426338273796768,2,4,2,0,0.0,0.0,0.0,0.5,1.0,0.5,0.0,mobile,android,chrome
DEV_001306,14,0,0,0,1,1442.81,103.05785714285715,74.15,0.06531080438060773,0.7652516730793776,7,14,2,0,0.0,0.0,0.0,0.5,1.0,0.14285714285714285,0.0,tablet,ios,safari
DEV_005316,3,0,0,0,0,366.18,122.06,148.85,0.06527569598438089,0.1189704044883439,2,3,0,3,0.0,0.0,0.0,0.6666666666666666,1.0,0.0,1.0,mobile,macos,chrome
DEV_000396,16,0,1,1,0,2223.0699999999997,138.94187499999998,84.215,0.06523429389974655,0.9341739491204925,12,16,1,0,0.0,0.0625,0.0625,0.75,1.0,0.0625,0.0,mobile,android,firefox
DEV_004600,4,0,0,0,0,593.0100000000001,148.25250000000003,122.275,0.06519468983058935,0.0948859180514684,4,4,0,4,0.0,0.0,0.0,1.0,1.0,0.0,1.0,desktop,linux,edge
DEV_003663,12,0,0,0,1,1156.6200000000001,96.385,67.7,0.06518409333775486,0.7460414944631059,5,10,2,0,0.0,0.0,0.0,0.4166666666666667,0.8333333333333334,0.16666666666666666,0.0,mobile,android,firefox
DEV_002570,7,0,0,0,0,851.03,121.57571428571428,110.82,0.06513140449367764,0.4369167379990751,5,7,2,0,0.0,0.0,0.0,0.7142857142857143,1.0,0.2857142857142857,0.0,mobile,windows,firefox
DEV_005257,8,0,0,0,0,2202.59,275.32375,206.18,0.06510279964497785,0.4792826227181099,4,8,0,0,0.0,0.0,0.0,0.5,1.0,0.0,0.0,mobile,macos,firefox
DEV_003113,8,0,0,0,0,1942.67,242.83375,247.23999999999998,0.06502964700882344,0.4556326566721432,3,8,0,0,0.0,0.0,0.0,0.375,1.0,0.0,0.0,tablet,ios,edge
DEV_002518,12,0,0,0,1,1497.89,124.82416666666667,98.36,0.06502067216490305,0.7552474103144255,4,11,1,0,0.0,0.0,0.0,0.3333333333333333,0.9166666666666666,0.08333333333333333,0.0,mobile,macos,chrome
DEV_002443,13,0,0,0,0,2055.21,158.09307692307692,107.6,0.06500362091459129,0.2347595439570649,4,13,1,13,0.0,0.0,0.0,0.3076923076923077,1.0,0.07692307692307693,1.0,mobile,android,chrome
DEV_004470,8,0,0,0,0,654.22,81.7775,80.445,0.0649835635787449,0.2045183516404991,4,8,0,0,0.0,0.0,0.0,0.5,1.0,0.0,0.0,mobile,windows,chrome
DEV_004261,19,1,1,1,0,4209.95,221.57631578947368,159.56,0.06473375874753787,0.9946530247002872,14,14,1,0,0.05263157894736842,0.05263157894736842,0.05263157894736842,0.7368421052631579,0.7368421052631579,0.05263157894736842,0.0,mobile,android,edge
DEV_003875,3,0,0,0,0,184.13,61.376666666666665,68.96,0.06465983341245284,0.1922580188526965,3,3,0,3,0.0,0.0,0.0,1.0,1.0,0.0,1.0,mobile,android,chrome
DEV_002499,13,0,0,0,0,814.3100000000001,62.63923076923077,61.06,0.06460103069034952,0.6319404533838354,7,12,3,0,0.0,0.0,0.0,0.5384615384615384,0.9230769230769231,0.23076923076923078,0.0,mobile,windows,chrome
DEV_000293,20,1,1,1,0,3017.11,150.8555,73.925,0.06452727469472687,0.9817450653500934,8,10,2,0,0.05,0.05,0.05,0.4,0.5,0.1,0.0,desktop,windows,chrome
DEV_001168,8,0,0,0,0,818.11,102.26375,81.34,0.0645256274872978,0.3751618281138058,3,6,0,8,0.0,0.0,0.0,0.375,0.75,0.0,1.0,mobile,macos,chrome
DEV_007475,7,0,0,0,0,394.69,56.38428571428572,52.75,0.06452191631370312,0.2781407301823583,1,7,4,0,0.0,0.0,0.0,0.14285714285714285,1.0,0.5714285714285714,0.0,mobile,android,chrome
DEV_002833,10,0,0,0,0,1348.8899999999999,134.88899999999998,60.504999999999995,0.0645007884433604,0.4147880449686245,4,10,3,0,0.0,0.0,0.0,0.4,1.0,0.3,0.0,mobile,android,firefox
DEV_000847,4,0,0,0,0,621.51,155.3775,100.585,0.06444260171262715,0.1361266290803162,2,4,2,0,0.0,0.0,0.0,0.5,1.0,0.5,0.0,tablet,windows,chrome
DEV_005417,9,0,0,0,0,611.67,67.96333333333332,44.44,0.0642856931168623,0.2975289168364585,5,8,1,0,0.0,0.0,0.0,0.5555555555555556,0.8888888888888888,0.1111111111111111,0.0,mobile,macos,chrome
DEV_007652,9,1,0,0,0,1054.3700000000001,117.15222222222224,41.64,0.06428281389924721,0.416965656684723,7,9,0,0,0.1111111111111111,0.0,0.0,0.7777777777777778,1.0,0.0,0.0,desktop,android,chrome
DEV_000439,14,0,0,0,1,952.0799999999999,68.00571428571428,65.235,0.0642739731512877,0.7047288130819888,8,14,3,0,0.0,0.0,0.0,0.5714285714285714,1.0,0.21428571428571427,0.0,mobile,android,chrome
DEV_003945,5,0,0,0,0,451.6,90.32000000000001,96.48,0.06425529647249452,0.2157527497414288,2,5,0,5,0.0,0.0,0.0,0.4,1.0,0.0,1.0,mobile,windows,firefox
DEV_006948,20,0,0,0,1,1738.26,86.913,60.4,0.06421824451194547,0.8516393568049693,11,16,4,0,0.0,0.0,0.0,0.55,0.8,0.2,0.0,mobile,android,safari
DEV_002765,16,1,0,0,0,2500.95,156.309375,69.87,0.06417488033579546,0.6190947118786719,7,15,4,0,0.0625,0.0,0.0,0.4375,0.9375,0.25,0.0,desktop,android,safari
DEV_007941,8,0,0,0,0,1267.92,158.49,139.385,0.0641644609187555,0.2807733862343389,4,5,1,8,0.0,0.0,0.0,0.5,0.625,0.125,1.0,desktop,android,edge
DEV_000136,20,1,1,1,0,1542.55,77.1275,55.19,0.06407908350898536,0.942933317636578,8,20,6,20,0.05,0.05,0.05,0.4,1.0,0.3,1.0,mobile,android,firefox
DEV_006359,8,0,0,0,0,733.2199999999999,91.65249999999999,84.865,0.0640782784228564,0.4558199698685052,4,7,3,0,0.0,0.0,0.0,0.5,0.875,0.375,0.0,mobile,android,chrome
DEV_006889,8,0,0,0,0,272.78,34.0975,23.585,0.06400046177600013,0.5021568393754098,3,8,4,0,0.0,0.0,0.0,0.375,1.0,0.5,0.0,mobile,ios,safari
DEV_005993,20,0,0,0,1,1320.65,66.0325,34.14,0.06392070961061619,0.7992399072436972,7,19,3,0,0.0,0.0,0.0,0.35,0.95,0.15,0.0,mobile,ios,chrome
DEV_001388,10,0,0,0,0,1836.9,183.69,144.43,0.06382751332887374,0.3887644664360941,8,10,2,0,0.0,0.0,0.0,0.8,1.0,0.2,0.0,desktop,android,edge
DEV_001777,9,0,0,0,0,826.17,91.79666666666667,81.23,0.06379970799309233,0.4506497730194415,4,7,2,0,0.0,0.0,0.0,0.4444444444444444,0.7777777777777778,0.2222222222222222,0.0,mobile,android,edge
DEV_003012,3,0,0,0,0,307.95000000000005,102.65000000000002,97.15,0.0637896138472312,0.1848200392602181,1,3,0,0,0.0,0.0,0.0,0.3333333333333333,1.0,0.0,0.0,mobile,android,safari
DEV_005964,6,0,0,0,0,1378.74,229.79,150.32,0.06376130765123077,0.3178635771864688,6,6,2,0,0.0,0.0,0.0,1.0,1.0,0.3333333333333333,0.0,desktop,macos,firefox
DEV_003099,7,0,0,0,0,1982.1100000000001,283.15857142857146,90.46,0.0637328107612618,0.2132432524403962,3,7,0,0,0.0,0.0,0.0,0.42857142857142855,1.0,0.0,0.0,desktop,macos,safari
DEV_003196,10,0,0,0,0,1513.84,151.384,138.39499999999998,0.06366857522599442,0.3009008130333524,5,10,1,10,0.0,0.0,0.0,0.5,1.0,0.1,1.0,mobile,ios,safari
DEV_007401,17,0,0,0,0,2485.51,146.2064705882353,133.08,0.0636416216481909,0.6816667119145656,9,17,5,0,0.0,0.0,0.0,0.5294117647058824,1.0,0.29411764705882354,0.0,mobile,ios,edge
DEV_005870,5,0,0,0,0,217.15,43.43,30.74,0.0635802341579924,0.1824943054853159,4,5,4,0,0.0,0.0,0.0,0.8,1.0,0.8,0.0,desktop,android,chrome
DEV_005851,12,0,0,0,0,1983.41,165.28416666666666,102.02000000000001,0.06354927024925021,0.5278438449718722,5,12,5,0,0.0,0.0,0.0,0.4166666666666667,1.0,0.4166666666666667,0.0,desktop,android,safari
DEV_004830,16,0,0,0,1,874.46,54.65375,34.82,0.06353425042396588,0.8063275290841014,6,8,1,0,0.0,0.0,0.0,0.375,0.5,0.0625,0.0,mobile,windows,safari
DEV_000596,22,0,0,0,0,2473.57,112.435,61.135,0.06347494864150191,0.6428470006445746,9,22,8,0,0.0,0.0,0.0,0.4090909090909091,1.0,0.36363636363636365,0.0,mobile,ios,chrome
DEV_006725,5,0,0,0,0,145.33,29.066000000000003,16.86,0.06334754200972711,0.1683041134064705,3,5,1,5,0.0,0.0,0.0,0.6,1.0,0.2,1.0,desktop,linux,firefox
DEV_001218,18,1,0,0,1,1706.69,94.81611111111111,72.47999999999999,0.06332559633421825,0.8335301443847764,14,18,3,0,0.05555555555555555,0.0,0.0,0.7777777777777778,1.0,0.16666666666666666,0.0,desktop,linux,firefox
DEV_005481,18,1,1,1,0,2910.8,161.7111111111111,95.08000000000001,0.06331865948864686,0.9891683153846388,10,16,1,0,0.05555555555555555,0.05555555555555555,0.05555555555555555,0.5555555555555556,0.8888888888888888,0.05555555555555555,0.0,mobile,android,safari
DEV_005511,3,0,0,0,0,1645.79,548.5966666666667,635.74,0.06326753983506876,0.1874907455489297,0,3,0,0,0.0,0.0,0.0,0.0,1.0,0.0,0.0,desktop,ios,firefox
DEV_003946,16,0,0,0,1,2648.81,165.550625,125.91,0.06316823445017078,0.7663914511533938,14,16,2,0,0.0,0.0,0.0,0.875,1.0,0.125,0.0,desktop,android,chrome
DEV_005395,7,0,0,0,0,732.62,104.66,57.47,0.06306940675794868,0.4012047310564505,1,5,1,0,0.0,0.0,0.0,0.14285714285714285,0.7142857142857143,0.14285714285714285,0.0,mobile,linux,chrome
DEV_005410,4,0,0,0,0,629.98,157.495,167.845,0.06306648637162983,0.2289293161924835,2,3,1,0,0.0,0.0,0.0,0.5,0.75,0.25,0.0,mobile,ios,chrome
DEV_001724,16,0,0,0,0,1319.1499999999999,82.44687499999999,47.989999999999995,0.06293215158971122,0.4720833748504626,6,12,4,0,0.0,0.0,0.0,0.375,0.75,0.25,0.0,mobile,ios,firefox
DEV_000371,7,0,0,0,0,399.37,57.05285714285714,59.98,0.0629050223902611,0.2814838786117125,2,5,1,7,0.0,0.0,0.0,0.2857142857142857,0.7142857142857143,0.14285714285714285,1.0,mobile,macos,chrome
DEV_000082,16,1,0,0,0,1471.71,91.981875,67.545,0.06288929722655719,0.5612819107886761,5,13,1,0,0.0625,0.0,0.0,0.3125,0.8125,0.0625,0.0,desktop,android,firefox
DEV_004587,14,0,0,0,0,2657.22,189.80142857142854,154.01,0.06281338146021749,0.6706884478431853,8,14,3,0,0.0,0.0,0.0,0.5714285714285714,1.0,0.21428571428571427,0.0,mobile,android,safari
DEV_003016,18,0,0,0,0,1730.6100000000001,96.14500000000001,52.09,0.06279835968447905,0.4883532848754257,3,18,2,18,0.0,0.0,0.0,0.16666666666666666,1.0,0.1111111111111111,1.0,mobile,windows,chrome
DEV_005641,19,0,0,0,1,3840.29,202.12052631578948,107.46,0.06279601411701083,0.7972686701552848,7,19,3,0,0.0,0.0,0.0,0.3684210526315789,1.0,0.15789473684210525,0.0,mobile,android,safari
DEV_000949,11,0,0,0,0,480.7,43.699999999999996,33.93,0.06276160745961203,0.5442155837703503,2,3,0,0,0.0,0.0,0.0,0.18181818181818182,0.2727272727272727,0.0,0.0,mobile,windows,safari
DEV_000357,13,0,0,0,0,1453.51,111.80846153846154,61.01,0.06273356560032312,0.3331454937165212,7,10,0,0,0.0,0.0,0.0,0.5384615384615384,0.7692307692307693,0.0,0.0,mobile,macos,chrome
DEV_002268,3,0,0,0,0,447.94,149.31333333333333,71.16,0.06269422681368773,0.1866010079421788,1,3,1,3,0.0,0.0,0.0,0.3333333333333333,1.0,0.3333333333333333,1.0,mobile,android,firefox
DEV_002547,6,0,0,0,0,244.67,40.77833333333333,36.435,0.0626379722373986,0.3631247083032746,2,5,2,0,0.0,0.0,0.0,0.3333333333333333,0.8333333333333334,0.3333333333333333,0.0,mobile,ios,safari
DEV_006774,8,0,0,0,0,701.81,87.72625,83.445,0.06263718835395145,0.4911904744501935,3,5,1,8,0.0,0.0,0.0,0.375,0.625,0.125,1.0,desktop,android,chrome
DEV_000750,11,0,0,0,0,1801.34,163.7581818181818,160.79,0.06262699313468247,0.3799358145056571,6,11,1,11,0.0,0.0,0.0,0.5454545454545454,1.0,0.09090909090909091,1.0,mobile,linux,edge
DEV_003207,4,0,0,0,0,787.64,196.91,177.41,0.06258710739328414,0.2456924389209084,2,4,0,4,0.0,0.0,0.0,0.5,1.0,0.0,1.0,mobile,windows,chrome
DEV_001769,11,0,0,0,0,1118.02,101.63818181818182,50.73,0.06257444628151733,0.5915879589053381,3,9,2,0,0.0,0.0,0.0,0.2727272727272727,0.8181818181818182,0.18181818181818182,0.0,mobile,windows,firefox
DEV_002470,7,0,0,0,0,379.88,54.26857142857143,28.95,0.06257401747027191,0.4338482102478702,2,3,1,7,0.0,0.0,0.0,0.2857142857142857,0.42857142857142855,0.14285714285714285,1.0,mobile,ios,chrome
DEV_002182,11,0,0,0,0,1435.04,130.45818181818183,112.3,0.0624425488330605,0.4563238603252265,4,7,2,0,0.0,0.0,0.0,0.36363636363636365,0.6363636363636364,0.18181818181818182,0.0,mobile,ios,edge
DEV_007243,12,0,0,0,1,1385.03,115.41916666666667,110.94,0.062372160882116195,0.7055183325803664,4,7,1,0,0.0,0.0,0.0,0.3333333333333333,0.5833333333333334,0.08333333333333333,0.0,mobile,ios,chrome
DEV_001136,5,0,0,0,0,563.75,112.75,78.23,0.062346553059261525,0.2746787218590183,2,4,1,5,0.0,0.0,0.0,0.4,0.8,0.2,1.0,mobile,windows,edge
DEV_001093,4,0,0,0,0,515.81,128.9525,115.38,0.06227999521206187,0.0945230185641557,3,4,0,0,0.0,0.0,0.0,0.75,1.0,0.0,0.0,mobile,android,chrome
DEV_007919,6,0,0,0,0,1436.82,239.47,173.315,0.06227656448555071,0.2868858313407196,2,2,1,6,0.0,0.0,0.0,0.3333333333333333,0.3333333333333333,0.16666666666666666,1.0,mobile,android,firefox
DEV_003483,4,0,0,0,0,95.21000000000001,23.802500000000002,12.505,0.06224670044394572,0.245932953006345,1,4,0,4,0.0,0.0,0.0,0.25,1.0,0.0,1.0,mobile,macos,chrome
DEV_005271,3,0,0,0,0,355.57,118.52333333333333,102.5,0.0620928948892726,0.1317252207332253,3,3,1,0,0.0,0.0,0.0,1.0,1.0,0.3333333333333333,0.0,mobile,android,firefox
DEV_004653,10,0,0,0,0,1507.84,150.784,47.64,0.06208428365591732,0.5725935453699639,6,10,0,0,0.0,0.0,0.0,0.6,1.0,0.0,0.0,desktop,ios,chrome
DEV_006884,6,0,0,0,0,418.79,69.79833333333333,36.395,0.062078011775198026,0.3653363483837889,2,6,1,0,0.0,0.0,0.0,0.3333333333333333,1.0,0.16666666666666666,0.0,mobile,windows,safari
DEV_003794,12,0,0,0,0,1787.56,148.96333333333334,53.23,0.06204582979347836,0.4906511008168033,6,11,1,0,0.0,0.0,0.0,0.5,0.9166666666666666,0.08333333333333333,0.0,mobile,windows,firefox
DEV_003337,18,1,1,1,0,1876.01,104.22277777777778,74.81,0.06190906789904006,0.9532394603176808,10,17,2,0,0.05555555555555555,0.05555555555555555,0.05555555555555555,0.5555555555555556,0.9444444444444444,0.1111111111111111,0.0,mobile,ios,chrome
DEV_004659,9,1,0,0,0,1874.8400000000001,208.31555555555556,105.44,0.061892883440252996,0.2944343865454885,5,9,2,0,0.1111111111111111,0.0,0.0,0.5555555555555556,1.0,0.2222222222222222,0.0,mobile,windows,firefox
DEV_005231,12,0,0,0,0,671.12,55.92666666666667,38.365,0.06182703695607489,0.4164898764797136,5,12,2,0,0.0,0.0,0.0,0.4166666666666667,1.0,0.16666666666666666,0.0,tablet,android,safari
DEV_004781,18,0,0,0,0,2707.75,150.43055555555554,54.185,0.06181754469088016,0.5127366418987552,6,18,1,0,0.0,0.0,0.0,0.3333333333333333,1.0,0.05555555555555555,0.0,desktop,ios,chrome
DEV_000451,14,0,0,0,0,1358.3799999999999,97.02714285714285,66.36,0.0616673570238927,0.669761054592187,10,14,0,0,0.0,0.0,0.0,0.7142857142857143,1.0,0.0,0.0,mobile,android,chrome
DEV_001963,13,0,0,0,0,1590.33,122.33307692307692,46.56,0.0616516407325803,0.6935395049935668,6,12,1,0,0.0,0.0,0.0,0.46153846153846156,0.9230769230769231,0.07692307692307693,0.0,desktop,macos,chrome
DEV_002332,11,1,0,0,0,1060.91,96.44636363636364,48.35,0.06163988629413746,0.568961317253635,9,11,1,0,0.09090909090909091,0.0,0.0,0.8181818181818182,1.0,0.09090909090909091,0.0,mobile,macos,chrome
DEV_000042,18,0,0,0,0,2751.12,152.84,89.07499999999999,0.06163846759480148,0.4087327446720255,9,18,5,0,0.0,0.0,0.0,0.5,1.0,0.2777777777777778,0.0,tablet,android,edge
DEV_001009,14,0,0,0,0,1788.47,127.74785714285714,113.49000000000001,0.061532073635578985,0.6704707084362117,10,14,1,0,0.0,0.0,0.0,0.7142857142857143,1.0,0.07142857142857142,0.0,mobile,ios,chrome
DEV_007520,16,0,0,0,0,1357.4,84.8375,66.22,0.06133290275402109,0.4303909662401044,11,16,5,0,0.0,0.0,0.0,0.6875,1.0,0.3125,0.0,mobile,android,chrome
DEV_003123,5,0,0,0,0,154.01000000000002,30.802000000000003,21.29,0.06127028435393454,0.3040034618826378,4,5,0,5,0.0,0.0,0.0,0.8,1.0,0.0,1.0,desktop,android,safari
DEV_006880,9,0,0,0,0,2548.13,283.1255555555556,154.09,0.06125386665025713,0.2892675249510765,4,6,1,0,0.0,0.0,0.0,0.4444444444444444,0.6666666666666666,0.1111111111111111,0.0,mobile,ios,chrome
DEV_000125,9,0,0,0,0,487.28,54.142222222222216,45.16,0.06121090847597957,0.4278678383034046,3,9,3,0,0.0,0.0,0.0,0.3333333333333333,1.0,0.3333333333333333,0.0,desktop,macos,chrome
DEV_007759,15,0,0,0,0,2206.7799999999997,147.11866666666666,98.39,0.06119797044251883,0.1561581643176031,8,15,0,15,0.0,0.0,0.0,0.5333333333333333,1.0,0.0,1.0,mobile,ios,edge
DEV_006731,18,0,0,0,1,1663.89,92.43833333333333,77.23,0.06119501011172062,0.8004757202181927,8,18,1,0,0.0,0.0,0.0,0.4444444444444444,1.0,0.05555555555555555,0.0,mobile,android,edge
DEV_005082,6,0,0,0,0,1825.61,304.2683333333333,134.825,0.06117772077238828,0.3177471468184109,5,6,1,6,0.0,0.0,0.0,0.8333333333333334,1.0,0.16666666666666666,1.0,desktop,ios,chrome
DEV_001584,11,0,0,0,0,722.38,65.67090909090909,56.26,0.06114602535349976,0.5740832565811539,9,11,1,0,0.0,0.0,0.0,0.8181818181818182,1.0,0.09090909090909091,0.0,mobile,android,firefox
DEV_002521,23,0,0,0,0,2040.15,88.70217391304348,41.46,0.06113841862840107,0.6546744479563807,8,20,2,0,0.0,0.0,0.0,0.34782608695652173,0.8695652173913043,0.08695652173913043,0.0,desktop,ios,chrome
DEV_007868,11,0,0,0,0,880.11,80.01,76.88,0.06108529554977396,0.5952575300467817,6,9,0,0,0.0,0.0,0.0,0.5454545454545454,0.8181818181818182,0.0,0.0,mobile,windows,safari
DEV_001316,16,0,1,1,0,2515.9,157.24375,70.965,0.06106852258172055,0.9347618372654768,10,16,6,0,0.0,0.0625,0.0625,0.625,1.0,0.375,0.0,mobile,android,chrome
DEV_000442,8,0,0,0,0,1389.86,173.7325,167.88,0.06100779735106688,0.4218140236592117,5,8,2,0,0.0,0.0,0.0,0.625,1.0,0.25,0.0,mobile,ios,chrome
DEV_001227,12,0,0,0,0,1590.04,132.50333333333333,94.485,0.06097806976431702,0.661071085460111,5,12,0,12,0.0,0.0,0.0,0.4166666666666667,1.0,0.0,1.0,mobile,ios,chrome
DEV_001643,9,0,0,0,0,1048.73,116.52555555555556,97.3,0.060789114477641,0.5282165536730871,3,9,3,0,0.0,0.0,0.0,0.3333333333333333,1.0,0.3333333333333333,0.0,mobile,ios,safari
DEV_000504,5,1,0,0,0,388.98,77.796,92.05,0.06076509359981848,0.271419831818977,1,5,2,0,0.2,0.0,0.0,0.2,1.0,0.4,0.0,mobile,linux,chrome
DEV_005158,14,0,0,0,0,1460.72,104.33714285714287,81.43,0.060652456824732325,0.6804042234726124,6,13,4,0,0.0,0.0,0.0,0.42857142857142855,0.9285714285714286,0.2857142857142857,0.0,mobile,android,safari
DEV_005115,9,0,0,0,0,1611.6599999999999,179.07333333333332,113.41,0.06053935023166267,0.1716794557165956,3,8,0,0,0.0,0.0,0.0,0.3333333333333333,0.8888888888888888,0.0,0.0,desktop,windows,chrome
DEV_004178,5,0,0,0,0,883.04,176.608,137.07,0.06041680502142612,0.1707213319836813,4,5,0,0,0.0,0.0,0.0,0.8,1.0,0.0,0.0,tablet,macos,chrome
DEV_000115,21,0,0,0,1,2331.9,111.04285714285714,112.75,0.060382611373893634,0.8255874099898877,10,20,5,0,0.0,0.0,0.0,0.47619047619047616,0.9523809523809523,0.23809523809523808,0.0,tablet,ios,chrome
DEV_004267,9,0,0,0,0,469.81,52.20111111111111,36.19,0.06037390050973417,0.4976494393936074,3,8,2,0,0.0,0.0,0.0,0.3333333333333333,0.8888888888888888,0.2222222222222222,0.0,mobile,macos,safari
DEV_001636,17,0,1,1,0,1319.08,77.59294117647059,33.46,0.06035923248206228,0.963074673014702,6,16,4,0,0.0,0.058823529411764705,0.058823529411764705,0.35294117647058826,0.9411764705882353,0.23529411764705882,0.0,mobile,macos,firefox
DEV_002882,12,1,0,0,0,508.9,42.40833333333333,34.53,0.06035778240123615,0.5660169373938247,5,12,2,12,0.08333333333333333,0.0,0.0,0.4166666666666667,1.0,0.16666666666666666,1.0,mobile,ios,chrome
DEV_004902,18,0,0,0,0,2738.13,152.11833333333334,49.584999999999994,0.060299604729547235,0.5434025157719347,8,16,3,0,0.0,0.0,0.0,0.4444444444444444,0.8888888888888888,0.16666666666666666,0.0,mobile,ios,edge
DEV_004436,4,0,0,0,0,1043.68,260.92,58.515,0.060276730024010655,0.2402963397705699,3,3,0,0,0.0,0.0,0.0,0.75,0.75,0.0,0.0,mobile,android,chrome
DEV_003657,17,0,0,0,0,1592.36,93.66823529411764,65.33,0.06027047901636684,0.6711226029016516,7,17,6,0,0.0,0.0,0.0,0.4117647058823529,1.0,0.35294117647058826,0.0,desktop,android,safari
DEV_005075,6,0,0,0,0,510.27,85.045,67.565,0.06019269291500281,0.3221101189828706,4,6,1,0,0.0,0.0,0.0,0.6666666666666666,1.0,0.16666666666666666,0.0,mobile,android,chrome
DEV_006899,17,0,0,0,0,1193.57,70.21,58.02,0.060128870755958734,0.5700010768585665,11,16,2,0,0.0,0.0,0.0,0.6470588235294118,0.9411764705882353,0.11764705882352941,0.0,mobile,android,chrome
DEV_001757,3,0,0,0,0,305.63,101.87666666666667,63.77,0.06009782751551266,0.1227067924813948,1,2,0,3,0.0,0.0,0.0,0.3333333333333333,0.6666666666666666,0.0,1.0,tablet,windows,safari
DEV_003231,3,0,0,0,0,244.76,81.58666666666666,79.2,0.06006168054548593,0.1207562606483328,0,3,1,3,0.0,0.0,0.0,0.0,1.0,0.3333333333333333,1.0,desktop,android,chrome
DEV_005865,11,0,0,0,0,2043.5500000000002,185.77727272727273,123.79,0.059986703009126036,0.3373575668755293,8,11,1,11,0.0,0.0,0.0,0.7272727272727273,1.0,0.09090909090909091,1.0,mobile,android,safari
DEV_002606,5,0,0,0,0,251.26999999999998,50.254,18.68,0.05985185660455776,0.2190998668467848,2,5,1,0,0.0,0.0,0.0,0.4,1.0,0.2,0.0,tablet,ios,chrome
DEV_003552,16,0,0,0,0,2330.61,145.663125,67.06,0.05977251021079024,0.6206709146134118,9,16,2,0,0.0,0.0,0.0,0.5625,1.0,0.125,0.0,mobile,windows,firefox
DEV_002516,5,0,0,0,0,1685.57,337.114,116.61,0.05974493926640386,0.2654688889357078,0,4,0,0,0.0,0.0,0.0,0.0,0.8,0.0,0.0,mobile,android,edge
DEV_004042,21,0,0,0,0,1986.49,94.59476190476191,49.65,0.05968400572393166,0.6369231932928177,13,21,2,0,0.0,0.0,0.0,0.6190476190476191,1.0,0.09523809523809523,0.0,mobile,android,safari
DEV_003201,11,0,0,0,0,910.53,82.77545454545454,69.29,0.05966773807693537,0.5232599867697394,4,4,0,0,0.0,0.0,0.0,0.36363636363636365,0.36363636363636365,0.0,0.0,mobile,macos,safari
DEV_004609,4,0,0,0,0,267.41,66.8525,53.535000000000004,0.05958476267799667,0.1697873807689739,2,4,1,0,0.0,0.0,0.0,0.5,1.0,0.25,0.0,mobile,macos,chrome
DEV_007876,25,0,0,0,1,2167.7799999999997,86.71119999999999,60.48,0.05942720349752572,0.7757654731543826,17,23,5,0,0.0,0.0,0.0,0.68,0.92,0.2,0.0,mobile,android,safari
DEV_005219,10,0,0,0,0,1259.07,125.907,58.025,0.059288510587361384,0.4841161914560681,6,10,1,0,0.0,0.0,0.0,0.6,1.0,0.1,0.0,mobile,ios,chrome
DEV_006939,13,0,0,0,0,2518.93,193.76384615384615,134.4,0.05918802212176251,0.560911912857731,6,10,0,0,0.0,0.0,0.0,0.46153846153846156,0.7692307692307693,0.0,0.0,mobile,windows,chrome
DEV_004688,16,1,0,0,1,1732.09,108.255625,66.63,0.058839327609481344,0.8958864284512991,8,16,5,16,0.0625,0.0,0.0,0.5,1.0,0.3125,1.0,mobile,android,chrome
DEV_007226,11,1,0,0,0,697.4,63.4,35.91,0.05882885082883253,0.3181355070240856,6,8,2,0,0.09090909090909091,0.0,0.0,0.5454545454545454,0.7272727272727273,0.18181818181818182,0.0,mobile,android,firefox
DEV_003772,18,0,0,0,1,1497.73,83.20722222222223,66.67,0.05877856679113211,0.8097113476403694,11,13,3,0,0.0,0.0,0.0,0.6111111111111112,0.7222222222222222,0.16666666666666666,0.0,desktop,macos,safari
DEV_003015,15,0,0,0,1,888.2,59.21333333333334,48.2,0.058602867922446795,0.8004513930610293,7,15,2,0,0.0,0.0,0.0,0.4666666666666667,1.0,0.13333333333333333,0.0,mobile,windows,firefox
DEV_007419,9,0,0,0,0,531.91,59.10111111111111,39.17,0.05859325609113,0.5021904611701798,6,8,1,0,0.0,0.0,0.0,0.6666666666666666,0.8888888888888888,0.1111111111111111,0.0,mobile,windows,firefox
DEV_001175,12,0,0,0,0,2538.16,211.51333333333332,171.29500000000002,0.05859120309077362,0.6723907247739634,8,12,5,0,0.0,0.0,0.0,0.6666666666666666,1.0,0.4166666666666667,0.0,mobile,windows,safari
DEV_007777,16,0,0,0,1,2057.32,128.5825,81.24000000000001,0.05852922307175296,0.7785048344387995,12,16,2,0,0.0,0.0,0.0,0.75,1.0,0.125,0.0,tablet,ios,chrome
DEV_000789,11,0,0,0,0,2437.87,221.62454545454545,178.91,0.0585059150828932,0.5478730593191105,7,11,3,11,0.0,0.0,0.0,0.6363636363636364,1.0,0.2727272727272727,1.0,desktop,android,safari
DEV_001803,9,0,0,0,0,1606.63,178.51444444444445,157.83,0.058471537660614144,0.2870720307411574,3,5,2,0,0.0,0.0,0.0,0.3333333333333333,0.5555555555555556,0.2222222222222222,0.0,mobile,android,chrome
DEV_007234,25,1,0,0,1,2936.41,117.45639999999999,90.25,0.05836948474788667,0.8949528723209623,9,20,4,0,0.04,0.0,0.0,0.36,0.8,0.16,0.0,mobile,macos,safari
DEV_000256,8,0,0,0,0,478.41,59.80125,48.09,0.05835056197452574,0.416319539699773,5,8,1,8,0.0,0.0,0.0,0.625,1.0,0.125,1.0,desktop,windows,edge
DEV_005708,4,0,0,0,0,159.26,39.815,22.6,0.058330642588236274,0.1125407463271515,2,4,0,0,0.0,0.0,0.0,0.5,1.0,0.0,0.0,desktop,windows,chrome
DEV_007077,12,0,0,0,0,1867.78,155.64833333333334,102.69,0.05830708807933638,0.2382820181850115,5,12,0,0,0.0,0.0,0.0,0.4166666666666667,1.0,0.0,0.0,mobile,android,safari
DEV_002736,11,0,0,0,0,2423.54,220.32181818181817,74.07,0.05828000114623741,0.5835231170328337,4,10,2,0,0.0,0.0,0.0,0.36363636363636365,0.9090909090909091,0.18181818181818182,0.0,mobile,macos,safari
DEV_000822,20,0,0,0,0,2230.88,111.54400000000001,94.35499999999999,0.05823678442646159,0.5880511189185973,8,19,3,0,0.0,0.0,0.0,0.4,0.95,0.15,0.0,mobile,ios,safari
DEV_003026,3,0,0,0,0,278.15,92.71666666666665,79.69,0.05823504857632373,0.1120722137992111,1,3,0,3,0.0,0.0,0.0,0.3333333333333333,1.0,0.0,1.0,mobile,macos,safari
DEV_006841,14,0,0,0,0,882.3199999999999,63.02285714285714,35.129999999999995,0.058201048585583615,0.3859055846136024,8,13,4,0,0.0,0.0,0.0,0.5714285714285714,0.9285714285714286,0.2857142857142857,0.0,mobile,windows,chrome
DEV_000380,4,1,0,0,0,314.17,78.5425,35.254999999999995,0.05817223683403252,0.2318803265552285,3,4,0,4,0.25,0.0,0.0,0.75,1.0,0.0,1.0,desktop,windows,chrome
DEV_000143,10,0,0,0,0,1149.19,114.91900000000001,28.09,0.05808588498449744,0.4656858761519688,5,6,1,0,0.0,0.0,0.0,0.5,0.6,0.1,0.0,mobile,android,safari
DEV_000728,9,0,0,0,0,1827.6699999999998,203.07444444444442,178.74,0.057932595059517186,0.4226135351703087,2,9,2,0,0.0,0.0,0.0,0.2222222222222222,1.0,0.2222222222222222,0.0,desktop,linux,safari
DEV_001331,37,1,0,0,1,3389.11,91.59756756756757,64.52,0.05788902451698202,0.7958666064594948,25,37,4,0,0.02702702702702703,0.0,0.0,0.6756756756756757,1.0,0.10810810810810811,0.0,mobile,macos,edge
DEV_006256,5,0,0,0,0,215.49,43.098,43.08,0.05787797790683252,0.2588795321500193,1,3,1,0,0.0,0.0,0.0,0.2,0.6,0.2,0.0,mobile,android,chrome
DEV_006982,11,0,0,0,0,1706.83,155.16636363636363,76.49,0.05785122694908011,0.2024867683596216,6,11,0,11,0.0,0.0,0.0,0.5454545454545454,1.0,0.0,1.0,mobile,linux,chrome
DEV_002834,10,0,0,0,0,1443.86,144.386,125.18,0.057831906479305265,0.5145644368464976,2,4,1,0,0.0,0.0,0.0,0.2,0.4,0.1,0.0,desktop,android,chrome
DEV_002585,7,0,0,0,0,900.79,128.68428571428572,77.82,0.057814985511219726,0.3674555050081231,5,7,3,0,0.0,0.0,0.0,0.7142857142857143,1.0,0.42857142857142855,0.0,mobile,macos,chrome
DEV_000255,9,0,0,0,0,1650.11,183.34555555555553,113.25,0.057788997817189096,0.3666848613226058,5,9,2,0,0.0,0.0,0.0,0.5555555555555556,1.0,0.2222222222222222,0.0,mobile,android,safari
DEV_000361,19,0,0,0,0,2536.9,133.52105263157895,43.56,0.0576976217651448,0.6836177378623556,12,18,7,0,0.0,0.0,0.0,0.631578947368421,0.9473684210526315,0.3684210526315789,0.0,mobile,macos,chrome
DEV_007067,17,1,0,0,1,934.7,54.98235294117647,51.33,0.057578340847672146,0.8835190481461389,12,17,0,0,0.058823529411764705,0.0,0.0,0.7058823529411765,1.0,0.0,0.0,mobile,android,chrome
DEV_005465,17,0,0,0,0,1738.39,102.25823529411765,71.26,0.057555528388602624,0.5241054398968189,7,11,4,0,0.0,0.0,0.0,0.4117647058823529,0.6470588235294118,0.23529411764705882,0.0,mobile,ios,chrome
DEV_007412,28,0,0,0,1,2974.73,106.24035714285715,64.53999999999999,0.057482790033162735,0.7839651254430953,17,28,4,0,0.0,0.0,0.0,0.6071428571428571,1.0,0.14285714285714285,0.0,mobile,android,edge
DEV_005531,5,0,0,0,0,483.04999999999995,96.60999999999999,74.14,0.057475500946431154,0.1616198400455804,4,5,1,0,0.0,0.0,0.0,0.8,1.0,0.2,0.0,desktop,linux,chrome
DEV_007586,6,0,0,0,0,637.91,106.31833333333333,37.870000000000005,0.05745929550038431,0.190492948462773,2,4,1,0,0.0,0.0,0.0,0.3333333333333333,0.6666666666666666,0.16666666666666666,0.0,tablet,android,chrome
DEV_004555,12,0,0,0,0,738.45,61.5375,38.980000000000004,0.057457999625055184,0.2803139071865237,5,7,4,0,0.0,0.0,0.0,0.4166666666666667,0.5833333333333334,0.3333333333333333,0.0,desktop,ios,chrome
DEV_005632,4,0,0,0,0,190.79,47.6975,41.675,0.057399827331096304,0.2290689871179074,1,4,1,0,0.0,0.0,0.0,0.25,1.0,0.25,0.0,mobile,macos,chrome
DEV_004854,12,0,0,0,0,996.92,83.07666666666667,46.52,0.05728876220579762,0.4879221183947189,2,8,0,0,0.0,0.0,0.0,0.16666666666666666,0.6666666666666666,0.0,0.0,mobile,macos,chrome
DEV_004231,19,0,0,0,0,2521.68,132.72,73.08,0.057287122355277026,0.5957185532656203,8,17,3,19,0.0,0.0,0.0,0.42105263157894735,0.8947368421052632,0.15789473684210525,1.0,mobile,android,safari
DEV_001337,11,0,0,0,0,1841.92,167.44727272727275,139.03,0.057196690694400656,0.4489960637566241,5,10,1,0,0.0,0.0,0.0,0.45454545454545453,0.9090909090909091,0.09090909090909091,0.0,mobile,windows,chrome
DEV_003999,5,0,0,0,0,766.08,153.216,59.9,0.05716041430980666,0.2165380038481523,3,5,1,0,0.0,0.0,0.0,0.6,1.0,0.2,0.0,desktop,ios,edge
DEV_001468,17,0,0,0,0,1473.73,86.69,47.91,0.05714031272450999,0.699078767048036,5,8,2,0,0.0,0.0,0.0,0.29411764705882354,0.47058823529411764,0.11764705882352941,0.0,mobile,macos,safari
DEV_000303,4,1,0,0,0,109.34,27.335,25.37,0.0570432440111285,0.1748347707705791,2,3,1,0,0.25,0.0,0.0,0.5,0.75,0.25,0.0,desktop,macos,safari
DEV_001810,11,0,0,0,0,816.81,74.25545454545454,63.07,0.05702131908607075,0.4009252347264795,6,11,2,0,0.0,0.0,0.0,0.5454545454545454,1.0,0.18181818181818182,0.0,mobile,ios,safari
DEV_006254,13,0,0,0,0,1525.78,117.36769230769231,94.87,0.05697161704422708,0.2779118369063502,5,13,3,0,0.0,0.0,0.0,0.38461538461538464,1.0,0.23076923076923078,0.0,desktop,android,safari
DEV_001343,5,0,0,0,0,919.67,183.934,187.87,0.056967944557459335,0.0788733442982403,4,5,0,5,0.0,0.0,0.0,0.8,1.0,0.0,1.0,desktop,ios,chrome
DEV_007105,14,0,0,0,0,739.7099999999999,52.83642857142856,31.674999999999997,0.0567822083323148,0.4808205424195211,2,14,3,0,0.0,0.0,0.0,0.14285714285714285,1.0,0.21428571428571427,0.0,tablet,android,edge
DEV_007616,13,0,0,0,0,640.15,49.24230769230769,36.16,0.05672082538656268,0.6885617808618468,8,11,2,0,0.0,0.0,0.0,0.6153846153846154,0.8461538461538461,0.15384615384615385,0.0,mobile,android,chrome
DEV_002534,11,0,0,0,0,1585.15,144.10454545454547,104.21,0.056693775833834524,0.3084381078528613,9,11,3,0,0.0,0.0,0.0,0.8181818181818182,1.0,0.2727272727272727,0.0,desktop,macos,safari
DEV_001379,11,0,0,0,0,1721.08,156.4618181818182,109.86,0.05669297152708015,0.5917270209536487,4,8,1,0,0.0,0.0,0.0,0.36363636363636365,0.7272727272727273,0.09090909090909091,0.0,mobile,ios,firefox
DEV_006629,7,0,0,0,0,557.85,79.69285714285715,60.1,0.05668833410832622,0.3361318391759502,3,6,1,0,0.0,0.0,0.0,0.42857142857142855,0.8571428571428571,0.14285714285714285,0.0,desktop,macos,chrome
DEV_005448,5,0,0,0,0,429.50000000000006,85.9,50.09,0.05666528963370754,0.2818085172386754,1,3,1,5,0.0,0.0,0.0,0.2,0.6,0.2,1.0,desktop,ios,chrome
DEV_004886,18,0,0,0,1,2015.26,111.9588888888889,58.59,0.05658114010764294,0.8011019444233682,8,13,1,0,0.0,0.0,0.0,0.4444444444444444,0.7222222222222222,0.05555555555555555,0.0,mobile,macos,edge
DEV_002213,21,1,1,1,0,2235.58,106.45619047619047,65.67,0.05654607586858825,0.9317115390948398,15,21,4,0,0.047619047619047616,0.047619047619047616,0.047619047619047616,0.7142857142857143,1.0,0.19047619047619047,0.0,mobile,macos,chrome
DEV_001714,7,0,0,0,0,1150.45,164.35,118.13,0.05644721694970486,0.2782547925841729,7,7,1,7,0.0,0.0,0.0,1.0,1.0,0.14285714285714285,1.0,tablet,android,edge
DEV_007050,17,0,0,0,0,2145.08,126.18117647058823,97.7,0.056402922703172036,0.4331444677656428,11,17,2,17,0.0,0.0,0.0,0.6470588235294118,1.0,0.11764705882352941,1.0,desktop,windows,edge
DEV_007715,3,0,0,0,0,477.55,159.18333333333334,157.56,0.056354252708362695,0.1407311090775007,1,3,1,0,0.0,0.0,0.0,0.3333333333333333,1.0,0.3333333333333333,0.0,tablet,android,safari
DEV_006430,18,0,0,0,0,2020.6000000000001,112.25555555555556,77.61500000000001,0.05630950863365999,0.6864699409600729,10,17,3,18,0.0,0.0,0.0,0.5555555555555556,0.9444444444444444,0.16666666666666666,1.0,tablet,linux,chrome
DEV_003093,8,0,0,0,0,1019.11,127.38875,104.105,0.05627042675407753,0.1882471901699649,4,6,2,8,0.0,0.0,0.0,0.5,0.75,0.25,1.0,mobile,windows,chrome
DEV_007948,15,1,0,0,0,1992.55,132.83666666666667,71.5,0.05621146441579351,0.6020933404650836,10,15,1,0,0.06666666666666667,0.0,0.0,0.6666666666666666,1.0,0.06666666666666667,0.0,mobile,windows,chrome
DEV_003258,14,0,0,0,0,2153.36,153.8114285714286,92.39500000000001,0.05620097034948508,0.5687236601548252,9,12,1,0,0.0,0.0,0.0,0.6428571428571429,0.8571428571428571,0.07142857142857142,0.0,mobile,android,chrome
DEV_000873,11,0,0,0,0,1084.16,98.56,71.61,0.05611379456661885,0.4634237338001011,5,11,0,0,0.0,0.0,0.0,0.45454545454545453,1.0,0.0,0.0,mobile,windows,chrome
DEV_002810,8,0,0,0,0,781.44,97.68,63.89,0.05610688113453161,0.302859434094086,4,8,1,0,0.0,0.0,0.0,0.5,1.0,0.125,0.0,mobile,android,chrome
DEV_006954,12,0,0,0,0,636.63,53.0525,45.435,0.055984683195633246,0.511575897993968,1,4,1,0,0.0,0.0,0.0,0.08333333333333333,0.3333333333333333,0.08333333333333333,0.0,mobile,android,safari
DEV_003751,5,0,0,0,0,826.88,165.376,197.76,0.05592024461921846,0.2442574681003544,3,5,0,5,0.0,0.0,0.0,0.6,1.0,0.0,1.0,desktop,android,chrome
DEV_000467,3,0,0,0,0,413.61,137.87,62.84,0.055882296264888665,0.1384824227631498,2,3,1,0,0.0,0.0,0.0,0.6666666666666666,1.0,0.3333333333333333,0.0,mobile,android,chrome
DEV_000061,6,0,0,0,0,1416.1399999999999,236.0233333333333,257.71,0.05584182794186438,0.1584379555889641,5,6,1,0,0.0,0.0,0.0,0.8333333333333334,1.0,0.16666666666666666,0.0,desktop,android,chrome
DEV_005412,20,0,0,0,1,3083.84,154.192,139.61,0.055778334812903806,0.8264101766749905,11,16,1,0,0.0,0.0,0.0,0.55,0.8,0.05,0.0,mobile,ios,chrome
DEV_000941,14,0,0,0,1,1115.09,79.64928571428571,41.18,0.05574351545902911,0.7014468922891238,9,14,3,0,0.0,0.0,0.0,0.6428571428571429,1.0,0.21428571428571427,0.0,desktop,ios,chrome
DEV_004453,21,1,0,0,0,2055.82,97.89619047619048,61.35,0.05574146289156857,0.449460135721303,8,21,5,0,0.047619047619047616,0.0,0.0,0.38095238095238093,1.0,0.23809523809523808,0.0,mobile,linux,chrome
DEV_004868,17,0,0,0,0,2276.54,133.91411764705882,122.59,0.05565598056849954,0.5252053754535674,9,16,4,0,0.0,0.0,0.0,0.5294117647058824,0.9411764705882353,0.23529411764705882,0.0,mobile,macos,edge
DEV_005194,13,0,0,0,0,1058.61,81.43153846153845,44.7,0.05542493023945513,0.5592118015477225,6,13,2,0,0.0,0.0,0.0,0.46153846153846156,1.0,0.15384615384615385,0.0,mobile,macos,edge
DEV_005225,11,0,0,0,0,1154.76,104.97818181818182,51.95,0.0553774658392028,0.4256763279963417,3,11,1,0,0.0,0.0,0.0,0.2727272727272727,1.0,0.09090909090909091,0.0,mobile,windows,safari
DEV_001010,6,0,0,0,0,1117.46,186.24333333333334,61.1,0.05531390305976403,0.293444308471766,2,4,0,0,0.0,0.0,0.0,0.3333333333333333,0.6666666666666666,0.0,0.0,mobile,ios,safari
DEV_004074,3,0,0,0,0,171.36,57.120000000000005,60.76,0.05528681865775733,0.157763812497911,2,3,1,3,0.0,0.0,0.0,0.6666666666666666,1.0,0.3333333333333333,1.0,mobile,windows,chrome
DEV_005671,14,1,0,0,0,1292.16,92.29714285714286,56.455,0.05527719519253986,0.6671994039512535,4,13,3,0,0.07142857142857142,0.0,0.0,0.2857142857142857,0.9285714285714286,0.21428571428571427,0.0,desktop,ios,chrome
DEV_003148,18,0,1,1,0,3500.32,194.46222222222224,107.41,0.05520640084046331,0.9545211016711338,9,15,4,0,0.0,0.05555555555555555,0.05555555555555555,0.5,0.8333333333333334,0.2222222222222222,0.0,mobile,windows,chrome
DEV_000495,3,0,0,0,0,315.75,105.25,120.33,0.055161484088508496,0.1322103560538282,2,3,0,0,0.0,0.0,0.0,0.6666666666666666,1.0,0.0,0.0,mobile,ios,safari
DEV_000779,12,0,0,0,0,1111.19,92.59916666666668,55.08,0.055086963659864686,0.277631500490456,3,11,3,12,0.0,0.0,0.0,0.25,0.9166666666666666,0.25,1.0,mobile,ios,safari
DEV_004017,21,0,0,0,1,2241.04,106.71619047619048,49.38,0.05504972203217392,0.7221040180322641,12,20,4,0,0.0,0.0,0.0,0.5714285714285714,0.9523809523809523,0.19047619047619047,0.0,mobile,android,firefox
DEV_000381,5,0,0,0,0,546.99,109.398,47.81,0.05504119256696812,0.1940083707330972,3,4,0,5,0.0,0.0,0.0,0.6,0.8,0.0,1.0,mobile,android,chrome
DEV_005720,7,0,0,0,0,717.3199999999999,102.4742857142857,104.97,0.055024882770815145,0.1496684821408989,5,6,0,7,0.0,0.0,0.0,0.7142857142857143,0.8571428571428571,0.0,1.0,desktop,android,chrome
DEV_001164,19,0,0,0,1,2933.5299999999997,154.39631578947368,53.94,0.05492029538195839,0.752611015201066,11,15,3,0,0.0,0.0,0.0,0.5789473684210527,0.7894736842105263,0.15789473684210525,0.0,mobile,windows,chrome
DEV_005583,13,0,0,0,0,761.09,58.54538461538462,39.6,0.0548779560632153,0.3289440326638675,7,13,0,0,0.0,0.0,0.0,0.5384615384615384,1.0,0.0,0.0,tablet,windows,edge
DEV_004187,11,0,0,0,0,956.3100000000001,86.93727272727273,64.95,0.0548660511878806,0.4597375163871825,6,11,1,0,0.0,0.0,0.0,0.5454545454545454,1.0,0.09090909090909091,0.0,mobile,ios,edge
DEV_002059,6,0,0,0,0,734.63,122.43833333333333,95.58500000000001,0.05484886304539282,0.2221812892785958,4,6,4,0,0.0,0.0,0.0,0.6666666666666666,1.0,0.6666666666666666,0.0,mobile,ios,safari
DEV_005636,4,0,0,0,0,763.64,190.91,114.92,0.05475408364738697,0.1742219302751602,1,4,2,0,0.0,0.0,0.0,0.25,1.0,0.5,0.0,mobile,macos,chrome
DEV_005277,11,0,0,0,0,923.37,83.94272727272727,57.63,0.05472913461105377,0.2776874788376847,6,11,1,0,0.0,0.0,0.0,0.5454545454545454,1.0,0.09090909090909091,0.0,mobile,ios,safari
DEV_006789,6,0,0,0,0,666.84,111.14,82.995,0.05472799196584136,0.2873661730077443,1,6,0,6,0.0,0.0,0.0,0.16666666666666666,1.0,0.0,1.0,mobile,ios,chrome
DEV_005906,18,0,0,0,0,1718.28,95.46,72.715,0.05465365907104654,0.6657391853047371,10,16,6,18,0.0,0.0,0.0,0.5555555555555556,0.8888888888888888,0.3333333333333333,1.0,mobile,android,chrome
DEV_000615,15,0,0,0,0,3001.05,200.07000000000002,107.0,0.05461003804570541,0.6560770851212416,8,15,5,15,0.0,0.0,0.0,0.5333333333333333,1.0,0.3333333333333333,1.0,tablet,ios,firefox
DEV_002274,3,0,0,0,0,79.61,26.536666666666665,29.44,0.054593354879481935,0.1632267357119283,1,3,1,0,0.0,0.0,0.0,0.3333333333333333,1.0,0.3333333333333333,0.0,desktop,macos,chrome
DEV_004021,18,1,1,1,0,2627.6,145.97777777777776,102.525,0.0545850592212835,0.909564757714803,5,16,2,0,0.05555555555555555,0.05555555555555555,0.05555555555555555,0.2777777777777778,0.8888888888888888,0.1111111111111111,0.0,mobile,macos,safari
DEV_001685,11,0,0,0,0,2658.0499999999997,241.64090909090908,201.5,0.05449822736692873,0.5516085386732261,5,10,3,11,0.0,0.0,0.0,0.45454545454545453,0.9090909090909091,0.2727272727272727,1.0,tablet,android,chrome
DEV_000266,10,0,0,0,0,1532.9499999999998,153.295,51.19,0.05445889538149999,0.4440816540858695,4,10,2,0,0.0,0.0,0.0,0.4,1.0,0.2,0.0,tablet,windows,chrome
DEV_000783,13,1,0,0,0,1383.31,106.40846153846154,41.7,0.05442011905556584,0.6216669674625047,3,10,1,13,0.07692307692307693,0.0,0.0,0.23076923076923078,0.7692307692307693,0.07692307692307693,1.0,desktop,macos,chrome
DEV_002887,12,0,0,0,0,1160.84,96.73666666666666,67.885,0.054392072820459214,0.573186718209389,6,12,3,0,0.0,0.0,0.0,0.5,1.0,0.25,0.0,mobile,macos,chrome
DEV_001186,9,0,0,0,0,2546.13,282.90333333333336,247.67,0.05424118452962284,0.3577351218614454,7,9,2,0,0.0,0.0,0.0,0.7777777777777778,1.0,0.2222222222222222,0.0,mobile,windows,chrome
DEV_001251,8,0,0,0,0,563.51,70.43875,37.44,0.05416579385737889,0.3557877868543438,3,5,1,0,0.0,0.0,0.0,0.375,0.625,0.125,0.0,mobile,windows,chrome
DEV_002661,17,0,0,0,0,1345.04,79.12,73.46,0.054131408956287264,0.4231829459188799,10,16,4,0,0.0,0.0,0.0,0.5882352941176471,0.9411764705882353,0.23529411764705882,0.0,mobile,windows,chrome
DEV_006531,7,0,0,0,0,558.1,79.72857142857143,60.51,0.054105828651818774,0.1260227359034394,6,7,3,0,0.0,0.0,0.0,0.8571428571428571,1.0,0.42857142857142855,0.0,mobile,ios,chrome
DEV_004619,5,0,0,0,0,1051.73,210.346,172.15,0.05407766609789076,0.1637748711086237,5,5,1,5,0.0,0.0,0.0,1.0,1.0,0.2,1.0,mobile,linux,safari
DEV_001811,30,1,1,1,0,5689.74,189.658,112.595,0.054066202964744965,0.996865017247868,19,30,3,0,0.03333333333333333,0.03333333333333333,0.03333333333333333,0.6333333333333333,1.0,0.1,0.0,mobile,ios,firefox
DEV_006947,4,0,0,0,0,151.82999999999998,37.957499999999996,35.225,0.05405507718799193,0.1971166061303129,2,4,0,0,0.0,0.0,0.0,0.5,1.0,0.0,0.0,tablet,ios,chrome
DEV_005974,11,0,0,0,0,1562.32,142.0290909090909,118.83,0.054016953870306826,0.4661170337724303,5,11,1,0,0.0,0.0,0.0,0.45454545454545453,1.0,0.09090909090909091,0.0,mobile,macos,firefox
DEV_002205,9,0,0,0,0,625.71,69.52333333333334,57.53,0.053999859644670044,0.4185300770322773,4,8,3,0,0.0,0.0,0.0,0.4444444444444444,0.8888888888888888,0.3333333333333333,0.0,mobile,android,firefox
DEV_003590,3,0,0,0,0,240.22,80.07333333333334,57.07,0.0539823931832503,0.1568024219814078,1,3,0,3,0.0,0.0,0.0,0.3333333333333333,1.0,0.0,1.0,desktop,ios,safari
DEV_005456,17,0,0,0,0,1191.51,70.08882352941177,39.67,0.05393717594806469,0.4932424935866448,5,15,3,0,0.0,0.0,0.0,0.29411764705882354,0.8823529411764706,0.17647058823529413,0.0,tablet,android,safari
DEV_007846,3,0,0,0,0,569.55,189.85,105.34,0.053889405507019934,0.1023135530762094,1,3,0,3,0.0,0.0,0.0,0.3333333333333333,1.0,0.0,1.0,desktop,windows,chrome
DEV_000334,5,0,0,0,0,872.79,174.558,204.75,0.05382382663130523,0.2194618588603529,3,5,1,0,0.0,0.0,0.0,0.6,1.0,0.2,0.0,mobile,android,safari
DEV_001540,3,0,0,0,0,1097.16,365.72,373.47,0.053718193823188966,0.1146112703130456,1,1,0,3,0.0,0.0,0.0,0.3333333333333333,0.3333333333333333,0.0,1.0,mobile,android,firefox
DEV_003612,10,0,0,0,0,805.51,80.551,65.5,0.053653373085238834,0.4762115433119148,5,10,2,0,0.0,0.0,0.0,0.5,1.0,0.2,0.0,mobile,android,safari
DEV_001768,3,0,0,0,0,265.54,88.51333333333334,86.61,0.05362595653389004,0.1586990491418296,2,3,2,3,0.0,0.0,0.0,0.6666666666666666,1.0,0.6666666666666666,1.0,mobile,windows,chrome
DEV_001220,17,0,0,0,1,946.11,55.65352941176471,50.66,0.05360586113514789,0.8472917482044103,6,17,3,0,0.0,0.0,0.0,0.35294117647058826,1.0,0.17647058823529413,0.0,mobile,android,chrome
DEV_003834,3,0,0,0,0,42.23,14.076666666666666,8.36,0.05360331004958916,0.1572541434229759,3,3,0,3,0.0,0.0,0.0,1.0,1.0,0.0,1.0,mobile,android,edge
DEV_007158,9,0,0,0,0,1016.1,112.9,66.12,0.053581448717173914,0.4234784314600199,4,9,1,0,0.0,0.0,0.0,0.4444444444444444,1.0,0.1111111111111111,0.0,mobile,windows,edge
DEV_003433,5,0,0,0,0,838.32,167.66400000000002,107.06,0.05355517615753852,0.1757238798300892,3,5,0,0,0.0,0.0,0.0,0.6,1.0,0.0,0.0,mobile,macos,chrome
DEV_001284,6,0,0,0,0,573.98,95.66333333333334,41.92,0.05354185498529118,0.283915565588662,5,6,0,6,0.0,0.0,0.0,0.8333333333333334,1.0,0.0,1.0,desktop,android,chrome
DEV_002194,14,0,0,0,0,1498.9,107.06428571428572,58.455,0.053475717922996664,0.6224208016609363,5,14,2,0,0.0,0.0,0.0,0.35714285714285715,1.0,0.14285714285714285,0.0,mobile,ios,chrome
DEV_004904,14,0,0,0,0,1986.63,141.90214285714288,96.32,0.05343036197819238,0.5888530035015659,3,14,3,0,0.0,0.0,0.0,0.21428571428571427,1.0,0.21428571428571427,0.0,mobile,windows,chrome
DEV_007346,10,0,0,0,0,1143.46,114.346,103.5,0.053361109155451315,0.4717548567076839,5,10,2,10,0.0,0.0,0.0,0.5,1.0,0.2,1.0,mobile,android,firefox
DEV_006223,4,0,0,0,0,1072.36,268.09,105.96000000000001,0.05326045520912382,0.1331653966886835,1,4,2,0,0.0,0.0,0.0,0.25,1.0,0.5,0.0,tablet,ios,firefox
DEV_001451,3,0,0,0,0,192.6,64.2,27.98,0.0532376324051329,0.111038939637117,2,3,1,3,0.0,0.0,0.0,0.6666666666666666,1.0,0.3333333333333333,1.0,desktop,macos,chrome
DEV_004968,4,0,0,0,0,872.19,218.0475,260.57,0.0532348009478515,0.2024050039761385,2,4,0,4,0.0,0.0,0.0,0.5,1.0,0.0,1.0,mobile,android,firefox
DEV_002579,24,0,0,0,1,3665.07,152.71125,86.63499999999999,0.053165336977479105,0.8014219535204152,12,24,3,0,0.0,0.0,0.0,0.5,1.0,0.125,0.0,mobile,ios,firefox
DEV_007278,7,0,0,0,0,824.43,117.77571428571427,45.75,0.053164349090439975,0.3278670292470583,4,7,3,0,0.0,0.0,0.0,0.5714285714285714,1.0,0.42857142857142855,0.0,desktop,android,safari
DEV_005927,9,0,0,0,0,513.9399999999999,57.10444444444444,24.24,0.05312074410331694,0.3976883864124918,2,9,2,9,0.0,0.0,0.0,0.2222222222222222,1.0,0.2222222222222222,1.0,mobile,linux,chrome
DEV_007697,20,0,0,0,0,1249.5,62.475,29.22,0.05305364786345499,0.5194426267569908,14,20,4,0,0.0,0.0,0.0,0.7,1.0,0.2,0.0,mobile,android,chrome
DEV_005744,22,1,0,0,1,3038.7,138.12272727272727,103.935,0.053048931319198384,0.7437269555641343,9,19,2,0,0.045454545454545456,0.0,0.0,0.4090909090909091,0.8636363636363636,0.09090909090909091,0.0,mobile,ios,edge
DEV_003925,18,0,0,0,0,1651.99,91.77722222222222,71.07,0.053027778724398705,0.5603201028942474,9,17,2,0,0.0,0.0,0.0,0.5,0.9444444444444444,0.1111111111111111,0.0,mobile,android,safari
DEV_004447,5,0,0,0,0,1312.95,262.59000000000003,365.4,0.05302563897770611,0.0891422198916234,3,5,0,0,0.0,0.0,0.0,0.6,1.0,0.0,0.0,mobile,android,edge
DEV_005802,20,0,0,0,0,2293.6,114.67999999999999,61.19499999999999,0.05296335348539196,0.6286404524054328,7,15,2,0,0.0,0.0,0.0,0.35,0.75,0.1,0.0,mobile,android,firefox
DEV_007950,15,0,0,0,1,988.57,65.90466666666667,42.3,0.05295563929879259,0.7161466040020975,6,15,2,0,0.0,0.0,0.0,0.4,1.0,0.13333333333333333,0.0,mobile,android,edge
DEV_003699,11,0,0,0,0,873.28,79.38909090909091,83.62,0.05289167633620486,0.4210260038301846,5,8,3,0,0.0,0.0,0.0,0.45454545454545453,0.7272727272727273,0.2727272727272727,0.0,desktop,ios,edge
DEV_007726,4,0,0,0,0,922.0699999999999,230.51749999999998,271.95,0.05283446029823548,0.203452011562267,3,4,2,0,0.0,0.0,0.0,0.75,1.0,0.5,0.0,mobile,macos,firefox
DEV_006973,6,0,0,0,0,405.56,67.59333333333333,65.96,0.05283276073321278,0.1371071145697331,2,6,1,6,0.0,0.0,0.0,0.3333333333333333,1.0,0.16666666666666666,1.0,mobile,android,chrome
DEV_001797,4,0,0,0,0,691.02,172.755,109.68,0.052817896846146274,0.2088753609316229,4,4,1,0,0.0,0.0,0.0,1.0,1.0,0.25,0.0,mobile,android,chrome
DEV_002966,3,0,0,0,0,392.40000000000003,130.8,169.65,0.05280170802950166,0.1537027778126004,1,3,1,3,0.0,0.0,0.0,0.3333333333333333,1.0,0.3333333333333333,1.0,mobile,windows,chrome
DEV_001652,9,0,0,0,0,416.31,46.25666666666667,36.03,0.05271432222011557,0.3216532453015107,3,9,1,0,0.0,0.0,0.0,0.3333333333333333,1.0,0.1111111111111111,0.0,mobile,android,firefox
DEV_003563,4,0,0,0,0,817.24,204.31,159.76500000000001,0.05265101054324017,0.1769184162400909,0,4,1,0,0.0,0.0,0.0,0.0,1.0,0.25,0.0,mobile,windows,chrome
DEV_004013,3,0,0,0,0,51.37,17.12333333333333,19.45,0.05262637103890783,0.1134540376191411,0,3,1,0,0.0,0.0,0.0,0.0,1.0,0.3333333333333333,0.0,mobile,android,chrome
DEV_002674,4,0,0,0,0,149.42,37.355,31.625,0.052622128893901624,0.1564421882489751,3,4,0,4,0.0,0.0,0.0,0.75,1.0,0.0,1.0,desktop,android,firefox
DEV_000575,3,0,0,0,0,519.43,173.14333333333332,124.21,0.052614140177408536,0.0787491773527243,2,3,1,0,0.0,0.0,0.0,0.6666666666666666,1.0,0.3333333333333333,0.0,mobile,macos,edge
DEV_001842,14,0,0,0,0,1152.29,82.30642857142857,73.55,0.052572821840036026,0.4652406237007885,9,14,2,0,0.0,0.0,0.0,0.6428571428571429,1.0,0.14285714285714285,0.0,mobile,ios,chrome
DEV_000012,19,0,0,0,0,3158.75,166.25,114.24,0.052518850657782355,0.5835519402537821,8,19,5,0,0.0,0.0,0.0,0.42105263157894735,1.0,0.2631578947368421,0.0,desktop,android,chrome
DEV_000666,3,0,0,0,0,807.79,269.2633333333333,282.76,0.05246121643164726,0.1399662592319134,2,3,0,0,0.0,0.0,0.0,0.6666666666666666,1.0,0.0,0.0,mobile,android,firefox
DEV_005482,11,0,0,0,0,971.78,88.34363636363636,50.83,0.052394971669049696,0.408022047298545,5,8,5,0,0.0,0.0,0.0,0.45454545454545453,0.7272727272727273,0.45454545454545453,0.0,mobile,android,safari
DEV_007385,6,0,0,0,0,1948.8300000000002,324.805,165.535,0.05236523815083804,0.1110560032516477,2,6,0,6,0.0,0.0,0.0,0.3333333333333333,1.0,0.0,1.0,mobile,android,chrome
DEV_005420,11,0,0,0,0,1042.94,94.81272727272727,39.61,0.05232570572476546,0.3753452446458857,3,11,1,0,0.0,0.0,0.0,0.2727272727272727,1.0,0.09090909090909091,0.0,mobile,ios,firefox
DEV_007203,12,0,0,0,0,825.92,68.82666666666667,60.61,0.052282314440596,0.5516553028092152,7,12,2,0,0.0,0.0,0.0,0.5833333333333334,1.0,0.16666666666666666,0.0,mobile,android,chrome
DEV_002266,9,0,0,0,0,822.23,91.35888888888888,85.41,0.05222831153023591,0.2023006331256537,5,9,1,9,0.0,0.0,0.0,0.5555555555555556,1.0,0.1111111111111111,1.0,mobile,ios,edge
DEV_001165,10,0,0,0,0,2564.4300000000003,256.44300000000004,89.92,0.052168480285498975,0.4992886051088179,3,10,1,0,0.0,0.0,0.0,0.3,1.0,0.1,0.0,mobile,ios,chrome
DEV_003664,8,0,0,0,0,1057.27,132.15875,92.56,0.0520734744114868,0.3760412106791113,7,8,0,0,0.0,0.0,0.0,0.875,1.0,0.0,0.0,desktop,android,chrome
DEV_004456,19,0,0,0,1,1085.49,57.131052631578946,51.29,0.05206129529679795,0.7709770359576563,8,19,6,0,0.0,0.0,0.0,0.42105263157894735,1.0,0.3157894736842105,0.0,mobile,android,chrome
DEV_000798,3,0,0,0,0,138.23,46.07666666666666,33.99,0.05204756519134197,0.123540325806635,2,3,1,0,0.0,0.0,0.0,0.6666666666666666,1.0,0.3333333333333333,0.0,tablet,windows,edge
DEV_007256,7,0,0,0,0,2785.65,397.95,300.12,0.05195607546997944,0.3095771077419497,1,7,1,7,0.0,0.0,0.0,0.14285714285714285,1.0,0.14285714285714285,1.0,mobile,windows,chrome
DEV_007150,4,0,0,0,0,1117.03,279.2575,233.16500000000002,0.05189168619977213,0.139295898327179,3,4,0,4,0.0,0.0,0.0,0.75,1.0,0.0,1.0,mobile,windows,chrome
DEV_001993,3,0,0,0,0,997.9300000000001,332.6433333333334,274.61,0.051837439622958136,0.1092760330830236,1,3,1,0,0.0,0.0,0.0,0.3333333333333333,1.0,0.3333333333333333,0.0,desktop,macos,chrome
DEV_004176,8,0,0,0,0,707.24,88.405,37.215,0.0516877218525081,0.3634693856301086,3,8,1,0,0.0,0.0,0.0,0.375,1.0,0.125,0.0,mobile,android,chrome
DEV_006599,9,0,0,0,0,1171.21,130.13444444444445,101.77,0.05164110568865788,0.3101247164409786,6,9,4,0,0.0,0.0,0.0,0.6666666666666666,1.0,0.4444444444444444,0.0,mobile,android,safari
DEV_006915,10,0,0,0,0,320.71,32.071,27.675,0.05163492143906517,0.4570196189989869,4,10,1,0,0.0,0.0,0.0,0.4,1.0,0.1,0.0,mobile,android,edge
DEV_004913,6,0,0,0,0,1177.52,196.25333333333333,199.60000000000002,0.051583218897741874,0.1925390394967066,2,6,0,0,0.0,0.0,0.0,0.3333333333333333,1.0,0.0,0.0,mobile,macos,chrome
DEV_001366,3,0,0,0,0,733.5,244.5,57.51,0.05154104897584397,0.0920461783942667,2,3,1,0,0.0,0.0,0.0,0.6666666666666666,1.0,0.3333333333333333,0.0,mobile,macos,safari
DEV_006840,16,0,0,0,0,1051.94,65.74625,38.535,0.05139004167732331,0.6773059561821778,6,14,3,0,0.0,0.0,0.0,0.375,0.875,0.1875,0.0,mobile,android,chrome
DEV_002358,20,0,0,0,1,2093.99,104.69949999999999,36.18000000000001,0.05135422096457992,0.7188975709127945,11,17,4,0,0.0,0.0,0.0,0.55,0.85,0.2,0.0,desktop,macos,firefox
DEV_005252,7,0,0,0,0,496.09999999999997,70.87142857142857,41.71,0.05128510059743176,0.2807437176921101,4,7,1,0,0.0,0.0,0.0,0.5714285714285714,1.0,0.14285714285714285,0.0,mobile,windows,chrome
DEV_007435,20,0,0,0,0,3890.98,194.549,162.92000000000002,0.05128484586569658,0.6975935035557773,6,17,2,0,0.0,0.0,0.0,0.3,0.85,0.1,0.0,desktop,ios,chrome
DEV_002511,31,1,1,1,0,4050.24,130.65290322580645,95.69,0.05127201246069164,0.9680496329493088,10,27,4,0,0.03225806451612903,0.03225806451612903,0.03225806451612903,0.3225806451612903,0.8709677419354839,0.12903225806451613,0.0,mobile,macos,edge
DEV_006881,24,0,0,0,1,3613.31,150.55458333333334,126.12,0.05117587803509203,0.7573984828413766,16,24,5,0,0.0,0.0,0.0,0.6666666666666666,1.0,0.20833333333333334,0.0,mobile,android,firefox
DEV_004050,3,0,0,0,0,1029.8999999999999,343.29999999999995,44.34,0.051171072685233875,0.1504636606021307,1,3,1,0,0.0,0.0,0.0,0.3333333333333333,1.0,0.3333333333333333,0.0,desktop,macos,safari
DEV_002076,19,0,0,0,1,1441.82,75.88526315789473,58.39,0.0511681077984858,0.8625565119673242,9,13,2,0,0.0,0.0,0.0,0.47368421052631576,0.6842105263157895,0.10526315789473684,0.0,mobile,android,safari
DEV_006120,11,0,0,0,0,1490.37,135.4881818181818,85.07,0.05116137873453623,0.5189821108948034,5,11,4,0,0.0,0.0,0.0,0.45454545454545453,1.0,0.36363636363636365,0.0,mobile,windows,firefox
DEV_007689,5,0,0,0,0,341.42,68.284,70.13,0.0510998860895141,0.245189999116731,3,5,1,0,0.0,0.0,0.0,0.6,1.0,0.2,0.0,tablet,macos,firefox
DEV_002762,10,0,0,0,0,1503.93,150.393,162.125,0.05107079647406372,0.464306348502658,5,6,2,10,0.0,0.0,0.0,0.5,0.6,0.2,1.0,mobile,android,chrome
DEV_003589,9,0,0,0,0,701.52,77.94666666666666,50.91,0.05095854458631692,0.3109931536814905,6,9,2,0,0.0,0.0,0.0,0.6666666666666666,1.0,0.2222222222222222,0.0,desktop,android,chrome
DEV_005376,10,0,0,0,0,765.67,76.567,36.575,0.0509159947594411,0.4212773898143029,3,9,2,0,0.0,0.0,0.0,0.3,0.9,0.2,0.0,desktop,ios,chrome
DEV_007907,15,0,0,0,0,1135.71,75.714,52.53,0.050883523374335396,0.5404030725607007,11,15,5,0,0.0,0.0,0.0,0.7333333333333333,1.0,0.3333333333333333,0.0,mobile,android,safari
DEV_000249,12,0,0,0,0,1131.43,94.28583333333334,97.965,0.05088129144072493,0.5011276704953995,3,5,1,0,0.0,0.0,0.0,0.25,0.4166666666666667,0.08333333333333333,0.0,mobile,ios,edge
DEV_000543,22,1,1,1,0,2698.04,122.63818181818182,43.24,0.050826408644743436,0.9973041824883528,19,22,5,0,0.045454545454545456,0.045454545454545456,0.045454545454545456,0.8636363636363636,1.0,0.22727272727272727,0.0,desktop,ios,chrome
DEV_007775,12,0,0,0,0,1590.67,132.55583333333334,116.435,0.05070656396556617,0.2064110502456951,5,12,2,12,0.0,0.0,0.0,0.4166666666666667,1.0,0.16666666666666666,1.0,mobile,ios,chrome
DEV_007523,9,0,0,0,0,746.65,82.96111111111111,57.8,0.05066225124158382,0.1379847178403654,6,9,2,9,0.0,0.0,0.0,0.6666666666666666,1.0,0.2222222222222222,1.0,mobile,windows,chrome
DEV_004245,5,0,0,0,0,723.79,144.75799999999998,101.02,0.05060763254587236,0.231661062074245,1,4,0,0,0.0,0.0,0.0,0.2,0.8,0.0,0.0,mobile,macos,safari
DEV_001230,11,0,0,0,0,774.2,70.38181818181819,57.35,0.05056683743507819,0.4256095001086538,6,11,2,0,0.0,0.0,0.0,0.5454545454545454,1.0,0.18181818181818182,0.0,mobile,android,chrome
DEV_006512,15,0,0,0,1,892.43,59.49533333333333,26.83,0.050563196705363134,0.7091608359287609,4,6,1,0,0.0,0.0,0.0,0.26666666666666666,0.4,0.06666666666666667,0.0,mobile,android,edge
DEV_004181,13,0,0,0,0,1172.33,90.17923076923077,80.85,0.050534707836896585,0.5651619108852693,3,13,1,0,0.0,0.0,0.0,0.23076923076923078,1.0,0.07692307692307693,0.0,mobile,macos,edge
DEV_001908,28,0,0,0,1,2108.54,75.30499999999999,40.495000000000005,0.05050253888921987,0.8178274748819266,11,20,3,0,0.0,0.0,0.0,0.39285714285714285,0.7142857142857143,0.10714285714285714,0.0,tablet,windows,edge
DEV_001501,13,0,0,0,0,1440.0600000000002,110.77384615384616,60.55,0.05048740671486518,0.3013698224701305,5,12,1,13,0.0,0.0,0.0,0.38461538461538464,0.9230769230769231,0.07692307692307693,1.0,mobile,linux,chrome
DEV_007928,14,0,0,0,0,2240.92,160.06571428571428,128.2,0.05043788512244774,0.51086791137237,8,14,2,0,0.0,0.0,0.0,0.5714285714285714,1.0,0.14285714285714285,0.0,mobile,android,edge
DEV_004596,7,0,0,0,0,626.71,89.53,37.72,0.050313221633371916,0.1472369005323144,5,7,0,0,0.0,0.0,0.0,0.7142857142857143,1.0,0.0,0.0,mobile,android,chrome
DEV_004162,13,0,0,0,0,1767.06,135.9276923076923,83.77,0.05028077264351589,0.5375597458192112,6,12,2,0,0.0,0.0,0.0,0.46153846153846156,0.9230769230769231,0.15384615384615385,0.0,mobile,windows,safari
DEV_007404,17,0,0,0,0,1711.43,100.67235294117647,60.06,0.05024694087811582,0.5185520766665581,9,16,1,17,0.0,0.0,0.0,0.5294117647058824,0.9411764705882353,0.058823529411764705,1.0,mobile,android,edge
DEV_004584,12,0,0,0,0,1216.52,101.37666666666667,58.379999999999995,0.05023976870450986,0.238246082059108,6,12,1,0,0.0,0.0,0.0,0.5,1.0,0.08333333333333333,0.0,mobile,macos,firefox
DEV_006537,16,0,0,0,0,1758.83,109.926875,89.275,0.05017272579383562,0.6533019033087196,8,15,4,0,0.0,0.0,0.0,0.5,0.9375,0.25,0.0,desktop,android,safari
DEV_002143,5,0,0,0,0,277.96999999999997,55.593999999999994,45.27,0.05011069181052291,0.2096229180000345,2,5,2,0,0.0,0.0,0.0,0.4,1.0,0.4,0.0,mobile,android,firefox
DEV_005565,17,0,0,0,0,1751.5900000000001,103.03470588235295,59.82,0.05010050591857947,0.2095288520797576,7,17,3,17,0.0,0.0,0.0,0.4117647058823529,1.0,0.17647058823529413,1.0,mobile,windows,chrome
DEV_003193,7,0,0,0,0,578.96,82.70857142857143,81.21,0.050081199030686196,0.2583856078434722,4,7,1,0,0.0,0.0,0.0,0.5714285714285714,1.0,0.14285714285714285,0.0,mobile,linux,safari
DEV_006511,11,0,0,0,0,1142.05,103.82272727272726,51.45,0.05005405730254885,0.2993051353480129,8,11,1,0,0.0,0.0,0.0,0.7272727272727273,1.0,0.09090909090909091,0.0,mobile,macos,safari
DEV_005935,4,0,0,0,0,599.77,149.9425,127.01,0.050050835765446375,0.1935263516031019,2,4,1,0,0.0,0.0,0.0,0.5,1.0,0.25,0.0,mobile,windows,chrome
DEV_005023,4,0,0,0,0,296.21000000000004,74.05250000000001,83.035,0.04997743994087825,0.1571490595065129,3,4,0,0,0.0,0.0,0.0,0.75,1.0,0.0,0.0,desktop,android,chrome
DEV_002805,15,0,0,0,0,2198.7599999999998,146.58399999999997,170.38,0.049950171811563034,0.4308393169373573,5,8,3,0,0.0,0.0,0.0,0.3333333333333333,0.5333333333333333,0.2,0.0,mobile,macos,edge
DEV_000393,8,0,0,0,0,1322.8500000000001,165.35625000000002,89.57,0.049918871574412285,0.1962376606985864,6,8,2,8,0.0,0.0,0.0,0.75,1.0,0.25,1.0,desktop,windows,edge
DEV_002417,40,1,1,1,0,2714.16,67.854,43.625,0.04990014808961975,0.938413652389536,19,33,6,0,0.025,0.025,0.025,0.475,0.825,0.15,0.0,mobile,windows,firefox
DEV_002798,12,0,0,0,0,696.92,58.07666666666666,41.05,0.04988191388120753,0.3094416119073117,3,12,3,0,0.0,0.0,0.0,0.25,1.0,0.25,0.0,desktop,ios,safari
DEV_005169,17,0,0,0,1,1525.59,89.74058823529411,43.84,0.04985486678317439,0.7466017742607997,10,17,5,0,0.0,0.0,0.0,0.5882352941176471,1.0,0.29411764705882354,0.0,desktop,windows,chrome
DEV_003298,14,0,0,0,0,1801.26,128.66142857142856,65.685,0.04985437178450138,0.5597659767694683,12,14,2,14,0.0,0.0,0.0,0.8571428571428571,1.0,0.14285714285714285,1.0,mobile,macos,firefox
DEV_000960,7,0,0,0,0,853.35,121.90714285714286,98.38,0.049791535227407514,0.3066440604456935,3,4,1,7,0.0,0.0,0.0,0.42857142857142855,0.5714285714285714,0.14285714285714285,1.0,mobile,android,chrome
DEV_000698,9,0,0,0,0,636.9100000000001,70.76777777777778,68.4,0.04977272556655641,0.3830409470595679,4,9,3,9,0.0,0.0,0.0,0.4444444444444444,1.0,0.3333333333333333,1.0,desktop,android,chrome
DEV_007409,7,0,0,0,0,1363.17,194.73857142857145,135.88,0.04973285512324869,0.2876982319552293,3,4,1,0,0.0,0.0,0.0,0.42857142857142855,0.5714285714285714,0.14285714285714285,0.0,mobile,ios,chrome
DEV_001749,6,0,0,0,0,680.7,113.45,86.33500000000001,0.04971257914697308,0.1774984796606669,3,6,0,0,0.0,0.0,0.0,0.5,1.0,0.0,0.0,desktop,macos,safari
DEV_007464,20,0,0,0,0,3406.66,170.333,49.885000000000005,0.04970867312485232,0.6020620482465698,9,18,3,20,0.0,0.0,0.0,0.45,0.9,0.15,1.0,mobile,android,firefox
DEV_003793,31,0,0,0,0,4627.86,149.2858064516129,45.18,0.049674963678100266,0.6426593433034616,14,30,8,0,0.0,0.0,0.0,0.45161290322580644,0.967741935483871,0.25806451612903225,0.0,mobile,ios,chrome
DEV_002815,3,0,0,0,0,120.1,40.03333333333333,36.27,0.0495987985388635,0.1425405082421578,2,3,1,0,0.0,0.0,0.0,0.6666666666666666,1.0,0.3333333333333333,0.0,mobile,ios,safari
DEV_001207,3,0,0,0,0,248.37,82.79,79.5,0.04953872628397383,0.0952188543541344,1,3,0,0,0.0,0.0,0.0,0.3333333333333333,1.0,0.0,0.0,mobile,android,firefox
DEV_006850,20,0,0,0,0,3362.8,168.14000000000001,147.14,0.04949802443213685,0.4676729276835752,7,15,4,0,0.0,0.0,0.0,0.35,0.75,0.2,0.0,mobile,windows,chrome
DEV_007445,21,0,0,0,0,4929.59,234.74238095238096,189.12,0.049451663901220654,0.2572089769534247,11,21,2,0,0.0,0.0,0.0,0.5238095238095238,1.0,0.09523809523809523,0.0,desktop,ios,firefox
DEV_007232,4,0,0,0,0,282.76,70.69,33.065,0.04940528767826828,0.1971248756610955,2,4,0,0,0.0,0.0,0.0,0.5,1.0,0.0,0.0,mobile,android,safari
DEV_006550,8,0,0,0,0,838.95,104.86875,50.239999999999995,0.04933732401485245,0.2029718122628027,8,8,0,0,0.0,0.0,0.0,1.0,1.0,0.0,0.0,mobile,android,edge
DEV_003760,11,0,0,0,0,705.14,64.10363636363637,38.59,0.049322123178580084,0.2488042794198809,8,11,0,11,0.0,0.0,0.0,0.7272727272727273,1.0,0.0,1.0,mobile,ios,chrome
DEV_004924,5,0,0,0,0,980.76,196.152,194.75,0.0492996526754847,0.1732711322528428,4,4,1,5,0.0,0.0,0.0,0.8,0.8,0.2,1.0,mobile,android,edge
DEV_004422,14,0,0,0,0,1604.29,114.59214285714286,88.78999999999999,0.049189167588950526,0.589915705978673,9,13,2,0,0.0,0.0,0.0,0.6428571428571429,0.9285714285714286,0.14285714285714285,0.0,mobile,windows,safari
DEV_004112,10,0,0,0,0,2206.22,220.62199999999999,105.85499999999999,0.04918696287356506,0.3357526756336947,2,9,2,0,0.0,0.0,0.0,0.2,0.9,0.2,0.0,mobile,ios,safari
DEV_001823,4,0,0,0,0,390.19,97.5475,59.105,0.0491616622482812,0.1619709856247799,2,4,1,0,0.0,0.0,0.0,0.5,1.0,0.25,0.0,mobile,android,safari
DEV_003025,7,0,0,0,0,400.13,57.16142857142857,38.01,0.04914743979306301,0.3344988664613875,2,7,1,0,0.0,0.0,0.0,0.2857142857142857,1.0,0.14285714285714285,0.0,mobile,macos,safari
DEV_003998,4,0,0,0,0,129.17000000000002,32.292500000000004,29.85,0.04913034934063705,0.1954713457896243,2,4,1,0,0.0,0.0,0.0,0.5,1.0,0.25,0.0,desktop,macos,chrome
DEV_004243,8,0,0,0,0,557.1800000000001,69.64750000000001,39.335,0.04909337577400614,0.373197664740072,2,7,1,0,0.0,0.0,0.0,0.25,0.875,0.125,0.0,mobile,ios,chrome
DEV_003325,15,0,0,0,0,2374.41,158.29399999999998,104.55,0.04900846626562106,0.4348790822577584,9,15,4,0,0.0,0.0,0.0,0.6,1.0,0.26666666666666666,0.0,mobile,windows,chrome
DEV_002867,4,0,0,0,0,394.65,98.6625,56.725,0.0489996291655891,0.186073759674668,2,4,1,0,0.0,0.0,0.0,0.5,1.0,0.25,0.0,desktop,windows,chrome
DEV_003142,13,0,0,0,0,1327.0,102.07692307692308,49.16,0.048992273750851564,0.5420637955392065,5,10,3,0,0.0,0.0,0.0,0.38461538461538464,0.7692307692307693,0.23076923076923078,0.0,mobile,android,chrome
DEV_001174,6,0,0,0,0,751.22,125.20333333333333,94.5,0.048959196008258765,0.2046504804511189,2,6,1,6,0.0,0.0,0.0,0.3333333333333333,1.0,0.16666666666666666,1.0,mobile,windows,firefox
DEV_002034,17,1,0,0,0,1809.15,106.42058823529412,48.2,0.04895864454530112,0.448656254909134,9,12,1,0,0.058823529411764705,0.0,0.0,0.5294117647058824,0.7058823529411765,0.058823529411764705,0.0,mobile,macos,chrome
DEV_007821,8,0,0,0,0,1628.48,203.56,92.64500000000001,0.04893835075234145,0.1738156677818569,4,5,1,0,0.0,0.0,0.0,0.5,0.625,0.125,0.0,mobile,macos,chrome
DEV_006025,12,0,0,0,0,1157.01,96.4175,54.5,0.048843518100743964,0.2654638939553981,3,10,3,12,0.0,0.0,0.0,0.25,0.8333333333333334,0.25,1.0,desktop,linux,firefox
DEV_004155,4,0,0,0,0,52.77,13.1925,9.834999999999999,0.04882249423235953,0.1853475675189197,3,4,0,4,0.0,0.0,0.0,0.75,1.0,0.0,1.0,mobile,linux,chrome
DEV_001114,10,0,0,0,0,1549.31,154.93099999999998,71.095,0.04875819683548213,0.4750641522415644,5,8,0,0,0.0,0.0,0.0,0.5,0.8,0.0,0.0,desktop,android,safari
DEV_007977,6,0,0,0,0,274.01,45.66833333333333,19.88,0.04869458737146665,0.1422883650716819,3,6,3,0,0.0,0.0,0.0,0.5,1.0,0.5,0.0,mobile,ios,safari
DEV_005354,3,0,0,0,0,298.12,99.37333333333333,35.82,0.04863921123495366,0.1338034743052822,3,3,0,3,0.0,0.0,0.0,1.0,1.0,0.0,1.0,mobile,macos,chrome
DEV_003983,11,0,0,0,0,1041.36,94.6690909090909,78.69,0.048628010072554156,0.4908138009381573,9,11,2,0,0.0,0.0,0.0,0.8181818181818182,1.0,0.18181818181818182,0.0,tablet,android,chrome
DEV_004949,9,0,0,0,0,1747.07,194.11888888888888,130.78,0.04838391500777187,0.2114372738698607,7,9,2,0,0.0,0.0,0.0,0.7777777777777778,1.0,0.2222222222222222,0.0,mobile,ios,chrome
DEV_003395,11,0,0,0,0,1199.95,109.08636363636364,58.87,0.0483777713262653,0.4589535152164804,8,9,3,0,0.0,0.0,0.0,0.7272727272727273,0.8181818181818182,0.2727272727272727,0.0,mobile,android,edge
DEV_003229,17,0,0,0,0,4088.93,240.52529411764704,171.0,0.048278959664910255,0.502977772726147,8,15,5,0,0.0,0.0,0.0,0.47058823529411764,0.8823529411764706,0.29411764705882354,0.0,desktop,android,chrome
DEV_002652,6,0,0,0,0,774.54,129.09,81.38,0.0481797014200695,0.1183685595107476,4,6,2,0,0.0,0.0,0.0,0.6666666666666666,1.0,0.3333333333333333,0.0,mobile,windows,chrome
DEV_001889,14,0,0,0,0,1428.48,102.03428571428572,91.12,0.048093768919623636,0.5886146642203437,11,14,1,0,0.0,0.0,0.0,0.7857142857142857,1.0,0.07142857142857142,0.0,mobile,android,chrome
DEV_000565,5,0,0,0,0,1824.1000000000001,364.82000000000005,320.97,0.04808367496582028,0.2045147355608269,4,5,0,0,0.0,0.0,0.0,0.8,1.0,0.0,0.0,mobile,ios,safari
DEV_001428,15,0,0,0,0,2267.49,151.166,119.39,0.048071088887469235,0.4401534757536345,6,13,3,0,0.0,0.0,0.0,0.4,0.8666666666666667,0.2,0.0,mobile,ios,chrome
DEV_002113,4,0,0,0,0,444.6,111.15,75.905,0.04804494966482922,0.0971242452185675,1,3,2,0,0.0,0.0,0.0,0.25,0.75,0.5,0.0,desktop,android,chrome
DEV_003707,17,0,0,0,0,2337.13,137.47823529411767,112.57,0.04796133195974503,0.6178598932416002,9,17,4,0,0.0,0.0,0.0,0.5294117647058824,1.0,0.23529411764705882,0.0,mobile,android,edge
DEV_003314,11,0,0,0,0,960.8800000000001,87.35272727272728,76.15,0.047808235945324434,0.1646090154004746,9,11,0,0,0.0,0.0,0.0,0.8181818181818182,1.0,0.0,0.0,mobile,macos,firefox
DEV_005624,4,0,0,0,0,352.81,88.2025,44.175,0.047690437475185796,0.1900750206190349,3,4,0,0,0.0,0.0,0.0,0.75,1.0,0.0,0.0,mobile,macos,safari
DEV_006464,8,0,0,0,0,992.76,124.095,68.675,0.047688486769579146,0.3622517733235109,7,8,1,8,0.0,0.0,0.0,0.875,1.0,0.125,1.0,mobile,macos,chrome
DEV_002740,17,0,0,0,0,2223.5,130.7941176470588,122.63,0.047684489462204806,0.4512807887121821,12,17,2,0,0.0,0.0,0.0,0.7058823529411765,1.0,0.11764705882352941,0.0,desktop,ios,safari
DEV_001680,30,0,0,0,0,3756.0299999999997,125.201,89.825,0.047634487628127956,0.6824524933122178,14,29,5,0,0.0,0.0,0.0,0.4666666666666667,0.9666666666666667,0.16666666666666666,0.0,mobile,macos,safari
DEV_006817,15,0,0,0,0,1899.21,126.614,65.86,0.047598845843677115,0.2265492771473727,6,15,0,15,0.0,0.0,0.0,0.4,1.0,0.0,1.0,desktop,ios,safari
DEV_005673,9,0,0,0,0,536.65,59.62777777777777,66.13,0.04755090079362679,0.3317465406142078,6,9,0,0,0.0,0.0,0.0,0.6666666666666666,1.0,0.0,0.0,mobile,macos,chrome
DEV_004369,13,0,0,0,0,1387.04,106.69538461538461,84.09,0.04745554253818667,0.3739565968277016,7,10,4,0,0.0,0.0,0.0,0.5384615384615384,0.7692307692307693,0.3076923076923077,0.0,mobile,ios,chrome
DEV_000913,8,0,0,0,0,416.96999999999997,52.121249999999996,22.439999999999998,0.04723757246616679,0.154024967325519,7,8,1,8,0.0,0.0,0.0,0.875,1.0,0.125,1.0,tablet,android,chrome
DEV_003080,8,0,0,0,0,482.9,60.3625,48.965,0.0472320004210765,0.2661155065150904,2,5,1,8,0.0,0.0,0.0,0.25,0.625,0.125,1.0,mobile,macos,chrome
DEV_003938,9,0,0,0,0,802.9,89.21111111111111,56.56,0.047180737261444346,0.4129592425489887,5,7,4,0,0.0,0.0,0.0,0.5555555555555556,0.7777777777777778,0.4444444444444444,0.0,tablet,macos,chrome
DEV_005427,14,0,0,0,0,514.28,36.73428571428571,22.485,0.04712904220233749,0.6144816163379414,8,12,5,0,0.0,0.0,0.0,0.5714285714285714,0.8571428571428571,0.35714285714285715,0.0,mobile,macos,chrome
DEV_003837,5,0,0,0,0,748.4499999999999,149.69,114.19,0.047124588212353005,0.1452517979977854,1,4,1,0,0.0,0.0,0.0,0.2,0.8,0.2,0.0,desktop,android,chrome
DEV_003780,16,0,0,0,0,1998.78,124.92375,84.495,0.04706236124177385,0.6577334937832359,3,15,2,0,0.0,0.0,0.0,0.1875,0.9375,0.125,0.0,mobile,windows,firefox
DEV_005852,7,0,0,0,0,1296.02,185.1457142857143,116.96,0.046972716190964325,0.3024040135379253,2,3,0,7,0.0,0.0,0.0,0.2857142857142857,0.42857142857142855,0.0,1.0,mobile,linux,firefox
DEV_005735,14,0,0,0,0,2123.44,151.67428571428573,100.975,0.04693404529773536,0.5401086842511242,5,14,3,0,0.0,0.0,0.0,0.35714285714285715,1.0,0.21428571428571427,0.0,mobile,windows,chrome
DEV_000145,19,0,0,0,0,2378.87,125.2036842105263,65.23,0.046806344235159524,0.2353353639671327,10,19,4,19,0.0,0.0,0.0,0.5263157894736842,1.0,0.21052631578947367,1.0,mobile,ios,firefox
DEV_002695,13,0,0,0,0,1236.45,95.11153846153846,48.08,0.046805103364673924,0.4105843323345328,7,12,3,0,0.0,0.0,0.0,0.5384615384615384,0.9230769230769231,0.23076923076923078,0.0,mobile,android,firefox
DEV_007553,4,0,0,0,0,595.38,148.845,161.535,0.04675786622804852,0.1281392916562208,3,4,0,0,0.0,0.0,0.0,0.75,1.0,0.0,0.0,desktop,android,safari
DEV_006435,4,0,0,0,0,283.18,70.795,34.074999999999996,0.04675283770592518,0.1545435098406728,2,4,0,4,0.0,0.0,0.0,0.5,1.0,0.0,1.0,mobile,windows,chrome
DEV_004640,6,0,0,0,0,1052.3,175.38333333333333,142.92000000000002,0.04667781223074912,0.1510320490402322,2,6,1,6,0.0,0.0,0.0,0.3333333333333333,1.0,0.16666666666666666,1.0,mobile,linux,chrome
DEV_006783,9,0,0,0,0,378.38,42.04222222222222,44.61,0.04659091992158582,0.4036481217117685,3,4,1,9,0.0,0.0,0.0,0.3333333333333333,0.4444444444444444,0.1111111111111111,1.0,desktop,linux,edge
DEV_002376,13,0,0,0,0,1813.3600000000001,139.48923076923077,66.74,0.04654125142822178,0.2957704235223515,7,12,2,0,0.0,0.0,0.0,0.5384615384615384,0.9230769230769231,0.15384615384615385,0.0,mobile,windows,safari
DEV_001471,5,0,0,0,0,571.0699999999999,114.21399999999998,37.0,0.04652296728764292,0.1670497796047905,4,5,1,0,0.0,0.0,0.0,0.8,1.0,0.2,0.0,desktop,windows,safari
DEV_000852,6,0,0,0,0,607.3100000000001,101.21833333333335,80.19,0.046494986736036865,0.0965986740641767,2,6,1,0,0.0,0.0,0.0,0.3333333333333333,1.0,0.16666666666666666,0.0,mobile,macos,chrome
DEV_001458,3,0,0,0,0,266.07,88.69,87.8,0.0464206943407675,0.120584628032738,3,3,0,0,0.0,0.0,0.0,1.0,1.0,0.0,0.0,tablet,ios,chrome
DEV_002904,4,0,0,0,0,348.38,87.095,59.815000000000005,0.0463941826810651,0.1382705149020965,3,4,0,4,0.0,0.0,0.0,0.75,1.0,0.0,1.0,tablet,android,chrome
DEV_007211,21,0,0,0,0,1804.06,85.90761904761905,64.78,0.04630342631938885,0.3664862920673614,10,19,3,0,0.0,0.0,0.0,0.47619047619047616,0.9047619047619048,0.14285714285714285,0.0,mobile,windows,edge
DEV_005116,6,0,0,0,0,1421.0,236.83333333333334,103.205,0.046300587994302055,0.2373793213494445,3,5,0,0,0.0,0.0,0.0,0.5,0.8333333333333334,0.0,0.0,mobile,windows,chrome
DEV_002733,4,0,0,0,0,731.76,182.94,203.86,0.0462767576648754,0.1621614835983863,2,4,0,4,0.0,0.0,0.0,0.5,1.0,0.0,1.0,desktop,android,chrome
DEV_001642,3,0,0,0,0,253.59000000000003,84.53000000000002,63.46,0.04627140057439614,0.1270425810402034,1,3,0,3,0.0,0.0,0.0,0.3333333333333333,1.0,0.0,1.0,mobile,android,safari
DEV_006068,22,0,0,0,0,3331.89,151.44954545454544,92.475,0.046252291662342876,0.3231331284625974,9,22,4,0,0.0,0.0,0.0,0.4090909090909091,1.0,0.18181818181818182,0.0,desktop,ios,chrome
DEV_004086,14,1,0,0,0,1616.02,115.42999999999999,65.95,0.046220335208126705,0.5730422948770778,8,14,3,0,0.07142857142857142,0.0,0.0,0.5714285714285714,1.0,0.21428571428571427,0.0,mobile,ios,chrome
DEV_005532,4,0,0,0,0,721.59,180.3975,121.855,0.04619996187039885,0.1632046257842448,4,4,0,4,0.0,0.0,0.0,1.0,1.0,0.0,1.0,desktop,android,chrome
DEV_006913,20,0,0,0,0,3531.56,176.578,109.83,0.04613388404538671,0.418718755307134,9,16,3,0,0.0,0.0,0.0,0.45,0.8,0.15,0.0,mobile,android,safari
DEV_005719,14,0,0,0,0,1953.75,139.55357142857142,120.85999999999999,0.04610295291915596,0.5273674713605012,5,14,3,0,0.0,0.0,0.0,0.35714285714285715,1.0,0.21428571428571427,0.0,mobile,ios,chrome
DEV_007881,25,1,0,0,1,2669.19,106.7676,68.24,0.046059623496248835,0.7319614657444216,14,25,4,0,0.04,0.0,0.0,0.56,1.0,0.16,0.0,mobile,android,edge
DEV_004105,4,0,0,0,0,909.24,227.31,175.315,0.046025008509876626,0.1142381037768815,2,4,0,0,0.0,0.0,0.0,0.5,1.0,0.0,0.0,mobile,android,safari
DEV_000415,6,0,0,0,0,670.17,111.695,82.015,0.04599345505851019,0.2539336619898562,4,6,1,0,0.0,0.0,0.0,0.6666666666666666,1.0,0.16666666666666666,0.0,mobile,windows,safari
DEV_002496,15,0,0,0,0,551.22,36.748000000000005,24.44,0.045982419324924334,0.4028145212237144,7,15,4,0,0.0,0.0,0.0,0.4666666666666667,1.0,0.26666666666666666,0.0,mobile,macos,firefox
DEV_000553,7,0,0,0,0,1624.68,232.09714285714287,94.13,0.045951375684646176,0.2035475120524593,2,7,0,7,0.0,0.0,0.0,0.2857142857142857,1.0,0.0,1.0,mobile,android,chrome
DEV_002728,5,0,0,0,0,562.27,112.454,89.48,0.045941085037814536,0.1283694592832442,2,5,0,5,0.0,0.0,0.0,0.4,1.0,0.0,1.0,desktop,android,firefox
DEV_004150,8,0,0,0,0,1128.03,141.00375,129.48000000000002,0.045931411061080375,0.2668625310616897,3,7,1,0,0.0,0.0,0.0,0.375,0.875,0.125,0.0,mobile,ios,chrome
DEV_007254,3,0,0,0,0,431.18,143.72666666666666,81.29,0.045922656863618204,0.073580843603887,1,3,0,3,0.0,0.0,0.0,0.3333333333333333,1.0,0.0,1.0,mobile,android,chrome
DEV_003748,10,0,0,0,0,1861.08,186.108,119.505,0.04584075163941722,0.2819156109533663,4,9,4,0,0.0,0.0,0.0,0.4,0.9,0.4,0.0,mobile,ios,safari
DEV_003595,6,0,0,0,0,540.68,90.11333333333333,66.85,0.04567788285062165,0.1366666444316554,3,6,0,6,0.0,0.0,0.0,0.5,1.0,0.0,1.0,mobile,windows,chrome
DEV_003621,10,0,0,0,0,534.25,53.425,48.305,0.045668279738709086,0.3549868447995538,4,10,2,0,0.0,0.0,0.0,0.4,1.0,0.2,0.0,desktop,ios,chrome
DEV_003336,21,0,0,0,0,2910.29,138.58523809523808,63.58,0.04566633761920012,0.332483465406784,14,20,2,0,0.0,0.0,0.0,0.6666666666666666,0.9523809523809523,0.09523809523809523,0.0,desktop,android,chrome
DEV_006902,15,0,0,0,0,1944.3,129.62,65.26,0.045651696543009775,0.6549881777328662,7,15,3,0,0.0,0.0,0.0,0.4666666666666667,1.0,0.2,0.0,mobile,android,safari
DEV_000545,3,0,0,0,0,799.33,266.4433333333333,322.77,0.0455990777624174,0.0992872622335634,2,3,1,0,0.0,0.0,0.0,0.6666666666666666,1.0,0.3333333333333333,0.0,mobile,macos,safari
DEV_007786,14,1,0,0,0,1034.58,73.89857142857143,39.3,0.04553959505640915,0.5743936611721141,6,14,3,14,0.07142857142857142,0.0,0.0,0.42857142857142855,1.0,0.21428571428571427,1.0,mobile,windows,firefox
DEV_005472,20,0,0,0,1,2571.18,128.559,86.655,0.04552973938930631,0.7535298774375169,11,17,3,0,0.0,0.0,0.0,0.55,0.85,0.15,0.0,mobile,android,firefox
DEV_003561,12,0,0,0,0,1516.44,126.37,120.6,0.04549632898728544,0.4152577953056725,2,11,1,0,0.0,0.0,0.0,0.16666666666666666,0.9166666666666666,0.08333333333333333,0.0,desktop,linux,safari
DEV_002954,15,0,0,0,0,1247.88,83.19200000000001,38.92,0.04544922273093211,0.59919864679977,6,15,2,0,0.0,0.0,0.0,0.4,1.0,0.13333333333333333,0.0,mobile,android,firefox
DEV_006064,12,0,0,0,0,1814.63,151.21916666666667,116.145,0.04531252595613788,0.3266856182077886,4,12,0,0,0.0,0.0,0.0,0.3333333333333333,1.0,0.0,0.0,tablet,android,chrome
DEV_007414,6,0,0,0,0,1369.45,228.24166666666667,171.875,0.04531095242907312,0.1029688557669927,3,6,2,0,0.0,0.0,0.0,0.5,1.0,0.3333333333333333,0.0,mobile,ios,safari
DEV_006403,11,0,0,0,0,1886.6,171.5090909090909,132.17,0.04527910023115175,0.4686143802807511,7,11,2,0,0.0,0.0,0.0,0.6363636363636364,1.0,0.18181818181818182,0.0,mobile,ios,safari
DEV_003019,16,0,0,0,0,1848.19,115.511875,84.89,0.045158966022669486,0.6295906847128528,7,13,4,0,0.0,0.0,0.0,0.4375,0.8125,0.25,0.0,mobile,ios,chrome
DEV_005936,10,0,0,0,0,1698.49,169.849,170.77499999999998,0.04513059824044351,0.2843331800225782,5,10,0,0,0.0,0.0,0.0,0.5,1.0,0.0,0.0,mobile,macos,chrome
DEV_003687,7,0,0,0,0,600.54,85.79142857142857,49.89,0.04489432246999373,0.180093346471412,2,7,1,0,0.0,0.0,0.0,0.2857142857142857,1.0,0.14285714285714285,0.0,mobile,ios,firefox
DEV_001722,12,0,0,0,0,903.52,75.29333333333334,78.555,0.044827036422320304,0.2768186919259364,1,5,2,0,0.0,0.0,0.0,0.08333333333333333,0.4166666666666667,0.16666666666666666,0.0,mobile,windows,firefox
DEV_004253,7,0,0,0,0,692.87,98.98142857142857,79.92,0.04476399931843224,0.2335921424143121,3,7,0,0,0.0,0.0,0.0,0.42857142857142855,1.0,0.0,0.0,mobile,macos,firefox
DEV_005062,5,0,0,0,0,311.54999999999995,62.30999999999999,67.19,0.044752053508577784,0.2166664307361811,3,4,1,0,0.0,0.0,0.0,0.6,0.8,0.2,0.0,mobile,android,chrome
DEV_006994,4,0,0,0,0,426.41,106.6025,109.51,0.044747074306425876,0.1627328503788504,1,4,0,0,0.0,0.0,0.0,0.25,1.0,0.0,0.0,mobile,windows,chrome
DEV_001556,18,0,0,0,1,1017.16,56.50888888888889,34.614999999999995,0.04470137621877976,0.738538488824759,4,18,3,0,0.0,0.0,0.0,0.2222222222222222,1.0,0.16666666666666666,0.0,mobile,android,safari
DEV_004906,7,0,0,0,0,2169.66,309.95142857142855,288.53,0.04469776419482981,0.170227155229352,4,7,0,0,0.0,0.0,0.0,0.5714285714285714,1.0,0.0,0.0,mobile,ios,safari
DEV_006384,17,0,0,0,0,1423.11,83.71235294117646,75.23,0.04469073861502178,0.5872754869638398,12,17,3,0,0.0,0.0,0.0,0.7058823529411765,1.0,0.17647058823529413,0.0,mobile,ios,chrome
DEV_002729,18,0,0,0,0,1778.49,98.805,60.894999999999996,0.04468918796074746,0.5664300389770821,10,18,1,0,0.0,0.0,0.0,0.5555555555555556,1.0,0.05555555555555555,0.0,mobile,android,safari
DEV_005831,13,0,0,0,0,2768.93,212.99461538461537,119.06,0.044628285895340916,0.314014723895544,10,11,0,0,0.0,0.0,0.0,0.7692307692307693,0.8461538461538461,0.0,0.0,desktop,macos,firefox
DEV_002251,15,0,0,0,0,1950.5900000000001,130.03933333333333,87.5,0.04455912886819421,0.4495269979326002,6,8,2,0,0.0,0.0,0.0,0.4,0.5333333333333333,0.13333333333333333,0.0,mobile,android,firefox
DEV_005016,20,0,0,0,0,1618.87,80.9435,50.849999999999994,0.04455398328677088,0.3719149902137613,13,19,2,20,0.0,0.0,0.0,0.65,0.95,0.1,1.0,mobile,linux,edge
DEV_007273,28,1,0,0,1,3142.87,112.24535714285715,62.394999999999996,0.044532359682297906,0.8212972365923936,11,24,4,0,0.03571428571428571,0.0,0.0,0.39285714285714285,0.8571428571428571,0.14285714285714285,0.0,mobile,windows,chrome
DEV_004240,12,0,0,0,0,1539.61,128.30083333333332,64.97999999999999,0.044482021234346115,0.1646962050127963,5,12,2,12,0.0,0.0,0.0,0.4166666666666667,1.0,0.16666666666666666,1.0,mobile,windows,chrome
DEV_005605,3,0,0,0,0,787.26,262.42,98.38,0.04443175582268224,0.1065252622852059,3,3,0,0,0.0,0.0,0.0,1.0,1.0,0.0,0.0,desktop,ios,firefox
DEV_001028,7,0,0,0,0,795.3199999999999,113.61714285714285,46.41,0.04425694933866518,0.2788486313579765,3,7,1,7,0.0,0.0,0.0,0.42857142857142855,1.0,0.14285714285714285,1.0,mobile,android,firefox
DEV_000447,4,0,0,0,0,650.07,162.5175,90.21000000000001,0.04424043485887695,0.1672339358920806,4,4,1,0,0.0,0.0,0.0,1.0,1.0,0.25,0.0,mobile,macos,edge
DEV_001893,7,0,0,0,0,913.74,130.53428571428572,73.41,0.044140056245616184,0.2810438227590623,3,7,2,0,0.0,0.0,0.0,0.42857142857142855,1.0,0.2857142857142857,0.0,mobile,ios,chrome
DEV_000754,5,0,0,0,0,873.85,174.77,70.05,0.04411074638957118,0.107659347362128,1,3,0,0,0.0,0.0,0.0,0.2,0.6,0.0,0.0,mobile,android,chrome
DEV_001053,3,0,0,0,0,193.3,64.43333333333334,8.77,0.04410674230146184,0.1319540241344752,0,1,0,3,0.0,0.0,0.0,0.0,0.3333333333333333,0.0,1.0,mobile,android,chrome
DEV_006419,6,0,0,0,0,487.15999999999997,81.19333333333333,74.8,0.044062117130072485,0.1897826669721578,4,5,2,0,0.0,0.0,0.0,0.6666666666666666,0.8333333333333334,0.3333333333333333,0.0,mobile,windows,chrome
DEV_007169,7,0,0,0,0,1289.77,184.25285714285715,130.94,0.04405835289220979,0.2111262035790451,3,6,1,0,0.0,0.0,0.0,0.42857142857142855,0.8571428571428571,0.14285714285714285,0.0,desktop,ios,chrome
DEV_000633,4,0,0,0,0,146.63,36.6575,25.745,0.043984413231606845,0.1728398111761356,2,4,1,0,0.0,0.0,0.0,0.5,1.0,0.25,0.0,mobile,windows,safari
DEV_000828,13,0,0,0,0,827.89,63.683846153846154,63.25,0.043937013668087936,0.3313190802958638,12,13,1,0,0.0,0.0,0.0,0.9230769230769231,1.0,0.07692307692307693,0.0,mobile,android,firefox
DEV_007473,7,0,0,0,0,565.36,80.76571428571428,21.51,0.0438554199344461,0.2506384182617293,1,2,0,7,0.0,0.0,0.0,0.14285714285714285,0.2857142857142857,0.0,1.0,mobile,android,chrome
DEV_000440,21,0,0,0,1,1591.1399999999999,75.76857142857142,48.14,0.04382106857658003,0.7935161920344244,10,21,4,21,0.0,0.0,0.0,0.47619047619047616,1.0,0.19047619047619047,1.0,mobile,macos,chrome
DEV_002938,11,0,0,0,0,790.2099999999999,71.83727272727272,20.24,0.04381480614798693,0.3182183011535305,6,11,2,11,0.0,0.0,0.0,0.5454545454545454,1.0,0.18181818181818182,1.0,mobile,android,firefox
DEV_007084,10,0,0,0,0,755.06,75.506,39.144999999999996,0.0438014221239095,0.408640681161547,3,10,1,0,0.0,0.0,0.0,0.3,1.0,0.1,0.0,mobile,macos,chrome
DEV_001243,3,0,0,0,0,184.98,61.66,50.76,0.04374799229915024,0.1302961328174198,1,1,0,0,0.0,0.0,0.0,0.3333333333333333,0.3333333333333333,0.0,0.0,desktop,windows,edge
DEV_007942,22,0,0,0,0,4509.23,204.96499999999997,122.96,0.043670807516136716,0.3003573414945509,6,22,3,0,0.0,0.0,0.0,0.2727272727272727,1.0,0.13636363636363635,0.0,mobile,windows,chrome
DEV_004071,22,0,0,0,0,2020.1699999999998,91.82590909090908,50.1,0.043626401499565155,0.558614460090356,11,21,1,0,0.0,0.0,0.0,0.5,0.9545454545454546,0.045454545454545456,0.0,mobile,ios,chrome
DEV_002094,20,0,0,0,0,1576.02,78.801,40.72,0.04358552088897307,0.6554059851812559,15,19,3,0,0.0,0.0,0.0,0.75,0.95,0.15,0.0,desktop,macos,safari
DEV_001259,17,0,0,0,0,1191.81,70.1064705882353,49.59,0.04350551088311987,0.3720317270171042,7,14,3,0,0.0,0.0,0.0,0.4117647058823529,0.8235294117647058,0.17647058823529413,0.0,desktop,ios,safari
DEV_002294,8,0,0,0,0,673.21,84.15125,58.41,0.04347511088216342,0.3056853001371895,2,8,1,8,0.0,0.0,0.0,0.25,1.0,0.125,1.0,desktop,windows,chrome
DEV_005727,13,0,0,0,0,1012.74,77.90307692307692,53.29,0.0434585764135516,0.5442942838600471,10,11,2,0,0.0,0.0,0.0,0.7692307692307693,0.8461538461538461,0.15384615384615385,0.0,desktop,linux,chrome
DEV_004078,5,0,0,0,0,1101.56,220.31199999999998,145.25,0.04344687997331636,0.1825332926465309,1,2,0,0,0.0,0.0,0.0,0.2,0.4,0.0,0.0,desktop,android,safari
DEV_001236,12,0,0,0,0,359.9,29.991666666666664,17.33,0.04341251324272675,0.4566418363913677,4,12,2,12,0.0,0.0,0.0,0.3333333333333333,1.0,0.16666666666666666,1.0,mobile,windows,chrome
DEV_007205,3,0,0,0,0,444.75,148.25,104.25,0.04337492174482873,0.1142958624103283,2,3,1,0,0.0,0.0,0.0,0.6666666666666666,1.0,0.3333333333333333,0.0,mobile,windows,chrome
DEV_003653,12,0,0,0,0,1409.95,117.49583333333334,90.805,0.04336427457680822,0.4429449031968178,7,12,0,0,0.0,0.0,0.0,0.5833333333333334,1.0,0.0,0.0,desktop,ios,chrome
DEV_000487,7,0,0,0,0,959.91,137.13,104.46,0.043343976372242646,0.135521778882831,2,3,0,0,0.0,0.0,0.0,0.2857142857142857,0.42857142857142855,0.0,0.0,mobile,android,safari
DEV_003951,16,0,0,0,0,2261.98,141.37375,87.54499999999999,0.04332151644051685,0.6038459638831565,3,9,5,0,0.0,0.0,0.0,0.1875,0.5625,0.3125,0.0,tablet,android,firefox
DEV_006597,5,0,0,0,0,324.54,64.908,77.51,0.04324409207709003,0.1314140199902164,4,5,0,5,0.0,0.0,0.0,0.8,1.0,0.0,1.0,desktop,macos,edge
DEV_001283,15,0,0,0,0,849.37,56.62466666666667,28.89,0.04323128621391951,0.3082263777665062,8,13,4,0,0.0,0.0,0.0,0.5333333333333333,0.8666666666666667,0.26666666666666666,0.0,mobile,android,chrome
DEV_002322,13,0,0,0,0,2243.12,172.5476923076923,143.59,0.043209674581296396,0.5109169181601786,2,11,2,0,0.0,0.0,0.0,0.15384615384615385,0.8461538461538461,0.15384615384615385,0.0,desktop,linux,safari
DEV_007092,24,0,0,0,1,2890.38,120.4325,62.21,0.043172482709261634,0.7985974431734086,9,24,1,0,0.0,0.0,0.0,0.375,1.0,0.041666666666666664,0.0,mobile,macos,chrome
DEV_002466,6,0,0,0,0,505.55,84.25833333333334,50.81999999999999,0.04314726866902405,0.1581755979463275,0,5,1,6,0.0,0.0,0.0,0.0,0.8333333333333334,0.16666666666666666,1.0,tablet,windows,safari
DEV_006851,12,0,0,0,0,2229.21,185.7675,103.10000000000001,0.043093680971064995,0.3723568252637089,6,11,0,0,0.0,0.0,0.0,0.5,0.9166666666666666,0.0,0.0,desktop,windows,chrome
DEV_006049,4,0,0,0,0,216.08999999999997,54.022499999999994,29.01,0.043081799847538176,0.1579398003020095,2,4,1,4,0.0,0.0,0.0,0.5,1.0,0.25,1.0,mobile,windows,edge
DEV_007979,9,1,0,0,0,733.44,81.49333333333334,58.77,0.04304225465034419,0.1759126165068297,5,9,0,9,0.1111111111111111,0.0,0.0,0.5555555555555556,1.0,0.0,1.0,desktop,ios,edge
DEV_005015,11,0,0,0,0,1167.8799999999999,106.17090909090908,48.38,0.04300362590155278,0.2136967232278518,5,11,1,0,0.0,0.0,0.0,0.45454545454545453,1.0,0.09090909090909091,0.0,mobile,android,firefox
DEV_001869,22,0,0,0,0,2650.04,120.45636363636363,91.325,0.042911019604791,0.3993147500365705,12,22,5,0,0.0,0.0,0.0,0.5454545454545454,1.0,0.22727272727272727,0.0,desktop,ios,edge
DEV_002703,12,0,0,0,0,1005.7099999999999,83.80916666666666,48.46,0.04288539068291322,0.2881329461349937,5,12,3,0,0.0,0.0,0.0,0.4166666666666667,1.0,0.25,0.0,mobile,android,firefox
DEV_005783,18,0,0,0,0,2148.39,119.35499999999999,71.60499999999999,0.042848620119520925,0.1986031459772008,8,14,3,0,0.0,0.0,0.0,0.4444444444444444,0.7777777777777778,0.16666666666666666,0.0,desktop,windows,edge
DEV_000117,19,0,0,0,0,1034.29,54.43631578947368,34.91,0.0426390834919706,0.4543030469908806,12,18,4,0,0.0,0.0,0.0,0.631578947368421,0.9473684210526315,0.21052631578947367,0.0,mobile,ios,safari
DEV_001308,3,0,0,0,0,740.8299999999999,246.9433333333333,221.24,0.042635159127846205,0.1076233541687874,2,3,0,0,0.0,0.0,0.0,0.6666666666666666,1.0,0.0,0.0,mobile,android,chrome
DEV_002295,3,0,0,0,0,584.5,194.83333333333334,116.31,0.04259564007438726,0.0807370619477607,1,3,0,0,0.0,0.0,0.0,0.3333333333333333,1.0,0.0,0.0,mobile,android,firefox
DEV_001125,6,0,0,0,0,889.51,148.25166666666667,91.55,0.04254093895657062,0.1406188303154475,4,6,2,0,0.0,0.0,0.0,0.6666666666666666,1.0,0.3333333333333333,0.0,mobile,ios,chrome
DEV_001033,16,0,0,0,0,822.15,51.384375,28.595,0.042529794584095906,0.4713346035615331,7,15,3,16,0.0,0.0,0.0,0.4375,0.9375,0.1875,1.0,mobile,android,firefox
DEV_003620,7,0,0,0,0,764.94,109.27714285714286,52.91,0.04237712494483464,0.1480942011115961,5,7,2,0,0.0,0.0,0.0,0.7142857142857143,1.0,0.2857142857142857,0.0,mobile,android,edge
DEV_003033,6,0,0,0,0,534.44,89.07333333333334,25.12,0.04235023047297806,0.2290037974298235,2,3,1,0,0.0,0.0,0.0,0.3333333333333333,0.5,0.16666666666666666,0.0,desktop,macos,chrome
DEV_000187,17,0,0,0,0,2849.59,167.6229411764706,115.65,0.04227553578203896,0.581862141673328,8,11,1,17,0.0,0.0,0.0,0.47058823529411764,0.6470588235294118,0.058823529411764705,1.0,desktop,windows,edge
DEV_003271,6,0,0,0,0,409.58,68.26333333333334,48.825,0.04219116769465253,0.2469167223899471,3,6,0,6,0.0,0.0,0.0,0.5,1.0,0.0,1.0,desktop,linux,chrome
DEV_000391,3,0,0,0,0,166.68,55.56,60.54,0.04216394261509343,0.1053525556995282,1,3,0,3,0.0,0.0,0.0,0.3333333333333333,1.0,0.0,1.0,desktop,macos,chrome
DEV_000089,9,0,0,0,0,536.5699999999999,59.61888888888888,48.94,0.0420687314437923,0.2487151261276105,3,8,2,0,0.0,0.0,0.0,0.3333333333333333,0.8888888888888888,0.2222222222222222,0.0,mobile,macos,chrome
DEV_003003,4,0,0,0,0,731.81,182.9525,93.065,0.04200629203812615,0.1601339061830115,1,3,0,4,0.0,0.0,0.0,0.25,0.75,0.0,1.0,tablet,android,chrome
DEV_000066,7,0,0,0,0,337.01,48.144285714285715,38.85,0.042003019718953385,0.1399696299233458,6,7,2,0,0.0,0.0,0.0,0.8571428571428571,1.0,0.2857142857142857,0.0,desktop,android,safari
DEV_001112,6,0,0,0,0,386.55,64.425,61.879999999999995,0.04192377620160551,0.1654499085280917,0,3,0,6,0.0,0.0,0.0,0.0,0.5,0.0,1.0,desktop,windows,chrome
DEV_002191,3,0,0,0,0,645.0600000000001,215.02,145.65,0.041899074777694834,0.1196775847078773,2,3,0,3,0.0,0.0,0.0,0.6666666666666666,1.0,0.0,1.0,mobile,android,chrome
DEV_000801,11,0,0,0,0,1362.76,123.88727272727273,97.14,0.04189611626745548,0.4279028472820823,6,11,1,0,0.0,0.0,0.0,0.5454545454545454,1.0,0.09090909090909091,0.0,desktop,android,chrome
DEV_005518,5,0,0,0,0,306.06,61.212,44.61,0.04189349737180011,0.2082437180836673,3,5,0,0,0.0,0.0,0.0,0.6,1.0,0.0,0.0,mobile,android,edge
DEV_007271,11,0,0,0,0,1160.53,105.50272727272727,35.71,0.04185318878624074,0.2816001785901036,4,10,0,0,0.0,0.0,0.0,0.36363636363636365,0.9090909090909091,0.0,0.0,mobile,ios,chrome
DEV_001353,10,0,0,0,0,732.35,73.235,33.99,0.04182202461887312,0.4050667413600936,1,8,1,10,0.0,0.0,0.0,0.1,0.8,0.1,1.0,mobile,ios,edge
DEV_005530,11,0,0,0,0,1277.76,116.16,99.77,0.04174780831956051,0.2062567271271138,8,11,1,11,0.0,0.0,0.0,0.7272727272727273,1.0,0.09090909090909091,1.0,mobile,linux,firefox
DEV_001557,27,0,0,0,0,2982.7599999999998,110.47259259259259,80.7,0.04173937189148703,0.414550245962997,8,25,4,0,0.0,0.0,0.0,0.2962962962962963,0.9259259259259259,0.14814814814814814,0.0,mobile,windows,chrome
DEV_005832,6,0,0,0,0,941.86,156.97666666666666,137.905,0.04171244081429421,0.1868658694028376,5,6,0,0,0.0,0.0,0.0,0.8333333333333334,1.0,0.0,0.0,mobile,android,chrome
DEV_006160,3,0,0,0,0,575.58,191.86,114.75,0.0416876349081686,0.1023023571384588,2,2,1,0,0.0,0.0,0.0,0.6666666666666666,0.6666666666666666,0.3333333333333333,0.0,mobile,ios,edge
DEV_000320,9,0,0,0,0,956.75,106.30555555555556,43.92,0.04166155190060437,0.1540769904747622,6,9,2,9,0.0,0.0,0.0,0.6666666666666666,1.0,0.2222222222222222,1.0,mobile,android,chrome
DEV_004967,12,0,0,0,0,1117.35,93.1125,90.19,0.04155552549752247,0.3531892138029114,6,10,3,12,0.0,0.0,0.0,0.5,0.8333333333333334,0.25,1.0,desktop,android,chrome
DEV_002525,3,0,0,0,0,285.11,95.03666666666668,28.05,0.041551173496014435,0.1226002612038623,2,3,0,3,0.0,0.0,0.0,0.6666666666666666,1.0,0.0,1.0,desktop,windows,chrome
DEV_002057,3,0,0,0,0,1034.22,344.74,425.72,0.041443654300140596,0.1208236335009775,2,3,0,3,0.0,0.0,0.0,0.6666666666666666,1.0,0.0,1.0,mobile,android,chrome
DEV_001002,10,0,0,0,0,789.39,78.939,52.805,0.04130230680829504,0.1910132800894728,5,10,1,0,0.0,0.0,0.0,0.5,1.0,0.1,0.0,mobile,android,edge
DEV_007423,16,0,0,0,0,1388.34,86.77125,64.525,0.04128241682527136,0.1781335325979917,9,16,1,16,0.0,0.0,0.0,0.5625,1.0,0.0625,1.0,mobile,windows,firefox
DEV_004675,5,0,0,0,0,521.82,104.364,60.49,0.04127661553516378,0.0987859981274835,3,5,1,0,0.0,0.0,0.0,0.6,1.0,0.2,0.0,tablet,windows,edge
DEV_007529,12,0,0,0,0,1276.6299999999999,106.38583333333332,64.16499999999999,0.0412760883679741,0.4815830600219393,4,11,1,12,0.0,0.0,0.0,0.3333333333333333,0.9166666666666666,0.08333333333333333,1.0,desktop,linux,chrome
DEV_006099,13,0,0,0,0,652.2900000000001,50.17615384615385,36.64,0.04126813821069169,0.4260663721685133,11,11,1,0,0.0,0.0,0.0,0.8461538461538461,0.8461538461538461,0.07692307692307693,0.0,mobile,android,edge
DEV_000095,12,0,0,0,0,1892.23,157.68583333333333,104.74000000000001,0.04121431005075326,0.1437828460020064,7,12,1,0,0.0,0.0,0.0,0.5833333333333334,1.0,0.08333333333333333,0.0,mobile,android,edge
DEV_005334,4,0,0,0,0,722.54,180.635,153.3,0.04119879156938407,0.1545249815859652,1,1,0,4,0.0,0.0,0.0,0.25,0.25,0.0,1.0,mobile,macos,chrome
DEV_001192,5,0,0,0,0,1222.72,244.544,299.02,0.04111469846168222,0.1082712912637801,3,5,0,0,0.0,0.0,0.0,0.6,1.0,0.0,0.0,tablet,macos,safari
DEV_002157,9,0,0,0,0,1193.55,132.61666666666667,113.53,0.041079070851065526,0.3097632174209255,2,7,1,0,0.0,0.0,0.0,0.2222222222222222,0.7777777777777778,0.1111111111111111,0.0,mobile,ios,safari
DEV_005529,3,0,0,0,0,379.84000000000003,126.61333333333334,118.55,0.04102679773822267,0.0924288649157566,2,2,0,0,0.0,0.0,0.0,0.6666666666666666,0.6666666666666666,0.0,0.0,mobile,android,chrome
DEV_002846,11,0,0,0,0,2842.85,258.4409090909091,243.38,0.04100170965143935,0.4309277337794919,4,10,0,0,0.0,0.0,0.0,0.36363636363636365,0.9090909090909091,0.0,0.0,mobile,ios,safari
DEV_006199,15,0,0,0,0,837.2,55.81333333333334,38.03,0.040988572968139854,0.275524689755969,5,10,4,0,0.0,0.0,0.0,0.3333333333333333,0.6666666666666666,0.26666666666666666,0.0,mobile,macos,firefox
DEV_001708,12,0,0,0,0,860.76,71.73,50.175,0.04095666486651331,0.2569425994099001,8,12,3,0,0.0,0.0,0.0,0.6666666666666666,1.0,0.25,0.0,desktop,windows,chrome
DEV_002981,18,0,0,0,0,2408.22,133.79,89.68,0.040911957990698584,0.6054229068304214,8,13,2,0,0.0,0.0,0.0,0.4444444444444444,0.7222222222222222,0.1111111111111111,0.0,mobile,linux,chrome
DEV_003581,5,0,0,0,0,707.51,141.502,108.79,0.04090521520058274,0.1784007676614598,3,3,0,0,0.0,0.0,0.0,0.6,0.6,0.0,0.0,mobile,linux,chrome
DEV_007742,5,0,0,0,0,218.74,43.748000000000005,43.71,0.040895322292208096,0.1723099031857067,3,4,1,5,0.0,0.0,0.0,0.6,0.8,0.2,1.0,mobile,android,firefox
DEV_000053,17,0,0,0,0,1915.04,112.64941176470587,60.38,0.04089139088800148,0.4134517461790441,11,17,5,0,0.0,0.0,0.0,0.6470588235294118,1.0,0.29411764705882354,0.0,desktop,windows,chrome
DEV_002046,7,0,0,0,0,514.88,73.55428571428571,49.26,0.04086753713060052,0.1718859717751436,5,7,0,7,0.0,0.0,0.0,0.7142857142857143,1.0,0.0,1.0,mobile,windows,safari
DEV_004723,6,0,0,0,0,928.9,154.81666666666666,145.365,0.04083062023021928,0.2013804256902087,1,5,1,0,0.0,0.0,0.0,0.16666666666666666,0.8333333333333334,0.16666666666666666,0.0,desktop,ios,chrome
DEV_003864,5,0,0,0,0,901.3299999999999,180.266,142.81,0.0407585196024889,0.1538088702736225,2,3,0,5,0.0,0.0,0.0,0.4,0.6,0.0,1.0,mobile,windows,chrome
DEV_006674,8,0,0,0,0,860.53,107.56625,106.56,0.04074975858066019,0.1413939899006703,4,8,0,0,0.0,0.0,0.0,0.5,1.0,0.0,0.0,mobile,android,firefox
DEV_002804,15,0,0,0,0,1951.34,130.08933333333331,71.42,0.040734465110903506,0.3646439418586555,7,12,3,0,0.0,0.0,0.0,0.4666666666666667,0.8,0.2,0.0,mobile,macos,firefox
DEV_000209,6,0,0,0,0,908.87,151.47833333333332,156.685,0.040635372768378204,0.102755936367294,3,6,0,0,0.0,0.0,0.0,0.5,1.0,0.0,0.0,mobile,macos,chrome
DEV_005918,13,0,0,0,0,1719.67,132.2823076923077,59.96,0.04059254903455148,0.3997872292312082,10,13,2,0,0.0,0.0,0.0,0.7692307692307693,1.0,0.15384615384615385,0.0,desktop,macos,chrome
DEV_005834,20,0,0,0,0,1043.84,52.19199999999999,32.18,0.04044467511044122,0.5203485916131835,10,14,4,0,0.0,0.0,0.0,0.5,0.7,0.2,0.0,mobile,android,chrome
DEV_003502,18,0,0,0,0,3029.42,168.3011111111111,84.985,0.040406477166328475,0.6092718233449591,12,16,3,0,0.0,0.0,0.0,0.6666666666666666,0.8888888888888888,0.16666666666666666,0.0,mobile,android,safari
DEV_002109,22,0,0,0,0,1941.47,88.24863636363636,57.739999999999995,0.04033141991959267,0.3400896489659901,6,15,5,0,0.0,0.0,0.0,0.2727272727272727,0.6818181818181818,0.22727272727272727,0.0,mobile,windows,chrome
DEV_005375,20,0,0,0,0,2804.47,140.2235,109.82499999999999,0.040241077005119204,0.674919953445624,15,20,5,0,0.0,0.0,0.0,0.75,1.0,0.25,0.0,mobile,android,chrome
DEV_006018,5,0,0,0,0,939.81,187.962,74.84,0.04023869362650687,0.1955557523165687,3,5,1,0,0.0,0.0,0.0,0.6,1.0,0.2,0.0,mobile,linux,edge
DEV_003746,8,0,0,0,0,1165.01,145.62625,109.295,0.040136303087718275,0.1896427011840249,3,8,0,8,0.0,0.0,0.0,0.375,1.0,0.0,1.0,tablet,android,firefox
DEV_001898,14,0,0,0,0,2213.44,158.10285714285715,87.875,0.040105788471181514,0.2886613213349631,9,10,1,0,0.0,0.0,0.0,0.6428571428571429,0.7142857142857143,0.07142857142857142,0.0,mobile,android,edge
DEV_005585,3,0,0,0,0,313.09999999999997,104.36666666666666,84.02,0.04008869441847387,0.075046587334862,1,3,1,0,0.0,0.0,0.0,0.3333333333333333,1.0,0.3333333333333333,0.0,mobile,android,chrome
DEV_002500,8,0,0,0,0,266.36,33.295,20.265,0.04008618499574492,0.29925690256515,5,8,2,0,0.0,0.0,0.0,0.625,1.0,0.25,0.0,desktop,macos,edge
DEV_004468,3,0,0,0,0,164.26999999999998,54.75666666666666,45.26,0.0400555516175737,0.1196303448459379,1,2,0,3,0.0,0.0,0.0,0.3333333333333333,0.6666666666666666,0.0,1.0,desktop,ios,safari
DEV_007934,3,0,0,0,0,212.05,70.68333333333334,60.72,0.04002845100288837,0.0919616725683837,1,1,0,0,0.0,0.0,0.0,0.3333333333333333,0.3333333333333333,0.0,0.0,desktop,android,firefox
DEV_002009,7,0,0,0,0,1780.05,254.29285714285714,301.14,0.03993290645465142,0.1111003157234554,3,7,2,0,0.0,0.0,0.0,0.42857142857142855,1.0,0.2857142857142857,0.0,desktop,ios,chrome
DEV_001445,8,0,0,0,0,875.23,109.40375,63.254999999999995,0.03985289651154241,0.2827221769229507,7,8,2,0,0.0,0.0,0.0,0.875,1.0,0.25,0.0,desktop,android,edge
DEV_003631,8,0,0,0,0,2560.99,320.12375,272.5,0.03978884266389634,0.1992473665975453,6,8,0,0,0.0,0.0,0.0,0.75,1.0,0.0,0.0,mobile,macos,safari
DEV_002519,3,0,0,0,0,101.2,33.733333333333334,29.46,0.039773458896888665,0.1188478020803182,1,3,1,3,0.0,0.0,0.0,0.3333333333333333,1.0,0.3333333333333333,1.0,mobile,android,edge
DEV_002669,8,0,0,0,0,615.21,76.90125,37.585,0.03977264552178548,0.1186394398311171,3,7,2,0,0.0,0.0,0.0,0.375,0.875,0.25,0.0,mobile,android,chrome
DEV_004205,12,0,0,0,0,451.47,37.6225,26.365000000000002,0.039762242601223206,0.1714595284408388,11,12,2,0,0.0,0.0,0.0,0.9166666666666666,1.0,0.16666666666666666,0.0,mobile,windows,firefox
DEV_006396,3,0,0,0,0,395.78999999999996,131.92999999999998,101.63,0.039761480360055564,0.047926875534538,1,3,1,0,0.0,0.0,0.0,0.3333333333333333,1.0,0.3333333333333333,0.0,mobile,macos,chrome
DEV_006204,14,0,0,0,0,872.06,62.29,52.56,0.039757798926966834,0.4953257848162766,9,14,3,0,0.0,0.0,0.0,0.6428571428571429,1.0,0.21428571428571427,0.0,mobile,android,chrome
DEV_003944,16,0,0,0,0,955.78,59.73625,44.375,0.039756362052090946,0.2911145852885559,3,9,1,16,0.0,0.0,0.0,0.1875,0.5625,0.0625,1.0,mobile,windows,chrome
DEV_002696,15,0,0,0,0,1837.45,122.49666666666667,69.86,0.03974463309007081,0.4303710564646026,10,14,1,0,0.0,0.0,0.0,0.6666666666666666,0.9333333333333333,0.06666666666666667,0.0,mobile,android,chrome
DEV_002283,10,0,0,0,0,614.52,61.452,43.22,0.0397011521615186,0.3416013561961102,4,10,1,0,0.0,0.0,0.0,0.4,1.0,0.1,0.0,mobile,android,chrome
DEV_003159,3,0,0,0,0,313.69,104.56333333333333,34.54,0.039687625941248,0.0955011958903293,2,3,2,0,0.0,0.0,0.0,0.6666666666666666,1.0,0.6666666666666666,0.0,mobile,android,chrome
DEV_006364,5,1,0,0,0,511.23,102.24600000000001,32.01,0.03965943586120796,0.1783301568832495,1,5,0,5,0.2,0.0,0.0,0.2,1.0,0.0,1.0,mobile,macos,chrome
DEV_004320,3,0,0,0,0,305.9,101.96666666666665,106.18,0.03963809051154623,0.0603729082015338,2,3,0,3,0.0,0.0,0.0,0.6666666666666666,1.0,0.0,1.0,desktop,ios,firefox
DEV_000173,11,0,0,0,0,951.5500000000001,86.50454545454546,71.28,0.03959651500744287,0.2655136604588931,7,11,1,0,0.0,0.0,0.0,0.6363636363636364,1.0,0.09090909090909091,0.0,mobile,ios,chrome
DEV_003704,6,0,0,0,0,735.57,122.59500000000001,88.22,0.0395713650540748,0.2299595827635064,3,5,1,0,0.0,0.0,0.0,0.5,0.8333333333333334,0.16666666666666666,0.0,tablet,ios,chrome
DEV_003155,12,0,0,0,0,1322.21,110.18416666666667,62.915,0.039565677449386695,0.4157226122772142,2,12,3,0,0.0,0.0,0.0,0.16666666666666666,1.0,0.25,0.0,mobile,ios,chrome
DEV_004052,4,0,0,0,0,203.49,50.8725,39.14,0.03949491776262109,0.1506876396112459,2,3,0,4,0.0,0.0,0.0,0.5,0.75,0.0,1.0,mobile,linux,chrome
DEV_005836,10,0,0,0,0,472.96000000000004,47.29600000000001,46.379999999999995,0.039486113065435854,0.1663839071937599,4,10,0,10,0.0,0.0,0.0,0.4,1.0,0.0,1.0,mobile,linux,safari
DEV_007828,12,0,0,0,0,2223.6,185.29999999999998,118.345,0.039460961368447615,0.3391888853509681,4,11,1,0,0.0,0.0,0.0,0.3333333333333333,0.9166666666666666,0.08333333333333333,0.0,mobile,macos,chrome
DEV_000629,10,0,0,0,0,727.98,72.798,48.92,0.03943058968292054,0.182337929643195,5,10,3,0,0.0,0.0,0.0,0.5,1.0,0.3,0.0,desktop,ios,safari
DEV_006727,14,0,0,0,0,1810.89,129.3492857142857,115.805,0.0394125349997838,0.3055234727943618,9,14,2,0,0.0,0.0,0.0,0.6428571428571429,1.0,0.14285714285714285,0.0,mobile,android,firefox
DEV_003996,10,0,0,0,0,1062.08,106.208,92.91,0.03939124239918559,0.2368082167502221,5,9,1,0,0.0,0.0,0.0,0.5,0.9,0.1,0.0,desktop,windows,chrome
DEV_003835,12,0,0,0,0,755.61,62.9675,23.79,0.03938954440566308,0.4063021053080056,6,12,1,0,0.0,0.0,0.0,0.5,1.0,0.08333333333333333,0.0,desktop,android,safari
DEV_001054,5,0,0,0,0,461.39,92.27799999999999,59.85,0.03931823839054488,0.0802172284156891,4,4,1,0,0.0,0.0,0.0,0.8,0.8,0.2,0.0,mobile,windows,safari
DEV_004072,3,0,0,0,0,979.52,326.50666666666666,294.86,0.0392737711386359,0.0583773669249958,3,3,1,0,0.0,0.0,0.0,1.0,1.0,0.3333333333333333,0.0,desktop,android,chrome
DEV_004325,23,0,0,0,0,2467.0099999999998,107.26130434782608,85.41,0.03926137558439949,0.5944226845668924,14,19,2,0,0.0,0.0,0.0,0.6086956521739131,0.8260869565217391,0.08695652173913043,0.0,mobile,windows,chrome
DEV_003670,8,0,0,0,0,593.22,74.1525,52.875,0.03911998157104316,0.2213121858336836,4,7,1,0,0.0,0.0,0.0,0.5,0.875,0.125,0.0,mobile,ios,chrome
DEV_007338,11,0,0,0,0,969.08,88.09818181818183,31.56,0.03910643880515486,0.2032116209433089,2,5,0,11,0.0,0.0,0.0,0.18181818181818182,0.45454545454545453,0.0,1.0,mobile,android,edge
DEV_001670,6,0,0,0,0,1750.08,291.68,306.28499999999997,0.03910555508081922,0.0830895628233204,5,6,0,6,0.0,0.0,0.0,0.8333333333333334,1.0,0.0,1.0,mobile,android,safari
DEV_002167,3,0,0,0,0,258.41,86.13666666666667,102.79,0.0390381800224593,0.1159499141156236,3,3,0,3,0.0,0.0,0.0,1.0,1.0,0.0,1.0,mobile,android,edge
DEV_000837,5,0,0,0,0,318.62,63.724000000000004,78.87,0.03900301989437676,0.1789904372168144,1,3,1,0,0.0,0.0,0.0,0.2,0.6,0.2,0.0,mobile,windows,chrome
DEV_007102,15,0,0,0,0,1385.6,92.37333333333332,51.08,0.03899230514867931,0.4973398393786816,1,14,2,0,0.0,0.0,0.0,0.06666666666666667,0.9333333333333333,0.13333333333333333,0.0,mobile,windows,firefox
DEV_004077,5,0,0,0,0,506.82000000000005,101.364,43.53,0.038974220793887224,0.168160663880968,4,5,0,0,0.0,0.0,0.0,0.8,1.0,0.0,0.0,mobile,android,firefox
DEV_000720,9,0,0,0,0,877.82,97.53555555555556,85.64,0.03895193502439193,0.339773751062376,4,7,1,0,0.0,0.0,0.0,0.4444444444444444,0.7777777777777778,0.1111111111111111,0.0,mobile,android,chrome
DEV_001044,4,0,0,0,0,176.65,44.1625,14.915,0.038928379471902225,0.1523971899269521,1,4,0,4,0.0,0.0,0.0,0.25,1.0,0.0,1.0,mobile,macos,chrome
DEV_002715,8,0,0,0,0,819.79,102.47375,39.195,0.03889985665726756,0.1018190967541367,1,7,3,8,0.0,0.0,0.0,0.125,0.875,0.375,1.0,mobile,ios,chrome
DEV_000432,14,0,0,0,0,1324.75,94.625,62.0,0.038810489750960755,0.5167899191618723,4,9,2,0,0.0,0.0,0.0,0.2857142857142857,0.6428571428571429,0.14285714285714285,0.0,mobile,android,chrome
DEV_004500,10,0,0,0,0,812.86,81.286,43.115,0.03880762395002021,0.2321136663101412,6,10,2,0,0.0,0.0,0.0,0.6,1.0,0.2,0.0,desktop,macos,chrome
DEV_007549,4,0,0,0,0,564.5,141.125,143.45,0.0387921740710907,0.0622045233838035,2,4,0,0,0.0,0.0,0.0,0.5,1.0,0.0,0.0,mobile,linux,chrome
DEV_000374,10,0,0,0,0,973.01,97.301,50.815,0.03878138967871152,0.2741374790772762,5,9,1,0,0.0,0.0,0.0,0.5,0.9,0.1,0.0,desktop,windows,safari
DEV_001118,9,0,0,0,0,638.18,70.90888888888888,51.49,0.03876481882813764,0.3241836427780212,6,7,2,0,0.0,0.0,0.0,0.6666666666666666,0.7777777777777778,0.2222222222222222,0.0,mobile,android,safari
DEV_004929,7,0,0,0,0,558.28,79.75428571428571,49.44,0.038717366694278645,0.1851178860517724,4,7,0,0,0.0,0.0,0.0,0.5714285714285714,1.0,0.0,0.0,desktop,macos,safari
DEV_004647,9,0,0,0,0,1038.51,115.39,51.77,0.038709601469037826,0.2812760891795501,5,8,1,0,0.0,0.0,0.0,0.5555555555555556,0.8888888888888888,0.1111111111111111,0.0,desktop,android,safari
DEV_007631,7,0,0,0,0,908.2700000000001,129.75285714285715,33.83,0.03857041913928511,0.2495154696271558,2,7,0,0,0.0,0.0,0.0,0.2857142857142857,1.0,0.0,0.0,mobile,android,chrome
DEV_007552,3,0,0,0,0,334.5,111.5,90.34,0.038566049282721865,0.0879214264368926,1,3,1,0,0.0,0.0,0.0,0.3333333333333333,1.0,0.3333333333333333,0.0,mobile,macos,firefox
DEV_003443,4,0,0,0,0,584.49,146.1225,83.985,0.03855073427952532,0.133066919096413,2,3,1,4,0.0,0.0,0.0,0.5,0.75,0.25,1.0,mobile,windows,edge
DEV_007582,13,0,0,0,0,692.87,53.29769230769231,39.59,0.03853726743582071,0.1571162790887577,5,13,3,13,0.0,0.0,0.0,0.38461538461538464,1.0,0.23076923076923078,1.0,mobile,ios,firefox
DEV_000411,4,0,0,0,0,264.9,66.225,69.12,0.03848781523757155,0.1120045111928773,1,4,1,0,0.0,0.0,0.0,0.25,1.0,0.25,0.0,mobile,macos,edge
DEV_003135,4,0,0,0,0,219.2,54.8,52.185,0.03848155987081945,0.1051120926670191,3,4,1,0,0.0,0.0,0.0,0.75,1.0,0.25,0.0,mobile,android,firefox
DEV_001410,6,0,0,0,0,517.62,86.27,100.525,0.038308985162943614,0.1121656768314693,4,6,0,0,0.0,0.0,0.0,0.6666666666666666,1.0,0.0,0.0,mobile,android,chrome
DEV_000242,4,0,0,0,0,781.61,195.4025,183.815,0.03822254280512865,0.1450177787410334,2,3,1,4,0.0,0.0,0.0,0.5,0.75,0.25,1.0,desktop,macos,firefox
DEV_000376,7,0,0,0,0,1260.43,180.0614285714286,154.85,0.0381229294486109,0.1994898321394441,3,7,1,0,0.0,0.0,0.0,0.42857142857142855,1.0,0.14285714285714285,0.0,mobile,android,firefox
DEV_000248,4,0,0,0,0,73.16,18.29,17.465,0.0380972048081448,0.1210104626515022,1,3,0,4,0.0,0.0,0.0,0.25,0.75,0.0,1.0,desktop,macos,firefox
DEV_003317,9,0,0,0,0,1428.69,158.74333333333334,103.44,0.038096215056533295,0.1309547923089588,3,7,1,0,0.0,0.0,0.0,0.3333333333333333,0.7777777777777778,0.1111111111111111,0.0,desktop,android,safari
DEV_003608,5,0,0,0,0,170.91,34.182,36.99,0.038092123056752525,0.1811448420861838,3,4,0,5,0.0,0.0,0.0,0.6,0.8,0.0,1.0,mobile,android,chrome
DEV_001238,6,0,0,0,0,2507.69,417.9483333333333,319.685,0.03806361301361318,0.1850760520462393,4,4,0,0,0.0,0.0,0.0,0.6666666666666666,0.6666666666666666,0.0,0.0,desktop,android,firefox
DEV_005790,13,1,0,0,0,1587.51,122.11615384615385,90.36,0.03803073441473982,0.3303367126352765,7,12,1,0,0.07692307692307693,0.0,0.0,0.5384615384615384,0.9230769230769231,0.07692307692307693,0.0,desktop,macos,safari
DEV_000923,3,0,0,0,0,315.01,105.00333333333333,90.92,0.0379746347989959,0.0873356821955794,1,2,0,0,0.0,0.0,0.0,0.3333333333333333,0.6666666666666666,0.0,0.0,mobile,windows,chrome
DEV_007261,13,0,0,0,0,769.72,59.20923076923077,27.96,0.037846176435894746,0.3648997301433749,4,12,4,0,0.0,0.0,0.0,0.3076923076923077,0.9230769230769231,0.3076923076923077,0.0,mobile,ios,chrome
DEV_005866,12,0,0,0,0,715.0699999999999,59.589166666666664,50.540000000000006,0.037792496177968045,0.2032803657878798,7,12,2,12,0.0,0.0,0.0,0.5833333333333334,1.0,0.16666666666666666,1.0,desktop,android,safari
DEV_003543,9,0,0,0,0,1013.25,112.58333333333333,26.83,0.03779094865580888,0.2552938693574868,5,7,0,0,0.0,0.0,0.0,0.5555555555555556,0.7777777777777778,0.0,0.0,mobile,macos,edge
DEV_001778,11,0,0,0,0,1097.05,99.73181818181818,80.7,0.03772136107144978,0.1851377268265462,7,10,1,0,0.0,0.0,0.0,0.6363636363636364,0.9090909090909091,0.09090909090909091,0.0,mobile,ios,safari
DEV_005512,12,0,0,0,0,1465.06,122.08833333333332,81.49000000000001,0.037604163402968474,0.3695401418176101,5,11,3,0,0.0,0.0,0.0,0.4166666666666667,0.9166666666666666,0.25,0.0,mobile,macos,chrome
DEV_004534,5,0,0,0,0,493.31,98.662,96.24,0.0375805139622544,0.1309777255156098,2,5,1,5,0.0,0.0,0.0,0.4,1.0,0.2,1.0,desktop,macos,chrome
DEV_007669,16,0,0,0,0,618.51,38.656875,25.494999999999997,0.03757712762164855,0.1851351728203152,8,15,2,16,0.0,0.0,0.0,0.5,0.9375,0.125,1.0,mobile,ios,chrome
DEV_003762,10,0,0,0,0,1749.81,174.981,151.87,0.03757444610160179,0.2018472114364005,7,8,0,0,0.0,0.0,0.0,0.7,0.8,0.0,0.0,mobile,android,chrome
DEV_007734,9,1,0,0,0,542.71,60.30111111111111,43.45,0.03755049176170752,0.1576354621997752,3,9,1,0,0.1111111111111111,0.0,0.0,0.3333333333333333,1.0,0.1111111111111111,0.0,mobile,windows,chrome
DEV_003455,3,0,0,0,0,180.19,60.06333333333333,40.93,0.037479744936749236,0.106309172756742,2,3,1,3,0.0,0.0,0.0,0.6666666666666666,1.0,0.3333333333333333,1.0,mobile,linux,firefox
DEV_003981,8,0,0,0,0,1334.81,166.85125,168.70999999999998,0.03746542250190612,0.2533649292880124,2,8,2,0,0.0,0.0,0.0,0.25,1.0,0.25,0.0,desktop,android,chrome
DEV_003509,15,0,0,0,0,1314.6000000000001,87.64000000000001,36.08,0.03741810168203266,0.301365776369944,7,12,3,0,0.0,0.0,0.0,0.4666666666666667,0.8,0.2,0.0,desktop,ios,chrome
DEV_002225,6,0,0,0,0,1073.6100000000001,178.93500000000003,51.745000000000005,0.03740135014201255,0.1927455280509661,2,6,0,0,0.0,0.0,0.0,0.3333333333333333,1.0,0.0,0.0,mobile,android,chrome
DEV_001843,11,0,0,0,0,759.74,69.06727272727272,17.51,0.03738981911028941,0.1946733807689523,5,7,3,11,0.0,0.0,0.0,0.45454545454545453,0.6363636363636364,0.2727272727272727,1.0,desktop,windows,chrome
DEV_000422,4,0,0,0,0,247.70999999999998,61.927499999999995,40.379999999999995,0.03736809807654383,0.1489083172807373,3,4,0,4,0.0,0.0,0.0,0.75,1.0,0.0,1.0,desktop,linux,safari
DEV_006089,9,0,0,0,0,554.82,61.646666666666675,64.17,0.037301824775973755,0.1752809128270364,6,9,0,0,0.0,0.0,0.0,0.6666666666666666,1.0,0.0,0.0,desktop,windows,edge
DEV_006142,19,0,0,0,0,4588.16,241.48210526315788,116.82,0.03725280489474407,0.689249662310934,12,17,2,0,0.0,0.0,0.0,0.631578947368421,0.8947368421052632,0.10526315789473684,0.0,desktop,macos,edge
DEV_003937,3,0,0,0,0,363.71000000000004,121.23666666666668,60.68,0.037202359756564066,0.0970661464387097,2,3,0,0,0.0,0.0,0.0,0.6666666666666666,1.0,0.0,0.0,desktop,ios,safari
DEV_007840,3,0,0,0,0,631.51,210.50333333333333,213.12,0.037200744803569066,0.111175890565281,1,2,1,0,0.0,0.0,0.0,0.3333333333333333,0.6666666666666666,0.3333333333333333,0.0,mobile,macos,chrome
DEV_004275,8,0,0,0,0,606.81,75.85125,46.02,0.037138329514748304,0.2739614000515949,7,8,0,0,0.0,0.0,0.0,0.875,1.0,0.0,0.0,mobile,android,edge
DEV_007978,4,0,0,0,0,898.52,224.63,200.195,0.0371168414902237,0.088365582005186,1,4,1,0,0.0,0.0,0.0,0.25,1.0,0.25,0.0,mobile,windows,chrome
DEV_002455,6,0,0,0,0,804.77,134.12833333333333,121.58,0.03710217705237002,0.153771910359229,3,5,1,0,0.0,0.0,0.0,0.5,0.8333333333333334,0.16666666666666666,0.0,mobile,ios,safari
DEV_000739,4,0,0,0,0,745.8299999999999,186.45749999999998,89.795,0.0370614471016375,0.1052187127493414,1,4,0,4,0.0,0.0,0.0,0.25,1.0,0.0,1.0,desktop,android,firefox
DEV_002348,22,1,0,0,0,1090.3600000000001,49.56181818181819,27.884999999999998,0.037015791177920025,0.5516007970904534,8,13,1,0,0.045454545454545456,0.0,0.0,0.36363636363636365,0.5909090909090909,0.045454545454545456,0.0,mobile,macos,edge
DEV_007651,4,0,0,0,0,252.77,63.1925,32.83,0.0369378780311023,0.0766008936939639,3,3,1,0,0.0,0.0,0.0,0.75,0.75,0.25,0.0,mobile,ios,firefox
DEV_005502,3,0,0,0,0,629.98,209.99333333333334,252.72,0.03690598408545576,0.0905202178863401,1,3,1,0,0.0,0.0,0.0,0.3333333333333333,1.0,0.3333333333333333,0.0,desktop,macos,chrome
DEV_002922,7,0,0,0,0,523.92,74.84571428571428,78.25,0.03688611294779102,0.1887580584381476,6,7,2,7,0.0,0.0,0.0,0.8571428571428571,1.0,0.2857142857142857,1.0,mobile,android,firefox
DEV_005479,4,0,0,0,0,1293.36,323.34,178.685,0.0368585031730082,0.0797573931755423,2,4,1,0,0.0,0.0,0.0,0.5,1.0,0.25,0.0,mobile,macos,chrome
DEV_003330,23,0,0,0,0,2822.39,122.71260869565216,83.28,0.03684521118286722,0.566402712523332,14,23,4,0,0.0,0.0,0.0,0.6086956521739131,1.0,0.17391304347826086,0.0,mobile,ios,chrome
DEV_006711,8,0,0,0,0,1046.97,130.87125,110.215,0.036833663430117174,0.2127196932304829,3,6,1,0,0.0,0.0,0.0,0.375,0.75,0.125,0.0,mobile,android,chrome
DEV_000891,14,1,0,0,0,3045.6499999999996,217.54642857142855,157.47,0.036765236673331814,0.488145707918046,9,13,3,0,0.07142857142857142,0.0,0.0,0.6428571428571429,0.9285714285714286,0.21428571428571427,0.0,mobile,macos,safari
DEV_005010,7,0,0,0,0,563.21,80.45857142857143,72.94,0.0367592020225397,0.1250488286489703,5,6,2,0,0.0,0.0,0.0,0.7142857142857143,0.8571428571428571,0.2857142857142857,0.0,desktop,android,chrome
DEV_005495,3,0,0,0,0,327.15999999999997,109.05333333333333,27.12,0.0366938896541463,0.098831435665541,1,3,0,3,0.0,0.0,0.0,0.3333333333333333,1.0,0.0,1.0,mobile,windows,edge
DEV_007562,11,0,0,0,0,966.49,87.86272727272727,83.37,0.036691829285521775,0.3292040507055753,3,11,1,0,0.0,0.0,0.0,0.2727272727272727,1.0,0.09090909090909091,0.0,mobile,ios,edge
DEV_003260,11,0,0,0,0,710.47,64.58818181818182,40.99,0.036662703505712275,0.3995787062501202,7,11,0,0,0.0,0.0,0.0,0.6363636363636364,1.0,0.0,0.0,mobile,android,firefox
DEV_002686,3,0,0,0,0,74.25999999999999,24.75333333333333,24.89,0.03665683584631384,0.1019381451907224,1,3,1,3,0.0,0.0,0.0,0.3333333333333333,1.0,0.3333333333333333,1.0,mobile,android,firefox
DEV_002095,16,0,0,0,0,2380.33,148.770625,92.365,0.036634976537104055,0.3971469023523435,13,16,3,0,0.0,0.0,0.0,0.8125,1.0,0.1875,0.0,mobile,windows,firefox
DEV_001734,8,0,0,0,0,3017.2000000000003,377.15000000000003,230.93,0.03662676078711202,0.2805369012645153,5,7,2,0,0.0,0.0,0.0,0.625,0.875,0.25,0.0,mobile,macos,chrome
DEV_003768,6,0,0,0,0,400.52,66.75333333333333,56.945,0.03661023226649935,0.1241715536775186,1,6,0,0,0.0,0.0,0.0,0.16666666666666666,1.0,0.0,0.0,mobile,macos,firefox
DEV_000618,39,1,0,0,0,4574.97,117.30692307692308,74.46,0.036566078716938705,0.6373766608316765,15,30,5,0,0.02564102564102564,0.0,0.0,0.38461538461538464,0.7692307692307693,0.1282051282051282,0.0,mobile,android,chrome
DEV_007699,16,0,0,0,0,1247.27,77.954375,55.07,0.036558061976058515,0.2712056255915451,11,14,4,0,0.0,0.0,0.0,0.6875,0.875,0.25,0.0,desktop,macos,chrome
DEV_006348,11,0,0,0,0,849.6,77.23636363636363,65.08,0.03651622356176118,0.2842757268042262,5,9,3,0,0.0,0.0,0.0,0.45454545454545453,0.8181818181818182,0.2727272727272727,0.0,mobile,android,firefox
DEV_007010,10,0,0,0,0,760.49,76.049,52.095,0.0364508079377712,0.2261714281968617,6,9,2,0,0.0,0.0,0.0,0.6,0.9,0.2,0.0,mobile,linux,chrome
DEV_002018,8,0,0,0,0,266.31,33.28875,23.685000000000002,0.036427690435394726,0.0983478077152244,1,1,0,8,0.0,0.0,0.0,0.125,0.125,0.0,1.0,desktop,ios,chrome
DEV_006573,5,0,0,0,0,292.18,58.436,52.37,0.036417589665464725,0.0837756013317939,3,3,1,5,0.0,0.0,0.0,0.6,0.6,0.2,1.0,mobile,android,chrome
DEV_007776,8,0,0,0,0,407.8,50.975,45.885000000000005,0.036377257238780755,0.1475909651876238,3,6,3,0,0.0,0.0,0.0,0.375,0.75,0.375,0.0,mobile,macos,chrome
DEV_002060,4,0,0,0,0,497.81,124.4525,58.435,0.03636459921260951,0.1294901642656424,3,3,0,0,0.0,0.0,0.0,0.75,0.75,0.0,0.0,tablet,android,chrome
DEV_004757,20,0,0,0,0,1885.82,94.291,79.13499999999999,0.0363323648620889,0.5404145609349118,11,20,3,0,0.0,0.0,0.0,0.55,1.0,0.15,0.0,mobile,macos,safari
DEV_007589,14,1,0,0,0,723.99,51.71357142857143,33.025,0.0363313663984643,0.4620161822388578,11,14,4,0,0.07142857142857142,0.0,0.0,0.7857142857142857,1.0,0.2857142857142857,0.0,tablet,macos,safari
DEV_000722,6,0,0,0,0,810.7900000000001,135.1316666666667,89.095,0.036257019610994166,0.2081308814101125,3,6,0,0,0.0,0.0,0.0,0.5,1.0,0.0,0.0,desktop,ios,safari
DEV_004370,5,0,0,0,0,168.47,33.694,20.36,0.0362302598738443,0.1034691096735729,4,5,0,5,0.0,0.0,0.0,0.8,1.0,0.0,1.0,mobile,android,chrome
DEV_007145,9,0,0,0,0,541.14,60.126666666666665,41.32,0.03610993550150753,0.3169444703375564,6,9,1,0,0.0,0.0,0.0,0.6666666666666666,1.0,0.1111111111111111,0.0,mobile,ios,chrome
DEV_007490,10,0,0,0,0,1168.97,116.897,93.025,0.03610974368438248,0.1633481351500801,6,10,0,0,0.0,0.0,0.0,0.6,1.0,0.0,0.0,mobile,ios,edge
DEV_007471,9,0,0,0,0,696.08,77.34222222222223,41.38,0.035914744406985846,0.2747576407470543,4,7,1,0,0.0,0.0,0.0,0.4444444444444444,0.7777777777777778,0.1111111111111111,0.0,desktop,ios,edge
DEV_007580,11,0,0,0,0,1297.31,117.93727272727273,77.48,0.03590131455404136,0.1685077831483215,3,9,3,0,0.0,0.0,0.0,0.2727272727272727,0.8181818181818182,0.2727272727272727,0.0,mobile,windows,chrome
DEV_002244,4,0,0,0,0,475.89000000000004,118.97250000000001,70.475,0.03586125345951233,0.1311345643539884,1,4,1,0,0.0,0.0,0.0,0.25,1.0,0.25,0.0,mobile,android,chrome
DEV_007098,5,0,0,0,0,793.25,158.65,114.33,0.0358528777739706,0.1229753210976541,2,5,0,0,0.0,0.0,0.0,0.4,1.0,0.0,0.0,mobile,android,safari
DEV_001177,3,0,0,0,0,602.08,200.69333333333336,242.48,0.035842879594758965,0.0721989446972075,2,3,2,0,0.0,0.0,0.0,0.6666666666666666,1.0,0.6666666666666666,0.0,desktop,android,firefox
DEV_004979,13,0,0,0,0,1873.3999999999999,144.1076923076923,49.67,0.035816092834292795,0.3452798281183987,3,10,1,0,0.0,0.0,0.0,0.23076923076923078,0.7692307692307693,0.07692307692307693,0.0,desktop,android,chrome
DEV_003011,12,0,0,0,0,1963.53,163.6275,115.965,0.03580674691223625,0.3741722153194036,10,12,4,0,0.0,0.0,0.0,0.8333333333333334,1.0,0.3333333333333333,0.0,mobile,macos,firefox
DEV_004579,13,0,0,0,0,1761.02,135.46307692307693,70.98,0.03577816290989466,0.4383813004839225,11,13,2,0,0.0,0.0,0.0,0.8461538461538461,1.0,0.15384615384615385,0.0,mobile,android,chrome
DEV_005270,6,0,0,0,0,226.51,37.751666666666665,29.195,0.035763345275405985,0.105826387101077,3,6,1,0,0.0,0.0,0.0,0.5,1.0,0.16666666666666666,0.0,mobile,ios,chrome
DEV_007071,6,0,0,0,0,214.72,35.78666666666667,16.975,0.035722991699670914,0.2080080999614119,2,3,1,6,0.0,0.0,0.0,0.3333333333333333,0.5,0.16666666666666666,1.0,mobile,android,safari
DEV_004996,12,0,0,0,0,1436.2,119.68333333333334,74.335,0.0357066776650368,0.2675234971925003,5,7,0,0,0.0,0.0,0.0,0.4166666666666667,0.5833333333333334,0.0,0.0,mobile,macos,chrome
DEV_007054,8,0,0,0,0,761.96,95.245,54.235,0.03569472906577752,0.1797301483763918,3,4,0,0,0.0,0.0,0.0,0.375,0.5,0.0,0.0,mobile,android,edge
DEV_004893,5,0,0,0,0,171.88,34.376,32.69,0.03568395352190602,0.1553053468304029,2,5,1,0,0.0,0.0,0.0,0.4,1.0,0.2,0.0,desktop,ios,chrome
DEV_003865,8,0,0,0,0,701.84,87.73,36.8,0.03566457594800676,0.1350074565246224,1,7,0,0,0.0,0.0,0.0,0.125,0.875,0.0,0.0,desktop,android,firefox
DEV_007046,11,0,0,0,0,611.62,55.60181818181818,43.66,0.035603440793489545,0.3658318968028601,2,6,1,0,0.0,0.0,0.0,0.18181818181818182,0.5454545454545454,0.09090909090909091,0.0,desktop,android,firefox
DEV_001358,5,0,0,0,0,450.33000000000004,90.066,34.19,0.03558381777944358,0.1460728023951269,4,5,0,0,0.0,0.0,0.0,0.8,1.0,0.0,0.0,desktop,windows,chrome
DEV_006287,4,0,0,0,0,332.72,83.18,58.5,0.0355720817191697,0.1222765065251549,3,4,1,4,0.0,0.0,0.0,0.75,1.0,0.25,1.0,desktop,macos,edge
DEV_005055,4,0,0,0,0,320.76,80.19,68.885,0.0355675953839177,0.1204733549409536,3,3,0,0,0.0,0.0,0.0,0.75,0.75,0.0,0.0,desktop,windows,chrome
DEV_006739,3,0,0,0,0,279.17,93.05666666666667,87.47,0.03554332834004933,0.0637661472652414,1,3,0,3,0.0,0.0,0.0,0.3333333333333333,1.0,0.0,1.0,mobile,ios,chrome
DEV_006304,8,0,0,0,0,528.46,66.0575,46.07,0.035510804382528884,0.2770142280155959,2,8,0,8,0.0,0.0,0.0,0.25,1.0,0.0,1.0,mobile,linux,chrome
DEV_002085,12,0,0,0,0,786.74,65.56166666666667,50.605000000000004,0.03550317848865194,0.3434421908360008,4,11,2,0,0.0,0.0,0.0,0.3333333333333333,0.9166666666666666,0.16666666666666666,0.0,mobile,macos,edge
DEV_002564,3,0,0,0,0,107.94,35.98,26.62,0.03536683540546077,0.104652955041924,2,3,3,3,0.0,0.0,0.0,0.6666666666666666,1.0,1.0,1.0,desktop,android,firefox
DEV_001849,4,0,0,0,0,266.53000000000003,66.63250000000001,48.635000000000005,0.035354051268859724,0.1118895659851319,4,4,0,0,0.0,0.0,0.0,1.0,1.0,0.0,0.0,mobile,android,safari
DEV_005326,13,0,0,0,0,1075.6,82.73846153846154,53.78,0.03531811268099933,0.274036948381613,9,11,2,0,0.0,0.0,0.0,0.6923076923076923,0.8461538461538461,0.15384615384615385,0.0,mobile,android,safari
DEV_002609,5,0,0,0,0,906.64,181.328,161.3,0.03531758113911062,0.1626994739778424,2,5,1,0,0.0,0.0,0.0,0.4,1.0,0.2,0.0,mobile,windows,firefox
DEV_003238,12,0,0,0,0,490.88,40.906666666666666,36.825,0.03529337740081633,0.1696387405615954,8,10,3,0,0.0,0.0,0.0,0.6666666666666666,0.8333333333333334,0.25,0.0,mobile,linux,chrome
DEV_007577,5,0,0,0,0,210.59,42.118,41.47,0.03522247921866106,0.1741521320289295,3,4,1,0,0.0,0.0,0.0,0.6,0.8,0.2,0.0,mobile,android,chrome
DEV_007803,9,0,0,0,0,563.0,62.55555555555556,41.24,0.035198226737535476,0.2962698009463576,3,8,2,0,0.0,0.0,0.0,0.3333333333333333,0.8888888888888888,0.2222222222222222,0.0,mobile,android,firefox
DEV_007386,10,0,0,0,0,460.71999999999997,46.071999999999996,39.58,0.035073035491683016,0.1668526488320922,4,9,3,0,0.0,0.0,0.0,0.4,0.9,0.3,0.0,mobile,ios,chrome
DEV_001134,8,0,0,0,0,1211.72,151.465,123.34,0.035060308904623735,0.2005179672867988,4,8,0,8,0.0,0.0,0.0,0.5,1.0,0.0,1.0,mobile,linux,chrome
DEV_007020,7,0,0,0,0,1349.02,192.71714285714285,61.86,0.0350531144740438,0.196110685494746,5,7,3,0,0.0,0.0,0.0,0.7142857142857143,1.0,0.42857142857142855,0.0,mobile,android,firefox
DEV_001751,4,0,0,0,0,456.0,114.0,66.32000000000001,0.0349779730934911,0.0988680035641341,1,2,0,0,0.0,0.0,0.0,0.25,0.5,0.0,0.0,desktop,android,safari
DEV_001943,3,1,0,0,0,281.71,93.90333333333332,64.67,0.03493378483511413,0.1037188812015695,1,2,1,0,0.3333333333333333,0.0,0.0,0.3333333333333333,0.6666666666666666,0.3333333333333333,0.0,mobile,macos,chrome
DEV_001494,3,0,0,0,0,498.13,166.04333333333332,14.77,0.03491133060034287,0.1044368587922322,2,2,0,0,0.0,0.0,0.0,0.6666666666666666,0.6666666666666666,0.0,0.0,mobile,ios,firefox
DEV_004073,19,0,0,0,0,1562.6499999999999,82.24473684210525,47.85,0.03483222099387597,0.3171460599310103,8,18,3,0,0.0,0.0,0.0,0.42105263157894735,0.9473684210526315,0.15789473684210525,0.0,mobile,ios,safari
DEV_003459,3,0,0,0,0,946.15,315.3833333333333,422.58,0.0347982481095791,0.0903892470814233,2,3,0,0,0.0,0.0,0.0,0.6666666666666666,1.0,0.0,0.0,desktop,android,chrome
DEV_003374,3,0,0,0,0,472.06,157.35333333333332,161.0,0.034761428154265,0.0648915523171481,0,3,1,0,0.0,0.0,0.0,0.0,1.0,0.3333333333333333,0.0,mobile,ios,firefox
DEV_006859,7,0,0,0,0,390.08,55.72571428571428,56.7,0.03465007767254607,0.1199642668510337,4,7,1,7,0.0,0.0,0.0,0.5714285714285714,1.0,0.14285714285714285,1.0,mobile,macos,chrome
DEV_006428,19,0,0,0,0,1633.27,85.96157894736842,60.89,0.034571123941469044,0.3026615667120665,9,18,3,0,0.0,0.0,0.0,0.47368421052631576,0.9473684210526315,0.15789473684210525,0.0,mobile,android,safari
DEV_007251,25,0,0,0,0,2321.67,92.8668,50.49,0.03456104518247694,0.3380826255240081,15,22,7,0,0.0,0.0,0.0,0.6,0.88,0.28,0.0,mobile,ios,safari
DEV_004910,13,0,0,0,0,2070.98,159.30615384615385,126.98,0.034534768517668527,0.3880817549887854,2,6,3,0,0.0,0.0,0.0,0.15384615384615385,0.46153846153846156,0.23076923076923078,0.0,mobile,android,firefox
DEV_001440,17,0,0,0,0,2850.46,167.67411764705884,102.95,0.034502569136910875,0.3386898042580305,14,15,1,0,0.0,0.0,0.0,0.8235294117647058,0.8823529411764706,0.058823529411764705,0.0,mobile,windows,chrome
DEV_005871,3,0,0,0,0,1208.8500000000001,402.95000000000005,382.61,0.034502345527729565,0.0611109786318759,1,1,0,0,0.0,0.0,0.0,0.3333333333333333,0.3333333333333333,0.0,0.0,desktop,macos,chrome
DEV_001390,8,0,0,0,0,689.5,86.1875,54.440000000000005,0.03446227969568324,0.1752569471556709,6,8,3,0,0.0,0.0,0.0,0.75,1.0,0.375,0.0,desktop,macos,edge
DEV_006814,3,0,0,0,0,97.37,32.45666666666667,32.38,0.034438573129029815,0.0820301086433979,0,3,0,3,0.0,0.0,0.0,0.0,1.0,0.0,1.0,mobile,android,chrome
DEV_005847,5,0,0,0,0,420.67,84.134,56.65,0.0344129002555807,0.1239042494854541,5,5,0,0,0.0,0.0,0.0,1.0,1.0,0.0,0.0,mobile,ios,chrome
DEV_004030,9,0,0,0,0,570.8,63.42222222222222,50.48,0.03438375710428646,0.2665423059372332,5,8,3,0,0.0,0.0,0.0,0.5555555555555556,0.8888888888888888,0.3333333333333333,0.0,mobile,windows,chrome
DEV_007483,6,0,0,0,0,1146.4,191.0666666666667,63.765,0.034353632803139085,0.1518261692037507,4,6,1,0,0.0,0.0,0.0,0.6666666666666666,1.0,0.16666666666666666,0.0,mobile,ios,chrome
DEV_003031,5,0,0,0,0,376.07,75.214,28.79,0.03435078900723878,0.1455887472984488,2,5,1,0,0.0,0.0,0.0,0.4,1.0,0.2,0.0,mobile,android,chrome
DEV_003659,10,0,0,0,0,897.16,89.716,48.394999999999996,0.03433472296341225,0.1522089146961245,2,6,2,10,0.0,0.0,0.0,0.2,0.6,0.2,1.0,desktop,ios,safari
DEV_004971,3,0,0,0,0,110.63,36.876666666666665,45.41,0.03428016108965593,0.1021812480169431,2,3,0,3,0.0,0.0,0.0,0.6666666666666666,1.0,0.0,1.0,mobile,android,chrome
DEV_005364,10,0,0,0,0,2237.48,223.748,109.765,0.03427185463130129,0.2491243003093448,2,6,1,0,0.0,0.0,0.0,0.2,0.6,0.1,0.0,mobile,windows,chrome
DEV_006441,5,0,0,0,0,887.09,177.418,160.93,0.0342699604784034,0.1528084865619907,1,3,1,0,0.0,0.0,0.0,0.2,0.6,0.2,0.0,desktop,windows,edge
DEV_002445,3,0,0,0,0,843.01,281.00333333333333,256.2,0.034254457659191835,0.0787878949446885,1,2,1,0,0.0,0.0,0.0,0.3333333333333333,0.6666666666666666,0.3333333333333333,0.0,mobile,ios,chrome
DEV_006438,9,0,0,0,0,1160.71,128.96777777777777,77.8,0.03419837579027932,0.0836828272490637,6,9,1,0,0.0,0.0,0.0,0.6666666666666666,1.0,0.1111111111111111,0.0,mobile,windows,chrome
DEV_003975,21,0,0,0,0,2163.1,103.0047619047619,55.35,0.03418263209970154,0.2737826280714371,12,19,2,0,0.0,0.0,0.0,0.5714285714285714,0.9047619047619048,0.09523809523809523,0.0,mobile,macos,chrome
DEV_000485,11,0,0,0,0,696.66,63.33272727272727,24.78,0.0341089055573827,0.3681122797649979,4,11,3,0,0.0,0.0,0.0,0.36363636363636365,1.0,0.2727272727272727,0.0,desktop,ios,chrome
DEV_005107,4,0,0,0,0,432.56,108.14,112.795,0.03410490937553355,0.1249488213914421,3,4,1,0,0.0,0.0,0.0,0.75,1.0,0.25,0.0,desktop,macos,chrome
DEV_003765,3,0,0,0,0,502.56,167.52,92.61,0.03401519545029813,0.0852131334333995,1,3,0,0,0.0,0.0,0.0,0.3333333333333333,1.0,0.0,0.0,desktop,android,chrome
DEV_006314,5,0,0,0,0,1188.81,237.762,195.2,0.03391431639934192,0.1540880139985784,2,5,1,0,0.0,0.0,0.0,0.4,1.0,0.2,0.0,mobile,linux,firefox
DEV_003498,3,1,0,0,0,283.96,94.65333333333332,116.75,0.03390336671949603,0.0568268258852943,2,3,1,0,0.3333333333333333,0.0,0.0,0.6666666666666666,1.0,0.3333333333333333,0.0,mobile,android,chrome
DEV_007672,14,0,0,0,0,2629.85,187.84642857142856,149.305,0.033865801498715646,0.1982873493203971,7,12,2,0,0.0,0.0,0.0,0.5,0.8571428571428571,0.14285714285714285,0.0,mobile,windows,chrome
DEV_005447,14,0,0,0,0,761.39,54.385,44.235,0.03385597599702899,0.3045255299967065,9,14,0,14,0.0,0.0,0.0,0.6428571428571429,1.0,0.0,1.0,mobile,android,chrome
DEV_005598,5,0,0,0,0,381.12,76.224,69.6,0.033793430143382944,0.1664305124328818,2,5,0,0,0.0,0.0,0.0,0.4,1.0,0.0,0.0,mobile,ios,chrome
DEV_005714,13,0,0,0,0,478.37,36.79769230769231,31.2,0.03376833181465373,0.3178898000430832,5,13,1,0,0.0,0.0,0.0,0.38461538461538464,1.0,0.07692307692307693,0.0,tablet,windows,chrome
DEV_005864,11,0,0,0,0,921.01,83.72818181818182,49.53,0.033758552242631544,0.1387448272921149,6,11,0,0,0.0,0.0,0.0,0.5454545454545454,1.0,0.0,0.0,mobile,macos,chrome
DEV_003151,22,0,0,0,0,3773.08,171.50363636363636,86.57,0.03373315517030396,0.6303858547541553,6,11,1,0,0.0,0.0,0.0,0.2727272727272727,0.5,0.045454545454545456,0.0,desktop,android,firefox
DEV_001716,7,0,0,0,0,863.2,123.31428571428572,63.66,0.033674639448485685,0.2102019282457327,2,7,1,7,0.0,0.0,0.0,0.2857142857142857,1.0,0.14285714285714285,1.0,mobile,macos,firefox
DEV_007301,14,0,0,0,0,1809.79,129.2707142857143,95.525,0.03366707479454847,0.1759076671676947,4,14,2,0,0.0,0.0,0.0,0.2857142857142857,1.0,0.14285714285714285,0.0,mobile,android,chrome
DEV_004227,6,0,0,0,0,866.24,144.37333333333333,75.47,0.033638684649144365,0.1590809525465933,5,6,0,0,0.0,0.0,0.0,0.8333333333333334,1.0,0.0,0.0,mobile,windows,safari
DEV_003786,7,0,0,0,0,2032.9,290.4142857142857,111.11,0.0336177191980999,0.1442358738091788,6,7,3,0,0.0,0.0,0.0,0.8571428571428571,1.0,0.42857142857142855,0.0,mobile,ios,firefox
DEV_001668,8,0,0,0,0,1460.02,182.5025,173.735,0.03361678915310064,0.2190884343947582,5,8,2,8,0.0,0.0,0.0,0.625,1.0,0.25,1.0,tablet,macos,chrome
DEV_000992,5,0,0,0,0,1004.44,200.888,184.35,0.033602845177018656,0.1322232286949103,3,5,0,5,0.0,0.0,0.0,0.6,1.0,0.0,1.0,desktop,macos,chrome
DEV_004012,5,0,0,0,0,993.74,198.748,143.59,0.033576597557630636,0.0883380281480669,2,5,0,0,0.0,0.0,0.0,0.4,1.0,0.0,0.0,mobile,windows,safari
DEV_007308,5,0,0,0,0,370.94,74.188,70.47,0.033544230742025324,0.1396465413413342,2,2,1,0,0.0,0.0,0.0,0.4,0.4,0.2,0.0,mobile,macos,safari
DEV_005858,5,0,0,0,0,419.81,83.962,67.05,0.03353087125060682,0.0866379354069408,1,5,0,5,0.0,0.0,0.0,0.2,1.0,0.0,1.0,desktop,ios,edge
DEV_001881,3,0,0,0,0,137.28,45.76,31.8,0.033507851809354866,0.094425539847274,2,2,0,3,0.0,0.0,0.0,0.6666666666666666,0.6666666666666666,0.0,1.0,desktop,android,chrome
DEV_003600,9,0,0,0,0,1006.44,111.82666666666667,56.49,0.03346971607673919,0.1980795512923135,8,9,2,9,0.0,0.0,0.0,0.8888888888888888,1.0,0.2222222222222222,1.0,mobile,windows,firefox
DEV_005259,5,0,0,0,0,592.97,118.59400000000001,125.6,0.03344524579760434,0.049056523549036,2,5,1,5,0.0,0.0,0.0,0.4,1.0,0.2,1.0,mobile,windows,chrome
DEV_000084,7,0,0,0,0,1075.46,153.63714285714286,119.58,0.0334275856867499,0.1493838320950594,7,7,0,7,0.0,0.0,0.0,1.0,1.0,0.0,1.0,mobile,android,firefox
DEV_007984,8,0,0,0,0,1096.97,137.12125,69.14,0.03341745245104395,0.1800364601310322,3,5,2,0,0.0,0.0,0.0,0.375,0.625,0.25,0.0,mobile,ios,chrome
DEV_002757,6,0,0,0,0,615.42,102.57,74.43,0.03341359015353566,0.1483395314409605,4,5,2,0,0.0,0.0,0.0,0.6666666666666666,0.8333333333333334,0.3333333333333333,0.0,desktop,android,firefox
DEV_007761,3,0,0,0,0,707.44,235.81333333333336,241.82,0.033398658382923066,0.0576148949768728,2,3,0,3,0.0,0.0,0.0,0.6666666666666666,1.0,0.0,1.0,desktop,ios,chrome
DEV_005002,6,0,0,0,0,577.34,96.22333333333334,97.685,0.03339479817730332,0.0967027195509518,3,6,0,0,0.0,0.0,0.0,0.5,1.0,0.0,0.0,desktop,android,safari
DEV_005119,15,0,0,0,0,1696.57,113.10466666666666,43.45,0.03337865921981782,0.2583622635809058,6,11,2,0,0.0,0.0,0.0,0.4,0.7333333333333333,0.13333333333333333,0.0,mobile,ios,chrome
DEV_003812,7,0,0,0,0,567.28,81.03999999999999,31.93,0.03336709498404828,0.1156928877243027,2,2,0,0,0.0,0.0,0.0,0.2857142857142857,0.2857142857142857,0.0,0.0,tablet,linux,firefox
DEV_001767,7,0,0,0,0,900.09,128.58428571428573,78.39,0.03331817367223514,0.1337940939048142,4,7,1,0,0.0,0.0,0.0,0.5714285714285714,1.0,0.14285714285714285,0.0,mobile,ios,chrome
DEV_004796,10,0,0,0,0,1382.59,138.259,60.39,0.03328504748866157,0.3082618158188728,2,7,0,0,0.0,0.0,0.0,0.2,0.7,0.0,0.0,mobile,macos,chrome
DEV_005289,5,0,0,0,0,470.18,94.036,65.39,0.033239075854365516,0.124624909891722,2,2,0,5,0.0,0.0,0.0,0.4,0.4,0.0,1.0,desktop,ios,chrome
DEV_001653,9,1,0,0,0,550.96,61.21777777777778,25.65,0.03321632358055341,0.154726181938072,4,9,3,0,0.1111111111111111,0.0,0.0,0.4444444444444444,1.0,0.3333333333333333,0.0,tablet,windows,chrome
DEV_007861,4,0,0,0,0,523.07,130.7675,120.4,0.03308593199838562,0.1300105434265191,3,4,0,0,0.0,0.0,0.0,0.75,1.0,0.0,0.0,mobile,macos,chrome
DEV_004486,16,0,0,0,0,1579.82,98.73875,103.555,0.03308416129495375,0.2553867985867754,12,16,3,0,0.0,0.0,0.0,0.75,1.0,0.1875,0.0,desktop,ios,chrome
DEV_001829,15,0,0,0,0,1347.78,89.852,32.56,0.03307435421369031,0.419370884578651,5,9,1,0,0.0,0.0,0.0,0.3333333333333333,0.6,0.06666666666666667,0.0,mobile,macos,edge
DEV_000621,5,0,0,0,0,285.5,57.1,42.72,0.03299004877458438,0.1149219682548608,3,5,0,0,0.0,0.0,0.0,0.6,1.0,0.0,0.0,desktop,ios,chrome
DEV_005322,8,0,0,0,0,565.1999999999999,70.64999999999999,28.775,0.03295279865085255,0.174464056325579,3,8,2,0,0.0,0.0,0.0,0.375,1.0,0.25,0.0,mobile,windows,chrome
DEV_007789,4,0,0,0,0,969.6500000000001,242.41250000000002,214.91500000000002,0.03294127605878952,0.1292437568447118,3,3,0,4,0.0,0.0,0.0,0.75,0.75,0.0,1.0,mobile,macos,chrome
DEV_000302,18,0,0,0,0,1559.8,86.65555555555555,63.745,0.0329338501230119,0.234354154945052,7,13,5,0,0.0,0.0,0.0,0.3888888888888889,0.7222222222222222,0.2777777777777778,0.0,mobile,ios,safari
DEV_004661,9,0,0,0,0,1502.09,166.89888888888888,127.3,0.032933612206785465,0.2022461350726956,4,8,0,0,0.0,0.0,0.0,0.4444444444444444,0.8888888888888888,0.0,0.0,desktop,ios,chrome
DEV_007834,19,0,0,0,0,1906.71,100.35315789473684,69.86,0.03292915715617399,0.2308596173488564,10,17,3,19,0.0,0.0,0.0,0.5263157894736842,0.8947368421052632,0.15789473684210525,1.0,desktop,android,edge
DEV_000280,14,0,0,0,0,863.02,61.644285714285715,58.78,0.03281732051545008,0.3900048705610307,8,12,2,0,0.0,0.0,0.0,0.5714285714285714,0.8571428571428571,0.14285714285714285,0.0,desktop,android,chrome
DEV_005856,11,0,0,0,0,1137.01,103.36454545454545,61.29,0.03280820488505087,0.1712033148436308,8,11,1,0,0.0,0.0,0.0,0.7272727272727273,1.0,0.09090909090909091,0.0,mobile,macos,chrome
DEV_007064,5,0,0,0,0,356.17,71.23400000000001,56.19,0.03279648167260854,0.0930583252454354,4,5,1,0,0.0,0.0,0.0,0.8,1.0,0.2,0.0,mobile,linux,firefox
DEV_005872,10,0,0,0,0,1124.8799999999999,112.48799999999999,67.735,0.03278385747321367,0.0927680462881306,6,7,0,0,0.0,0.0,0.0,0.6,0.7,0.0,0.0,mobile,android,chrome
DEV_005488,8,0,0,0,0,2476.35,309.54375,146.24,0.03277086312722883,0.179254883097014,1,8,0,0,0.0,0.0,0.0,0.125,1.0,0.0,0.0,mobile,android,chrome
DEV_004863,9,1,0,0,0,821.2900000000001,91.25444444444446,28.8,0.032754651161199425,0.1243628802776127,5,9,0,0,0.1111111111111111,0.0,0.0,0.5555555555555556,1.0,0.0,0.0,mobile,windows,edge
DEV_005718,4,0,0,0,0,669.6500000000001,167.41250000000002,175.64499999999998,0.0326802494118268,0.0753619134358261,2,4,0,0,0.0,0.0,0.0,0.5,1.0,0.0,0.0,mobile,ios,firefox
DEV_006198,4,0,0,0,0,446.62,111.655,76.65,0.032643567327467954,0.1207949996031479,0,1,1,0,0.0,0.0,0.0,0.0,0.25,0.25,0.0,mobile,macos,firefox
DEV_005351,18,0,0,0,0,1522.26,84.57,58.675,0.03256941528614091,0.1659576938738187,7,18,1,0,0.0,0.0,0.0,0.3888888888888889,1.0,0.05555555555555555,0.0,mobile,macos,safari
DEV_006276,18,0,0,0,0,1523.6599999999999,84.64777777777778,63.995000000000005,0.03255578431429106,0.3360978805135391,10,18,5,0,0.0,0.0,0.0,0.5555555555555556,1.0,0.2777777777777778,0.0,desktop,macos,chrome
DEV_005300,13,0,0,0,0,1084.46,83.42,78.48,0.03240332762258317,0.2408288487146597,9,10,2,0,0.0,0.0,0.0,0.6923076923076923,0.7692307692307693,0.15384615384615385,0.0,mobile,windows,firefox
DEV_001536,5,0,0,0,0,1363.33,272.666,52.34,0.0323781061496856,0.1026134010809103,2,5,0,5,0.0,0.0,0.0,0.4,1.0,0.0,1.0,desktop,macos,edge
DEV_000463,13,0,0,0,0,764.59,58.81461538461539,48.36,0.032259568734078446,0.3388718847381918,2,5,2,0,0.0,0.0,0.0,0.15384615384615385,0.38461538461538464,0.15384615384615385,0.0,mobile,ios,chrome
DEV_003293,9,0,0,0,0,814.98,90.55333333333334,28.66,0.032217843667253755,0.1343034213900962,4,6,0,9,0.0,0.0,0.0,0.4444444444444444,0.6666666666666666,0.0,1.0,mobile,windows,chrome
DEV_000660,3,0,0,0,0,124.33,41.443333333333335,33.51,0.032171675281692666,0.063059051516951,3,3,0,0,0.0,0.0,0.0,1.0,1.0,0.0,0.0,desktop,ios,firefox
DEV_002131,7,0,0,0,0,1129.98,161.4257142857143,110.31,0.03216923984856534,0.1549668104080949,6,7,0,0,0.0,0.0,0.0,0.8571428571428571,1.0,0.0,0.0,desktop,macos,safari
DEV_000755,4,0,0,0,0,391.75,97.9375,106.19,0.032163914740825826,0.1048013061375485,3,4,0,0,0.0,0.0,0.0,0.75,1.0,0.0,0.0,desktop,windows,firefox
DEV_004332,10,0,0,0,0,1316.44,131.644,124.495,0.0321255669385059,0.1933520745118083,4,10,0,0,0.0,0.0,0.0,0.4,1.0,0.0,0.0,mobile,android,edge
DEV_005982,10,0,0,0,0,608.1,60.81,46.400000000000006,0.03194992645344869,0.2713435010789731,4,7,2,0,0.0,0.0,0.0,0.4,0.7,0.2,0.0,desktop,android,chrome
DEV_000917,10,0,0,0,0,1096.93,109.69300000000001,122.195,0.03190580511555409,0.1538206601631389,5,10,1,0,0.0,0.0,0.0,0.5,1.0,0.1,0.0,desktop,android,chrome
DEV_006167,4,0,0,0,0,485.16999999999996,121.29249999999999,129.09,0.03187587738438245,0.0530828586502347,0,2,0,4,0.0,0.0,0.0,0.0,0.5,0.0,1.0,mobile,windows,chrome
DEV_006297,7,0,0,0,0,865.18,123.59714285714286,85.3,0.03179913235908238,0.1282363825924682,3,7,0,7,0.0,0.0,0.0,0.42857142857142855,1.0,0.0,1.0,mobile,ios,safari
DEV_007991,13,0,0,0,0,2438.06,187.5430769230769,91.52,0.03176357937521715,0.3300092066748813,4,10,4,0,0.0,0.0,0.0,0.3076923076923077,0.7692307692307693,0.3076923076923077,0.0,mobile,macos,chrome
DEV_002612,7,0,0,0,0,573.61,81.94428571428571,41.27,0.0317357619514151,0.2015134907551343,2,7,4,0,0.0,0.0,0.0,0.2857142857142857,1.0,0.5714285714285714,0.0,mobile,windows,safari
DEV_000486,9,0,0,0,0,342.0,38.0,33.78,0.03170089887768597,0.1458520984512294,5,9,0,9,0.0,0.0,0.0,0.5555555555555556,1.0,0.0,1.0,desktop,macos,chrome
DEV_003354,3,0,0,0,0,523.9200000000001,174.64000000000001,77.75,0.031648228358436566,0.0585816173890017,1,3,0,0,0.0,0.0,0.0,0.3333333333333333,1.0,0.0,0.0,mobile,ios,chrome
DEV_001930,10,0,0,0,0,568.05,56.80499999999999,37.519999999999996,0.0316033674532953,0.160280122857174,6,8,1,10,0.0,0.0,0.0,0.6,0.8,0.1,1.0,mobile,windows,chrome
DEV_007972,3,0,0,0,0,579.87,193.29,111.82,0.031582516465881165,0.0522666254034657,3,3,0,0,0.0,0.0,0.0,1.0,1.0,0.0,0.0,mobile,ios,chrome
DEV_004589,16,0,0,0,0,3186.61,199.163125,122.47,0.03155812094382676,0.4367001251740705,7,15,3,0,0.0,0.0,0.0,0.4375,0.9375,0.1875,0.0,mobile,ios,chrome
DEV_001759,24,1,0,0,0,4264.42,177.68416666666667,137.46,0.0314828438874977,0.3024286032509672,14,23,4,0,0.041666666666666664,0.0,0.0,0.5833333333333334,0.9583333333333334,0.16666666666666666,0.0,mobile,android,chrome
DEV_004629,8,0,0,0,0,471.74,58.9675,57.015,0.03147669900509878,0.1697495315506573,5,8,3,0,0.0,0.0,0.0,0.625,1.0,0.375,0.0,mobile,android,chrome
DEV_004623,9,0,0,0,0,1693.4199999999998,188.15777777777777,171.49,0.03145731050258264,0.147766221293453,5,9,1,0,0.0,0.0,0.0,0.5555555555555556,1.0,0.1111111111111111,0.0,mobile,android,chrome
DEV_005537,19,0,0,0,0,3026.86,159.3084210526316,100.38,0.03143259930779659,0.2112357054268144,7,19,0,0,0.0,0.0,0.0,0.3684210526315789,1.0,0.0,0.0,tablet,windows,firefox
DEV_003091,5,0,0,0,0,825.96,165.192,154.21,0.03142396819378092,0.1361081282676518,1,3,0,0,0.0,0.0,0.0,0.2,0.6,0.0,0.0,mobile,windows,chrome
DEV_001266,9,0,0,0,0,571.49,63.49888888888889,23.13,0.031419578323802,0.0933533757871021,7,9,2,9,0.0,0.0,0.0,0.7777777777777778,1.0,0.2222222222222222,1.0,desktop,ios,chrome
DEV_000431,15,0,0,0,0,961.18,64.07866666666666,46.36,0.03140495188938243,0.372488833769722,6,15,1,0,0.0,0.0,0.0,0.4,1.0,0.06666666666666667,0.0,mobile,macos,chrome
DEV_005986,8,0,0,0,0,1902.8700000000001,237.85875000000001,66.96,0.031373641210563706,0.2017796969670963,1,8,1,0,0.0,0.0,0.0,0.125,1.0,0.125,0.0,mobile,android,safari
DEV_002763,3,0,0,0,0,108.15,36.050000000000004,16.57,0.03136725690064803,0.0893837474770684,2,3,0,0,0.0,0.0,0.0,0.6666666666666666,1.0,0.0,0.0,mobile,windows,chrome
DEV_003611,6,0,0,0,0,339.89,56.64833333333333,45.45,0.03134045999286778,0.1018489292563386,5,6,0,0,0.0,0.0,0.0,0.8333333333333334,1.0,0.0,0.0,mobile,windows,safari
DEV_002575,12,0,0,0,0,2476.18,206.34833333333333,103.07499999999999,0.03129651735873346,0.3365191910939769,7,12,0,0,0.0,0.0,0.0,0.5833333333333334,1.0,0.0,0.0,mobile,android,safari
DEV_007431,10,0,0,0,0,793.03,79.303,68.715,0.0312656436053366,0.1182812948914877,5,7,2,0,0.0,0.0,0.0,0.5,0.7,0.2,0.0,desktop,ios,safari
DEV_005394,4,0,0,0,0,330.61,82.6525,54.31999999999999,0.03126499054400082,0.1238125107519284,4,4,1,0,0.0,0.0,0.0,1.0,1.0,0.25,0.0,mobile,ios,chrome
DEV_005715,13,0,0,0,0,418.12,32.16307692307692,18.18,0.031226223158671032,0.3456999831426832,5,13,1,0,0.0,0.0,0.0,0.38461538461538464,1.0,0.07692307692307693,0.0,desktop,android,chrome
DEV_006872,4,0,0,0,0,194.46,48.615,47.114999999999995,0.031210142564022558,0.1237882474580898,1,3,1,0,0.0,0.0,0.0,0.25,0.75,0.25,0.0,desktop,android,firefox
DEV_000510,11,0,0,0,0,1390.43,126.40272727272728,75.02,0.03116413378360922,0.1307953643689731,5,11,2,0,0.0,0.0,0.0,0.45454545454545453,1.0,0.18181818181818182,0.0,mobile,macos,edge
DEV_007837,23,0,0,0,0,3603.21,156.66130434782607,95.57,0.03115064854099592,0.4057668910166797,11,20,6,0,0.0,0.0,0.0,0.4782608695652174,0.8695652173913043,0.2608695652173913,0.0,tablet,android,safari
DEV_003547,11,0,0,0,0,685.3199999999999,62.30181818181818,34.39,0.031035919268233146,0.1856068527975196,7,11,4,0,0.0,0.0,0.0,0.6363636363636364,1.0,0.36363636363636365,0.0,mobile,windows,safari
DEV_000513,7,0,0,0,0,3172.76,453.2514285714286,214.14,0.03103571990210596,0.1499037504351699,3,7,0,0,0.0,0.0,0.0,0.42857142857142855,1.0,0.0,0.0,mobile,macos,safari
DEV_007909,3,0,0,0,0,531.19,177.06333333333336,202.9,0.0309827902379684,0.0503440613851992,3,3,0,0,0.0,0.0,0.0,1.0,1.0,0.0,0.0,mobile,macos,edge
DEV_005237,7,0,0,0,0,416.28000000000003,59.46857142857143,29.72,0.030931800973907696,0.2090531407020721,2,7,0,0,0.0,0.0,0.0,0.2857142857142857,1.0,0.0,0.0,mobile,ios,chrome
DEV_002812,5,0,0,0,0,299.33,59.866,37.77,0.030893898322038444,0.1403646180273664,3,5,0,5,0.0,0.0,0.0,0.6,1.0,0.0,1.0,desktop,android,firefox
DEV_002071,5,0,0,0,0,744.61,148.922,121.59,0.030851111675270958,0.0688714889964169,3,5,1,0,0.0,0.0,0.0,0.6,1.0,0.2,0.0,desktop,android,edge
DEV_004522,4,0,0,0,0,449.52,112.38,115.06,0.030834908761104403,0.0898663123520247,2,4,0,4,0.0,0.0,0.0,0.5,1.0,0.0,1.0,mobile,android,chrome
DEV_002766,6,0,0,0,0,1478.31,246.385,180.14499999999998,0.030794769479392362,0.1646285057388835,1,1,0,0,0.0,0.0,0.0,0.16666666666666666,0.16666666666666666,0.0,0.0,desktop,windows,edge
DEV_002178,12,0,0,0,0,1397.22,116.435,57.015,0.030757863812553715,0.1704577801276353,8,12,4,0,0.0,0.0,0.0,0.6666666666666666,1.0,0.3333333333333333,0.0,mobile,android,chrome
DEV_003173,16,0,0,0,0,1316.46,82.27875,75.64,0.030729310555482503,0.4174250201027693,5,13,2,0,0.0,0.0,0.0,0.3125,0.8125,0.125,0.0,mobile,ios,edge
DEV_002025,3,0,0,0,0,224.12,74.70666666666666,65.31,0.030672432613817035,0.0840275231442586,2,2,1,0,0.0,0.0,0.0,0.6666666666666666,0.6666666666666666,0.3333333333333333,0.0,mobile,macos,chrome
DEV_001194,12,0,0,0,0,982.96,81.91333333333334,54.584999999999994,0.030626058020918306,0.228875234026584,7,11,3,0,0.0,0.0,0.0,0.5833333333333334,0.9166666666666666,0.25,0.0,mobile,windows,chrome
DEV_004960,8,0,0,0,0,525.67,65.70875,40.71,0.03061535014114682,0.2425671270609415,3,8,0,0,0.0,0.0,0.0,0.375,1.0,0.0,0.0,mobile,macos,firefox
DEV_000939,14,0,0,0,0,1010.18,72.15571428571428,59.9,0.030590602816320395,0.259145697757007,4,10,0,14,0.0,0.0,0.0,0.2857142857142857,0.7142857142857143,0.0,1.0,mobile,android,chrome
DEV_003776,7,0,0,0,0,417.93,59.70428571428572,51.68,0.03058895599712864,0.1280929876764531,2,5,0,0,0.0,0.0,0.0,0.2857142857142857,0.7142857142857143,0.0,0.0,desktop,android,chrome
DEV_003524,12,0,0,0,0,783.72,65.31,45.11,0.030565631238683652,0.3400562840070846,8,11,3,0,0.0,0.0,0.0,0.6666666666666666,0.9166666666666666,0.25,0.0,mobile,android,safari
DEV_007388,15,0,0,0,0,1636.4,109.09333333333333,62.95,0.030562926265475403,0.3716598740207874,5,13,2,0,0.0,0.0,0.0,0.3333333333333333,0.8666666666666667,0.13333333333333333,0.0,desktop,android,chrome
DEV_007025,7,0,0,0,0,347.06,49.58,32.44,0.030482430444465615,0.1953946799261326,6,7,2,0,0.0,0.0,0.0,0.8571428571428571,1.0,0.2857142857142857,0.0,tablet,ios,edge
DEV_005250,11,0,0,0,0,2079.53,189.04818181818183,134.83,0.030455288317053842,0.294955650712966,7,10,1,0,0.0,0.0,0.0,0.6363636363636364,0.9090909090909091,0.09090909090909091,0.0,desktop,macos,safari
DEV_000134,9,0,0,0,0,1196.8500000000001,132.98333333333335,98.89,0.030370600698521835,0.1023253144576286,6,8,0,0,0.0,0.0,0.0,0.6666666666666666,0.8888888888888888,0.0,0.0,mobile,ios,chrome
DEV_001793,18,0,0,0,0,1181.13,65.61833333333334,38.195,0.030314637410963314,0.3517931183558386,11,17,6,0,0.0,0.0,0.0,0.6111111111111112,0.9444444444444444,0.3333333333333333,0.0,mobile,macos,edge
DEV_006769,3,0,0,0,0,140.01,46.669999999999995,36.44,0.0303029168230796,0.0627064807402131,3,3,0,3,0.0,0.0,0.0,1.0,1.0,0.0,1.0,desktop,android,firefox
DEV_006745,3,0,0,0,0,700.79,233.59666666666666,227.17,0.030255268268465366,0.0595694997516965,2,3,0,0,0.0,0.0,0.0,0.6666666666666666,1.0,0.0,0.0,tablet,android,chrome
DEV_000669,3,0,0,0,0,250.67000000000002,83.55666666666667,58.88,0.03024377378843787,0.0895735488335294,1,3,0,3,0.0,0.0,0.0,0.3333333333333333,1.0,0.0,1.0,mobile,macos,firefox
DEV_003348,3,0,0,0,0,613.87,204.62333333333333,200.78,0.030203411817531167,0.0894495924426968,2,3,0,3,0.0,0.0,0.0,0.6666666666666666,1.0,0.0,1.0,mobile,windows,firefox
DEV_004223,14,0,0,0,0,1498.62,107.0442857142857,54.405,0.030174768105737236,0.1995990827103073,10,14,2,0,0.0,0.0,0.0,0.7142857142857143,1.0,0.14285714285714285,0.0,mobile,android,firefox
DEV_000032,7,0,0,0,0,1373.78,196.25428571428571,84.0,0.030168923595241173,0.1061726975772513,2,7,1,0,0.0,0.0,0.0,0.2857142857142857,1.0,0.14285714285714285,0.0,desktop,android,safari
DEV_004024,6,0,0,0,0,192.04999999999998,32.00833333333333,25.345,0.030114196937864945,0.110472545761152,3,6,2,0,0.0,0.0,0.0,0.5,1.0,0.3333333333333333,0.0,mobile,ios,safari
DEV_003586,8,0,0,0,0,922.87,115.35875,127.21000000000001,0.03008851986454676,0.0915224182131021,5,8,2,0,0.0,0.0,0.0,0.625,1.0,0.25,0.0,mobile,android,firefox
DEV_007292,15,0,0,0,0,1274.67,84.97800000000001,45.47,0.030067806186828323,0.1928734620218185,10,15,2,0,0.0,0.0,0.0,0.6666666666666666,1.0,0.13333333333333333,0.0,mobile,macos,firefox
DEV_005338,5,0,0,0,0,963.2,192.64000000000001,92.42,0.030047632215083636,0.0586379912124349,3,3,0,0,0.0,0.0,0.0,0.6,0.6,0.0,0.0,desktop,ios,safari
DEV_005266,8,0,0,0,0,957.4499999999999,119.68124999999999,101.35,0.030038224137679988,0.1419753025000164,3,8,0,0,0.0,0.0,0.0,0.375,1.0,0.0,0.0,desktop,macos,chrome
DEV_001450,18,0,0,0,0,2202.83,122.37944444444445,66.4,0.030006154815216703,0.4233925044032487,11,14,1,18,0.0,0.0,0.0,0.6111111111111112,0.7777777777777778,0.05555555555555555,1.0,mobile,macos,chrome
DEV_003881,15,0,0,0,0,2129.71,141.98066666666668,76.56,0.029951604222004893,0.3203990332929642,7,12,3,0,0.0,0.0,0.0,0.4666666666666667,0.8,0.2,0.0,desktop,ios,edge
DEV_006214,5,0,0,0,0,301.28,60.25599999999999,56.49,0.029933105304861502,0.1213420921197976,3,4,0,5,0.0,0.0,0.0,0.6,0.8,0.0,1.0,mobile,android,chrome
DEV_001017,5,0,0,0,0,362.59,72.518,41.02,0.029909644980850757,0.1139528194919776,4,5,0,0,0.0,0.0,0.0,0.8,1.0,0.0,0.0,mobile,windows,chrome
DEV_002849,3,0,0,0,0,160.17,53.38999999999999,28.87,0.029871076594203766,0.0620611564914808,1,2,1,0,0.0,0.0,0.0,0.3333333333333333,0.6666666666666666,0.3333333333333333,0.0,desktop,android,chrome
DEV_000885,9,0,0,0,0,817.0500000000001,90.78333333333335,55.33,0.029826475107862967,0.2160259480526163,4,7,2,9,0.0,0.0,0.0,0.4444444444444444,0.7777777777777778,0.2222222222222222,1.0,mobile,windows,chrome
DEV_002786,10,1,0,0,0,1665.34,166.534,139.63,0.029825694646964274,0.1214530197842795,3,10,0,10,0.1,0.0,0.0,0.3,1.0,0.0,1.0,mobile,windows,chrome
DEV_007830,7,0,0,0,0,588.12,84.01714285714286,59.48,0.029793300981852656,0.0837662229824188,1,7,0,7,0.0,0.0,0.0,0.14285714285714285,1.0,0.0,1.0,desktop,windows,chrome
DEV_000079,3,0,0,0,0,379.82,126.60666666666667,76.07,0.02977370024086053,0.086065860384362,3,3,0,3,0.0,0.0,0.0,1.0,1.0,0.0,1.0,mobile,android,chrome
DEV_005282,4,0,0,0,0,94.69,23.6725,23.44,0.029768463517737164,0.1168981318814792,1,3,2,0,0.0,0.0,0.0,0.25,0.75,0.5,0.0,mobile,android,firefox
DEV_007539,3,0,0,0,0,429.20000000000005,143.0666666666667,160.43,0.029730961045123867,0.0412711563605746,2,3,1,0,0.0,0.0,0.0,0.6666666666666666,1.0,0.3333333333333333,0.0,tablet,ios,chrome
DEV_006703,13,0,0,0,0,1215.11,93.47,48.46,0.02970347107537978,0.1555903488812317,10,12,2,0,0.0,0.0,0.0,0.7692307692307693,0.9230769230769231,0.15384615384615385,0.0,desktop,ios,chrome
DEV_003893,12,0,0,0,0,2751.6,229.29999999999998,159.12,0.029703465828667508,0.2193868300133878,4,12,1,0,0.0,0.0,0.0,0.3333333333333333,1.0,0.08333333333333333,0.0,mobile,android,firefox
DEV_007170,9,0,0,0,0,2178.1,242.0111111111111,178.26,0.029690892972002295,0.164517059614,6,9,2,0,0.0,0.0,0.0,0.6666666666666666,1.0,0.2222222222222222,0.0,mobile,android,safari
DEV_007384,9,0,0,0,0,1635.5900000000001,181.73222222222225,160.52,0.029600523193806343,0.2335784993611139,5,6,0,0,0.0,0.0,0.0,0.5555555555555556,0.6666666666666666,0.0,0.0,tablet,ios,firefox
DEV_007437,11,0,0,0,0,1758.46,159.86,112.53,0.029593156040212856,0.1561596672519433,7,10,2,0,0.0,0.0,0.0,0.6363636363636364,0.9090909090909091,0.18181818181818182,0.0,desktop,macos,firefox
DEV_001850,5,0,0,0,0,804.24,160.848,87.25,0.02958427899459074,0.130212552538823,1,5,0,0,0.0,0.0,0.0,0.2,1.0,0.0,0.0,desktop,android,chrome
DEV_001057,5,0,0,0,0,873.28,174.656,112.79,0.029576620683118598,0.063230561889652,4,5,0,0,0.0,0.0,0.0,0.8,1.0,0.0,0.0,mobile,android,safari
DEV_001146,5,0,0,0,0,200.21,40.042,56.33,0.029554338129337658,0.0673008349974853,3,5,0,0,0.0,0.0,0.0,0.6,1.0,0.0,0.0,mobile,macos,chrome
DEV_001157,10,0,0,0,0,650.6,65.06,41.25,0.02952445152411885,0.2837201798072841,6,10,2,0,0.0,0.0,0.0,0.6,1.0,0.2,0.0,mobile,windows,safari
DEV_003365,10,0,0,0,0,1030.58,103.05799999999999,77.71000000000001,0.029514303693866352,0.2369189531826272,7,9,3,0,0.0,0.0,0.0,0.7,0.9,0.3,0.0,desktop,android,safari
DEV_002065,10,0,0,0,0,1009.68,100.96799999999999,120.12,0.029505090234974208,0.129059481427127,4,8,1,10,0.0,0.0,0.0,0.4,0.8,0.1,1.0,mobile,ios,safari
DEV_005198,22,0,0,0,0,1916.3500000000001,87.10681818181818,61.425,0.029493280242695482,0.4268922550433041,9,20,0,0,0.0,0.0,0.0,0.4090909090909091,0.9090909090909091,0.0,0.0,desktop,macos,chrome
DEV_006383,11,0,0,0,0,1033.6,93.96363636363635,74.47,0.029477612633838857,0.2286827725676489,7,11,3,11,0.0,0.0,0.0,0.6363636363636364,1.0,0.2727272727272727,1.0,desktop,android,safari
DEV_005931,4,0,0,0,0,388.90999999999997,97.22749999999999,82.36,0.029467641962255948,0.1076398079798841,3,4,0,4,0.0,0.0,0.0,0.75,1.0,0.0,1.0,mobile,macos,safari
DEV_006249,7,0,0,0,0,727.29,103.89857142857143,75.99,0.0294423346894328,0.1422194513847152,1,6,0,0,0.0,0.0,0.0,0.14285714285714285,0.8571428571428571,0.0,0.0,desktop,android,edge
DEV_006974,15,0,0,0,0,2227.23,148.482,83.23,0.029382276359093285,0.1215078148502134,10,15,4,0,0.0,0.0,0.0,0.6666666666666666,1.0,0.26666666666666666,0.0,mobile,android,chrome
DEV_002607,13,0,0,0,0,1236.28,95.09846153846154,53.43,0.029366723050933134,0.1344974343446053,8,12,2,0,0.0,0.0,0.0,0.6153846153846154,0.9230769230769231,0.15384615384615385,0.0,mobile,android,firefox
DEV_003913,5,0,0,0,0,923.99,184.798,155.29,0.02934631672634606,0.0757401327793423,3,5,2,0,0.0,0.0,0.0,0.6,1.0,0.4,0.0,desktop,android,chrome
DEV_005882,9,0,0,0,0,468.19,52.02111111111111,25.99,0.029338582317676856,0.2477599928298064,4,8,4,0,0.0,0.0,0.0,0.4444444444444444,0.8888888888888888,0.4444444444444444,0.0,desktop,macos,edge
DEV_003198,3,0,0,0,0,308.75,102.91666666666667,66.23,0.0293313460330546,0.0752109091941714,1,3,0,0,0.0,0.0,0.0,0.3333333333333333,1.0,0.0,0.0,mobile,android,firefox
DEV_002048,6,0,0,0,0,1190.9,198.48333333333335,34.8,0.029330467867825383,0.1604811362284775,1,6,0,0,0.0,0.0,0.0,0.16666666666666666,1.0,0.0,0.0,mobile,ios,safari
DEV_005108,22,0,0,0,0,3239.44,147.24727272727273,97.57,0.02931524533494129,0.4579039667909657,14,22,4,0,0.0,0.0,0.0,0.6363636363636364,1.0,0.18181818181818182,0.0,mobile,android,safari
DEV_006194,9,0,0,0,0,2478.58,275.3977777777778,163.55,0.029269245520348694,0.1712906143195637,5,9,0,0,0.0,0.0,0.0,0.5555555555555556,1.0,0.0,0.0,desktop,windows,firefox
DEV_002960,7,0,0,0,0,683.4,97.62857142857142,90.49,0.029246249390321215,0.1080924860495912,6,7,0,0,0.0,0.0,0.0,0.8571428571428571,1.0,0.0,0.0,mobile,android,chrome
DEV_006820,11,0,0,0,0,1020.6600000000001,92.78727272727274,64.76,0.02913860675789864,0.2316196861223085,5,9,4,0,0.0,0.0,0.0,0.45454545454545453,0.8181818181818182,0.36363636363636365,0.0,mobile,linux,safari
DEV_006917,5,0,0,0,0,336.1,67.22,34.77,0.02913177764337186,0.1409752052577273,4,5,0,0,0.0,0.0,0.0,0.8,1.0,0.0,0.0,desktop,ios,edge
DEV_005761,4,0,0,0,0,910.4,227.6,187.54500000000002,0.0291205597165977,0.0809353970456245,2,3,2,0,0.0,0.0,0.0,0.5,0.75,0.5,0.0,desktop,linux,chrome
DEV_004418,10,0,0,0,0,374.72,37.472,34.06,0.029052835295225437,0.2447780932328201,5,10,3,0,0.0,0.0,0.0,0.5,1.0,0.3,0.0,mobile,android,chrome
DEV_004621,9,0,0,0,0,2106.2599999999998,234.02888888888887,187.01,0.029044592203399142,0.0901157628019349,1,9,1,0,0.0,0.0,0.0,0.1111111111111111,1.0,0.1111111111111111,0.0,mobile,windows,safari
DEV_003807,3,0,0,0,0,524.52,174.84,62.71,0.028993358817290833,0.0745431518810541,2,3,1,0,0.0,0.0,0.0,0.6666666666666666,1.0,0.3333333333333333,0.0,mobile,windows,firefox
DEV_005066,3,0,0,0,0,373.72,124.57333333333334,157.34,0.028981626014075865,0.0415042402798584,3,3,1,0,0.0,0.0,0.0,1.0,1.0,0.3333333333333333,0.0,mobile,android,chrome
DEV_003165,4,0,0,0,0,649.77,162.4425,161.04500000000002,0.02894083592240415,0.0536443599459178,1,3,1,4,0.0,0.0,0.0,0.25,0.75,0.25,1.0,desktop,android,chrome
DEV_004855,13,0,0,0,0,1587.82,122.14,152.4,0.02890281948866134,0.2150318378511324,8,13,1,13,0.0,0.0,0.0,0.6153846153846154,1.0,0.07692307692307693,1.0,mobile,linux,chrome
DEV_000773,8,0,0,0,0,657.48,82.185,53.43,0.028865781326699223,0.1488382195121347,4,7,0,0,0.0,0.0,0.0,0.5,0.875,0.0,0.0,mobile,android,chrome
DEV_007138,15,0,0,0,0,1875.63,125.042,102.47,0.028855934072579623,0.2983874181542564,3,14,3,0,0.0,0.0,0.0,0.2,0.9333333333333333,0.2,0.0,tablet,ios,chrome
DEV_000003,5,0,0,0,0,218.13,43.626,27.18,0.02884216603632448,0.0680761712560612,2,5,2,0,0.0,0.0,0.0,0.4,1.0,0.4,0.0,desktop,macos,firefox
DEV_000197,3,0,0,0,0,664.69,221.56333333333336,125.48,0.028838649883830395,0.0861415551080539,2,2,0,0,0.0,0.0,0.0,0.6666666666666666,0.6666666666666666,0.0,0.0,tablet,android,chrome
DEV_006040,11,0,0,0,0,1447.7,131.60909090909092,93.59,0.028816809624484994,0.0971117268525571,1,9,2,0,0.0,0.0,0.0,0.09090909090909091,0.8181818181818182,0.18181818181818182,0.0,mobile,macos,firefox
DEV_003291,6,0,0,0,0,1799.9,299.98333333333335,276.05,0.028807528614136962,0.1510596522915241,4,6,1,0,0.0,0.0,0.0,0.6666666666666666,1.0,0.16666666666666666,0.0,mobile,macos,firefox
DEV_003578,9,0,0,0,0,1311.27,145.69666666666666,46.81,0.028771607089270942,0.1423492658891097,3,9,0,0,0.0,0.0,0.0,0.3333333333333333,1.0,0.0,0.0,tablet,android,chrome
DEV_007484,19,0,0,0,0,2710.66,142.66631578947369,53.7,0.028685990670546453,0.3364605719334429,5,13,3,0,0.0,0.0,0.0,0.2631578947368421,0.6842105263157895,0.15789473684210525,0.0,mobile,android,edge
DEV_006420,4,0,0,0,0,313.98,78.495,76.61,0.028676728969087677,0.099938911044264,1,3,0,4,0.0,0.0,0.0,0.25,0.75,0.0,1.0,mobile,ios,edge
DEV_002491,5,0,0,0,0,681.48,136.296,87.78,0.028671123722553916,0.1411274216913223,3,5,0,0,0.0,0.0,0.0,0.6,1.0,0.0,0.0,tablet,ios,chrome
DEV_005770,12,0,0,0,0,1651.75,137.64583333333334,51.22,0.02866439331198901,0.2479205453808343,8,11,3,0,0.0,0.0,0.0,0.6666666666666666,0.9166666666666666,0.25,0.0,desktop,ios,safari
DEV_005807,10,0,0,0,0,823.68,82.368,46.58,0.0285238883280782,0.1950296991821599,2,5,1,0,0.0,0.0,0.0,0.2,0.5,0.1,0.0,mobile,android,chrome
DEV_005647,6,0,0,0,0,505.0,84.16666666666667,31.91,0.028473175372832185,0.0793840591232771,2,6,0,0,0.0,0.0,0.0,0.3333333333333333,1.0,0.0,0.0,mobile,ios,safari
DEV_006935,7,0,0,0,0,791.8399999999999,113.11999999999999,68.03,0.028466678412538672,0.1121977681643155,4,6,3,0,0.0,0.0,0.0,0.5714285714285714,0.8571428571428571,0.42857142857142855,0.0,mobile,macos,firefox
DEV_004058,5,0,0,0,0,1529.81,305.962,311.43,0.028435489835769556,0.1407275446379274,2,4,0,0,0.0,0.0,0.0,0.4,0.8,0.0,0.0,mobile,android,chrome
DEV_007514,7,0,0,0,0,504.78999999999996,72.11285714285714,43.81,0.028429339035322184,0.1024694017332294,5,6,2,7,0.0,0.0,0.0,0.7142857142857143,0.8571428571428571,0.2857142857142857,1.0,desktop,android,firefox
DEV_006234,6,0,0,0,0,1004.58,167.43,114.815,0.028392589346457765,0.1582095578025581,2,5,1,0,0.0,0.0,0.0,0.3333333333333333,0.8333333333333334,0.16666666666666666,0.0,mobile,android,safari
DEV_001977,4,0,0,0,0,193.87,48.4675,33.825,0.028377818821594226,0.0670535880694585,1,2,1,4,0.0,0.0,0.0,0.25,0.5,0.25,1.0,mobile,android,chrome
DEV_002900,10,0,0,0,0,399.61,39.961,32.935,0.028369448237438276,0.2482360562217752,6,9,2,0,0.0,0.0,0.0,0.6,0.9,0.2,0.0,desktop,windows,safari
DEV_000955,18,1,0,0,0,2478.7400000000002,137.70777777777778,100.82,0.028368122473576857,0.2598451045216451,8,18,4,0,0.05555555555555555,0.0,0.0,0.4444444444444444,1.0,0.2222222222222222,0.0,mobile,windows,firefox
DEV_001782,26,0,0,0,0,1784.62,68.63923076923076,46.620000000000005,0.028361521769882127,0.6867138616259852,10,22,4,0,0.0,0.0,0.0,0.38461538461538464,0.8461538461538461,0.15384615384615385,0.0,desktop,android,firefox
DEV_000895,11,0,0,0,0,613.92,55.810909090909085,40.44,0.028350325762262187,0.12497810486478,6,11,1,0,0.0,0.0,0.0,0.5454545454545454,1.0,0.09090909090909091,0.0,mobile,android,edge
DEV_001610,12,0,0,0,0,1196.31,99.6925,48.155,0.028292649891030128,0.3102964807819242,4,9,2,0,0.0,0.0,0.0,0.3333333333333333,0.75,0.16666666666666666,0.0,desktop,android,safari
DEV_000174,5,0,0,0,0,1915.76,383.152,128.37,0.02827242557735436,0.0714161319080401,3,5,1,0,0.0,0.0,0.0,0.6,1.0,0.2,0.0,mobile,linux,safari
DEV_004607,6,0,0,0,0,990.49,165.08166666666668,86.12,0.028263654940852048,0.1052316231858437,3,6,0,0,0.0,0.0,0.0,0.5,1.0,0.0,0.0,mobile,windows,chrome
DEV_004743,4,0,0,0,0,299.86,74.965,57.86,0.02824900201680745,0.0929192864363702,2,2,0,0,0.0,0.0,0.0,0.5,0.5,0.0,0.0,mobile,android,safari
DEV_006392,8,0,0,0,0,428.97,53.62125,41.53,0.028210862083429475,0.2226188851496069,3,8,1,0,0.0,0.0,0.0,0.375,1.0,0.125,0.0,desktop,android,chrome
DEV_001439,19,0,0,0,0,3206.69,168.77315789473684,62.97,0.028187544526105158,0.3120858220271247,8,15,1,0,0.0,0.0,0.0,0.42105263157894735,0.7894736842105263,0.05263157894736842,0.0,mobile,android,edge
DEV_004656,32,0,0,0,0,5464.78,170.774375,103.745,0.028184850774556406,0.6451464738446254,16,30,8,0,0.0,0.0,0.0,0.5,0.9375,0.25,0.0,mobile,ios,firefox
DEV_006484,20,0,0,0,0,2095.06,104.753,70.095,0.02816427465220698,0.4793922050659201,10,20,4,0,0.0,0.0,0.0,0.5,1.0,0.2,0.0,desktop,android,firefox
DEV_006075,10,0,0,0,0,1447.93,144.793,84.875,0.02815594957426961,0.1449142539072799,5,8,1,0,0.0,0.0,0.0,0.5,0.8,0.1,0.0,mobile,windows,firefox
DEV_000044,6,0,0,0,0,601.74,100.29,104.4,0.028120319318678352,0.1433353895538689,2,6,1,0,0.0,0.0,0.0,0.3333333333333333,1.0,0.16666666666666666,0.0,desktop,ios,chrome
DEV_001753,9,0,0,0,0,1316.15,146.2388888888889,64.5,0.028120167543519432,0.1197640989750199,7,9,0,0,0.0,0.0,0.0,0.7777777777777778,1.0,0.0,0.0,desktop,ios,chrome
DEV_007975,3,0,0,0,0,297.44,99.14666666666666,91.19,0.0280318128738437,0.0473343135087092,0,3,0,0,0.0,0.0,0.0,0.0,1.0,0.0,0.0,desktop,android,chrome
DEV_005445,4,0,0,0,0,126.63999999999999,31.659999999999997,28.325,0.027997228487356,0.110075252163216,2,4,0,0,0.0,0.0,0.0,0.5,1.0,0.0,0.0,desktop,macos,firefox
DEV_004139,9,0,0,0,0,1305.87,145.09666666666666,80.57,0.027989086398665135,0.0897444815066702,5,9,2,0,0.0,0.0,0.0,0.5555555555555556,1.0,0.2222222222222222,0.0,mobile,android,chrome
DEV_000534,5,0,0,0,0,413.23,82.646,73.32,0.02798219521884878,0.0765535093913161,1,4,1,5,0.0,0.0,0.0,0.2,0.8,0.2,1.0,tablet,ios,edge
DEV_003638,5,0,0,0,0,256.54,51.30800000000001,16.34,0.027948935658187807,0.1313982887557596,1,5,0,0,0.0,0.0,0.0,0.2,1.0,0.0,0.0,mobile,android,chrome
DEV_002945,5,0,0,0,0,952.43,190.486,111.05,0.027935273450737357,0.0906554394840448,2,5,0,0,0.0,0.0,0.0,0.4,1.0,0.0,0.0,mobile,windows,edge
DEV_005498,13,0,0,0,0,963.32,74.10153846153847,60.63,0.02788453014739268,0.1831288843899222,4,13,0,13,0.0,0.0,0.0,0.3076923076923077,1.0,0.0,1.0,mobile,android,chrome
DEV_001923,8,0,0,0,0,341.78,42.7225,41.245,0.027863743831393787,0.2086868399964984,2,8,1,8,0.0,0.0,0.0,0.25,1.0,0.125,1.0,mobile,macos,edge
DEV_004894,6,0,0,0,0,984.44,164.07333333333335,90.73,0.027820487448138132,0.0985348913657509,2,5,1,0,0.0,0.0,0.0,0.3333333333333333,0.8333333333333334,0.16666666666666666,0.0,mobile,linux,edge
DEV_002353,10,0,0,0,0,2115.44,211.544,178.51,0.027794978869695397,0.2462123416245687,6,6,1,0,0.0,0.0,0.0,0.6,0.6,0.1,0.0,mobile,macos,safari
DEV_003847,11,0,0,0,0,561.59,51.053636363636365,51.1,0.027791232439948355,0.1881326942407158,5,10,2,0,0.0,0.0,0.0,0.45454545454545453,0.9090909090909091,0.18181818181818182,0.0,mobile,windows,safari
DEV_004309,21,0,0,0,0,1332.16,63.43619047619048,45.89,0.027738305589391714,0.2169625896972612,9,16,1,21,0.0,0.0,0.0,0.42857142857142855,0.7619047619047619,0.047619047619047616,1.0,mobile,android,chrome
DEV_000656,5,0,0,0,0,642.16,128.432,72.38,0.027705652588046435,0.0791959924508605,1,5,0,0,0.0,0.0,0.0,0.2,1.0,0.0,0.0,mobile,ios,chrome
DEV_006044,14,0,0,0,0,1603.9099999999999,114.56499999999998,76.35499999999999,0.027679363738545498,0.3072676020555583,9,14,2,0,0.0,0.0,0.0,0.6428571428571429,1.0,0.14285714285714285,0.0,desktop,android,safari
DEV_006246,17,0,0,0,0,1615.73,95.04294117647059,77.77,0.027656141029434252,0.2843959278531179,4,14,1,0,0.0,0.0,0.0,0.23529411764705882,0.8235294117647058,0.058823529411764705,0.0,desktop,android,chrome
DEV_006551,6,0,0,0,0,919.87,153.31166666666667,98.655,0.027588788793389815,0.134753348456148,5,6,0,0,0.0,0.0,0.0,0.8333333333333334,1.0,0.0,0.0,mobile,windows,safari
DEV_000090,6,0,0,0,0,485.97,80.995,28.994999999999997,0.027532935259101183,0.1430832041366676,1,6,0,0,0.0,0.0,0.0,0.16666666666666666,1.0,0.0,0.0,desktop,ios,chrome
DEV_005957,18,0,0,0,0,1135.15,63.0638888888889,49.105000000000004,0.02750698325530306,0.3519279688874197,7,14,1,0,0.0,0.0,0.0,0.3888888888888889,0.7777777777777778,0.05555555555555555,0.0,mobile,android,chrome
DEV_003417,3,0,0,0,0,603.45,201.15,186.36,0.027497866696572698,0.0774059914946975,2,2,1,0,0.0,0.0,0.0,0.6666666666666666,0.6666666666666666,0.3333333333333333,0.0,mobile,ios,chrome
DEV_006611,7,0,0,0,0,219.09,31.298571428571428,26.41,0.027433726915937286,0.1758388826156818,3,5,2,0,0.0,0.0,0.0,0.42857142857142855,0.7142857142857143,0.2857142857142857,0.0,mobile,windows,chrome
DEV_004717,6,0,0,0,0,1478.84,246.47333333333333,237.95499999999998,0.0273668555763991,0.1041676597404883,4,6,2,6,0.0,0.0,0.0,0.6666666666666666,1.0,0.3333333333333333,1.0,mobile,android,chrome
DEV_006445,34,1,0,0,0,3403.6800000000003,100.10823529411766,61.94,0.02733831350815998,0.6959453734767447,22,32,5,0,0.029411764705882353,0.0,0.0,0.6470588235294118,0.9411764705882353,0.14705882352941177,0.0,mobile,android,edge
DEV_006985,5,0,0,0,0,133.01,26.601999999999997,27.08,0.027326298870510017,0.098487659157527,3,4,2,0,0.0,0.0,0.0,0.6,0.8,0.4,0.0,mobile,linux,chrome
DEV_006513,3,0,0,0,0,427.0,142.33333333333334,110.91,0.027314413065279,0.0699261532295469,3,3,0,0,0.0,0.0,0.0,1.0,1.0,0.0,0.0,mobile,macos,firefox
DEV_005308,3,0,0,0,0,782.9100000000001,260.97,250.12,0.0272982166118193,0.0576965243122648,1,3,0,0,0.0,0.0,0.0,0.3333333333333333,1.0,0.0,0.0,desktop,android,safari
DEV_007470,6,0,0,0,0,557.85,92.97500000000001,35.2,0.027293774656472314,0.1499435405131252,3,6,0,0,0.0,0.0,0.0,0.5,1.0,0.0,0.0,mobile,ios,chrome
DEV_006038,7,0,0,0,0,1775.03,253.57571428571427,188.59,0.027245608180662573,0.1207159428966798,2,7,1,0,0.0,0.0,0.0,0.2857142857142857,1.0,0.14285714285714285,0.0,mobile,macos,chrome
DEV_006050,10,0,0,0,0,1216.09,121.609,119.705,0.027213969148119493,0.0926001505133059,4,5,2,10,0.0,0.0,0.0,0.4,0.5,0.2,1.0,mobile,windows,safari
DEV_003943,4,0,0,0,0,1292.91,323.2275,95.67999999999999,0.027212023236712825,0.0582117450583366,1,4,1,4,0.0,0.0,0.0,0.25,1.0,0.25,1.0,tablet,android,firefox
DEV_007504,3,0,0,0,0,494.49,164.83,151.92,0.027193174659387632,0.080239563037208,3,3,0,0,0.0,0.0,0.0,1.0,1.0,0.0,0.0,mobile,android,safari
DEV_001737,10,0,0,0,0,2255.18,225.51799999999997,161.245,0.027180031816105198,0.0805108290257141,5,10,1,0,0.0,0.0,0.0,0.5,1.0,0.1,0.0,mobile,macos,edge
DEV_007480,13,0,0,0,0,1223.41,94.10846153846154,91.74,0.027172751680683283,0.2778671047837088,3,12,2,0,0.0,0.0,0.0,0.23076923076923078,0.9230769230769231,0.15384615384615385,0.0,desktop,android,chrome
DEV_003920,3,0,0,0,0,146.60999999999999,48.87,40.94,0.027147704685395405,0.0661073965375301,1,3,0,0,0.0,0.0,0.0,0.3333333333333333,1.0,0.0,0.0,desktop,macos,firefox
DEV_006496,5,0,0,0,0,395.0,79.0,63.59,0.02713448530410348,0.0958614859048109,2,3,1,0,0.0,0.0,0.0,0.4,0.6,0.2,0.0,mobile,android,safari
DEV_006728,19,0,0,0,0,2130.7599999999998,112.14526315789472,89.72,0.02712035379072548,0.410608834663801,11,19,3,0,0.0,0.0,0.0,0.5789473684210527,1.0,0.15789473684210525,0.0,tablet,windows,edge
DEV_003649,14,0,0,0,0,1718.69,122.76357142857144,81.59,0.0271048791831365,0.2521235240789227,4,13,1,0,0.0,0.0,0.0,0.2857142857142857,0.9285714285714286,0.07142857142857142,0.0,mobile,windows,chrome
DEV_007952,13,0,0,0,0,1837.2700000000002,141.32846153846157,54.9,0.027096581804471515,0.2230089872251751,5,12,3,0,0.0,0.0,0.0,0.38461538461538464,0.9230769230769231,0.23076923076923078,0.0,mobile,ios,edge
DEV_000936,6,0,0,0,0,257.95,42.99166666666667,36.13,0.02709071031230904,0.0769995640618941,5,6,1,0,0.0,0.0,0.0,0.8333333333333334,1.0,0.16666666666666666,0.0,mobile,macos,firefox
DEV_005281,6,0,0,0,0,227.74,37.95666666666667,38.17,0.027075939548101082,0.0836541416984886,2,6,1,6,0.0,0.0,0.0,0.3333333333333333,1.0,0.16666666666666666,1.0,mobile,ios,firefox
DEV_003512,5,0,0,0,0,685.77,137.154,135.76,0.02704546685120382,0.0798375110897901,2,5,0,0,0.0,0.0,0.0,0.4,1.0,0.0,0.0,mobile,windows,safari
DEV_001223,10,0,0,0,0,2170.62,217.06199999999998,57.660000000000004,0.02701860106649707,0.1731250525685655,6,9,3,0,0.0,0.0,0.0,0.6,0.9,0.3,0.0,mobile,android,firefox
DEV_000813,21,0,0,0,0,3720.86,177.18380952380954,146.28,0.027010390767452576,0.2779375836275795,9,16,3,21,0.0,0.0,0.0,0.42857142857142855,0.7619047619047619,0.14285714285714285,1.0,desktop,ios,edge
DEV_002961,11,0,0,0,0,1082.46,98.40545454545455,44.13,0.026990059572568816,0.1915380577387019,7,10,1,0,0.0,0.0,0.0,0.6363636363636364,0.9090909090909091,0.09090909090909091,0.0,mobile,windows,edge
DEV_007579,9,0,0,0,0,1348.56,149.84,112.8,0.026982903125097643,0.1675839196376342,5,7,1,0,0.0,0.0,0.0,0.5555555555555556,0.7777777777777778,0.1111111111111111,0.0,mobile,android,chrome
DEV_005269,3,0,0,0,0,580.98,193.66,132.58,0.026968498587150235,0.0436744992593693,3,3,0,3,0.0,0.0,0.0,1.0,1.0,0.0,1.0,mobile,windows,chrome
DEV_002615,10,0,0,0,0,486.73,48.673,24.375,0.02696520090591183,0.1547706329054244,4,10,1,0,0.0,0.0,0.0,0.4,1.0,0.1,0.0,desktop,ios,edge
DEV_000900,4,0,0,0,0,589.7399999999999,147.43499999999997,118.0,0.026957603390673223,0.0371767850929961,3,4,0,4,0.0,0.0,0.0,0.75,1.0,0.0,1.0,mobile,macos,chrome
DEV_001219,13,0,0,0,0,1027.88,79.06769230769231,43.87,0.026953226752604427,0.1303881281204776,7,13,2,0,0.0,0.0,0.0,0.5384615384615384,1.0,0.15384615384615385,0.0,mobile,windows,safari
DEV_001922,9,0,0,0,0,690.3100000000001,76.70111111111112,51.57,0.026948787743140835,0.1191630761746049,5,9,2,0,0.0,0.0,0.0,0.5555555555555556,1.0,0.2222222222222222,0.0,desktop,windows,safari
DEV_004710,31,0,0,0,0,3295.8,106.31612903225808,76.39,0.026939614383124675,0.1628825751111767,17,30,4,0,0.0,0.0,0.0,0.5483870967741935,0.967741935483871,0.12903225806451613,0.0,mobile,android,safari
DEV_003763,11,0,0,0,0,2109.0,191.72727272727272,172.75,0.02693803419682089,0.1662855714100115,6,8,0,0,0.0,0.0,0.0,0.5454545454545454,0.7272727272727273,0.0,0.0,desktop,android,edge
DEV_005416,3,0,0,0,0,239.41,79.80333333333333,93.46,0.026857730973714165,0.0560566307865825,3,3,1,0,0.0,0.0,0.0,1.0,1.0,0.3333333333333333,0.0,desktop,ios,chrome
DEV_007814,15,0,0,0,0,2204.04,146.936,150.1,0.02680459995905092,0.3027166501846645,6,13,5,0,0.0,0.0,0.0,0.4,0.8666666666666667,0.3333333333333333,0.0,mobile,macos,chrome
DEV_007636,5,0,0,0,0,556.43,111.28599999999999,60.62,0.02679260424679054,0.1075619162231733,2,3,0,5,0.0,0.0,0.0,0.4,0.6,0.0,1.0,mobile,ios,chrome
DEV_000703,5,0,0,0,0,314.34000000000003,62.86800000000001,59.48,0.026774252078619103,0.11128962085323,2,3,0,5,0.0,0.0,0.0,0.4,0.6,0.0,1.0,desktop,ios,edge
DEV_001741,13,0,0,0,0,967.16,74.39692307692307,25.41,0.02673145059825289,0.1689223491972712,5,13,1,0,0.0,0.0,0.0,0.38461538461538464,1.0,0.07692307692307693,0.0,tablet,android,chrome
DEV_000969,3,0,0,0,0,966.87,322.29,188.36,0.026679766530666532,0.0794103092057407,1,3,1,3,0.0,0.0,0.0,0.3333333333333333,1.0,0.3333333333333333,1.0,desktop,windows,firefox
DEV_007787,24,0,0,0,0,2013.85,83.91041666666666,74.08,0.026664894258188188,0.2406246505935373,7,21,5,0,0.0,0.0,0.0,0.2916666666666667,0.875,0.20833333333333334,0.0,mobile,macos,chrome
DEV_004131,9,0,0,0,0,1006.65,111.85,65.27,0.026638530694776442,0.0753583479209022,5,9,2,9,0.0,0.0,0.0,0.5555555555555556,1.0,0.2222222222222222,1.0,desktop,android,chrome
DEV_004183,6,1,0,0,0,442.52,73.75333333333333,57.68,0.026613491340344134,0.1493690433740755,2,6,1,0,0.16666666666666666,0.0,0.0,0.3333333333333333,1.0,0.16666666666666666,0.0,mobile,macos,chrome
DEV_004355,4,0,0,0,0,472.57,118.1425,83.36,0.026587323303403826,0.0796485972642539,2,4,0,4,0.0,0.0,0.0,0.5,1.0,0.0,1.0,mobile,android,edge
DEV_005757,13,0,0,0,0,381.81,29.37,28.22,0.026576117278854224,0.2148287436235372,5,13,1,0,0.0,0.0,0.0,0.38461538461538464,1.0,0.07692307692307693,0.0,desktop,windows,firefox
DEV_004978,14,0,0,0,0,1353.29,96.66357142857143,82.32,0.026553062234422487,0.2226033827406104,7,14,1,14,0.0,0.0,0.0,0.5,1.0,0.07142857142857142,1.0,mobile,ios,chrome
DEV_007904,14,0,0,0,0,1325.93,94.70928571428571,54.68000000000001,0.026526821736706223,0.2462878812788373,7,11,1,0,0.0,0.0,0.0,0.5,0.7857142857142857,0.07142857142857142,0.0,mobile,ios,chrome
DEV_000364,12,0,0,0,0,799.03,66.58583333333333,57.705,0.02646242468236887,0.0860726761348538,6,12,2,0,0.0,0.0,0.0,0.5,1.0,0.16666666666666666,0.0,mobile,macos,safari
DEV_001237,7,0,0,0,0,552.65,78.95,41.34,0.026462195261131104,0.1777656399297795,6,7,1,0,0.0,0.0,0.0,0.8571428571428571,1.0,0.14285714285714285,0.0,mobile,android,chrome
DEV_002932,5,0,0,0,0,363.57,72.714,62.89,0.026434115184240742,0.1182054192190367,3,5,0,0,0.0,0.0,0.0,0.6,1.0,0.0,0.0,mobile,android,edge
DEV_006393,19,0,0,0,0,2848.86,149.94,101.38,0.02642115313956386,0.2757962130440611,11,18,2,0,0.0,0.0,0.0,0.5789473684210527,0.9473684210526315,0.10526315789473684,0.0,mobile,android,chrome
DEV_002232,7,0,0,0,0,546.43,78.06142857142856,51.39,0.02640483387721584,0.1729552123394276,5,7,1,0,0.0,0.0,0.0,0.7142857142857143,1.0,0.14285714285714285,0.0,mobile,windows,chrome
DEV_000059,3,0,0,0,0,73.31,24.436666666666667,22.25,0.026404064338524966,0.0785648296176867,2,3,1,0,0.0,0.0,0.0,0.6666666666666666,1.0,0.3333333333333333,0.0,tablet,ios,chrome
DEV_002324,3,0,0,0,0,255.88,85.29333333333334,73.61,0.026374533128857198,0.0744009682203058,2,3,1,3,0.0,0.0,0.0,0.6666666666666666,1.0,0.3333333333333333,1.0,desktop,android,firefox
DEV_006259,6,0,0,0,0,361.89,60.315,25.994999999999997,0.026364388762002366,0.1303290093640604,3,6,0,6,0.0,0.0,0.0,0.5,1.0,0.0,1.0,desktop,windows,chrome
DEV_005254,17,0,0,0,0,2492.01,146.58882352941177,72.21,0.02632294808400037,0.2426134353549503,9,14,2,0,0.0,0.0,0.0,0.5294117647058824,0.8235294117647058,0.11764705882352941,0.0,desktop,android,chrome
DEV_006149,13,0,0,0,0,1067.63,82.12538461538462,89.13,0.026288917029923916,0.2665107590667406,6,12,2,0,0.0,0.0,0.0,0.46153846153846156,0.9230769230769231,0.15384615384615385,0.0,desktop,windows,chrome
DEV_007073,17,0,0,0,0,3303.98,194.35176470588235,157.19,0.02622133212057283,0.3946173582464478,8,17,4,0,0.0,0.0,0.0,0.47058823529411764,1.0,0.23529411764705882,0.0,mobile,windows,edge
DEV_005754,10,0,0,0,0,565.02,56.501999999999995,39.655,0.026147098733417667,0.0966098021042144,5,9,2,0,0.0,0.0,0.0,0.5,0.9,0.2,0.0,desktop,android,edge
DEV_007034,3,0,0,0,0,503.44,167.81333333333333,224.28,0.02614031015369027,0.0780076055684771,2,3,1,0,0.0,0.0,0.0,0.6666666666666666,1.0,0.3333333333333333,0.0,desktop,ios,firefox
DEV_007593,6,0,0,0,0,1547.13,257.855,96.63499999999999,0.02605909638191305,0.0920712559515322,3,4,1,0,0.0,0.0,0.0,0.5,0.6666666666666666,0.16666666666666666,0.0,mobile,android,chrome
DEV_001039,13,0,0,0,0,2666.38,205.10615384615386,151.31,0.02605340241150115,0.3052431317745987,11,13,2,13,0.0,0.0,0.0,0.8461538461538461,1.0,0.15384615384615385,1.0,mobile,macos,chrome
DEV_006401,15,0,0,0,0,745.13,49.675333333333334,38.36,0.026052682881286673,0.2954217032710301,5,10,1,0,0.0,0.0,0.0,0.3333333333333333,0.6666666666666666,0.06666666666666667,0.0,mobile,windows,firefox
DEV_000484,8,0,0,0,0,759.5799999999999,94.94749999999999,67.08,0.02604528458571266,0.1077415985219338,5,8,3,0,0.0,0.0,0.0,0.625,1.0,0.375,0.0,mobile,windows,chrome
DEV_003574,11,0,0,0,0,766.41,69.67363636363636,40.29,0.02603479723952198,0.1857234503510093,4,11,2,0,0.0,0.0,0.0,0.36363636363636365,1.0,0.18181818181818182,0.0,mobile,ios,chrome
DEV_002341,15,0,0,0,0,1874.6100000000001,124.974,141.81,0.026020501956369922,0.215920964831495,7,13,3,0,0.0,0.0,0.0,0.4666666666666667,0.8666666666666667,0.2,0.0,mobile,ios,safari
DEV_001659,10,0,0,0,0,1921.59,192.159,102.16499999999999,0.02599999110069226,0.0777503248376437,5,10,0,0,0.0,0.0,0.0,0.5,1.0,0.0,0.0,mobile,ios,edge
DEV_001456,15,0,0,0,0,738.24,49.216,22.98,0.025999462171178215,0.1352867856389855,11,15,3,15,0.0,0.0,0.0,0.7333333333333333,1.0,0.2,1.0,mobile,windows,chrome
DEV_003310,9,0,0,0,0,1381.28,153.47555555555556,104.98,0.025976726402179653,0.1151963840907024,5,9,1,0,0.0,0.0,0.0,0.5555555555555556,1.0,0.1111111111111111,0.0,mobile,macos,edge
DEV_007342,6,0,0,0,0,485.99,80.99833333333333,41.14,0.025969913307268,0.1333052479672325,4,4,1,0,0.0,0.0,0.0,0.6666666666666666,0.6666666666666666,0.16666666666666666,0.0,mobile,ios,chrome
DEV_002016,20,0,0,0,0,1910.96,95.548,53.035,0.02596744723135966,0.1729803658321003,10,15,1,0,0.0,0.0,0.0,0.5,0.75,0.05,0.0,mobile,windows,chrome
DEV_007365,12,0,0,0,0,2076.93,173.0775,96.75,0.02594117358207043,0.0883014488261559,6,12,3,0,0.0,0.0,0.0,0.5,1.0,0.25,0.0,mobile,ios,chrome
DEV_007212,8,0,0,0,0,708.15,88.51875,89.47999999999999,0.025896119522984727,0.0824040435780005,4,8,0,0,0.0,0.0,0.0,0.5,1.0,0.0,0.0,desktop,windows,safari
DEV_000684,12,0,0,0,0,3761.42,313.45166666666665,113.05,0.02587137490716516,0.1268389763417783,7,12,2,0,0.0,0.0,0.0,0.5833333333333334,1.0,0.16666666666666666,0.0,desktop,ios,chrome
DEV_002280,7,0,0,0,0,997.35,142.47857142857143,59.79,0.025857480189421966,0.1211482296613571,4,7,1,0,0.0,0.0,0.0,0.5714285714285714,1.0,0.14285714285714285,0.0,mobile,windows,chrome
DEV_005462,13,0,0,0,0,1705.67,131.20538461538462,116.38,0.02585697084289654,0.2108695879284526,3,10,1,0,0.0,0.0,0.0,0.23076923076923078,0.7692307692307693,0.07692307692307693,0.0,mobile,ios,chrome
DEV_000934,6,0,0,0,0,553.18,92.19666666666666,65.735,0.02582800178178282,0.1388432239696961,3,3,0,0,0.0,0.0,0.0,0.5,0.5,0.0,0.0,mobile,linux,chrome
DEV_000548,9,0,0,0,0,703.52,78.16888888888889,58.15,0.025821868960187143,0.1599759315372395,5,8,0,0,0.0,0.0,0.0,0.5555555555555556,0.8888888888888888,0.0,0.0,desktop,ios,safari
DEV_006482,3,0,0,0,0,280.84,93.61333333333333,66.28,0.025794599886236735,0.0769911731944096,1,1,0,0,0.0,0.0,0.0,0.3333333333333333,0.3333333333333333,0.0,0.0,mobile,windows,chrome
DEV_005493,10,0,0,0,0,1722.74,172.274,84.125,0.02577980373776988,0.1844975401073771,4,10,2,0,0.0,0.0,0.0,0.4,1.0,0.2,0.0,desktop,ios,firefox
DEV_003297,5,0,0,0,0,236.82999999999998,47.366,35.94,0.02576147585491348,0.0800415370363293,4,5,1,0,0.0,0.0,0.0,0.8,1.0,0.2,0.0,mobile,ios,chrome
DEV_000658,6,0,0,0,0,444.71,74.11833333333333,70.195,0.025734665351394823,0.1121187318430072,4,6,2,0,0.0,0.0,0.0,0.6666666666666666,1.0,0.3333333333333333,0.0,tablet,windows,chrome
DEV_005336,4,0,0,0,0,500.99,125.2475,51.46,0.025721406860051574,0.0978385596315647,2,4,0,0,0.0,0.0,0.0,0.5,1.0,0.0,0.0,mobile,linux,chrome
DEV_002755,19,0,0,0,0,2213.15,116.48157894736842,112.37,0.025687406746246783,0.2625189038183896,6,13,3,0,0.0,0.0,0.0,0.3157894736842105,0.6842105263157895,0.15789473684210525,0.0,mobile,linux,firefox
DEV_002165,3,0,0,0,0,750.29,250.09666666666666,293.92,0.025685091995138933,0.0447133627045016,1,2,0,0,0.0,0.0,0.0,0.3333333333333333,0.6666666666666666,0.0,0.0,mobile,ios,safari
DEV_000699,12,0,0,0,0,872.0699999999999,72.6725,32.94,0.02564511253227553,0.2231711894655537,4,12,3,12,0.0,0.0,0.0,0.3333333333333333,1.0,0.25,1.0,mobile,linux,edge
DEV_000671,5,0,0,0,0,207.01,41.402,31.85,0.025628560584719524,0.1175147946747999,3,5,0,5,0.0,0.0,0.0,0.6,1.0,0.0,1.0,mobile,ios,edge
DEV_007252,10,0,0,0,0,891.17,89.11699999999999,67.605,0.02560437530757062,0.1927374933666099,5,8,1,0,0.0,0.0,0.0,0.5,0.8,0.1,0.0,mobile,macos,chrome
DEV_007676,3,0,0,0,0,93.56,31.186666666666667,31.0,0.02559275274718717,0.0701325186378815,1,1,0,0,0.0,0.0,0.0,0.3333333333333333,0.3333333333333333,0.0,0.0,mobile,macos,safari
DEV_004939,13,0,0,0,0,1230.79,94.67615384615384,76.57,0.025588078084522996,0.1646081007293219,7,11,1,0,0.0,0.0,0.0,0.5384615384615384,0.8461538461538461,0.07692307692307693,0.0,mobile,android,chrome
DEV_001638,31,0,0,0,0,2707.26,87.3309677419355,46.32,0.025561771440990474,0.2169828948604058,15,31,4,0,0.0,0.0,0.0,0.4838709677419355,1.0,0.12903225806451613,0.0,mobile,macos,chrome
DEV_002912,4,0,0,0,0,1027.21,256.8025,43.915,0.025527360895031503,0.0982193350977102,2,3,1,4,0.0,0.0,0.0,0.5,0.75,0.25,1.0,desktop,windows,chrome
DEV_005460,4,0,0,0,0,1087.22,271.805,280.52,0.025519598727639002,0.0579917902821812,3,4,0,0,0.0,0.0,0.0,0.75,1.0,0.0,0.0,tablet,android,chrome
DEV_000932,15,0,0,0,0,1141.38,76.09200000000001,48.56,0.025519247292667514,0.1412623814703461,4,15,2,0,0.0,0.0,0.0,0.26666666666666666,1.0,0.13333333333333333,0.0,mobile,windows,chrome
DEV_004219,6,0,0,0,0,288.97,48.16166666666667,44.055,0.025496924214720315,0.1337044746161445,2,4,0,6,0.0,0.0,0.0,0.3333333333333333,0.6666666666666666,0.0,1.0,mobile,android,edge
DEV_005139,8,0,0,0,0,641.86,80.2325,44.86,0.025477445529432898,0.1221406389004799,4,8,1,0,0.0,0.0,0.0,0.5,1.0,0.125,0.0,desktop,android,chrome
DEV_003059,14,0,0,0,0,1117.6200000000001,79.83000000000001,43.235,0.025468075527283616,0.2939730516120868,11,14,3,14,0.0,0.0,0.0,0.7857142857142857,1.0,0.21428571428571427,1.0,mobile,ios,edge
DEV_004548,10,0,0,0,0,1359.8600000000001,135.98600000000002,117.05,0.02546642685728221,0.0887700220523565,7,10,4,0,0.0,0.0,0.0,0.7,1.0,0.4,0.0,mobile,android,safari
DEV_002611,7,0,0,0,0,1108.1,158.29999999999998,166.73,0.025458923665414357,0.0864786144251016,3,7,0,7,0.0,0.0,0.0,0.42857142857142855,1.0,0.0,1.0,mobile,android,chrome
DEV_007191,3,0,0,0,0,156.28,52.093333333333334,54.7,0.025417103185465098,0.0730175512756424,2,2,1,0,0.0,0.0,0.0,0.6666666666666666,0.6666666666666666,0.3333333333333333,0.0,mobile,android,chrome
DEV_000880,8,0,0,0,0,1110.73,138.84125,97.73,0.025368829841192476,0.0625264260786175,2,4,0,0,0.0,0.0,0.0,0.25,0.5,0.0,0.0,desktop,macos,edge
DEV_003576,12,0,0,0,0,824.6,68.71666666666667,60.155,0.02533212812884016,0.1662902095745649,5,10,2,0,0.0,0.0,0.0,0.4166666666666667,0.8333333333333334,0.16666666666666666,0.0,mobile,android,chrome
DEV_003367,8,0,0,0,0,539.1,67.3875,26.244999999999997,0.025318852771285136,0.1576345803749659,6,8,1,0,0.0,0.0,0.0,0.75,1.0,0.125,0.0,mobile,android,edge
DEV_007280,8,1,0,0,0,1190.11,148.76375,136.055,0.02530415157419946,0.1202045466259799,7,8,0,0,0.125,0.0,0.0,0.875,1.0,0.0,0.0,desktop,ios,edge
DEV_000062,13,0,0,0,0,1988.94,152.9953846153846,105.44,0.02522772800830458,0.2051027660900608,4,13,1,0,0.0,0.0,0.0,0.3076923076923077,1.0,0.07692307692307693,0.0,desktop,macos,chrome
DEV_000461,3,0,0,0,0,579.27,193.09,193.49,0.0251653811077113,0.0511492047949603,2,3,0,3,0.0,0.0,0.0,0.6666666666666666,1.0,0.0,1.0,tablet,ios,chrome
DEV_004810,12,0,0,0,0,2683.71,223.6425,122.53,0.0251388022737991,0.2215717712507239,5,11,2,0,0.0,0.0,0.0,0.4166666666666667,0.9166666666666666,0.16666666666666666,0.0,mobile,ios,chrome
DEV_004039,7,0,0,0,0,1029.27,147.03857142857143,65.31,0.025107268795228153,0.0759179485953904,1,7,0,0,0.0,0.0,0.0,0.14285714285714285,1.0,0.0,0.0,mobile,ios,chrome
DEV_004451,3,0,0,0,0,845.09,281.69666666666666,48.17,0.025078286697681567,0.0617271089608257,2,3,1,0,0.0,0.0,0.0,0.6666666666666666,1.0,0.3333333333333333,0.0,mobile,ios,firefox
DEV_001213,7,0,0,0,0,525.61,75.08714285714287,36.59,0.02505129914251793,0.1097038470619782,5,5,0,0,0.0,0.0,0.0,0.7142857142857143,0.7142857142857143,0.0,0.0,mobile,macos,firefox
DEV_000036,5,0,0,0,0,1062.95,212.59,125.16,0.02503019456980366,0.0639573605712837,4,5,3,0,0.0,0.0,0.0,0.8,1.0,0.6,0.0,mobile,android,firefox
DEV_001625,4,0,0,0,0,227.94,56.985,47.14,0.02500893373308285,0.0815060075022306,1,4,0,0,0.0,0.0,0.0,0.25,1.0,0.0,0.0,mobile,macos,safari
DEV_001548,4,0,0,0,0,258.9,64.725,70.94,0.024980388462561474,0.0490093292614933,2,4,0,0,0.0,0.0,0.0,0.5,1.0,0.0,0.0,desktop,macos,chrome
DEV_005848,4,0,0,0,0,294.68,73.67,69.01,0.024963687973496074,0.0495640269124535,1,3,1,4,0.0,0.0,0.0,0.25,0.75,0.25,1.0,desktop,macos,chrome
DEV_002480,9,0,0,0,0,1410.91,156.76777777777778,130.1,0.024959466663437433,0.0626273276192071,7,9,0,0,0.0,0.0,0.0,0.7777777777777778,1.0,0.0,0.0,mobile,windows,chrome
DEV_003101,5,0,0,0,0,830.35,166.07,97.46,0.024915388330549078,0.0541741126272478,3,5,1,0,0.0,0.0,0.0,0.6,1.0,0.2,0.0,mobile,ios,chrome
DEV_004097,12,0,0,0,0,941.41,78.45083333333334,44.864999999999995,0.024880224754190675,0.2189436502102282,8,9,0,0,0.0,0.0,0.0,0.6666666666666666,0.75,0.0,0.0,mobile,windows,safari
DEV_007719,16,0,0,0,0,2022.6299999999999,126.41437499999999,68.77,0.02487624201034842,0.1897269140302609,5,16,6,0,0.0,0.0,0.0,0.3125,1.0,0.375,0.0,mobile,android,chrome
DEV_007645,3,0,0,0,0,462.03,154.01,25.16,0.02483518183782823,0.0740197458316865,3,3,0,0,0.0,0.0,0.0,1.0,1.0,0.0,0.0,mobile,android,safari
DEV_006357,5,0,0,0,0,743.23,148.64600000000002,111.39,0.02482632451288804,0.0830240001944156,3,3,0,0,0.0,0.0,0.0,0.6,0.6,0.0,0.0,mobile,android,chrome
DEV_005942,9,0,0,0,0,470.24,52.24888888888889,38.13,0.02481463685954699,0.1500882957571848,7,9,0,0,0.0,0.0,0.0,0.7777777777777778,1.0,0.0,0.0,desktop,ios,edge
DEV_006941,13,0,0,0,0,1028.57,79.12076923076923,64.57,0.024799342752961844,0.1203463190199226,4,10,0,0,0.0,0.0,0.0,0.3076923076923077,0.7692307692307693,0.0,0.0,desktop,macos,chrome
DEV_001470,11,0,0,0,0,1509.13,137.1936363636364,63.95,0.02478436449547021,0.2521711051196639,6,10,2,0,0.0,0.0,0.0,0.5454545454545454,0.9090909090909091,0.18181818181818182,0.0,mobile,ios,chrome
DEV_007014,14,0,0,0,0,1270.33,90.73785714285714,31.505,0.024756943917196055,0.1335174924049016,6,11,4,0,0.0,0.0,0.0,0.42857142857142855,0.7857142857142857,0.2857142857142857,0.0,desktop,windows,chrome
DEV_001815,6,0,0,0,0,217.11,36.185,14.79,0.024752429243145333,0.1461482749318126,3,6,0,0,0.0,0.0,0.0,0.5,1.0,0.0,0.0,mobile,ios,chrome
DEV_007774,4,0,0,0,0,260.31,65.0775,35.55500000000001,0.024752111800391774,0.0870511436975984,2,4,0,4,0.0,0.0,0.0,0.5,1.0,0.0,1.0,mobile,android,chrome
DEV_003513,5,0,0,0,0,405.02,81.00399999999999,74.8,0.024740021475553462,0.1206017292097031,3,5,1,0,0.0,0.0,0.0,0.6,1.0,0.2,0.0,mobile,ios,safari
DEV_004207,8,0,0,0,0,718.74,89.8425,45.58,0.024711948976229362,0.0753000098596793,5,7,1,0,0.0,0.0,0.0,0.625,0.875,0.125,0.0,desktop,ios,firefox
DEV_005217,10,0,0,0,0,684.53,68.453,56.06,0.024693755384244988,0.1405653806619414,3,10,3,0,0.0,0.0,0.0,0.3,1.0,0.3,0.0,desktop,ios,safari
DEV_002086,5,0,0,0,0,639.47,127.894,80.62,0.02468547342021484,0.058483115145952,4,5,1,0,0.0,0.0,0.0,0.8,1.0,0.2,0.0,mobile,android,chrome
DEV_001321,11,0,0,0,0,777.0600000000001,70.64181818181818,67.87,0.024631738788370872,0.2377948720562399,2,11,2,11,0.0,0.0,0.0,0.18181818181818182,1.0,0.18181818181818182,1.0,mobile,android,safari
DEV_004977,24,1,0,0,0,1963.06,81.79416666666667,71.82,0.024618367941332306,0.3286722384261437,9,21,1,0,0.041666666666666664,0.0,0.0,0.375,0.875,0.041666666666666664,0.0,mobile,ios,chrome
DEV_004662,15,0,0,0,0,1943.21,129.54733333333334,90.72,0.02457483027599007,0.302449236433696,10,13,3,15,0.0,0.0,0.0,0.6666666666666666,0.8666666666666667,0.2,1.0,mobile,android,edge
DEV_004727,7,0,0,0,0,389.79,55.684285714285714,55.94,0.02456015743571876,0.067906896730297,2,7,1,0,0.0,0.0,0.0,0.2857142857142857,1.0,0.14285714285714285,0.0,mobile,macos,chrome
DEV_007187,19,0,0,0,0,1317.3,69.33157894736841,56.51,0.024515366507245197,0.4053003017079628,10,16,5,0,0.0,0.0,0.0,0.5263157894736842,0.8421052631578947,0.2631578947368421,0.0,mobile,macos,chrome
DEV_005091,7,0,0,0,0,1404.67,200.66714285714286,164.62,0.02449360595375417,0.1013535543302088,1,5,2,0,0.0,0.0,0.0,0.14285714285714285,0.7142857142857143,0.2857142857142857,0.0,mobile,linux,firefox
DEV_002625,5,0,0,0,0,630.05,126.00999999999999,91.28,0.024481414344103038,0.0813185958037438,3,5,1,0,0.0,0.0,0.0,0.6,1.0,0.2,0.0,desktop,android,chrome
DEV_003823,7,0,0,0,0,1217.49,173.92714285714285,184.3,0.024481049393117814,0.143078192725811,4,4,1,0,0.0,0.0,0.0,0.5714285714285714,0.5714285714285714,0.14285714285714285,0.0,desktop,ios,chrome
DEV_007792,5,0,0,0,0,372.47,74.494,91.9,0.024397224379720618,0.097081374493289,5,5,1,5,0.0,0.0,0.0,1.0,1.0,0.2,1.0,mobile,windows,chrome
DEV_003795,21,0,0,0,0,2717.39,129.3995238095238,89.97,0.02437444049387279,0.2143209646709191,5,14,3,0,0.0,0.0,0.0,0.23809523809523808,0.6666666666666666,0.14285714285714285,0.0,mobile,ios,firefox
DEV_002738,16,1,0,0,0,2630.82,164.42625,93.36,0.024242242127160855,0.1285415914514134,8,16,2,0,0.0625,0.0,0.0,0.5,1.0,0.125,0.0,mobile,ios,chrome
DEV_007048,7,0,0,0,0,1212.53,173.21857142857144,77.29,0.02422434841093064,0.1506086848210528,6,7,2,0,0.0,0.0,0.0,0.8571428571428571,1.0,0.2857142857142857,0.0,mobile,ios,firefox
DEV_007379,14,0,0,0,0,930.53,66.46642857142857,46.345,0.024221500436151046,0.165494164749479,6,12,1,14,0.0,0.0,0.0,0.42857142857142855,0.8571428571428571,0.07142857142857142,1.0,mobile,android,firefox
DEV_006449,11,0,0,0,0,575.5600000000001,52.32363636363637,48.07,0.024213584027228816,0.1904259701249049,10,11,2,0,0.0,0.0,0.0,0.9090909090909091,1.0,0.18181818181818182,0.0,desktop,ios,chrome
DEV_003499,9,0,0,0,0,2273.06,252.5622222222222,177.81,0.024208441198735043,0.1763556611097085,4,9,0,0,0.0,0.0,0.0,0.4444444444444444,1.0,0.0,0.0,tablet,android,chrome
DEV_005101,6,0,0,0,0,139.52,23.253333333333334,22.21,0.024203043850331934,0.1404509783515163,4,6,1,6,0.0,0.0,0.0,0.6666666666666666,1.0,0.16666666666666666,1.0,desktop,windows,chrome
DEV_005776,6,0,0,0,0,385.68,64.28,43.66,0.02417293974100755,0.0848132078304805,2,6,0,0,0.0,0.0,0.0,0.3333333333333333,1.0,0.0,0.0,mobile,macos,safari
DEV_003566,9,0,0,0,0,921.27,102.36333333333333,103.23,0.02412282071877869,0.1432631782038077,1,8,1,0,0.0,0.0,0.0,0.1111111111111111,0.8888888888888888,0.1111111111111111,0.0,desktop,ios,chrome
DEV_004363,9,0,0,0,0,1344.31,149.36777777777777,108.42,0.02406158443890261,0.1317662797502663,5,9,1,0,0.0,0.0,0.0,0.5555555555555556,1.0,0.1111111111111111,0.0,desktop,macos,edge
DEV_002539,6,0,0,0,0,321.34000000000003,53.55666666666667,48.99,0.024018136725370717,0.0479181871382452,5,6,2,0,0.0,0.0,0.0,0.8333333333333334,1.0,0.3333333333333333,0.0,desktop,linux,safari
DEV_001362,4,0,0,0,0,1063.08,265.77,303.555,0.0240130320433993,0.0765259924724367,2,4,1,0,0.0,0.0,0.0,0.5,1.0,0.25,0.0,mobile,ios,chrome
DEV_007348,7,0,0,0,0,766.12,109.44571428571429,86.35,0.023964173586004698,0.0880868526061552,5,6,1,7,0.0,0.0,0.0,0.7142857142857143,0.8571428571428571,0.14285714285714285,1.0,tablet,ios,edge
DEV_006268,8,0,0,0,0,1412.92,176.615,127.465,0.02396033720271641,0.1381471759011348,5,7,1,8,0.0,0.0,0.0,0.625,0.875,0.125,1.0,mobile,android,chrome
DEV_001854,18,0,0,0,0,4291.9,238.43888888888887,193.765,0.023951084063072017,0.336055013385355,6,11,1,0,0.0,0.0,0.0,0.3333333333333333,0.6111111111111112,0.05555555555555555,0.0,mobile,android,safari
DEV_007458,9,0,0,0,0,1387.09,154.1211111111111,78.56,0.02393793066142878,0.1039436484552619,5,9,1,0,0.0,0.0,0.0,0.5555555555555556,1.0,0.1111111111111111,0.0,mobile,windows,safari
DEV_006138,9,0,0,0,0,1067.6,118.6222222222222,62.4,0.023901244404477766,0.1801134457501382,7,9,2,0,0.0,0.0,0.0,0.7777777777777778,1.0,0.2222222222222222,0.0,mobile,ios,safari
DEV_001589,9,0,0,0,0,530.27,58.91888888888889,33.51,0.023885149423738643,0.1570062315084215,6,7,1,9,0.0,0.0,0.0,0.6666666666666666,0.7777777777777778,0.1111111111111111,1.0,mobile,windows,firefox
DEV_000034,29,1,0,0,0,4137.95,142.68793103448274,90.76,0.023865227731978068,0.3138531549872284,17,28,3,0,0.034482758620689655,0.0,0.0,0.5862068965517241,0.9655172413793104,0.10344827586206896,0.0,mobile,macos,chrome
DEV_003855,19,0,0,0,0,2327.7,122.51052631578946,129.64,0.023857271875127543,0.3146016831977964,8,15,0,0,0.0,0.0,0.0,0.42105263157894735,0.7894736842105263,0.0,0.0,mobile,ios,safari
DEV_004316,3,0,0,0,0,227.76999999999998,75.92333333333333,67.88,0.02384457152448853,0.0384513002540441,1,3,1,0,0.0,0.0,0.0,0.3333333333333333,1.0,0.3333333333333333,0.0,mobile,android,chrome
DEV_003716,3,0,0,0,0,278.46000000000004,92.82000000000001,83.19,0.0238237170284203,0.0390838260256447,1,3,0,3,0.0,0.0,0.0,0.3333333333333333,1.0,0.0,1.0,desktop,macos,edge
DEV_007316,6,0,0,0,0,1722.75,287.125,313.205,0.023756110976339298,0.1188423982808054,3,6,2,0,0.0,0.0,0.0,0.5,1.0,0.3333333333333333,0.0,mobile,android,edge
DEV_004518,19,0,0,0,0,2380.9,125.31052631578947,60.34,0.023707921309437843,0.2606339883068146,14,14,1,0,0.0,0.0,0.0,0.7368421052631579,0.7368421052631579,0.05263157894736842,0.0,mobile,ios,firefox
DEV_005187,7,0,0,0,0,1342.14,191.73428571428573,65.65,0.02369596811081917,0.1228871239421304,2,6,2,0,0.0,0.0,0.0,0.2857142857142857,0.8571428571428571,0.2857142857142857,0.0,desktop,windows,firefox
DEV_004676,7,0,0,0,0,386.6,55.228571428571435,51.97,0.023693262203701,0.1635976816296027,4,6,1,0,0.0,0.0,0.0,0.5714285714285714,0.8571428571428571,0.14285714285714285,0.0,desktop,android,chrome
DEV_003242,8,0,0,0,0,357.12,44.64,24.72,0.023680789839389472,0.1642337470883281,4,8,2,0,0.0,0.0,0.0,0.5,1.0,0.25,0.0,desktop,android,chrome
DEV_001397,8,0,0,0,0,624.3,78.0375,57.06,0.02365226512449295,0.0834587710369626,2,6,0,0,0.0,0.0,0.0,0.25,0.75,0.0,0.0,desktop,android,chrome
DEV_005431,16,0,0,0,0,1197.31,74.831875,42.17,0.023534633921224794,0.3299431829125652,7,16,2,0,0.0,0.0,0.0,0.4375,1.0,0.125,0.0,desktop,macos,edge
DEV_002215,11,0,0,0,0,1301.24,118.29454545454546,44.89,0.02352881716953932,0.209859717107878,6,11,1,0,0.0,0.0,0.0,0.5454545454545454,1.0,0.09090909090909091,0.0,mobile,android,chrome
DEV_001396,7,0,0,0,0,849.6800000000001,121.38285714285715,111.18,0.023512339902640532,0.1412439770906017,3,4,1,7,0.0,0.0,0.0,0.42857142857142855,0.5714285714285714,0.14285714285714285,1.0,mobile,android,safari
DEV_004911,15,0,0,0,0,773.3100000000001,51.554,31.1,0.023457554254018933,0.220944559137109,6,15,3,0,0.0,0.0,0.0,0.4,1.0,0.2,0.0,tablet,windows,firefox
DEV_002641,13,0,0,0,0,1655.73,127.36384615384615,97.08,0.023448523188158002,0.0949880685609788,8,13,4,0,0.0,0.0,0.0,0.6153846153846154,1.0,0.3076923076923077,0.0,mobile,android,edge
DEV_004334,8,0,0,0,0,454.15,56.76875,44.42,0.02335812249337656,0.108511015148917,5,7,2,0,0.0,0.0,0.0,0.625,0.875,0.25,0.0,tablet,ios,firefox
DEV_005810,9,0,0,0,0,2050.8,227.86666666666667,169.07,0.023345805050975554,0.0870149110470373,4,9,1,0,0.0,0.0,0.0,0.4444444444444444,1.0,0.1111111111111111,0.0,mobile,macos,chrome
DEV_000710,6,0,0,0,0,1146.43,191.0716666666667,99.445,0.02334192030508575,0.0844648874047045,3,4,1,0,0.0,0.0,0.0,0.5,0.6666666666666666,0.16666666666666666,0.0,mobile,android,safari
DEV_001094,5,0,0,0,0,170.10999999999999,34.022,33.27,0.023339968536290768,0.1021018878221338,0,5,1,5,0.0,0.0,0.0,0.0,1.0,0.2,1.0,mobile,ios,firefox
DEV_006767,18,0,0,0,0,1318.98,73.27666666666667,57.47,0.023316768347648904,0.2890478488907477,7,16,1,0,0.0,0.0,0.0,0.3888888888888889,0.8888888888888888,0.05555555555555555,0.0,tablet,macos,safari
DEV_000397,13,0,0,0,0,2598.43,199.87923076923076,137.48,0.02329428958673237,0.2550220469160535,5,13,1,0,0.0,0.0,0.0,0.38461538461538464,1.0,0.07692307692307693,0.0,mobile,android,chrome
DEV_003270,7,0,0,0,0,1135.17,162.16714285714286,96.95,0.023273776496310145,0.076186927096336,6,7,0,0,0.0,0.0,0.0,0.8571428571428571,1.0,0.0,0.0,mobile,macos,firefox
DEV_003845,4,0,0,0,0,782.3,195.575,150.525,0.023218535221005226,0.0554261504555521,1,4,3,0,0.0,0.0,0.0,0.25,1.0,0.75,0.0,desktop,windows,safari
DEV_002203,18,0,0,0,0,2140.4900000000002,118.91611111111112,103.45,0.023184413228178,0.1740054956724746,5,14,1,0,0.0,0.0,0.0,0.2777777777777778,0.7777777777777778,0.05555555555555555,0.0,desktop,macos,firefox
DEV_001721,7,0,0,0,0,1054.86,150.6942857142857,115.53,0.023170273752109085,0.0797509631714012,6,7,0,0,0.0,0.0,0.0,0.8571428571428571,1.0,0.0,0.0,mobile,ios,firefox
DEV_000590,4,0,0,0,0,889.1300000000001,222.28250000000003,146.31,0.023134149061768076,0.0347351501899172,3,4,1,0,0.0,0.0,0.0,0.75,1.0,0.25,0.0,mobile,android,firefox
DEV_005752,11,0,0,0,0,2622.2799999999997,238.3890909090909,269.65,0.02313136664286978,0.0765180932512289,1,8,1,0,0.0,0.0,0.0,0.09090909090909091,0.7272727272727273,0.09090909090909091,0.0,mobile,linux,safari
DEV_003471,18,0,0,0,0,2114.84,117.49111111111112,118.265,0.023091839065559387,0.2455894536555596,10,18,4,0,0.0,0.0,0.0,0.5555555555555556,1.0,0.2222222222222222,0.0,mobile,ios,chrome
DEV_006638,24,0,0,0,0,4567.23,190.30124999999998,68.725,0.023091097599967848,0.3408637580694079,15,22,3,0,0.0,0.0,0.0,0.625,0.9166666666666666,0.125,0.0,mobile,macos,chrome
DEV_002473,9,0,0,0,0,1127.48,125.27555555555556,93.3,0.023070904004002808,0.095440024653167,6,8,1,0,0.0,0.0,0.0,0.6666666666666666,0.8888888888888888,0.1111111111111111,0.0,desktop,linux,safari
DEV_004252,7,0,0,0,0,1262.37,180.3385714285714,161.13,0.0229943866083154,0.0572617693399353,4,7,1,0,0.0,0.0,0.0,0.5714285714285714,1.0,0.14285714285714285,0.0,desktop,linux,chrome
DEV_006515,8,0,0,0,0,2693.17,336.64625,164.66500000000002,0.02298362743688001,0.1489376442453397,5,8,1,0,0.0,0.0,0.0,0.625,1.0,0.125,0.0,mobile,windows,firefox
DEV_000184,14,0,0,0,0,787.9399999999999,56.28142857142857,41.525000000000006,0.022940959479494157,0.1132660639297009,4,9,1,0,0.0,0.0,0.0,0.2857142857142857,0.6428571428571429,0.07142857142857142,0.0,mobile,windows,chrome
DEV_002195,10,0,0,0,0,545.91,54.590999999999994,31.855,0.02292299156631417,0.2225656217978921,4,10,0,10,0.0,0.0,0.0,0.4,1.0,0.0,1.0,desktop,android,firefox
DEV_002338,3,0,0,0,0,156.69,52.23,66.85,0.02291966957051554,0.0399474037161805,2,3,1,0,0.0,0.0,0.0,0.6666666666666666,1.0,0.3333333333333333,0.0,mobile,ios,chrome
DEV_005732,7,0,0,0,0,793.96,113.42285714285715,77.46,0.0229178250163427,0.0657353185006117,6,7,1,0,0.0,0.0,0.0,0.8571428571428571,1.0,0.14285714285714285,0.0,desktop,windows,edge
DEV_001374,13,0,0,0,0,1032.52,79.42461538461538,39.46,0.022889439755103193,0.2565567404644772,3,10,3,13,0.0,0.0,0.0,0.23076923076923078,0.7692307692307693,0.23076923076923078,1.0,mobile,ios,edge
DEV_007957,6,0,0,0,0,333.37,55.56166666666667,28.765,0.022887444104707808,0.1017256922606908,4,6,0,0,0.0,0.0,0.0,0.6666666666666666,1.0,0.0,0.0,desktop,ios,chrome
DEV_005007,8,0,0,0,0,2496.9500000000003,312.11875000000003,133.88,0.022885584827558158,0.1375683117911534,2,8,1,0,0.0,0.0,0.0,0.25,1.0,0.125,0.0,mobile,android,safari
DEV_002116,4,0,0,0,0,290.04,72.51,27.11,0.022872087446164955,0.0910148491000459,1,3,0,0,0.0,0.0,0.0,0.25,0.75,0.0,0.0,mobile,android,chrome
DEV_001543,5,0,0,0,0,508.61,101.72200000000001,62.26,0.02286782049425144,0.0910767657145416,2,5,2,0,0.0,0.0,0.0,0.4,1.0,0.4,0.0,desktop,windows,safari
DEV_007474,11,0,0,0,0,1913.17,173.92454545454547,121.56,0.02286409091348932,0.0801417667815968,7,10,0,0,0.0,0.0,0.0,0.6363636363636364,0.9090909090909091,0.0,0.0,mobile,android,safari
DEV_002785,4,0,0,0,0,733.6,183.4,141.58499999999998,0.022861693334942975,0.0651400574493767,3,4,1,0,0.0,0.0,0.0,0.75,1.0,0.25,0.0,mobile,ios,chrome
DEV_003133,20,0,0,0,0,1256.73,62.8365,31.53,0.022806985241314297,0.1383603967469293,11,16,3,0,0.0,0.0,0.0,0.55,0.8,0.15,0.0,tablet,windows,safari
DEV_007114,10,0,0,0,0,708.88,70.888,62.825,0.0227802948680953,0.1127779395634814,7,9,2,0,0.0,0.0,0.0,0.7,0.9,0.2,0.0,desktop,ios,firefox
DEV_001857,9,0,0,0,0,1469.06,163.2288888888889,58.14,0.022659437537462798,0.074861700930707,4,9,0,0,0.0,0.0,0.0,0.4444444444444444,1.0,0.0,0.0,tablet,ios,safari
DEV_007997,5,0,0,0,0,729.78,145.956,93.12,0.02258710974060698,0.0628772109230089,5,5,1,0,0.0,0.0,0.0,1.0,1.0,0.2,0.0,desktop,macos,safari
DEV_006795,28,0,0,0,0,1996.26,71.295,66.72,0.022535728496423102,0.2178319048411273,15,27,6,0,0.0,0.0,0.0,0.5357142857142857,0.9642857142857143,0.21428571428571427,0.0,mobile,windows,chrome
DEV_007778,30,0,0,0,0,3738.31,124.61033333333333,98.995,0.02253317502600761,0.2046727258723177,15,28,1,0,0.0,0.0,0.0,0.5,0.9333333333333333,0.03333333333333333,0.0,mobile,android,safari
DEV_005491,21,0,0,0,0,3545.57,168.83666666666667,114.48,0.022532423568340027,0.4120188687984892,9,21,3,0,0.0,0.0,0.0,0.42857142857142855,1.0,0.14285714285714285,0.0,mobile,windows,chrome
DEV_007049,3,0,0,0,0,1135.24,378.41333333333336,313.21,0.0225252596098531,0.0538111893018849,1,3,0,0,0.0,0.0,0.0,0.3333333333333333,1.0,0.0,0.0,mobile,macos,firefox
DEV_004484,18,1,0,0,0,2931.11,162.83944444444444,139.36,0.02242821778653066,0.1255726534718788,6,14,1,0,0.05555555555555555,0.0,0.0,0.3333333333333333,0.7777777777777778,0.05555555555555555,0.0,mobile,android,edge
DEV_005616,5,0,0,0,0,649.0699999999999,129.814,31.07,0.02241990658803244,0.1082746957791791,3,5,0,0,0.0,0.0,0.0,0.6,1.0,0.0,0.0,mobile,macos,safari
DEV_004265,4,0,0,0,0,656.42,164.105,110.245,0.02241044925331455,0.0416401684205448,1,4,0,0,0.0,0.0,0.0,0.25,1.0,0.0,0.0,mobile,android,safari
DEV_000274,9,0,0,0,0,1984.81,220.53444444444443,152.29,0.022380268613616555,0.1750132067812723,2,9,3,0,0.0,0.0,0.0,0.2222222222222222,1.0,0.3333333333333333,0.0,desktop,android,safari
DEV_007040,6,0,0,0,0,732.23,122.03833333333334,126.16,0.022313862141109034,0.0679435881918127,3,6,0,0,0.0,0.0,0.0,0.5,1.0,0.0,0.0,mobile,macos,edge
DEV_002330,4,0,0,0,0,311.68,77.92,68.64500000000001,0.022247409828087074,0.0853691245427814,2,4,0,4,0.0,0.0,0.0,0.5,1.0,0.0,1.0,mobile,macos,chrome
DEV_002993,10,0,0,0,0,867.49,86.749,87.51,0.02219219182995505,0.1340304726737204,5,10,2,0,0.0,0.0,0.0,0.5,1.0,0.2,0.0,mobile,windows,edge
DEV_001878,4,0,0,0,0,410.23,102.5575,99.55000000000001,0.02213660355447205,0.0680655400871741,2,4,1,0,0.0,0.0,0.0,0.5,1.0,0.25,0.0,mobile,macos,chrome
DEV_001130,4,0,0,0,0,377.28,94.32,104.225,0.022123663228361474,0.0509505938968593,0,1,0,0,0.0,0.0,0.0,0.0,0.25,0.0,0.0,mobile,macos,chrome
DEV_004426,4,0,0,0,0,471.2,117.8,122.1,0.022119011604019575,0.0718142074142185,1,4,1,0,0.0,0.0,0.0,0.25,1.0,0.25,0.0,mobile,macos,firefox
DEV_004880,8,0,0,0,0,361.25,45.15625,34.98,0.022042674248598362,0.1409452679604762,2,8,2,0,0.0,0.0,0.0,0.25,1.0,0.25,0.0,mobile,ios,safari
DEV_002124,22,0,0,0,0,3671.3,166.87727272727273,129.25,0.021982395125013012,0.1366287483986599,12,22,2,0,0.0,0.0,0.0,0.5454545454545454,1.0,0.09090909090909091,0.0,mobile,macos,chrome
DEV_003948,17,0,0,0,0,1398.01,82.23588235294118,65.72,0.021928829373458796,0.1072915145649415,10,15,2,0,0.0,0.0,0.0,0.5882352941176471,0.8823529411764706,0.11764705882352941,0.0,desktop,android,edge
DEV_003072,5,0,0,0,0,292.8,58.56,48.25,0.021909920021627942,0.070531850414001,3,3,0,0,0.0,0.0,0.0,0.6,0.6,0.0,0.0,mobile,macos,chrome
DEV_007440,7,0,0,0,0,1218.9299999999998,174.13285714285712,32.28,0.02190480886100584,0.1343119338506893,7,7,1,0,0.0,0.0,0.0,1.0,1.0,0.14285714285714285,0.0,mobile,android,edge
DEV_001256,22,0,0,0,0,2963.0299999999997,134.6831818181818,102.00999999999999,0.021889164283864695,0.2642023546413662,6,20,1,0,0.0,0.0,0.0,0.2727272727272727,0.9090909090909091,0.045454545454545456,0.0,mobile,ios,chrome
DEV_004821,11,0,0,0,0,753.61,68.51,43.16,0.02182341321463183,0.1037058546108268,6,11,2,0,0.0,0.0,0.0,0.5454545454545454,1.0,0.18181818181818182,0.0,desktop,ios,edge
DEV_001382,9,0,0,0,0,1072.36,119.1511111111111,85.06,0.021802027213350353,0.078212466610828,1,9,1,9,0.0,0.0,0.0,0.1111111111111111,1.0,0.1111111111111111,1.0,mobile,android,chrome
DEV_001240,14,0,0,0,0,2599.25,185.66071428571428,169.16,0.021796379924995644,0.1200335786566018,6,11,6,0,0.0,0.0,0.0,0.42857142857142855,0.7857142857142857,0.42857142857142855,0.0,desktop,android,edge
DEV_001144,5,0,0,0,0,416.88,83.376,49.98,0.0217585056469769,0.0652456786193195,2,5,1,5,0.0,0.0,0.0,0.4,1.0,0.2,1.0,mobile,android,chrome
DEV_004236,6,0,0,0,0,1265.8500000000001,210.97500000000002,122.485,0.021754601925645614,0.1185431873872153,5,6,0,6,0.0,0.0,0.0,0.8333333333333334,1.0,0.0,1.0,mobile,windows,safari
DEV_002781,3,0,0,0,0,258.05,86.01666666666667,26.42,0.0216669441510888,0.064486164913895,2,3,0,0,0.0,0.0,0.0,0.6666666666666666,1.0,0.0,0.0,mobile,android,safari
DEV_001493,3,0,0,0,0,344.34000000000003,114.78000000000002,82.0,0.0216571638176071,0.0511559990799851,0,1,0,0,0.0,0.0,0.0,0.0,0.3333333333333333,0.0,0.0,mobile,ios,chrome
DEV_000651,3,0,0,0,0,294.73,98.24333333333334,119.57,0.021632979613694966,0.0620708014917317,1,3,1,0,0.0,0.0,0.0,0.3333333333333333,1.0,0.3333333333333333,0.0,desktop,ios,edge
DEV_005100,5,0,0,0,0,708.23,141.64600000000002,87.48,0.02162707603824314,0.0527630535818029,3,5,2,0,0.0,0.0,0.0,0.6,1.0,0.4,0.0,mobile,android,safari
DEV_003191,25,0,0,0,0,3249.9,129.996,76.65,0.021622717552909457,0.1198949100420086,12,24,3,0,0.0,0.0,0.0,0.48,0.96,0.12,0.0,mobile,macos,edge
DEV_000724,5,0,0,0,0,1360.75,272.15,137.16,0.02162268867721036,0.0588679554566358,2,5,0,5,0.0,0.0,0.0,0.4,1.0,0.0,1.0,mobile,ios,edge
DEV_000503,3,0,0,0,0,303.84000000000003,101.28000000000002,86.15,0.021609942314405467,0.0463547013861212,2,2,0,3,0.0,0.0,0.0,0.6666666666666666,0.6666666666666666,0.0,1.0,mobile,windows,safari
DEV_000321,10,0,0,0,0,2076.59,207.65900000000002,136.745,0.02158704748540955,0.2044580078649018,2,6,2,0,0.0,0.0,0.0,0.2,0.6,0.2,0.0,mobile,windows,chrome
DEV_004315,4,0,0,0,0,287.71,71.9275,55.0,0.021571411188791623,0.0417991015109638,2,4,2,0,0.0,0.0,0.0,0.5,1.0,0.5,0.0,mobile,ios,chrome
DEV_005921,6,0,0,0,0,477.5,79.58333333333333,41.405,0.021562995790680484,0.113351126426812,6,6,0,0,0.0,0.0,0.0,1.0,1.0,0.0,0.0,mobile,macos,chrome
DEV_007247,7,0,0,0,0,569.75,81.39285714285714,38.42,0.021555046772204843,0.08561290610912,3,4,0,0,0.0,0.0,0.0,0.42857142857142855,0.5714285714285714,0.0,0.0,mobile,android,chrome
DEV_007081,5,0,0,0,0,811.95,162.39000000000001,144.58,0.02151442359109704,0.106424550706422,4,5,0,0,0.0,0.0,0.0,0.8,1.0,0.0,0.0,mobile,macos,safari
DEV_001602,6,0,0,0,0,345.18,57.53,37.315,0.021490572033091432,0.1227631068829906,2,6,2,0,0.0,0.0,0.0,0.3333333333333333,1.0,0.3333333333333333,0.0,mobile,android,safari
DEV_002128,10,0,0,0,0,436.73,43.673,48.435,0.02148576832255246,0.1610190135442122,5,7,3,0,0.0,0.0,0.0,0.5,0.7,0.3,0.0,desktop,macos,safari
DEV_004377,7,0,0,0,0,281.81,40.25857142857143,26.5,0.021478267341758814,0.0990078334718999,3,7,0,0,0.0,0.0,0.0,0.42857142857142855,1.0,0.0,0.0,tablet,linux,safari
DEV_006829,7,0,0,0,0,1754.29,250.61285714285714,159.5,0.021474908660573243,0.0731007018057603,4,5,2,0,0.0,0.0,0.0,0.5714285714285714,0.7142857142857143,0.2857142857142857,0.0,desktop,windows,firefox
DEV_001909,15,0,0,0,0,1154.45,76.96333333333334,55.39,0.021470803201536513,0.1027951415927843,13,14,1,0,0.0,0.0,0.0,0.8666666666666667,0.9333333333333333,0.06666666666666667,0.0,desktop,linux,chrome
DEV_002420,5,0,0,0,0,567.04,113.40799999999999,97.02,0.02144901814578474,0.1040448082926198,3,3,0,0,0.0,0.0,0.0,0.6,0.6,0.0,0.0,desktop,android,firefox
DEV_003387,3,0,0,0,0,385.96,128.65333333333334,174.7,0.021444250070480664,0.0451686142569465,0,1,0,0,0.0,0.0,0.0,0.0,0.3333333333333333,0.0,0.0,tablet,android,safari
DEV_002221,5,0,0,0,0,554.46,110.89200000000001,101.41,0.02140163853402164,0.0934414545386458,2,5,0,0,0.0,0.0,0.0,0.4,1.0,0.0,0.0,desktop,windows,chrome
DEV_000005,27,0,0,0,0,3437.52,127.31555555555555,69.96,0.021376969223677853,0.347111053412207,12,24,1,0,0.0,0.0,0.0,0.4444444444444444,0.8888888888888888,0.037037037037037035,0.0,mobile,ios,edge
DEV_006858,12,0,0,0,0,1706.26,142.18833333333333,121.16499999999999,0.021363015775492503,0.1104249316492397,2,10,1,0,0.0,0.0,0.0,0.16666666666666666,0.8333333333333334,0.08333333333333333,0.0,mobile,ios,chrome
DEV_005138,18,0,0,0,0,757.53,42.085,31.220000000000002,0.021359563353899366,0.3256087049625373,11,17,2,0,0.0,0.0,0.0,0.6111111111111112,0.9444444444444444,0.1111111111111111,0.0,mobile,android,firefox
DEV_004029,6,0,0,0,0,1127.03,187.83833333333334,172.6,0.021340341105521732,0.0882134456628634,4,6,0,0,0.0,0.0,0.0,0.6666666666666666,1.0,0.0,0.0,mobile,windows,chrome
DEV_002707,3,0,0,0,0,919.1800000000001,306.3933333333334,27.48,0.021287373672093435,0.0520828216888388,1,3,0,0,0.0,0.0,0.0,0.3333333333333333,1.0,0.0,0.0,mobile,ios,chrome
DEV_007350,9,0,0,0,0,444.76,49.41777777777778,42.89,0.021200288418806935,0.1349872023141165,4,6,0,0,0.0,0.0,0.0,0.4444444444444444,0.6666666666666666,0.0,0.0,mobile,macos,chrome
DEV_002739,9,0,0,0,0,780.4,86.71111111111111,31.9,0.021189176789169442,0.1165811797044212,3,4,1,9,0.0,0.0,0.0,0.3333333333333333,0.4444444444444444,0.1111111111111111,1.0,tablet,linux,chrome
DEV_003660,7,0,0,0,0,577.6,82.51428571428572,22.68,0.021175554921026147,0.1306709801859612,5,5,0,0,0.0,0.0,0.0,0.7142857142857143,0.7142857142857143,0.0,0.0,desktop,macos,chrome
DEV_003254,7,0,0,0,0,1097.13,156.73285714285717,181.16,0.02116656411815272,0.1371083534512905,2,6,0,0,0.0,0.0,0.0,0.2857142857142857,0.8571428571428571,0.0,0.0,desktop,macos,safari
DEV_004450,8,0,0,0,0,2878.81,359.85125,159.23499999999999,0.021157000639439837,0.1361531512746036,1,8,3,0,0.0,0.0,0.0,0.125,1.0,0.375,0.0,desktop,android,firefox
DEV_004844,3,0,0,0,0,755.13,251.71,220.41,0.021109056843294238,0.0617711916469974,0,3,1,3,0.0,0.0,0.0,0.0,1.0,0.3333333333333333,1.0,mobile,android,firefox
DEV_005234,25,0,0,0,0,3461.8,138.472,96.52,0.021093267379172963,0.2729808318055865,10,22,5,0,0.0,0.0,0.0,0.4,0.88,0.2,0.0,mobile,android,chrome
DEV_004466,3,0,0,0,0,360.28999999999996,120.09666666666665,86.71,0.0210562608253869,0.0352570971927704,1,3,0,3,0.0,0.0,0.0,0.3333333333333333,1.0,0.0,1.0,desktop,macos,firefox
DEV_000893,5,0,0,0,0,908.7,181.74,200.47,0.021056079522830402,0.0567883251566195,0,4,0,0,0.0,0.0,0.0,0.0,0.8,0.0,0.0,mobile,android,safari
DEV_007696,10,0,0,0,0,1419.3,141.93,77.42500000000001,0.02105427483570222,0.1450000109869755,6,8,2,0,0.0,0.0,0.0,0.6,0.8,0.2,0.0,desktop,android,chrome
DEV_000433,3,0,0,0,0,181.10000000000002,60.366666666666674,51.42,0.021047123756871202,0.0367522733776628,0,3,0,0,0.0,0.0,0.0,0.0,1.0,0.0,0.0,mobile,android,edge
DEV_006776,8,0,0,0,0,501.84999999999997,62.731249999999996,45.349999999999994,0.021019389343989836,0.0588270307060095,5,7,1,0,0.0,0.0,0.0,0.625,0.875,0.125,0.0,mobile,macos,chrome
DEV_004406,14,0,0,0,0,1003.74,71.69571428571429,33.54,0.021014091762382867,0.1378515024524082,5,14,1,0,0.0,0.0,0.0,0.35714285714285715,1.0,0.07142857142857142,0.0,desktop,android,chrome
DEV_006011,4,0,0,0,0,494.74999999999994,123.68749999999999,53.51,0.020998643858363225,0.0473065842350529,3,4,1,0,0.0,0.0,0.0,0.75,1.0,0.25,0.0,desktop,ios,chrome
DEV_006319,14,0,0,0,0,1549.42,110.67285714285715,104.70500000000001,0.02099600492221832,0.1578250395572734,10,12,2,14,0.0,0.0,0.0,0.7142857142857143,0.8571428571428571,0.14285714285714285,1.0,mobile,android,firefox
DEV_003389,7,0,0,0,0,240.82,34.402857142857144,28.77,0.02098153981563917,0.1406276952144476,4,7,0,7,0.0,0.0,0.0,0.5714285714285714,1.0,0.0,1.0,mobile,android,safari
DEV_002379,4,0,0,0,0,211.13,52.7825,46.17,0.0209790040733074,0.0523616631165053,2,4,0,0,0.0,0.0,0.0,0.5,1.0,0.0,0.0,desktop,ios,safari
DEV_007517,3,0,0,0,0,731.57,243.85666666666668,219.52,0.020969855213431966,0.0574530953856692,1,1,1,0,0.0,0.0,0.0,0.3333333333333333,0.3333333333333333,0.3333333333333333,0.0,tablet,android,safari
DEV_004445,14,0,0,0,0,954.47,68.17642857142857,54.22,0.020961263003421392,0.1055161144118523,5,9,1,0,0.0,0.0,0.0,0.35714285714285715,0.6428571428571429,0.07142857142857142,0.0,mobile,windows,safari
DEV_007566,5,0,0,0,0,151.57999999999998,30.315999999999995,28.41,0.02095701400764384,0.1018172104162959,3,5,0,5,0.0,0.0,0.0,0.6,1.0,0.0,1.0,mobile,windows,chrome
DEV_002406,10,0,0,0,0,938.0699999999999,93.80699999999999,38.655,0.020949929466052356,0.0677773820892928,3,10,2,0,0.0,0.0,0.0,0.3,1.0,0.2,0.0,tablet,windows,edge
DEV_004870,33,0,0,0,0,5720.14,173.33757575757576,113.62,0.020931774240967895,0.243377402438955,18,31,4,0,0.0,0.0,0.0,0.5454545454545454,0.9393939393939394,0.12121212121212122,0.0,mobile,windows,firefox
DEV_003095,4,0,0,0,0,313.08,78.27,86.935,0.020929283343220927,0.068331874524947,3,4,0,4,0.0,0.0,0.0,0.75,1.0,0.0,1.0,mobile,android,edge
DEV_000581,8,1,0,0,0,817.4499999999999,102.18124999999999,80.475,0.020923946355643312,0.0625992561166161,5,7,0,0,0.125,0.0,0.0,0.625,0.875,0.0,0.0,mobile,ios,chrome
DEV_004235,16,0,0,0,0,1227.2,76.7,42.364999999999995,0.020923589773563317,0.1930340858926922,9,15,3,0,0.0,0.0,0.0,0.5625,0.9375,0.1875,0.0,mobile,android,edge
DEV_006651,10,0,0,0,0,1802.47,180.247,137.37,0.02090389899156305,0.1817144365261614,6,10,2,0,0.0,0.0,0.0,0.6,1.0,0.2,0.0,mobile,macos,safari
DEV_003189,8,0,0,0,0,635.0699999999999,79.38374999999999,42.345,0.020860442493157473,0.1076576968456514,6,7,2,0,0.0,0.0,0.0,0.75,0.875,0.25,0.0,desktop,ios,edge
DEV_007296,7,0,0,0,0,543.4,77.62857142857142,50.74,0.0208561762593779,0.0600856121426157,4,7,1,7,0.0,0.0,0.0,0.5714285714285714,1.0,0.14285714285714285,1.0,mobile,android,chrome
DEV_005758,3,0,0,0,0,1185.29,395.09666666666664,277.81,0.020811659329468,0.0601253725404245,1,1,0,3,0.0,0.0,0.0,0.3333333333333333,0.3333333333333333,0.0,1.0,mobile,ios,chrome
DEV_002722,6,0,0,0,0,360.26,60.04333333333333,48.4,0.0207781859639007,0.1198317344996619,4,5,0,6,0.0,0.0,0.0,0.6666666666666666,0.8333333333333334,0.0,1.0,mobile,android,firefox
DEV_004897,3,0,0,0,0,357.65999999999997,119.21999999999998,141.1,0.020686549662496546,0.058618788061413,0,3,0,0,0.0,0.0,0.0,0.0,1.0,0.0,0.0,tablet,ios,safari
DEV_000190,14,0,0,0,0,2771.23,197.945,82.33500000000001,0.020663194320986927,0.1488743983915884,8,13,1,0,0.0,0.0,0.0,0.5714285714285714,0.9285714285714286,0.07142857142857142,0.0,mobile,android,chrome
DEV_003340,8,0,0,0,0,567.06,70.8825,60.084999999999994,0.020659614211880836,0.0913080746159561,3,6,1,8,0.0,0.0,0.0,0.375,0.75,0.125,1.0,tablet,android,safari
DEV_004113,6,0,0,0,0,710.59,118.43166666666667,72.58500000000001,0.020631544468271673,0.0908240217667836,2,6,0,0,0.0,0.0,0.0,0.3333333333333333,1.0,0.0,0.0,mobile,android,chrome
DEV_000382,4,0,0,0,0,706.86,176.715,141.51500000000001,0.020617380327852375,0.0672482957622506,2,4,1,0,0.0,0.0,0.0,0.5,1.0,0.25,0.0,desktop,android,chrome
DEV_003681,7,0,0,0,0,264.78,37.825714285714284,29.72,0.0206070130123573,0.0819163074061872,4,7,0,7,0.0,0.0,0.0,0.5714285714285714,1.0,0.0,1.0,mobile,android,chrome
DEV_007207,10,0,0,0,0,922.88,92.288,61.72,0.02058812795671138,0.1765262866029667,2,4,1,10,0.0,0.0,0.0,0.2,0.4,0.1,1.0,mobile,ios,firefox
DEV_004095,3,0,0,0,0,280.7,93.56666666666666,68.41,0.020555957513972666,0.0471235644927738,2,3,1,0,0.0,0.0,0.0,0.6666666666666666,1.0,0.3333333333333333,0.0,desktop,ios,safari
DEV_006247,7,0,0,0,0,549.13,78.44714285714285,31.23,0.020535674735085285,0.1277925323333572,2,6,1,0,0.0,0.0,0.0,0.2857142857142857,0.8571428571428571,0.14285714285714285,0.0,desktop,android,firefox
DEV_006530,8,0,0,0,0,444.07,55.50875,41.535000000000004,0.020533504432632865,0.1299647004078104,5,8,1,0,0.0,0.0,0.0,0.625,1.0,0.125,0.0,desktop,ios,chrome
DEV_006612,5,0,0,0,0,896.49,179.298,198.44,0.0205300179086614,0.0807713322226862,4,5,1,0,0.0,0.0,0.0,0.8,1.0,0.2,0.0,mobile,ios,chrome
DEV_006242,6,0,0,0,0,709.41,118.235,55.44499999999999,0.020529530506989916,0.1050677081375708,2,6,1,0,0.0,0.0,0.0,0.3333333333333333,1.0,0.16666666666666666,0.0,mobile,ios,firefox
DEV_000819,8,0,0,0,0,559.23,69.90375,27.9,0.020508155299815898,0.115258506322687,3,8,1,0,0.0,0.0,0.0,0.375,1.0,0.125,0.0,desktop,windows,chrome
DEV_005053,15,0,0,0,0,1152.95,76.86333333333333,46.82,0.02050761463846903,0.1904039407321603,4,9,0,0,0.0,0.0,0.0,0.26666666666666666,0.6,0.0,0.0,mobile,android,edge
DEV_004156,4,0,0,0,0,240.7,60.175,59.05,0.02046429327184935,0.0755642666936412,3,4,0,0,0.0,0.0,0.0,0.75,1.0,0.0,0.0,desktop,ios,chrome
DEV_002415,7,0,0,0,0,300.14,42.87714285714286,35.26,0.020458265913362216,0.0755781513339788,2,7,0,0,0.0,0.0,0.0,0.2857142857142857,1.0,0.0,0.0,mobile,android,chrome
DEV_003058,10,0,0,0,0,571.51,57.150999999999996,48.81,0.02042807917613807,0.1314560083431431,3,6,0,10,0.0,0.0,0.0,0.3,0.6,0.0,1.0,mobile,ios,firefox
DEV_007186,14,0,0,0,0,3687.21,263.3721428571429,111.045,0.020421390176267623,0.1593180066306995,9,14,2,0,0.0,0.0,0.0,0.6428571428571429,1.0,0.14285714285714285,0.0,mobile,macos,firefox
DEV_002418,18,0,0,0,0,1141.67,63.42611111111111,39.370000000000005,0.020374658290548534,0.2201130104458009,10,17,2,0,0.0,0.0,0.0,0.5555555555555556,0.9444444444444444,0.1111111111111111,0.0,mobile,android,firefox
DEV_007543,9,0,0,0,0,874.14,97.12666666666667,82.28,0.020359056426167456,0.1001830845778817,5,9,1,0,0.0,0.0,0.0,0.5555555555555556,1.0,0.1111111111111111,0.0,desktop,android,chrome
DEV_003423,13,0,0,0,0,950.87,73.14384615384616,40.41,0.02030615372854107,0.2498827378605672,8,13,2,0,0.0,0.0,0.0,0.6153846153846154,1.0,0.15384615384615385,0.0,mobile,android,chrome
DEV_001926,5,0,0,0,0,1603.4099999999999,320.68199999999996,286.92,0.02022709463500612,0.0830429586472049,3,3,0,0,0.0,0.0,0.0,0.6,0.6,0.0,0.0,mobile,linux,firefox
DEV_007722,10,0,0,0,0,1349.86,134.986,84.755,0.02022692506232912,0.1117424119658982,5,9,0,0,0.0,0.0,0.0,0.5,0.9,0.0,0.0,mobile,macos,edge
DEV_006101,13,0,0,0,0,1435.62,110.43230769230769,98.57,0.020223268001975055,0.0735566829678629,4,13,1,0,0.0,0.0,0.0,0.3076923076923077,1.0,0.07692307692307693,0.0,desktop,macos,edge
DEV_000353,5,0,0,0,0,392.66999999999996,78.53399999999999,66.57,0.02019687497390422,0.0927263540443169,1,4,2,0,0.0,0.0,0.0,0.2,0.8,0.4,0.0,desktop,windows,chrome
DEV_006405,3,0,0,0,0,128.95,42.98333333333333,42.66,0.020195137422870234,0.0594910801167699,2,3,0,0,0.0,0.0,0.0,0.6666666666666666,1.0,0.0,0.0,mobile,android,safari
DEV_004556,9,0,0,0,0,574.3000000000001,63.81111111111112,56.26,0.020163914687919546,0.1348526215299438,6,9,0,0,0.0,0.0,0.0,0.6666666666666666,1.0,0.0,0.0,desktop,android,chrome
DEV_000803,18,0,0,0,0,1362.54,75.69666666666666,48.705,0.02016126029377334,0.3239363311817367,13,17,1,18,0.0,0.0,0.0,0.7222222222222222,0.9444444444444444,0.05555555555555555,1.0,mobile,windows,chrome
DEV_007971,3,0,0,0,0,500.69,166.89666666666668,165.49,0.020097101502816333,0.0441992948959411,1,3,0,0,0.0,0.0,0.0,0.3333333333333333,1.0,0.0,0.0,mobile,ios,chrome
DEV_000259,16,0,0,0,0,692.13,43.258125,27.990000000000002,0.020093376126137288,0.2728277895243856,7,14,5,0,0.0,0.0,0.0,0.4375,0.875,0.3125,0.0,desktop,android,safari
DEV_003170,9,0,0,0,0,1076.9099999999999,119.65666666666665,63.52,0.02007751767039187,0.1046207236533184,3,9,0,9,0.0,0.0,0.0,0.3333333333333333,1.0,0.0,1.0,mobile,android,edge
DEV_000987,12,0,0,0,0,930.35,77.52916666666667,46.515,0.02005116173354905,0.0841728274899483,8,9,1,0,0.0,0.0,0.0,0.6666666666666666,0.75,0.08333333333333333,0.0,mobile,android,chrome
DEV_004800,8,0,0,0,0,2134.21,266.77625,39.21,0.0200227193342297,0.1374588911950528,8,8,2,0,0.0,0.0,0.0,1.0,1.0,0.25,0.0,mobile,macos,safari
DEV_004498,14,0,0,0,0,1086.82,77.63,55.715,0.02001533269570008,0.1313124700593413,4,13,0,0,0.0,0.0,0.0,0.2857142857142857,0.9285714285714286,0.0,0.0,mobile,windows,safari
DEV_006692,3,0,0,0,0,423.9,141.29999999999998,45.16,0.020000898013440734,0.0591541546691444,3,3,0,0,0.0,0.0,0.0,1.0,1.0,0.0,0.0,desktop,android,chrome
DEV_002646,14,0,0,0,0,887.72,63.40857142857143,58.975,0.019998787859925985,0.2293552765230206,7,10,3,0,0.0,0.0,0.0,0.5,0.7142857142857143,0.21428571428571427,0.0,mobile,android,chrome
DEV_006785,4,0,0,0,0,1400.67,350.1675,393.43,0.0199878536125348,0.036111324196261,3,3,0,4,0.0,0.0,0.0,0.75,0.75,0.0,1.0,mobile,android,chrome
DEV_001524,14,0,0,0,0,1807.34,129.09571428571428,114.87,0.01998162049620717,0.1475638964620761,5,14,2,0,0.0,0.0,0.0,0.35714285714285715,1.0,0.14285714285714285,0.0,desktop,windows,safari
DEV_004038,8,0,0,0,0,1882.8100000000002,235.35125000000002,175.465,0.01992189603101785,0.055143636565308,6,8,2,0,0.0,0.0,0.0,0.75,1.0,0.25,0.0,mobile,android,edge
DEV_005626,3,0,0,0,0,95.09,31.69666666666667,11.09,0.019916156084068833,0.0593276686898458,1,3,0,0,0.0,0.0,0.0,0.3333333333333333,1.0,0.0,0.0,desktop,ios,chrome
DEV_002447,14,0,0,0,0,1803.59,128.82785714285714,57.459999999999994,0.01989375911303371,0.2594528823033261,4,14,4,0,0.0,0.0,0.0,0.2857142857142857,1.0,0.2857142857142857,0.0,mobile,macos,chrome
DEV_003958,18,0,0,0,0,1196.75,66.48611111111111,41.56,0.01987546819743807,0.2561932578738602,10,18,6,0,0.0,0.0,0.0,0.5555555555555556,1.0,0.3333333333333333,0.0,mobile,macos,chrome
DEV_005017,8,0,0,0,0,663.5600000000001,82.94500000000001,91.875,0.01986012787998543,0.1331301827677678,3,8,1,0,0.0,0.0,0.0,0.375,1.0,0.125,0.0,mobile,linux,chrome
DEV_001430,13,0,0,0,0,1343.8,103.36923076923077,58.17,0.01985893860085456,0.1863134065175694,8,13,2,0,0.0,0.0,0.0,0.6153846153846154,1.0,0.15384615384615385,0.0,mobile,android,safari
DEV_003859,27,0,0,0,0,2670.31,98.90037037037037,59.33,0.0198451289461339,0.279265782922045,17,21,2,0,0.0,0.0,0.0,0.6296296296296297,0.7777777777777778,0.07407407407407407,0.0,mobile,android,edge
DEV_004476,6,1,0,0,0,659.88,109.98,68.53,0.0198053743544425,0.0478351378445873,4,5,2,0,0.16666666666666666,0.0,0.0,0.6666666666666666,0.8333333333333334,0.3333333333333333,0.0,mobile,macos,safari
DEV_007571,7,0,0,0,0,1745.67,249.3814285714286,239.38,0.019771737263126643,0.0568414856458276,5,7,0,7,0.0,0.0,0.0,0.7142857142857143,1.0,0.0,1.0,desktop,android,chrome
DEV_000137,16,0,0,0,0,2160.13,135.008125,90.84,0.019733664339895443,0.2285958061004471,10,16,3,0,0.0,0.0,0.0,0.625,1.0,0.1875,0.0,mobile,android,safari
DEV_007432,5,0,0,0,0,497.13,99.426,87.85,0.01970376186921142,0.0455464217240111,4,4,0,0,0.0,0.0,0.0,0.8,0.8,0.0,0.0,desktop,macos,safari
DEV_001385,15,0,0,0,0,2470.84,164.72266666666667,147.54,0.019699296396723933,0.1064918382668204,5,13,0,0,0.0,0.0,0.0,0.3333333333333333,0.8666666666666667,0.0,0.0,mobile,android,edge
DEV_002545,11,0,0,0,0,2041.25,185.5681818181818,131.34,0.0196817184088916,0.0523543060189445,6,11,0,0,0.0,0.0,0.0,0.5454545454545454,1.0,0.0,0.0,desktop,ios,edge
DEV_005525,3,0,0,0,0,297.77,99.25666666666666,36.41,0.019649464951818265,0.0375653947602451,2,3,0,3,0.0,0.0,0.0,0.6666666666666666,1.0,0.0,1.0,desktop,macos,safari
DEV_004709,10,0,0,0,0,624.36,62.436,41.36,0.01964357806431749,0.1329454422621979,7,10,1,0,0.0,0.0,0.0,0.7,1.0,0.1,0.0,mobile,android,chrome
DEV_005635,14,0,0,0,0,2989.51,213.5364285714286,170.865,0.019606079435686208,0.0907419116131669,5,11,5,0,0.0,0.0,0.0,0.35714285714285715,0.7857142857142857,0.35714285714285715,0.0,desktop,ios,safari
DEV_007574,9,0,0,0,0,1063.81,118.2011111111111,57.48,0.019592813957197478,0.0657657647270167,8,9,1,0,0.0,0.0,0.0,0.8888888888888888,1.0,0.1111111111111111,0.0,mobile,linux,safari
DEV_006838,6,0,0,0,0,1563.4099999999999,260.5683333333333,220.05,0.019574295585545066,0.0610730246117309,2,4,1,0,0.0,0.0,0.0,0.3333333333333333,0.6666666666666666,0.16666666666666666,0.0,mobile,macos,chrome
DEV_001304,6,0,0,0,0,917.4300000000001,152.905,148.5,0.01953163493468772,0.0473885166145539,3,5,0,0,0.0,0.0,0.0,0.5,0.8333333333333334,0.0,0.0,desktop,macos,safari
DEV_003163,30,0,0,0,0,4802.69,160.08966666666666,109.13,0.019515875313615757,0.1350683095356113,12,29,4,0,0.0,0.0,0.0,0.4,0.9666666666666667,0.13333333333333333,0.0,mobile,android,firefox
DEV_003527,3,0,0,0,0,273.74,91.24666666666667,28.13,0.019511451498061095,0.0583786848821352,1,2,0,3,0.0,0.0,0.0,0.3333333333333333,0.6666666666666666,0.0,1.0,mobile,macos,chrome
DEV_007209,5,0,0,0,0,664.13,132.826,66.43,0.019498294986324043,0.0829061246037607,3,5,1,0,0.0,0.0,0.0,0.6,1.0,0.2,0.0,desktop,ios,firefox
DEV_004398,10,0,0,0,0,465.73,46.573,50.06,0.019480849104316647,0.1180592417507232,3,6,2,10,0.0,0.0,0.0,0.3,0.6,0.2,1.0,mobile,linux,chrome
DEV_005070,4,0,0,0,0,291.78,72.945,71.23,0.019475234774575374,0.0766932174198646,2,4,2,0,0.0,0.0,0.0,0.5,1.0,0.5,0.0,mobile,ios,chrome
DEV_005841,11,0,0,0,0,919.9599999999999,83.63272727272727,46.8,0.01947485068430341,0.1444466283411218,5,11,2,0,0.0,0.0,0.0,0.45454545454545453,1.0,0.18181818181818182,0.0,desktop,windows,chrome
DEV_005951,12,0,0,0,0,1589.36,132.44666666666666,90.57,0.019451531134054484,0.1288728482320462,5,12,3,0,0.0,0.0,0.0,0.4166666666666667,1.0,0.25,0.0,mobile,windows,chrome
DEV_004580,7,0,0,0,0,510.28,72.89714285714285,49.9,0.019448456681800372,0.1085832493105732,2,5,0,0,0.0,0.0,0.0,0.2857142857142857,0.7142857142857143,0.0,0.0,mobile,android,chrome
DEV_005127,4,0,0,0,0,659.36,164.84,104.935,0.019366117462897826,0.0479695764570208,3,4,1,0,0.0,0.0,0.0,0.75,1.0,0.25,0.0,desktop,ios,safari
DEV_004503,7,0,0,0,0,261.78,37.39714285714285,30.78,0.019365232985717757,0.1071919621793498,4,7,1,7,0.0,0.0,0.0,0.5714285714285714,1.0,0.14285714285714285,1.0,desktop,macos,chrome
DEV_006818,9,0,0,0,0,2613.32,290.36888888888893,350.57,0.0193116455435579,0.0972642631211329,5,9,0,0,0.0,0.0,0.0,0.5555555555555556,1.0,0.0,0.0,mobile,android,chrome
DEV_000802,3,0,0,0,0,385.87,128.62333333333333,131.32,0.019299108252716034,0.0324638920912476,1,1,0,3,0.0,0.0,0.0,0.3333333333333333,0.3333333333333333,0.0,1.0,mobile,windows,chrome
DEV_006732,12,0,0,0,0,1561.48,130.12333333333333,76.455,0.01927292542436874,0.0982170150726906,3,11,2,12,0.0,0.0,0.0,0.25,0.9166666666666666,0.16666666666666666,1.0,mobile,android,firefox
DEV_004573,5,0,0,0,0,277.68,55.536,61.78,0.019266957015242538,0.0876372791187109,2,5,0,0,0.0,0.0,0.0,0.4,1.0,0.0,0.0,mobile,android,safari
DEV_005233,3,0,0,0,0,504.13,168.04333333333332,80.35,0.019244070736842915,0.0337597446550134,0,1,0,0,0.0,0.0,0.0,0.0,0.3333333333333333,0.0,0.0,desktop,android,firefox
DEV_002084,7,0,0,0,0,1351.64,193.0914285714286,139.03,0.019194326170278143,0.0523571084989777,6,7,0,0,0.0,0.0,0.0,0.8571428571428571,1.0,0.0,0.0,mobile,windows,chrome
DEV_003097,9,0,0,0,0,1689.51,187.72333333333333,216.0,0.019179022653197677,0.1664246528241071,7,9,3,9,0.0,0.0,0.0,0.7777777777777778,1.0,0.3333333333333333,1.0,desktop,android,firefox
DEV_004861,7,0,0,0,0,417.55,59.65,32.0,0.0191180733395242,0.0930737403985162,4,7,1,0,0.0,0.0,0.0,0.5714285714285714,1.0,0.14285714285714285,0.0,mobile,linux,chrome
DEV_000926,6,0,0,0,0,432.55,72.09166666666667,76.64,0.019102562210849418,0.1108056772127739,5,6,2,0,0.0,0.0,0.0,0.8333333333333334,1.0,0.3333333333333333,0.0,mobile,ios,chrome
DEV_003128,5,0,0,0,0,498.23,99.646,54.84,0.019029114725360802,0.066173644370504,2,5,1,0,0.0,0.0,0.0,0.4,1.0,0.2,0.0,mobile,windows,safari
DEV_003475,16,0,0,0,0,1060.07,66.254375,43.765,0.018987254404324444,0.2293271025117305,5,10,1,0,0.0,0.0,0.0,0.3125,0.625,0.0625,0.0,tablet,macos,chrome
DEV_001927,11,0,0,0,0,681.8,61.98181818181818,46.22,0.018964058923952882,0.099908733118785,4,11,2,0,0.0,0.0,0.0,0.36363636363636365,1.0,0.18181818181818182,0.0,mobile,macos,firefox
DEV_005357,5,0,0,0,0,494.96,98.99199999999999,91.5,0.01893015595012136,0.078818745550513,1,5,2,0,0.0,0.0,0.0,0.2,1.0,0.4,0.0,mobile,android,chrome
DEV_007300,12,0,0,0,0,1777.94,148.16166666666666,106.085,0.0189077925882835,0.1040625120759439,7,11,2,0,0.0,0.0,0.0,0.5833333333333334,0.9166666666666666,0.16666666666666666,0.0,desktop,macos,chrome
DEV_000537,7,0,0,0,0,1565.71,223.67285714285714,231.29,0.018901221336251283,0.0672932372406184,4,7,0,0,0.0,0.0,0.0,0.5714285714285714,1.0,0.0,0.0,mobile,android,safari
DEV_007576,16,0,0,0,0,1172.3,73.26875,49.230000000000004,0.018873433523489285,0.1061432322539473,5,12,0,0,0.0,0.0,0.0,0.3125,0.75,0.0,0.0,desktop,windows,edge
DEV_005295,12,0,0,0,0,2474.73,206.2275,84.75999999999999,0.01886853559759596,0.1223896849727496,3,7,3,0,0.0,0.0,0.0,0.25,0.5833333333333334,0.25,0.0,desktop,windows,edge
DEV_003732,7,0,0,0,0,487.12,69.58857142857143,52.06,0.018859433500851164,0.0589880196370426,3,3,2,0,0.0,0.0,0.0,0.42857142857142855,0.42857142857142855,0.2857142857142857,0.0,mobile,macos,safari
DEV_002041,16,0,0,0,0,1036.51,64.781875,38.230000000000004,0.018818102597221175,0.1102936666523998,8,9,2,0,0.0,0.0,0.0,0.5,0.5625,0.125,0.0,mobile,ios,edge
DEV_004025,11,0,0,0,0,826.57,75.14272727272727,64.45,0.018813242457819655,0.1748480391457418,4,8,2,0,0.0,0.0,0.0,0.36363636363636365,0.7272727272727273,0.18181818181818182,0.0,mobile,android,chrome
DEV_002267,5,0,0,0,0,931.6,186.32,161.07,0.018781446519988778,0.0409682033468548,3,4,0,0,0.0,0.0,0.0,0.6,0.8,0.0,0.0,desktop,ios,chrome
DEV_005210,9,0,0,0,0,610.23,67.80333333333334,56.2,0.018720453081609766,0.1575169991890843,5,9,0,0,0.0,0.0,0.0,0.5555555555555556,1.0,0.0,0.0,mobile,android,chrome
DEV_001819,9,0,0,0,0,1499.03,166.55888888888887,108.65,0.018719215278861015,0.0945076438037065,3,8,1,0,0.0,0.0,0.0,0.3333333333333333,0.8888888888888888,0.1111111111111111,0.0,desktop,ios,chrome
DEV_002254,16,0,0,0,0,1526.28,95.3925,49.974999999999994,0.01870086012421488,0.2375836371769802,7,16,2,0,0.0,0.0,0.0,0.4375,1.0,0.125,0.0,desktop,android,chrome
DEV_000098,3,0,0,0,0,174.07,58.02333333333333,17.87,0.018663910519804,0.0529177284292348,3,3,0,0,0.0,0.0,0.0,1.0,1.0,0.0,0.0,mobile,windows,firefox
DEV_001008,6,0,0,0,0,682.34,113.72333333333334,107.975,0.018649809727050434,0.0538759777989112,2,5,2,0,0.0,0.0,0.0,0.3333333333333333,0.8333333333333334,0.3333333333333333,0.0,desktop,ios,firefox
DEV_003083,4,0,0,0,0,313.12,78.28,60.01,0.01863662795186865,0.0549779554930007,3,4,0,0,0.0,0.0,0.0,0.75,1.0,0.0,0.0,desktop,ios,safari
DEV_005031,13,0,0,0,0,683.9300000000001,52.61000000000001,35.09,0.0186345434712248,0.1762166585664665,7,13,2,13,0.0,0.0,0.0,0.5384615384615384,1.0,0.15384615384615385,1.0,desktop,windows,safari
DEV_005438,3,0,0,0,0,302.24,100.74666666666667,90.58,0.018628983497002833,0.0411428943035734,0,3,1,0,0.0,0.0,0.0,0.0,1.0,0.3333333333333333,0.0,mobile,macos,firefox
DEV_007864,13,0,0,0,0,707.4,54.41538461538461,27.94,0.01860983330412354,0.1148018998295878,8,12,1,0,0.0,0.0,0.0,0.6153846153846154,0.9230769230769231,0.07692307692307693,0.0,mobile,android,chrome
DEV_002395,19,0,0,0,0,1478.8400000000001,77.83368421052633,57.04,0.018575851165391826,0.1391244905992563,12,19,1,0,0.0,0.0,0.0,0.631578947368421,1.0,0.05263157894736842,0.0,desktop,android,firefox
DEV_003030,16,0,0,0,0,1036.21,64.763125,35.685,0.018570235463746945,0.2329434487417565,7,16,5,0,0.0,0.0,0.0,0.4375,1.0,0.3125,0.0,desktop,android,chrome
DEV_007343,4,0,0,0,0,492.14,123.035,117.01,0.018567646212097326,0.0637126884701525,2,4,0,0,0.0,0.0,0.0,0.5,1.0,0.0,0.0,mobile,ios,chrome
DEV_003307,11,0,0,0,0,950.64,86.42181818181818,66.62,0.018560378000455444,0.1637129787727852,7,11,0,0,0.0,0.0,0.0,0.6363636363636364,1.0,0.0,0.0,mobile,macos,firefox
DEV_002169,9,0,0,0,0,1174.84,130.53777777777776,120.25,0.018559847568724655,0.061740298340666,3,6,1,0,0.0,0.0,0.0,0.3333333333333333,0.6666666666666666,0.1111111111111111,0.0,desktop,ios,chrome
DEV_004955,11,0,0,0,0,475.09,43.19,30.79,0.018514568283745925,0.1291851703413165,3,11,0,11,0.0,0.0,0.0,0.2727272727272727,1.0,0.0,1.0,mobile,android,chrome
DEV_006659,23,0,0,0,0,2575.42,111.97478260869566,37.49,0.018510505832290244,0.3410319902858084,10,19,4,0,0.0,0.0,0.0,0.43478260869565216,0.8260869565217391,0.17391304347826086,0.0,mobile,windows,chrome
DEV_002546,3,0,0,0,0,250.88,83.62666666666667,59.08,0.018501423093797667,0.0378236825336892,3,3,0,0,0.0,0.0,0.0,1.0,1.0,0.0,0.0,mobile,android,chrome
DEV_002246,10,0,0,0,0,535.9300000000001,53.593,37.865,0.01849179362363356,0.1253199040699896,3,10,1,0,0.0,0.0,0.0,0.3,1.0,0.1,0.0,mobile,windows,firefox
DEV_002145,3,0,0,0,0,129.57,43.19,62.42,0.01844818168480913,0.0411482486497069,2,3,1,0,0.0,0.0,0.0,0.6666666666666666,1.0,0.3333333333333333,0.0,mobile,ios,safari
DEV_006857,14,0,0,0,0,893.5899999999999,63.827857142857134,42.595,0.018436720530541018,0.1827202322744617,11,14,2,0,0.0,0.0,0.0,0.7857142857142857,1.0,0.14285714285714285,0.0,desktop,ios,chrome
DEV_005517,4,0,0,0,0,314.57,78.6425,86.545,0.018430562087964526,0.0513102013643176,1,2,0,0,0.0,0.0,0.0,0.25,0.5,0.0,0.0,desktop,android,safari
DEV_002036,3,0,0,0,0,1304.25,434.75,249.99,0.0183550779538884,0.0368927516784418,1,3,0,0,0.0,0.0,0.0,0.3333333333333333,1.0,0.0,0.0,desktop,ios,chrome
DEV_001210,3,0,0,0,0,235.53,78.51,68.83,0.0183450901789794,0.0544439637221742,2,3,1,3,0.0,0.0,0.0,0.6666666666666666,1.0,0.3333333333333333,1.0,desktop,ios,chrome
DEV_007940,4,0,0,0,0,550.9200000000001,137.73000000000002,97.14500000000001,0.018304911075031627,0.0540475663985365,2,4,0,0,0.0,0.0,0.0,0.5,1.0,0.0,0.0,desktop,windows,firefox
DEV_003738,8,0,0,0,0,548.97,68.62125,72.47,0.01829392318520476,0.0767882411075598,3,8,1,0,0.0,0.0,0.0,0.375,1.0,0.125,0.0,mobile,android,safari
DEV_002073,4,0,0,0,0,399.43,99.8575,97.355,0.018287757004011147,0.0511640775929596,2,4,0,0,0.0,0.0,0.0,0.5,1.0,0.0,0.0,mobile,ios,chrome
DEV_001169,7,0,0,0,0,289.84000000000003,41.40571428571429,33.63,0.018285596725171462,0.1168747681348328,2,7,3,0,0.0,0.0,0.0,0.2857142857142857,1.0,0.42857142857142855,0.0,mobile,android,chrome
DEV_005168,7,0,0,0,0,437.69,62.527142857142856,43.49,0.01825325244413382,0.0643130149024843,5,7,0,0,0.0,0.0,0.0,0.7142857142857143,1.0,0.0,0.0,mobile,linux,chrome
DEV_004120,5,0,0,0,0,308.33,61.666,43.22,0.018242441052947474,0.0662149902437779,2,3,2,0,0.0,0.0,0.0,0.4,0.6,0.4,0.0,mobile,windows,chrome
DEV_007642,4,0,0,0,0,679.14,169.785,159.68,0.01823719022608665,0.0705994291860643,3,4,0,0,0.0,0.0,0.0,0.75,1.0,0.0,0.0,mobile,macos,safari
DEV_004256,8,0,0,0,0,573.5699999999999,71.69624999999999,65.175,0.018227638640936124,0.0687723944460583,3,6,1,0,0.0,0.0,0.0,0.375,0.75,0.125,0.0,mobile,windows,chrome
DEV_003160,4,0,0,0,0,373.32,93.33,36.255,0.018218226380480877,0.0485936967457694,2,3,1,4,0.0,0.0,0.0,0.5,0.75,0.25,1.0,mobile,android,chrome
DEV_007757,12,0,0,0,0,1205.94,100.495,42.36,0.018203468476545425,0.0815733095448931,11,12,2,0,0.0,0.0,0.0,0.9166666666666666,1.0,0.16666666666666666,0.0,mobile,android,chrome
DEV_004953,4,0,0,0,0,356.95,89.2375,40.525,0.01817933433077445,0.0724316456211257,2,4,1,0,0.0,0.0,0.0,0.5,1.0,0.25,0.0,desktop,windows,firefox
DEV_002839,27,0,0,0,0,1982.45,73.42407407407407,48.1,0.018169447187868407,0.197850584217565,9,18,1,0,0.0,0.0,0.0,0.3333333333333333,0.6666666666666666,0.037037037037037035,0.0,mobile,android,edge
DEV_002700,7,0,0,0,0,671.17,95.88142857142857,58.34,0.018148715903384644,0.1059824022190259,2,7,0,0,0.0,0.0,0.0,0.2857142857142857,1.0,0.0,0.0,mobile,windows,firefox
DEV_006365,10,0,0,0,0,1709.8799999999999,170.988,117.89,0.018148195535062688,0.096773735321076,3,8,1,10,0.0,0.0,0.0,0.3,0.8,0.1,1.0,mobile,android,safari
DEV_002297,12,0,0,0,0,940.3,78.35833333333333,33.785,0.01813036209888317,0.1552529939211297,2,9,3,0,0.0,0.0,0.0,0.16666666666666666,0.75,0.25,0.0,desktop,ios,chrome
DEV_005660,7,0,0,0,0,700.27,100.03857142857143,66.48,0.018116531999997302,0.0791445256318356,3,6,1,0,0.0,0.0,0.0,0.42857142857142855,0.8571428571428571,0.14285714285714285,0.0,desktop,ios,chrome
DEV_006284,15,0,0,0,0,3599.14,239.94266666666667,279.19,0.018058241688107015,0.0850875192438891,9,15,3,0,0.0,0.0,0.0,0.6,1.0,0.2,0.0,mobile,macos,safari
DEV_001646,5,0,0,0,0,1654.49,330.898,277.79,0.01803954587378038,0.0864885130500125,4,5,0,5,0.0,0.0,0.0,0.8,1.0,0.0,1.0,mobile,windows,safari
DEV_004635,11,0,0,0,0,868.74,78.97636363636364,58.79,0.01803619549960618,0.1843658453060455,3,9,0,11,0.0,0.0,0.0,0.2727272727272727,0.8181818181818182,0.0,1.0,desktop,windows,chrome
DEV_005533,5,0,0,0,0,254.07,50.814,31.94,0.01802836526862118,0.0847164448771049,0,5,2,0,0.0,0.0,0.0,0.0,1.0,0.4,0.0,desktop,android,chrome
DEV_005131,9,1,0,0,0,798.54,88.72666666666666,66.08,0.01797785478378667,0.0878740609689993,6,8,1,0,0.1111111111111111,0.0,0.0,0.6666666666666666,0.8888888888888888,0.1111111111111111,0.0,mobile,linux,safari
DEV_007159,11,0,0,0,0,919.91,83.62818181818182,59.37,0.017962449953054592,0.0742034453230201,8,10,2,0,0.0,0.0,0.0,0.7272727272727273,0.9090909090909091,0.18181818181818182,0.0,mobile,windows,safari
DEV_000390,5,0,0,0,0,269.56,53.912,33.34,0.01795888165478106,0.0618217786103428,4,5,0,0,0.0,0.0,0.0,0.8,1.0,0.0,0.0,desktop,linux,edge
DEV_006406,7,0,0,0,0,715.94,102.27714285714286,47.49,0.01794206343579653,0.1035049549513824,5,7,1,0,0.0,0.0,0.0,0.7142857142857143,1.0,0.14285714285714285,0.0,mobile,android,chrome
DEV_003873,3,0,0,0,0,119.17,39.723333333333336,43.62,0.017940511017699497,0.053383739336018,1,3,1,0,0.0,0.0,0.0,0.3333333333333333,1.0,0.3333333333333333,0.0,desktop,android,safari
DEV_001067,5,0,0,0,0,1244.56,248.91199999999998,202.37,0.017928860023361397,0.031453276426959,4,5,0,0,0.0,0.0,0.0,0.8,1.0,0.0,0.0,mobile,ios,chrome
DEV_005287,7,0,0,0,0,599.67,85.66714285714285,19.99,0.017923008491422216,0.0587967181823185,0,6,1,0,0.0,0.0,0.0,0.0,0.8571428571428571,0.14285714285714285,0.0,mobile,windows,safari
DEV_001286,8,0,0,0,0,757.38,94.6725,66.995,0.017896752885261127,0.066280899131021,5,8,0,0,0.0,0.0,0.0,0.625,1.0,0.0,0.0,mobile,android,chrome
DEV_004787,4,0,0,0,0,688.01,172.0025,117.66999999999999,0.01783944343671835,0.0508636970783993,3,4,1,4,0.0,0.0,0.0,0.75,1.0,0.25,1.0,mobile,linux,chrome
DEV_002160,28,0,0,0,0,3644.3599999999997,130.15571428571428,98.005,0.01783823801394782,0.2776789571037595,20,28,1,0,0.0,0.0,0.0,0.7142857142857143,1.0,0.03571428571428571,0.0,mobile,android,chrome
DEV_005144,3,0,0,0,0,175.17000000000002,58.39000000000001,49.53,0.017780181529754368,0.0503182197511234,3,3,0,0,0.0,0.0,0.0,1.0,1.0,0.0,0.0,mobile,android,firefox
DEV_002352,10,0,0,0,0,895.5699999999999,89.55699999999999,65.08500000000001,0.01777329135179491,0.1062899259970819,8,9,1,0,0.0,0.0,0.0,0.8,0.9,0.1,0.0,mobile,android,firefox
DEV_002508,6,0,0,0,0,364.28999999999996,60.714999999999996,61.31,0.017770225728604067,0.0984983212687475,3,5,0,0,0.0,0.0,0.0,0.5,0.8333333333333334,0.0,0.0,mobile,linux,edge
DEV_006697,4,0,0,0,0,384.85,96.2125,95.175,0.017757153960642976,0.0398193749414505,1,3,1,4,0.0,0.0,0.0,0.25,0.75,0.25,1.0,desktop,android,chrome
DEV_001041,24,0,0,0,0,4277.95,178.24791666666667,115.53999999999999,0.017705240326523857,0.1349184101671683,12,24,7,0,0.0,0.0,0.0,0.5,1.0,0.2916666666666667,0.0,mobile,linux,chrome
DEV_005637,12,0,0,0,0,1276.02,106.335,58.334999999999994,0.01767790218273969,0.077652626238607,7,12,0,0,0.0,0.0,0.0,0.5833333333333334,1.0,0.0,0.0,desktop,macos,safari
DEV_005723,4,0,0,0,0,178.12,44.53,41.730000000000004,0.017674220578692848,0.0326237365674298,2,4,1,0,0.0,0.0,0.0,0.5,1.0,0.25,0.0,mobile,android,edge
DEV_005620,5,0,0,0,0,676.45,135.29000000000002,87.25,0.01766118263926766,0.0744920289265821,3,4,1,0,0.0,0.0,0.0,0.6,0.8,0.2,0.0,mobile,ios,chrome
DEV_003568,9,0,0,0,0,696.4,77.37777777777778,23.1,0.017659953984156696,0.1128052923043554,6,9,0,0,0.0,0.0,0.0,0.6666666666666666,1.0,0.0,0.0,mobile,ios,safari
DEV_003800,3,0,0,0,0,320.94,106.98,88.61,0.017637001122380935,0.0364963210401295,0,3,1,0,0.0,0.0,0.0,0.0,1.0,0.3333333333333333,0.0,mobile,android,safari
DEV_007486,7,0,0,0,0,362.23,51.74714285714286,33.77,0.017636741627654016,0.1024338431976364,4,7,0,0,0.0,0.0,0.0,0.5714285714285714,1.0,0.0,0.0,desktop,android,firefox
DEV_005806,20,0,0,0,0,2493.05,124.6525,78.545,0.017625646011799993,0.1521647957715728,9,17,2,0,0.0,0.0,0.0,0.45,0.85,0.1,0.0,mobile,android,firefox
DEV_006951,5,0,0,0,0,450.7,90.14,54.3,0.017595357442407523,0.0517695467984096,2,5,0,0,0.0,0.0,0.0,0.4,1.0,0.0,0.0,mobile,windows,safari
DEV_007623,3,0,0,0,0,317.8,105.93333333333334,75.04,0.017592262311809864,0.051653200773117,2,3,0,0,0.0,0.0,0.0,0.6666666666666666,1.0,0.0,0.0,mobile,ios,safari
DEV_006433,6,0,0,0,0,1021.87,170.31166666666667,134.965,0.017574113405500382,0.0624253099690462,4,6,2,0,0.0,0.0,0.0,0.6666666666666666,1.0,0.3333333333333333,0.0,tablet,windows,chrome
DEV_000273,13,0,0,0,0,2995.45,230.41923076923075,141.76,0.017567907726206016,0.1246245906060554,4,12,3,0,0.0,0.0,0.0,0.3076923076923077,0.9230769230769231,0.23076923076923078,0.0,mobile,android,firefox
DEV_007400,15,0,0,0,0,785.59,52.37266666666667,33.69,0.01753372875591731,0.1105004289032204,6,9,1,0,0.0,0.0,0.0,0.4,0.6,0.06666666666666667,0.0,desktop,android,edge
DEV_005899,13,0,0,0,0,1924.25,148.01923076923077,156.72,0.01753356622953429,0.1643265384761988,6,13,1,0,0.0,0.0,0.0,0.46153846153846156,1.0,0.07692307692307693,0.0,desktop,windows,safari
DEV_007980,11,0,0,0,0,571.97,51.99727272727273,33.37,0.01751777279558377,0.107690229698243,6,6,0,0,0.0,0.0,0.0,0.5454545454545454,0.5454545454545454,0.0,0.0,desktop,linux,safari
DEV_004491,10,0,0,0,0,787.76,78.776,48.32,0.01749170313660009,0.0873593810473688,3,9,1,0,0.0,0.0,0.0,0.3,0.9,0.1,0.0,desktop,macos,chrome
DEV_004976,8,0,0,0,0,988.9300000000001,123.61625000000001,113.445,0.017440703324048262,0.0750500044075343,5,8,0,0,0.0,0.0,0.0,0.625,1.0,0.0,0.0,mobile,ios,safari
DEV_001142,5,0,0,0,0,863.34,172.668,126.42,0.017406789114467722,0.0440671562919894,4,5,0,0,0.0,0.0,0.0,0.8,1.0,0.0,0.0,mobile,android,chrome
DEV_005664,13,0,0,0,0,2718.65,209.12692307692308,204.43,0.017362306104544707,0.1364646194832898,3,12,2,0,0.0,0.0,0.0,0.23076923076923078,0.9230769230769231,0.15384615384615385,0.0,mobile,macos,chrome
DEV_004311,6,0,0,0,0,400.86,66.81,47.715,0.017346139917381383,0.0698075739975325,5,6,0,0,0.0,0.0,0.0,0.8333333333333334,1.0,0.0,0.0,mobile,macos,chrome
DEV_003700,6,0,0,0,0,496.46,82.74333333333333,43.115,0.017307851418870018,0.0550241767513664,1,6,1,0,0.0,0.0,0.0,0.16666666666666666,1.0,0.16666666666666666,0.0,desktop,linux,chrome
DEV_007754,7,0,0,0,0,527.87,75.41,40.23,0.0172986971082544,0.0958328508684526,0,7,0,0,0.0,0.0,0.0,0.0,1.0,0.0,0.0,desktop,macos,chrome
DEV_002269,6,0,0,0,0,1141.6799999999998,190.27999999999997,76.86,0.017267950191298235,0.0943863037467309,2,6,1,0,0.0,0.0,0.0,0.3333333333333333,1.0,0.16666666666666666,0.0,desktop,windows,chrome
DEV_000113,13,0,0,0,0,1312.24,100.94153846153846,45.39,0.017242591149751046,0.0690926245764889,4,13,4,0,0.0,0.0,0.0,0.3076923076923077,1.0,0.3076923076923077,0.0,mobile,android,chrome
DEV_005880,12,0,0,0,0,1523.25,126.9375,85.595,0.017196011778080642,0.0870308581652913,4,12,1,0,0.0,0.0,0.0,0.3333333333333333,1.0,0.08333333333333333,0.0,mobile,android,edge
DEV_005777,16,0,0,0,0,1776.94,111.05875,55.83,0.017147996326281244,0.0961686153720227,6,16,4,0,0.0,0.0,0.0,0.375,1.0,0.25,0.0,mobile,macos,chrome
DEV_007460,17,0,0,0,0,1634.45,96.14411764705882,62.87,0.01714494822167815,0.1686348099565762,13,17,1,0,0.0,0.0,0.0,0.7647058823529411,1.0,0.058823529411764705,0.0,mobile,macos,edge
DEV_000043,5,0,0,0,0,384.86,76.97200000000001,32.43,0.017132542066239258,0.045182797641124,3,5,1,0,0.0,0.0,0.0,0.6,1.0,0.2,0.0,desktop,android,chrome
DEV_003092,10,0,0,0,0,1035.6200000000001,103.56200000000001,86.31,0.01711475335108441,0.0642871729178608,7,9,1,0,0.0,0.0,0.0,0.7,0.9,0.1,0.0,desktop,ios,chrome
DEV_004569,8,0,0,0,0,535.31,66.91375,63.665000000000006,0.017109187065995863,0.0561188344228346,1,1,0,0,0.0,0.0,0.0,0.125,0.125,0.0,0.0,desktop,android,edge
DEV_001746,10,0,0,0,0,681.87,68.187,56.69,0.01709848971857657,0.0736180585029609,5,9,2,0,0.0,0.0,0.0,0.5,0.9,0.2,0.0,mobile,android,firefox
DEV_001076,13,0,0,0,0,329.65,25.357692307692307,24.59,0.017090443520314344,0.1233020553056774,7,13,4,13,0.0,0.0,0.0,0.5384615384615384,1.0,0.3076923076923077,1.0,desktop,android,chrome
DEV_004166,7,0,0,0,0,434.84000000000003,62.120000000000005,40.52,0.017087859184383557,0.078195558286005,4,7,0,0,0.0,0.0,0.0,0.5714285714285714,1.0,0.0,0.0,mobile,windows,chrome
DEV_001798,8,0,0,0,0,637.6,79.7,40.275,0.017078323795789,0.0859597487444424,3,6,1,0,0.0,0.0,0.0,0.375,0.75,0.125,0.0,mobile,windows,safari
DEV_006879,3,0,0,0,0,416.31,138.77,48.17,0.017075782571443498,0.0504945993836246,1,2,1,3,0.0,0.0,0.0,0.3333333333333333,0.6666666666666666,0.3333333333333333,1.0,desktop,ios,edge
DEV_000085,16,0,0,0,0,2559.36,159.96,75.66,0.017075175797774955,0.1256937018189321,7,16,2,0,0.0,0.0,0.0,0.4375,1.0,0.125,0.0,mobile,macos,chrome
DEV_006591,13,0,0,0,0,2101.69,161.66846153846154,98.67,0.01705019624452616,0.0788285683823005,4,9,3,0,0.0,0.0,0.0,0.3076923076923077,0.6923076923076923,0.23076923076923078,0.0,mobile,linux,chrome
DEV_005521,8,0,0,0,0,1313.77,164.22125,141.92000000000002,0.017042825700439777,0.0564795233713236,7,8,3,8,0.0,0.0,0.0,0.875,1.0,0.375,1.0,mobile,macos,edge
DEV_005667,13,0,0,0,0,2314.8,178.06153846153848,114.14,0.017038065224779807,0.1232529188337261,9,12,2,0,0.0,0.0,0.0,0.6923076923076923,0.9230769230769231,0.15384615384615385,0.0,mobile,ios,chrome
DEV_007149,8,0,0,0,0,653.3199999999999,81.66499999999999,61.03,0.017019274310224975,0.0684811307964243,3,7,2,0,0.0,0.0,0.0,0.375,0.875,0.25,0.0,mobile,windows,safari
DEV_006565,6,0,0,0,0,1373.02,228.83666666666667,208.015,0.01700678308523468,0.0696730881271152,3,6,0,0,0.0,0.0,0.0,0.5,1.0,0.0,0.0,desktop,android,chrome
DEV_002591,4,0,0,0,0,445.71000000000004,111.42750000000001,117.935,0.01699542409491285,0.0534620709380194,4,4,1,0,0.0,0.0,0.0,1.0,1.0,0.25,0.0,desktop,windows,firefox
DEV_000570,23,0,0,0,0,2367.61,102.9395652173913,81.39,0.016985646755310935,0.2092609515336417,13,23,3,0,0.0,0.0,0.0,0.5652173913043478,1.0,0.13043478260869565,0.0,desktop,android,chrome
DEV_007493,7,0,0,0,0,955.08,136.44,93.23,0.016941220517023313,0.0546301153111407,2,5,1,0,0.0,0.0,0.0,0.2857142857142857,0.7142857142857143,0.14285714285714285,0.0,mobile,macos,chrome
DEV_003315,13,0,0,0,0,405.3,31.176923076923078,33.03,0.016908731530631146,0.0866836840705047,3,10,2,13,0.0,0.0,0.0,0.23076923076923078,0.7692307692307693,0.15384615384615385,1.0,mobile,android,chrome
DEV_005353,12,0,0,0,0,2704.95,225.4125,167.18,0.01690028242226921,0.0618012388231928,7,12,1,0,0.0,0.0,0.0,0.5833333333333334,1.0,0.08333333333333333,0.0,mobile,ios,safari
DEV_005370,13,0,0,0,0,883.16,67.9353846153846,55.47,0.016890343500886383,0.0618225585423479,8,12,3,0,0.0,0.0,0.0,0.6153846153846154,0.9230769230769231,0.23076923076923078,0.0,mobile,android,safari
DEV_000020,6,0,0,0,0,778.42,129.73666666666665,112.245,0.016857849307287082,0.0851910053052028,3,6,0,0,0.0,0.0,0.0,0.5,1.0,0.0,0.0,mobile,android,edge
DEV_003479,8,0,0,0,0,834.23,104.27875,46.185,0.016837689949753373,0.1231257015543065,2,8,0,0,0.0,0.0,0.0,0.25,1.0,0.0,0.0,desktop,macos,edge
DEV_005191,18,0,0,0,0,2002.71,111.26166666666667,55.555,0.016820784119940965,0.1654517219656922,6,18,0,18,0.0,0.0,0.0,0.3333333333333333,1.0,0.0,1.0,mobile,windows,chrome
DEV_001107,5,0,0,0,0,383.03000000000003,76.60600000000001,49.63,0.016820407339913558,0.0802747907983544,1,5,0,0,0.0,0.0,0.0,0.2,1.0,0.0,0.0,mobile,android,safari
DEV_004125,7,0,0,0,0,977.63,139.66142857142856,61.0,0.01679130984317224,0.0447309498652071,5,7,0,7,0.0,0.0,0.0,0.7142857142857143,1.0,0.0,1.0,mobile,android,chrome
DEV_006603,18,0,0,0,0,1007.8199999999999,55.989999999999995,24.945,0.016762569777604243,0.2144640896098677,10,17,3,0,0.0,0.0,0.0,0.5555555555555556,0.9444444444444444,0.16666666666666666,0.0,mobile,windows,chrome
DEV_001657,23,0,0,0,0,2634.04,114.52347826086957,64.59,0.0167406668082834,0.2133247252413278,5,20,3,0,0.0,0.0,0.0,0.21739130434782608,0.8695652173913043,0.13043478260869565,0.0,desktop,macos,edge
DEV_000031,11,0,0,0,0,1659.8000000000002,150.8909090909091,58.57,0.01672838361768501,0.1359222820673503,3,11,2,0,0.0,0.0,0.0,0.2727272727272727,1.0,0.18181818181818182,0.0,desktop,windows,chrome
DEV_005379,4,0,0,0,0,415.15999999999997,103.78999999999999,84.0,0.01670190505511775,0.0262120924807613,1,4,0,0,0.0,0.0,0.0,0.25,1.0,0.0,0.0,mobile,android,firefox
DEV_001925,5,0,0,0,0,662.7,132.54000000000002,117.92,0.01669997684814725,0.066512330617658,1,5,0,0,0.0,0.0,0.0,0.2,1.0,0.0,0.0,desktop,windows,firefox
DEV_002410,6,0,0,0,0,476.24,79.37333333333333,22.854999999999997,0.016670427537968116,0.0971023175238612,3,6,0,0,0.0,0.0,0.0,0.5,1.0,0.0,0.0,desktop,windows,edge
DEV_004258,5,0,0,0,0,299.09000000000003,59.818000000000005,40.62,0.016666840526074662,0.0756181429552015,2,3,0,0,0.0,0.0,0.0,0.4,0.6,0.0,0.0,mobile,android,chrome
DEV_003714,4,0,0,0,0,366.71999999999997,91.67999999999999,97.08500000000001,0.016612603757820477,0.0540969900037865,0,4,0,0,0.0,0.0,0.0,0.0,1.0,0.0,0.0,mobile,ios,edge
DEV_006190,11,0,0,0,0,2515.91,228.7190909090909,91.98,0.016594421110199785,0.1650860138754495,8,11,2,0,0.0,0.0,0.0,0.7272727272727273,1.0,0.18181818181818182,0.0,mobile,ios,firefox
DEV_004250,11,0,0,0,0,1370.18,124.56181818181818,115.66,0.016592643835045037,0.1171200584818564,5,11,2,0,0.0,0.0,0.0,0.45454545454545453,1.0,0.18181818181818182,0.0,mobile,ios,chrome
DEV_006241,22,0,0,0,0,2303.46,104.70272727272727,98.19,0.01658025827458112,0.0995601442917532,7,21,2,0,0.0,0.0,0.0,0.3181818181818182,0.9545454545454546,0.09090909090909091,0.0,mobile,macos,safari
DEV_000616,9,0,0,0,0,924.9300000000001,102.77000000000001,34.1,0.016519158045554188,0.070600329305061,4,5,1,0,0.0,0.0,0.0,0.4444444444444444,0.5555555555555556,0.1111111111111111,0.0,mobile,android,edge
DEV_002997,5,0,0,0,0,246.1,49.22,25.83,0.016512291836517933,0.0783823158968693,3,5,0,0,0.0,0.0,0.0,0.6,1.0,0.0,0.0,desktop,android,safari
DEV_000963,10,0,0,0,0,1433.96,143.39600000000002,111.34,0.016504744503467943,0.0432928342039706,5,7,3,0,0.0,0.0,0.0,0.5,0.7,0.3,0.0,desktop,ios,chrome
DEV_003000,5,0,0,0,0,407.37,81.474,68.24,0.01649833704060954,0.0387508244583952,0,5,1,0,0.0,0.0,0.0,0.0,1.0,0.2,0.0,mobile,macos,firefox
DEV_001616,6,0,0,0,0,221.63,36.93833333333333,26.58,0.016478184468900182,0.05634918271399,5,6,0,0,0.0,0.0,0.0,0.8333333333333334,1.0,0.0,0.0,tablet,windows,edge
DEV_003922,4,0,0,0,0,432.14,108.035,84.64,0.016432831579607475,0.0371621869816791,1,4,0,0,0.0,0.0,0.0,0.25,1.0,0.0,0.0,desktop,ios,chrome
DEV_002512,5,0,0,0,0,370.32,74.064,48.64,0.016425261604397178,0.0749934223231062,0,5,1,0,0.0,0.0,0.0,0.0,1.0,0.2,0.0,tablet,macos,safari
DEV_006563,14,0,0,0,0,623.32,44.52285714285715,39.725,0.01642477598157821,0.1349771853542592,7,14,3,0,0.0,0.0,0.0,0.5,1.0,0.21428571428571427,0.0,mobile,android,chrome
DEV_004627,3,0,0,0,0,464.76,154.92,83.91,0.016424106022016768,0.0257031958073877,3,3,0,0,0.0,0.0,0.0,1.0,1.0,0.0,0.0,mobile,android,chrome
DEV_006641,4,0,0,0,0,587.13,146.7825,105.655,0.016390179213575624,0.0354838792871953,3,4,0,0,0.0,0.0,0.0,0.75,1.0,0.0,0.0,mobile,ios,chrome
DEV_001866,3,0,0,0,0,247.37,82.45666666666666,65.6,0.016380861889911735,0.0399620338669357,2,3,0,3,0.0,0.0,0.0,0.6666666666666666,1.0,0.0,1.0,desktop,ios,edge
DEV_005494,5,0,0,0,0,691.0699999999999,138.214,72.57,0.01637417995468144,0.0438650481085156,2,5,1,0,0.0,0.0,0.0,0.4,1.0,0.2,0.0,mobile,ios,chrome
DEV_003152,3,0,0,0,0,721.39,240.46333333333334,64.93,0.016349239075031132,0.0480177222988639,1,2,0,3,0.0,0.0,0.0,0.3333333333333333,0.6666666666666666,0.0,1.0,mobile,windows,safari
DEV_004537,9,0,0,0,0,889.88,98.87555555555555,76.2,0.01634897874056408,0.0561544116591597,3,6,0,0,0.0,0.0,0.0,0.3333333333333333,0.6666666666666666,0.0,0.0,desktop,android,safari
DEV_003797,3,0,0,0,0,271.26,90.42,100.38,0.0163088200321488,0.0471481759086874,1,2,1,0,0.0,0.0,0.0,0.3333333333333333,0.6666666666666666,0.3333333333333333,0.0,mobile,macos,firefox
DEV_002096,7,0,0,0,0,945.46,135.06571428571428,37.03,0.01624233426213074,0.0646017212309779,3,7,0,0,0.0,0.0,0.0,0.42857142857142855,1.0,0.0,0.0,desktop,ios,chrome
DEV_003156,26,0,0,0,0,2684.71,103.25807692307693,75.88499999999999,0.01624137624998424,0.1749691032288894,15,24,1,0,0.0,0.0,0.0,0.5769230769230769,0.9230769230769231,0.038461538461538464,0.0,mobile,windows,chrome
DEV_005519,5,0,0,0,0,714.77,142.954,56.57,0.0162350600938747,0.0789294449807539,1,5,1,5,0.0,0.0,0.0,0.2,1.0,0.2,1.0,mobile,windows,chrome
DEV_004177,6,0,0,0,0,363.45000000000005,60.57500000000001,32.465,0.016224242268312098,0.0954113451060058,2,6,3,6,0.0,0.0,0.0,0.3333333333333333,1.0,0.5,1.0,tablet,windows,chrome
DEV_007372,3,0,0,0,0,780.1700000000001,260.0566666666667,64.18,0.0162087016810771,0.025983505090147,2,3,1,0,0.0,0.0,0.0,0.6666666666666666,1.0,0.3333333333333333,0.0,mobile,ios,safari
DEV_007970,3,0,0,0,0,520.97,173.65666666666667,54.2,0.016202234624182733,0.0457331626192988,2,3,1,0,0.0,0.0,0.0,0.6666666666666666,1.0,0.3333333333333333,0.0,mobile,windows,firefox
DEV_007892,9,0,0,0,0,1409.99,156.66555555555556,98.47,0.01614306215116738,0.0999701821778686,5,9,2,9,0.0,0.0,0.0,0.5555555555555556,1.0,0.2222222222222222,1.0,desktop,windows,chrome
DEV_000988,10,0,0,0,0,1090.54,109.054,41.675000000000004,0.016132954516638563,0.123796650492152,3,6,2,0,0.0,0.0,0.0,0.3,0.6,0.2,0.0,mobile,windows,chrome
DEV_004238,8,0,0,0,0,524.3,65.5375,46.65,0.016113881364482923,0.094411285679015,5,7,1,0,0.0,0.0,0.0,0.625,0.875,0.125,0.0,desktop,ios,chrome
DEV_005467,6,0,0,0,0,462.40999999999997,77.06833333333333,78.04499999999999,0.016109657196438025,0.0721767916345364,2,5,1,0,0.0,0.0,0.0,0.3333333333333333,0.8333333333333334,0.16666666666666666,0.0,mobile,android,chrome
DEV_002967,11,0,0,0,0,616.17,56.01545454545454,31.21,0.016097284444562855,0.1429848889023535,4,11,2,11,0.0,0.0,0.0,0.36363636363636365,1.0,0.18181818181818182,1.0,mobile,windows,safari
DEV_006385,5,0,0,0,0,349.37,69.874,38.55,0.01608029177293896,0.0415321000911215,1,5,2,0,0.0,0.0,0.0,0.2,1.0,0.4,0.0,mobile,macos,chrome
DEV_006442,12,0,0,0,0,1071.69,89.3075,98.91499999999999,0.01607188128040628,0.1402083314714143,7,10,3,0,0.0,0.0,0.0,0.5833333333333334,0.8333333333333334,0.25,0.0,desktop,ios,chrome
DEV_003243,6,0,0,0,0,447.16,74.52666666666667,53.45,0.01607072549224305,0.0637047527787715,4,6,0,0,0.0,0.0,0.0,0.6666666666666666,1.0,0.0,0.0,desktop,ios,chrome
DEV_006778,3,0,0,0,0,116.86,38.95333333333333,39.25,0.01606292870014253,0.0472703907092951,1,2,0,3,0.0,0.0,0.0,0.3333333333333333,0.6666666666666666,0.0,1.0,mobile,android,chrome
DEV_002070,8,0,0,0,0,1474.51,184.31375,128.655,0.01604412514313695,0.1016910447588053,6,8,2,0,0.0,0.0,0.0,0.75,1.0,0.25,0.0,desktop,ios,chrome
DEV_000099,11,0,0,0,0,583.38,53.03454545454545,38.17,0.016039454033044007,0.1495468082626669,5,9,4,0,0.0,0.0,0.0,0.45454545454545453,0.8181818181818182,0.36363636363636365,0.0,mobile,ios,firefox
DEV_002664,6,0,0,0,0,1290.46,215.07666666666668,201.86,0.016022795435463946,0.0416177474409436,3,6,1,0,0.0,0.0,0.0,0.5,1.0,0.16666666666666666,0.0,mobile,ios,chrome
DEV_000686,7,0,0,0,0,1469.12,209.8742857142857,197.91,0.016004846184530113,0.0375938105984885,1,4,1,7,0.0,0.0,0.0,0.14285714285714285,0.5714285714285714,0.14285714285714285,1.0,mobile,android,safari
DEV_007057,3,0,0,0,0,163.29,54.43,42.75,0.01599660247605113,0.0475529355927899,2,2,0,0,0.0,0.0,0.0,0.6666666666666666,0.6666666666666666,0.0,0.0,desktop,ios,edge
DEV_002970,5,0,0,0,0,614.94,122.98800000000001,70.6,0.015982979591707018,0.0471629442151485,3,5,0,0,0.0,0.0,0.0,0.6,1.0,0.0,0.0,mobile,macos,safari
DEV_000308,10,0,0,0,0,1867.6399999999999,186.76399999999998,69.815,0.01598144966967045,0.0684241017521312,5,9,2,0,0.0,0.0,0.0,0.5,0.9,0.2,0.0,desktop,windows,chrome
DEV_007357,5,0,0,0,0,592.04,118.40799999999999,70.42,0.01598049615694172,0.0773904098835159,3,5,0,5,0.0,0.0,0.0,0.6,1.0,0.0,1.0,mobile,android,firefox
DEV_003782,8,0,0,0,0,654.33,81.79125,81.675,0.015970933166502808,0.1199817339168859,6,8,1,0,0.0,0.0,0.0,0.75,1.0,0.125,0.0,mobile,macos,chrome
DEV_004278,7,0,0,0,0,2474.11,353.44428571428574,236.78,0.0159587467345568,0.0598065439060314,3,7,0,0,0.0,0.0,0.0,0.42857142857142855,1.0,0.0,0.0,desktop,ios,safari
DEV_000605,10,0,0,0,0,1357.6,135.76,101.89,0.015936346809215775,0.1362128404118449,4,9,1,0,0.0,0.0,0.0,0.4,0.9,0.1,0.0,mobile,windows,chrome
DEV_001870,8,0,0,0,0,560.16,70.02,40.735,0.015918838807887387,0.1043887031182413,6,8,0,0,0.0,0.0,0.0,0.75,1.0,0.0,0.0,mobile,android,firefox
DEV_000874,3,0,0,0,0,257.18,85.72666666666667,119.28,0.01588976322492371,0.0448142796148091,3,3,0,0,0.0,0.0,0.0,1.0,1.0,0.0,0.0,desktop,windows,edge
DEV_007288,9,0,0,0,0,1072.08,119.11999999999999,69.23,0.01585911489618132,0.0821924081261671,3,7,2,0,0.0,0.0,0.0,0.3333333333333333,0.7777777777777778,0.2222222222222222,0.0,mobile,ios,safari
DEV_006244,10,0,0,0,0,769.25,76.925,38.30500000000001,0.01583706083910694,0.0730408678986777,4,9,0,10,0.0,0.0,0.0,0.4,0.9,0.0,1.0,mobile,macos,firefox
DEV_000871,13,0,0,0,0,2098.12,161.39384615384614,106.63,0.01583562295300473,0.1391759992417093,5,13,1,0,0.0,0.0,0.0,0.38461538461538464,1.0,0.07692307692307693,0.0,mobile,android,safari
DEV_004348,7,0,0,0,0,616.35,88.05,52.96,0.015825897864657514,0.055261026862082,2,3,1,7,0.0,0.0,0.0,0.2857142857142857,0.42857142857142855,0.14285714285714285,1.0,mobile,android,firefox
DEV_005236,11,0,0,0,0,1429.02,129.9109090909091,51.17,0.01581079321109442,0.1505824707408366,3,6,3,0,0.0,0.0,0.0,0.2727272727272727,0.5454545454545454,0.2727272727272727,0.0,mobile,android,safari
DEV_002263,19,0,0,0,0,1047.95,55.15526315789474,50.97,0.01580051590493251,0.145966096281306,7,18,3,0,0.0,0.0,0.0,0.3684210526315789,0.9473684210526315,0.15789473684210525,0.0,mobile,macos,safari
DEV_001502,3,0,0,0,0,93.48,31.16,30.28,0.015798030005538533,0.0415463657839896,1,3,2,3,0.0,0.0,0.0,0.3333333333333333,1.0,0.6666666666666666,1.0,desktop,windows,edge
DEV_004765,6,0,0,0,0,478.63,79.77166666666666,85.13499999999999,0.015793902748082567,0.0424846147493385,3,5,2,0,0.0,0.0,0.0,0.5,0.8333333333333334,0.3333333333333333,0.0,desktop,android,safari
DEV_003750,6,0,0,0,0,310.61,51.76833333333334,48.144999999999996,0.015792993947270132,0.0564739268729543,1,6,1,6,0.0,0.0,0.0,0.16666666666666666,1.0,0.16666666666666666,1.0,mobile,android,chrome
DEV_003971,10,0,0,0,0,912.8299999999999,91.28299999999999,63.525000000000006,0.01578267143974139,0.0690848831570313,6,10,0,10,0.0,0.0,0.0,0.6,1.0,0.0,1.0,desktop,linux,edge
DEV_004748,14,0,0,0,0,1597.1100000000001,114.07928571428572,80.46000000000001,0.015750152941475266,0.0875362473343305,6,14,0,0,0.0,0.0,0.0,0.42857142857142855,1.0,0.0,0.0,desktop,windows,safari
DEV_000235,11,0,0,0,0,733.83,66.71181818181819,32.55,0.015735985204952455,0.1193107376107487,3,8,0,0,0.0,0.0,0.0,0.2727272727272727,0.7272727272727273,0.0,0.0,mobile,android,chrome
DEV_001844,5,0,0,0,0,861.0199999999999,172.20399999999998,79.5,0.01573302331372858,0.0428303149521722,1,5,0,5,0.0,0.0,0.0,0.2,1.0,0.0,1.0,mobile,windows,edge
DEV_004364,16,0,0,0,0,2558.2400000000002,159.89000000000001,102.26,0.01572216770232013,0.0609802446000101,11,16,0,0,0.0,0.0,0.0,0.6875,1.0,0.0,0.0,desktop,ios,firefox
DEV_000982,5,0,0,0,0,993.29,198.658,142.02,0.01566532998834354,0.045590729199732,3,5,1,0,0.0,0.0,0.0,0.6,1.0,0.2,0.0,mobile,macos,chrome
DEV_001776,21,0,0,0,0,2222.81,105.84809523809524,40.36,0.015658169628509837,0.164052003702855,6,20,1,0,0.0,0.0,0.0,0.2857142857142857,0.9523809523809523,0.047619047619047616,0.0,mobile,windows,edge
DEV_007337,10,0,0,0,0,1052.21,105.221,58.675,0.01564234635816473,0.1075947039646217,4,6,2,0,0.0,0.0,0.0,0.4,0.6,0.2,0.0,mobile,windows,safari
DEV_002277,11,0,0,0,0,1797.68,163.42545454545456,128.0,0.015640275078050245,0.1201906123829721,4,11,3,0,0.0,0.0,0.0,0.36363636363636365,1.0,0.2727272727272727,0.0,mobile,ios,safari
DEV_002327,16,0,0,0,0,787.45,49.215625,31.869999999999997,0.015610833070054219,0.2055405814583044,4,12,1,0,0.0,0.0,0.0,0.25,0.75,0.0625,0.0,desktop,android,safari
DEV_006013,4,0,0,0,0,266.95,66.7375,64.0,0.015603618702613349,0.0434612315178455,2,3,0,0,0.0,0.0,0.0,0.5,0.75,0.0,0.0,mobile,windows,chrome
DEV_007531,3,0,0,0,0,126.13,42.04333333333333,33.79,0.015571063352344332,0.036959764747702,2,3,0,3,0.0,0.0,0.0,0.6666666666666666,1.0,0.0,1.0,desktop,ios,safari
DEV_004829,4,0,0,0,0,327.90000000000003,81.97500000000001,82.385,0.01554761119802005,0.0602256096624689,3,3,0,0,0.0,0.0,0.0,0.75,0.75,0.0,0.0,mobile,macos,edge
DEV_001357,4,0,0,0,0,308.53999999999996,77.13499999999999,57.405,0.0154616953382122,0.0593537587958491,2,4,0,0,0.0,0.0,0.0,0.5,1.0,0.0,0.0,desktop,android,firefox
DEV_000309,4,0,0,0,0,287.54,71.885,34.69,0.015456241849361575,0.0607165829721417,3,3,0,0,0.0,0.0,0.0,0.75,0.75,0.0,0.0,mobile,ios,edge
DEV_004420,9,0,0,0,0,893.25,99.25,65.06,0.01543714027957547,0.0492021825627529,3,9,0,0,0.0,0.0,0.0,0.3333333333333333,1.0,0.0,0.0,desktop,ios,edge
DEV_004944,5,0,0,0,0,582.1,116.42,51.79,0.015426528013322598,0.0384134042679742,5,5,1,0,0.0,0.0,0.0,1.0,1.0,0.2,0.0,mobile,windows,firefox
DEV_006389,6,0,0,0,0,339.76,56.626666666666665,41.445,0.0154240529022151,0.0283317547618644,3,6,0,0,0.0,0.0,0.0,0.5,1.0,0.0,0.0,desktop,ios,chrome
DEV_005582,7,0,0,0,0,935.22,133.60285714285715,123.94,0.015409530295142956,0.0885960739018896,5,7,0,0,0.0,0.0,0.0,0.7142857142857143,1.0,0.0,0.0,mobile,android,edge
DEV_006349,4,0,0,0,0,163.64000000000001,40.910000000000004,44.769999999999996,0.015378505008639024,0.0410118800207248,1,4,2,0,0.0,0.0,0.0,0.25,1.0,0.5,0.0,tablet,windows,firefox
DEV_006067,5,0,0,0,0,665.52,133.10399999999998,51.25,0.015346613329868381,0.0673770444983188,3,5,1,5,0.0,0.0,0.0,0.6,1.0,0.2,1.0,mobile,windows,chrome
DEV_001948,4,0,0,0,0,654.1400000000001,163.53500000000003,85.545,0.0153239172203031,0.0438290934959152,4,4,0,4,0.0,0.0,0.0,1.0,1.0,0.0,1.0,mobile,windows,edge
DEV_005057,8,0,0,0,0,1353.65,169.20625,95.995,0.015319518450346098,0.0986371217353542,2,8,2,0,0.0,0.0,0.0,0.25,1.0,0.25,0.0,mobile,windows,safari
DEV_001016,11,0,0,0,0,678.8,61.709090909090904,36.22,0.015316187532456343,0.1417200892224541,3,10,2,0,0.0,0.0,0.0,0.2727272727272727,0.9090909090909091,0.18181818181818182,0.0,mobile,ios,safari
DEV_002033,3,0,0,0,0,263.12,87.70666666666666,37.05,0.0153105776385783,0.0385975293304271,2,3,0,0,0.0,0.0,0.0,0.6666666666666666,1.0,0.0,0.0,mobile,macos,firefox
DEV_005592,4,0,0,0,0,1006.1600000000001,251.54000000000002,102.39500000000001,0.01528221782223585,0.0534365435073539,4,4,0,0,0.0,0.0,0.0,1.0,1.0,0.0,0.0,mobile,android,chrome
DEV_005362,9,0,0,0,0,513.94,57.104444444444454,33.98,0.01527467327556394,0.1201474375535918,6,9,0,0,0.0,0.0,0.0,0.6666666666666666,1.0,0.0,0.0,desktop,ios,edge
DEV_005892,12,0,0,0,0,1074.57,89.5475,58.61,0.015247386192652935,0.0693508090648753,5,12,2,0,0.0,0.0,0.0,0.4166666666666667,1.0,0.16666666666666666,0.0,mobile,android,firefox
DEV_007943,14,0,0,0,0,1469.01,104.92928571428571,79.9,0.0152315200975711,0.0730199179357495,5,13,0,0,0.0,0.0,0.0,0.35714285714285715,0.9285714285714286,0.0,0.0,desktop,macos,chrome
DEV_006139,8,0,0,0,0,820.89,102.61125,57.004999999999995,0.01523083052973465,0.0589996478583575,5,8,2,0,0.0,0.0,0.0,0.625,1.0,0.25,0.0,mobile,ios,chrome
DEV_004759,3,0,0,0,0,545.05,181.6833333333333,169.09,0.015188572255429201,0.0201014875757874,2,3,0,0,0.0,0.0,0.0,0.6666666666666666,1.0,0.0,0.0,mobile,macos,chrome
DEV_002318,22,0,0,0,0,2022.27,91.92136363636364,84.13499999999999,0.015175932083261469,0.1060769956199425,10,20,5,0,0.0,0.0,0.0,0.45454545454545453,0.9090909090909091,0.22727272727272727,0.0,mobile,ios,safari
DEV_003537,8,0,0,0,0,449.46,56.1825,36.35,0.015148553927459976,0.0567071357103325,4,8,1,8,0.0,0.0,0.0,0.5,1.0,0.125,1.0,mobile,ios,chrome
DEV_003456,5,0,0,0,0,467.1,93.42,106.24,0.01514116314305446,0.0412841696756847,3,5,0,0,0.0,0.0,0.0,0.6,1.0,0.0,0.0,desktop,android,edge
DEV_007182,5,0,0,0,0,177.87,35.574,31.99,0.015134601434401318,0.0666545983485459,1,5,0,5,0.0,0.0,0.0,0.2,1.0,0.0,1.0,mobile,android,chrome
DEV_001903,7,0,0,0,0,972.3,138.9,40.98,0.01513212290285709,0.0474732449159061,1,5,1,0,0.0,0.0,0.0,0.14285714285714285,0.7142857142857143,0.14285714285714285,0.0,mobile,ios,firefox
DEV_006719,3,0,0,0,0,96.72999999999999,32.24333333333333,16.9,0.015124753920187367,0.0431056209906624,1,3,0,0,0.0,0.0,0.0,0.3333333333333333,1.0,0.0,0.0,desktop,android,edge
DEV_006702,7,0,0,0,0,449.3,64.18571428571428,40.6,0.015114776261557399,0.0555347219192523,3,6,2,0,0.0,0.0,0.0,0.42857142857142855,0.8571428571428571,0.2857142857142857,0.0,mobile,macos,safari
DEV_007420,3,0,0,0,0,581.16,193.72,255.96,0.0151022599045426,0.0422422106899652,2,3,0,3,0.0,0.0,0.0,0.6666666666666666,1.0,0.0,1.0,desktop,windows,chrome
DEV_001781,5,0,0,0,0,954.01,190.802,192.14,0.01509635048034132,0.0573662074131656,2,4,0,0,0.0,0.0,0.0,0.4,0.8,0.0,0.0,desktop,android,chrome
DEV_004696,5,0,0,0,0,754.68,150.93599999999998,88.19,0.015089273467153419,0.0347632275710593,4,5,1,0,0.0,0.0,0.0,0.8,1.0,0.2,0.0,mobile,ios,chrome
DEV_006622,10,0,0,0,0,1007.5699999999999,100.75699999999999,27.950000000000003,0.015082363956371081,0.1103594727281687,3,6,0,0,0.0,0.0,0.0,0.3,0.6,0.0,0.0,mobile,android,chrome
DEV_001895,13,0,0,0,0,2422.74,186.36461538461538,110.56,0.015077392413105385,0.1159921199613777,5,12,1,0,0.0,0.0,0.0,0.38461538461538464,0.9230769230769231,0.07692307692307693,0.0,desktop,ios,chrome
DEV_000008,3,0,0,0,0,644.96,214.98666666666668,145.59,0.015071258086170802,0.0359661713861125,2,3,0,0,0.0,0.0,0.0,0.6666666666666666,1.0,0.0,0.0,desktop,android,firefox
DEV_005215,5,0,0,0,0,790.59,158.118,200.44,0.015053952817234739,0.051762827088486,1,5,0,0,0.0,0.0,0.0,0.2,1.0,0.0,0.0,mobile,windows,safari
DEV_001800,5,0,0,0,0,401.92,80.384,110.51,0.015052358203248078,0.0430175320583951,5,5,0,0,0.0,0.0,0.0,1.0,1.0,0.0,0.0,mobile,macos,firefox
DEV_004962,6,0,0,0,0,887.13,147.855,81.46,0.015027922737713417,0.0627993109195011,2,4,1,0,0.0,0.0,0.0,0.3333333333333333,0.6666666666666666,0.16666666666666666,0.0,tablet,macos,chrome
DEV_006240,16,0,0,0,0,1216.55,76.034375,72.39,0.015007730648684556,0.0742465918739923,7,11,1,0,0.0,0.0,0.0,0.4375,0.6875,0.0625,0.0,mobile,macos,firefox
DEV_003916,8,0,0,0,0,991.65,123.95625,107.185,0.015007678240509461,0.0489743262523715,6,8,2,0,0.0,0.0,0.0,0.75,1.0,0.25,0.0,desktop,ios,firefox
DEV_007788,12,0,0,0,0,1222.32,101.86,48.25,0.014999791916094652,0.1162362914875917,5,12,0,0,0.0,0.0,0.0,0.4166666666666667,1.0,0.0,0.0,mobile,windows,safari
DEV_004497,7,0,0,0,0,283.86,40.55142857142857,27.67,0.014943580505103261,0.1028945507884027,2,7,0,0,0.0,0.0,0.0,0.2857142857142857,1.0,0.0,0.0,mobile,windows,firefox
DEV_005700,7,0,0,0,0,1506.39,215.19857142857146,53.7,0.014923783092713755,0.0994686661756107,2,6,0,0,0.0,0.0,0.0,0.2857142857142857,0.8571428571428571,0.0,0.0,mobile,macos,chrome
DEV_003662,3,0,0,0,0,482.02,160.67333333333332,168.23,0.014920661880093,0.0236725426530671,3,3,1,0,0.0,0.0,0.0,1.0,1.0,0.3333333333333333,0.0,mobile,android,chrome
DEV_003912,5,0,0,0,0,562.18,112.43599999999999,44.02,0.014908915104359172,0.0740121634189796,1,5,1,0,0.0,0.0,0.0,0.2,1.0,0.2,0.0,desktop,macos,chrome
DEV_006526,7,0,0,0,0,1795.3799999999999,256.48285714285714,160.31,0.014901301147984472,0.1001519246161198,2,7,2,0,0.0,0.0,0.0,0.2857142857142857,1.0,0.2857142857142857,0.0,mobile,android,edge
DEV_005689,9,0,0,0,0,1217.51,135.2788888888889,31.72,0.014897126178579967,0.1175347522525147,3,9,2,0,0.0,0.0,0.0,0.3333333333333333,1.0,0.2222222222222222,0.0,mobile,android,edge
DEV_006394,3,0,0,0,0,243.8,81.26666666666667,83.66,0.014884660663030166,0.0265051907036663,0,2,0,3,0.0,0.0,0.0,0.0,0.6666666666666666,0.0,1.0,tablet,linux,edge
DEV_002142,3,0,0,0,0,529.27,176.42333333333332,108.58,0.014854289592399766,0.0287366075046083,3,3,1,0,0.0,0.0,0.0,1.0,1.0,0.3333333333333333,0.0,desktop,macos,safari
DEV_002863,6,0,0,0,0,550.7,91.78333333333335,63.095,0.014841589472002883,0.0767657647211015,3,6,1,6,0.0,0.0,0.0,0.5,1.0,0.16666666666666666,1.0,mobile,android,chrome
DEV_007801,5,0,0,0,0,178.12,35.624,35.55,0.014823433641466339,0.0439117435567552,1,5,0,0,0.0,0.0,0.0,0.2,1.0,0.0,0.0,mobile,ios,firefox
DEV_001415,8,0,0,0,0,664.2,83.025,81.69,0.014819197829234312,0.0547730133751749,4,7,2,0,0.0,0.0,0.0,0.5,0.875,0.25,0.0,mobile,windows,edge
DEV_006289,26,0,0,0,0,3006.13,115.62038461538462,69.215,0.014794963074004503,0.2020342629855549,8,26,6,0,0.0,0.0,0.0,0.3076923076923077,1.0,0.23076923076923078,0.0,desktop,windows,edge
DEV_001061,5,0,0,0,0,307.22,61.444,37.4,0.01478702910744672,0.0672191812865646,3,5,0,0,0.0,0.0,0.0,0.6,1.0,0.0,0.0,desktop,android,chrome
DEV_004003,17,0,0,0,0,3044.36,179.08,95.55,0.0147760922948543,0.1866813256520262,6,17,1,17,0.0,0.0,0.0,0.35294117647058826,1.0,0.058823529411764705,1.0,desktop,windows,edge
DEV_004602,3,0,0,0,0,382.33,127.44333333333333,63.62,0.014771772631229035,0.0402122560323682,0,2,0,0,0.0,0.0,0.0,0.0,0.6666666666666666,0.0,0.0,mobile,windows,chrome
DEV_007481,5,0,0,0,0,366.13,73.226,40.72,0.0147500938022216,0.0410709574097112,4,5,0,0,0.0,0.0,0.0,0.8,1.0,0.0,0.0,mobile,windows,chrome
DEV_007479,9,0,0,0,0,653.67,72.63,65.44,0.01472290176294381,0.0371556990451529,6,9,2,0,0.0,0.0,0.0,0.6666666666666666,1.0,0.2222222222222222,0.0,desktop,windows,chrome
DEV_002186,6,0,0,0,0,366.37,61.06166666666667,30.25,0.014700526801445082,0.0684017773806898,4,6,0,0,0.0,0.0,0.0,0.6666666666666666,1.0,0.0,0.0,mobile,android,safari
DEV_001841,12,0,0,0,0,347.42,28.951666666666668,21.02,0.014693448906769558,0.1686384871843383,6,10,2,12,0.0,0.0,0.0,0.5,0.8333333333333334,0.16666666666666666,1.0,mobile,android,safari
DEV_002223,15,0,0,0,0,653.28,43.552,40.39,0.014689496877727654,0.1695659618435215,5,15,1,0,0.0,0.0,0.0,0.3333333333333333,1.0,0.06666666666666667,0.0,mobile,linux,safari
DEV_002125,12,0,0,0,0,1877.58,156.465,93.255,0.014678592182964426,0.0635155546547194,6,9,1,0,0.0,0.0,0.0,0.5,0.75,0.08333333333333333,0.0,desktop,android,edge
DEV_006331,18,0,0,0,0,782.04,43.446666666666665,41.885000000000005,0.014668585465612144,0.065329957403892,8,16,2,0,0.0,0.0,0.0,0.4444444444444444,0.8888888888888888,0.1111111111111111,0.0,mobile,windows,edge
DEV_006062,4,0,0,0,0,212.10000000000002,53.025000000000006,57.660000000000004,0.014628275590025325,0.0375323639384176,2,3,0,4,0.0,0.0,0.0,0.5,0.75,0.0,1.0,mobile,android,edge
DEV_002494,3,0,0,0,0,305.11,101.70333333333333,42.37,0.014626687542275066,0.0423405764991176,2,3,1,0,0.0,0.0,0.0,0.6666666666666666,1.0,0.3333333333333333,0.0,mobile,windows,safari
DEV_004729,6,0,0,0,0,362.35,60.39166666666667,33.795,0.014563630036167717,0.0865218847323379,4,6,0,6,0.0,0.0,0.0,0.6666666666666666,1.0,0.0,1.0,mobile,android,chrome
DEV_003808,12,0,0,0,0,1209.83,100.81916666666666,44.21,0.014561232565555292,0.086202012916402,5,12,0,0,0.0,0.0,0.0,0.4166666666666667,1.0,0.0,0.0,mobile,windows,edge
DEV_006026,11,0,0,0,0,1501.8,136.52727272727273,39.2,0.0145544886766559,0.1481729460883752,5,8,0,11,0.0,0.0,0.0,0.45454545454545453,0.7272727272727273,0.0,1.0,mobile,android,chrome
DEV_006059,7,0,0,0,0,450.21000000000004,64.3157142857143,41.11,0.014536279985320985,0.0488422990396054,2,2,1,0,0.0,0.0,0.0,0.2857142857142857,0.2857142857142857,0.14285714285714285,0.0,tablet,windows,chrome
DEV_003942,4,0,0,0,0,1192.6,298.15,334.84000000000003,0.014535412699360348,0.0548701716038387,4,4,0,0,0.0,0.0,0.0,1.0,1.0,0.0,0.0,mobile,windows,safari
DEV_002372,5,0,0,0,0,423.32000000000005,84.66400000000002,50.28,0.01452403106876246,0.051894518578105,2,5,0,0,0.0,0.0,0.0,0.4,1.0,0.0,0.0,desktop,android,chrome
DEV_007983,16,0,0,0,0,2340.38,146.27375,130.685,0.014518095750386211,0.0785033285110596,12,16,0,0,0.0,0.0,0.0,0.75,1.0,0.0,0.0,mobile,android,firefox
DEV_001529,5,0,0,0,0,771.02,154.204,96.31,0.014508658165799621,0.0437275818494842,3,5,0,0,0.0,0.0,0.0,0.6,1.0,0.0,0.0,desktop,ios,chrome
DEV_006682,14,0,0,0,0,1552.94,110.92428571428572,72.5,0.014480645774757075,0.1793562883141063,11,12,0,0,0.0,0.0,0.0,0.7857142857142857,0.8571428571428571,0.0,0.0,mobile,android,chrome
DEV_003625,5,0,0,0,0,660.22,132.044,161.95,0.014461474836119578,0.0400393570444879,5,5,0,0,0.0,0.0,0.0,1.0,1.0,0.0,0.0,desktop,android,chrome
DEV_001791,10,0,0,0,0,1402.6399999999999,140.26399999999998,100.75999999999999,0.01443850985530499,0.0573875330603936,2,10,1,0,0.0,0.0,0.0,0.2,1.0,0.1,0.0,mobile,ios,safari
DEV_004896,4,0,0,0,0,423.5,105.875,113.31,0.014408721540276325,0.028444205897688,3,3,0,4,0.0,0.0,0.0,0.75,0.75,0.0,1.0,mobile,android,firefox
DEV_005707,7,0,0,0,0,741.13,105.87571428571428,101.56,0.014371988727818785,0.0570373061457134,6,7,0,7,0.0,0.0,0.0,0.8571428571428571,1.0,0.0,1.0,mobile,windows,chrome
DEV_003235,15,0,0,0,0,1032.68,68.84533333333334,42.4,0.014327178014907552,0.0777466764948198,10,15,1,0,0.0,0.0,0.0,0.6666666666666666,1.0,0.06666666666666667,0.0,mobile,windows,firefox
DEV_006427,4,0,0,0,0,237.37,59.3425,61.845,0.014320527158027684,0.0326929761488388,1,4,0,4,0.0,0.0,0.0,0.25,1.0,0.0,1.0,mobile,linux,chrome
DEV_003719,4,0,0,0,0,274.66999999999996,68.66749999999999,62.095,0.01428960586803015,0.0523418983339476,1,3,0,0,0.0,0.0,0.0,0.25,0.75,0.0,0.0,mobile,ios,chrome
DEV_004842,15,0,0,0,0,1341.29,89.41933333333333,62.4,0.01427193169291672,0.0931383675770981,6,14,1,0,0.0,0.0,0.0,0.4,0.9333333333333333,0.06666666666666667,0.0,mobile,macos,safari
DEV_003836,9,0,0,0,0,1108.76,123.19555555555556,41.15,0.014268260355529892,0.06887418268827,3,9,2,0,0.0,0.0,0.0,0.3333333333333333,1.0,0.2222222222222222,0.0,desktop,windows,firefox
DEV_000124,6,0,0,0,0,535.95,89.325,87.055,0.0142613053986059,0.0455184662059863,1,6,1,0,0.0,0.0,0.0,0.16666666666666666,1.0,0.16666666666666666,0.0,mobile,windows,chrome
DEV_004988,10,0,0,0,0,434.52,43.452,40.545,0.014261161028271675,0.0976344620061008,1,10,3,0,0.0,0.0,0.0,0.1,1.0,0.3,0.0,mobile,ios,chrome
DEV_005029,10,0,0,0,0,976.36,97.636,104.53999999999999,0.0142352636716361,0.0929096202928907,3,10,0,10,0.0,0.0,0.0,0.3,1.0,0.0,1.0,mobile,android,firefox
DEV_003827,3,0,0,0,0,1332.19,444.06333333333333,439.54,0.014224370467756334,0.0423766508960555,0,3,1,3,0.0,0.0,0.0,0.0,1.0,0.3333333333333333,1.0,desktop,windows,firefox
DEV_004427,8,0,0,0,0,229.74,28.7175,26.22,0.0142239390236932,0.0601961414537822,4,8,2,0,0.0,0.0,0.0,0.5,1.0,0.25,0.0,mobile,linux,edge
DEV_000857,13,0,0,0,0,1490.5,114.65384615384616,78.7,0.014140491309381685,0.0768465322177874,11,13,2,0,0.0,0.0,0.0,0.8461538461538461,1.0,0.15384615384615385,0.0,mobile,windows,chrome
DEV_004249,5,0,0,0,0,862.45,172.49,188.99,0.014040209279969278,0.0438426987448407,3,5,1,5,0.0,0.0,0.0,0.6,1.0,0.2,1.0,desktop,windows,chrome
DEV_002228,11,0,0,0,0,1623.89,147.62636363636364,87.68,0.014035110500423609,0.1321842285216067,8,11,1,0,0.0,0.0,0.0,0.7272727272727273,1.0,0.09090909090909091,0.0,mobile,windows,safari
DEV_001567,12,0,0,0,0,1265.43,105.4525,65.57,0.014030159549101058,0.0520151225523406,3,10,0,0,0.0,0.0,0.0,0.25,0.8333333333333334,0.0,0.0,desktop,android,chrome
DEV_000122,6,0,0,0,0,381.20000000000005,63.53333333333334,21.04,0.014029681283557268,0.0371376800066375,3,5,3,0,0.0,0.0,0.0,0.5,0.8333333333333334,0.5,0.0,desktop,android,safari
DEV_005695,3,0,0,0,0,121.01,40.336666666666666,54.14,0.014010983848200034,0.0413410848408256,0,0,0,0,0.0,0.0,0.0,0.0,0.0,0.0,0.0,mobile,macos,chrome
DEV_004255,7,0,0,0,0,734.6200000000001,104.9457142857143,30.87,0.014008988341287986,0.0501227042539071,2,7,2,0,0.0,0.0,0.0,0.2857142857142857,1.0,0.2857142857142857,0.0,mobile,android,firefox
DEV_003531,26,0,0,0,0,3619.75,139.22115384615384,99.705,0.013998638124407641,0.1309791545653867,14,23,2,0,0.0,0.0,0.0,0.5384615384615384,0.8846153846153846,0.07692307692307693,0.0,desktop,macos,edge
DEV_006934,8,0,0,0,0,1036.39,129.54875,71.96000000000001,0.0139971708252951,0.0494642662718982,2,8,1,8,0.0,0.0,0.0,0.25,1.0,0.125,1.0,mobile,ios,chrome
DEV_001171,5,0,0,0,0,345.03999999999996,69.008,31.73,0.013948963014931079,0.0429808154222723,3,5,3,0,0.0,0.0,0.0,0.6,1.0,0.6,0.0,mobile,ios,firefox
DEV_000045,4,0,0,0,0,282.46,70.615,75.94,0.0139263485236497,0.0491609472119391,3,4,0,0,0.0,0.0,0.0,0.75,1.0,0.0,0.0,mobile,windows,safari
DEV_004282,7,0,0,0,0,1049.92,149.98857142857145,83.29,0.013916725643173441,0.0399301848299763,5,7,0,0,0.0,0.0,0.0,0.7142857142857143,1.0,0.0,0.0,mobile,macos,firefox
DEV_006045,3,0,0,0,0,217.65,72.55,52.82,0.013895657166884056,0.0413776316694164,0,3,0,0,0.0,0.0,0.0,0.0,1.0,0.0,0.0,mobile,linux,chrome
DEV_006541,4,0,0,0,0,430.33,107.5825,96.145,0.01388811547043905,0.0296708108850292,3,4,0,4,0.0,0.0,0.0,0.75,1.0,0.0,1.0,mobile,ios,chrome
DEV_005040,4,0,0,0,0,470.57,117.6425,118.875,0.01385302949546465,0.0262303883240366,1,3,0,0,0.0,0.0,0.0,0.25,0.75,0.0,0.0,desktop,android,safari
DEV_005319,7,0,0,0,0,659.25,94.17857142857143,54.16,0.01384923588339738,0.0923283552151667,2,7,1,0,0.0,0.0,0.0,0.2857142857142857,1.0,0.14285714285714285,0.0,mobile,windows,chrome
DEV_004298,14,0,0,0,0,1207.57,86.255,21.66,0.013837911145671703,0.0585698751430857,8,10,0,0,0.0,0.0,0.0,0.5714285714285714,0.7142857142857143,0.0,0.0,tablet,macos,edge
DEV_006020,9,0,0,0,0,861.32,95.70222222222223,38.49,0.013816748080882678,0.0920099887671906,7,9,1,0,0.0,0.0,0.0,0.7777777777777778,1.0,0.1111111111111111,0.0,mobile,android,safari
DEV_005571,8,0,0,0,0,527.26,65.9075,62.900000000000006,0.013816024193514579,0.094080666886419,4,5,0,8,0.0,0.0,0.0,0.5,0.625,0.0,1.0,desktop,macos,chrome
DEV_006126,3,0,0,0,0,207.18000000000004,69.06000000000002,61.61,0.013786800452871976,0.0360620478019675,0,2,0,0,0.0,0.0,0.0,0.0,0.6666666666666666,0.0,0.0,desktop,ios,chrome
DEV_007891,3,0,0,0,0,205.39000000000001,68.46333333333334,27.83,0.013775411954898856,0.040991754002333,0,3,0,0,0.0,0.0,0.0,0.0,1.0,0.0,0.0,desktop,ios,chrome
DEV_006278,17,0,0,0,0,2034.55,119.67941176470588,69.85,0.013725629220429336,0.0941739841632836,9,16,2,0,0.0,0.0,0.0,0.5294117647058824,0.9411764705882353,0.11764705882352941,0.0,tablet,windows,chrome
DEV_003910,14,0,0,0,0,2116.93,151.2092857142857,89.03,0.013721833373525049,0.0957974003084013,12,14,2,0,0.0,0.0,0.0,0.8571428571428571,1.0,0.14285714285714285,0.0,desktop,windows,firefox
DEV_003311,8,0,0,0,0,635.92,79.49,31.27,0.013674900144968832,0.0781356356491387,5,7,0,8,0.0,0.0,0.0,0.625,0.875,0.0,1.0,desktop,linux,safari
DEV_006752,8,0,0,0,0,436.71999999999997,54.589999999999996,35.900000000000006,0.013664768500140775,0.1018811102016311,3,8,0,0,0.0,0.0,0.0,0.375,1.0,0.0,0.0,tablet,macos,firefox
DEV_007448,6,0,0,0,0,897.7,149.61666666666667,123.605,0.013661982311401833,0.0405954141726969,3,6,2,0,0.0,0.0,0.0,0.5,1.0,0.3333333333333333,0.0,desktop,android,chrome
DEV_006975,15,0,0,0,0,1272.19,84.81266666666667,47.13,0.013648391208213106,0.1216386827194992,1,12,4,0,0.0,0.0,0.0,0.06666666666666667,0.8,0.26666666666666666,0.0,tablet,macos,chrome
DEV_007908,23,0,0,0,0,2160.61,93.9395652173913,65.12,0.013643109320097657,0.120867727669177,16,22,2,0,0.0,0.0,0.0,0.6956521739130435,0.9565217391304348,0.08695652173913043,0.0,mobile,ios,firefox
DEV_000290,7,0,0,0,0,650.05,92.86428571428571,87.79,0.01363182201615117,0.0529861276349814,1,7,1,7,0.0,0.0,0.0,0.14285714285714285,1.0,0.14285714285714285,1.0,mobile,android,chrome
DEV_002807,8,0,0,0,0,2007.62,250.9525,253.51500000000001,0.013617202578251962,0.0722452904381703,1,3,1,0,0.0,0.0,0.0,0.125,0.375,0.125,0.0,mobile,android,chrome
DEV_000886,7,0,0,0,0,1657.3,236.75714285714284,128.11,0.013610551738282914,0.0716904291596439,3,6,1,0,0.0,0.0,0.0,0.42857142857142855,0.8571428571428571,0.14285714285714285,0.0,desktop,macos,safari
DEV_001967,11,0,0,0,0,1192.13,108.37545454545456,85.32,0.013605072329672228,0.0646422921339965,4,9,3,0,0.0,0.0,0.0,0.36363636363636365,0.8181818181818182,0.2727272727272727,0.0,desktop,windows,firefox
DEV_000520,5,0,0,0,0,333.95,66.78999999999999,69.71,0.013600324245698061,0.0645022703263981,4,5,0,0,0.0,0.0,0.0,0.8,1.0,0.0,0.0,mobile,macos,firefox
DEV_006736,9,0,0,0,0,931.78,103.5311111111111,11.87,0.01356726543932349,0.0354532777351315,1,7,0,9,0.0,0.0,0.0,0.1111111111111111,0.7777777777777778,0.0,1.0,mobile,linux,chrome
DEV_001247,4,0,0,0,0,240.21,60.0525,53.075,0.013533280819567676,0.0306219507401632,2,3,0,0,0.0,0.0,0.0,0.5,0.75,0.0,0.0,mobile,android,safari
DEV_003176,6,0,0,0,0,155.65,25.941666666666666,25.380000000000003,0.013483549363636401,0.0773846018326404,5,6,1,6,0.0,0.0,0.0,0.8333333333333334,1.0,0.16666666666666666,1.0,mobile,android,chrome
DEV_003051,3,0,0,0,0,197.43,65.81,65.35,0.013479512324296233,0.0386691400067798,0,1,1,0,0.0,0.0,0.0,0.0,0.3333333333333333,0.3333333333333333,0.0,mobile,android,chrome
DEV_001264,15,0,0,0,0,2146.9100000000003,143.12733333333335,75.45,0.013479153185352867,0.0757327261147994,9,15,2,0,0.0,0.0,0.0,0.6,1.0,0.13333333333333333,0.0,desktop,macos,chrome
DEV_007506,19,0,0,0,0,2138.11,112.5321052631579,76.3,0.013475396002948063,0.0620956258115395,10,16,2,0,0.0,0.0,0.0,0.5263157894736842,0.8421052631578947,0.10526315789473684,0.0,mobile,windows,chrome
DEV_005171,6,0,0,0,0,767.59,127.93166666666667,120.655,0.013444254129202965,0.0493495022323069,3,6,0,0,0.0,0.0,0.0,0.5,1.0,0.0,0.0,mobile,ios,chrome
DEV_007231,18,0,0,0,0,916.31,50.90611111111111,45.349999999999994,0.01343301614476624,0.1749423839403268,5,18,2,0,0.0,0.0,0.0,0.2777777777777778,1.0,0.1111111111111111,0.0,mobile,macos,safari
DEV_003658,8,0,0,0,0,944.44,118.055,108.285,0.013423937796307017,0.0499739799311383,1,8,2,0,0.0,0.0,0.0,0.125,1.0,0.25,0.0,mobile,macos,chrome
DEV_007320,10,0,0,0,0,778.82,77.882,55.709999999999994,0.013416513990437732,0.0394621228468891,5,10,1,0,0.0,0.0,0.0,0.5,1.0,0.1,0.0,mobile,ios,chrome
DEV_006495,4,0,0,0,0,199.76,49.94,43.815,0.013409907992954525,0.0238426235400661,1,1,1,4,0.0,0.0,0.0,0.25,0.25,0.25,1.0,mobile,linux,chrome
DEV_005949,13,0,0,0,0,618.77,47.597692307692306,23.1,0.0134054313832286,0.0550814593153537,4,13,1,13,0.0,0.0,0.0,0.3076923076923077,1.0,0.07692307692307693,1.0,mobile,android,chrome
DEV_004838,13,0,0,0,0,2033.01,156.38538461538462,99.47,0.0134018807386559,0.0473075096397621,6,13,1,0,0.0,0.0,0.0,0.46153846153846156,1.0,0.07692307692307693,0.0,mobile,windows,chrome
DEV_006263,7,0,0,0,0,222.42,31.774285714285714,34.15,0.013398194692466028,0.0797953183646408,2,7,0,0,0.0,0.0,0.0,0.2857142857142857,1.0,0.0,0.0,tablet,android,firefox
DEV_000343,3,0,0,0,0,72.43,24.143333333333334,21.77,0.013391663546071866,0.0348953683157731,2,2,0,3,0.0,0.0,0.0,0.6666666666666666,0.6666666666666666,0.0,1.0,mobile,windows,chrome
DEV_005932,6,0,0,0,0,378.96999999999997,63.16166666666666,47.47,0.013369289138620117,0.0412060782135856,3,6,1,0,0.0,0.0,0.0,0.5,1.0,0.16666666666666666,0.0,desktop,ios,chrome
DEV_001363,18,0,0,0,0,1497.45,83.19166666666666,53.254999999999995,0.013364483491661156,0.1089134023148089,9,17,4,0,0.0,0.0,0.0,0.5,0.9444444444444444,0.2222222222222222,0.0,desktop,android,edge
DEV_001944,3,0,0,0,0,86.38,28.793333333333333,19.8,0.013362369741299935,0.0343651875958905,3,3,1,0,0.0,0.0,0.0,1.0,1.0,0.3333333333333333,0.0,tablet,android,safari
DEV_000172,19,0,0,0,0,1866.96,98.26105263157895,75.98,0.013359062288446516,0.0615334774626883,10,16,3,0,0.0,0.0,0.0,0.5263157894736842,0.8421052631578947,0.15789473684210525,0.0,mobile,windows,safari
DEV_005669,8,0,0,0,0,395.94,49.4925,36.925,0.013357242098147436,0.0516717050460706,4,8,2,0,0.0,0.0,0.0,0.5,1.0,0.25,0.0,mobile,ios,firefox
DEV_002794,16,0,0,0,0,1198.8,74.925,50.91,0.013342704299263987,0.0826380958103568,10,15,5,0,0.0,0.0,0.0,0.625,0.9375,0.3125,0.0,mobile,windows,chrome
DEV_006395,5,0,0,0,0,490.4,98.08,91.61,0.013334047018629119,0.0288273776369165,3,4,0,0,0.0,0.0,0.0,0.6,0.8,0.0,0.0,mobile,macos,edge
DEV_000797,7,0,0,0,0,468.71000000000004,66.95857142857143,46.36,0.013304446945214057,0.0474751670054717,6,7,0,0,0.0,0.0,0.0,0.8571428571428571,1.0,0.0,0.0,desktop,ios,chrome
DEV_002903,9,0,0,0,0,517.19,57.46555555555556,45.07,0.013290991916754816,0.0455221592368057,4,9,1,0,0.0,0.0,0.0,0.4444444444444444,1.0,0.1111111111111111,0.0,desktop,android,safari
DEV_001231,20,0,0,0,0,2209.7599999999998,110.48799999999999,65.115,0.01327814768773514,0.11651704424404,9,19,2,0,0.0,0.0,0.0,0.45,0.95,0.1,0.0,mobile,android,safari
DEV_000723,12,0,0,0,0,983.3199999999999,81.94333333333333,61.295,0.013258518322944583,0.0807414138378393,5,7,3,0,0.0,0.0,0.0,0.4166666666666667,0.5833333333333334,0.25,0.0,mobile,ios,edge
DEV_001249,20,0,0,0,0,1180.26,59.013,44.599999999999994,0.013241500072811385,0.1337570926056865,9,9,1,0,0.0,0.0,0.0,0.45,0.45,0.05,0.0,mobile,android,safari
DEV_003438,4,0,0,0,0,102.14,25.535,24.634999999999998,0.0132410413229933,0.0449050644014981,1,4,1,4,0.0,0.0,0.0,0.25,1.0,0.25,1.0,mobile,macos,chrome
DEV_003276,15,0,0,0,0,768.19,51.21266666666667,36.99,0.013236262505174106,0.1005105506062254,7,15,2,15,0.0,0.0,0.0,0.4666666666666667,1.0,0.13333333333333333,1.0,mobile,ios,edge
DEV_000689,7,0,0,0,0,314.92,44.98857142857143,40.14,0.0132053366450715,0.0784261935470012,6,7,1,0,0.0,0.0,0.0,0.8571428571428571,1.0,0.14285714285714285,0.0,mobile,ios,edge
DEV_005310,8,0,0,0,0,1571.04,196.38,113.555,0.013192221707842311,0.1021686593265975,4,6,0,0,0.0,0.0,0.0,0.5,0.75,0.0,0.0,mobile,android,safari
DEV_004812,8,0,0,0,0,678.8,84.85,68.95,0.013190203716077913,0.0911763635899101,4,8,0,0,0.0,0.0,0.0,0.5,1.0,0.0,0.0,mobile,android,chrome
DEV_002286,3,0,0,0,0,653.56,217.85333333333332,249.6,0.0131779050572461,0.0380309472069638,2,3,1,0,0.0,0.0,0.0,0.6666666666666666,1.0,0.3333333333333333,0.0,desktop,windows,safari
DEV_007007,13,0,0,0,0,1871.25,143.94230769230768,107.11,0.013175093513913914,0.0415409146133393,4,13,0,0,0.0,0.0,0.0,0.3076923076923077,1.0,0.0,0.0,mobile,windows,chrome
DEV_004337,16,0,0,0,0,3332.53,208.283125,148.7,0.013127981462517157,0.1043869659834544,6,8,2,0,0.0,0.0,0.0,0.375,0.5,0.125,0.0,mobile,ios,edge
DEV_006969,4,0,0,0,0,284.86,71.215,55.540000000000006,0.013127798709755825,0.0519292099668811,2,3,0,0,0.0,0.0,0.0,0.5,0.75,0.0,0.0,mobile,macos,edge
DEV_000078,7,0,0,0,0,468.11,66.87285714285714,74.25,0.013113357139812442,0.0739697517121766,5,5,1,0,0.0,0.0,0.0,0.7142857142857143,0.7142857142857143,0.14285714285714285,0.0,mobile,ios,safari
DEV_000291,10,0,0,0,0,543.89,54.388999999999996,40.61,0.013091793222648468,0.1230369504757388,3,9,1,0,0.0,0.0,0.0,0.3,0.9,0.1,0.0,mobile,windows,safari
DEV_002555,3,0,0,0,0,160.08,53.36000000000001,40.24,0.013074897051361266,0.03768592727122,3,3,0,0,0.0,0.0,0.0,1.0,1.0,0.0,0.0,mobile,ios,chrome
DEV_006544,8,0,0,0,0,786.0,98.25,52.345,0.013070671951222187,0.0451431246481886,3,7,1,0,0.0,0.0,0.0,0.375,0.875,0.125,0.0,desktop,windows,chrome
DEV_003241,4,0,0,0,0,724.98,181.245,195.19,0.013062436295608775,0.0501737295067223,3,4,1,4,0.0,0.0,0.0,0.75,1.0,0.25,1.0,desktop,windows,firefox
DEV_005280,9,0,0,0,0,742.59,82.51,38.13,0.013050946059302498,0.0517075939627481,1,9,0,9,0.0,0.0,0.0,0.1111111111111111,1.0,0.0,1.0,mobile,android,safari
DEV_001119,14,0,0,0,0,2644.12,188.8657142857143,133.3,0.013004128596046735,0.1517068617031282,5,14,1,0,0.0,0.0,0.0,0.35714285714285715,1.0,0.07142857142857142,0.0,mobile,macos,safari
DEV_002119,6,0,0,0,0,586.01,97.66833333333334,61.3,0.012994046859790132,0.0521171603615533,5,6,3,0,0.0,0.0,0.0,0.8333333333333334,1.0,0.5,0.0,desktop,android,safari
DEV_003952,3,0,0,0,0,1118.88,372.96000000000004,402.25,0.012993955813246234,0.0334864859719881,2,3,1,0,0.0,0.0,0.0,0.6666666666666666,1.0,0.3333333333333333,0.0,mobile,ios,chrome
DEV_007147,3,0,0,0,0,699.35,233.11666666666667,125.03,0.012983274290471032,0.0275363740716232,1,3,0,3,0.0,0.0,0.0,0.3333333333333333,1.0,0.0,1.0,mobile,windows,chrome
DEV_000711,8,0,0,0,0,426.47,53.30875,43.4,0.012924782003372437,0.0746923732541199,6,8,1,0,0.0,0.0,0.0,0.75,1.0,0.125,0.0,desktop,windows,chrome
DEV_007352,10,0,0,0,0,604.89,60.489,54.545,0.01290071076558293,0.0603713925764059,6,8,0,0,0.0,0.0,0.0,0.6,0.8,0.0,0.0,desktop,android,chrome
DEV_007551,3,0,0,0,0,368.78,122.92666666666666,82.98,0.012896385636882368,0.0201399400358645,0,3,0,0,0.0,0.0,0.0,0.0,1.0,0.0,0.0,mobile,windows,chrome
DEV_007059,10,0,0,0,0,1470.19,147.019,102.465,0.01284472629865368,0.0351625803967348,2,10,0,0,0.0,0.0,0.0,0.2,1.0,0.0,0.0,mobile,macos,safari
DEV_002031,6,0,0,0,0,1620.15,270.02500000000003,141.19,0.012841189317653585,0.0589500085530363,1,5,1,6,0.0,0.0,0.0,0.16666666666666666,0.8333333333333334,0.16666666666666666,1.0,mobile,android,edge
DEV_001539,3,0,0,0,0,404.25,134.75,121.73,0.012836440204431499,0.0260018758993766,1,3,0,3,0.0,0.0,0.0,0.3333333333333333,1.0,0.0,1.0,desktop,windows,firefox
DEV_001434,5,0,0,0,0,661.96,132.392,116.84,0.012834557540212298,0.0380086979410715,2,5,0,0,0.0,0.0,0.0,0.4,1.0,0.0,0.0,desktop,android,firefox
DEV_005854,3,0,0,0,0,439.79,146.59666666666666,92.55,0.012830692707048898,0.0360704764572002,1,3,0,0,0.0,0.0,0.0,0.3333333333333333,1.0,0.0,0.0,mobile,macos,chrome
DEV_003021,4,0,0,0,0,266.66999999999996,66.66749999999999,65.97999999999999,0.01282043563158835,0.0409015146017337,3,4,0,0,0.0,0.0,0.0,0.75,1.0,0.0,0.0,mobile,android,chrome
DEV_001320,4,0,0,0,0,209.99,52.4975,56.135,0.0128125451731787,0.0331026213661788,3,4,1,0,0.0,0.0,0.0,0.75,1.0,0.25,0.0,desktop,ios,chrome
DEV_004356,6,0,0,0,0,595.67,99.27833333333332,93.63,0.012807132274611768,0.0565222594303248,6,6,2,6,0.0,0.0,0.0,1.0,1.0,0.3333333333333333,1.0,mobile,windows,edge
DEV_004479,15,0,0,0,0,1490.45,99.36333333333333,73.84,0.01280366863190404,0.1560548224811232,4,15,3,15,0.0,0.0,0.0,0.26666666666666666,1.0,0.2,1.0,mobile,android,chrome
DEV_001267,4,0,0,0,0,209.61,52.4025,26.345,0.012779812249639675,0.0418298841592756,1,4,0,0,0.0,0.0,0.0,0.25,1.0,0.0,0.0,mobile,android,safari
DEV_004241,5,0,0,0,0,2159.36,431.872,258.13,0.012744805712416318,0.047884522921241,2,2,0,5,0.0,0.0,0.0,0.4,0.4,0.0,1.0,mobile,macos,chrome
DEV_001880,4,0,0,0,0,225.39000000000001,56.347500000000004,30.924999999999997,0.012735541007417474,0.0279505892678014,3,4,0,4,0.0,0.0,0.0,0.75,1.0,0.0,1.0,mobile,android,chrome
DEV_004767,6,0,0,0,0,806.78,134.46333333333334,85.64,0.01272681917802021,0.0551654905783479,3,4,0,0,0.0,0.0,0.0,0.5,0.6666666666666666,0.0,0.0,mobile,linux,edge
DEV_005894,10,0,0,0,0,588.66,58.866,21.515,0.012715734863490582,0.0724837988443333,3,10,2,0,0.0,0.0,0.0,0.3,1.0,0.2,0.0,mobile,ios,chrome
DEV_007862,5,0,0,0,0,614.34,122.86800000000001,118.89,0.01269435633027748,0.027150986779557,2,5,1,0,0.0,0.0,0.0,0.4,1.0,0.2,0.0,mobile,android,firefox
DEV_000552,10,0,0,0,0,1741.8600000000001,174.186,179.07999999999998,0.012688492035478,0.0469703675902266,4,7,1,0,0.0,0.0,0.0,0.4,0.7,0.1,0.0,desktop,ios,firefox
DEV_005369,9,0,0,0,0,640.37,71.15222222222222,61.83,0.01265757374881784,0.0772574832710517,2,9,1,0,0.0,0.0,0.0,0.2222222222222222,1.0,0.1111111111111111,0.0,desktop,android,chrome
DEV_000741,4,0,0,0,0,844.0,211.0,178.45999999999998,0.012638548318462051,0.0340615685048595,1,4,0,0,0.0,0.0,0.0,0.25,1.0,0.0,0.0,mobile,android,safari
DEV_005929,8,0,0,0,0,615.47,76.93375,45.885000000000005,0.012632912361636063,0.092459909375931,5,8,3,0,0.0,0.0,0.0,0.625,1.0,0.375,0.0,desktop,ios,edge
DEV_003109,4,0,0,0,0,593.88,148.47,91.07,0.01259539720463545,0.0288592610147857,2,4,0,0,0.0,0.0,0.0,0.5,1.0,0.0,0.0,mobile,android,edge
DEV_002963,3,0,0,0,0,357.73,119.24333333333334,131.44,0.0125940569975627,0.0359399244587369,1,1,0,0,0.0,0.0,0.0,0.3333333333333333,0.3333333333333333,0.0,0.0,mobile,windows,chrome
DEV_000265,20,0,0,0,0,2032.8600000000001,101.643,65.38499999999999,0.012565543169456217,0.1101378252168382,13,16,4,0,0.0,0.0,0.0,0.65,0.8,0.2,0.0,mobile,android,chrome
DEV_003784,9,0,0,0,0,572.42,63.60222222222222,48.76,0.012544353670208033,0.0492650064598154,3,8,1,0,0.0,0.0,0.0,0.3333333333333333,0.8888888888888888,0.1111111111111111,0.0,mobile,android,safari
DEV_000989,9,0,0,0,0,651.28,72.36444444444444,45.76,0.01253091549297276,0.0571434807324781,6,9,0,0,0.0,0.0,0.0,0.6666666666666666,1.0,0.0,0.0,tablet,android,edge
DEV_002635,7,0,0,0,0,482.52000000000004,68.93142857142858,36.61,0.012521549869646672,0.0741231195333164,3,6,2,0,0.0,0.0,0.0,0.42857142857142855,0.8571428571428571,0.2857142857142857,0.0,mobile,ios,chrome
DEV_007926,11,0,0,0,0,447.04,40.64,17.48,0.012517911689176936,0.0512677561294154,4,10,2,0,0.0,0.0,0.0,0.36363636363636365,0.9090909090909091,0.18181818181818182,0.0,mobile,windows,chrome
DEV_004201,14,0,0,0,0,866.07,61.862142857142864,26.935000000000002,0.012472776708634392,0.1242948447419642,3,14,1,0,0.0,0.0,0.0,0.21428571428571427,1.0,0.07142857142857142,0.0,mobile,ios,chrome
DEV_005701,8,0,0,0,0,1256.48,157.06,162.55,0.012466159259658525,0.0443788886902969,3,7,2,0,0.0,0.0,0.0,0.375,0.875,0.25,0.0,mobile,ios,edge
DEV_004244,10,0,0,0,0,1494.1,149.41,129.555,0.01246372257850717,0.0577960677835706,6,9,1,0,0.0,0.0,0.0,0.6,0.9,0.1,0.0,desktop,android,chrome
DEV_006208,3,0,0,0,0,258.52,86.17333333333333,101.89,0.012441999188736133,0.0356329613703327,1,3,0,0,0.0,0.0,0.0,0.3333333333333333,1.0,0.0,0.0,mobile,android,safari
DEV_002378,4,0,0,0,0,370.54,92.635,80.965,0.012434447209958819,0.0457979624085893,2,2,0,0,0.0,0.0,0.0,0.5,0.5,0.0,0.0,mobile,macos,chrome
DEV_002099,13,0,0,0,0,1220.76,93.90461538461538,103.58,0.012431184564843187,0.0866530390204187,6,13,4,0,0.0,0.0,0.0,0.46153846153846156,1.0,0.3076923076923077,0.0,mobile,windows,chrome
DEV_005432,13,0,0,0,0,1001.36,77.0276923076923,63.82,0.012418083201293922,0.1226007571352588,12,13,5,0,0.0,0.0,0.0,0.9230769230769231,1.0,0.38461538461538464,0.0,tablet,windows,chrome
DEV_000193,3,0,0,0,0,117.67,39.223333333333336,42.69,0.012414659816717034,0.0210787952807143,1,1,1,3,0.0,0.0,0.0,0.3333333333333333,0.3333333333333333,0.3333333333333333,1.0,mobile,windows,chrome
DEV_004995,4,0,0,0,0,188.25,47.0625,38.900000000000006,0.012403177696311324,0.0409290540908751,3,4,2,0,0.0,0.0,0.0,0.75,1.0,0.5,0.0,mobile,macos,chrome
DEV_000268,8,0,0,0,0,1034.48,129.31,64.105,0.012400847520124474,0.0865547483441512,5,7,0,0,0.0,0.0,0.0,0.625,0.875,0.0,0.0,desktop,ios,safari
DEV_003616,4,0,0,0,0,426.88,106.72,95.375,0.012390491149875137,0.0234509837863152,2,4,0,0,0.0,0.0,0.0,0.5,1.0,0.0,0.0,mobile,macos,chrome
DEV_005875,14,0,0,0,0,1242.07,88.7192857142857,57.315,0.012388039715452522,0.0973811623543652,7,14,1,0,0.0,0.0,0.0,0.5,1.0,0.07142857142857142,0.0,mobile,macos,safari
DEV_000148,3,0,0,0,0,689.4,229.79999999999998,317.45,0.012386454111367332,0.027944559777498,1,3,0,0,0.0,0.0,0.0,0.3333333333333333,1.0,0.0,0.0,mobile,ios,safari
DEV_005385,18,0,0,0,0,3094.79,171.93277777777777,131.76,0.012386374273985886,0.0501024731909046,6,16,2,0,0.0,0.0,0.0,0.3333333333333333,0.8888888888888888,0.1111111111111111,0.0,desktop,windows,edge
DEV_006069,10,0,0,0,0,879.04,87.904,77.16999999999999,0.012370294727399419,0.0955414267013144,4,10,1,0,0.0,0.0,0.0,0.4,1.0,0.1,0.0,mobile,android,edge
DEV_007963,6,0,0,0,0,824.02,137.33666666666667,138.82,0.01236195930189095,0.0382771809337535,4,6,0,0,0.0,0.0,0.0,0.6666666666666666,1.0,0.0,0.0,tablet,android,firefox
DEV_000761,6,0,0,0,0,1067.96,177.99333333333334,104.67,0.0123588885212317,0.042684465235167,2,6,1,0,0.0,0.0,0.0,0.3333333333333333,1.0,0.16666666666666666,0.0,mobile,android,safari
DEV_000935,3,0,0,0,0,180.58,60.193333333333335,69.9,0.0123480436045582,0.0360512990187754,1,3,0,0,0.0,0.0,0.0,0.3333333333333333,1.0,0.0,0.0,desktop,ios,chrome
DEV_002336,5,0,0,0,0,646.79,129.358,83.53,0.01234306476823378,0.0574184336088603,4,5,1,5,0.0,0.0,0.0,0.8,1.0,0.2,1.0,mobile,ios,edge
DEV_002761,21,0,0,0,0,2320.57,110.50333333333334,75.17,0.012331868030953824,0.0523473758763787,17,21,2,0,0.0,0.0,0.0,0.8095238095238095,1.0,0.09523809523809523,0.0,mobile,ios,chrome
DEV_002255,6,0,0,0,0,410.06,68.34333333333333,32.865,0.012319682713855246,0.0537019093028783,4,6,0,0,0.0,0.0,0.0,0.6666666666666666,1.0,0.0,0.0,mobile,ios,chrome
DEV_006812,11,0,0,0,0,892.65,81.14999999999999,53.63,0.012309166488695953,0.0670224730589276,4,11,2,0,0.0,0.0,0.0,0.36363636363636365,1.0,0.18181818181818182,0.0,mobile,macos,chrome
DEV_007982,16,0,0,0,0,1105.71,69.106875,38.785,0.012302112250404531,0.1247879934850076,4,14,4,0,0.0,0.0,0.0,0.25,0.875,0.25,0.0,mobile,macos,safari
DEV_006117,17,0,0,0,0,2188.52,128.7364705882353,84.87,0.012296479292837122,0.1597608562916224,9,16,2,0,0.0,0.0,0.0,0.5294117647058824,0.9411764705882353,0.11764705882352941,0.0,desktop,android,firefox
DEV_006976,4,0,0,0,0,158.91,39.7275,37.275000000000006,0.012293539032371474,0.0402282590954783,1,2,0,0,0.0,0.0,0.0,0.25,0.5,0.0,0.0,mobile,android,safari
DEV_007462,19,0,0,0,0,1922.21,101.16894736842106,42.51,0.012277552125579084,0.1066600431267932,7,19,2,0,0.0,0.0,0.0,0.3684210526315789,1.0,0.10526315789473684,0.0,mobile,windows,safari
DEV_000859,5,0,0,0,0,532.21,106.44200000000001,114.19,0.01227534328782676,0.045336337956058,1,5,0,5,0.0,0.0,0.0,0.2,1.0,0.0,1.0,mobile,linux,safari
DEV_007910,3,0,0,0,0,892.72,297.5733333333333,369.42,0.012274953757683801,0.0278264403528841,1,3,0,0,0.0,0.0,0.0,0.3333333333333333,1.0,0.0,0.0,tablet,android,firefox
DEV_007447,6,0,0,0,0,460.0,76.66666666666667,77.215,0.012240362468700701,0.0292668834910784,5,6,1,0,0.0,0.0,0.0,0.8333333333333334,1.0,0.16666666666666666,0.0,mobile,ios,firefox
DEV_005405,7,0,0,0,0,821.14,117.30571428571429,92.01,0.012230382902392704,0.0735325941222098,4,7,1,0,0.0,0.0,0.0,0.5714285714285714,1.0,0.14285714285714285,0.0,mobile,macos,chrome
DEV_003286,9,0,0,0,0,1028.21,114.24555555555555,58.03,0.012229581887056579,0.060723157105429,3,8,0,0,0.0,0.0,0.0,0.3333333333333333,0.8888888888888888,0.0,0.0,desktop,windows,firefox
DEV_003603,3,0,0,0,0,98.60000000000001,32.86666666666667,19.3,0.012210216951965868,0.0361825535563686,0,3,0,0,0.0,0.0,0.0,0.0,1.0,0.0,0.0,mobile,android,safari
DEV_005026,8,0,0,0,0,404.68,50.585,41.845,0.012197102790258513,0.0615004779067975,2,6,1,0,0.0,0.0,0.0,0.25,0.75,0.125,0.0,mobile,ios,firefox
DEV_002273,13,0,0,0,0,992.5300000000001,76.34846153846155,35.11,0.012196335655700868,0.0642657272388343,4,13,2,0,0.0,0.0,0.0,0.3076923076923077,1.0,0.15384615384615385,0.0,mobile,android,chrome
DEV_001683,8,0,0,0,0,655.14,81.8925,57.45,0.012168588133536162,0.0494165627466933,3,8,2,8,0.0,0.0,0.0,0.375,1.0,0.25,1.0,mobile,windows,chrome
DEV_007793,3,0,0,0,0,1036.4099999999999,345.46999999999997,139.49,0.012154126965451867,0.0358931695728978,1,3,0,0,0.0,0.0,0.0,0.3333333333333333,1.0,0.0,0.0,mobile,ios,chrome
DEV_005552,12,0,0,0,0,896.72,74.72666666666667,44.305,0.012151384112489491,0.1329928152521262,5,12,1,0,0.0,0.0,0.0,0.4166666666666667,1.0,0.08333333333333333,0.0,mobile,windows,safari
DEV_001661,3,0,0,0,0,347.6,115.86666666666667,64.86,0.012148176449719833,0.0235374844326475,1,3,2,0,0.0,0.0,0.0,0.3333333333333333,1.0,0.6666666666666666,0.0,mobile,ios,safari
DEV_003320,10,0,0,0,0,1299.06,129.906,98.47,0.01213827128105565,0.0373244592145331,6,10,2,0,0.0,0.0,0.0,0.6,1.0,0.2,0.0,mobile,windows,safari
DEV_002645,6,0,0,0,0,395.77,65.96166666666666,73.445,0.01212559563518835,0.0698633820810534,1,6,0,0,0.0,0.0,0.0,0.16666666666666666,1.0,0.0,0.0,mobile,ios,safari
DEV_001763,15,0,0,0,0,1059.85,70.65666666666667,52.03,0.012123902537669281,0.1700911774566069,7,15,1,0,0.0,0.0,0.0,0.4666666666666667,1.0,0.06666666666666667,0.0,mobile,android,edge
DEV_007678,5,0,0,0,0,567.08,113.41600000000001,44.5,0.0121112739266766,0.0301685549801057,5,5,0,5,0.0,0.0,0.0,1.0,1.0,0.0,1.0,mobile,macos,edge
DEV_004807,6,0,0,0,0,615.6,102.60000000000001,99.955,0.012076933772659967,0.032015726706484,5,6,1,0,0.0,0.0,0.0,0.8333333333333334,1.0,0.16666666666666666,0.0,mobile,ios,firefox
DEV_003116,10,0,0,0,0,1668.27,166.827,59.8,0.01206508611656896,0.0545650580980514,6,9,2,0,0.0,0.0,0.0,0.6,0.9,0.2,0.0,desktop,windows,edge
DEV_006107,21,0,0,0,0,2358.32,112.3009523809524,93.07,0.012053068897688313,0.1548772532441865,15,21,3,0,0.0,0.0,0.0,0.7142857142857143,1.0,0.14285714285714285,0.0,mobile,macos,safari
DEV_004148,5,0,0,0,0,312.07,62.414,36.73,0.0120468565007965,0.0478438971693945,1,2,0,5,0.0,0.0,0.0,0.2,0.4,0.0,1.0,desktop,windows,edge
DEV_006084,11,0,0,0,0,1807.62,164.3290909090909,105.8,0.012044443708909218,0.083570286463207,5,9,1,11,0.0,0.0,0.0,0.45454545454545453,0.8181818181818182,0.09090909090909091,1.0,mobile,windows,chrome
DEV_005676,3,0,0,0,0,145.08,48.36000000000001,42.71,0.012044110800648001,0.0273478342547921,3,3,0,3,0.0,0.0,0.0,1.0,1.0,0.0,1.0,mobile,android,edge
DEV_004777,7,0,0,0,0,496.34,70.90571428571428,38.01,0.011998311011503253,0.08034075461195,4,4,2,0,0.0,0.0,0.0,0.5714285714285714,0.5714285714285714,0.2857142857142857,0.0,tablet,android,safari
DEV_000021,4,0,0,0,0,348.83000000000004,87.20750000000001,74.405,0.011982801553994001,0.0442368270355229,2,4,1,4,0.0,0.0,0.0,0.5,1.0,0.25,1.0,mobile,android,chrome
DEV_004145,13,0,0,0,0,1333.24,102.55692307692308,57.7,0.011959464157319917,0.1297148559923077,3,13,1,0,0.0,0.0,0.0,0.23076923076923078,1.0,0.07692307692307693,0.0,desktop,macos,chrome
DEV_002859,6,0,0,0,0,444.87,74.145,70.1,0.011943370649832618,0.0311581910850427,2,4,1,0,0.0,0.0,0.0,0.3333333333333333,0.6666666666666666,0.16666666666666666,0.0,mobile,android,chrome
DEV_000492,6,0,0,0,0,469.13,78.18833333333333,36.38,0.01194042803510556,0.0617368519252221,4,6,1,0,0.0,0.0,0.0,0.6666666666666666,1.0,0.16666666666666666,0.0,desktop,ios,chrome
DEV_000139,8,0,0,0,0,594.86,74.3575,38.92,0.011902998001372638,0.0810647102803153,3,6,1,0,0.0,0.0,0.0,0.375,0.75,0.125,0.0,mobile,windows,chrome
DEV_000225,3,0,0,0,0,126.91000000000001,42.303333333333335,54.77,0.0118436214938241,0.0310052413352729,1,3,0,0,0.0,0.0,0.0,0.3333333333333333,1.0,0.0,0.0,desktop,ios,chrome
DEV_001360,3,0,0,0,0,195.26,65.08666666666666,34.3,0.011830866586146934,0.0270655464058792,2,3,1,0,0.0,0.0,0.0,0.6666666666666666,1.0,0.3333333333333333,0.0,mobile,ios,safari
DEV_000672,15,0,0,0,0,1115.31,74.354,76.33,0.011825163526214152,0.0762216572213418,6,13,1,15,0.0,0.0,0.0,0.4,0.8666666666666667,0.06666666666666667,1.0,mobile,android,edge
DEV_005846,5,0,0,0,0,343.47,68.694,42.14,0.01182026897926028,0.0491610020244026,0,5,1,0,0.0,0.0,0.0,0.0,1.0,0.2,0.0,mobile,windows,chrome
DEV_006589,11,0,0,0,0,832.91,75.71909090909091,60.8,0.011801492909041393,0.0829388983551204,6,11,2,11,0.0,0.0,0.0,0.5454545454545454,1.0,0.18181818181818182,1.0,mobile,android,edge
DEV_004617,5,0,0,0,0,127.46000000000001,25.492,27.86,0.01178550559338414,0.0300987742772354,3,5,1,0,0.0,0.0,0.0,0.6,1.0,0.2,0.0,mobile,ios,chrome
DEV_007253,3,0,0,0,0,186.11,62.03666666666667,56.89,0.0117785106880997,0.0167748948733902,1,3,1,0,0.0,0.0,0.0,0.3333333333333333,1.0,0.3333333333333333,0.0,mobile,macos,firefox
DEV_001490,9,0,0,0,0,992.6700000000001,110.29666666666668,58.65,0.011769837079932299,0.0598874530908746,3,8,1,0,0.0,0.0,0.0,0.3333333333333333,0.8888888888888888,0.1111111111111111,0.0,mobile,android,chrome
DEV_004572,10,0,0,0,0,1059.63,105.96300000000001,101.28,0.01176616472436104,0.0370581313128133,5,9,1,0,0.0,0.0,0.0,0.5,0.9,0.1,0.0,tablet,android,firefox
DEV_004107,7,0,0,0,0,1315.49,187.92714285714285,105.56,0.011765042276049072,0.0789561054979203,4,7,0,7,0.0,0.0,0.0,0.5714285714285714,1.0,0.0,1.0,desktop,macos,chrome
DEV_006362,3,0,0,0,0,204.97,68.32333333333334,31.76,0.011746188870428999,0.0191102536377573,0,3,0,0,0.0,0.0,0.0,0.0,1.0,0.0,0.0,tablet,ios,chrome
DEV_000325,12,0,0,0,0,1391.3999999999999,115.94999999999999,90.86500000000001,0.011729729094427176,0.0595083360238952,10,11,0,0,0.0,0.0,0.0,0.8333333333333334,0.9166666666666666,0.0,0.0,tablet,macos,chrome
DEV_003969,5,0,0,0,0,337.96,67.592,53.17,0.011683062399630099,0.0308749672695286,3,3,0,5,0.0,0.0,0.0,0.6,0.6,0.0,1.0,desktop,ios,firefox
DEV_000349,5,0,0,0,0,244.25,48.85,60.6,0.01167802475670714,0.0319506351753882,5,5,1,5,0.0,0.0,0.0,1.0,1.0,0.2,1.0,desktop,ios,chrome
DEV_007270,13,0,0,0,0,1493.41,114.87769230769231,124.3,0.011659558835317054,0.0449623005664443,5,11,3,13,0.0,0.0,0.0,0.38461538461538464,0.8461538461538461,0.23076923076923078,1.0,mobile,windows,edge
DEV_004841,9,0,0,0,0,1442.02,160.22444444444443,90.12,0.011649913479355345,0.0974046522767831,2,9,1,0,0.0,0.0,0.0,0.2222222222222222,1.0,0.1111111111111111,0.0,desktop,ios,safari
DEV_003890,10,0,0,0,0,422.77,42.277,43.435,0.01163447446189166,0.0422346915840167,3,9,0,0,0.0,0.0,0.0,0.3,0.9,0.0,0.0,desktop,ios,safari
DEV_006790,6,0,0,0,0,601.17,100.195,95.315,0.011625242856476868,0.033876541021015,2,6,0,0,0.0,0.0,0.0,0.3333333333333333,1.0,0.0,0.0,desktop,linux,chrome
DEV_000827,11,0,0,0,0,837.03,76.09363636363636,65.58,0.011618495356742791,0.113930422653689,6,11,2,0,0.0,0.0,0.0,0.5454545454545454,1.0,0.18181818181818182,0.0,mobile,android,safari
DEV_000937,10,0,0,0,0,1378.34,137.834,102.78,0.01155383635821374,0.0506298791670711,6,9,2,0,0.0,0.0,0.0,0.6,0.9,0.2,0.0,mobile,ios,chrome
DEV_006477,14,0,0,0,0,1904.0700000000002,136.00500000000002,85.08500000000001,0.011551628297107878,0.0651921755241073,6,12,2,0,0.0,0.0,0.0,0.42857142857142855,0.8571428571428571,0.14285714285714285,0.0,mobile,android,safari
DEV_004511,7,0,0,0,0,832.99,118.99857142857142,101.13,0.011550804390004886,0.0277011434928294,3,5,1,0,0.0,0.0,0.0,0.42857142857142855,0.7142857142857143,0.14285714285714285,0.0,desktop,android,safari
DEV_004803,3,0,0,0,0,182.5,60.833333333333336,70.83,0.011540700374016598,0.0333157787784784,2,3,0,0,0.0,0.0,0.0,0.6666666666666666,1.0,0.0,0.0,mobile,windows,chrome
DEV_002747,15,0,0,0,0,1884.73,125.64866666666667,80.83,0.01153626239125838,0.0501564638585345,5,10,4,0,0.0,0.0,0.0,0.3333333333333333,0.6666666666666666,0.26666666666666666,0.0,mobile,macos,safari
DEV_006628,8,0,0,0,0,1278.0700000000002,159.75875000000002,141.18,0.01149409230887725,0.0362365028647208,2,2,0,0,0.0,0.0,0.0,0.25,0.25,0.0,0.0,mobile,macos,edge
DEV_004390,6,0,0,0,0,943.97,157.32833333333335,110.855,0.011479907940752529,0.0363390922991991,1,4,1,0,0.0,0.0,0.0,0.16666666666666666,0.6666666666666666,0.16666666666666666,0.0,mobile,ios,edge
DEV_005809,8,0,0,0,0,1219.57,152.44625,79.125,0.011468566142369662,0.0331589383540202,3,7,1,0,0.0,0.0,0.0,0.375,0.875,0.125,0.0,desktop,windows,firefox
DEV_000875,8,0,0,0,0,484.62,60.5775,31.74,0.011460005293693763,0.0389032759207307,3,7,1,0,0.0,0.0,0.0,0.375,0.875,0.125,0.0,mobile,ios,safari
DEV_003706,9,0,0,0,0,595.94,66.21555555555557,50.62,0.011458368599275955,0.0448876658340495,4,6,1,0,0.0,0.0,0.0,0.4444444444444444,0.6666666666666666,0.1111111111111111,0.0,desktop,ios,safari
DEV_000037,12,0,0,0,0,431.88,35.99,16.22,0.011455731964249233,0.0918912283012565,5,12,0,0,0.0,0.0,0.0,0.4166666666666667,1.0,0.0,0.0,mobile,macos,chrome
DEV_005665,3,0,0,0,0,586.58,195.52666666666667,70.94,0.011451147915986533,0.0336402921358425,1,3,0,0,0.0,0.0,0.0,0.3333333333333333,1.0,0.0,0.0,mobile,windows,edge
DEV_003783,3,0,0,0,0,526.08,175.36,148.93,0.011450201193389268,0.0313546383565879,2,3,0,0,0.0,0.0,0.0,0.6666666666666666,1.0,0.0,0.0,tablet,windows,safari
DEV_003545,4,0,0,0,0,879.5699999999999,219.89249999999998,229.075,0.0114363567351429,0.0319342062367804,2,3,0,0,0.0,0.0,0.0,0.5,0.75,0.0,0.0,mobile,ios,chrome
DEV_003187,6,0,0,0,0,1193.45,198.90833333333333,132.18,0.0114327302595222,0.0551726028428657,4,5,1,6,0.0,0.0,0.0,0.6666666666666666,0.8333333333333334,0.16666666666666666,1.0,desktop,windows,chrome
DEV_005816,4,0,0,0,0,373.24,93.31,95.785,0.0114214042063594,0.0450186215390129,1,2,1,0,0.0,0.0,0.0,0.25,0.5,0.25,0.0,mobile,android,chrome
DEV_000215,9,0,0,0,0,835.53,92.83666666666666,60.64,0.0114178816563824,0.034432749393044,3,6,0,0,0.0,0.0,0.0,0.3333333333333333,0.6666666666666666,0.0,0.0,mobile,ios,chrome
DEV_001025,18,0,0,0,0,1875.88,104.21555555555557,78.12,0.011404071253898317,0.1652678055079057,10,14,3,0,0.0,0.0,0.0,0.5555555555555556,0.7777777777777778,0.16666666666666666,0.0,desktop,android,safari
DEV_006669,18,0,0,0,0,2377.43,132.07944444444445,61.8,0.011393661194670855,0.0508622291041948,7,18,2,0,0.0,0.0,0.0,0.3888888888888889,1.0,0.1111111111111111,0.0,desktop,ios,safari
DEV_005207,7,0,0,0,0,569.16,81.30857142857143,81.59,0.011344601412684509,0.0511368247714532,3,4,0,0,0.0,0.0,0.0,0.42857142857142855,0.5714285714285714,0.0,0.0,desktop,ios,chrome
DEV_004164,11,0,0,0,0,1479.93,134.5390909090909,117.16,0.011336210031400382,0.0464515278630105,4,11,1,0,0.0,0.0,0.0,0.36363636363636365,1.0,0.09090909090909091,0.0,mobile,ios,firefox
DEV_003908,4,0,0,0,0,97.26,24.315,19.65,0.011315449830568251,0.0436705348368709,3,4,0,4,0.0,0.0,0.0,0.75,1.0,0.0,1.0,mobile,android,chrome
DEV_001978,12,0,0,0,0,369.01,30.750833333333333,18.490000000000002,0.011303922219032909,0.1252755802826327,3,12,1,0,0.0,0.0,0.0,0.25,1.0,0.08333333333333333,0.0,desktop,android,edge
DEV_006549,12,0,0,0,0,1417.82,118.15166666666666,71.435,0.011272041816277015,0.0608394421748482,4,7,3,0,0.0,0.0,0.0,0.3333333333333333,0.5833333333333334,0.25,0.0,mobile,ios,safari
DEV_000930,18,0,0,0,0,2394.38,133.0211111111111,110.825,0.011267136052730949,0.1326888493461304,5,15,3,0,0.0,0.0,0.0,0.2777777777777778,0.8333333333333334,0.16666666666666666,0.0,mobile,android,edge
DEV_002891,14,0,0,0,0,1494.1899999999998,106.72785714285713,57.980000000000004,0.011250007973538579,0.1317256879954987,5,12,2,0,0.0,0.0,0.0,0.35714285714285715,0.8571428571428571,0.14285714285714285,0.0,mobile,windows,firefox
DEV_006317,4,0,0,0,0,348.58,87.145,74.00999999999999,0.011249229824025951,0.0193212848995708,3,4,1,0,0.0,0.0,0.0,0.75,1.0,0.25,0.0,mobile,android,firefox
DEV_003485,9,0,0,0,0,701.99,77.99888888888889,41.24,0.011234781663760266,0.0468238836731119,5,8,1,0,0.0,0.0,0.0,0.5555555555555556,0.8888888888888888,0.1111111111111111,0.0,desktop,windows,safari
DEV_005251,11,0,0,0,0,511.94000000000005,46.540000000000006,26.17,0.01122633685445703,0.0748765864747918,3,11,0,0,0.0,0.0,0.0,0.2727272727272727,1.0,0.0,0.0,desktop,ios,chrome
DEV_002396,11,0,0,0,0,542.19,49.290000000000006,26.51,0.01121349848535711,0.0555753997598921,5,11,2,0,0.0,0.0,0.0,0.45454545454545453,1.0,0.18181818181818182,0.0,desktop,macos,chrome
DEV_000126,7,0,0,0,0,299.76,42.82285714285714,28.89,0.011206478174147865,0.0513474803180298,4,7,0,0,0.0,0.0,0.0,0.5714285714285714,1.0,0.0,0.0,tablet,android,safari
DEV_006076,8,0,0,0,0,678.04,84.755,83.635,0.011206134930311413,0.0728652251636627,4,8,1,0,0.0,0.0,0.0,0.5,1.0,0.125,0.0,mobile,windows,chrome
DEV_004930,12,0,0,0,0,1824.6,152.04999999999998,145.845,0.011188008162166288,0.0698705756995898,3,7,0,0,0.0,0.0,0.0,0.25,0.5833333333333334,0.0,0.0,desktop,macos,chrome
DEV_004711,6,0,0,0,0,248.41,41.401666666666664,38.605000000000004,0.011175196531279631,0.0317285313105673,4,6,2,0,0.0,0.0,0.0,0.6666666666666666,1.0,0.3333333333333333,0.0,mobile,windows,chrome
DEV_004114,7,0,0,0,0,839.55,119.93571428571428,104.43,0.011158399506953172,0.0417551366928856,2,4,1,0,0.0,0.0,0.0,0.2857142857142857,0.5714285714285714,0.14285714285714285,0.0,mobile,ios,chrome
DEV_006188,5,0,0,0,0,251.29999999999998,50.26,44.85,0.01115824261771214,0.0489478921103512,4,5,3,5,0.0,0.0,0.0,0.8,1.0,0.6,1.0,desktop,windows,chrome
DEV_005928,4,0,0,0,0,357.08,89.27,80.15,0.011147579203043526,0.0301729277487573,4,4,0,0,0.0,0.0,0.0,1.0,1.0,0.0,0.0,mobile,macos,chrome
DEV_007905,8,0,0,0,0,1627.1,203.3875,74.15,0.011139300654840338,0.0821137520779294,1,8,2,0,0.0,0.0,0.0,0.125,1.0,0.25,0.0,mobile,windows,chrome
DEV_006172,9,0,0,0,0,1462.46,162.49555555555557,96.4,0.011135764178077379,0.0446885574815649,4,9,0,0,0.0,0.0,0.0,0.4444444444444444,1.0,0.0,0.0,tablet,windows,chrome
DEV_002004,6,0,0,0,0,639.6800000000001,106.61333333333334,65.255,0.011082140079429816,0.0352220341378362,4,6,0,0,0.0,0.0,0.0,0.6666666666666666,1.0,0.0,0.0,mobile,macos,chrome
DEV_006015,4,0,0,0,0,1196.46,299.115,86.565,0.011063595020663824,0.0394363586844883,2,4,1,0,0.0,0.0,0.0,0.5,1.0,0.25,0.0,mobile,android,chrome
DEV_002450,3,0,0,0,0,268.19,89.39666666666666,44.0,0.011062890645084533,0.0224820029867614,1,2,0,0,0.0,0.0,0.0,0.3333333333333333,0.6666666666666666,0.0,0.0,tablet,windows,safari
DEV_003316,19,0,0,0,0,1317.73,69.3542105263158,48.01,0.01106067763496126,0.0610290315393825,7,18,2,0,0.0,0.0,0.0,0.3684210526315789,0.9473684210526315,0.10526315789473684,0.0,mobile,macos,chrome
DEV_000901,23,0,0,0,0,3164.57,137.59,97.11,0.011053467031039958,0.1134007696914163,15,23,1,0,0.0,0.0,0.0,0.6521739130434783,1.0,0.043478260869565216,0.0,mobile,macos,safari
DEV_007857,10,0,0,0,0,633.85,63.385000000000005,54.125,0.01104329212136104,0.0602759308773911,4,10,1,0,0.0,0.0,0.0,0.4,1.0,0.1,0.0,desktop,ios,firefox
DEV_000775,17,0,0,0,0,3489.1600000000003,205.24470588235295,161.13,0.011036796779581708,0.0623848037355494,12,15,1,0,0.0,0.0,0.0,0.7058823529411765,0.8823529411764706,0.058823529411764705,0.0,mobile,windows,firefox
DEV_004851,7,0,0,0,0,708.86,101.26571428571428,57.14,0.011035809831229442,0.0390377103471108,5,7,1,0,0.0,0.0,0.0,0.7142857142857143,1.0,0.14285714285714285,0.0,mobile,macos,firefox
DEV_002596,11,0,0,0,0,620.48,56.407272727272726,35.27,0.011019690658865185,0.1062154204807964,2,9,0,0,0.0,0.0,0.0,0.18181818181818182,0.8181818181818182,0.0,0.0,tablet,ios,chrome
DEV_001024,8,0,0,0,0,507.67999999999995,63.459999999999994,56.965,0.011016237304919773,0.0776519258738577,2,5,0,0,0.0,0.0,0.0,0.25,0.625,0.0,0.0,desktop,ios,chrome
DEV_000496,16,0,0,0,0,1711.3999999999999,106.96249999999999,30.095,0.011014451581042467,0.0891357313513978,9,15,1,0,0.0,0.0,0.0,0.5625,0.9375,0.0625,0.0,desktop,windows,edge
DEV_006092,6,0,0,0,0,702.65,117.10833333333333,33.745,0.011001888084588856,0.0281211885456822,3,6,0,0,0.0,0.0,0.0,0.5,1.0,0.0,0.0,tablet,android,chrome
DEV_004008,4,0,0,0,0,405.37,101.3425,100.89,0.010990848345059475,0.02368209429912,2,2,1,0,0.0,0.0,0.0,0.5,0.5,0.25,0.0,tablet,ios,safari
DEV_000912,12,0,0,0,0,2674.34,222.86166666666668,106.965,0.010977722458185893,0.1037746161217273,6,11,0,0,0.0,0.0,0.0,0.5,0.9166666666666666,0.0,0.0,mobile,windows,safari
DEV_005691,10,0,0,0,0,910.83,91.083,49.245,0.01097252268195767,0.0389316511648836,6,9,0,0,0.0,0.0,0.0,0.6,0.9,0.0,0.0,mobile,ios,chrome
DEV_005891,5,0,0,0,0,508.25,101.65,75.36,0.010971833043936261,0.0362565441569632,1,2,0,0,0.0,0.0,0.0,0.2,0.4,0.0,0.0,desktop,android,chrome
DEV_007200,10,0,0,0,0,812.87,81.287,26.3,0.010960385595261385,0.0758129805165353,3,10,0,0,0.0,0.0,0.0,0.3,1.0,0.0,0.0,desktop,android,edge
DEV_000250,11,0,0,0,0,952.11,86.55545454545455,53.56,0.010951421434176033,0.0359571954367471,5,10,0,0,0.0,0.0,0.0,0.45454545454545453,0.9090909090909091,0.0,0.0,mobile,macos,chrome
DEV_006575,7,0,0,0,0,752.69,107.52714285714286,61.82,0.010948417153602985,0.0436044759917307,5,7,0,0,0.0,0.0,0.0,0.7142857142857143,1.0,0.0,0.0,desktop,windows,chrome
DEV_004069,7,0,0,0,0,574.27,82.03857142857143,73.2,0.010948333224471571,0.038845999423634,3,7,0,0,0.0,0.0,0.0,0.42857142857142855,1.0,0.0,0.0,mobile,linux,firefox
DEV_002440,3,0,0,0,0,154.79999999999998,51.599999999999994,53.76,0.010947633403561233,0.0201827104169828,1,2,0,0,0.0,0.0,0.0,0.3333333333333333,0.6666666666666666,0.0,0.0,mobile,macos,chrome
DEV_007408,10,0,0,0,0,844.5600000000001,84.456,34.254999999999995,0.010913718615738238,0.0394423284026638,2,10,0,0,0.0,0.0,0.0,0.2,1.0,0.0,0.0,tablet,macos,firefox
DEV_001590,14,0,0,0,0,2763.75,197.41071428571428,116.3,0.010906695382588457,0.0495748652213852,5,9,1,0,0.0,0.0,0.0,0.35714285714285715,0.6428571428571429,0.07142857142857142,0.0,mobile,windows,chrome
DEV_001006,13,0,0,0,0,1930.37,148.48999999999998,117.7,0.010904669551891899,0.047815480634758,5,13,2,0,0.0,0.0,0.0,0.38461538461538464,1.0,0.15384615384615385,0.0,desktop,android,safari
DEV_004344,3,0,0,0,0,272.57,90.85666666666667,89.1,0.010884255960829202,0.0295247014634431,3,3,0,0,0.0,0.0,0.0,1.0,1.0,0.0,0.0,mobile,ios,edge
DEV_007599,3,0,0,0,0,444.09,148.03,98.49,0.010879461027343667,0.0291834573126995,1,3,1,0,0.0,0.0,0.0,0.3333333333333333,1.0,0.3333333333333333,0.0,mobile,windows,safari
DEV_005981,17,0,0,0,0,1755.2,103.24705882352941,73.3,0.010867929994790741,0.0985841269746113,6,15,1,0,0.0,0.0,0.0,0.35294117647058826,0.8823529411764706,0.058823529411764705,0.0,desktop,windows,chrome
DEV_000648,3,0,0,0,0,167.07,55.69,52.13,0.010842321222403965,0.0273420300297999,1,2,0,3,0.0,0.0,0.0,0.3333333333333333,0.6666666666666666,0.0,1.0,mobile,ios,safari
DEV_001732,4,0,0,0,0,401.83,100.4575,66.935,0.010811657230032124,0.037900307480966,2,4,0,0,0.0,0.0,0.0,0.5,1.0,0.0,0.0,mobile,macos,chrome
DEV_003500,6,0,0,0,0,846.72,141.12,121.69,0.010807294824625233,0.0327898831366492,5,5,1,0,0.0,0.0,0.0,0.8333333333333334,0.8333333333333334,0.16666666666666666,0.0,mobile,android,firefox
DEV_006940,17,0,0,0,0,2852.27,167.78058823529412,87.29,0.010794306670658824,0.0905705457575299,9,16,1,0,0.0,0.0,0.0,0.5294117647058824,0.9411764705882353,0.058823529411764705,0.0,mobile,ios,firefox
DEV_003741,5,0,0,0,0,214.95,42.989999999999995,25.55,0.010780869272464537,0.0469576916207644,2,5,1,0,0.0,0.0,0.0,0.4,1.0,0.2,0.0,desktop,android,firefox
DEV_000681,5,0,0,0,0,274.04999999999995,54.80999999999999,34.33,0.0107734235248565,0.0527988300787888,1,5,1,0,0.0,0.0,0.0,0.2,1.0,0.2,0.0,mobile,android,chrome
DEV_005223,7,0,0,0,0,406.65999999999997,58.09428571428571,41.64,0.010762586326928373,0.0712778363811641,6,7,0,0,0.0,0.0,0.0,0.8571428571428571,1.0,0.0,0.0,mobile,ios,chrome
DEV_003453,3,0,0,0,0,96.93,32.31,38.7,0.0107580786825265,0.0301532990484452,3,3,0,0,0.0,0.0,0.0,1.0,1.0,0.0,0.0,desktop,android,chrome
DEV_002412,13,0,0,0,0,1026.96,78.99692307692308,54.95,0.01075566884739133,0.1204345536817552,4,13,0,0,0.0,0.0,0.0,0.3076923076923077,1.0,0.0,0.0,mobile,android,firefox
DEV_000142,5,0,0,0,0,202.92000000000002,40.584,25.62,0.01075451092694882,0.029221685510871,2,5,1,0,0.0,0.0,0.0,0.4,1.0,0.2,0.0,mobile,macos,safari
DEV_004928,4,0,0,0,0,224.77,56.1925,44.61,0.0107495809239612,0.0404101765433862,1,2,1,0,0.0,0.0,0.0,0.25,0.5,0.25,0.0,mobile,macos,edge
DEV_000721,3,0,0,0,0,138.6,46.199999999999996,39.45,0.010739024517118534,0.0311880982998796,2,3,2,3,0.0,0.0,0.0,0.6666666666666666,1.0,0.6666666666666666,1.0,desktop,android,firefox
DEV_004028,3,0,0,0,0,85.36999999999999,28.456666666666663,12.86,0.010736068401557367,0.0316655955015903,0,3,0,0,0.0,0.0,0.0,0.0,1.0,0.0,0.0,mobile,ios,firefox
DEV_002321,14,0,0,0,0,2446.38,174.74142857142857,100.28,0.010733326205681983,0.0865156547424706,7,14,1,0,0.0,0.0,0.0,0.5,1.0,0.07142857142857142,0.0,tablet,ios,firefox
DEV_002751,4,0,0,0,0,619.68,154.92,168.36,0.01072455045223925,0.0400431152204437,2,4,0,0,0.0,0.0,0.0,0.5,1.0,0.0,0.0,mobile,ios,firefox
DEV_006604,12,0,0,0,0,718.34,59.86166666666667,43.79,0.010718720091725741,0.1066004765712312,11,12,2,0,0.0,0.0,0.0,0.9166666666666666,1.0,0.16666666666666666,0.0,desktop,windows,safari
DEV_007176,4,0,0,0,0,209.53,52.3825,52.025,0.0107143705836304,0.0420714888057358,2,4,2,0,0.0,0.0,0.0,0.5,1.0,0.5,0.0,mobile,ios,chrome
DEV_006377,10,0,0,0,0,480.7,48.07,30.275,0.010714178524492938,0.0726507524089539,5,8,0,0,0.0,0.0,0.0,0.5,0.8,0.0,0.0,desktop,windows,chrome
DEV_002651,4,0,0,0,0,439.56,109.89,84.19,0.010711096063038624,0.0386219762322626,2,4,1,4,0.0,0.0,0.0,0.5,1.0,0.25,1.0,desktop,android,chrome
DEV_003422,10,0,0,0,0,895.58,89.558,54.96,0.01068703222525335,0.0811078107672719,4,10,1,0,0.0,0.0,0.0,0.4,1.0,0.1,0.0,desktop,ios,edge
DEV_003406,6,0,0,0,0,601.1999999999999,100.19999999999999,66.275,0.010681177123257732,0.0325956885485831,3,6,2,0,0.0,0.0,0.0,0.5,1.0,0.3333333333333333,0.0,desktop,ios,firefox
DEV_001729,3,0,0,0,0,310.97,103.65666666666668,85.63,0.010670352884453132,0.0159912002387843,2,3,0,0,0.0,0.0,0.0,0.6666666666666666,1.0,0.0,0.0,mobile,macos,safari
DEV_007258,14,0,0,0,0,1796.97,128.355,62.105000000000004,0.010661756389397578,0.0663532875278178,5,10,1,0,0.0,0.0,0.0,0.35714285714285715,0.7142857142857143,0.07142857142857142,0.0,mobile,ios,chrome
DEV_004452,5,0,0,0,0,196.03,39.206,34.34,0.01064455731511136,0.0496430524538041,2,5,0,0,0.0,0.0,0.0,0.4,1.0,0.0,0.0,desktop,windows,chrome
DEV_007043,7,0,0,0,0,672.0699999999999,96.00999999999999,73.49,0.010624259111162328,0.0305473248712507,5,7,1,0,0.0,0.0,0.0,0.7142857142857143,1.0,0.14285714285714285,0.0,mobile,ios,chrome
DEV_002051,6,0,0,0,0,763.49,127.24833333333333,109.785,0.010603677322513584,0.0458710386104544,4,6,2,0,0.0,0.0,0.0,0.6666666666666666,1.0,0.3333333333333333,0.0,mobile,android,chrome
DEV_001684,11,0,0,0,0,1231.45,111.95,68.65,0.010582195216057808,0.0507894105731518,9,11,1,0,0.0,0.0,0.0,0.8181818181818182,1.0,0.09090909090909091,0.0,desktop,android,edge
DEV_005123,8,0,0,0,0,1467.14,183.3925,115.34,0.010539465056422379,0.0505262348661631,5,8,1,0,0.0,0.0,0.0,0.625,1.0,0.125,0.0,mobile,windows,safari
DEV_005653,20,0,0,0,0,3883.7,194.185,173.89499999999998,0.010514863493243699,0.0339768901714528,9,20,4,0,0.0,0.0,0.0,0.45,1.0,0.2,0.0,mobile,android,safari
DEV_001269,13,0,0,0,0,787.63,60.58692307692308,55.44,0.010507808319400895,0.0356966335965671,6,13,3,0,0.0,0.0,0.0,0.46153846153846156,1.0,0.23076923076923078,0.0,mobile,ios,chrome
DEV_002278,13,0,0,0,0,666.67,51.28230769230769,25.38,0.010469194982265747,0.0753795569412642,8,12,0,0,0.0,0.0,0.0,0.6153846153846154,0.9230769230769231,0.0,0.0,desktop,ios,chrome
DEV_000132,5,0,0,0,0,627.45,125.49000000000001,109.19,0.010452414982161701,0.0379761414124563,2,5,0,0,0.0,0.0,0.0,0.4,1.0,0.0,0.0,desktop,android,chrome
DEV_007260,8,0,0,0,0,1691.43,211.42875,183.63,0.010451126255566812,0.0431870515927607,4,8,1,0,0.0,0.0,0.0,0.5,1.0,0.125,0.0,desktop,macos,edge
DEV_004378,7,0,0,0,0,907.28,129.61142857142858,113.33,0.0104394703942489,0.0637720821302373,1,2,1,0,0.0,0.0,0.0,0.14285714285714285,0.2857142857142857,0.14285714285714285,0.0,desktop,android,safari
DEV_001383,11,0,0,0,0,700.23,63.657272727272726,53.98,0.010425745390036564,0.0378576936137999,4,11,2,0,0.0,0.0,0.0,0.36363636363636365,1.0,0.18181818181818182,0.0,mobile,windows,safari
DEV_002712,7,0,0,0,0,365.58,52.22571428571428,50.29,0.010422734485256843,0.0324497738781517,4,4,0,7,0.0,0.0,0.0,0.5714285714285714,0.5714285714285714,0.0,1.0,mobile,android,safari
DEV_004385,13,0,0,0,0,435.56,33.504615384615384,27.75,0.01040743302885153,0.0988102983290354,8,13,2,0,0.0,0.0,0.0,0.6153846153846154,1.0,0.15384615384615385,0.0,mobile,android,chrome
DEV_002188,7,0,0,0,0,705.4399999999999,100.77714285714285,88.16,0.010400761982739223,0.0667327479820639,2,7,0,0,0.0,0.0,0.0,0.2857142857142857,1.0,0.0,0.0,mobile,android,firefox
DEV_000630,16,0,0,0,0,1197.19,74.824375,48.545,0.01039633126619785,0.047770736455477,6,16,3,0,0.0,0.0,0.0,0.375,1.0,0.1875,0.0,desktop,ios,edge
DEV_001911,15,0,0,0,0,1955.8,130.38666666666666,98.9,0.010388702901159444,0.0926989572737431,7,15,4,0,0.0,0.0,0.0,0.4666666666666667,1.0,0.26666666666666666,0.0,tablet,android,chrome
DEV_005915,3,0,0,0,0,205.93,68.64333333333333,27.52,0.0103720692037334,0.0301420749497523,2,2,0,3,0.0,0.0,0.0,0.6666666666666666,0.6666666666666666,0.0,1.0,desktop,ios,chrome
DEV_004200,18,0,0,0,0,2418.5,134.36111111111111,65.545,0.0103697175696867,0.1290298072256471,7,17,1,18,0.0,0.0,0.0,0.3888888888888889,0.9444444444444444,0.05555555555555555,1.0,mobile,android,chrome
DEV_006351,9,0,0,0,0,685.78,76.19777777777777,52.74,0.010368729699026477,0.0521183027893237,3,9,0,9,0.0,0.0,0.0,0.3333333333333333,1.0,0.0,1.0,mobile,ios,chrome
DEV_006415,14,0,0,0,0,1771.32,126.52285714285713,71.695,0.010365225847119535,0.0578838956391374,8,12,2,0,0.0,0.0,0.0,0.5714285714285714,0.8571428571428571,0.14285714285714285,0.0,mobile,ios,safari
DEV_007668,4,0,0,0,0,486.63,121.6575,99.28,0.010364601827128825,0.040357276898737,3,4,1,0,0.0,0.0,0.0,0.75,1.0,0.25,0.0,mobile,android,chrome
DEV_006788,15,0,0,0,0,1197.46,79.83066666666667,48.78,0.010360386204531224,0.0612297570080277,8,14,2,0,0.0,0.0,0.0,0.5333333333333333,0.9333333333333333,0.13333333333333333,0.0,mobile,android,safari
DEV_000383,13,0,0,0,0,2655.46,204.26615384615386,153.26,0.010354295409905092,0.0871331952362182,8,13,2,0,0.0,0.0,0.0,0.6153846153846154,1.0,0.15384615384615385,0.0,tablet,ios,chrome
DEV_004358,8,0,0,0,0,650.02,81.2525,82.785,0.01033163701302731,0.0781429120617916,1,8,0,0,0.0,0.0,0.0,0.125,1.0,0.0,0.0,mobile,ios,edge
DEV_001928,16,0,0,0,0,1651.8300000000002,103.23937500000001,82.83,0.010329418741121275,0.0711681417593223,11,15,2,0,0.0,0.0,0.0,0.6875,0.9375,0.125,0.0,mobile,android,firefox
DEV_002346,14,0,0,0,0,1362.92,97.35142857142857,65.36500000000001,0.010302566964710682,0.0657717460514923,8,14,2,0,0.0,0.0,0.0,0.5714285714285714,1.0,0.14285714285714285,0.0,desktop,macos,chrome
DEV_005033,12,0,0,0,0,429.39,35.7825,30.295,0.010296596843990691,0.1042686460598897,1,12,3,0,0.0,0.0,0.0,0.08333333333333333,1.0,0.25,0.0,mobile,ios,firefox
DEV_006250,6,0,0,0,0,974.4100000000001,162.40166666666667,145.53,0.010276688974165466,0.0291690468425132,4,5,1,0,0.0,0.0,0.0,0.6666666666666666,0.8333333333333334,0.16666666666666666,0.0,mobile,macos,safari
DEV_000460,10,0,0,0,0,1878.26,187.826,109.16499999999999,0.010276496959926381,0.0601635034196415,6,10,1,0,0.0,0.0,0.0,0.6,1.0,0.1,0.0,desktop,windows,safari
DEV_004168,14,0,0,0,0,1718.48,122.74857142857142,72.35,0.010260213560140645,0.0528964127116336,2,12,1,0,0.0,0.0,0.0,0.14285714285714285,0.8571428571428571,0.07142857142857142,0.0,mobile,android,chrome
DEV_005711,7,0,0,0,0,485.97,69.42428571428572,57.75,0.010254501584968214,0.0410818113064403,2,7,1,0,0.0,0.0,0.0,0.2857142857142857,1.0,0.14285714285714285,0.0,mobile,android,safari
DEV_005554,7,0,0,0,0,280.45,40.06428571428571,41.48,0.010251782455849456,0.0470360687421331,6,7,1,0,0.0,0.0,0.0,0.8571428571428571,1.0,0.14285714285714285,0.0,tablet,android,firefox
DEV_006856,4,0,0,0,0,539.32,134.83,97.195,0.010235535601697852,0.0344790229236983,0,4,0,0,0.0,0.0,0.0,0.0,1.0,0.0,0.0,mobile,windows,chrome
DEV_007845,9,0,0,0,0,570.11,63.345555555555556,44.13,0.010229150119564268,0.04542199494558,5,8,1,0,0.0,0.0,0.0,0.5555555555555556,0.8888888888888888,0.1111111111111111,0.0,desktop,android,chrome
DEV_001460,12,0,0,0,0,1075.21,89.60083333333334,56.535,0.010221340729483393,0.1020263140636078,5,11,1,0,0.0,0.0,0.0,0.4166666666666667,0.9166666666666666,0.08333333333333333,0.0,mobile,windows,safari
DEV_005853,10,0,0,0,0,870.22,87.022,54.345,0.01021986676201558,0.0330513429645486,6,10,1,0,0.0,0.0,0.0,0.6,1.0,0.1,0.0,mobile,windows,chrome
DEV_003609,5,0,0,0,0,150.07,30.014,19.27,0.010210605835185212,0.0461491182055894,1,3,0,0,0.0,0.0,0.0,0.2,0.6,0.0,0.0,mobile,ios,firefox
DEV_002003,4,0,0,0,0,535.7,133.925,120.125,0.010206889767920824,0.0302512948216612,2,3,1,0,0.0,0.0,0.0,0.5,0.75,0.25,0.0,mobile,macos,edge
DEV_005359,11,0,0,0,0,1030.45,93.67727272727274,55.94,0.010201385149189664,0.0476736215134245,5,10,2,0,0.0,0.0,0.0,0.45454545454545453,0.9090909090909091,0.18181818181818182,0.0,mobile,ios,safari
DEV_001319,4,0,0,0,0,593.3100000000001,148.32750000000001,139.355,0.010200472376663775,0.0291262931398169,1,3,0,0,0.0,0.0,0.0,0.25,0.75,0.0,0.0,desktop,windows,chrome
DEV_000147,7,0,0,0,0,1247.6,178.22857142857143,158.59,0.010196972863393272,0.0192878692633425,0,7,1,0,0.0,0.0,0.0,0.0,1.0,0.14285714285714285,0.0,mobile,android,chrome
DEV_004367,9,0,0,0,0,1044.41,116.04555555555557,133.08,0.010189825108028312,0.0397133901055598,5,9,2,9,0.0,0.0,0.0,0.5555555555555556,1.0,0.2222222222222222,1.0,desktop,windows,chrome
DEV_004036,8,0,0,0,0,357.45,44.68125,36.495,0.010188394271099275,0.0401820159019025,2,8,0,8,0.0,0.0,0.0,0.25,1.0,0.0,1.0,mobile,android,safari
DEV_002081,9,0,0,0,0,352.23,39.13666666666667,28.48,0.01018654029696609,0.0788247295927068,5,9,1,9,0.0,0.0,0.0,0.5555555555555556,1.0,0.1111111111111111,1.0,mobile,ios,chrome
DEV_002597,8,0,0,0,0,396.01,49.50125,32.76,0.010183057191972813,0.0447736330133759,5,8,0,0,0.0,0.0,0.0,0.625,1.0,0.0,0.0,mobile,android,chrome
DEV_004018,15,1,0,0,0,1214.25,80.95,48.11,0.010182540599776812,0.0983264618897084,8,10,3,15,0.06666666666666667,0.0,0.0,0.5333333333333333,0.6666666666666666,0.2,1.0,mobile,macos,safari
DEV_001587,14,0,0,0,0,1833.15,130.93928571428572,134.42499999999998,0.010182488436254364,0.0526821435764194,9,12,2,0,0.0,0.0,0.0,0.6428571428571429,0.8571428571428571,0.14285714285714285,0.0,tablet,macos,firefox
DEV_006315,9,0,0,0,0,1159.05,128.78333333333333,88.72,0.010167706097863988,0.0560361746536726,2,8,1,9,0.0,0.0,0.0,0.2222222222222222,0.8888888888888888,0.1111111111111111,1.0,mobile,android,chrome
DEV_002976,14,0,0,0,0,789.54,56.395714285714284,44.894999999999996,0.0101516978968884,0.0563633608968877,9,14,4,0,0.0,0.0,0.0,0.6428571428571429,1.0,0.2857142857142857,0.0,mobile,android,chrome
DEV_005610,5,0,0,0,0,359.4,71.88,76.13,0.0101373497969494,0.0465146675689037,0,3,1,0,0.0,0.0,0.0,0.0,0.6,0.2,0.0,mobile,windows,chrome
DEV_007060,5,0,0,0,0,286.17,57.234,56.95,0.01012449952072254,0.0492834277518983,2,5,0,5,0.0,0.0,0.0,0.4,1.0,0.0,1.0,desktop,ios,firefox
DEV_007361,5,0,0,0,0,269.88,53.976,20.15,0.010093717333241698,0.0319759637111354,0,5,0,0,0.0,0.0,0.0,0.0,1.0,0.0,0.0,mobile,macos,safari
DEV_003555,7,0,0,0,0,668.0600000000001,95.43714285714286,55.46,0.010077399056131092,0.0478391163553676,4,7,1,0,0.0,0.0,0.0,0.5714285714285714,1.0,0.14285714285714285,0.0,mobile,android,firefox
DEV_004563,10,0,0,0,0,303.94,30.394,16.840000000000003,0.010073384195537485,0.0829649702200533,2,10,1,0,0.0,0.0,0.0,0.2,1.0,0.1,0.0,mobile,android,chrome
DEV_004276,4,0,0,0,0,587.92,146.98,115.11,0.0100663779541575,0.0254430621347948,1,3,0,0,0.0,0.0,0.0,0.25,0.75,0.0,0.0,desktop,ios,edge
DEV_006645,10,0,0,0,0,265.93,26.593,15.170000000000002,0.01005724605550592,0.0787111064928713,5,10,3,10,0.0,0.0,0.0,0.5,1.0,0.3,1.0,mobile,windows,chrome
DEV_002574,10,0,0,0,0,576.75,57.675,57.555,0.0100546765604217,0.0361860903382135,3,10,1,0,0.0,0.0,0.0,0.3,1.0,0.1,0.0,desktop,android,safari
DEV_003979,7,0,0,0,0,530.79,75.82714285714285,68.6,0.0100337929007834,0.0441569885862125,2,7,0,0,0.0,0.0,0.0,0.2857142857142857,1.0,0.0,0.0,desktop,macos,safari
DEV_006903,10,0,0,0,0,688.1600000000001,68.816,58.7,0.01002450872421837,0.042222923040518,5,9,1,0,0.0,0.0,0.0,0.5,0.9,0.1,0.0,mobile,ios,chrome
DEV_003022,16,0,0,0,0,2100.88,131.305,85.975,0.010022843051657,0.0615906523083943,8,16,0,0,0.0,0.0,0.0,0.5,1.0,0.0,0.0,mobile,android,firefox
DEV_000313,4,0,0,0,0,311.57,77.8925,69.12,0.009992560870174574,0.0235279868371753,1,4,0,0,0.0,0.0,0.0,0.25,1.0,0.0,0.0,mobile,macos,chrome
DEV_003792,12,0,0,0,0,608.39,50.69916666666666,29.845,0.00998301728150936,0.0716669430316479,2,12,3,0,0.0,0.0,0.0,0.16666666666666666,1.0,0.25,0.0,mobile,android,chrome
DEV_000758,7,0,0,0,0,1122.1299999999999,160.3042857142857,167.33,0.009960727801823843,0.049751061111229,3,4,0,0,0.0,0.0,0.0,0.42857142857142855,0.5714285714285714,0.0,0.0,desktop,android,safari
DEV_000091,15,0,0,0,0,1520.15,101.34333333333333,82.0,0.009951094309385395,0.0664494147635018,11,15,3,0,0.0,0.0,0.0,0.7333333333333333,1.0,0.2,0.0,desktop,android,firefox
DEV_005563,9,0,0,0,0,1205.08,133.89777777777778,152.91,0.009937006938138267,0.0333117271138128,6,8,1,0,0.0,0.0,0.0,0.6666666666666666,0.8888888888888888,0.1111111111111111,0.0,mobile,macos,chrome
DEV_004441,20,0,0,0,0,1376.85,68.8425,44.605,0.009930104742015661,0.0515912492427239,10,12,0,0,0.0,0.0,0.0,0.5,0.6,0.0,0.0,tablet,ios,safari
DEV_001966,17,0,0,0,0,1643.77,96.69235294117647,51.57,0.009913791913310342,0.087852147034933,4,13,0,0,0.0,0.0,0.0,0.23529411764705882,0.7647058823529411,0.0,0.0,desktop,android,chrome
DEV_004633,6,0,0,0,0,787.47,131.245,88.37,0.009909855489346517,0.0372056164759381,2,4,1,6,0.0,0.0,0.0,0.3333333333333333,0.6666666666666666,0.16666666666666666,1.0,mobile,ios,edge
DEV_006516,7,0,0,0,0,667.16,95.30857142857143,54.51,0.009909556263748929,0.0245892038408614,1,7,2,0,0.0,0.0,0.0,0.14285714285714285,1.0,0.2857142857142857,0.0,mobile,ios,edge
DEV_005408,5,0,0,0,0,276.23,55.246,27.48,0.009899697573220607,0.0337685956065314,2,5,0,5,0.0,0.0,0.0,0.4,1.0,0.0,1.0,mobile,macos,firefox
DEV_003698,7,0,0,0,0,634.79,90.6842857142857,75.8,0.009888775628920985,0.0344611145230626,4,6,1,0,0.0,0.0,0.0,0.5714285714285714,0.8571428571428571,0.14285714285714285,0.0,mobile,ios,chrome
DEV_004179,7,0,0,0,0,1907.24,272.46285714285716,249.37,0.0098866219614683,0.0353783349148178,3,7,0,0,0.0,0.0,0.0,0.42857142857142855,1.0,0.0,0.0,mobile,android,chrome
DEV_006251,11,0,0,0,0,1121.37,101.94272727272727,97.96,0.009861590946252892,0.0822869736000136,6,8,4,0,0.0,0.0,0.0,0.5454545454545454,0.7272727272727273,0.36363636363636365,0.0,mobile,android,chrome
DEV_005967,13,0,0,0,0,1390.94,106.99538461538462,51.95,0.009852758644163377,0.0598996343429426,6,11,1,0,0.0,0.0,0.0,0.46153846153846156,0.8461538461538461,0.07692307692307693,0.0,tablet,android,chrome
DEV_000691,5,0,0,0,0,543.8,108.75999999999999,65.55,0.009851771825500741,0.0329808837392649,4,5,1,0,0.0,0.0,0.0,0.8,1.0,0.2,0.0,mobile,macos,firefox
DEV_007001,9,0,0,0,0,1171.98,130.22,81.15,0.009841754073797978,0.0798766954691074,4,9,1,0,0.0,0.0,0.0,0.4444444444444444,1.0,0.1111111111111111,0.0,mobile,macos,firefox
DEV_006185,6,0,0,0,0,315.32,52.553333333333335,52.11,0.009840163823062867,0.041045197484274,3,6,1,0,0.0,0.0,0.0,0.5,1.0,0.16666666666666666,0.0,desktop,macos,chrome
DEV_004869,9,0,0,0,0,800.1999999999999,88.9111111111111,40.8,0.009839563448578944,0.0330119989716757,2,9,1,0,0.0,0.0,0.0,0.2222222222222222,1.0,0.1111111111111111,0.0,desktop,ios,chrome
DEV_006489,8,0,0,0,0,1590.81,198.85125,97.85,0.009825122852183513,0.0706778020614443,4,4,0,8,0.0,0.0,0.0,0.5,0.5,0.0,1.0,mobile,android,chrome
DEV_000480,8,0,0,0,0,1701.31,212.66375,136.68,0.009814484475244132,0.0425519103786421,4,8,0,0,0.0,0.0,0.0,0.5,1.0,0.0,0.0,mobile,macos,chrome
DEV_003870,22,0,0,0,0,1606.9499999999998,73.04318181818181,33.349999999999994,0.009812582177025587,0.0630005536002987,7,19,0,0,0.0,0.0,0.0,0.3181818181818182,0.8636363636363636,0.0,0.0,desktop,android,firefox
DEV_001442,8,0,0,0,0,773.04,96.63,83.045,0.009806859588388325,0.0681634891375619,3,8,2,0,0.0,0.0,0.0,0.375,1.0,0.25,0.0,desktop,macos,edge
DEV_006352,7,0,0,0,0,802.8100000000001,114.68714285714286,47.11,0.009796857767851929,0.0254918316488526,3,7,1,0,0.0,0.0,0.0,0.42857142857142855,1.0,0.14285714285714285,0.0,tablet,android,safari
DEV_004632,5,0,0,0,0,138.85999999999999,27.772,28.84,0.00979544254654768,0.047665022110792,4,5,1,5,0.0,0.0,0.0,0.8,1.0,0.2,1.0,mobile,android,firefox
DEV_004770,6,0,0,0,0,235.67000000000002,39.278333333333336,33.47,0.009790738986802884,0.027554830879301,1,6,0,6,0.0,0.0,0.0,0.16666666666666666,1.0,0.0,1.0,mobile,android,chrome
DEV_002356,5,0,0,0,0,136.4,27.28,29.15,0.00979044152149194,0.0472945499352432,3,5,1,0,0.0,0.0,0.0,0.6,1.0,0.2,0.0,mobile,android,chrome
DEV_005409,14,0,0,0,0,935.05,66.78928571428571,38.83,0.009785094067677778,0.0957749132732106,5,12,2,0,0.0,0.0,0.0,0.35714285714285715,0.8571428571428571,0.14285714285714285,0.0,mobile,macos,safari
DEV_004519,3,0,0,0,0,392.52,130.84,108.68,0.0097802425319931,0.0194298809042721,2,3,0,0,0.0,0.0,0.0,0.6666666666666666,1.0,0.0,0.0,mobile,macos,chrome
DEV_003460,9,0,0,0,0,1552.79,172.53222222222223,37.05,0.009779736987117935,0.051723740714865,2,8,2,0,0.0,0.0,0.0,0.2222222222222222,0.8888888888888888,0.2222222222222222,0.0,mobile,android,chrome
DEV_002553,9,0,0,0,0,590.6800000000001,65.63111111111112,57.69,0.00976353205399149,0.041278581908124,2,9,2,0,0.0,0.0,0.0,0.2222222222222222,1.0,0.2222222222222222,0.0,tablet,ios,chrome
DEV_006533,16,0,0,0,0,3211.35,200.709375,165.31,0.009741152800742113,0.0693266089540611,13,16,2,0,0.0,0.0,0.0,0.8125,1.0,0.125,0.0,desktop,linux,chrome
DEV_006166,12,0,0,0,0,1169.09,97.42416666666666,44.825,0.009736924902846217,0.087357725403105,3,12,1,0,0.0,0.0,0.0,0.25,1.0,0.08333333333333333,0.0,mobile,ios,safari
DEV_000715,8,0,0,0,0,309.69,38.71125,20.61,0.009684441154940125,0.0443329144792811,3,5,1,8,0.0,0.0,0.0,0.375,0.625,0.125,1.0,mobile,android,edge
DEV_006527,8,0,0,0,0,2437.82,304.7275,307.65,0.009684152617359637,0.0378956579820127,5,8,0,0,0.0,0.0,0.0,0.625,1.0,0.0,0.0,mobile,macos,chrome
DEV_006650,6,0,0,0,0,262.92,43.82,39.375,0.009677750257782466,0.0415717432599508,4,5,0,0,0.0,0.0,0.0,0.6666666666666666,0.8333333333333334,0.0,0.0,mobile,windows,chrome
DEV_004991,5,0,0,0,0,217.98,43.596,34.38,0.00967499706775564,0.0382126933870972,3,5,0,0,0.0,0.0,0.0,0.6,1.0,0.0,0.0,desktop,windows,chrome
DEV_003718,21,0,0,0,0,1244.55,59.26428571428571,34.11,0.009673787704355808,0.0918743113882629,14,21,1,0,0.0,0.0,0.0,0.6666666666666666,1.0,0.047619047619047616,0.0,mobile,android,chrome
DEV_003777,16,0,0,0,0,1986.0,124.125,48.230000000000004,0.009668118627471887,0.0873893826938147,7,13,2,0,0.0,0.0,0.0,0.4375,0.8125,0.125,0.0,tablet,android,firefox
DEV_001189,3,0,0,0,0,137.93,45.97666666666667,46.61,0.009652971019265866,0.0120588188596538,2,3,0,3,0.0,0.0,0.0,0.6666666666666666,1.0,0.0,1.0,desktop,macos,chrome
DEV_006950,13,0,0,0,0,1363.54,104.8876923076923,75.75,0.009643459502414454,0.0466302854053747,4,13,1,0,0.0,0.0,0.0,0.3076923076923077,1.0,0.07692307692307693,0.0,mobile,windows,chrome
DEV_002823,5,0,0,0,0,211.72,42.344,25.45,0.00963503459708802,0.0472277090102315,1,5,1,5,0.0,0.0,0.0,0.2,1.0,0.2,1.0,tablet,macos,chrome
DEV_007690,6,0,0,0,0,429.61,71.60166666666667,19.58,0.009610213335454733,0.043749014298256,1,6,1,6,0.0,0.0,0.0,0.16666666666666666,1.0,0.16666666666666666,1.0,tablet,windows,edge
DEV_007808,3,0,0,0,0,496.71999999999997,165.57333333333332,44.8,0.009598049489597396,0.0266695235014197,1,2,0,0,0.0,0.0,0.0,0.3333333333333333,0.6666666666666666,0.0,0.0,tablet,windows,safari
DEV_003107,4,0,0,0,0,310.37,77.5925,76.5,0.009592284783892525,0.0357376079553513,4,4,0,0,0.0,0.0,0.0,1.0,1.0,0.0,0.0,desktop,macos,chrome
DEV_005321,6,0,0,0,0,680.92,113.48666666666666,91.81,0.009588074486435984,0.0257933736172243,6,6,1,0,0.0,0.0,0.0,1.0,1.0,0.16666666666666666,0.0,desktop,ios,chrome
DEV_000799,9,0,0,0,0,961.31,106.81222222222222,64.32,0.009582787966464421,0.0236236472087153,4,9,2,0,0.0,0.0,0.0,0.4444444444444444,1.0,0.2222222222222222,0.0,mobile,android,firefox
DEV_004020,6,0,0,0,0,1021.7300000000001,170.28833333333336,81.65,0.009581672467929667,0.0182057215223852,3,6,1,6,0.0,0.0,0.0,0.5,1.0,0.16666666666666666,1.0,mobile,macos,firefox
DEV_002713,4,0,0,0,0,234.13,58.5325,53.025,0.009579813398333475,0.0245737990047584,2,4,1,0,0.0,0.0,0.0,0.5,1.0,0.25,0.0,desktop,ios,chrome
DEV_004093,12,0,0,0,0,1161.07,96.75583333333333,33.1,0.009575722228400476,0.0992479699931677,6,10,0,0,0.0,0.0,0.0,0.5,0.8333333333333334,0.0,0.0,mobile,ios,edge
DEV_002709,5,0,0,0,0,447.81,89.562,85.15,0.009558412452799819,0.0439246440620926,2,5,2,5,0.0,0.0,0.0,0.4,1.0,0.4,1.0,mobile,android,chrome
DEV_004351,9,0,0,0,0,544.99,60.55444444444444,42.82,0.009554731553750632,0.0441659772239652,7,8,3,0,0.0,0.0,0.0,0.7777777777777778,0.8888888888888888,0.3333333333333333,0.0,mobile,windows,safari
DEV_000942,9,0,0,0,0,1713.28,190.36444444444444,56.97,0.009550752153031375,0.0522253690505336,4,9,0,0,0.0,0.0,0.0,0.4444444444444444,1.0,0.0,0.0,mobile,macos,chrome
DEV_002934,14,0,0,0,0,1502.19,107.29928571428572,66.94,0.009521302685964609,0.0477104243753775,9,12,2,0,0.0,0.0,0.0,0.6428571428571429,0.8571428571428571,0.14285714285714285,0.0,mobile,macos,firefox
DEV_005655,5,0,0,0,0,453.68,90.736,82.18,0.00951398778008954,0.0413079369945248,1,4,0,0,0.0,0.0,0.0,0.2,0.8,0.0,0.0,mobile,android,firefox
DEV_006803,12,0,0,0,0,1556.74,129.72833333333332,85.8,0.009511851146106346,0.0559299560583999,5,12,2,0,0.0,0.0,0.0,0.4166666666666667,1.0,0.16666666666666666,0.0,mobile,windows,chrome
DEV_006540,4,0,0,0,0,123.39,30.8475,29.3,0.009505939497360035,0.0371054610788541,2,4,0,0,0.0,0.0,0.0,0.5,1.0,0.0,0.0,desktop,windows,chrome
DEV_005429,5,0,0,0,0,366.27,73.25399999999999,79.56,0.009487243291370758,0.0336016703301668,2,5,0,0,0.0,0.0,0.0,0.4,1.0,0.0,0.0,desktop,macos,chrome
DEV_005105,8,0,0,0,0,284.54,35.5675,25.21,0.00948394891760045,0.0361817343293946,4,8,1,0,0.0,0.0,0.0,0.5,1.0,0.125,0.0,mobile,linux,safari
DEV_003341,4,0,0,0,0,344.92,86.23,79.08,0.00947195815472395,0.0362192786198153,0,4,0,0,0.0,0.0,0.0,0.0,1.0,0.0,0.0,mobile,ios,chrome
DEV_007946,9,0,0,0,0,638.95,70.99444444444445,44.01,0.009449369140723923,0.054486386565157,6,9,2,0,0.0,0.0,0.0,0.6666666666666666,1.0,0.2222222222222222,0.0,mobile,android,firefox
DEV_001692,5,0,0,0,0,317.99,63.598,65.28,0.00944671743863482,0.0343268310532727,3,5,0,5,0.0,0.0,0.0,0.6,1.0,0.0,1.0,desktop,linux,edge
DEV_001971,10,0,0,0,0,2224.85,222.48499999999999,100.245,0.009445510261681198,0.0699199031252506,10,10,1,0,0.0,0.0,0.0,1.0,1.0,0.1,0.0,tablet,windows,chrome
DEV_000793,5,0,0,0,0,644.3399999999999,128.868,71.02,0.00942336629352718,0.0276644839404676,2,4,1,0,0.0,0.0,0.0,0.4,0.8,0.2,0.0,mobile,macos,safari
DEV_005764,5,0,0,0,0,216.32,43.263999999999996,47.71,0.00940863604658092,0.0380401461993282,3,4,0,0,0.0,0.0,0.0,0.6,0.8,0.0,0.0,desktop,ios,safari
DEV_005263,3,0,0,0,0,134.51,44.836666666666666,46.71,0.009402852516497466,0.0185634592902167,3,3,1,0,0.0,0.0,0.0,1.0,1.0,0.3333333333333333,0.0,mobile,ios,safari
DEV_004637,5,0,0,0,0,288.67,57.734,67.91,0.00938977277133858,0.0375280902257132,2,5,1,5,0.0,0.0,0.0,0.4,1.0,0.2,1.0,desktop,android,safari
DEV_001600,22,0,0,0,0,1888.41,85.83681818181819,60.650000000000006,0.009379477831611811,0.0759318918585447,13,18,1,0,0.0,0.0,0.0,0.5909090909090909,0.8181818181818182,0.045454545454545456,0.0,mobile,android,chrome
DEV_006779,9,0,0,0,0,2378.21,264.24555555555554,67.31,0.009379084569926692,0.0597105482984035,6,7,0,0,0.0,0.0,0.0,0.6666666666666666,0.7777777777777778,0.0,0.0,desktop,windows,chrome
DEV_000832,7,0,0,0,0,366.93,52.41857142857143,63.08,0.009378613819237871,0.0226870189754564,4,7,1,0,0.0,0.0,0.0,0.5714285714285714,1.0,0.14285714285714285,0.0,mobile,ios,safari
DEV_002132,4,0,0,0,0,199.53,49.8825,41.965,0.009341990978912326,0.0319986460851066,4,4,3,0,0.0,0.0,0.0,1.0,1.0,0.75,0.0,mobile,ios,chrome
DEV_005184,3,0,0,0,0,157.42999999999998,52.47666666666666,49.73,0.009324253340349033,0.0239189166102785,0,2,1,0,0.0,0.0,0.0,0.0,0.6666666666666666,0.3333333333333333,0.0,desktop,android,edge
DEV_004463,5,0,0,0,0,740.49,148.098,127.53,0.009319422965761399,0.0222974884072856,3,4,0,0,0.0,0.0,0.0,0.6,0.8,0.0,0.0,desktop,windows,edge
DEV_001535,6,0,0,0,0,564.4200000000001,94.07000000000001,74.76,0.009315731554850507,0.0547141389997499,2,6,0,0,0.0,0.0,0.0,0.3333333333333333,1.0,0.0,0.0,desktop,linux,chrome
DEV_003132,6,0,0,0,0,1601.21,266.86833333333334,255.685,0.00930304901142445,0.0381582607795431,2,4,1,0,0.0,0.0,0.0,0.3333333333333333,0.6666666666666666,0.16666666666666666,0.0,mobile,macos,edge
DEV_001122,5,0,0,0,0,488.98,97.796,56.02,0.00928013014904044,0.0329567018145086,0,4,1,0,0.0,0.0,0.0,0.0,0.8,0.2,0.0,mobile,linux,safari
DEV_003818,13,0,0,0,0,1624.9,124.9923076923077,47.74,0.009273750506721124,0.0431106130810454,9,13,0,0,0.0,0.0,0.0,0.6923076923076923,1.0,0.0,0.0,desktop,ios,chrome
DEV_003457,12,0,0,0,0,970.36,80.86333333333333,48.769999999999996,0.009270914179795484,0.0864573736402564,5,12,1,0,0.0,0.0,0.0,0.4166666666666667,1.0,0.08333333333333333,0.0,desktop,ios,safari
DEV_003070,7,0,0,0,0,622.23,88.89,62.73,0.009248685190302986,0.031024088944952,1,6,2,0,0.0,0.0,0.0,0.14285714285714285,0.8571428571428571,0.2857142857142857,0.0,mobile,macos,chrome
DEV_003617,4,0,0,0,0,180.28,45.07,36.105000000000004,0.009235777246010924,0.0344206755317052,2,2,0,0,0.0,0.0,0.0,0.5,0.5,0.0,0.0,mobile,macos,safari
DEV_007097,16,0,0,0,0,2372.54,148.28375,57.46,0.009226461817505287,0.1145673616586221,8,16,2,0,0.0,0.0,0.0,0.5,1.0,0.125,0.0,mobile,ios,chrome
DEV_005267,6,0,0,0,0,423.08000000000004,70.51333333333334,65.695,0.009218801328450673,0.0334474151573395,6,6,1,0,0.0,0.0,0.0,1.0,1.0,0.16666666666666666,0.0,mobile,ios,chrome
DEV_001296,7,0,0,0,0,505.4,72.2,96.38,0.009178549142838301,0.0403632316656572,2,7,0,0,0.0,0.0,0.0,0.2857142857142857,1.0,0.0,0.0,mobile,windows,chrome
DEV_001048,14,0,0,0,0,1705.62,121.83,117.83500000000001,0.009178463039389321,0.0675748799289355,8,12,1,0,0.0,0.0,0.0,0.5714285714285714,0.8571428571428571,0.07142857142857142,0.0,mobile,android,chrome
DEV_003728,3,0,0,0,0,170.09,56.696666666666665,30.98,0.0091654842524599,0.0192219523248604,1,2,0,3,0.0,0.0,0.0,0.3333333333333333,0.6666666666666666,0.0,1.0,mobile,android,firefox
DEV_000953,5,0,0,0,0,162.39000000000001,32.478,29.48,0.00912938378105216,0.0415068072104866,2,3,0,0,0.0,0.0,0.0,0.4,0.6,0.0,0.0,mobile,windows,firefox
DEV_004331,9,0,0,0,0,917.93,101.99222222222221,47.58,0.00912746917236869,0.0337864825138574,7,9,3,0,0.0,0.0,0.0,0.7777777777777778,1.0,0.3333333333333333,0.0,desktop,android,safari
DEV_005149,5,0,0,0,0,251.49,50.298,43.06,0.00911152534292284,0.039045404746398,4,5,1,0,0.0,0.0,0.0,0.8,1.0,0.2,0.0,desktop,android,edge
DEV_005440,10,0,0,0,0,695.11,69.511,53.595,0.009109986736917519,0.0611132149044967,7,10,1,0,0.0,0.0,0.0,0.7,1.0,0.1,0.0,desktop,ios,safari
DEV_001519,4,0,0,0,0,257.24,64.31,30.369999999999997,0.009101286916852525,0.026210380063684,2,4,2,0,0.0,0.0,0.0,0.5,1.0,0.5,0.0,mobile,android,firefox
DEV_000001,10,1,0,0,0,1973.3200000000002,197.33200000000002,153.97,0.0090941703954958,0.0517427069652605,8,10,3,0,0.1,0.0,0.0,0.8,1.0,0.3,0.0,mobile,android,chrome
DEV_007262,12,0,0,0,0,933.7399999999999,77.81166666666665,30.45,0.009091821029373167,0.0790952164499551,4,8,1,0,0.0,0.0,0.0,0.3333333333333333,0.6666666666666666,0.08333333333333333,0.0,desktop,windows,firefox
DEV_003111,6,0,0,0,0,254.05,42.34166666666667,46.035,0.009089957626037549,0.049110610798358,5,5,1,0,0.0,0.0,0.0,0.8333333333333334,0.8333333333333334,0.16666666666666666,0.0,mobile,windows,chrome
DEV_000811,11,0,0,0,0,937.0600000000001,85.18727272727273,87.2,0.00906926721722341,0.0279860689468927,3,11,0,0,0.0,0.0,0.0,0.2727272727272727,1.0,0.0,0.0,desktop,ios,firefox
DEV_006672,8,0,0,0,0,263.28,32.91,18.795,0.00905907418076991,0.0516519054241468,3,8,1,0,0.0,0.0,0.0,0.375,1.0,0.125,0.0,tablet,android,chrome
DEV_000690,8,0,0,0,0,845.99,105.74875,117.425,0.009056758747015024,0.0278455928105332,2,3,0,0,0.0,0.0,0.0,0.25,0.375,0.0,0.0,desktop,ios,safari
DEV_007322,9,0,0,0,0,483.68,53.742222222222225,35.51,0.009054687792800279,0.0445457416388766,2,7,2,0,0.0,0.0,0.0,0.2222222222222222,0.7777777777777778,0.2222222222222222,0.0,mobile,ios,chrome
DEV_006615,4,0,0,0,0,352.13,88.0325,68.025,0.00905005075014675,0.0189580446372493,2,3,2,0,0.0,0.0,0.0,0.5,0.75,0.5,0.0,mobile,android,firefox
DEV_003077,8,0,0,0,0,783.76,97.97,49.025,0.009044575286210775,0.0256420804179218,6,7,1,0,0.0,0.0,0.0,0.75,0.875,0.125,0.0,mobile,macos,chrome
DEV_002482,8,0,0,0,0,847.35,105.91875,62.489999999999995,0.009027127972931301,0.0678521900129953,3,6,2,0,0.0,0.0,0.0,0.375,0.75,0.25,0.0,mobile,macos,safari
DEV_007141,9,0,0,0,0,1263.01,140.33444444444444,106.05,0.009023900385128344,0.0332678553851281,3,8,0,0,0.0,0.0,0.0,0.3333333333333333,0.8888888888888888,0.0,0.0,mobile,android,chrome
DEV_002621,3,0,0,0,0,382.19,127.39666666666666,129.87,0.009013693745675833,0.024740730466074,2,3,0,0,0.0,0.0,0.0,0.6666666666666666,1.0,0.0,0.0,mobile,windows,edge
DEV_002247,7,0,0,0,0,402.13,57.44714285714286,45.47,0.009010941213249229,0.0230354775719485,5,7,0,0,0.0,0.0,0.0,0.7142857142857143,1.0,0.0,0.0,desktop,windows,chrome
DEV_002590,8,0,0,0,0,1220.78,152.5975,112.0,0.009003470878421663,0.0334835134156512,6,8,1,0,0.0,0.0,0.0,0.75,1.0,0.125,0.0,tablet,macos,safari
DEV_002028,4,0,0,0,0,644.22,161.055,138.285,0.00897334988160465,0.0285104287262932,2,4,0,0,0.0,0.0,0.0,0.5,1.0,0.0,0.0,mobile,android,safari
DEV_004876,5,0,0,0,0,328.73,65.74600000000001,47.26,0.008943779181735782,0.0337179174735683,2,5,0,0,0.0,0.0,0.0,0.4,1.0,0.0,0.0,desktop,android,firefox
DEV_000182,14,0,0,0,0,1404.58,100.32714285714285,74.575,0.008935528438276273,0.0552785870989852,5,12,0,0,0.0,0.0,0.0,0.35714285714285715,0.8571428571428571,0.0,0.0,desktop,linux,chrome
DEV_006255,12,0,0,0,0,1030.52,85.87666666666667,40.655,0.008935403401495633,0.0325635122841895,6,12,2,0,0.0,0.0,0.0,0.5,1.0,0.16666666666666666,0.0,mobile,android,chrome
DEV_005464,6,0,0,0,0,362.46000000000004,60.410000000000004,59.615,0.008932346034883099,0.0263622831502539,4,6,1,0,0.0,0.0,0.0,0.6666666666666666,1.0,0.16666666666666666,0.0,mobile,ios,firefox
DEV_000748,9,0,0,0,0,1368.45,152.05,53.18,0.008892818800828556,0.0426902064288427,3,9,0,0,0.0,0.0,0.0,0.3333333333333333,1.0,0.0,0.0,mobile,macos,chrome
DEV_005204,4,0,0,0,0,263.6,65.9,65.075,0.008889681758874,0.0242730723041649,0,1,1,4,0.0,0.0,0.0,0.0,0.25,0.25,1.0,mobile,linux,safari
DEV_007604,7,0,0,0,0,485.71999999999997,69.38857142857142,27.63,0.008874225568195704,0.0344952963001798,2,5,0,0,0.0,0.0,0.0,0.2857142857142857,0.7142857142857143,0.0,0.0,desktop,windows,edge
DEV_007349,4,0,0,0,0,640.69,160.1725,166.705,0.00886154982574715,0.028056100989102,0,3,0,0,0.0,0.0,0.0,0.0,0.75,0.0,0.0,mobile,macos,chrome
DEV_002881,13,0,0,0,0,1215.71,93.51615384615386,55.03,0.00884150029949223,0.0577695668403884,2,13,1,0,0.0,0.0,0.0,0.15384615384615385,1.0,0.07692307692307693,0.0,desktop,ios,chrome
DEV_007679,4,0,0,0,0,159.34,39.835,40.665,0.008797178375464426,0.0341041436824216,1,4,0,0,0.0,0.0,0.0,0.25,1.0,0.0,0.0,desktop,android,safari
DEV_006363,5,0,0,0,0,775.31,155.06199999999998,225.01,0.00878106143907656,0.0276137771911617,2,5,0,0,0.0,0.0,0.0,0.4,1.0,0.0,0.0,mobile,macos,chrome
DEV_007694,3,0,0,0,0,342.4,114.13333333333333,133.72,0.008745571686532299,0.0189628013145381,2,2,1,0,0.0,0.0,0.0,0.6666666666666666,0.6666666666666666,0.3333333333333333,0.0,mobile,ios,edge
DEV_004061,5,0,0,0,0,399.03,79.806,80.62,0.00873887973065558,0.0267058125352787,4,5,0,5,0.0,0.0,0.0,0.8,1.0,0.0,1.0,tablet,ios,firefox
DEV_002281,16,0,0,0,0,2312.45,144.528125,106.395,0.008732910346456364,0.0421104064143908,11,16,1,0,0.0,0.0,0.0,0.6875,1.0,0.0625,0.0,mobile,android,safari
DEV_000398,10,0,0,0,0,864.0699999999999,86.407,65.26,0.0087165187005636,0.0300210876106875,10,10,1,0,0.0,0.0,0.0,1.0,1.0,0.1,0.0,mobile,ios,chrome
DEV_006963,23,0,0,0,0,924.6,40.2,24.71,0.008694832283046478,0.1318232607380247,7,15,0,0,0.0,0.0,0.0,0.30434782608695654,0.6521739130434783,0.0,0.0,mobile,macos,chrome
DEV_004361,13,0,0,0,0,1144.8,88.06153846153846,55.75,0.008687659032665402,0.0452118288666773,6,13,2,0,0.0,0.0,0.0,0.46153846153846156,1.0,0.15384615384615385,0.0,desktop,android,chrome
DEV_003171,9,0,0,0,0,1274.03,141.55888888888887,110.12,0.008652007996282945,0.0321491052524296,6,7,0,0,0.0,0.0,0.0,0.6666666666666666,0.7777777777777778,0.0,0.0,desktop,android,edge
DEV_002183,4,0,0,0,0,857.75,214.4375,161.73,0.008629096091314925,0.022383258561501,1,1,0,4,0.0,0.0,0.0,0.25,0.25,0.0,1.0,desktop,ios,chrome
DEV_000731,4,0,0,0,0,650.91,162.7275,97.815,0.0086244117045491,0.0270240005719484,0,1,0,4,0.0,0.0,0.0,0.0,0.25,0.0,1.0,mobile,windows,chrome
DEV_002291,7,0,0,0,0,521.57,74.51,63.27,0.008589678429560486,0.0379657818668822,3,7,0,0,0.0,0.0,0.0,0.42857142857142855,1.0,0.0,0.0,mobile,android,chrome
DEV_003921,12,0,0,0,0,1767.33,147.2775,79.61,0.00855187824991655,0.0320768371430388,8,11,1,0,0.0,0.0,0.0,0.6666666666666666,0.9166666666666666,0.08333333333333333,0.0,mobile,android,firefox
DEV_005881,3,0,0,0,0,624.9200000000001,208.3066666666667,228.83,0.008544294335684733,0.0181851515635295,0,0,0,0,0.0,0.0,0.0,0.0,0.0,0.0,0.0,mobile,windows,chrome
DEV_004646,7,0,0,0,0,1306.3700000000001,186.62428571428572,85.23,0.008525128651864443,0.0277710241531026,2,7,1,0,0.0,0.0,0.0,0.2857142857142857,1.0,0.14285714285714285,0.0,mobile,android,edge
DEV_004305,7,0,0,0,0,521.05,74.43571428571428,53.56,0.008516307636740699,0.0384824044986527,3,6,2,7,0.0,0.0,0.0,0.42857142857142855,0.8571428571428571,0.2857142857142857,1.0,desktop,windows,edge
DEV_004379,3,0,0,0,0,315.92,105.30666666666667,112.71,0.008513739319675766,0.0209364168334775,0,3,0,0,0.0,0.0,0.0,0.0,1.0,0.0,0.0,mobile,android,chrome
DEV_002577,13,0,0,0,0,713.48,54.88307692307693,34.97,0.00851228053312843,0.0575477699314117,9,13,0,13,0.0,0.0,0.0,0.6923076923076923,1.0,0.0,1.0,mobile,linux,edge
DEV_007134,6,0,0,0,0,465.15,77.52499999999999,56.205,0.008499506891070475,0.0220870065920675,2,6,0,0,0.0,0.0,0.0,0.3333333333333333,1.0,0.0,0.0,mobile,macos,chrome
DEV_004144,12,0,0,0,0,1438.23,119.8525,70.57000000000001,0.008495792131462853,0.0633056294568837,8,10,0,0,0.0,0.0,0.0,0.6666666666666666,0.8333333333333334,0.0,0.0,mobile,ios,chrome
DEV_006182,7,0,0,0,0,1050.17,150.02428571428572,143.39,0.00847299382128523,0.0208580899803622,4,7,1,0,0.0,0.0,0.0,0.5714285714285714,1.0,0.14285714285714285,0.0,mobile,android,firefox
DEV_002624,3,0,0,0,0,316.01,105.33666666666666,126.82,0.008472903278159766,0.0210981756663864,1,2,1,0,0.0,0.0,0.0,0.3333333333333333,0.6666666666666666,0.3333333333333333,0.0,tablet,windows,edge
DEV_005130,15,0,0,0,0,2003.65,133.57666666666668,132.98,0.00846343953373798,0.0436925328298924,4,9,3,0,0.0,0.0,0.0,0.26666666666666666,0.6,0.2,0.0,mobile,android,safari
DEV_001481,13,0,0,0,0,583.1,44.853846153846156,40.43,0.008460291096693377,0.0457629620975014,3,13,1,0,0.0,0.0,0.0,0.23076923076923078,1.0,0.07692307692307693,0.0,mobile,android,firefox
DEV_006643,6,0,0,0,0,761.85,126.97500000000001,78.99000000000001,0.008444961595093616,0.0184467762981685,3,5,0,0,0.0,0.0,0.0,0.5,0.8333333333333334,0.0,0.0,mobile,android,firefox
DEV_005200,3,0,0,0,0,530.1600000000001,176.72000000000003,81.75,0.0084365057677275,0.0199345638484032,1,3,1,0,0.0,0.0,0.0,0.3333333333333333,1.0,0.3333333333333333,0.0,mobile,windows,chrome
DEV_002584,9,0,0,0,0,819.38,91.04222222222222,74.69,0.008433637633703354,0.0256138680805829,3,8,0,0,0.0,0.0,0.0,0.3333333333333333,0.8888888888888888,0.0,0.0,mobile,android,edge
DEV_003466,6,0,0,0,0,348.38,58.06333333333333,60.30500000000001,0.0084251313278159,0.0283289028504387,5,6,1,6,0.0,0.0,0.0,0.8333333333333334,1.0,0.16666666666666666,1.0,desktop,linux,safari
DEV_005772,9,0,0,0,0,1374.85,152.7611111111111,97.54,0.008418286206257706,0.0558088563522426,6,9,1,9,0.0,0.0,0.0,0.6666666666666666,1.0,0.1111111111111111,1.0,mobile,android,edge
DEV_002783,6,0,0,0,0,153.95999999999998,25.659999999999997,24.65,0.008415207963411503,0.0487870288386148,2,6,1,0,0.0,0.0,0.0,0.3333333333333333,1.0,0.16666666666666666,0.0,mobile,android,safari
DEV_007162,3,0,0,0,0,141.03,47.01,42.84,0.008399168894862733,0.0245668697941622,0,3,0,3,0.0,0.0,0.0,0.0,1.0,0.0,1.0,mobile,android,firefox
DEV_004684,17,0,0,0,0,1928.18,113.42235294117647,43.83,0.008390414071339693,0.061535222758416,4,17,3,0,0.0,0.0,0.0,0.23529411764705882,1.0,0.17647058823529413,0.0,mobile,macos,chrome
DEV_006039,5,0,0,0,0,259.08,51.815999999999995,48.22,0.008390398276451261,0.0210315978430048,0,5,1,0,0.0,0.0,0.0,0.0,1.0,0.2,0.0,mobile,android,safari
DEV_006918,5,0,0,0,0,1289.34,257.868,182.47,0.0083708131940668,0.0293600570284024,3,5,0,0,0.0,0.0,0.0,0.6,1.0,0.0,0.0,mobile,android,firefox
DEV_006291,16,0,0,0,0,1091.7,68.23125,39.41,0.008361303043583962,0.0605270188004394,4,14,4,0,0.0,0.0,0.0,0.25,0.875,0.25,0.0,mobile,macos,chrome
DEV_004110,11,0,0,0,0,831.17,75.56090909090909,62.01,0.008351023778410972,0.0337782509912472,5,11,0,0,0.0,0.0,0.0,0.45454545454545453,1.0,0.0,0.0,mobile,android,chrome
DEV_003197,3,0,0,0,0,123.67,41.223333333333336,24.2,0.008343397034303833,0.0213285719115709,1,2,0,0,0.0,0.0,0.0,0.3333333333333333,0.6666666666666666,0.0,0.0,mobile,macos,chrome
DEV_000459,4,0,0,0,0,214.31,53.5775,55.0,0.0083408016754167,0.0179043190034529,1,3,1,0,0.0,0.0,0.0,0.25,0.75,0.25,0.0,desktop,android,chrome
DEV_006815,7,0,0,0,0,598.8100000000001,85.54428571428572,42.28,0.008331951041498514,0.0239323884273719,0,5,1,0,0.0,0.0,0.0,0.0,0.7142857142857143,0.14285714285714285,0.0,desktop,windows,firefox
DEV_001607,25,0,0,0,0,2454.83,98.19319999999999,83.55,0.008323173291798302,0.1132713027534382,9,22,3,0,0.0,0.0,0.0,0.36,0.88,0.12,0.0,mobile,android,chrome
DEV_000329,7,0,0,0,0,415.95,59.42142857142857,41.15,0.00831709018208004,0.027167276716617,2,7,0,0,0.0,0.0,0.0,0.2857142857142857,1.0,0.0,0.0,desktop,ios,chrome
DEV_003508,11,0,0,0,0,1286.07,116.91545454545454,42.48,0.0083124653412135,0.0415366753511099,5,11,1,0,0.0,0.0,0.0,0.45454545454545453,1.0,0.09090909090909091,0.0,mobile,ios,edge
DEV_004565,6,0,0,0,0,208.84,34.806666666666665,31.509999999999998,0.008311822038988266,0.0415666179330728,1,6,0,0,0.0,0.0,0.0,0.16666666666666666,1.0,0.0,0.0,mobile,ios,firefox
DEV_007407,5,0,0,0,0,285.91,57.182,61.2,0.008309707216138601,0.0203067269817952,5,5,2,5,0.0,0.0,0.0,1.0,1.0,0.4,1.0,mobile,android,chrome
DEV_006021,4,0,0,0,0,1301.74,325.435,194.79999999999998,0.008289597232129221,0.0250009934964408,2,3,0,0,0.0,0.0,0.0,0.5,0.75,0.0,0.0,desktop,android,chrome
DEV_002560,9,0,0,0,0,919.32,102.14666666666668,60.71,0.008281094796906033,0.0255357898498518,2,5,0,0,0.0,0.0,0.0,0.2222222222222222,0.5555555555555556,0.0,0.0,mobile,windows,chrome
DEV_006698,21,0,0,0,0,1629.57,77.59857142857143,57.0,0.008265476654625944,0.0484587079586146,12,16,4,0,0.0,0.0,0.0,0.5714285714285714,0.7619047619047619,0.19047619047619047,0.0,mobile,ios,chrome
DEV_007080,3,0,0,0,0,124.86,41.62,33.35,0.008259360197628065,0.0205770246579606,2,3,0,0,0.0,0.0,0.0,0.6666666666666666,1.0,0.0,0.0,mobile,android,chrome
DEV_000502,14,0,0,0,0,2786.5099999999998,199.03642857142856,159.225,0.008224792482460658,0.0704167941780629,8,13,1,0,0.0,0.0,0.0,0.5714285714285714,0.9285714285714286,0.07142857142857142,0.0,mobile,ios,chrome
DEV_006637,9,0,0,0,0,473.69,52.632222222222225,38.95,0.008223763214677663,0.055744520506326,4,4,1,0,0.0,0.0,0.0,0.4444444444444444,0.4444444444444444,0.1111111111111111,0.0,mobile,android,safari
DEV_005341,8,0,0,0,0,473.73,59.21625,64.77,0.008221547304132238,0.0217463521150678,6,7,1,0,0.0,0.0,0.0,0.75,0.875,0.125,0.0,mobile,android,chrome
DEV_003450,5,0,0,0,0,1649.59,329.918,25.4,0.00821934093105826,0.0399858694990533,4,5,0,0,0.0,0.0,0.0,0.8,1.0,0.0,0.0,tablet,android,edge
DEV_005302,3,0,0,0,0,211.41,70.47,15.16,0.008215311572800832,0.0233863200000787,1,3,1,0,0.0,0.0,0.0,0.3333333333333333,1.0,0.3333333333333333,0.0,mobile,ios,firefox
DEV_006010,16,0,0,0,0,1302.96,81.435,55.455,0.008210075607426544,0.047474289325764,9,14,0,0,0.0,0.0,0.0,0.5625,0.875,0.0,0.0,mobile,windows,safari
DEV_001173,3,0,0,0,0,414.57,138.19,74.82,0.008201871974079735,0.0241627876144977,1,1,0,0,0.0,0.0,0.0,0.3333333333333333,0.3333333333333333,0.0,0.0,mobile,android,chrome
DEV_006001,8,0,0,0,0,823.34,102.9175,36.615,0.008200621465145958,0.0392484143070499,3,5,0,0,0.0,0.0,0.0,0.375,0.625,0.0,0.0,mobile,android,chrome
DEV_007215,5,0,0,0,0,663.06,132.612,107.62,0.008160991023308979,0.0230260835656337,3,5,1,0,0.0,0.0,0.0,0.6,1.0,0.2,0.0,mobile,ios,edge
DEV_007091,8,0,0,0,0,1126.75,140.84375,90.78,0.008156505662343388,0.0596693562398086,3,7,1,0,0.0,0.0,0.0,0.375,0.875,0.125,0.0,desktop,windows,edge
DEV_000980,15,0,0,0,0,1176.54,78.43599999999999,44.96,0.00814170747402152,0.0717752138041933,9,15,3,0,0.0,0.0,0.0,0.6,1.0,0.2,0.0,mobile,windows,safari
DEV_006630,8,0,0,0,0,666.35,83.29375,45.035,0.008117578061000363,0.0267603989234311,3,6,0,8,0.0,0.0,0.0,0.375,0.75,0.0,1.0,mobile,android,firefox
DEV_006202,12,0,0,0,0,681.86,56.821666666666665,43.95,0.008113105602398075,0.0515868856615367,6,8,1,0,0.0,0.0,0.0,0.5,0.6666666666666666,0.08333333333333333,0.0,desktop,windows,chrome
DEV_006461,7,0,0,0,0,476.46,68.06571428571428,50.29,0.008102968494443656,0.0225334349516972,4,7,2,0,0.0,0.0,0.0,0.5714285714285714,1.0,0.2857142857142857,0.0,desktop,android,edge
DEV_003217,13,0,0,0,0,1667.64,128.28,75.89,0.008093932329529822,0.0770122447586882,9,13,3,0,0.0,0.0,0.0,0.6923076923076923,1.0,0.23076923076923078,0.0,mobile,ios,safari
DEV_000123,4,0,0,0,0,725.98,181.495,75.245,0.008075867408982465,0.0303294234381398,2,4,0,4,0.0,0.0,0.0,0.5,1.0,0.0,1.0,tablet,macos,chrome
DEV_003175,3,0,0,0,0,173.35000000000002,57.78333333333334,59.61,0.008074433142047267,0.0198882982027517,2,3,0,0,0.0,0.0,0.0,0.6666666666666666,1.0,0.0,0.0,mobile,android,safari
DEV_000940,3,0,0,0,0,168.21,56.07,46.09,0.008055412422176934,0.0237273177818246,2,3,0,0,0.0,0.0,0.0,0.6666666666666666,1.0,0.0,0.0,tablet,ios,firefox
DEV_002889,6,0,0,0,0,142.81,23.801666666666666,22.42,0.008048380137300816,0.0211908362993717,3,4,1,0,0.0,0.0,0.0,0.5,0.6666666666666666,0.16666666666666666,0.0,desktop,ios,firefox
DEV_006106,4,0,0,0,0,278.89,69.7225,67.055,0.008001885755153124,0.0270342017890671,3,3,1,0,0.0,0.0,0.0,0.75,0.75,0.25,0.0,mobile,macos,firefox
DEV_004544,5,0,0,0,0,596.24,119.248,134.19,0.00799555695423002,0.0230527861338617,4,5,0,0,0.0,0.0,0.0,0.8,1.0,0.0,0.0,desktop,android,edge
DEV_000213,15,0,0,0,0,1428.94,95.26266666666668,83.63,0.007993059477098557,0.0519238877388679,6,12,0,0,0.0,0.0,0.0,0.4,0.8,0.0,0.0,mobile,windows,firefox
DEV_005170,7,0,0,0,0,361.86,51.69428571428572,41.99,0.007985925459041313,0.025069920252084,3,7,0,0,0.0,0.0,0.0,0.42857142857142855,1.0,0.0,0.0,mobile,macos,safari
DEV_007469,3,0,0,0,0,105.58,35.193333333333335,15.46,0.007964974795621466,0.023537989343093,0,2,1,3,0.0,0.0,0.0,0.0,0.6666666666666666,0.3333333333333333,1.0,mobile,windows,edge
DEV_003255,6,0,0,0,0,483.82000000000005,80.63666666666667,71.02000000000001,0.00795807022903285,0.0248423813921131,2,4,1,0,0.0,0.0,0.0,0.3333333333333333,0.6666666666666666,0.16666666666666666,0.0,mobile,windows,chrome
DEV_007981,5,0,0,0,0,717.76,143.552,113.98,0.0079560784499981,0.0170981046458826,1,1,1,0,0.0,0.0,0.0,0.2,0.2,0.2,0.0,mobile,android,chrome
DEV_001572,17,0,0,0,0,1107.3500000000001,65.13823529411765,42.81,0.007951955947734426,0.0630704240284515,9,14,3,0,0.0,0.0,0.0,0.5294117647058824,0.8235294117647058,0.17647058823529413,0.0,mobile,android,firefox
DEV_001082,7,0,0,0,0,803.52,114.78857142857143,52.39,0.007942991682259596,0.0219080819265217,2,7,0,0,0.0,0.0,0.0,0.2857142857142857,1.0,0.0,0.0,mobile,ios,chrome
DEV_000414,11,0,0,0,0,580.15,52.74090909090909,34.84,0.00794104986986311,0.0227369423770455,3,8,1,0,0.0,0.0,0.0,0.2727272727272727,0.7272727272727273,0.09090909090909091,0.0,mobile,ios,safari
DEV_001802,3,0,0,0,0,147.22,49.07333333333333,43.07,0.007934819997984267,0.0215535688218699,1,3,0,0,0.0,0.0,0.0,0.3333333333333333,1.0,0.0,0.0,desktop,android,safari
DEV_000516,7,0,0,0,0,637.25,91.03571428571429,62.54,0.007933928108045201,0.051088757054281,3,6,0,0,0.0,0.0,0.0,0.42857142857142855,0.8571428571428571,0.0,0.0,mobile,ios,edge
DEV_004761,10,0,0,0,0,395.90000000000003,39.59,34.795,0.00790689626148421,0.0614815186239016,1,10,0,0,0.0,0.0,0.0,0.1,1.0,0.0,0.0,desktop,macos,chrome
DEV_000546,20,0,0,0,0,1477.93,73.8965,49.75,0.007906570196504573,0.0410490230660071,12,20,2,0,0.0,0.0,0.0,0.6,1.0,0.1,0.0,mobile,android,safari
DEV_002869,4,0,0,0,0,563.5,140.875,68.2,0.007904304394352631,0.0271973563614434,1,4,0,0,0.0,0.0,0.0,0.25,1.0,0.0,0.0,desktop,windows,firefox
DEV_004866,6,0,0,0,0,640.7,106.78333333333335,97.37,0.007885969085136467,0.0312687317004848,4,6,0,6,0.0,0.0,0.0,0.6666666666666666,1.0,0.0,1.0,desktop,windows,chrome
DEV_006747,18,0,0,0,0,1227.6399999999999,68.20222222222222,64.47,0.007872940541437229,0.0664326930751196,8,11,0,0,0.0,0.0,0.0,0.4444444444444444,0.6111111111111112,0.0,0.0,desktop,ios,safari
DEV_003848,11,0,0,0,0,395.22,35.92909090909091,28.28,0.007856690093609918,0.0492971505139055,5,10,1,11,0.0,0.0,0.0,0.45454545454545453,0.9090909090909091,0.09090909090909091,1.0,desktop,android,chrome
DEV_003082,5,0,0,0,0,346.29,69.25800000000001,70.77,0.00784503227195248,0.0286638806492451,2,3,0,0,0.0,0.0,0.0,0.4,0.6,0.0,0.0,mobile,ios,chrome
DEV_004510,7,0,0,0,0,628.14,89.73428571428572,60.78,0.007818323379844772,0.0498399243778184,6,7,2,0,0.0,0.0,0.0,0.8571428571428571,1.0,0.2857142857142857,0.0,mobile,android,chrome
DEV_007016,10,0,0,0,0,391.71,39.171,20.87,0.0078079678446979816,0.0362737217742483,3,9,5,0,0.0,0.0,0.0,0.3,0.9,0.5,0.0,mobile,android,safari
DEV_007684,15,0,0,0,0,693.11,46.20733333333333,25.05,0.007806320668953918,0.0663850404396732,9,11,2,0,0.0,0.0,0.0,0.6,0.7333333333333333,0.13333333333333333,0.0,mobile,android,safari
DEV_007492,3,0,0,0,0,269.37,89.79,45.13,0.007806169557135766,0.0121094279512509,0,3,1,0,0.0,0.0,0.0,0.0,1.0,0.3333333333333333,0.0,mobile,macos,chrome
DEV_002163,4,0,0,0,0,243.79,60.9475,39.730000000000004,0.0077965710704808,0.0295929032480623,0,4,0,0,0.0,0.0,0.0,0.0,1.0,0.0,0.0,desktop,ios,safari
DEV_004626,5,0,0,0,0,369.15,73.83,62.4,0.00779341876982904,0.0168213545721557,3,3,0,0,0.0,0.0,0.0,0.6,0.6,0.0,0.0,mobile,macos,firefox
DEV_002737,3,0,0,0,0,770.94,256.98,264.1,0.007786203041323134,0.0210604227847599,2,2,0,0,0.0,0.0,0.0,0.6666666666666666,0.6666666666666666,0.0,0.0,mobile,macos,chrome
DEV_007677,4,0,0,0,0,673.89,168.4725,125.405,0.007783367469496375,0.0181328688736516,2,4,0,0,0.0,0.0,0.0,0.5,1.0,0.0,0.0,mobile,macos,safari
DEV_002053,3,0,0,0,0,225.25,75.08333333333333,68.19,0.007774808626801366,0.0227467074005711,1,3,0,0,0.0,0.0,0.0,0.3333333333333333,1.0,0.0,0.0,mobile,macos,chrome
DEV_001096,9,0,0,0,0,455.92,50.65777777777778,30.19,0.007770009895312045,0.0653750245104125,4,7,1,0,0.0,0.0,0.0,0.4444444444444444,0.7777777777777778,0.1111111111111111,0.0,desktop,android,chrome
DEV_007468,5,0,0,0,0,566.45,113.29,147.36,0.007769303317741699,0.0195412312851255,4,5,0,0,0.0,0.0,0.0,0.8,1.0,0.0,0.0,mobile,ios,edge
DEV_007944,10,0,0,0,0,1782.02,178.202,124.965,0.00776737127330609,0.0722467188958911,6,10,1,10,0.0,0.0,0.0,0.6,1.0,0.1,1.0,desktop,android,chrome
DEV_002868,12,0,0,0,0,1591.18,132.59833333333333,85.89,0.007745431105359691,0.0437191388079493,6,12,2,0,0.0,0.0,0.0,0.5,1.0,0.16666666666666666,0.0,mobile,windows,chrome
DEV_005657,11,0,0,0,0,979.03,89.00272727272727,27.28,0.007735613989641537,0.0305718959897512,5,11,0,0,0.0,0.0,0.0,0.45454545454545453,1.0,0.0,0.0,mobile,ios,safari
DEV_005762,8,0,0,0,0,521.8100000000001,65.22625000000001,55.655,0.007706677483537762,0.0332043575585382,4,6,0,0,0.0,0.0,0.0,0.5,0.75,0.0,0.0,mobile,ios,chrome
DEV_000490,5,0,0,0,0,1010.1,202.02,235.59,0.007698870549270741,0.034788335815087,4,5,0,0,0.0,0.0,0.0,0.8,1.0,0.0,0.0,mobile,macos,safari
DEV_001368,5,0,0,0,0,417.69,83.538,41.99,0.007698337264840839,0.0258688709742839,2,5,1,0,0.0,0.0,0.0,0.4,1.0,0.2,0.0,mobile,macos,chrome
DEV_007335,4,0,0,0,0,681.28,170.32,102.555,0.007690189474007375,0.0182549556097808,0,4,0,0,0.0,0.0,0.0,0.0,1.0,0.0,0.0,desktop,windows,chrome
DEV_004903,12,0,0,0,0,917.23,76.43583333333333,51.474999999999994,0.007685844322163411,0.0494793382917596,4,12,1,0,0.0,0.0,0.0,0.3333333333333333,1.0,0.08333333333333333,0.0,mobile,ios,chrome
DEV_001483,7,0,0,0,0,888.62,126.94571428571429,106.26,0.007683809660414786,0.0349752593918598,3,7,0,0,0.0,0.0,0.0,0.42857142857142855,1.0,0.0,0.0,mobile,ios,firefox
DEV_003518,4,0,0,0,0,573.94,143.485,83.21000000000001,0.0076691099575126,0.0289386192386598,1,4,1,0,0.0,0.0,0.0,0.25,1.0,0.25,0.0,mobile,ios,edge
DEV_002554,3,0,0,0,0,569.4499999999999,189.81666666666663,38.52,0.007646171223439834,0.022327069737959,3,3,1,0,0.0,0.0,0.0,1.0,1.0,0.3333333333333333,0.0,mobile,android,edge
DEV_007394,8,0,0,0,0,2411.36,301.42,197.10000000000002,0.007640926020929466,0.0320107980490155,6,8,0,0,0.0,0.0,0.0,0.75,1.0,0.0,0.0,tablet,macos,chrome
DEV_001228,9,0,0,0,0,646.62,71.84666666666666,54.31,0.007625966998389589,0.0547459536798566,6,9,2,0,0.0,0.0,0.0,0.6666666666666666,1.0,0.2222222222222222,0.0,mobile,ios,edge
DEV_002507,10,0,0,0,0,1207.36,120.73599999999999,128.85999999999999,0.007617489264966072,0.0332279789814286,5,10,0,0,0.0,0.0,0.0,0.5,1.0,0.0,0.0,desktop,windows,safari
DEV_000418,7,0,0,0,0,957.2199999999999,136.74571428571429,118.81,0.007610489633849971,0.0350404949582034,2,5,1,0,0.0,0.0,0.0,0.2857142857142857,0.7142857142857143,0.14285714285714285,0.0,mobile,macos,chrome
DEV_005666,4,0,0,0,0,237.96,59.49,45.375,0.007601777734963225,0.0156263717943733,0,4,1,0,0.0,0.0,0.0,0.0,1.0,0.25,0.0,tablet,macos,chrome
DEV_003444,12,0,0,0,0,534.04,44.50333333333333,18.85,0.0076009687546815625,0.0545257547890648,5,12,1,12,0.0,0.0,0.0,0.4166666666666667,1.0,0.08333333333333333,1.0,mobile,android,chrome
DEV_001143,12,0,0,0,0,1915.24,159.60333333333332,94.9,0.007598332518952817,0.0272622581452234,5,11,3,0,0.0,0.0,0.0,0.4166666666666667,0.9166666666666666,0.25,0.0,desktop,macos,firefox
DEV_000817,3,0,0,0,0,843.99,281.33,266.18,0.0075967874933167,0.0213821780374149,3,3,0,0,0.0,0.0,0.0,1.0,1.0,0.0,0.0,desktop,macos,chrome
DEV_004430,5,0,0,0,0,370.38,74.076,74.15,0.007594554321763379,0.0324013347438819,2,5,0,0,0.0,0.0,0.0,0.4,1.0,0.0,0.0,desktop,macos,chrome
DEV_003256,9,0,0,0,0,1168.24,129.80444444444444,94.61,0.007593924466768535,0.0289433998674872,4,8,0,0,0.0,0.0,0.0,0.4444444444444444,0.8888888888888888,0.0,0.0,desktop,ios,chrome
DEV_003933,8,0,0,0,0,629.78,78.7225,67.375,0.007572712005991718,0.0240843453016171,5,7,0,0,0.0,0.0,0.0,0.625,0.875,0.0,0.0,mobile,android,chrome
DEV_006685,6,0,0,0,0,658.5600000000001,109.76,79.705,0.007569122551955333,0.017810442221078,0,6,0,0,0.0,0.0,0.0,0.0,1.0,0.0,0.0,tablet,android,chrome
DEV_001609,5,0,0,0,0,544.0,108.8,123.7,0.007564078471239938,0.0289195598971997,0,5,0,0,0.0,0.0,0.0,0.0,1.0,0.0,0.0,desktop,ios,firefox
DEV_006993,5,0,0,0,0,307.21999999999997,61.443999999999996,28.63,0.007542045466537477,0.0307947550234384,4,5,1,0,0.0,0.0,0.0,0.8,1.0,0.2,0.0,mobile,macos,firefox
DEV_001632,6,0,0,0,0,1229.53,204.92166666666665,127.77000000000001,0.00753653206484745,0.037806793953618,4,6,1,6,0.0,0.0,0.0,0.6666666666666666,1.0,0.16666666666666666,1.0,desktop,linux,chrome
DEV_007664,6,0,0,0,0,921.68,153.61333333333332,147.97500000000002,0.007531660093051617,0.0267142683465596,4,5,0,0,0.0,0.0,0.0,0.6666666666666666,0.8333333333333334,0.0,0.0,mobile,macos,chrome
DEV_004054,12,1,0,0,0,469.08,39.089999999999996,20.205,0.007528852576543917,0.0265534832679596,4,5,2,0,0.08333333333333333,0.0,0.0,0.3333333333333333,0.4166666666666667,0.16666666666666666,0.0,mobile,windows,edge
DEV_006391,8,0,0,0,0,1387.19,173.39875,125.17,0.007521461868324771,0.0179140606129911,3,8,0,0,0.0,0.0,0.0,0.375,1.0,0.0,0.0,tablet,macos,firefox
DEV_007956,3,0,0,0,0,289.8,96.60000000000001,53.18,0.0075208041695584,0.0216719464497057,1,3,1,0,0.0,0.0,0.0,0.3333333333333333,1.0,0.3333333333333333,0.0,desktop,ios,chrome
DEV_002870,9,0,0,0,0,1123.19,124.7988888888889,68.78,0.007505253571433178,0.0575454424724739,4,9,1,0,0.0,0.0,0.0,0.4444444444444444,1.0,0.1111111111111111,0.0,mobile,windows,safari
DEV_000505,7,0,0,0,0,653.58,93.36857142857143,64.21,0.007499297656438699,0.0431693559521053,6,7,1,0,0.0,0.0,0.0,0.8571428571428571,1.0,0.14285714285714285,0.0,mobile,android,chrome
DEV_007986,4,0,0,0,0,380.81,95.2025,85.215,0.0074588619725000005,0.0134196713066961,0,4,0,0,0.0,0.0,0.0,0.0,1.0,0.0,0.0,mobile,windows,safari
DEV_004772,3,0,0,0,0,527.4,175.79999999999998,71.62,0.007450178193318799,0.0220614215739916,1,3,0,0,0.0,0.0,0.0,0.3333333333333333,1.0,0.0,0.0,desktop,macos,chrome
DEV_002342,7,0,0,0,0,463.91999999999996,66.27428571428571,20.19,0.007443656399763471,0.0461307296316396,4,7,1,0,0.0,0.0,0.0,0.5714285714285714,1.0,0.14285714285714285,0.0,tablet,macos,safari
DEV_003345,10,0,0,0,0,945.41,94.541,55.485,0.007441383048959511,0.0350560060667487,9,10,2,0,0.0,0.0,0.0,0.9,1.0,0.2,0.0,mobile,windows,chrome
DEV_003331,9,0,0,0,0,1048.6599999999999,116.51777777777777,67.13,0.007421257144765177,0.0583476012151414,8,9,1,0,0.0,0.0,0.0,0.8888888888888888,1.0,0.1111111111111111,0.0,mobile,macos,chrome
DEV_003610,15,0,0,0,0,639.51,42.634,37.18,0.00740538861162016,0.0492540201364361,5,9,2,0,0.0,0.0,0.0,0.3333333333333333,0.6,0.13333333333333333,0.0,mobile,macos,safari
DEV_005838,4,0,0,0,0,212.46,53.115,41.025,0.007403638806114073,0.0290440687480681,1,4,0,0,0.0,0.0,0.0,0.25,1.0,0.0,0.0,mobile,windows,edge
DEV_001138,7,0,0,0,0,1428.0,204.0,142.2,0.007397414788412201,0.0348098270821287,6,7,1,0,0.0,0.0,0.0,0.8571428571428571,1.0,0.14285714285714285,0.0,desktop,macos,safari
DEV_005702,15,0,0,0,0,1333.05,88.86999999999999,81.18,0.007396451534545222,0.0266568532480482,6,13,0,0,0.0,0.0,0.0,0.4,0.8666666666666667,0.0,0.0,mobile,windows,chrome
DEV_000612,8,1,0,0,0,764.4,95.55,89.99000000000001,0.007388631695876675,0.0254996957692631,2,5,2,0,0.125,0.0,0.0,0.25,0.625,0.25,0.0,mobile,android,chrome
DEV_006333,3,0,0,0,0,263.41999999999996,87.80666666666666,38.88,0.007387629675618935,0.0191228353952191,0,3,0,3,0.0,0.0,0.0,0.0,1.0,0.0,1.0,desktop,windows,safari
DEV_000735,4,0,0,0,0,234.74,58.685,38.769999999999996,0.0073861632445853,0.0286333354221061,1,4,1,4,0.0,0.0,0.0,0.25,1.0,0.25,1.0,mobile,android,chrome
DEV_004690,8,0,0,0,0,768.26,96.0325,63.614999999999995,0.0073782462560105,0.0553268892603723,4,8,1,0,0.0,0.0,0.0,0.5,1.0,0.125,0.0,tablet,ios,chrome
DEV_005163,3,0,0,0,0,469.39,156.46333333333334,210.18,0.007375987258584334,0.0136636288282898,0,2,0,0,0.0,0.0,0.0,0.0,0.6666666666666666,0.0,0.0,mobile,android,chrome
DEV_000541,13,0,0,0,0,1352.3400000000001,104.02615384615386,73.81,0.007356467899332822,0.0701771852318978,5,13,1,0,0.0,0.0,0.0,0.38461538461538464,1.0,0.07692307692307693,0.0,mobile,ios,edge
DEV_007799,9,0,0,0,0,295.37,32.81888888888889,31.2,0.007329719754849058,0.0478792762281897,3,7,3,0,0.0,0.0,0.0,0.3333333333333333,0.7777777777777778,0.3333333333333333,0.0,desktop,ios,chrome
DEV_003674,4,0,0,0,0,165.36,41.34,15.285,0.00732617253271715,0.0282309116581583,2,4,0,0,0.0,0.0,0.0,0.5,1.0,0.0,0.0,mobile,android,edge
DEV_007703,7,0,0,0,0,745.3,106.47142857142856,54.72,0.007313651301503757,0.0202041295395657,4,7,1,0,0.0,0.0,0.0,0.5714285714285714,1.0,0.14285714285714285,0.0,tablet,android,safari
DEV_006037,6,0,0,0,0,604.15,100.69166666666666,64.05,0.007309960421989299,0.0385687933845298,2,2,0,6,0.0,0.0,0.0,0.3333333333333333,0.3333333333333333,0.0,1.0,mobile,windows,edge
DEV_004693,6,0,0,0,0,720.52,120.08666666666666,24.7,0.007308148818589367,0.0410926839395935,2,6,0,0,0.0,0.0,0.0,0.3333333333333333,1.0,0.0,0.0,desktop,android,safari
DEV_005536,11,0,0,0,0,933.29,84.84454545454545,53.51,0.007299015188430396,0.043492034479087,5,9,2,0,0.0,0.0,0.0,0.45454545454545453,0.8181818181818182,0.18181818181818182,0.0,mobile,windows,firefox
DEV_003470,10,0,0,0,0,337.06,33.706,23.814999999999998,0.00728690104110003,0.0615847519698406,2,10,0,0,0.0,0.0,0.0,0.2,1.0,0.0,0.0,mobile,windows,chrome
DEV_004784,5,0,0,0,0,398.64,79.728,75.35,0.007284363502653558,0.0221389785654223,4,5,1,0,0.0,0.0,0.0,0.8,1.0,0.2,0.0,mobile,ios,firefox
DEV_007192,14,0,0,0,0,629.8,44.98571428571428,41.405,0.00727980998698337,0.0440610480320951,4,10,1,0,0.0,0.0,0.0,0.2857142857142857,0.7142857142857143,0.07142857142857142,0.0,tablet,macos,chrome
DEV_000375,4,0,0,0,0,577.21,144.3025,173.805,0.0072721934445587,0.0242294513159995,1,4,0,4,0.0,0.0,0.0,0.25,1.0,0.0,1.0,mobile,android,chrome
DEV_000188,6,0,0,0,0,530.5600000000001,88.42666666666668,57.45,0.0072484501588829,0.0243845367995428,1,6,1,0,0.0,0.0,0.0,0.16666666666666666,1.0,0.16666666666666666,0.0,desktop,ios,safari
DEV_002918,7,0,0,0,0,687.25,98.17857142857143,67.54,0.007244339517736029,0.0413746186955699,4,6,1,0,0.0,0.0,0.0,0.5714285714285714,0.8571428571428571,0.14285714285714285,0.0,desktop,android,edge
DEV_005006,7,0,0,0,0,386.84000000000003,55.26285714285715,43.51,0.007244280312935871,0.0354941506408081,6,6,1,0,0.0,0.0,0.0,0.8571428571428571,0.8571428571428571,0.14285714285714285,0.0,mobile,windows,chrome
DEV_004649,3,0,0,0,0,246.39,82.13,75.82,0.0072411435665745,0.021294870764364,0,3,0,0,0.0,0.0,0.0,0.0,1.0,0.0,0.0,mobile,android,safari
DEV_002214,6,0,0,0,0,226.59,37.765,37.230000000000004,0.007234666365458049,0.0421220928290182,4,6,0,0,0.0,0.0,0.0,0.6666666666666666,1.0,0.0,0.0,mobile,macos,safari
DEV_001454,14,0,0,0,0,584.88,41.777142857142856,38.875,0.007222392836584002,0.0282775150983448,7,12,2,0,0.0,0.0,0.0,0.5,0.8571428571428571,0.14285714285714285,0.0,tablet,ios,firefox
DEV_000075,3,0,0,0,0,479.34000000000003,159.78,44.53,0.00721946889662,0.0189643357685201,3,3,0,0,0.0,0.0,0.0,1.0,1.0,0.0,0.0,mobile,windows,chrome
DEV_006195,14,0,0,0,0,728.94,52.06714285714286,28.509999999999998,0.007219434013367622,0.0485305597647829,9,11,0,0,0.0,0.0,0.0,0.6428571428571429,0.7857142857142857,0.0,0.0,mobile,linux,edge
DEV_001817,10,0,0,0,0,571.17,57.117,43.83,0.00721087876765202,0.025529084739654,8,10,1,0,0.0,0.0,0.0,0.8,1.0,0.1,0.0,mobile,ios,chrome
DEV_003654,3,0,0,0,0,533.9,177.96666666666667,82.43,0.0071969069219423336,0.0146163762034303,1,3,1,0,0.0,0.0,0.0,0.3333333333333333,1.0,0.3333333333333333,0.0,mobile,ios,edge
DEV_004490,3,0,0,0,0,269.86,89.95333333333333,48.11,0.007195588733174891,0.0213085576543868,0,0,0,3,0.0,0.0,0.0,0.0,0.0,0.0,1.0,tablet,android,chrome
DEV_007495,5,0,0,0,0,171.82,34.364,27.1,0.0071895380202669406,0.0227406176440026,4,5,0,5,0.0,0.0,0.0,0.8,1.0,0.0,1.0,mobile,windows,firefox
DEV_002261,18,0,0,0,0,1406.76,78.15333333333334,67.28,0.007170931910286403,0.033441365422496,6,15,1,0,0.0,0.0,0.0,0.3333333333333333,0.8333333333333334,0.05555555555555555,0.0,mobile,windows,safari
DEV_000477,11,0,0,0,0,921.7,83.7909090909091,74.61,0.007164169111674155,0.0452286848855866,4,8,1,0,0.0,0.0,0.0,0.36363636363636365,0.7272727272727273,0.09090909090909091,0.0,desktop,windows,chrome
DEV_003324,12,0,0,0,0,1173.31,97.77583333333332,71.785,0.007155429195237759,0.0442392831614805,5,10,1,0,0.0,0.0,0.0,0.4166666666666667,0.8333333333333334,0.08333333333333333,0.0,mobile,android,chrome
DEV_004582,6,0,0,0,0,777.35,129.55833333333334,120.665,0.007128016023682001,0.0377701369360277,4,5,0,0,0.0,0.0,0.0,0.6666666666666666,0.8333333333333334,0.0,0.0,desktop,macos,chrome
DEV_007716,9,0,0,0,0,889.27,98.80777777777777,77.87,0.0070951287090774435,0.0180156066182675,3,9,1,0,0.0,0.0,0.0,0.3333333333333333,1.0,0.1111111111111111,0.0,mobile,ios,firefox
DEV_004124,4,0,0,0,0,820.92,205.23,197.48499999999999,0.0070940819956053745,0.0131784546244268,2,4,0,0,0.0,0.0,0.0,0.5,1.0,0.0,0.0,desktop,macos,chrome
DEV_001987,8,0,0,0,0,1041.6200000000001,130.20250000000001,107.08000000000001,0.007083933906128228,0.0498228349491587,2,7,0,0,0.0,0.0,0.0,0.25,0.875,0.0,0.0,mobile,android,safari
DEV_001329,6,0,0,0,0,798.22,133.03666666666666,104.245,0.007083134239941083,0.0379629413667179,4,6,1,6,0.0,0.0,0.0,0.6666666666666666,1.0,0.16666666666666666,1.0,tablet,android,chrome
DEV_003381,10,0,0,0,0,544.64,54.464,59.045,0.007082338740246938,0.0322436036963747,4,10,0,0,0.0,0.0,0.0,0.4,1.0,0.0,0.0,mobile,android,chrome
DEV_005817,7,0,0,0,0,613.01,87.57285714285715,54.46,0.0070785094001146135,0.0228521210425467,1,4,1,7,0.0,0.0,0.0,0.14285714285714285,0.5714285714285714,0.14285714285714285,1.0,mobile,ios,chrome
DEV_006874,5,0,0,0,0,1119.47,223.894,316.27,0.007057037685881699,0.0136118294127808,2,5,0,0,0.0,0.0,0.0,0.4,1.0,0.0,0.0,mobile,ios,edge
DEV_002272,4,0,0,0,0,821.21,205.3025,182.29,0.00705610887057225,0.0225599827798883,2,3,0,0,0.0,0.0,0.0,0.5,0.75,0.0,0.0,mobile,windows,chrome
DEV_006328,7,0,0,0,0,490.38,70.05428571428571,57.03,0.007030204133711829,0.0417278172026156,2,7,1,0,0.0,0.0,0.0,0.2857142857142857,1.0,0.14285714285714285,0.0,desktop,macos,edge
DEV_005484,15,0,0,0,0,861.63,57.442,33.99,0.007012350454014769,0.0466557463571466,6,14,2,0,0.0,0.0,0.0,0.4,0.9333333333333333,0.13333333333333333,0.0,mobile,android,chrome
DEV_001549,3,0,0,0,0,152.44,50.81333333333333,42.97,0.007001673741321033,0.0139163517101873,2,2,0,0,0.0,0.0,0.0,0.6666666666666666,0.6666666666666666,0.0,0.0,desktop,ios,safari
DEV_007430,5,0,0,0,0,237.48999999999998,47.498,41.61,0.0069980082690468196,0.0311853605928861,3,5,0,0,0.0,0.0,0.0,0.6,1.0,0.0,0.0,mobile,ios,chrome
DEV_005912,3,0,0,0,0,236.18,78.72666666666667,58.54,0.006982911140689634,0.0166696733564945,2,3,0,3,0.0,0.0,0.0,0.6666666666666666,1.0,0.0,1.0,mobile,ios,firefox
DEV_004732,3,0,0,0,0,186.47000000000003,62.15666666666667,49.21,0.006978914085070034,0.0200677419240292,1,3,0,0,0.0,0.0,0.0,0.3333333333333333,1.0,0.0,0.0,desktop,ios,safari
DEV_007564,7,0,0,0,0,476.15,68.02142857142857,41.56,0.006971215440579814,0.0190094278080901,4,5,1,0,0.0,0.0,0.0,0.5714285714285714,0.7142857142857143,0.14285714285714285,0.0,desktop,android,chrome
DEV_000185,19,0,0,0,0,1015.66,53.455789473684206,38.39,0.006967503440858652,0.0771319005225429,9,19,3,19,0.0,0.0,0.0,0.47368421052631576,1.0,0.15789473684210525,1.0,mobile,android,chrome
DEV_003267,8,0,0,0,0,903.9200000000001,112.99000000000001,73.32,0.006941240148470575,0.0194001664931447,2,7,1,0,0.0,0.0,0.0,0.25,0.875,0.125,0.0,mobile,windows,safari
DEV_002123,8,0,0,0,0,434.37,54.29625,26.275,0.006940790170947638,0.0405965853655587,5,8,0,0,0.0,0.0,0.0,0.625,1.0,0.0,0.0,desktop,android,edge
DEV_006681,3,0,0,0,0,92.76,30.92,26.52,0.0069377558406485,0.017364194776159,3,3,0,0,0.0,0.0,0.0,1.0,1.0,0.0,0.0,desktop,macos,chrome
DEV_005857,14,0,0,0,0,1790.47,127.89071428571428,84.22,0.006934135691090965,0.0427838005810671,5,14,2,0,0.0,0.0,0.0,0.35714285714285715,1.0,0.14285714285714285,0.0,mobile,macos,safari
DEV_005206,13,0,0,0,0,2254.48,173.42153846153846,94.38,0.0069308846725174,0.0745740762011921,6,13,1,0,0.0,0.0,0.0,0.46153846153846156,1.0,0.07692307692307693,0.0,tablet,linux,firefox
DEV_003680,8,0,0,0,0,1353.8600000000001,169.23250000000002,84.915,0.006929625985947787,0.0434690892469932,6,8,2,8,0.0,0.0,0.0,0.75,1.0,0.25,1.0,mobile,macos,chrome
DEV_000978,13,0,0,0,0,1463.5,112.57692307692308,80.78,0.006893424104420078,0.0380404583005993,4,9,1,0,0.0,0.0,0.0,0.3076923076923077,0.6923076923076923,0.07692307692307693,0.0,mobile,android,chrome
DEV_007125,7,0,0,0,0,255.18,36.45428571428572,32.98,0.006875526000463329,0.0447519378906529,2,7,0,7,0.0,0.0,0.0,0.2857142857142857,1.0,0.0,1.0,desktop,ios,safari
DEV_007177,6,0,0,0,0,505.42999999999995,84.23833333333333,51.58,0.006874457819011749,0.0317083261184448,4,6,0,0,0.0,0.0,0.0,0.6666666666666666,1.0,0.0,0.0,desktop,android,chrome
DEV_000338,4,0,0,0,0,513.43,128.3575,91.295,0.00687425254994485,0.0207856292808567,3,4,0,0,0.0,0.0,0.0,0.75,1.0,0.0,0.0,desktop,ios,firefox
DEV_002478,6,0,0,0,0,192.24,32.04,32.655,0.006844541231986217,0.0396519205954382,1,6,0,6,0.0,0.0,0.0,0.16666666666666666,1.0,0.0,1.0,mobile,ios,chrome
DEV_004048,6,0,0,0,0,440.83,73.47166666666666,71.175,0.006832767088745233,0.0186384616333731,1,5,0,0,0.0,0.0,0.0,0.16666666666666666,0.8333333333333334,0.0,0.0,mobile,android,chrome
DEV_004396,9,0,0,0,0,565.77,62.86333333333333,59.0,0.0068301375265377,0.0321524581739588,6,9,0,9,0.0,0.0,0.0,0.6666666666666666,1.0,0.0,1.0,mobile,android,firefox
DEV_003247,7,0,0,0,0,805.41,115.05857142857143,89.14,0.006824833204429197,0.0338407660522795,0,3,0,0,0.0,0.0,0.0,0.0,0.42857142857142855,0.0,0.0,mobile,macos,firefox
DEV_002843,4,0,0,0,0,128.78,32.195,31.39,0.00680832055396485,0.026280253898786,2,2,0,0,0.0,0.0,0.0,0.5,0.5,0.0,0.0,mobile,windows,edge
DEV_001029,6,0,0,0,0,391.3,65.21666666666667,54.989999999999995,0.0068034195573069165,0.0281369784572531,5,5,1,0,0.0,0.0,0.0,0.8333333333333334,0.8333333333333334,0.16666666666666666,0.0,desktop,ios,edge
DEV_006423,4,0,0,0,0,248.55,62.1375,44.410000000000004,0.006802257891733014,0.0164212075885837,1,1,0,0,0.0,0.0,0.0,0.25,0.25,0.0,0.0,mobile,android,edge
DEV_005286,6,0,0,0,0,621.73,103.62166666666667,66.035,0.006797443459755734,0.0237262094915979,1,5,1,0,0.0,0.0,0.0,0.16666666666666666,0.8333333333333334,0.16666666666666666,0.0,tablet,ios,firefox
DEV_007433,4,0,0,0,0,183.6,45.9,45.035,0.006797049950678,0.0257747610861673,4,4,1,0,0.0,0.0,0.0,1.0,1.0,0.25,0.0,mobile,macos,firefox
DEV_003744,17,0,0,0,0,1213.88,71.40470588235294,40.4,0.00679102250545644,0.0516181832591572,9,15,3,0,0.0,0.0,0.0,0.5294117647058824,0.8823529411764706,0.17647058823529413,0.0,mobile,windows,firefox
DEV_002231,5,0,0,0,0,451.19,90.238,74.87,0.006783128402495139,0.0298686620098792,2,5,1,5,0.0,0.0,0.0,0.4,1.0,0.2,1.0,mobile,android,chrome
DEV_007731,14,0,0,0,0,1959.32,139.95142857142858,51.44,0.0067716356453719,0.0851788736059501,9,13,0,0,0.0,0.0,0.0,0.6428571428571429,0.9285714285714286,0.0,0.0,mobile,macos,edge
DEV_002937,3,0,0,0,0,368.11,122.70333333333333,68.1,0.0067413266621539,0.0192790442090638,2,3,0,0,0.0,0.0,0.0,0.6666666666666666,1.0,0.0,0.0,mobile,android,chrome
DEV_007360,3,0,0,0,0,87.2,29.066666666666666,18.22,0.006734855132751234,0.0181718083319529,3,3,1,0,0.0,0.0,0.0,1.0,1.0,0.3333333333333333,0.0,desktop,android,firefox
DEV_003757,16,0,0,0,0,1934.06,120.87875,65.86500000000001,0.006732083761307794,0.0806322511261778,3,9,5,16,0.0,0.0,0.0,0.1875,0.5625,0.3125,1.0,mobile,android,edge
DEV_001901,5,0,0,0,0,533.12,106.624,45.66,0.006731185919874432,0.0289687861500678,2,5,0,0,0.0,0.0,0.0,0.4,1.0,0.0,0.0,mobile,ios,firefox
DEV_005995,4,0,0,0,0,180.88,45.22,26.575,0.006712977457150932,0.0259436183067577,3,3,0,0,0.0,0.0,0.0,0.75,0.75,0.0,0.0,desktop,ios,chrome
DEV_005814,8,0,0,0,0,800.66,100.0825,101.2,0.0066946339614227125,0.0483067260756577,6,8,0,0,0.0,0.0,0.0,0.75,1.0,0.0,0.0,mobile,linux,safari
DEV_000244,5,0,0,0,0,451.79999999999995,90.35999999999999,57.54,0.006689323074525121,0.0160330915458127,2,3,1,0,0.0,0.0,0.0,0.4,0.6,0.2,0.0,mobile,android,chrome
DEV_001012,13,0,0,0,0,1259.89,96.91461538461539,80.33,0.006689300380007961,0.0293939753535478,5,13,1,0,0.0,0.0,0.0,0.38461538461538464,1.0,0.07692307692307693,0.0,mobile,android,safari
DEV_006639,6,0,0,0,0,880.58,146.76333333333335,68.77,0.006666145724888317,0.0249042779966482,3,6,0,0,0.0,0.0,0.0,0.5,1.0,0.0,0.0,mobile,macos,edge
DEV_002551,22,0,0,0,0,2503.7999999999997,113.8090909090909,56.33,0.006642860432132838,0.0567160918027622,8,17,1,0,0.0,0.0,0.0,0.36363636363636365,0.7727272727272727,0.045454545454545456,0.0,mobile,windows,chrome
DEV_007680,4,0,0,0,0,634.6800000000001,158.67000000000002,92.36000000000001,0.006634893156058825,0.0208718509033853,3,4,0,0,0.0,0.0,0.0,0.75,1.0,0.0,0.0,tablet,macos,firefox
DEV_001355,3,0,0,0,0,906.21,302.07,201.21,0.006633560493313033,0.0190486216554864,2,3,0,0,0.0,0.0,0.0,0.6666666666666666,1.0,0.0,0.0,mobile,ios,edge
DEV_004795,8,0,0,0,0,451.22999999999996,56.403749999999995,43.095,0.006630253945938888,0.0322753208066825,4,8,0,0,0.0,0.0,0.0,0.5,1.0,0.0,0.0,desktop,android,edge
DEV_006155,5,0,0,0,0,310.7,62.14,65.52,0.00662856045980118,0.0136249692592721,4,5,0,0,0.0,0.0,0.0,0.8,1.0,0.0,0.0,desktop,android,chrome
DEV_007673,12,0,0,0,0,1943.58,161.965,62.665,0.0066219045967383,0.0204046443537335,6,11,0,0,0.0,0.0,0.0,0.5,0.9166666666666666,0.0,0.0,desktop,windows,safari
DEV_007287,3,0,0,0,0,75.73,25.243333333333336,25.06,0.006618107294237767,0.0113489071426012,0,3,0,3,0.0,0.0,0.0,0.0,1.0,0.0,1.0,mobile,macos,chrome
DEV_000971,6,0,0,0,0,283.95,47.324999999999996,38.035,0.0066095662703439,0.0374114996251729,1,4,2,0,0.0,0.0,0.0,0.16666666666666666,0.6666666666666666,0.3333333333333333,0.0,mobile,android,chrome
DEV_007675,3,0,0,0,0,163.94,54.64666666666667,50.06,0.0066082824915854,0.017987236056887,3,3,0,0,0.0,0.0,0.0,1.0,1.0,0.0,0.0,desktop,linux,chrome
DEV_006144,8,0,0,0,0,529.88,66.235,36.975,0.006603919300390228,0.0275070715798623,2,8,0,0,0.0,0.0,0.0,0.25,1.0,0.0,0.0,tablet,android,safari
DEV_001176,5,0,0,0,0,310.64000000000004,62.12800000000001,47.01,0.006569043120469085,0.0271626141111424,2,5,0,0,0.0,0.0,0.0,0.4,1.0,0.0,0.0,mobile,macos,chrome
DEV_002190,3,0,0,0,0,327.90000000000003,109.30000000000001,44.03,0.006562258019627566,0.0193007554382033,3,3,0,3,0.0,0.0,0.0,1.0,1.0,0.0,1.0,mobile,ios,chrome
DEV_001282,20,0,0,0,0,1195.28,59.763999999999996,52.635,0.006559308014333907,0.0230057653020122,10,20,3,0,0.0,0.0,0.0,0.5,1.0,0.15,0.0,mobile,ios,firefox
DEV_007750,4,0,0,0,0,165.37,41.3425,38.43,0.006548465451283325,0.0242699109390771,2,4,0,4,0.0,0.0,0.0,0.5,1.0,0.0,1.0,desktop,windows,chrome
DEV_004304,5,0,0,0,0,595.6999999999999,119.13999999999999,85.54,0.00654693070389466,0.0195800528316799,4,5,0,0,0.0,0.0,0.0,0.8,1.0,0.0,0.0,desktop,android,chrome
DEV_005172,9,0,0,0,0,329.86,36.65111111111111,35.87,0.006542146416938855,0.0275691602038883,4,6,2,0,0.0,0.0,0.0,0.4444444444444444,0.6666666666666666,0.2222222222222222,0.0,tablet,linux,firefox
DEV_001528,7,0,0,0,0,508.34,72.61999999999999,34.52,0.006541608265065414,0.0388981495147527,4,6,2,0,0.0,0.0,0.0,0.5714285714285714,0.8571428571428571,0.2857142857142857,0.0,mobile,android,chrome
DEV_003261,9,0,0,0,0,893.16,99.24,102.26,0.0065271407599484885,0.0336091410005496,4,9,3,0,0.0,0.0,0.0,0.4444444444444444,1.0,0.3333333333333333,0.0,mobile,ios,chrome
DEV_001731,6,0,0,0,0,475.75,79.29166666666667,25.345,0.006525419257975184,0.0349463996465547,4,5,0,0,0.0,0.0,0.0,0.6666666666666666,0.8333333333333334,0.0,0.0,mobile,android,safari
DEV_000713,7,0,0,0,0,369.53999999999996,52.79142857142857,52.98,0.006522728416571666,0.04476151448385,1,7,1,0,0.0,0.0,0.0,0.14285714285714285,1.0,0.14285714285714285,0.0,tablet,ios,safari
DEV_004220,5,0,0,0,0,238.32999999999998,47.666,31.75,0.00649885855125624,0.0312891735948133,4,5,1,0,0.0,0.0,0.0,0.8,1.0,0.2,0.0,mobile,windows,edge
DEV_004820,15,0,0,0,0,604.77,40.318,27.26,0.006478349651308515,0.0896377879204695,6,13,2,0,0.0,0.0,0.0,0.4,0.8666666666666667,0.13333333333333333,0.0,mobile,macos,chrome
DEV_003208,10,0,0,0,0,469.42,46.942,49.455,0.006470390477961841,0.0315164305538447,6,10,2,0,0.0,0.0,0.0,0.6,1.0,0.2,0.0,mobile,macos,safari
DEV_003667,7,0,0,0,0,2021.69,288.8128571428571,108.77,0.0064623473546907995,0.0237762662414114,1,6,2,0,0.0,0.0,0.0,0.14285714285714285,0.8571428571428571,0.2857142857142857,0.0,mobile,macos,chrome
DEV_001453,5,0,0,0,0,913.54,182.708,170.25,0.00646059564925888,0.0189455127128118,2,5,1,0,0.0,0.0,0.0,0.4,1.0,0.2,0.0,desktop,android,firefox
DEV_007831,11,0,0,0,0,414.38,37.67090909090909,18.15,0.006457363961953844,0.0178226856525278,5,6,0,0,0.0,0.0,0.0,0.45454545454545453,0.5454545454545454,0.0,0.0,mobile,macos,safari
DEV_004775,4,0,0,0,0,767.22,191.805,141.735,0.00645705840431945,0.0157797345313483,2,4,1,0,0.0,0.0,0.0,0.5,1.0,0.25,0.0,desktop,android,firefox
DEV_003985,7,0,0,0,0,1574.4700000000003,224.92428571428576,137.87,0.006451328323053495,0.0229509584471254,4,7,2,0,0.0,0.0,0.0,0.5714285714285714,1.0,0.2857142857142857,0.0,desktop,android,chrome
DEV_007266,5,0,0,0,0,660.67,132.134,58.36,0.0064157254217375795,0.021079720535233,3,5,1,0,0.0,0.0,0.0,0.6,1.0,0.2,0.0,mobile,linux,chrome
DEV_000441,4,0,0,0,0,97.61,24.4025,20.04,0.006413138034466724,0.0232116144277452,1,4,0,4,0.0,0.0,0.0,0.25,1.0,0.0,1.0,mobile,linux,firefox
DEV_004785,5,0,0,0,0,408.08,81.616,33.16,0.0063897631733301,0.0159874948859584,3,5,1,0,0.0,0.0,0.0,0.6,1.0,0.2,0.0,mobile,android,safari
DEV_007532,4,0,0,0,0,391.02,97.755,95.86500000000001,0.006380666073956275,0.0141309686997621,1,4,0,0,0.0,0.0,0.0,0.25,1.0,0.0,0.0,desktop,windows,chrome
DEV_001949,4,0,0,0,0,569.25,142.3125,108.52499999999999,0.006378078941829625,0.0157363669545585,2,3,0,0,0.0,0.0,0.0,0.5,0.75,0.0,0.0,mobile,windows,chrome
DEV_007779,13,0,0,0,0,1704.83,131.14076923076922,101.42,0.006375954865604046,0.0581430534330626,8,12,0,0,0.0,0.0,0.0,0.6153846153846154,0.9230769230769231,0.0,0.0,mobile,android,chrome
DEV_002906,5,0,0,0,0,305.48,61.096000000000004,56.03,0.00637587452787098,0.0163513542238728,0,5,0,0,0.0,0.0,0.0,0.0,1.0,0.0,0.0,mobile,android,edge
DEV_006161,5,0,0,0,0,472.46,94.49199999999999,32.76,0.00636271996602678,0.0311080395819197,0,5,2,0,0.0,0.0,0.0,0.0,1.0,0.4,0.0,mobile,windows,chrome
DEV_007441,4,0,0,0,0,107.17,26.7925,25.305,0.006352864040153575,0.0123317576281294,1,2,1,4,0.0,0.0,0.0,0.25,0.5,0.25,1.0,mobile,android,chrome
DEV_005693,14,0,0,0,0,960.69,68.62071428571429,66.17,0.006340383857459171,0.0430126396487975,3,10,2,0,0.0,0.0,0.0,0.21428571428571427,0.7142857142857143,0.14285714285714285,0.0,mobile,windows,chrome
DEV_005630,4,0,0,0,0,203.29999999999998,50.824999999999996,23.439999999999998,0.006337693799063525,0.0194339795035067,1,3,1,0,0.0,0.0,0.0,0.25,0.75,0.25,0.0,desktop,macos,chrome
DEV_003037,3,0,0,0,0,180.22,60.07333333333333,52.93,0.006337136075768901,0.0123545317884011,1,2,1,0,0.0,0.0,0.0,0.3333333333333333,0.6666666666666666,0.3333333333333333,0.0,mobile,macos,edge
DEV_006032,6,0,0,0,0,189.48000000000002,31.580000000000002,30.415,0.006329387890261266,0.0175245083826456,3,4,0,6,0.0,0.0,0.0,0.5,0.6666666666666666,0.0,1.0,desktop,windows,firefox
DEV_004794,8,0,0,0,0,212.38,26.5475,19.75,0.0063210250146615125,0.0269735972707651,4,4,0,0,0.0,0.0,0.0,0.5,0.5,0.0,0.0,mobile,ios,chrome
DEV_001965,4,0,0,0,0,254.45,63.6125,57.709999999999994,0.006315982708258475,0.0126208228087746,2,4,0,4,0.0,0.0,0.0,0.5,1.0,0.0,1.0,tablet,android,firefox
DEV_007937,7,0,0,0,0,844.87,120.69571428571429,103.46,0.006307764015305786,0.0236298294834093,4,7,0,0,0.0,0.0,0.0,0.5714285714285714,1.0,0.0,0.0,mobile,ios,safari
DEV_005596,4,0,0,0,0,676.91,169.2275,130.29,0.006294890842167977,0.0218684383465753,3,3,1,0,0.0,0.0,0.0,0.75,0.75,0.25,0.0,mobile,android,chrome
DEV_006933,10,0,0,0,0,844.5699999999999,84.457,54.980000000000004,0.006275118731838426,0.0309189216335986,5,8,3,0,0.0,0.0,0.0,0.5,0.8,0.3,0.0,mobile,windows,safari
DEV_001246,6,0,0,0,0,333.21000000000004,55.535000000000004,47.075,0.006250324100306717,0.0210863725596349,2,4,1,0,0.0,0.0,0.0,0.3333333333333333,0.6666666666666666,0.16666666666666666,0.0,mobile,android,chrome
DEV_005987,9,0,0,0,0,400.59,44.51,30.58,0.006243559332717345,0.0485173484209399,3,9,2,0,0.0,0.0,0.0,0.3333333333333333,1.0,0.2222222222222222,0.0,mobile,windows,edge
DEV_001544,12,0,0,0,0,809.2099999999999,67.43416666666666,36.055,0.006229534990148457,0.0260343252036789,4,10,4,0,0.0,0.0,0.0,0.3333333333333333,0.8333333333333334,0.3333333333333333,0.0,mobile,linux,safari
DEV_007434,5,0,0,0,0,365.94,73.188,36.11,0.00620453827479782,0.0254406675045466,3,5,0,5,0.0,0.0,0.0,0.6,1.0,0.0,1.0,desktop,android,edge
DEV_001736,7,0,0,0,0,3927.36,561.0514285714286,53.14,0.006203342742038628,0.0218451389872619,3,7,0,7,0.0,0.0,0.0,0.42857142857142855,1.0,0.0,1.0,mobile,windows,firefox
DEV_007094,9,0,0,0,0,637.29,70.81,69.65,0.0061868955290182446,0.0254651438566877,2,8,0,0,0.0,0.0,0.0,0.2222222222222222,0.8888888888888888,0.0,0.0,desktop,macos,chrome
DEV_005260,4,0,0,0,0,378.04999999999995,94.51249999999999,112.955,0.0061832098186512,0.0180035461045382,3,3,0,0,0.0,0.0,0.0,0.75,0.75,0.0,0.0,desktop,windows,safari
DEV_002235,8,0,0,0,0,443.05,55.38125,51.105000000000004,0.006176035040458138,0.0288080342472526,4,8,0,0,0.0,0.0,0.0,0.5,1.0,0.0,0.0,mobile,android,chrome
DEV_007153,7,0,0,0,0,425.67,60.81,53.02,0.006158549804439452,0.0329755330721078,2,7,0,7,0.0,0.0,0.0,0.2857142857142857,1.0,0.0,1.0,mobile,android,safari
DEV_001003,3,0,0,0,0,398.69,132.89666666666668,158.72,0.006151941865614367,0.0158669616290781,1,3,0,0,0.0,0.0,0.0,0.3333333333333333,1.0,0.0,0.0,mobile,ios,chrome
DEV_003697,8,0,0,0,0,803.8199999999999,100.47749999999999,64.91,0.006147714673072738,0.0147398982955255,3,7,1,0,0.0,0.0,0.0,0.375,0.875,0.125,0.0,desktop,ios,chrome
DEV_004194,4,0,0,0,0,262.68,65.67,54.730000000000004,0.00614630940086545,0.0213099138229073,2,4,2,0,0.0,0.0,0.0,0.5,1.0,0.5,0.0,mobile,ios,chrome
DEV_004919,3,0,0,0,0,248.85999999999999,82.95333333333333,83.35,0.006144633659530434,0.015209968007308,0,3,0,0,0.0,0.0,0.0,0.0,1.0,0.0,0.0,mobile,android,chrome
DEV_004273,4,0,0,0,0,475.44,118.86,57.81,0.0061393468669902,0.0229484254344005,1,2,1,4,0.0,0.0,0.0,0.25,0.5,0.25,1.0,desktop,windows,edge
DEV_002789,13,0,0,0,0,575.4,44.26153846153846,38.7,0.006135765400141515,0.040768541819566,7,13,0,0,0.0,0.0,0.0,0.5384615384615384,1.0,0.0,0.0,mobile,macos,edge
DEV_000140,7,0,0,0,0,929.14,132.7342857142857,73.79,0.0061349074083714575,0.0275789083987663,5,6,0,7,0.0,0.0,0.0,0.7142857142857143,0.8571428571428571,0.0,1.0,mobile,ios,firefox
DEV_004037,4,0,0,0,0,156.47,39.1175,34.245000000000005,0.006131297014719331,0.0201593021598442,0,1,1,0,0.0,0.0,0.0,0.0,0.25,0.25,0.0,desktop,windows,chrome
DEV_003435,6,0,0,0,0,929.82,154.97,124.725,0.006078958125392517,0.0184467897391878,1,6,1,0,0.0,0.0,0.0,0.16666666666666666,1.0,0.16666666666666666,0.0,desktop,android,chrome
DEV_006113,3,0,0,0,0,155.07999999999998,51.69333333333333,23.49,0.006076221114141734,0.0156901092000262,2,3,0,0,0.0,0.0,0.0,0.6666666666666666,1.0,0.0,0.0,mobile,ios,safari
DEV_007657,3,0,0,0,0,186.71,62.23666666666667,68.4,0.006062767712424433,0.0170858630832746,0,3,2,3,0.0,0.0,0.0,0.0,1.0,0.6666666666666666,1.0,mobile,ios,chrome
DEV_001840,4,0,0,0,0,1322.51,330.6275,333.56,0.0060602150359167,0.0189658564782489,1,4,0,0,0.0,0.0,0.0,0.25,1.0,0.0,0.0,mobile,android,safari
DEV_003935,6,0,0,0,0,283.08000000000004,47.18000000000001,32.74,0.006058231308134034,0.0238981771423627,5,6,2,0,0.0,0.0,0.0,0.8333333333333334,1.0,0.3333333333333333,0.0,mobile,macos,edge
DEV_002992,5,0,0,0,0,259.27,51.854,55.72,0.00605059642063362,0.0284908927244482,3,5,0,5,0.0,0.0,0.0,0.6,1.0,0.0,1.0,mobile,windows,edge
DEV_005795,5,0,0,0,0,660.16,132.03199999999998,74.62,0.00601601666126364,0.0149876612963169,3,4,1,0,0.0,0.0,0.0,0.6,0.8,0.2,0.0,desktop,windows,edge
DEV_003778,5,0,0,0,0,756.99,151.398,123.39,0.0060110143590562356,0.0152610738587809,0,5,0,0,0.0,0.0,0.0,0.0,1.0,0.0,0.0,mobile,ios,chrome
DEV_000119,15,0,0,0,0,2358.1099999999997,157.2073333333333,132.62,0.00598735611315256,0.0302794915425107,9,14,3,0,0.0,0.0,0.0,0.6,0.9333333333333333,0.2,0.0,mobile,windows,chrome
DEV_006780,9,0,0,0,0,886.86,98.54,86.38,0.005986229877972822,0.0409018633481816,6,9,1,0,0.0,0.0,0.0,0.6666666666666666,1.0,0.1111111111111111,0.0,tablet,ios,chrome
DEV_000178,7,0,0,0,0,600.0799999999999,85.72571428571428,84.75,0.005985212764376971,0.0394710821277219,4,6,0,0,0.0,0.0,0.0,0.5714285714285714,0.8571428571428571,0.0,0.0,desktop,windows,chrome
DEV_006311,5,0,0,0,0,246.21999999999997,49.24399999999999,30.46,0.00598327991060758,0.028742013938114,3,5,0,5,0.0,0.0,0.0,0.6,1.0,0.0,1.0,mobile,android,chrome
DEV_005393,4,0,0,0,0,392.32,98.08,69.315,0.0059823401575225255,0.0201565128586677,0,4,0,0,0.0,0.0,0.0,0.0,1.0,0.0,0.0,desktop,windows,firefox
DEV_002468,4,0,0,0,0,125.03999999999999,31.259999999999998,25.435,0.0059817891398425,0.0228154001572827,2,4,0,0,0.0,0.0,0.0,0.5,1.0,0.0,0.0,mobile,windows,edge
DEV_001198,7,0,0,0,0,826.1,118.01428571428572,82.39,0.005978975361726857,0.0234100568087476,3,5,1,0,0.0,0.0,0.0,0.42857142857142855,0.7142857142857143,0.14285714285714285,0.0,mobile,windows,safari
DEV_000254,13,0,0,0,0,1405.3899999999999,108.10692307692307,84.32,0.005973231526519392,0.0280230100141207,8,13,1,0,0.0,0.0,0.0,0.6153846153846154,1.0,0.07692307692307693,0.0,mobile,windows,firefox
DEV_004193,5,0,0,0,0,671.8199999999999,134.36399999999998,78.97,0.00596455001162836,0.0183205116385173,3,5,2,0,0.0,0.0,0.0,0.6,1.0,0.4,0.0,mobile,linux,edge
DEV_004163,21,0,0,0,0,1160.24,55.24952380952381,26.67,0.005964101222757219,0.076291407660146,7,17,4,0,0.0,0.0,0.0,0.3333333333333333,0.8095238095238095,0.19047619047619047,0.0,mobile,ios,chrome
DEV_000554,5,0,0,0,0,759.1800000000001,151.836,34.09,0.0059588749065835,0.0287007196255428,2,5,1,0,0.0,0.0,0.0,0.4,1.0,0.2,0.0,desktop,android,edge
DEV_002374,8,0,0,0,0,373.22999999999996,46.653749999999995,19.924999999999997,0.005954737164061576,0.0405488199372817,5,7,1,0,0.0,0.0,0.0,0.625,0.875,0.125,0.0,desktop,windows,firefox
DEV_001035,9,0,0,0,0,281.23,31.24777777777778,15.59,0.005953013848218944,0.0497976201827858,1,9,2,0,0.0,0.0,0.0,0.1111111111111111,1.0,0.2222222222222222,0.0,mobile,windows,chrome
DEV_003977,4,0,0,0,0,445.95,111.4875,60.379999999999995,0.00594433610737631,0.0223542598216691,1,1,0,0,0.0,0.0,0.0,0.25,0.25,0.0,0.0,mobile,macos,firefox
DEV_006924,11,0,0,0,0,509.73,46.33909090909091,26.64,0.005943940535433522,0.0231595010718138,0,10,1,0,0.0,0.0,0.0,0.0,0.9090909090909091,0.09090909090909091,0.0,mobile,android,safari
DEV_002720,3,0,0,0,0,186.01,62.00333333333333,78.45,0.005931933816698533,0.0157287616732747,1,3,0,0,0.0,0.0,0.0,0.3333333333333333,1.0,0.0,0.0,desktop,android,firefox
DEV_003139,7,0,0,0,0,668.81,95.5442857142857,71.17,0.0059257558664651145,0.0175659511691395,3,7,0,0,0.0,0.0,0.0,0.42857142857142855,1.0,0.0,0.0,mobile,ios,chrome
DEV_000972,14,0,0,0,0,1002.77,71.62642857142858,46.55,0.005918634090534814,0.0526436676608424,4,9,1,0,0.0,0.0,0.0,0.2857142857142857,0.6428571428571429,0.07142857142857142,0.0,desktop,linux,safari
DEV_007583,7,0,0,0,0,266.46999999999997,38.067142857142855,42.93,0.0058892986599321144,0.033652457574429,3,5,1,0,0.0,0.0,0.0,0.42857142857142855,0.7142857142857143,0.14285714285714285,0.0,desktop,windows,safari
DEV_003125,5,0,0,0,0,183.08,36.616,31.64,0.00588818635136058,0.0241381468099726,4,5,2,0,0.0,0.0,0.0,0.8,1.0,0.4,0.0,mobile,macos,chrome
DEV_005145,5,0,0,0,0,307.29,61.458000000000006,33.02,0.0058787007710181406,0.0240019190295764,1,5,1,5,0.0,0.0,0.0,0.2,1.0,0.2,1.0,tablet,android,chrome
DEV_006035,4,0,0,0,0,462.67999999999995,115.66999999999999,125.54499999999999,0.0058557348504828,0.0228972153894746,2,3,0,0,0.0,0.0,0.0,0.5,0.75,0.0,0.0,desktop,ios,safari
DEV_007439,9,0,0,0,0,1128.83,125.42555555555555,74.94,0.005849746407891885,0.0243544653415333,2,9,2,0,0.0,0.0,0.0,0.2222222222222222,1.0,0.2222222222222222,0.0,mobile,android,firefox
DEV_006164,9,0,0,0,0,659.31,73.25666666666666,45.79,0.005840304628670656,0.0433125305309302,7,9,4,9,0.0,0.0,0.0,0.7777777777777778,1.0,0.4444444444444444,1.0,mobile,macos,chrome
DEV_000488,6,0,0,0,0,217.56,36.26,31.419999999999998,0.0058393320848364174,0.0197298876722431,1,6,2,0,0.0,0.0,0.0,0.16666666666666666,1.0,0.3333333333333333,0.0,tablet,macos,firefox
DEV_004313,3,0,0,0,0,246.16000000000003,82.05333333333334,52.39,0.0058065571041764664,0.0157558686626687,0,3,2,0,0.0,0.0,0.0,0.0,1.0,0.6666666666666666,0.0,mobile,android,firefox
DEV_006466,5,0,0,0,0,560.19,112.03800000000001,63.88,0.005801818167563708,0.0243937088133321,1,5,0,0,0.0,0.0,0.0,0.2,1.0,0.0,0.0,tablet,ios,safari
DEV_000214,14,0,0,0,0,1014.2,72.44285714285715,39.099999999999994,0.005799376286517362,0.0327293601635519,6,14,2,0,0.0,0.0,0.0,0.42857142857142855,1.0,0.14285714285714285,0.0,tablet,android,safari
DEV_007686,3,0,0,0,0,741.0699999999999,247.0233333333333,230.16,0.0057957133889993415,0.0132811853195193,2,3,1,0,0.0,0.0,0.0,0.6666666666666666,1.0,0.3333333333333333,0.0,mobile,windows,firefox
DEV_002284,5,0,0,0,0,317.27,63.45399999999999,49.43,0.00579541940374578,0.0180822484658834,3,5,1,0,0.0,0.0,0.0,0.6,1.0,0.2,0.0,desktop,windows,chrome
DEV_005195,12,0,0,0,0,2095.13,174.59416666666667,78.495,0.005786585191844529,0.0347725407293714,3,9,3,0,0.0,0.0,0.0,0.25,0.75,0.25,0.0,mobile,windows,safari
DEV_004496,6,0,0,0,0,450.25,75.04166666666667,44.5,0.005784712509222817,0.0156587510296949,3,6,1,0,0.0,0.0,0.0,0.5,1.0,0.16666666666666666,0.0,mobile,android,chrome
DEV_002161,4,0,0,0,0,150.08999999999997,37.522499999999994,35.23,0.0057785117148375,0.0120773436130887,2,4,0,0,0.0,0.0,0.0,0.5,1.0,0.0,0.0,desktop,macos,edge
DEV_000206,16,0,0,0,0,593.26,37.07875,30.145,0.005771367916042406,0.0378111576134444,7,16,2,0,0.0,0.0,0.0,0.4375,1.0,0.125,0.0,mobile,macos,chrome
DEV_004780,5,0,0,0,0,1295.69,259.13800000000003,152.18,0.00576800846489358,0.0169823489985221,1,5,0,0,0.0,0.0,0.0,0.2,1.0,0.0,0.0,mobile,windows,chrome
DEV_006831,3,0,0,0,0,170.89,56.96333333333333,50.94,0.005767537297552333,0.0162743234233881,0,2,0,3,0.0,0.0,0.0,0.0,0.6666666666666666,0.0,1.0,desktop,windows,edge
DEV_002449,4,0,0,0,0,1143.6399999999999,285.90999999999997,311.815,0.005766246083316233,0.0209156417584815,0,3,0,0,0.0,0.0,0.0,0.0,0.75,0.0,0.0,mobile,android,safari
DEV_000385,7,0,0,0,0,556.78,79.53999999999999,51.27,0.005762147364389443,0.0141595402311958,4,7,1,0,0.0,0.0,0.0,0.5714285714285714,1.0,0.14285714285714285,0.0,desktop,android,chrome
DEV_007242,3,0,0,0,0,470.16,156.72,39.84,0.0057560690772599996,0.0166582772858612,2,3,1,0,0.0,0.0,0.0,0.6666666666666666,1.0,0.3333333333333333,0.0,mobile,android,firefox
DEV_007315,4,0,0,0,0,328.72,82.18,72.515,0.0057549101032139316,0.0222644644419773,1,4,0,0,0.0,0.0,0.0,0.25,1.0,0.0,0.0,mobile,android,chrome
DEV_001747,4,0,0,0,0,199.14000000000001,49.785000000000004,54.795,0.0057434143539678,0.0132758463808348,3,4,0,0,0.0,0.0,0.0,0.75,1.0,0.0,0.0,desktop,android,edge
DEV_002994,9,0,0,0,0,549.88,61.09777777777778,69.69,0.005742452580207755,0.0467772227846641,2,9,0,0,0.0,0.0,0.0,0.2222222222222222,1.0,0.0,0.0,mobile,android,edge
DEV_005703,11,0,0,0,0,421.15999999999997,38.28727272727272,37.5,0.0057043481816241555,0.0581976311597321,6,10,0,0,0.0,0.0,0.0,0.5454545454545454,0.9090909090909091,0.0,0.0,desktop,ios,chrome
DEV_001912,11,0,0,0,0,1285.58,116.87090909090908,59.63,0.005697081939951554,0.0250459068762273,6,9,2,0,0.0,0.0,0.0,0.5454545454545454,0.8181818181818182,0.18181818181818182,0.0,mobile,windows,edge
DEV_007039,11,0,0,0,0,1338.45,121.67727272727274,77.43,0.005688391747788692,0.0447991445666799,3,8,1,0,0.0,0.0,0.0,0.2727272727272727,0.7272727272727273,0.09090909090909091,0.0,mobile,windows,safari
DEV_002897,20,0,0,0,0,1149.64,57.482000000000006,34.265,0.005681232921878185,0.0463261748229763,14,19,2,0,0.0,0.0,0.0,0.7,0.95,0.1,0.0,mobile,android,chrome
DEV_002335,3,0,0,0,0,254.36999999999998,84.78999999999999,110.57,0.005677268672049376,0.0145377939259792,0,0,0,0,0.0,0.0,0.0,0.0,0.0,0.0,0.0,mobile,windows,chrome
DEV_007939,5,0,0,0,0,409.56,81.912,88.79,0.00567099170474588,0.0148547713254158,2,5,1,0,0.0,0.0,0.0,0.4,1.0,0.2,0.0,desktop,windows,chrome
DEV_002402,18,0,0,0,0,1056.92,58.71777777777778,22.41,0.005651416574908274,0.0434071058871942,3,8,1,0,0.0,0.0,0.0,0.16666666666666666,0.4444444444444444,0.05555555555555555,0.0,mobile,windows,chrome
DEV_005663,5,0,0,0,0,339.73,67.946,50.53,0.0056279463410661605,0.0125256629829101,2,5,1,0,0.0,0.0,0.0,0.4,1.0,0.2,0.0,mobile,ios,chrome
DEV_002667,3,0,0,0,0,256.57,85.52333333333333,79.37,0.005623323359035833,0.0128551067934283,1,3,0,3,0.0,0.0,0.0,0.3333333333333333,1.0,0.0,1.0,desktop,macos,edge
DEV_002044,7,0,0,0,0,190.77,27.252857142857145,22.86,0.005604207102102111,0.0253301623419337,0,7,1,0,0.0,0.0,0.0,0.0,1.0,0.14285714285714285,0.0,mobile,android,chrome
DEV_001620,14,0,0,0,0,1992.1799999999998,142.29857142857142,49.47,0.00557850204528535,0.0388030269428987,7,14,1,0,0.0,0.0,0.0,0.5,1.0,0.07142857142857142,0.0,mobile,macos,chrome
DEV_003126,11,0,0,0,0,1265.25,115.02272727272727,78.86,0.005576226285847854,0.0230769532014001,5,10,1,0,0.0,0.0,0.0,0.45454545454545453,0.9090909090909091,0.09090909090909091,0.0,mobile,macos,safari
DEV_002563,3,0,0,0,0,152.63,50.876666666666665,42.08,0.005539041559526233,0.0163272071476689,2,2,0,0,0.0,0.0,0.0,0.6666666666666666,0.6666666666666666,0.0,0.0,mobile,linux,chrome
DEV_003461,4,0,0,0,0,86.31,21.5775,15.719999999999999,0.005484930016789773,0.0210383475272301,0,3,3,0,0.0,0.0,0.0,0.0,0.75,0.75,0.0,mobile,android,firefox
DEV_000211,10,0,0,0,0,741.16,74.116,40.269999999999996,0.00547841355921549,0.0267736355925616,9,10,1,0,0.0,0.0,0.0,0.9,1.0,0.1,0.0,mobile,windows,safari
DEV_004031,6,0,0,0,0,284.72,47.45333333333334,23.435,0.005478301727857633,0.0180424667677171,1,4,0,0,0.0,0.0,0.0,0.16666666666666666,0.6666666666666666,0.0,0.0,mobile,android,firefox
DEV_006548,4,0,0,0,0,648.1,162.025,157.33499999999998,0.0054700249765770245,0.0189189524430228,2,4,1,0,0.0,0.0,0.0,0.5,1.0,0.25,0.0,mobile,ios,edge
DEV_006388,7,0,0,0,0,888.26,126.89428571428572,67.86,0.005470001405363871,0.0164777039547711,3,7,1,0,0.0,0.0,0.0,0.42857142857142855,1.0,0.14285714285714285,0.0,mobile,android,firefox
DEV_001824,4,0,0,0,0,285.64,71.41,62.675,0.00546160513996605,0.014831149496454,1,4,0,0,0.0,0.0,0.0,0.25,1.0,0.0,0.0,mobile,windows,chrome
DEV_006416,5,0,0,0,0,262.39,52.477999999999994,30.75,0.00544611396459534,0.0256052939773644,0,5,0,0,0.0,0.0,0.0,0.0,1.0,0.0,0.0,mobile,android,chrome
DEV_000530,4,0,0,0,0,856.21,214.0525,158.785,0.005426663708657125,0.0118251032266418,1,3,0,0,0.0,0.0,0.0,0.25,0.75,0.0,0.0,mobile,macos,chrome
DEV_000542,8,0,0,0,0,607.47,75.93375,54.715,0.005417503815116662,0.025888797067731,4,4,0,0,0.0,0.0,0.0,0.5,0.5,0.0,0.0,mobile,android,chrome
DEV_007032,7,0,0,0,0,308.08,44.01142857142857,36.68,0.005407195276333943,0.0336996893615169,5,7,3,7,0.0,0.0,0.0,0.7142857142857143,1.0,0.42857142857142855,1.0,desktop,windows,edge
DEV_002654,13,0,0,0,0,1110.31,85.40846153846154,62.96,0.005404142934481741,0.0286176718894101,2,12,0,0,0.0,0.0,0.0,0.15384615384615385,0.9230769230769231,0.0,0.0,desktop,ios,chrome
DEV_006298,8,0,0,0,0,425.23,53.15375,43.96,0.005400658574560238,0.0191052931199675,1,3,0,0,0.0,0.0,0.0,0.125,0.375,0.0,0.0,desktop,ios,chrome
DEV_000993,6,0,0,0,0,301.99,50.33166666666667,30.035,0.005380909716987698,0.0253096967110848,1,1,0,0,0.0,0.0,0.0,0.16666666666666666,0.16666666666666666,0.0,0.0,mobile,windows,edge
DEV_001614,19,0,0,0,0,1233.6,64.92631578947368,24.28,0.00537335822642876,0.0697059402042348,6,16,0,0,0.0,0.0,0.0,0.3157894736842105,0.8421052631578947,0.0,0.0,mobile,android,safari
DEV_006583,3,0,0,0,0,612.71,204.23666666666668,181.85,0.0053688075928103665,0.0145919104599633,2,3,1,0,0.0,0.0,0.0,0.6666666666666666,1.0,0.3333333333333333,0.0,mobile,macos,chrome
DEV_003854,8,0,0,0,0,568.54,71.0675,33.955,0.0053614813874841,0.0278016855374573,2,3,1,0,0.0,0.0,0.0,0.25,0.375,0.125,0.0,mobile,ios,safari
DEV_001910,3,0,0,0,0,533.91,177.97,77.34,0.0053591754512347335,0.007780084534701,1,3,0,0,0.0,0.0,0.0,0.3333333333333333,1.0,0.0,0.0,mobile,ios,chrome
DEV_004224,5,0,0,0,0,258.58,51.715999999999994,51.13,0.0053569215120067406,0.0183681725872755,2,5,1,0,0.0,0.0,0.0,0.4,1.0,0.2,0.0,desktop,windows,chrome
DEV_005313,4,0,0,0,0,399.80999999999995,99.95249999999999,52.965,0.00535613997766577,0.0148182450255129,2,4,0,0,0.0,0.0,0.0,0.5,1.0,0.0,0.0,desktop,android,firefox
DEV_004237,14,0,0,0,0,1207.55,86.25357142857142,82.00999999999999,0.005351989855726913,0.049486182504604,9,14,1,0,0.0,0.0,0.0,0.6428571428571429,1.0,0.07142857142857142,0.0,mobile,android,safari
DEV_002061,6,0,0,0,0,367.33,61.221666666666664,38.870000000000005,0.005347865244199984,0.0310646212495792,1,6,1,0,0.0,0.0,0.0,0.16666666666666666,1.0,0.16666666666666666,0.0,tablet,ios,chrome
DEV_003596,9,0,0,0,0,884.3499999999999,98.2611111111111,82.05,0.005347121714467644,0.0210988471234187,4,8,2,0,0.0,0.0,0.0,0.4444444444444444,0.8888888888888888,0.2222222222222222,0.0,mobile,android,edge
DEV_006386,9,0,0,0,0,479.71000000000004,53.30111111111111,23.01,0.005339305660469856,0.0308463941430051,3,9,2,0,0.0,0.0,0.0,0.3333333333333333,1.0,0.2222222222222222,0.0,tablet,ios,chrome
DEV_005706,4,0,0,0,0,904.23,226.0575,168.005,0.005329904292630925,0.0146150687547209,2,4,0,0,0.0,0.0,0.0,0.5,1.0,0.0,0.0,desktop,ios,chrome
DEV_001621,21,0,0,0,0,2098.34,99.92095238095239,45.28,0.00531935424960803,0.0470155581386297,15,20,2,0,0.0,0.0,0.0,0.7142857142857143,0.9523809523809523,0.09523809523809523,0.0,mobile,windows,chrome
DEV_003141,6,0,0,0,0,1247.42,207.90333333333334,227.62,0.005306287919001133,0.0197565537193357,3,6,2,0,0.0,0.0,0.0,0.5,1.0,0.3333333333333333,0.0,tablet,ios,chrome
DEV_001126,4,0,0,0,0,125.39999999999999,31.349999999999998,29.869999999999997,0.0053034582234983245,0.0058148277018507,4,4,2,4,0.0,0.0,0.0,1.0,1.0,0.5,1.0,mobile,android,edge
DEV_007542,6,0,0,0,0,346.83,57.805,28.155,0.005300331922380933,0.0267961164259087,3,4,1,0,0.0,0.0,0.0,0.5,0.6666666666666666,0.16666666666666666,0.0,desktop,macos,chrome
DEV_004153,8,0,0,0,0,1094.9,136.8625,146.25,0.005280088393511582,0.0238508727976,4,8,1,0,0.0,0.0,0.0,0.5,1.0,0.125,0.0,mobile,android,firefox
DEV_007008,7,0,0,0,0,391.57,55.93857142857143,54.92,0.005273683234564943,0.0212228058656545,2,7,0,7,0.0,0.0,0.0,0.2857142857142857,1.0,0.0,1.0,mobile,android,chrome
DEV_007056,5,0,0,0,0,317.95,63.589999999999996,78.59,0.005272559714060474,0.0129632263733964,0,5,0,5,0.0,0.0,0.0,0.0,1.0,0.0,1.0,mobile,windows,firefox
DEV_005712,4,0,0,0,0,133.7,33.425,30.045,0.0052710536209278,0.011767846007886,4,4,0,4,0.0,0.0,0.0,1.0,1.0,0.0,1.0,desktop,android,chrome
DEV_006094,3,0,0,0,0,223.03000000000003,74.34333333333335,66.09,0.005263067833966414,0.0154328581379119,0,2,0,0,0.0,0.0,0.0,0.0,0.6666666666666666,0.0,0.0,tablet,windows,firefox
DEV_000298,5,0,0,0,0,763.51,152.702,86.47,0.005261544360864425,0.0138281032923334,1,2,0,0,0.0,0.0,0.0,0.2,0.4,0.0,0.0,mobile,windows,safari
DEV_000726,4,0,0,0,0,246.73999999999998,61.684999999999995,25.15,0.00524365456036253,0.0189746351204325,1,4,1,0,0.0,0.0,0.0,0.25,1.0,0.25,0.0,desktop,android,edge
DEV_000030,8,0,0,0,0,1566.1100000000001,195.76375000000002,96.47500000000001,0.0052363239287466275,0.0161638314984713,3,7,0,0,0.0,0.0,0.0,0.375,0.875,0.0,0.0,mobile,macos,firefox
DEV_004516,7,0,0,0,0,407.21999999999997,58.17428571428571,58.58,0.005231811195236286,0.0160433576624906,4,4,1,0,0.0,0.0,0.0,0.5714285714285714,0.5714285714285714,0.14285714285714285,0.0,desktop,windows,edge
DEV_002929,9,0,0,0,0,818.52,90.94666666666666,80.08,0.005228902575639634,0.039393233444409,3,6,2,9,0.0,0.0,0.0,0.3333333333333333,0.6666666666666666,0.2222222222222222,1.0,mobile,ios,chrome
DEV_007311,4,0,0,0,0,403.86,100.965,97.85000000000001,0.005217785930629475,0.0100429111992108,3,4,0,0,0.0,0.0,0.0,0.75,1.0,0.0,0.0,mobile,windows,chrome
DEV_000587,3,0,0,0,0,212.7,70.89999999999999,63.0,0.005200536488808533,0.0090038140641307,1,3,0,0,0.0,0.0,0.0,0.3333333333333333,1.0,0.0,0.0,desktop,android,firefox
DEV_007083,5,0,0,0,0,418.31,83.662,13.35,0.005187274919816729,0.0205065492037388,2,5,0,5,0.0,0.0,0.0,0.4,1.0,0.0,1.0,desktop,ios,edge
DEV_001031,6,0,0,0,0,514.44,85.74000000000001,51.765,0.005182831218560547,0.028935269578942,0,5,1,0,0.0,0.0,0.0,0.0,0.8333333333333334,0.16666666666666666,0.0,mobile,linux,safari
DEV_007276,16,0,0,0,0,1935.79,120.986875,118.25,0.005182706107315626,0.059377093253458,10,14,4,0,0.0,0.0,0.0,0.625,0.875,0.25,0.0,desktop,android,chrome
DEV_006148,8,0,0,0,0,1020.5,127.5625,92.58,0.005175039313632641,0.020611014405874,2,4,0,0,0.0,0.0,0.0,0.25,0.5,0.0,0.0,mobile,macos,edge
DEV_005675,10,0,0,0,0,435.4,43.54,30.16,0.0050851819456633205,0.0264378156869154,1,7,2,10,0.0,0.0,0.0,0.1,0.7,0.2,1.0,mobile,macos,edge
DEV_006614,7,0,0,0,0,557.33,79.61857142857143,73.73,0.005060485500532515,0.0218847767817152,3,7,1,7,0.0,0.0,0.0,0.42857142857142855,1.0,0.14285714285714285,1.0,desktop,windows,chrome
DEV_001279,4,0,0,0,0,255.84,63.96,61.485,0.0050519206549914505,0.0157252341345563,2,4,0,0,0.0,0.0,0.0,0.5,1.0,0.0,0.0,desktop,ios,safari
DEV_001034,6,0,0,0,0,602.72,100.45333333333333,75.775,0.005043243998811107,0.0259551176964665,4,6,0,0,0.0,0.0,0.0,0.6666666666666666,1.0,0.0,0.0,mobile,linux,safari
DEV_002404,20,0,0,0,0,2191.24,109.56199999999998,62.879999999999995,0.0050267436780713,0.0285491829001258,13,20,4,0,0.0,0.0,0.0,0.65,1.0,0.2,0.0,mobile,android,safari
DEV_002347,7,0,0,0,0,816.57,116.65285714285714,135.05,0.005021955127738072,0.0226968584077765,1,6,1,0,0.0,0.0,0.0,0.14285714285714285,0.8571428571428571,0.14285714285714285,0.0,mobile,windows,safari
DEV_007030,10,0,0,0,0,1034.73,103.473,59.425,0.00501170994375245,0.0205223337875269,3,7,0,0,0.0,0.0,0.0,0.3,0.7,0.0,0.0,mobile,macos,chrome
DEV_000611,5,0,0,0,0,227.37,45.474000000000004,45.45,0.0050080423199794595,0.0143397158520525,3,5,2,0,0.0,0.0,0.0,0.6,1.0,0.4,0.0,mobile,ios,chrome
DEV_002662,5,0,0,0,0,407.12,81.424,37.63,0.0050018161459676,0.022143456231157,2,4,0,0,0.0,0.0,0.0,0.4,0.8,0.0,0.0,desktop,android,chrome
DEV_005916,5,0,0,0,0,629.34,125.86800000000001,121.06,0.00500112830895644,0.01993857201004,4,5,0,0,0.0,0.0,0.0,0.8,1.0,0.0,0.0,mobile,macos,firefox
DEV_003607,5,0,0,0,0,863.69,172.738,71.85,0.005000710404780459,0.0217816250473546,3,5,1,5,0.0,0.0,0.0,0.6,1.0,0.2,1.0,mobile,windows,chrome
DEV_004116,11,0,0,0,0,508.74,46.24909090909091,39.76,0.004990847062295409,0.0183265105200243,4,9,1,0,0.0,0.0,0.0,0.36363636363636365,0.8181818181818182,0.09090909090909091,0.0,mobile,windows,chrome
DEV_005032,15,0,0,0,0,2197.39,146.49266666666665,79.56,0.00498104452886263,0.048963770427001,8,15,1,0,0.0,0.0,0.0,0.5333333333333333,1.0,0.06666666666666667,0.0,mobile,macos,chrome
DEV_000169,4,0,0,0,0,963.04,240.76,148.525,0.004968686001701525,0.0092342557063994,1,4,0,0,0.0,0.0,0.0,0.25,1.0,0.0,0.0,mobile,windows,safari
DEV_007567,4,0,0,0,0,217.72,54.43,26.44,0.0049628589606323,0.0182801812705775,3,4,0,0,0.0,0.0,0.0,0.75,1.0,0.0,0.0,mobile,ios,chrome
DEV_004098,3,0,0,0,0,284.78,94.92666666666666,82.31,0.004960505676632033,0.0140793426255271,2,3,0,3,0.0,0.0,0.0,0.6666666666666666,1.0,0.0,1.0,desktop,macos,safari
DEV_004044,22,0,0,0,0,1912.25,86.92045454545455,62.69,0.004940154119448968,0.0677329282102873,6,18,1,0,0.0,0.0,0.0,0.2727272727272727,0.8181818181818182,0.045454545454545456,0.0,mobile,ios,safari
DEV_007006,5,0,0,0,0,435.53000000000003,87.10600000000001,73.44,0.00493999458956842,0.018473908734623,3,5,1,5,0.0,0.0,0.0,0.6,1.0,0.2,1.0,mobile,linux,chrome
DEV_002471,7,0,0,0,0,861.4399999999999,123.06285714285714,125.07,0.0049396504536633285,0.0264308010542831,3,7,1,0,0.0,0.0,0.0,0.42857142857142855,1.0,0.14285714285714285,0.0,mobile,windows,chrome
DEV_006210,3,0,0,0,0,274.27,91.42333333333333,64.43,0.0049388320584994325,0.0094356650421782,2,3,0,3,0.0,0.0,0.0,0.6666666666666666,1.0,0.0,1.0,mobile,android,chrome
DEV_006581,13,0,0,0,0,1093.78,84.13692307692307,51.06,0.004927529415231872,0.0236568179721845,7,11,2,0,0.0,0.0,0.0,0.5384615384615384,0.8461538461538461,0.15384615384615385,0.0,desktop,linux,safari
DEV_004899,3,0,0,0,0,151.98,50.66,47.87,0.0049164619019875,0.0122252563136007,0,3,0,0,0.0,0.0,0.0,0.0,1.0,0.0,0.0,desktop,android,firefox
DEV_004706,5,0,0,0,0,604.01,120.80199999999999,90.29,0.004912292057266411,0.0220785446682523,3,5,0,0,0.0,0.0,0.0,0.6,1.0,0.0,0.0,mobile,macos,chrome
DEV_007284,4,0,0,0,0,524.27,131.0675,88.675,0.00488359245874995,0.0184248694034203,3,4,0,4,0.0,0.0,0.0,0.75,1.0,0.0,1.0,tablet,windows,firefox
DEV_000951,6,0,0,0,0,146.23999999999998,24.37333333333333,23.09,0.004873420001246949,0.0138467388488591,3,6,0,0,0.0,0.0,0.0,0.5,1.0,0.0,0.0,desktop,android,chrome
DEV_001651,14,0,0,0,0,834.43,59.60214285714285,48.105000000000004,0.004871275257111736,0.0593165329959016,4,9,5,14,0.0,0.0,0.0,0.2857142857142857,0.6428571428571429,0.35714285714285715,1.0,desktop,windows,edge
DEV_002349,13,0,0,0,0,1159.65,89.20384615384616,61.71,0.004859773738935954,0.0269543775787401,4,13,1,0,0.0,0.0,0.0,0.3076923076923077,1.0,0.07692307692307693,0.0,tablet,android,safari
DEV_004923,6,0,0,0,0,633.32,105.55333333333334,91.215,0.004855034438688752,0.01263011612359,2,6,2,0,0.0,0.0,0.0,0.3333333333333333,1.0,0.3333333333333333,0.0,mobile,android,safari
DEV_005093,3,0,0,0,0,110.13,36.71,34.67,0.0048518694192456,0.0125859912664582,1,3,0,0,0.0,0.0,0.0,0.3333333333333333,1.0,0.0,0.0,mobile,android,safari
DEV_005672,11,0,0,0,0,1052.31,95.66454545454545,55.17,0.0048496597943778275,0.0263762255941264,2,11,1,0,0.0,0.0,0.0,0.18181818181818182,1.0,0.09090909090909091,0.0,desktop,android,safari
DEV_005925,13,0,0,0,0,1124.52,86.50153846153846,88.02,0.004848479580135954,0.0331897010156555,7,12,1,0,0.0,0.0,0.0,0.5384615384615384,0.9230769230769231,0.07692307692307693,0.0,desktop,macos,chrome
DEV_002905,16,0,0,0,0,1280.35,80.021875,64.215,0.004846572042283172,0.0383708988438163,10,14,4,0,0.0,0.0,0.0,0.625,0.875,0.25,0.0,tablet,ios,chrome
DEV_005540,6,0,0,0,0,527.11,87.85166666666667,75.16,0.004837542973896517,0.0245132713035734,2,3,0,0,0.0,0.0,0.0,0.3333333333333333,0.5,0.0,0.0,mobile,android,chrome
DEV_007806,3,0,0,0,0,597.74,199.24666666666667,62.67,0.004834390612116733,0.0133787560004729,2,2,0,0,0.0,0.0,0.0,0.6666666666666666,0.6666666666666666,0.0,0.0,desktop,macos,chrome
DEV_001884,3,0,0,0,0,112.09,37.36333333333334,24.3,0.004817524939076434,0.0112460377589961,1,3,1,0,0.0,0.0,0.0,0.3333333333333333,1.0,0.3333333333333333,0.0,mobile,android,safari
DEV_007766,6,0,0,0,0,262.62,43.77,35.63,0.0048172148280675505,0.0242000463127058,4,6,1,0,0.0,0.0,0.0,0.6666666666666666,1.0,0.16666666666666666,0.0,desktop,linux,chrome
DEV_006066,5,0,0,0,0,1822.1200000000001,364.42400000000004,364.31,0.004813435085351898,0.0175149493866937,1,3,1,0,0.0,0.0,0.0,0.2,0.6,0.2,0.0,desktop,windows,chrome
DEV_006782,9,0,0,0,0,843.29,93.69888888888889,47.17,0.004812842453637011,0.0305082904762651,4,7,3,0,0.0,0.0,0.0,0.4444444444444444,0.7777777777777778,0.3333333333333333,0.0,mobile,windows,firefox
DEV_005823,5,0,0,0,0,410.38,82.076,72.11,0.00480954040658672,0.011059468630179,3,5,1,0,0.0,0.0,0.0,0.6,1.0,0.2,0.0,mobile,ios,firefox
DEV_003040,7,0,0,0,0,1089.29,155.61285714285714,117.59,0.0048021423210817,0.031807682948858,5,7,0,0,0.0,0.0,0.0,0.7142857142857143,1.0,0.0,0.0,tablet,windows,firefox
DEV_007927,11,0,0,0,0,662.98,60.27090909090909,26.51,0.0047744787405101,0.0313130180906932,1,11,1,0,0.0,0.0,0.0,0.09090909090909091,1.0,0.09090909090909091,0.0,desktop,macos,chrome
DEV_003814,9,0,0,0,0,1412.05,156.89444444444445,116.07,0.004772763853349139,0.0164389362488101,5,9,0,0,0.0,0.0,0.0,0.5555555555555556,1.0,0.0,0.0,desktop,ios,firefox
DEV_002895,19,0,0,0,0,1798.48,94.65684210526315,33.07,0.00477057027809789,0.0318822969252573,6,18,1,0,0.0,0.0,0.0,0.3157894736842105,0.9473684210526315,0.05263157894736842,0.0,mobile,android,chrome
DEV_007870,3,0,0,0,0,207.7,69.23333333333333,59.01,0.004768152420606566,0.0077952948598714,1,3,0,3,0.0,0.0,0.0,0.3333333333333333,1.0,0.0,1.0,desktop,android,chrome
DEV_007988,5,0,0,0,0,165.59,33.118,29.62,0.00475516784412042,0.0082630960878598,3,5,0,0,0.0,0.0,0.0,0.6,1.0,0.0,0.0,desktop,macos,edge
DEV_001489,10,0,0,0,0,883.28,88.328,61.425,0.004752091845759485,0.041195141554212,9,9,1,0,0.0,0.0,0.0,0.9,0.9,0.1,0.0,desktop,android,firefox
DEV_003781,6,0,0,0,0,889.52,148.25333333333333,137.89499999999998,0.004724464004582666,0.0149814508671057,5,5,2,6,0.0,0.0,0.0,0.8333333333333334,0.8333333333333334,0.3333333333333333,1.0,mobile,linux,chrome
DEV_006666,3,0,0,0,0,112.34,37.446666666666665,33.92,0.004721585738417967,0.0111591256248211,0,3,0,0,0.0,0.0,0.0,0.0,1.0,0.0,0.0,mobile,ios,safari
DEV_003992,5,0,0,0,0,288.96,57.791999999999994,56.02,0.00471398098783486,0.0196903198522273,0,1,0,0,0.0,0.0,0.0,0.0,0.2,0.0,0.0,desktop,android,chrome
DEV_007259,13,0,0,0,0,1441.67,110.89769230769231,76.05,0.004712103072870654,0.0199838729526919,7,12,2,0,0.0,0.0,0.0,0.5384615384615384,0.9230769230769231,0.15384615384615385,0.0,desktop,windows,safari
DEV_003756,11,0,0,0,0,777.0899999999999,70.64454545454545,52.53,0.004697583095424578,0.0230166886748939,7,10,0,0,0.0,0.0,0.0,0.6363636363636364,0.9090909090909091,0.0,0.0,mobile,macos,safari
DEV_006906,9,0,0,0,0,792.37,88.0411111111111,64.18,0.004697132187850856,0.0277392992029027,1,9,2,9,0.0,0.0,0.0,0.1111111111111111,1.0,0.2222222222222222,1.0,mobile,android,firefox
DEV_002411,11,0,0,0,0,531.26,48.29636363636364,27.74,0.004695173438369788,0.0235105737053722,4,11,2,0,0.0,0.0,0.0,0.36363636363636365,1.0,0.18181818181818182,0.0,desktop,macos,chrome
DEV_003643,26,0,0,0,0,2768.79,106.49192307692307,87.995,0.00468960536977614,0.0468982607382001,13,23,1,0,0.0,0.0,0.0,0.5,0.8846153846153846,0.038461538461538464,0.0,mobile,macos,chrome
DEV_005950,6,0,0,0,0,329.56,54.92666666666667,55.15,0.0046792304696150165,0.0132650574135607,3,5,1,0,0.0,0.0,0.0,0.5,0.8333333333333334,0.16666666666666666,0.0,tablet,android,firefox
DEV_001461,4,0,0,0,0,684.48,171.12,134.46,0.0046549752372556,0.0111910763049194,3,4,1,0,0.0,0.0,0.0,0.75,1.0,0.25,0.0,desktop,ios,chrome
DEV_003313,9,0,0,0,0,714.05,79.33888888888889,63.78,0.004632399097677267,0.0158999496730842,3,8,0,0,0.0,0.0,0.0,0.3333333333333333,0.8888888888888888,0.0,0.0,desktop,windows,edge
DEV_007466,4,0,0,0,0,174.64,43.66,24.814999999999998,0.004617405329195175,0.0085013230695896,4,4,0,4,0.0,0.0,0.0,1.0,1.0,0.0,1.0,tablet,macos,chrome
DEV_002989,16,0,0,0,0,1321.98,82.62375,68.93,0.0046136702601673315,0.0182237143776515,8,10,0,0,0.0,0.0,0.0,0.5,0.625,0.0,0.0,desktop,macos,firefox
DEV_003369,10,0,0,0,0,570.9200000000001,57.092000000000006,25.985,0.004611795379516247,0.0242175325205965,4,10,0,10,0.0,0.0,0.0,0.4,1.0,0.0,1.0,mobile,ios,chrome
DEV_004505,18,0,0,0,0,2071.84,115.10222222222222,91.14500000000001,0.004594061616955128,0.0378494441984579,9,17,1,18,0.0,0.0,0.0,0.5,0.9444444444444444,0.05555555555555555,1.0,desktop,windows,chrome
DEV_005346,10,0,0,0,0,1017.28,101.728,105.75,0.00458987670997933,0.0355915101608567,4,9,0,0,0.0,0.0,0.0,0.4,0.9,0.0,0.0,mobile,macos,chrome
DEV_002835,9,0,0,0,0,851.22,94.58,95.03,0.004579632529658655,0.034698793646058,7,8,1,0,0.0,0.0,0.0,0.7777777777777778,0.8888888888888888,0.1111111111111111,0.0,desktop,linux,chrome
DEV_005141,4,0,0,0,0,187.98,46.995,18.515,0.004550873063634806,0.0180627089528687,0,4,0,0,0.0,0.0,0.0,0.0,1.0,0.0,0.0,tablet,ios,safari
DEV_005988,6,0,0,0,0,1162.29,193.715,146.65,0.0045295797626173145,0.0202686934693734,3,3,0,0,0.0,0.0,0.0,0.5,0.5,0.0,0.0,mobile,ios,firefox
DEV_007427,7,0,0,0,0,381.23,54.46142857142858,48.5,0.004520569720705139,0.028838489707349,4,6,0,7,0.0,0.0,0.0,0.5714285714285714,0.8571428571428571,0.0,1.0,mobile,windows,chrome
DEV_000128,4,0,0,0,0,402.09000000000003,100.52250000000001,89.14500000000001,0.0045165133959466,0.016699849126656,1,1,0,0,0.0,0.0,0.0,0.25,0.25,0.0,0.0,tablet,macos,safari
DEV_005022,10,0,0,0,0,622.77,62.277,62.730000000000004,0.004511024163051879,0.0304372107552169,5,9,1,0,0.0,0.0,0.0,0.5,0.9,0.1,0.0,tablet,macos,firefox
DEV_005595,12,0,0,0,0,331.43,27.61916666666667,27.369999999999997,0.004506778188801891,0.0459202627310735,1,9,0,0,0.0,0.0,0.0,0.08333333333333333,0.75,0.0,0.0,mobile,ios,chrome
DEV_006498,3,0,0,0,0,235.51,78.50333333333333,56.51,0.004490802616657,0.0091227090565392,3,3,0,0,0.0,0.0,0.0,1.0,1.0,0.0,0.0,tablet,macos,edge
DEV_003526,7,0,0,0,0,424.71,60.67285714285714,47.0,0.004470305587369543,0.0159084490503028,3,7,0,0,0.0,0.0,0.0,0.42857142857142855,1.0,0.0,0.0,desktop,android,chrome
DEV_003410,13,0,0,0,0,791.4399999999999,60.879999999999995,57.57,0.0044669988884461,0.0325216501182952,7,13,2,0,0.0,0.0,0.0,0.5384615384615384,1.0,0.15384615384615385,0.0,desktop,android,safari
DEV_006557,3,0,0,0,0,127.85,42.61666666666667,58.64,0.004460777661414333,0.0127283208424321,2,3,0,3,0.0,0.0,0.0,0.6666666666666666,1.0,0.0,1.0,mobile,ios,chrome
DEV_007249,3,0,0,0,0,132.43,44.14333333333334,41.22,0.004456493854924033,0.0127941931853851,2,3,1,0,0.0,0.0,0.0,0.6666666666666666,1.0,0.3333333333333333,0.0,tablet,ios,chrome
DEV_002193,12,0,0,0,0,2165.5,180.45833333333334,147.02,0.004445611840948358,0.0140776150158534,2,12,1,0,0.0,0.0,0.0,0.16666666666666666,1.0,0.08333333333333333,0.0,mobile,ios,safari
DEV_002340,8,0,0,0,0,405.06,50.6325,44.365,0.0044449089504986624,0.0118781966264406,3,8,1,0,0.0,0.0,0.0,0.375,1.0,0.125,0.0,mobile,ios,firefox
DEV_000157,3,0,0,0,0,573.48,191.16,174.29,0.004425322054654633,0.0126845535323295,1,3,0,0,0.0,0.0,0.0,0.3333333333333333,1.0,0.0,0.0,desktop,android,edge
DEV_006414,8,0,0,0,0,1131.29,141.41125,81.045,0.004420591321237925,0.0162849314271767,3,4,2,0,0.0,0.0,0.0,0.375,0.5,0.25,0.0,desktop,android,chrome
DEV_005283,3,0,0,0,0,182.67999999999998,60.893333333333324,28.2,0.004419133313442534,0.0123387122127119,2,3,2,3,0.0,0.0,0.0,0.6666666666666666,1.0,0.6666666666666666,1.0,desktop,macos,edge
DEV_005965,22,0,0,0,0,1782.92,81.04181818181819,49.045,0.004411420811982289,0.0599376674863171,8,21,4,0,0.0,0.0,0.0,0.36363636363636365,0.9545454545454546,0.18181818181818182,0.0,mobile,macos,firefox
DEV_001624,6,0,0,0,0,1448.19,241.365,271.21500000000003,0.00440375592167825,0.0184431503348054,4,6,0,0,0.0,0.0,0.0,0.6666666666666666,1.0,0.0,0.0,mobile,windows,safari
DEV_005459,11,0,0,0,0,584.15,53.10454545454545,42.15,0.004398220259064867,0.0174882574882271,5,11,1,0,0.0,0.0,0.0,0.45454545454545453,1.0,0.09090909090909091,0.0,desktop,macos,firefox
DEV_002088,11,0,0,0,0,1013.89,92.17181818181818,64.62,0.004391403238344101,0.0340172612042972,4,9,1,0,0.0,0.0,0.0,0.36363636363636365,0.8181818181818182,0.09090909090909091,0.0,mobile,windows,edge
DEV_000929,10,0,0,0,0,706.48,70.648,22.785,0.00438774248918399,0.0253076862878545,4,9,0,10,0.0,0.0,0.0,0.4,0.9,0.0,1.0,mobile,android,edge
DEV_004272,12,0,0,0,0,798.79,66.56583333333333,46.5,0.004374565499797434,0.0333807558806909,3,10,1,0,0.0,0.0,0.0,0.25,0.8333333333333334,0.08333333333333333,0.0,desktop,android,chrome
DEV_002133,17,0,0,0,0,1863.3799999999999,109.61058823529412,94.02,0.004374404681845512,0.029261944814275,12,17,6,0,0.0,0.0,0.0,0.7058823529411765,1.0,0.35294117647058826,0.0,mobile,macos,chrome
DEV_007004,4,0,0,0,0,409.12,102.28,112.68,0.00436861435417385,0.0125783217737477,2,3,2,0,0.0,0.0,0.0,0.5,0.75,0.5,0.0,mobile,macos,chrome
DEV_002666,9,0,0,0,0,381.48,42.38666666666667,39.94,0.004359831045883811,0.0191384554832432,1,7,2,0,0.0,0.0,0.0,0.1111111111111111,0.7777777777777778,0.2222222222222222,0.0,mobile,android,firefox
DEV_004558,4,0,0,0,0,219.74,54.935,37.215,0.00434412471499405,0.0150634487578262,3,4,0,0,0.0,0.0,0.0,0.75,1.0,0.0,0.0,mobile,android,chrome
DEV_001056,9,0,0,0,0,298.25,33.138888888888886,32.68,0.004342216170035201,0.0145579206866928,5,7,0,9,0.0,0.0,0.0,0.5555555555555556,0.7777777777777778,0.0,1.0,mobile,macos,chrome
DEV_002813,11,0,0,0,0,521.49,47.408181818181816,36.8,0.004334610487913433,0.0255375904314774,3,10,1,0,0.0,0.0,0.0,0.2727272727272727,0.9090909090909091,0.09090909090909091,0.0,mobile,windows,chrome
DEV_007204,8,0,0,0,0,866.0799999999999,108.25999999999999,56.78,0.004334022239380312,0.0166794899323418,3,7,1,0,0.0,0.0,0.0,0.375,0.875,0.125,0.0,mobile,macos,chrome
DEV_002476,4,0,0,0,0,428.4,107.1,100.91499999999999,0.004333319807974925,0.0159182290252362,3,4,0,0,0.0,0.0,0.0,0.75,1.0,0.0,0.0,tablet,windows,chrome
DEV_002264,14,0,0,0,0,1830.6100000000001,130.75785714285715,95.37,0.004327664308980079,0.0366103426750213,5,14,1,0,0.0,0.0,0.0,0.35714285714285715,1.0,0.07142857142857142,0.0,mobile,android,chrome
DEV_003954,4,0,0,0,0,234.72,58.68,50.665,0.004319235029895825,0.010961361015072,2,4,0,0,0.0,0.0,0.0,0.5,1.0,0.0,0.0,desktop,ios,firefox
DEV_006576,12,0,0,0,0,1781.86,148.48833333333332,66.755,0.0043044125144687815,0.0389191552320915,8,9,0,0,0.0,0.0,0.0,0.6666666666666666,0.75,0.0,0.0,mobile,macos,firefox
DEV_000999,21,0,0,0,0,2584.55,123.07380952380953,92.38,0.004303859707302209,0.0490018266006558,9,13,1,0,0.0,0.0,0.0,0.42857142857142855,0.6190476190476191,0.047619047619047616,0.0,mobile,windows,edge
DEV_004867,7,0,0,0,0,317.09999999999997,45.3,38.26,0.004293339387769029,0.0155398355257607,4,7,1,7,0.0,0.0,0.0,0.5714285714285714,1.0,0.14285714285714285,1.0,tablet,windows,chrome
DEV_002108,5,0,0,0,0,1064.09,212.81799999999998,66.82,0.004292392562992081,0.0119942693970539,4,5,1,0,0.0,0.0,0.0,0.8,1.0,0.2,0.0,desktop,android,chrome
DEV_006005,7,0,0,0,0,441.06999999999994,63.00999999999999,28.12,0.004289474528724857,0.0233469544838521,5,7,1,0,0.0,0.0,0.0,0.7142857142857143,1.0,0.14285714285714285,0.0,tablet,ios,chrome
DEV_005874,7,0,0,0,0,303.15,43.30714285714286,27.2,0.0042750092425745,0.0212026923668155,2,7,1,7,0.0,0.0,0.0,0.2857142857142857,1.0,0.14285714285714285,1.0,mobile,android,firefox
DEV_000223,10,0,0,0,0,485.57,48.557,24.315,0.00427459674953874,0.026958173831211,5,10,2,0,0.0,0.0,0.0,0.5,1.0,0.2,0.0,mobile,ios,chrome
DEV_005027,5,0,0,0,0,537.46,107.492,102.92,0.00427264166110934,0.0099660260925142,4,4,1,0,0.0,0.0,0.0,0.8,0.8,0.2,0.0,mobile,android,chrome
DEV_001678,5,0,0,0,0,476.73,95.346,22.85,0.00426856354957735,0.0186901627566698,3,5,1,0,0.0,0.0,0.0,0.6,1.0,0.2,0.0,mobile,ios,safari
DEV_003727,6,0,0,0,0,283.32,47.22,49.05,0.004263714357455021,0.023117253640887,3,4,0,0,0.0,0.0,0.0,0.5,0.6666666666666666,0.0,0.0,mobile,windows,chrome
DEV_000696,4,0,0,0,0,598.24,149.56,114.475,0.004257341968480818,0.0162525594631329,0,4,1,0,0.0,0.0,0.0,0.0,1.0,0.25,0.0,desktop,windows,chrome
DEV_007987,18,0,0,0,0,1100.74,61.15222222222222,42.905,0.004253362198493539,0.0576968559852406,13,18,1,0,0.0,0.0,0.0,0.7222222222222222,1.0,0.05555555555555555,0.0,mobile,macos,chrome
DEV_007265,9,0,0,0,0,1724.31,191.59,205.96,0.0042240127868503445,0.0282276243435878,6,8,2,0,0.0,0.0,0.0,0.6666666666666666,0.8888888888888888,0.2222222222222222,0.0,mobile,ios,chrome
DEV_003232,6,0,0,0,0,407.92,67.98666666666666,55.725,0.004212715346821967,0.0224051067706252,4,4,0,0,0.0,0.0,0.0,0.6666666666666666,0.6666666666666666,0.0,0.0,mobile,windows,chrome
DEV_001875,13,0,0,0,0,1982.35,152.48846153846154,83.27,0.004203582341528008,0.035806242744124,6,11,0,0,0.0,0.0,0.0,0.46153846153846156,0.8461538461538461,0.0,0.0,mobile,android,chrome
DEV_004797,10,0,0,0,0,738.71,73.87100000000001,60.205,0.0041915387790300695,0.0166489367290693,3,9,1,0,0.0,0.0,0.0,0.3,0.9,0.1,0.0,mobile,windows,safari
DEV_001527,6,0,0,0,0,294.33,49.055,47.925,0.004179853072080384,0.0113544939475405,1,6,0,0,0.0,0.0,0.0,0.16666666666666666,1.0,0.0,0.0,desktop,ios,chrome
DEV_002855,5,0,0,0,0,288.45,57.69,28.08,0.0041701763341613005,0.0148222640592525,4,5,0,0,0.0,0.0,0.0,0.8,1.0,0.0,0.0,desktop,macos,firefox
DEV_002659,3,0,0,0,0,39.01,13.003333333333332,6.47,0.004164633057267834,0.0113240887208274,3,3,0,3,0.0,0.0,0.0,1.0,1.0,0.0,1.0,mobile,ios,chrome
DEV_005469,3,0,0,0,0,230.62,76.87333333333333,94.56,0.004159432648080433,0.0100314251572752,0,2,0,0,0.0,0.0,0.0,0.0,0.6666666666666666,0.0,0.0,tablet,macos,chrome
DEV_007009,10,0,0,0,0,623.6,62.36,40.730000000000004,0.00415128272081922,0.0165494209166186,1,6,0,0,0.0,0.0,0.0,0.1,0.6,0.0,0.0,mobile,android,edge
DEV_001936,7,0,0,0,0,839.79,119.97,65.2,0.004148923696101329,0.0127628422044629,3,7,2,0,0.0,0.0,0.0,0.42857142857142855,1.0,0.2857142857142857,0.0,desktop,ios,safari
DEV_004040,3,0,0,0,0,178.48000000000002,59.49333333333334,57.54,0.004148904309939734,0.0108454823525434,0,3,1,0,0.0,0.0,0.0,0.0,1.0,0.3333333333333333,0.0,mobile,macos,safari
DEV_002536,3,0,0,0,0,158.86,52.95333333333334,54.64,0.0041339945195910666,0.0113033898384989,2,3,1,3,0.0,0.0,0.0,0.6666666666666666,1.0,0.3333333333333333,1.0,mobile,android,chrome
DEV_000071,16,0,0,0,0,1230.34,76.89625,42.39,0.004130191273682333,0.0215057093197608,11,14,1,0,0.0,0.0,0.0,0.6875,0.875,0.0625,0.0,desktop,windows,chrome
DEV_004938,10,0,0,0,0,513.45,51.345000000000006,29.494999999999997,0.004124106825232354,0.0231766354824242,5,10,0,0,0.0,0.0,0.0,0.5,1.0,0.0,0.0,mobile,ios,safari
DEV_002469,3,0,0,0,0,352.38,117.46,113.82,0.004104423661145,0.0061627441868134,2,3,0,3,0.0,0.0,0.0,0.6666666666666666,1.0,0.0,1.0,desktop,windows,edge
DEV_007406,8,0,0,0,0,215.92000000000002,26.990000000000002,17.395000000000003,0.004097105438602046,0.0315528925990089,3,4,0,0,0.0,0.0,0.0,0.375,0.5,0.0,0.0,desktop,ios,chrome
DEV_006112,8,0,0,0,0,665.02,83.1275,30.29,0.004092327622084359,0.0280654541698228,2,7,3,0,0.0,0.0,0.0,0.25,0.875,0.375,0.0,mobile,ios,edge
DEV_003138,4,0,0,0,0,339.65999999999997,84.91499999999999,90.375,0.00407120494879677,0.0157750180061676,1,2,0,0,0.0,0.0,0.0,0.25,0.5,0.0,0.0,desktop,android,firefox
DEV_001961,3,0,0,0,0,455.81,151.93666666666667,142.91,0.004068099066497167,0.0093195940606482,3,3,1,3,0.0,0.0,0.0,1.0,1.0,0.3333333333333333,1.0,mobile,macos,firefox
DEV_003976,13,0,0,0,0,727.99,55.99923076923077,46.43,0.004061725999441769,0.043720751350558,10,13,3,0,0.0,0.0,0.0,0.7692307692307693,1.0,0.23076923076923078,0.0,desktop,macos,chrome
DEV_003876,7,0,0,0,0,970.85,138.69285714285715,167.99,0.004055698322988243,0.0236987599483903,4,6,1,0,0.0,0.0,0.0,0.5714285714285714,0.8571428571428571,0.14285714285714285,0.0,desktop,android,chrome
DEV_003250,4,0,0,0,0,95.53999999999999,23.884999999999998,22.060000000000002,0.0040480127278453,0.0152196843456913,3,4,1,0,0.0,0.0,0.0,0.75,1.0,0.25,0.0,mobile,linux,edge
DEV_005382,8,0,0,0,0,427.51,53.43875,35.235,0.004045480028956612,0.019044343984563,4,6,1,0,0.0,0.0,0.0,0.5,0.75,0.125,0.0,mobile,ios,safari
DEV_000943,3,0,0,0,0,431.22,143.74,98.89,0.004044861999456467,0.0098805731117752,1,3,0,0,0.0,0.0,0.0,0.3333333333333333,1.0,0.0,0.0,desktop,ios,firefox
DEV_002434,9,0,0,0,0,603.3,67.03333333333333,66.87,0.004043615496965478,0.0109565639670753,1,6,1,0,0.0,0.0,0.0,0.1111111111111111,0.6666666666666666,0.1111111111111111,0.0,mobile,windows,chrome
DEV_002367,7,0,0,0,0,226.31,32.33,28.72,0.004033121501165643,0.0094443647462337,1,7,1,0,0.0,0.0,0.0,0.14285714285714285,1.0,0.14285714285714285,0.0,tablet,ios,firefox
DEV_002619,11,0,0,0,0,1259.99,114.54454545454546,56.04,0.004017496225633945,0.0161848336885454,4,10,2,0,0.0,0.0,0.0,0.36363636363636365,0.9090909090909091,0.18181818181818182,0.0,mobile,windows,firefox
DEV_005534,8,0,0,0,0,320.83,40.10375,42.865,0.0040171913164763,0.0252654488383376,4,6,1,0,0.0,0.0,0.0,0.5,0.75,0.125,0.0,mobile,macos,chrome
DEV_005162,9,0,0,0,0,852.1899999999999,94.68777777777777,70.25,0.003990452009397222,0.0262584891968708,4,9,1,0,0.0,0.0,0.0,0.4444444444444444,1.0,0.1111111111111111,0.0,mobile,windows,firefox
DEV_001947,8,0,0,0,0,351.71000000000004,43.963750000000005,24.619999999999997,0.003983285292557618,0.0302426533685188,3,8,0,0,0.0,0.0,0.0,0.375,1.0,0.0,0.0,mobile,android,chrome
DEV_005730,7,0,0,0,0,434.32,62.04571428571428,48.41,0.003980018799607021,0.0213721594356075,2,2,0,0,0.0,0.0,0.0,0.2857142857142857,0.2857142857142857,0.0,0.0,mobile,android,chrome
DEV_000051,12,0,0,0,0,1208.19,100.6825,87.61,0.003974183362981114,0.0222612057017221,7,12,1,0,0.0,0.0,0.0,0.5833333333333334,1.0,0.08333333333333333,0.0,desktop,android,chrome
DEV_001280,4,0,0,0,0,295.14,73.785,75.93,0.003971321771022925,0.0089594847224405,3,4,1,0,0.0,0.0,0.0,0.75,1.0,0.25,0.0,mobile,macos,chrome
DEV_001323,7,0,0,0,0,705.31,100.75857142857141,42.78,0.003958114392468314,0.0182051761229871,5,7,2,0,0.0,0.0,0.0,0.7142857142857143,1.0,0.2857142857142857,0.0,desktop,macos,chrome
DEV_002068,6,0,0,0,0,528.5,88.08333333333333,79.92999999999999,0.003955156505619017,0.0191287568946911,3,6,2,0,0.0,0.0,0.0,0.5,1.0,0.3333333333333333,0.0,mobile,windows,chrome
DEV_004419,13,0,0,0,0,1503.3,115.63846153846154,107.93,0.003954741718079849,0.0216161276452452,4,11,0,0,0.0,0.0,0.0,0.3076923076923077,0.8461538461538461,0.0,0.0,mobile,linux,chrome
DEV_000854,7,0,0,0,0,677.71,96.8157142857143,83.66,0.003945253380176443,0.0200977909594948,3,7,0,0,0.0,0.0,0.0,0.42857142857142855,1.0,0.0,0.0,desktop,macos,edge
DEV_001735,4,0,0,0,0,167.59,41.8975,34.905,0.0039297495878191,0.013919959332244,0,2,0,4,0.0,0.0,0.0,0.0,0.5,0.0,1.0,mobile,macos,chrome
DEV_003615,7,0,0,0,0,1330.75,190.10714285714286,138.25,0.003918721755726057,0.0234903660784994,4,7,0,0,0.0,0.0,0.0,0.5714285714285714,1.0,0.0,0.0,desktop,android,chrome
DEV_006028,5,0,0,0,0,358.99,71.798,37.18,0.0039166368505359605,0.0159098469798193,1,5,0,0,0.0,0.0,0.0,0.2,1.0,0.0,0.0,mobile,android,firefox
DEV_007856,8,0,0,0,0,1434.83,179.35375,162.76500000000001,0.0038937495197970172,0.0180876151524315,1,3,2,0,0.0,0.0,0.0,0.125,0.375,0.25,0.0,mobile,windows,edge
DEV_003215,3,0,0,0,0,143.69,47.89666666666667,16.13,0.0038876276219044843,0.0112968453968626,1,3,0,0,0.0,0.0,0.0,0.3333333333333333,1.0,0.0,0.0,mobile,macos,chrome
DEV_001206,3,0,0,0,0,521.63,173.87666666666667,106.2,0.003878055459724467,0.0097955084541995,1,1,0,0,0.0,0.0,0.0,0.3333333333333333,0.3333333333333333,0.0,0.0,desktop,macos,chrome
DEV_004891,6,0,0,0,0,477.85,79.64166666666667,82.035,0.0038774545969506792,0.0092032763021282,6,6,0,0,0.0,0.0,0.0,1.0,1.0,0.0,0.0,mobile,android,firefox
DEV_000533,3,0,0,0,0,623.13,207.71,33.58,0.0038712191136426335,0.0073027260566275,2,2,0,0,0.0,0.0,0.0,0.6666666666666666,0.6666666666666666,0.0,0.0,mobile,android,chrome
DEV_001617,14,0,0,0,0,1237.47,88.39071428571428,21.265,0.0038600326379461445,0.0371438609313637,7,10,0,0,0.0,0.0,0.0,0.5,0.7142857142857143,0.0,0.0,mobile,macos,edge
DEV_001601,7,0,0,0,0,844.71,120.67285714285715,59.73,0.0038558660598136995,0.0160485464356155,2,7,1,0,0.0,0.0,0.0,0.2857142857142857,1.0,0.14285714285714285,0.0,mobile,android,chrome
DEV_004590,7,0,0,0,0,451.14,64.44857142857143,37.01,0.0038444537034845994,0.0182667108886152,3,3,0,0,0.0,0.0,0.0,0.42857142857142855,0.42857142857142855,0.0,0.0,mobile,ios,chrome
DEV_000659,15,0,0,0,0,1593.12,106.208,77.4,0.0038327846393904495,0.0208097159112801,6,14,3,0,0.0,0.0,0.0,0.4,0.9333333333333333,0.2,0.0,mobile,android,edge
DEV_001313,5,0,0,0,0,262.06,52.412,20.07,0.0038145413911746203,0.0167456680941215,2,5,0,5,0.0,0.0,0.0,0.4,1.0,0.0,1.0,desktop,android,firefox
DEV_002643,3,0,0,0,0,89.9,29.96666666666667,27.6,0.0038041305056175,0.0105247494988111,1,3,0,3,0.0,0.0,0.0,0.3333333333333333,1.0,0.0,1.0,mobile,windows,chrome
DEV_000914,4,0,0,0,0,694.25,173.5625,100.105,0.00380163244204965,0.0104529357201092,3,4,2,4,0.0,0.0,0.0,0.75,1.0,0.5,1.0,desktop,android,edge
DEV_005555,3,0,0,0,0,82.26,27.42,20.01,0.0037974602720253665,0.0100767400706607,1,3,0,0,0.0,0.0,0.0,0.3333333333333333,1.0,0.0,0.0,mobile,macos,safari
DEV_000889,6,0,0,0,0,758.8000000000001,126.46666666666668,107.02000000000001,0.003797414389044912,0.0183312119577055,1,4,0,0,0.0,0.0,0.0,0.16666666666666666,0.6666666666666666,0.0,0.0,mobile,android,safari
DEV_004301,3,0,0,0,0,137.43,45.81,18.74,0.003791551179530567,0.0077605256210049,0,0,0,0,0.0,0.0,0.0,0.0,0.0,0.0,0.0,mobile,ios,chrome
DEV_002345,4,0,0,0,0,134.85,33.7125,32.345,0.0037911287024347,0.0145946981442978,2,4,0,0,0.0,0.0,0.0,0.5,1.0,0.0,0.0,desktop,windows,safari
DEV_003469,7,0,0,0,0,1448.61,206.9442857142857,200.88,0.0037882557952532,0.0167996149723058,2,7,1,0,0.0,0.0,0.0,0.2857142857142857,1.0,0.14285714285714285,0.0,mobile,ios,firefox
DEV_007501,14,0,0,0,0,1836.95,131.2107142857143,130.285,0.0037747115773569856,0.0321212282771949,5,14,0,0,0.0,0.0,0.0,0.35714285714285715,1.0,0.0,0.0,mobile,android,chrome
DEV_001644,3,0,0,0,0,216.67000000000002,72.22333333333334,69.23,0.0037711894361504663,0.0103384564926014,1,3,0,3,0.0,0.0,0.0,0.3333333333333333,1.0,0.0,1.0,mobile,android,safari
DEV_006862,11,0,0,0,0,734.0699999999999,66.73363636363636,54.34,0.0037707406515024547,0.0271081613558529,2,11,0,11,0.0,0.0,0.0,0.18181818181818182,1.0,0.0,1.0,mobile,windows,chrome
DEV_003174,7,0,0,0,0,1157.71,165.38714285714286,99.49,0.003757737551080557,0.0095027467319455,2,6,2,7,0.0,0.0,0.0,0.2857142857142857,0.8571428571428571,0.2857142857142857,1.0,tablet,ios,chrome
DEV_005218,12,0,0,0,0,786.0600000000001,65.50500000000001,55.96,0.00374555925192255,0.0144070908838778,6,12,3,0,0.0,0.0,0.0,0.5,1.0,0.25,0.0,mobile,android,chrome
DEV_003924,10,0,0,0,0,472.04,47.204,38.035,0.0037453120142161163,0.0324584289299549,3,10,0,0,0.0,0.0,0.0,0.3,1.0,0.0,0.0,mobile,windows,chrome
DEV_007804,12,0,0,0,0,782.6,65.21666666666667,44.269999999999996,0.0037386708043350616,0.0126394717576254,4,8,0,0,0.0,0.0,0.0,0.3333333333333333,0.6666666666666666,0.0,0.0,mobile,macos,safari
DEV_002653,15,0,0,0,0,1477.61,98.50733333333332,70.06,0.003737436794524086,0.017349473578849,3,13,4,0,0.0,0.0,0.0,0.2,0.8666666666666667,0.26666666666666666,0.0,mobile,windows,firefox
DEV_005716,5,0,0,0,0,285.46999999999997,57.093999999999994,47.0,0.0037321856410996402,0.0178240391135877,1,1,0,0,0.0,0.0,0.0,0.2,0.2,0.0,0.0,desktop,android,chrome
DEV_005120,3,0,0,0,0,185.39000000000001,61.796666666666674,62.71,0.003726380600492333,0.0106149867049054,2,3,0,3,0.0,0.0,0.0,0.6666666666666666,1.0,0.0,1.0,desktop,windows,edge
DEV_000639,5,0,0,0,0,338.02,67.604,54.35,0.00371643630591774,0.0126175778837654,2,5,1,0,0.0,0.0,0.0,0.4,1.0,0.2,0.0,mobile,macos,chrome
DEV_006885,4,0,0,0,0,308.46,77.115,74.85499999999999,0.00371524022677425,0.0091402194861706,1,4,0,0,0.0,0.0,0.0,0.25,1.0,0.0,0.0,mobile,android,chrome
DEV_000160,6,0,0,0,0,284.13,47.355,37.24,0.0037114217457143244,0.0167166381729611,3,6,0,0,0.0,0.0,0.0,0.5,1.0,0.0,0.0,mobile,macos,safari
DEV_002265,12,0,0,0,0,766.97,63.91416666666667,52.875,0.0037108958809233916,0.0209707509754074,6,10,2,0,0.0,0.0,0.0,0.5,0.8333333333333334,0.16666666666666666,0.0,desktop,android,safari
DEV_001619,3,0,0,0,0,219.75,73.25,51.27,0.0037000267030333996,0.0104759986827772,1,3,0,0,0.0,0.0,0.0,0.3333333333333333,1.0,0.0,0.0,desktop,android,chrome
DEV_005628,7,0,0,0,0,230.86,32.980000000000004,28.03,0.0036957526664645286,0.017595337919779,2,3,0,0,0.0,0.0,0.0,0.2857142857142857,0.42857142857142855,0.0,0.0,mobile,ios,chrome
DEV_007391,7,0,0,0,0,557.86,79.69428571428571,41.55,0.0036921738108253574,0.017243987592248,2,3,1,0,0.0,0.0,0.0,0.2857142857142857,0.42857142857142855,0.14285714285714285,0.0,desktop,android,chrome
DEV_002772,6,0,0,0,0,295.28,49.21333333333333,31.805,0.0036872314348604667,0.0153321846310444,2,6,0,0,0.0,0.0,0.0,0.3333333333333333,1.0,0.0,0.0,tablet,macos,chrome
DEV_001703,10,0,0,0,0,757.81,75.78099999999999,45.315,0.00367906655443518,0.0240102101238306,1,1,0,0,0.0,0.0,0.0,0.1,0.1,0.0,0.0,desktop,ios,edge
DEV_003372,10,0,0,0,0,638.8100000000001,63.88100000000001,33.47,0.0036768942204586,0.0156636684525231,4,9,0,0,0.0,0.0,0.0,0.4,0.9,0.0,0.0,desktop,ios,edge
DEV_002153,8,0,0,0,0,960.39,120.04875,121.595,0.003669652854997712,0.0115097435988946,1,6,1,0,0.0,0.0,0.0,0.125,0.75,0.125,0.0,mobile,windows,chrome
DEV_003579,9,0,0,0,0,2380.92,264.5466666666667,256.07,0.0036690376741464223,0.0160897493427985,5,9,3,0,0.0,0.0,0.0,0.5555555555555556,1.0,0.3333333333333333,0.0,tablet,android,chrome
DEV_002626,3,0,0,0,0,791.6899999999999,263.89666666666665,184.79,0.003650532113843233,0.0089481199451708,2,3,0,0,0.0,0.0,0.0,0.6666666666666666,1.0,0.0,0.0,mobile,macos,safari
DEV_006740,8,0,0,0,0,411.40999999999997,51.426249999999996,53.815,0.0036484499608750486,0.0158890508059829,2,8,2,8,0.0,0.0,0.0,0.25,1.0,0.25,1.0,mobile,macos,safari
DEV_003799,10,0,0,0,0,574.62,57.462,37.489999999999995,0.003648034576227018,0.0149595904261816,6,8,1,0,0.0,0.0,0.0,0.6,0.8,0.1,0.0,desktop,ios,safari
DEV_002890,4,0,0,0,0,378.88,94.72,103.345,0.0036465370992983,0.008847468241455,1,4,1,4,0.0,0.0,0.0,0.25,1.0,0.25,1.0,mobile,windows,safari
DEV_007021,5,0,0,0,0,1157.54,231.50799999999998,81.67,0.0036419107389439203,0.0160392594155976,2,5,1,0,0.0,0.0,0.0,0.4,1.0,0.2,0.0,mobile,windows,edge
DEV_001159,19,0,0,0,0,1340.27,70.54052631578948,56.97,0.0036393998328793954,0.0468364859508714,8,19,3,0,0.0,0.0,0.0,0.42105263157894735,1.0,0.15789473684210525,0.0,desktop,macos,safari
DEV_000468,11,0,0,0,0,632.89,57.53545454545454,36.61,0.0036388231594657473,0.0215737334890852,3,5,1,0,0.0,0.0,0.0,0.2727272727272727,0.45454545454545453,0.09090909090909091,0.0,mobile,android,firefox
DEV_001696,8,0,0,0,0,1375.53,171.94125,156.05,0.00361970687116905,0.0142816772452829,5,8,1,0,0.0,0.0,0.0,0.625,1.0,0.125,0.0,mobile,ios,edge
DEV_003053,10,0,0,0,0,1817.6,181.76,61.25,0.00361935916621555,0.0100856273529592,5,8,0,0,0.0,0.0,0.0,0.5,0.8,0.0,0.0,mobile,ios,edge
DEV_004085,12,0,0,0,0,433.13,36.094166666666666,23.935000000000002,0.0036149705350431087,0.0236407533784561,6,11,0,0,0.0,0.0,0.0,0.5,0.9166666666666666,0.0,0.0,mobile,macos,chrome
DEV_005560,4,0,0,0,0,246.78,61.695,20.69,0.003614673500318147,0.0087024430775286,2,4,0,0,0.0,0.0,0.0,0.5,1.0,0.0,0.0,desktop,windows,chrome
DEV_005087,4,0,0,0,0,909.33,227.3325,214.245,0.003606670116034025,0.0135863309915876,1,4,0,0,0.0,0.0,0.0,0.25,1.0,0.0,0.0,mobile,linux,firefox
DEV_006189,3,0,0,0,0,185.21,61.73666666666667,80.95,0.003598124110006833,0.0081762027898739,1,3,0,0,0.0,0.0,0.0,0.3333333333333333,1.0,0.0,0.0,mobile,ios,chrome
DEV_001149,8,0,0,0,0,941.43,117.67875,43.11,0.0035862690313349186,0.0115013656969736,2,5,0,0,0.0,0.0,0.0,0.25,0.625,0.0,0.0,tablet,windows,chrome
DEV_003227,6,0,0,0,0,358.34,59.72333333333333,41.955,0.003585214453150083,0.0131502475362914,1,4,1,6,0.0,0.0,0.0,0.16666666666666666,0.6666666666666666,0.16666666666666666,1.0,mobile,ios,firefox
DEV_000455,16,0,0,0,0,951.61,59.475625,51.585,0.0035811404873119248,0.0275515818371823,10,15,0,0,0.0,0.0,0.0,0.625,0.9375,0.0,0.0,mobile,windows,chrome
DEV_001770,3,0,0,0,0,191.21,63.73666666666667,84.06,0.0035800438684141667,0.0090846119552463,3,3,0,0,0.0,0.0,0.0,1.0,1.0,0.0,0.0,mobile,ios,chrome
DEV_007089,6,0,0,0,0,489.52,81.58666666666666,55.125,0.00355918395533005,0.0151342039432825,3,4,1,0,0.0,0.0,0.0,0.5,0.6666666666666666,0.16666666666666666,0.0,mobile,android,firefox
DEV_001902,11,0,0,0,0,899.03,81.73,28.39,0.003544760851938013,0.0115828195451344,2,5,0,0,0.0,0.0,0.0,0.18181818181818182,0.45454545454545453,0.0,0.0,mobile,windows,safari
DEV_004543,7,0,0,0,0,439.78,62.825714285714284,31.77,0.0035385161743268856,0.0094904101911231,1,3,0,0,0.0,0.0,0.0,0.14285714285714285,0.42857142857142855,0.0,0.0,mobile,macos,safari
DEV_002802,5,0,0,0,0,643.5,128.7,85.9,0.0035295527165666598,0.0146703772591848,3,5,0,0,0.0,0.0,0.0,0.6,1.0,0.0,0.0,tablet,windows,safari
DEV_006757,3,0,0,0,0,99.58,33.193333333333335,33.82,0.0035294449985907,0.0096946978513558,2,2,2,3,0.0,0.0,0.0,0.6666666666666666,0.6666666666666666,0.6666666666666666,1.0,tablet,ios,chrome
DEV_007482,15,0,0,0,0,1739.2,115.94666666666667,77.99,0.003528349830325953,0.0154789836763971,9,13,3,0,0.0,0.0,0.0,0.6,0.8666666666666667,0.2,0.0,mobile,android,edge
DEV_003327,6,0,0,0,0,454.35,75.72500000000001,57.92,0.0035252978054376815,0.010650855100438,2,6,0,0,0.0,0.0,0.0,0.3333333333333333,1.0,0.0,0.0,mobile,windows,safari
DEV_003292,5,0,0,0,0,227.35,45.47,32.69,0.0035141432250453,0.0128240974780705,3,5,2,0,0.0,0.0,0.0,0.6,1.0,0.4,0.0,mobile,ios,safari
DEV_000578,7,0,0,0,0,398.92,56.98857142857143,57.4,0.0035087422175294476,0.0163992560227773,0,1,1,0,0.0,0.0,0.0,0.0,0.14285714285714285,0.14285714285714285,0.0,mobile,android,chrome
DEV_000002,6,0,0,0,0,724.0799999999999,120.67999999999999,85.185,0.0035049742777236333,0.0066595733868603,1,6,0,0,0.0,0.0,0.0,0.16666666666666666,1.0,0.0,0.0,mobile,macos,chrome
DEV_000820,8,0,0,0,0,445.27,55.65875,39.144999999999996,0.00349168558759475,0.0161073541311845,6,8,1,0,0.0,0.0,0.0,0.75,1.0,0.125,0.0,desktop,ios,chrome
DEV_004122,6,0,0,0,0,360.32,60.053333333333335,37.275,0.0034887474453527832,0.0145276586650906,1,6,1,6,0.0,0.0,0.0,0.16666666666666666,1.0,0.16666666666666666,1.0,desktop,macos,chrome
DEV_006294,4,0,0,0,0,649.31,162.3275,181.345,0.00348527782783805,0.0110785149276627,4,4,0,4,0.0,0.0,0.0,1.0,1.0,0.0,1.0,mobile,windows,chrome
DEV_004741,5,0,0,0,0,141.29999999999998,28.259999999999998,21.59,0.0034713119431789958,0.0107043957504899,1,5,0,5,0.0,0.0,0.0,0.2,1.0,0.0,1.0,mobile,macos,safari
DEV_007061,7,0,0,0,0,373.97,53.424285714285716,51.75,0.003459568547961514,0.0155504504443773,1,5,1,0,0.0,0.0,0.0,0.14285714285714285,0.7142857142857143,0.14285714285714285,0.0,mobile,ios,chrome
DEV_004059,11,0,0,0,0,642.47,58.406363636363636,35.15,0.003452418431494941,0.0209875061912315,5,10,0,0,0.0,0.0,0.0,0.45454545454545453,0.9090909090909091,0.0,0.0,tablet,ios,chrome
DEV_004539,5,0,0,0,0,485.61,97.122,115.31,0.00344334645909102,0.0161542694706676,3,3,0,0,0.0,0.0,0.0,0.6,0.6,0.0,0.0,desktop,windows,chrome
DEV_002541,16,0,0,0,0,740.6,46.2875,33.129999999999995,0.0034201730459806562,0.0206694408982223,4,15,2,0,0.0,0.0,0.0,0.25,0.9375,0.125,0.0,mobile,android,firefox
DEV_000962,8,0,0,0,0,570.03,71.25375,42.91,0.003410138908352301,0.0147386278062311,0,6,0,0,0.0,0.0,0.0,0.0,0.75,0.0,0.0,mobile,windows,safari
DEV_002672,8,0,0,0,0,583.33,72.91625,67.705,0.0033874826263905625,0.0162696222960277,4,8,0,0,0.0,0.0,0.0,0.5,1.0,0.0,0.0,mobile,android,safari
DEV_005244,11,0,0,0,0,1434.86,130.44181818181818,63.48,0.0033864942785449183,0.0166380095456992,8,10,0,0,0.0,0.0,0.0,0.7272727272727273,0.9090909090909091,0.0,0.0,mobile,windows,firefox
DEV_004404,8,0,0,0,0,538.46,67.3075,53.335,0.0033833703495837,0.0165557679893933,6,6,0,0,0.0,0.0,0.0,0.75,0.75,0.0,0.0,mobile,macos,firefox
DEV_004494,8,0,0,0,0,1061.6499999999999,132.70624999999998,99.25999999999999,0.0033652297169245765,0.0191114063477229,2,7,0,0,0.0,0.0,0.0,0.25,0.875,0.0,0.0,mobile,macos,safari
DEV_002405,8,0,0,0,0,208.89999999999998,26.112499999999997,24.604999999999997,0.003365146302492938,0.0152599116808964,5,8,2,0,0.0,0.0,0.0,0.625,1.0,0.25,0.0,desktop,android,edge
DEV_001215,5,0,0,0,0,730.1,146.02,140.14,0.0033574565651161596,0.0102681006801529,4,5,0,0,0.0,0.0,0.0,0.8,1.0,0.0,0.0,mobile,android,chrome
DEV_001942,7,0,0,0,0,997.0999999999999,142.44285714285712,47.34,0.003352001735146662,0.0101215350392198,3,7,2,0,0.0,0.0,0.0,0.42857142857142855,1.0,0.2857142857142857,0.0,mobile,android,chrome
DEV_005976,3,0,0,0,0,309.69000000000005,103.23000000000002,129.33,0.0033514437933484333,0.0096570472996876,2,2,0,3,0.0,0.0,0.0,0.6666666666666666,0.6666666666666666,0.0,1.0,desktop,linux,chrome
DEV_006434,4,0,0,0,0,324.61,81.1525,23.785,0.00334090340850955,0.0052300549099331,0,4,0,0,0.0,0.0,0.0,0.0,1.0,0.0,0.0,desktop,android,chrome
DEV_005343,4,0,0,0,0,315.14,78.785,55.95,0.0033328990899924994,0.0121990644145755,4,4,0,0,0.0,0.0,0.0,1.0,1.0,0.0,0.0,desktop,windows,chrome
DEV_006957,14,0,0,0,0,2477.81,176.98642857142858,76.67500000000001,0.0033254832444363646,0.0168749206101437,8,9,2,0,0.0,0.0,0.0,0.5714285714285714,0.6428571428571429,0.14285714285714285,0.0,mobile,android,safari
DEV_002038,13,0,0,0,0,952.5699999999999,73.27461538461537,53.94,0.0033241909338868774,0.016826786237651,1,12,2,0,0.0,0.0,0.0,0.07692307692307693,0.9230769230769231,0.15384615384615385,0.0,desktop,android,chrome
DEV_002735,3,0,0,0,0,413.21,137.73666666666665,155.7,0.0033218905322737,0.00912798278193,2,3,1,0,0.0,0.0,0.0,0.6666666666666666,1.0,0.3333333333333333,0.0,mobile,android,firefox
DEV_007275,3,0,0,0,0,239.87,79.95666666666666,100.74,0.0033208875913504337,0.0049901098229503,1,1,1,0,0.0,0.0,0.0,0.3333333333333333,0.3333333333333333,0.3333333333333333,0.0,mobile,macos,chrome
DEV_002676,20,0,0,0,0,2351.65,117.58250000000001,93.565,0.0033172660959329197,0.0122980845019176,9,20,2,0,0.0,0.0,0.0,0.45,1.0,0.1,0.0,mobile,macos,firefox
DEV_002227,3,0,0,0,0,195.39999999999998,65.13333333333333,31.87,0.003310208226714566,0.0094250690356268,2,3,1,0,0.0,0.0,0.0,0.6666666666666666,1.0,0.3333333333333333,0.0,mobile,android,edge
DEV_007047,3,1,0,0,0,115.48,38.49333333333333,23.32,0.0033068392258030995,0.0078967175515056,3,3,0,0,0.3333333333333333,0.0,0.0,1.0,1.0,0.0,0.0,mobile,ios,safari
DEV_001423,6,0,0,0,0,267.57,44.595,28.12,0.0033049029009787003,0.0168385845097022,4,6,0,0,0.0,0.0,0.0,0.6666666666666666,1.0,0.0,0.0,tablet,android,chrome
DEV_000263,3,0,0,0,0,310.37,103.45666666666666,104.04,0.0033046252483231336,0.0087715100003903,1,3,1,0,0.0,0.0,0.0,0.3333333333333333,1.0,0.3333333333333333,0.0,desktop,windows,safari
DEV_007132,3,0,0,0,0,512.2,170.73333333333335,182.73,0.003304419853827267,0.0092335585884159,2,3,0,0,0.0,0.0,0.0,0.6666666666666666,1.0,0.0,0.0,mobile,windows,firefox
DEV_005731,5,0,0,0,0,325.58000000000004,65.11600000000001,82.01,0.0033036710509774065,0.0068737180763927,0,4,0,5,0.0,0.0,0.0,0.0,0.8,0.0,1.0,mobile,ios,edge
DEV_004070,4,0,0,0,0,706.07,176.5175,102.08500000000001,0.00329661079206165,0.0081896389908975,3,4,1,0,0.0,0.0,0.0,0.75,1.0,0.25,0.0,desktop,android,safari
DEV_000129,6,0,0,0,0,381.55,63.59166666666667,34.345,0.00329404334621715,0.0159975862396505,3,6,1,0,0.0,0.0,0.0,0.5,1.0,0.16666666666666666,0.0,tablet,android,firefox
DEV_003103,5,0,0,0,0,374.6,74.92,51.38,0.0032821114955094597,0.0115491023352485,2,4,0,0,0.0,0.0,0.0,0.4,0.8,0.0,0.0,mobile,android,chrome
DEV_001962,8,0,0,0,0,748.8,93.6,50.035,0.003280956971753925,0.0212632403818262,2,7,0,0,0.0,0.0,0.0,0.25,0.875,0.0,0.0,mobile,windows,safari
DEV_001526,4,0,0,0,0,240.38,60.095,64.275,0.0032774632349072247,0.0118325416896343,0,0,0,0,0.0,0.0,0.0,0.0,0.0,0.0,0.0,mobile,windows,chrome
DEV_001887,3,0,0,0,0,338.21000000000004,112.73666666666668,27.23,0.003255565059025667,0.0091454779178868,1,3,0,0,0.0,0.0,0.0,0.3333333333333333,1.0,0.0,0.0,mobile,android,safari
DEV_001064,4,0,0,0,0,402.32,100.58,98.245,0.003250866806186275,0.0113866376761776,1,3,1,0,0.0,0.0,0.0,0.25,0.75,0.25,0.0,desktop,android,firefox
DEV_005199,6,0,0,0,0,562.55,93.75833333333333,81.555,0.0032342568289720833,0.0086110167918784,2,6,1,0,0.0,0.0,0.0,0.3333333333333333,1.0,0.16666666666666666,0.0,desktop,linux,safari
DEV_002787,3,0,0,0,0,103.7,34.56666666666667,31.77,0.0032326289257256,0.0092898873588781,0,3,0,3,0.0,0.0,0.0,0.0,1.0,0.0,1.0,mobile,android,chrome
DEV_006058,3,0,0,0,0,155.86,51.95333333333334,26.7,0.0032043346460947334,0.0056312067970759,2,3,1,0,0.0,0.0,0.0,0.6666666666666666,1.0,0.3333333333333333,0.0,mobile,android,safari
DEV_005553,14,0,0,0,0,768.12,54.86571428571428,34.96,0.0032026394863455565,0.021804231271842,4,14,4,0,0.0,0.0,0.0,0.2857142857142857,1.0,0.2857142857142857,0.0,desktop,macos,chrome
DEV_007595,8,0,0,0,0,371.81,46.47625,29.93,0.0031884900486213374,0.0200073747893866,3,5,2,0,0.0,0.0,0.0,0.375,0.625,0.25,0.0,mobile,ios,safari
DEV_006343,10,0,0,0,0,888.41,88.841,47.425,0.0031850887561801697,0.0173691773685534,3,10,3,0,0.0,0.0,0.0,0.3,1.0,0.3,0.0,mobile,android,chrome
DEV_003273,3,0,0,0,0,106.12,35.373333333333335,31.22,0.0031728564876212667,0.0090613281042193,2,3,0,3,0.0,0.0,0.0,0.6666666666666666,1.0,0.0,1.0,mobile,android,chrome
DEV_007055,3,0,0,0,0,323.21000000000004,107.73666666666668,33.99,0.0031638907868571666,0.0085615810231943,2,3,1,0,0.0,0.0,0.0,0.6666666666666666,1.0,0.3333333333333333,0.0,mobile,ios,edge
DEV_006825,5,0,0,0,0,183.74,36.748000000000005,24.21,0.0031634044089774403,0.0104798825472659,2,3,0,5,0.0,0.0,0.0,0.4,0.6,0.0,1.0,mobile,android,chrome
DEV_003061,13,0,0,0,0,720.55,55.426923076923075,33.94,0.003161667897527615,0.0117308226285621,7,11,1,0,0.0,0.0,0.0,0.5384615384615384,0.8461538461538461,0.07692307692307693,0.0,mobile,windows,chrome
DEV_000107,3,0,0,0,0,103.47,34.49,19.82,0.003147480873028433,0.0088926989749208,1,3,0,0,0.0,0.0,0.0,0.3333333333333333,1.0,0.0,0.0,tablet,ios,safari
DEV_005983,5,0,0,0,0,805.9100000000001,161.18200000000002,121.55,0.00314568896211124,0.0058804252894209,3,5,0,5,0.0,0.0,0.0,0.6,1.0,0.0,1.0,mobile,ios,firefox
DEV_006535,7,0,0,0,0,809.72,115.67428571428572,68.04,0.003143020369577416,0.0126290595787059,4,4,0,0,0.0,0.0,0.0,0.5714285714285714,0.5714285714285714,0.0,0.0,desktop,windows,firefox
DEV_004940,5,0,0,0,0,78.48,15.696000000000002,16.92,0.00313761451375,0.007364519000157,0,1,1,5,0.0,0.0,0.0,0.0,0.2,0.2,1.0,mobile,windows,chrome
DEV_007964,3,0,0,0,0,459.89,153.29666666666665,133.73,0.0031339386170451487,0.005327215254788,2,2,1,0,0.0,0.0,0.0,0.6666666666666666,0.6666666666666666,0.3333333333333333,0.0,mobile,linux,edge
DEV_000637,8,0,0,0,0,627.09,78.38625,42.41,0.0031233080148951125,0.0103992058561819,4,7,0,0,0.0,0.0,0.0,0.5,0.875,0.0,0.0,desktop,windows,safari
DEV_000443,4,0,0,0,0,518.0899999999999,129.52249999999998,121.04499999999999,0.003113645547312425,0.0064219691326238,2,4,0,0,0.0,0.0,0.0,0.5,1.0,0.0,0.0,desktop,android,chrome
DEV_001226,14,0,0,0,0,1381.58,98.6842857142857,77.94,0.0030969985913377263,0.0188903642010884,6,14,1,0,0.0,0.0,0.0,0.42857142857142855,1.0,0.07142857142857142,0.0,mobile,ios,chrome
DEV_000791,4,0,0,0,0,214.9,53.725,25.47,0.0030847310351879,0.0105724517151283,4,4,0,0,0.0,0.0,0.0,1.0,1.0,0.0,0.0,desktop,macos,chrome
DEV_004707,8,0,0,0,0,303.37,37.92125,28.02,0.003081146290043907,0.0198268836907728,2,8,2,0,0.0,0.0,0.0,0.25,1.0,0.25,0.0,mobile,android,edge
DEV_003248,12,0,0,0,0,2220.5,185.04166666666666,169.485,0.003076267916354283,0.0212562789017909,8,9,2,0,0.0,0.0,0.0,0.6666666666666666,0.75,0.16666666666666666,0.0,mobile,android,chrome
DEV_005229,4,0,0,0,0,384.66999999999996,96.16749999999999,97.015,0.003069294529646817,0.0094340142649776,0,2,0,4,0.0,0.0,0.0,0.0,0.5,0.0,1.0,desktop,ios,chrome
DEV_002168,4,0,0,0,0,120.97,30.2425,33.965,0.00306633002955,0.0088262296279117,2,4,1,4,0.0,0.0,0.0,0.5,1.0,0.25,1.0,mobile,macos,safari
DEV_004055,4,0,0,0,0,214.87,53.7175,49.89,0.00306173003688385,0.0090738134455577,1,4,0,0,0.0,0.0,0.0,0.25,1.0,0.0,0.0,desktop,ios,chrome
DEV_004755,3,0,0,0,0,68.65,22.883333333333336,17.86,0.0030482874857907997,0.0083694235020604,0,3,1,0,0.0,0.0,0.0,0.0,1.0,0.3333333333333333,0.0,mobile,macos,chrome
DEV_002212,10,0,0,0,0,1165.59,116.559,106.83500000000001,0.003045996278493,0.0183084029224968,7,10,0,0,0.0,0.0,0.0,0.7,1.0,0.0,0.0,mobile,macos,chrome
DEV_001018,4,0,0,0,0,282.61,70.6525,75.82000000000001,0.00304072788696715,0.0103788509812452,1,4,2,0,0.0,0.0,0.0,0.25,1.0,0.5,0.0,desktop,android,safari
DEV_003494,9,0,0,0,0,735.3199999999999,81.70222222222222,57.23,0.003039759172919397,0.0150462922687286,6,8,0,0,0.0,0.0,0.0,0.6666666666666666,0.8888888888888888,0.0,0.0,mobile,macos,chrome
DEV_005160,5,0,0,0,0,130.87,26.174,22.65,0.0030380111376209196,0.0094417458538574,3,4,1,0,0.0,0.0,0.0,0.6,0.8,0.2,0.0,desktop,android,chrome
DEV_006181,12,0,0,0,0,1053.37,87.78083333333332,60.88,0.0030253568295415417,0.0122082572035599,5,7,0,0,0.0,0.0,0.0,0.4166666666666667,0.5833333333333334,0.0,0.0,mobile,ios,firefox
DEV_003949,10,0,0,0,0,818.05,81.80499999999999,73.72,0.00302520923683984,0.01547817115954,2,7,2,0,0.0,0.0,0.0,0.2,0.7,0.2,0.0,desktop,linux,safari
DEV_002432,7,0,0,0,0,843.11,120.44428571428571,99.08,0.003006994738444357,0.0071569112328521,0,7,2,0,0.0,0.0,0.0,0.0,1.0,0.2857142857142857,0.0,mobile,windows,chrome
DEV_000925,3,0,0,0,0,273.79,91.26333333333334,70.97,0.0029999508852855995,0.0060630464117044,2,2,0,0,0.0,0.0,0.0,0.6666666666666666,0.6666666666666666,0.0,0.0,mobile,ios,firefox
DEV_000737,4,0,0,0,0,301.21,75.3025,67.46000000000001,0.0029977831614341503,0.0093972404305855,2,4,0,0,0.0,0.0,0.0,0.5,1.0,0.0,0.0,mobile,windows,chrome
DEV_000952,4,0,0,0,0,474.07,118.5175,120.12,0.0029972660011038,0.0091007340851148,3,4,0,0,0.0,0.0,0.0,0.75,1.0,0.0,0.0,desktop,ios,chrome
DEV_006239,15,0,0,0,0,1122.3600000000001,74.82400000000001,55.36,0.0029936776620734427,0.0307953030067967,5,15,3,15,0.0,0.0,0.0,0.3333333333333333,1.0,0.2,1.0,tablet,linux,firefox
DEV_007592,9,0,0,0,0,472.96,52.55111111111111,22.85,0.00299230846772079,0.0227426949583367,4,6,1,0,0.0,0.0,0.0,0.4444444444444444,0.6666666666666666,0.1111111111111111,0.0,mobile,macos,chrome
DEV_004431,5,0,0,0,0,302.59999999999997,60.519999999999996,37.41,0.0029629158386347597,0.006477935542481,4,5,1,0,0.0,0.0,0.0,0.8,1.0,0.2,0.0,tablet,android,chrome
DEV_000568,6,0,0,0,0,451.92,75.32000000000001,44.485,0.0029257447889125313,0.0136310996886718,1,5,0,0,0.0,0.0,0.0,0.16666666666666666,0.8333333333333334,0.0,0.0,mobile,android,chrome
DEV_004173,16,0,0,0,0,2273.44,142.09,81.045,0.002923850180123701,0.0157169295053985,11,16,1,0,0.0,0.0,0.0,0.6875,1.0,0.0625,0.0,mobile,android,chrome
DEV_004668,4,0,0,0,0,202.91,50.7275,55.055,0.0029056446085721247,0.0100155851490767,2,4,1,4,0.0,0.0,0.0,0.5,1.0,0.25,1.0,desktop,android,edge
DEV_005054,11,0,0,0,0,765.89,69.62636363636364,26.34,0.0028895868837428428,0.0216929667168989,4,11,2,0,0.0,0.0,0.0,0.36363636363636365,1.0,0.18181818181818182,0.0,mobile,macos,firefox
DEV_005347,3,0,0,0,0,249.36999999999998,83.12333333333332,89.61,0.0028874103891638335,0.006884808504553,1,3,0,0,0.0,0.0,0.0,0.3333333333333333,1.0,0.0,0.0,mobile,macos,chrome
DEV_004814,4,0,0,0,0,541.11,135.2775,125.35499999999999,0.002870463598119975,0.0090462445859794,2,3,0,0,0.0,0.0,0.0,0.5,0.75,0.0,0.0,tablet,ios,safari
DEV_006108,7,0,0,0,0,518.1,74.01428571428572,64.46,0.002862063943636814,0.0103448780306274,0,7,1,0,0.0,0.0,0.0,0.0,1.0,0.14285714285714285,0.0,mobile,macos,safari
DEV_001411,4,0,0,0,0,1179.26,294.815,269.835,0.0028575048550071,0.005450261528298,3,4,1,0,0.0,0.0,0.0,0.75,1.0,0.25,0.0,mobile,linux,safari
DEV_006771,5,0,0,0,0,303.75,60.75,50.51,0.00284495556605356,0.0051131951800818,2,5,0,0,0.0,0.0,0.0,0.4,1.0,0.0,0.0,mobile,macos,chrome
DEV_007268,5,0,0,0,0,520.6,104.12,31.15,0.0028379008759945343,0.0121242547882025,2,4,2,0,0.0,0.0,0.0,0.4,0.8,0.4,0.0,mobile,android,chrome
DEV_006871,3,0,0,0,0,148.37,49.45666666666667,58.41,0.002836043479152934,0.0068961358127887,2,3,1,3,0.0,0.0,0.0,0.6666666666666666,1.0,0.3333333333333333,1.0,mobile,macos,edge
DEV_004527,3,0,0,0,0,360.5,120.16666666666667,114.26,0.0028287916816658997,0.0041167308787661,2,3,1,3,0.0,0.0,0.0,0.6666666666666666,1.0,0.3333333333333333,1.0,mobile,linux,chrome
DEV_002391,6,0,0,0,0,1220.58,203.42999999999998,49.365,0.002816997234849966,0.014188162724714,3,4,0,0,0.0,0.0,0.0,0.5,0.6666666666666666,0.0,0.0,desktop,ios,chrome
DEV_000013,16,0,0,0,0,1487.8,92.9875,52.765,0.002811196625289781,0.0148870463192415,9,14,6,0,0.0,0.0,0.0,0.5625,0.875,0.375,0.0,mobile,ios,edge
DEV_000954,4,0,0,0,0,800.6,200.15,132.885,0.002804984825440275,0.0084817457618249,2,4,0,0,0.0,0.0,0.0,0.5,1.0,0.0,0.0,mobile,windows,chrome
DEV_005468,5,0,0,0,0,104.00999999999999,20.802,17.9,0.0028004689220386,0.0128205758519675,3,5,0,0,0.0,0.0,0.0,0.6,1.0,0.0,0.0,mobile,android,chrome
DEV_006051,5,0,0,0,0,261.22,52.24400000000001,64.3,0.0027909598843206,0.0069479011611131,1,5,0,0,0.0,0.0,0.0,0.2,1.0,0.0,0.0,mobile,android,edge
DEV_006626,6,0,0,0,0,254.16,42.36,23.1,0.0027886348137720666,0.0126307129123192,2,6,1,6,0.0,0.0,0.0,0.3333333333333333,1.0,0.16666666666666666,1.0,mobile,ios,chrome
DEV_001604,5,0,0,0,0,903.37,180.674,78.22,0.00278802726883014,0.0122730693390071,0,5,0,5,0.0,0.0,0.0,0.0,1.0,0.0,1.0,tablet,windows,safari
DEV_001413,3,0,0,0,0,69.99,23.33,17.08,0.0027878139377338997,0.0056011180640911,1,2,1,0,0.0,0.0,0.0,0.3333333333333333,0.6666666666666666,0.3333333333333333,0.0,desktop,android,safari
DEV_006721,18,0,0,0,0,1799.0800000000002,99.9488888888889,77.945,0.0027778736008361167,0.0265106969789952,4,15,0,0,0.0,0.0,0.0,0.2222222222222222,0.8333333333333334,0.0,0.0,mobile,ios,chrome
DEV_000377,8,0,0,0,0,861.06,107.6325,75.23,0.002776114862983884,0.009203371954136,4,8,0,0,0.0,0.0,0.0,0.5,1.0,0.0,0.0,mobile,windows,firefox
DEV_001786,4,0,0,0,0,139.23,34.8075,36.56,0.002775252930637485,0.0104871373242374,2,4,1,0,0.0,0.0,0.0,0.5,1.0,0.25,0.0,desktop,linux,edge
DEV_003299,7,0,0,0,0,317.31,45.33,29.46,0.002768637382920224,0.0098012212862327,2,4,0,0,0.0,0.0,0.0,0.2857142857142857,0.5714285714285714,0.0,0.0,mobile,android,chrome
DEV_007706,6,0,0,0,0,1674.75,279.125,152.2,0.0027680602091327664,0.0072753340506959,2,5,1,0,0.0,0.0,0.0,0.3333333333333333,0.8333333333333334,0.16666666666666666,0.0,mobile,macos,safari
DEV_004660,4,0,0,0,0,368.41,92.1025,43.105000000000004,0.0027653375490391497,0.0044743500506689,4,4,1,0,0.0,0.0,0.0,1.0,1.0,0.25,0.0,desktop,macos,safari
DEV_003195,7,0,0,0,0,595.9,85.12857142857142,69.31,0.0027648738237218283,0.0085952346950212,2,7,1,0,0.0,0.0,0.0,0.2857142857142857,1.0,0.14285714285714285,0.0,mobile,android,safari
DEV_006380,7,0,0,0,0,474.8,67.82857142857144,49.69,0.0027622668024618996,0.007708492852282,4,7,0,0,0.0,0.0,0.0,0.5714285714285714,1.0,0.0,0.0,desktop,android,chrome
DEV_003605,10,0,0,0,0,670.57,67.057,51.715,0.00275672564041845,0.0090434686619692,6,9,3,0,0.0,0.0,0.0,0.6,0.9,0.3,0.0,mobile,macos,chrome
DEV_006965,6,0,0,0,0,262.26,43.71,13.274999999999999,0.0027567016542963175,0.0080214704027755,4,6,1,0,0.0,0.0,0.0,0.6666666666666666,1.0,0.16666666666666666,0.0,mobile,android,safari
DEV_000884,7,0,0,0,0,206.82,29.545714285714286,33.07,0.0027471025641820244,0.0121346724016591,3,3,0,0,0.0,0.0,0.0,0.42857142857142855,0.42857142857142855,0.0,0.0,desktop,android,chrome
DEV_003451,4,0,0,0,0,143.98,35.995,31.14,0.0027332645812205964,0.0099348364948014,2,4,0,0,0.0,0.0,0.0,0.5,1.0,0.0,0.0,mobile,macos,chrome
DEV_006569,8,0,0,0,0,961.64,120.205,89.16499999999999,0.0027177591950196373,0.0075373340733056,5,8,2,0,0.0,0.0,0.0,0.625,1.0,0.25,0.0,tablet,windows,firefox
DEV_002704,9,0,0,0,0,407.36,45.26222222222222,41.74,0.0026876391802413443,0.0078630533156807,3,9,2,0,0.0,0.0,0.0,0.3333333333333333,1.0,0.2222222222222222,0.0,mobile,ios,edge
DEV_003065,12,0,0,0,0,1909.79,159.14916666666667,73.225,0.0026854561625612085,0.0165019201607361,4,10,3,0,0.0,0.0,0.0,0.3333333333333333,0.8333333333333334,0.25,0.0,mobile,ios,firefox
DEV_003295,6,0,0,0,0,1140.8,190.13333333333333,111.60499999999999,0.0026692801597533165,0.0085765656411845,6,6,1,0,0.0,0.0,0.0,1.0,1.0,0.16666666666666666,0.0,mobile,android,firefox
DEV_003972,3,0,0,0,0,186.35,62.11666666666667,57.99,0.0026655568766202667,0.0059527507738922,2,3,0,3,0.0,0.0,0.0,0.6666666666666666,1.0,0.0,1.0,mobile,windows,chrome
DEV_003347,14,0,0,0,0,1377.96,98.42571428571429,81.78,0.0026614743229712717,0.0172934492635711,9,10,0,0,0.0,0.0,0.0,0.6428571428571429,0.7142857142857143,0.0,0.0,mobile,macos,chrome
DEV_002505,13,0,0,0,0,2311.8,177.83076923076925,160.37,0.002660561704701331,0.0170396033596424,10,13,3,0,0.0,0.0,0.0,0.7692307692307693,1.0,0.23076923076923078,0.0,desktop,android,edge
DEV_001788,12,0,0,0,0,675.62,56.30166666666667,41.64,0.0026545595687122916,0.0164794033353036,2,12,2,0,0.0,0.0,0.0,0.16666666666666666,1.0,0.16666666666666666,0.0,mobile,macos,chrome
DEV_001790,9,0,0,0,0,401.33,44.59222222222222,41.14,0.002638134116702452,0.0193375883445378,3,7,2,0,0.0,0.0,0.0,0.3333333333333333,0.7777777777777778,0.2222222222222222,0.0,mobile,android,safari
DEV_002723,15,0,0,0,0,1916.53,127.76866666666666,76.44,0.0026365501919744286,0.0127392135015297,5,15,1,0,0.0,0.0,0.0,0.3333333333333333,1.0,0.06666666666666667,0.0,mobile,windows,chrome
DEV_006413,5,0,0,0,0,125.12,25.024,8.87,0.00262769441901844,0.0072171176331351,4,4,1,0,0.0,0.0,0.0,0.8,0.8,0.2,0.0,mobile,android,firefox
DEV_003656,3,0,0,0,0,499.91999999999996,166.64,228.76,0.0026179612030737998,0.0046497034746382,3,3,1,0,0.0,0.0,0.0,1.0,1.0,0.3333333333333333,0.0,mobile,macos,chrome
DEV_005650,5,0,0,0,0,570.8399999999999,114.16799999999998,93.6,0.00261010171578384,0.0104720961964501,1,2,1,0,0.0,0.0,0.0,0.2,0.4,0.2,0.0,desktop,ios,safari
DEV_005971,5,0,0,0,0,270.14,54.028,34.61,0.0026037617627725,0.0120783272575367,1,2,2,0,0.0,0.0,0.0,0.2,0.4,0.4,0.0,desktop,ios,chrome
DEV_006577,8,0,0,0,0,288.86,36.1075,15.309999999999999,0.00257111384255957,0.0165688066363522,4,8,0,0,0.0,0.0,0.0,0.5,1.0,0.0,0.0,desktop,linux,safari
DEV_000294,14,0,0,0,0,793.1,56.65,35.86,0.0025552509105448143,0.0134630723089289,8,13,1,0,0.0,0.0,0.0,0.5714285714285714,0.9285714285714286,0.07142857142857142,0.0,mobile,windows,chrome
DEV_005548,6,0,0,0,0,261.96999999999997,43.66166666666666,28.82,0.0025454283940606,0.0142186935793619,4,6,1,0,0.0,0.0,0.0,0.6666666666666666,1.0,0.16666666666666666,0.0,mobile,android,chrome
DEV_004730,3,0,0,0,0,80.82,26.939999999999998,18.36,0.0025340587037338998,0.0073037254824062,1,1,0,3,0.0,0.0,0.0,0.3333333333333333,0.3333333333333333,0.0,1.0,desktop,android,chrome
DEV_004669,6,0,0,0,0,629.7,104.95,92.88499999999999,0.0025287443426092334,0.0087923707953181,2,3,0,0,0.0,0.0,0.0,0.3333333333333333,0.5,0.0,0.0,mobile,ios,chrome
DEV_007136,6,0,0,0,0,301.34000000000003,50.223333333333336,43.099999999999994,0.0025228409453242665,0.0137249657957696,3,5,1,0,0.0,0.0,0.0,0.5,0.8333333333333334,0.16666666666666666,0.0,mobile,windows,firefox
DEV_004421,6,0,0,0,0,345.31,57.55166666666667,38.615,0.00250018640102915,0.0109549393711574,2,2,0,0,0.0,0.0,0.0,0.3333333333333333,0.3333333333333333,0.0,0.0,desktop,windows,chrome
DEV_006421,6,0,0,0,0,319.15999999999997,53.19333333333333,47.11,0.0024990847170083025,0.012713308345718,0,6,0,0,0.0,0.0,0.0,0.0,1.0,0.0,0.0,desktop,macos,chrome
DEV_000177,3,0,0,0,0,36.66,12.219999999999999,8.27,0.0024778094014214,0.006995922205141,1,1,0,3,0.0,0.0,0.0,0.3333333333333333,0.3333333333333333,0.0,1.0,mobile,windows,safari
DEV_007375,6,0,0,0,0,199.60999999999999,33.26833333333333,37.495,0.0024769904827013334,0.0127079774991783,1,6,0,6,0.0,0.0,0.0,0.16666666666666666,1.0,0.0,1.0,mobile,macos,chrome
DEV_007999,6,0,0,0,0,452.44,75.40666666666667,53.39,0.0024748479418187,0.0063657068760343,1,5,1,0,0.0,0.0,0.0,0.16666666666666666,0.8333333333333334,0.16666666666666666,0.0,mobile,windows,chrome
DEV_005917,9,0,0,0,0,1046.96,116.3288888888889,85.14,0.0024745344809629223,0.0118799799179623,4,9,4,0,0.0,0.0,0.0,0.4444444444444444,1.0,0.4444444444444444,0.0,desktop,linux,safari
DEV_002400,3,0,0,0,0,215.22,71.74,69.02,0.0024636288681932337,0.0057427517048243,3,3,0,3,0.0,0.0,0.0,1.0,1.0,0.0,1.0,desktop,linux,firefox
DEV_001404,11,0,0,0,0,1775.6799999999998,161.42545454545453,114.23,0.002461793393838382,0.009753393534093,6,11,2,0,0.0,0.0,0.0,0.5454545454545454,1.0,0.18181818181818182,0.0,mobile,android,chrome
DEV_005612,4,0,0,0,0,263.41999999999996,65.85499999999999,47.875,0.0024614972287559252,0.0065559325250939,2,4,1,0,0.0,0.0,0.0,0.5,1.0,0.25,0.0,mobile,windows,chrome
DEV_003655,3,0,0,0,0,2001.53,667.1766666666666,814.98,0.0024464165155869,0.0047654063224457,1,3,0,3,0.0,0.0,0.0,0.3333333333333333,1.0,0.0,1.0,desktop,android,chrome
DEV_004126,3,0,0,0,0,539.98,179.99333333333334,181.9,0.0024331680377714664,0.004999204726194,1,2,0,3,0.0,0.0,0.0,0.3333333333333333,0.6666666666666666,0.0,1.0,mobile,android,chrome
DEV_006802,9,0,0,0,0,359.23,39.91444444444445,22.54,0.002428052785926677,0.010115729803975,0,0,0,0,0.0,0.0,0.0,0.0,0.0,0.0,0.0,mobile,ios,chrome
DEV_002365,11,0,0,0,0,783.0699999999999,71.18818181818182,36.72,0.002399224611868917,0.0138510191186415,7,8,1,0,0.0,0.0,0.0,0.6363636363636364,0.7272727272727273,0.09090909090909091,0.0,desktop,android,safari
DEV_007519,9,0,0,0,0,905.5699999999999,100.61888888888888,59.4,0.0023944690203593225,0.0150760042987762,3,5,0,0,0.0,0.0,0.0,0.3333333333333333,0.5555555555555556,0.0,0.0,mobile,android,chrome
DEV_006338,4,0,0,0,0,194.43,48.6075,22.939999999999998,0.00238872796963185,0.0073441442501438,2,4,0,0,0.0,0.0,0.0,0.5,1.0,0.0,0.0,mobile,macos,firefox
DEV_003312,3,0,0,0,0,157.66,52.553333333333335,49.71,0.0023836827215845333,0.0066533558843349,1,1,0,3,0.0,0.0,0.0,0.3333333333333333,0.3333333333333333,0.0,1.0,desktop,android,chrome
DEV_002683,4,0,0,0,0,543.76,135.94,93.44500000000001,0.002379897678852675,0.0064224397988546,1,4,1,0,0.0,0.0,0.0,0.25,1.0,0.25,0.0,mobile,android,chrome
DEV_004336,11,0,0,0,0,580.54,52.776363636363634,45.75,0.002371917511362682,0.0101786379531589,9,11,1,0,0.0,0.0,0.0,0.8181818181818182,1.0,0.09090909090909091,0.0,mobile,windows,chrome
DEV_002850,9,0,0,0,0,796.87,88.5411111111111,62.91,0.0023652713498789777,0.0122397386560622,3,6,0,0,0.0,0.0,0.0,0.3333333333333333,0.6666666666666666,0.0,0.0,mobile,android,chrome
DEV_007817,3,0,0,0,0,329.44,109.81333333333333,135.04,0.0023623427874608,0.005228514742316,1,1,0,3,0.0,0.0,0.0,0.3333333333333333,0.3333333333333333,0.0,1.0,mobile,android,chrome
DEV_000420,7,0,0,0,0,359.22,51.31714285714286,30.13,0.0023505981558873575,0.0101119415985523,2,7,1,7,0.0,0.0,0.0,0.2857142857142857,1.0,0.14285714285714285,1.0,mobile,windows,chrome
DEV_000131,3,0,0,0,0,112.82000000000001,37.60666666666667,30.98,0.0023486388466353,0.0064636406833052,2,3,0,0,0.0,0.0,0.0,0.6666666666666666,1.0,0.0,0.0,desktop,android,firefox
DEV_003692,6,0,0,0,0,901.98,150.33,135.78,0.0023455548805121165,0.0050673482358746,3,3,0,0,0.0,0.0,0.0,0.5,0.5,0.0,0.0,desktop,android,safari
DEV_006618,7,0,0,0,0,376.88,53.839999999999996,46.39,0.0023431944842503857,0.0149704386796803,3,7,1,0,0.0,0.0,0.0,0.42857142857142855,1.0,0.14285714285714285,0.0,desktop,windows,safari
DEV_006086,18,0,0,0,0,2382.79,132.37722222222223,82.92,0.0023186200490657085,0.016376952039747,6,18,0,0,0.0,0.0,0.0,0.3333333333333333,1.0,0.0,0.0,tablet,ios,firefox
DEV_005098,3,0,0,0,0,119.76,39.92,22.95,0.0022912637009543002,0.0042078945098182,3,3,0,0,0.0,0.0,0.0,1.0,1.0,0.0,0.0,mobile,macos,chrome
DEV_001973,5,0,0,0,0,466.09999999999997,93.22,59.1,0.0022851012120126803,0.0059036956371036,1,4,0,0,0.0,0.0,0.0,0.2,0.8,0.0,0.0,mobile,android,chrome
DEV_007995,3,0,0,0,0,299.22,99.74000000000001,77.94,0.0022841402064575334,0.0063917856650723,1,3,0,0,0.0,0.0,0.0,0.3333333333333333,1.0,0.0,0.0,desktop,android,safari
DEV_000998,4,0,0,0,0,425.03,106.2575,114.58500000000001,0.00227478554836055,0.0062598488324434,4,4,1,0,0.0,0.0,0.0,1.0,1.0,0.25,0.0,desktop,android,chrome
DEV_000634,18,0,0,0,0,1482.75,82.375,24.395000000000003,0.0022745018553260166,0.0118384446117198,5,12,2,0,0.0,0.0,0.0,0.2777777777777778,0.6666666666666666,0.1111111111111111,0.0,mobile,ios,chrome
DEV_004127,4,0,0,0,0,778.82,194.705,31.29,0.002270531713107225,0.0042632710077275,2,3,1,0,0.0,0.0,0.0,0.5,0.75,0.25,0.0,mobile,android,safari
DEV_002425,10,0,0,0,0,815.73,81.57300000000001,37.185,0.0022589613644844403,0.0099306098620301,7,10,1,0,0.0,0.0,0.0,0.7,1.0,0.1,0.0,desktop,android,chrome
DEV_007610,8,0,0,0,0,972.0,121.5,52.69,0.00225106669469495,0.0138816677233144,4,8,1,0,0.0,0.0,0.0,0.5,1.0,0.125,0.0,mobile,ios,edge
DEV_002688,7,0,0,0,0,413.67,59.09571428571429,57.44,0.002249087239823426,0.0141192814409187,3,7,0,0,0.0,0.0,0.0,0.42857142857142855,1.0,0.0,0.0,mobile,ios,edge
DEV_001027,7,0,0,0,0,501.45,71.63571428571429,47.53,0.0022373559114500998,0.011112936057338,5,7,1,0,0.0,0.0,0.0,0.7142857142857143,1.0,0.14285714285714285,0.0,mobile,windows,chrome
DEV_002158,5,0,0,0,0,183.55,36.71,33.33,0.00223583285732996,0.0096458396402458,4,5,1,0,0.0,0.0,0.0,0.8,1.0,0.2,0.0,tablet,macos,edge
DEV_005279,5,0,0,0,0,985.8,197.16,192.15,0.00222941574786886,0.0034561639367231,4,5,1,0,0.0,0.0,0.0,0.8,1.0,0.2,0.0,mobile,android,edge
DEV_007591,13,0,0,0,0,795.2900000000001,61.17615384615385,42.13,0.0022123295972000844,0.0094707082945223,4,8,3,13,0.0,0.0,0.0,0.3076923076923077,0.6153846153846154,0.23076923076923078,1.0,mobile,android,chrome
DEV_000844,4,0,0,0,0,170.04,42.51,35.235,0.00220057680824895,0.004229013147452,1,2,0,0,0.0,0.0,0.0,0.25,0.5,0.0,0.0,tablet,macos,chrome
DEV_002354,4,0,0,0,0,801.4,200.35,200.565,0.002199275269857575,0.0073981795647157,3,4,0,0,0.0,0.0,0.0,0.75,1.0,0.0,0.0,mobile,macos,chrome
DEV_004613,3,0,0,0,0,1284.28,428.0933333333333,256.23,0.002197715610254159,0.0057250680688185,1,3,0,0,0.0,0.0,0.0,0.3333333333333333,1.0,0.0,0.0,mobile,android,chrome
DEV_006687,4,0,0,0,0,196.2,49.05,31.03,0.002195815321717175,0.0052884360569209,2,4,0,0,0.0,0.0,0.0,0.5,1.0,0.0,0.0,mobile,android,edge
DEV_003785,3,0,0,0,0,53.03,17.676666666666666,9.01,0.0021757782505905,0.0042105397795459,0,3,1,0,0.0,0.0,0.0,0.0,1.0,0.3333333333333333,0.0,mobile,android,edge
DEV_004180,7,0,0,0,0,323.05,46.15,22.56,0.0021700696552040158,0.0065025599035017,2,7,0,0,0.0,0.0,0.0,0.2857142857142857,1.0,0.0,0.0,desktop,android,safari
DEV_000540,3,0,0,0,0,86.12,28.706666666666667,32.72,0.0021553914891653666,0.0058715918522368,1,3,2,0,0.0,0.0,0.0,0.3333333333333333,1.0,0.6666666666666666,0.0,mobile,windows,chrome
DEV_000574,4,0,0,0,0,254.12,63.53,59.42,0.00214186827245255,0.0036059803282538,2,4,0,0,0.0,0.0,0.0,0.5,1.0,0.0,0.0,mobile,windows,firefox
DEV_000860,3,0,0,0,0,209.47,69.82333333333334,63.03,0.0021314822633051334,0.0034338647924375,1,3,0,0,0.0,0.0,0.0,0.3333333333333333,1.0,0.0,0.0,mobile,windows,chrome
DEV_007500,4,0,0,0,0,234.82,58.705,50.61,0.0021311387451266,0.0053554482036675,1,4,0,0,0.0,0.0,0.0,0.25,1.0,0.0,0.0,mobile,windows,safari
DEV_002498,16,0,0,0,0,764.98,47.81125,22.92,0.002122112460095222,0.0215497153028467,12,13,0,0,0.0,0.0,0.0,0.75,0.8125,0.0,0.0,desktop,android,chrome
DEV_001245,4,0,0,0,0,237.2,59.3,45.265,0.0021100642108546,0.0078436717344016,3,3,0,0,0.0,0.0,0.0,0.75,0.75,0.0,0.0,desktop,macos,chrome
DEV_000446,10,0,0,0,0,710.09,71.009,77.655,0.002104611508583594,0.005249860026552,5,10,0,0,0.0,0.0,0.0,0.5,1.0,0.0,0.0,desktop,android,safari
DEV_006865,14,0,0,0,0,1353.5,96.67857142857143,67.0,0.0021022898030927857,0.0146571129710026,3,14,4,0,0.0,0.0,0.0,0.21428571428571427,1.0,0.2857142857142857,0.0,mobile,macos,chrome
DEV_001982,3,0,0,0,0,209.98000000000002,69.99333333333334,36.75,0.0020986213691287334,0.0059776851319373,0,3,0,0,0.0,0.0,0.0,0.0,1.0,0.0,0.0,mobile,ios,chrome
DEV_001221,9,0,0,0,0,713.29,79.25444444444445,41.33,0.0020964158369594444,0.0129522909821245,2,3,0,0,0.0,0.0,0.0,0.2222222222222222,0.3333333333333333,0.0,0.0,desktop,macos,chrome
DEV_004956,5,0,0,0,0,260.19,52.038,21.47,0.00208632673520862,0.0077009816383463,1,5,1,0,0.0,0.0,0.0,0.2,1.0,0.2,0.0,mobile,macos,firefox
DEV_002840,4,0,0,0,0,160.37,40.0925,45.525,0.0020826617082151,0.0036383426266308,4,4,1,0,0.0,0.0,0.0,1.0,1.0,0.25,0.0,mobile,windows,edge
DEV_006775,5,0,0,0,0,235.93,47.186,57.91,0.0020764950084131003,0.0050954946029826,2,5,2,0,0.0,0.0,0.0,0.4,1.0,0.4,0.0,mobile,android,safari
DEV_006904,4,0,0,0,0,325.67,81.4175,68.67500000000001,0.002076075466243375,0.0046259864466777,1,3,0,0,0.0,0.0,0.0,0.25,0.75,0.0,0.0,mobile,android,safari
DEV_001324,7,0,0,0,0,433.43,61.91857142857143,36.65,0.0020744917779950143,0.0091304150743186,5,6,1,0,0.0,0.0,0.0,0.7142857142857143,0.8571428571428571,0.14285714285714285,0.0,mobile,macos,firefox
DEV_000424,4,0,0,0,0,611.26,152.815,134.825,0.002064111144524775,0.0048228085485399,2,4,2,0,0.0,0.0,0.0,0.5,1.0,0.5,0.0,mobile,windows,chrome
DEV_007029,16,0,0,0,0,1065.67,66.604375,39.91,0.0020597656491412185,0.0085209554678493,11,16,1,0,0.0,0.0,0.0,0.6875,1.0,0.0625,0.0,mobile,android,chrome
DEV_003321,7,0,0,0,0,1210.21,172.88714285714286,37.53,0.0020563745653127,0.003752492097421,3,7,0,0,0.0,0.0,0.0,0.42857142857142855,1.0,0.0,0.0,mobile,windows,safari
DEV_000144,4,0,0,0,0,306.91,76.7275,77.07499999999999,0.00205220553187825,0.0036020650315834,1,2,1,0,0.0,0.0,0.0,0.25,0.5,0.25,0.0,mobile,android,firefox
DEV_000025,16,0,0,0,0,2832.22,177.01375,89.195,0.002049066197135712,0.0101189589106537,9,15,2,0,0.0,0.0,0.0,0.5625,0.9375,0.125,0.0,desktop,macos,chrome
DEV_006295,3,0,0,0,0,292.88,97.62666666666667,126.46,0.0020430121871045,0.005636440388158,0,2,0,0,0.0,0.0,0.0,0.0,0.6666666666666666,0.0,0.0,mobile,windows,edge
DEV_001571,6,0,0,0,0,470.41999999999996,78.40333333333332,73.54,0.0020423066511087,0.0073152027670518,4,6,2,0,0.0,0.0,0.0,0.6666666666666666,1.0,0.3333333333333333,0.0,mobile,ios,safari
DEV_003329,4,0,0,0,0,182.94,45.735,45.115,0.00204109320333585,0.0054951185543815,2,4,0,0,0.0,0.0,0.0,0.5,1.0,0.0,0.0,mobile,macos,chrome
DEV_001505,8,0,0,0,0,440.94,55.1175,66.97,0.002040138226153734,0.0104934450264118,1,7,1,0,0.0,0.0,0.0,0.125,0.875,0.125,0.0,desktop,android,chrome
DEV_007246,5,0,0,0,0,480.59,96.118,81.98,0.002031419222769281,0.0059498860443393,3,5,0,0,0.0,0.0,0.0,0.6,1.0,0.0,0.0,mobile,ios,safari
DEV_003296,5,0,0,0,0,174.28,34.856,39.06,0.0020216334321431,0.004728674594683,1,5,1,0,0.0,0.0,0.0,0.2,1.0,0.2,0.0,mobile,android,firefox
DEV_004936,10,0,0,0,0,761.86,76.186,43.995,0.002008530064357119,0.0172935404864699,8,10,0,0,0.0,0.0,0.0,0.8,1.0,0.0,0.0,desktop,windows,chrome
DEV_001825,6,0,0,0,0,783.53,130.58833333333334,122.015,0.0020077475428425,0.0051239414847023,4,6,1,0,0.0,0.0,0.0,0.6666666666666666,1.0,0.16666666666666666,0.0,tablet,android,chrome
DEV_004318,7,0,0,0,0,523.98,74.85428571428572,41.61,0.002004161750799814,0.0056488086777112,2,7,1,0,0.0,0.0,0.0,0.2857142857142857,1.0,0.14285714285714285,0.0,desktop,android,safari
DEV_001065,6,0,0,0,0,699.0,116.5,71.535,0.0020027221833368923,0.0054322539022406,2,6,0,0,0.0,0.0,0.0,0.3333333333333333,1.0,0.0,0.0,mobile,windows,chrome
DEV_003300,19,0,0,0,0,2251.5299999999997,118.5015789473684,97.93,0.001995207104091421,0.0066276086046839,11,19,8,0,0.0,0.0,0.0,0.5789473684210527,1.0,0.42105263157894735,0.0,mobile,windows,safari
DEV_007477,3,0,0,0,0,220.99,73.66333333333334,34.19,0.0019865265155343667,0.0055907678555881,1,3,0,0,0.0,0.0,0.0,0.3333333333333333,1.0,0.0,0.0,mobile,android,firefox
DEV_006407,8,0,0,0,0,343.38,42.9225,27.509999999999998,0.001983055498992925,0.0043862470215532,2,8,1,0,0.0,0.0,0.0,0.25,1.0,0.125,0.0,mobile,windows,chrome
DEV_004983,8,0,0,0,0,1552.03,194.00375,123.44,0.001982740931519748,0.0070138917996309,3,8,2,0,0.0,0.0,0.0,0.375,1.0,0.25,0.0,desktop,android,chrome
DEV_005887,18,0,0,0,0,2668.49,148.24944444444444,106.795,0.0019685316090754384,0.017953331132829,9,14,3,0,0.0,0.0,0.0,0.5,0.7777777777777778,0.16666666666666666,0.0,mobile,android,chrome
DEV_000212,4,0,0,0,0,296.09999999999997,74.02499999999999,60.195,0.001946550031694975,0.0044058289814424,2,2,0,0,0.0,0.0,0.0,0.5,0.5,0.0,0.0,desktop,android,safari
DEV_006118,13,0,0,0,0,1293.78,99.52153846153846,106.43,0.0019450109160516918,0.0198945086967063,4,12,1,0,0.0,0.0,0.0,0.3076923076923077,0.9230769230769231,0.07692307692307693,0.0,mobile,windows,chrome
DEV_003458,4,0,0,0,0,271.03999999999996,67.75999999999999,66.775,0.0019444218270888499,0.0052389827401432,3,3,2,0,0.0,0.0,0.0,0.75,0.75,0.5,0.0,tablet,ios,edge
DEV_002481,4,0,0,0,0,233.58,58.395,64.92500000000001,0.001936696365346276,0.004688788834246,2,2,0,0,0.0,0.0,0.0,0.5,0.5,0.0,0.0,desktop,android,chrome
DEV_004225,17,0,0,0,0,1559.95,91.76176470588236,85.26,0.0019289179316085059,0.0138643046222562,8,17,3,0,0.0,0.0,0.0,0.47058823529411764,1.0,0.17647058823529413,0.0,desktop,windows,chrome
DEV_004159,11,0,0,0,0,829.65,75.42272727272727,30.96,0.001908599944031112,0.0111942085692727,4,10,2,0,0.0,0.0,0.0,0.36363636363636365,0.9090909090909091,0.18181818181818182,0.0,mobile,ios,chrome
DEV_007711,7,0,0,0,0,1015.39,145.0557142857143,63.51,0.0019072887863267856,0.0057348423484633,6,7,0,7,0.0,0.0,0.0,0.8571428571428571,1.0,0.0,1.0,mobile,android,safari
DEV_005649,4,0,0,0,0,477.7,119.425,103.61,0.001907203075051525,0.0051702946425617,4,4,1,0,0.0,0.0,0.0,1.0,1.0,0.25,0.0,desktop,macos,firefox
DEV_002199,3,0,0,0,0,220.0,73.33333333333333,73.49,0.001902030291192967,0.002843725558052,2,3,0,0,0.0,0.0,0.0,0.6666666666666666,1.0,0.0,0.0,mobile,ios,safari
DEV_006273,6,0,0,0,0,502.14,83.69,34.155,0.0018943175954034832,0.0095728978628253,2,6,0,0,0.0,0.0,0.0,0.3333333333333333,1.0,0.0,0.0,mobile,windows,chrome
DEV_004793,5,0,0,0,0,844.4,168.88,48.93,0.00189385048391588,0.007801844577761,1,5,1,0,0.0,0.0,0.0,0.2,1.0,0.2,0.0,desktop,macos,chrome
DEV_000004,3,0,0,0,0,226.21,75.40333333333334,40.86,0.0018857463152228574,0.0040314861136054,1,3,0,3,0.0,0.0,0.0,0.3333333333333333,1.0,0.0,1.0,desktop,windows,chrome
DEV_005503,4,0,0,0,0,870.02,217.505,161.98,0.0018724821879599,0.0050333639819339,2,4,0,0,0.0,0.0,0.0,0.5,1.0,0.0,0.0,mobile,macos,chrome
DEV_000958,9,0,0,0,0,1112.8500000000001,123.65000000000002,83.49,0.0018709706360301556,0.0061124116434494,3,8,0,0,0.0,0.0,0.0,0.3333333333333333,0.8888888888888888,0.0,0.0,mobile,android,chrome
DEV_003360,3,0,0,0,0,237.35000000000002,79.11666666666667,95.15,0.0018693219904044333,0.0050593766689652,2,2,0,0,0.0,0.0,0.0,0.6666666666666666,0.6666666666666666,0.0,0.0,mobile,android,safari
DEV_006925,4,0,0,0,0,376.93,94.2325,59.53,0.0018610848141036986,0.0069361576979673,3,4,1,0,0.0,0.0,0.0,0.75,1.0,0.25,0.0,mobile,android,safari
DEV_004034,9,0,0,0,0,571.29,63.47666666666666,49.02,0.0018527841256073,0.0067948782188605,6,8,0,0,0.0,0.0,0.0,0.6666666666666666,0.8888888888888888,0.0,0.0,mobile,ios,chrome
DEV_006987,3,0,0,0,0,340.08000000000004,113.36000000000001,77.3,0.0018503388717343334,0.0022253374820902,0,3,1,3,0.0,0.0,0.0,0.0,1.0,0.3333333333333333,1.0,mobile,macos,chrome
DEV_007213,4,0,0,0,0,546.5899999999999,136.64749999999998,112.69,0.001846400271160278,0.0065598539035955,3,4,0,0,0.0,0.0,0.0,0.75,1.0,0.0,0.0,desktop,macos,safari
DEV_007701,5,0,0,0,0,246.22,49.244,39.66,0.0018461814517210199,0.0073065851682192,2,5,0,5,0.0,0.0,0.0,0.4,1.0,0.0,1.0,mobile,macos,chrome
DEV_004129,16,0,0,0,0,422.98,26.43625,22.115000000000002,0.001844041628560099,0.0132574911458746,6,15,3,0,0.0,0.0,0.0,0.375,0.9375,0.1875,0.0,desktop,windows,chrome
DEV_007122,3,0,0,0,0,695.89,231.96333333333334,227.7,0.0018318232717262001,0.0041720514949499,1,2,2,3,0.0,0.0,0.0,0.3333333333333333,0.6666666666666666,0.6666666666666666,1.0,mobile,android,chrome
DEV_002660,3,0,0,0,0,175.31,58.43666666666667,43.77,0.0018292566569182336,0.0035429521373793,0,3,0,3,0.0,0.0,0.0,0.0,1.0,0.0,1.0,mobile,ios,chrome
DEV_006833,5,0,0,0,0,466.7,93.34,97.21,0.0018286715471006424,0.0049336973196594,3,3,0,5,0.0,0.0,0.0,0.6,0.6,0.0,1.0,mobile,android,chrome
DEV_002573,4,0,0,0,0,215.49,53.8725,51.894999999999996,0.001822449738478825,0.006614576815292,1,4,0,0,0.0,0.0,0.0,0.25,1.0,0.0,0.0,mobile,ios,chrome
DEV_006616,4,0,0,0,0,188.72,47.18,29.705,0.0018105353644099875,0.0036056760369954,2,4,1,0,0.0,0.0,0.0,0.5,1.0,0.25,0.0,mobile,ios,safari
DEV_001877,12,0,0,0,0,465.73,38.810833333333335,37.915,0.0018100370403948572,0.0145699417661033,4,12,0,0,0.0,0.0,0.0,0.3333333333333333,1.0,0.0,0.0,mobile,android,chrome
DEV_001867,12,0,0,0,0,1896.4,158.03333333333333,132.715,0.0018051725160502178,0.0108696962151273,2,10,1,0,0.0,0.0,0.0,0.16666666666666666,0.8333333333333334,0.08333333333333333,0.0,mobile,android,safari
DEV_000580,12,0,0,0,0,1565.04,130.42,65.655,0.0018051386058136286,0.0141222415411077,6,12,0,0,0.0,0.0,0.0,0.5,1.0,0.0,0.0,mobile,android,firefox
DEV_002115,3,0,0,0,0,225.44,75.14666666666666,60.13,0.0017962018544610333,0.0033124335686992,0,3,0,3,0.0,0.0,0.0,0.0,1.0,0.0,1.0,desktop,android,chrome
DEV_002725,4,0,0,0,0,225.11,56.2775,50.64,0.00179429431061435,0.0031095290748979,1,2,0,0,0.0,0.0,0.0,0.25,0.5,0.0,0.0,tablet,android,chrome
DEV_001826,4,0,0,0,0,285.83000000000004,71.45750000000001,27.475,0.0017900622392185749,0.0036155207110043,4,4,1,0,0.0,0.0,0.0,1.0,1.0,0.25,0.0,desktop,linux,chrome
DEV_001200,6,0,0,0,0,816.4,136.06666666666666,127.19,0.0017860415617471667,0.0043975188664419,6,6,1,0,0.0,0.0,0.0,1.0,1.0,0.16666666666666666,0.0,mobile,macos,chrome
DEV_007044,5,0,0,0,0,245.77,49.154,42.95,0.00178478448646218,0.0045689573389813,2,5,0,0,0.0,0.0,0.0,0.4,1.0,0.0,0.0,mobile,macos,chrome
DEV_004216,12,0,0,0,0,982.19,81.84916666666668,30.394999999999996,0.0017752505228180874,0.0086984462498728,7,11,1,0,0.0,0.0,0.0,0.5833333333333334,0.9166666666666666,0.08333333333333333,0.0,tablet,windows,chrome
DEV_002437,5,0,0,0,0,566.76,113.352,112.38,0.0017741981526357617,0.0043609562670361,3,5,1,0,0.0,0.0,0.0,0.6,1.0,0.2,0.0,mobile,windows,chrome
DEV_001509,3,0,0,0,0,49.8,16.599999999999998,8.61,0.0017632212125434001,0.0045754888889169,1,1,1,0,0.0,0.0,0.0,0.3333333333333333,0.3333333333333333,0.3333333333333333,0.0,mobile,macos,firefox
DEV_003370,6,0,0,0,0,520.3100000000001,86.71833333333335,87.58500000000001,0.001762101511824269,0.0093198984073494,2,6,1,0,0.0,0.0,0.0,0.3333333333333333,1.0,0.16666666666666666,0.0,mobile,linux,chrome
DEV_003950,5,0,0,0,0,232.04000000000002,46.408,31.84,0.001761309621783161,0.0063392913463664,1,5,1,0,0.0,0.0,0.0,0.2,1.0,0.2,0.0,desktop,macos,safari
DEV_007658,5,0,0,0,0,750.67,150.134,46.94,0.00175959570831328,0.0056550203669533,2,5,1,0,0.0,0.0,0.0,0.4,1.0,0.2,0.0,mobile,android,safari
DEV_004323,5,0,0,0,0,282.0,56.4,37.08,0.00175781523444834,0.0056178533215888,4,5,2,0,0.0,0.0,0.0,0.8,1.0,0.4,0.0,desktop,windows,chrome
DEV_002817,3,0,0,0,0,192.45,64.14999999999999,79.05,0.0017546132098922335,0.0039914077240876,1,3,0,0,0.0,0.0,0.0,0.3333333333333333,1.0,0.0,0.0,desktop,android,chrome
DEV_007644,6,0,0,0,0,767.8199999999999,127.96999999999998,85.815,0.0017506943905577499,0.004907378855354,5,6,1,6,0.0,0.0,0.0,0.8333333333333334,1.0,0.16666666666666666,1.0,mobile,android,chrome
DEV_007581,5,0,0,0,0,216.64,43.327999999999996,23.84,0.0017381043016518791,0.0062008946308603,1,5,0,0,0.0,0.0,0.0,0.2,1.0,0.0,0.0,desktop,macos,chrome
DEV_004495,3,0,0,0,0,210.45,70.14999999999999,55.29,0.001734548497906967,0.0044772365265699,1,3,1,0,0.0,0.0,0.0,0.3333333333333333,1.0,0.3333333333333333,0.0,mobile,macos,chrome
DEV_005570,6,0,0,0,0,447.47,74.57833333333333,55.965,0.001732769736681415,0.0045163515652488,1,6,2,0,0.0,0.0,0.0,0.16666666666666666,1.0,0.3333333333333333,0.0,mobile,macos,chrome
DEV_002416,11,0,0,0,0,483.27,43.93363636363636,40.53,0.001725849334731111,0.0159738611007784,8,11,2,0,0.0,0.0,0.0,0.7272727272727273,1.0,0.18181818181818182,0.0,desktop,macos,edge
DEV_005136,13,0,0,0,0,2379.4900000000002,183.03769230769234,129.44,0.0017235988972280369,0.0084472709701063,5,13,3,0,0.0,0.0,0.0,0.38461538461538464,1.0,0.23076923076923078,0.0,desktop,ios,chrome
DEV_003584,7,0,0,0,0,335.42,47.917142857142856,28.76,0.001721556848032857,0.004701004640462,4,7,0,0,0.0,0.0,0.0,0.5714285714285714,1.0,0.0,0.0,mobile,android,chrome
DEV_004333,5,0,0,0,0,632.63,126.526,131.15,0.0017108310556506467,0.0040271849827387,1,2,1,0,0.0,0.0,0.0,0.2,0.4,0.2,0.0,mobile,macos,chrome
DEV_006943,8,0,0,0,0,579.99,72.49875,64.02,0.0017098990951741279,0.0062248195921434,2,8,1,0,0.0,0.0,0.0,0.25,1.0,0.125,0.0,mobile,windows,chrome
DEV_005176,14,0,0,0,0,431.35,30.810714285714287,23.560000000000002,0.0017084627992141877,0.019370190828412,6,11,0,0,0.0,0.0,0.0,0.42857142857142855,0.7857142857142857,0.0,0.0,mobile,android,chrome
DEV_003840,5,0,0,0,0,698.22,139.644,104.56,0.0017049577067628399,0.00462461527333,4,5,2,0,0.0,0.0,0.0,0.8,1.0,0.4,0.0,mobile,android,firefox
DEV_002333,7,0,0,0,0,561.26,80.17999999999999,42.82,0.0017015594244611644,0.0060765892046378,4,6,0,0,0.0,0.0,0.0,0.5714285714285714,0.8571428571428571,0.0,0.0,desktop,android,chrome
DEV_004465,4,0,0,0,0,262.06,65.515,56.629999999999995,0.0017000369722277248,0.0035166281533736,1,4,2,0,0.0,0.0,0.0,0.25,1.0,0.5,0.0,mobile,ios,firefox
DEV_007630,18,0,0,0,0,1692.39,94.02166666666668,65.78999999999999,0.001693281419060618,0.0139123740203458,9,15,2,0,0.0,0.0,0.0,0.5,0.8333333333333334,0.1111111111111111,0.0,mobile,ios,safari
DEV_002636,4,0,0,0,0,593.38,148.345,145.90499999999997,0.001692871627779275,0.0053416814506626,3,3,2,0,0.0,0.0,0.0,0.75,0.75,0.5,0.0,mobile,macos,chrome
DEV_007093,7,0,0,0,0,485.69,69.38428571428571,83.3,0.0016899731078616714,0.0088788531329589,3,7,0,0,0.0,0.0,0.0,0.42857142857142855,1.0,0.0,0.0,desktop,ios,firefox
DEV_000756,6,0,0,0,0,137.31,22.885,13.350000000000001,0.0016895610365452332,0.0084287095434353,3,4,0,0,0.0,0.0,0.0,0.5,0.6666666666666666,0.0,0.0,mobile,macos,firefox
DEV_004102,6,0,0,0,0,441.08,73.51333333333334,69.445,0.0016858885069130833,0.0051038328494281,2,5,1,0,0.0,0.0,0.0,0.3333333333333333,0.8333333333333334,0.16666666666666666,0.0,desktop,macos,chrome
DEV_002549,3,0,0,0,0,108.11,36.03666666666667,37.72,0.001685021148271,0.0046480864024475,1,3,0,0,0.0,0.0,0.0,0.3333333333333333,1.0,0.0,0.0,mobile,ios,chrome
DEV_002797,7,0,0,0,0,490.54,70.07714285714286,67.52,0.0016756341685693142,0.0089996952023088,0,7,1,0,0.0,0.0,0.0,0.0,1.0,0.14285714285714285,0.0,mobile,windows,chrome
DEV_007736,9,0,0,0,0,595.42,66.15777777777777,25.96,0.0016729572774623115,0.0065215312579517,2,9,1,0,0.0,0.0,0.0,0.2222222222222222,1.0,0.1111111111111111,0.0,mobile,ios,edge
DEV_004639,4,0,0,0,0,141.88,35.47,29.525,0.00166234669493735,0.0044604501528739,0,3,1,0,0.0,0.0,0.0,0.0,0.75,0.25,0.0,mobile,android,firefox
DEV_006706,4,0,0,0,0,397.97,99.4925,78.88,0.001658398534661775,0.0044134808640927,2,4,1,4,0.0,0.0,0.0,0.5,1.0,0.25,1.0,desktop,windows,chrome
DEV_007900,15,0,0,0,0,2602.2799999999997,173.48533333333333,90.08,0.001652632325425859,0.01353114045309,8,15,2,0,0.0,0.0,0.0,0.5333333333333333,1.0,0.13333333333333333,0.0,tablet,ios,chrome
DEV_001403,9,0,0,0,0,519.42,57.71333333333333,23.2,0.0016401648981342889,0.0122552399237446,5,8,0,0,0.0,0.0,0.0,0.5555555555555556,0.8888888888888888,0.0,0.0,mobile,android,edge
DEV_005043,3,0,0,0,0,272.58,90.86,25.0,0.0016399565899144,0.0042096200498038,1,2,0,3,0.0,0.0,0.0,0.3333333333333333,0.6666666666666666,0.0,1.0,mobile,ios,chrome
DEV_001234,4,0,0,0,0,225.13000000000002,56.282500000000006,45.345,0.001637299606403725,0.0048634009968328,2,4,1,0,0.0,0.0,0.0,0.5,1.0,0.25,0.0,mobile,windows,chrome
DEV_004766,14,0,0,0,0,1680.34,120.02428571428571,76.965,0.0016269658519683383,0.0078265052964301,6,13,0,0,0.0,0.0,0.0,0.42857142857142855,0.9285714285714286,0.0,0.0,desktop,linux,safari
DEV_006922,14,0,0,0,0,758.12,54.151428571428575,40.28,0.0016262588665736395,0.0084767480882593,6,11,0,0,0.0,0.0,0.0,0.42857142857142855,0.7857142857142857,0.0,0.0,mobile,windows,safari
DEV_002940,6,0,0,0,0,720.87,120.145,84.685,0.0016206649846644168,0.0038510876347304,2,4,0,0,0.0,0.0,0.0,0.3333333333333333,0.6666666666666666,0.0,0.0,mobile,android,chrome
DEV_004349,3,0,0,0,0,463.01,154.33666666666667,139.21,0.0016182242721016666,0.0030320779398571,2,3,0,3,0.0,0.0,0.0,0.6666666666666666,1.0,0.0,1.0,desktop,windows,edge
DEV_003366,7,0,0,0,0,473.83000000000004,67.69000000000001,65.01,0.0016113158922915571,0.0062148736740449,4,6,0,0,0.0,0.0,0.0,0.5714285714285714,0.8571428571428571,0.0,0.0,tablet,android,safari
DEV_002927,3,0,0,0,0,422.37,140.79,128.68,0.0016094500160653668,0.0018737767156961,1,2,0,0,0.0,0.0,0.0,0.3333333333333333,0.6666666666666666,0.0,0.0,mobile,macos,safari
DEV_003839,9,0,0,0,0,588.4,65.37777777777778,54.87,0.0016054645322686112,0.005531945331333,2,8,1,0,0.0,0.0,0.0,0.2222222222222222,0.8888888888888888,0.1111111111111111,0.0,tablet,macos,safari
DEV_000300,7,0,0,0,0,495.32,70.76,43.19,0.0015890778062761714,0.0055565485246023,3,6,1,7,0.0,0.0,0.0,0.42857142857142855,0.8571428571428571,0.14285714285714285,1.0,desktop,android,chrome
DEV_004606,12,0,0,0,0,1277.28,106.44,54.925,0.0015872722392190055,0.0050701962251241,5,7,3,0,0.0,0.0,0.0,0.4166666666666667,0.5833333333333334,0.25,0.0,mobile,ios,safari
DEV_003629,12,0,0,0,0,1871.28,155.94,93.725,0.0015865023547114332,0.0071868999947506,1,12,2,0,0.0,0.0,0.0,0.08333333333333333,1.0,0.16666666666666666,0.0,mobile,android,chrome
DEV_004648,4,0,0,0,0,507.5,126.875,75.41,0.001586348505618075,0.003204409178836,3,4,2,0,0.0,0.0,0.0,0.75,1.0,0.5,0.0,desktop,ios,chrome
DEV_007930,10,0,0,0,0,1466.67,146.667,83.25999999999999,0.0015806549979872162,0.0087221620698097,6,10,2,0,0.0,0.0,0.0,0.6,1.0,0.2,0.0,desktop,ios,chrome
DEV_006665,8,0,0,0,0,878.72,109.84,73.145,0.0015684564759178659,0.0054902816697755,5,8,1,0,0.0,0.0,0.0,0.625,1.0,0.125,0.0,desktop,ios,safari
DEV_002793,5,0,0,0,0,232.29000000000002,46.458000000000006,24.78,0.001568347110934396,0.0037350880433036,2,5,1,0,0.0,0.0,0.0,0.4,1.0,0.2,0.0,tablet,android,safari
DEV_007446,5,0,0,0,0,524.33,104.86600000000001,111.21,0.0015678494691752198,0.0033474174385096,3,5,2,0,0.0,0.0,0.0,0.6,1.0,0.4,0.0,mobile,android,firefox
DEV_000814,9,0,0,0,0,859.1,95.45555555555556,87.58,0.0015427804861952376,0.0082292063905944,3,9,1,0,0.0,0.0,0.0,0.3333333333333333,1.0,0.1111111111111111,0.0,mobile,android,safari
DEV_003843,5,0,0,0,0,992.0399999999998,198.40799999999996,79.09,0.0015326753837357201,0.0053602273196644,1,5,0,0,0.0,0.0,0.0,0.2,1.0,0.0,0.0,mobile,android,edge
DEV_005398,3,0,0,0,0,281.21,93.73666666666666,43.93,0.0015317086871001334,0.0031743335990959,0,3,0,3,0.0,0.0,0.0,0.0,1.0,0.0,1.0,desktop,windows,chrome
DEV_002363,3,0,0,0,0,104.96000000000001,34.98666666666667,40.07,0.0015281267981973668,0.0030735252207298,0,3,0,0,0.0,0.0,0.0,0.0,1.0,0.0,0.0,tablet,ios,chrome
DEV_006109,8,0,0,0,0,644.16,80.52,69.14500000000001,0.0015279874780234,0.0070129704334262,4,8,0,0,0.0,0.0,0.0,0.5,1.0,0.0,0.0,mobile,ios,firefox
DEV_000916,7,0,0,0,0,936.55,133.79285714285714,152.8,0.0015206433000618425,0.0041229258194907,3,7,1,0,0.0,0.0,0.0,0.42857142857142855,1.0,0.14285714285714285,0.0,desktop,android,chrome
DEV_004389,8,0,0,0,0,542.14,67.7675,22.16,0.001517647729074107,0.0033719953430015,4,8,0,0,0.0,0.0,0.0,0.5,1.0,0.0,0.0,mobile,android,edge
DEV_000603,5,0,0,0,0,98.55,19.71,13.22,0.0015035582786528264,0.0069903348175251,2,5,1,0,0.0,0.0,0.0,0.4,1.0,0.2,0.0,desktop,macos,chrome
DEV_007052,5,0,0,0,0,959.8,191.95999999999998,142.06,0.0014954307137011202,0.0022883084357734,1,5,0,0,0.0,0.0,0.0,0.2,1.0,0.0,0.0,desktop,ios,chrome
DEV_006759,5,0,0,0,0,677.08,135.416,50.98,0.00149044598639124,0.0067967215988174,4,4,1,0,0.0,0.0,0.0,0.8,0.8,0.2,0.0,mobile,macos,chrome
DEV_006627,11,0,0,0,0,1057.05,96.09545454545454,61.39,0.0014877837711019858,0.0041731242584569,3,11,0,0,0.0,0.0,0.0,0.2727272727272727,1.0,0.0,0.0,mobile,ios,firefox
DEV_000825,4,0,0,0,0,254.4,63.6,23.39,0.0014758588977997502,0.0050299196492844,1,1,0,0,0.0,0.0,0.0,0.25,0.25,0.0,0.0,mobile,ios,firefox
DEV_003306,3,0,0,0,0,176.44,58.81333333333333,49.22,0.0014749930223570999,0.0033501420691192,1,2,1,0,0.0,0.0,0.0,0.3333333333333333,0.6666666666666666,0.3333333333333333,0.0,desktop,ios,edge
DEV_003939,10,0,0,0,0,723.4300000000001,72.343,39.769999999999996,0.0014691843825718593,0.0127055274464178,2,9,2,0,0.0,0.0,0.0,0.2,0.9,0.2,0.0,desktop,ios,chrome
DEV_000970,8,0,0,0,0,650.42,81.3025,75.065,0.00146483899577205,0.0059022631898707,5,8,6,0,0.0,0.0,0.0,0.625,1.0,0.75,0.0,mobile,macos,chrome
DEV_000347,4,0,0,0,0,199.56,49.89,46.295,0.0014600689820668498,0.0028437398598484,1,1,0,0,0.0,0.0,0.0,0.25,0.25,0.0,0.0,mobile,android,chrome
DEV_006931,4,0,0,0,0,310.04,77.51,45.974999999999994,0.0014556326365310248,0.0032169422170432,3,4,0,0,0.0,0.0,0.0,0.75,1.0,0.0,0.0,mobile,macos,chrome
DEV_007541,3,0,0,0,0,233.86999999999998,77.95666666666666,44.23,0.001451843119227,0.0021104303885293,2,3,0,3,0.0,0.0,0.0,0.6666666666666666,1.0,0.0,1.0,mobile,android,firefox
DEV_001191,4,0,0,0,0,483.45,120.8625,109.47,0.001449976256915625,0.0038303895438334,2,4,0,0,0.0,0.0,0.0,0.5,1.0,0.0,0.0,mobile,ios,safari
DEV_005035,7,0,0,0,0,242.7,34.67142857142857,21.65,0.0014451284929220714,0.0050444854499941,3,7,1,0,0.0,0.0,0.0,0.42857142857142855,1.0,0.14285714285714285,0.0,mobile,android,safari
DEV_005684,4,0,0,0,0,645.55,161.3875,72.08500000000001,0.0014441386004338103,0.0040631056542861,1,2,1,0,0.0,0.0,0.0,0.25,0.5,0.25,0.0,mobile,linux,safari
DEV_001477,4,0,0,0,0,656.36,164.09,170.615,0.001438536967858525,0.002886031863293,1,4,0,0,0.0,0.0,0.0,0.25,1.0,0.0,0.0,desktop,windows,chrome
DEV_000652,4,0,0,0,0,116.11,29.0275,24.915,0.001437807757868647,0.0050651270331893,2,4,0,0,0.0,0.0,0.0,0.5,1.0,0.0,0.0,tablet,ios,chrome
DEV_001789,5,0,0,0,0,364.14,72.828,47.73,0.0014309019537682602,0.0038501113658051,4,5,1,5,0.0,0.0,0.0,0.8,1.0,0.2,1.0,mobile,android,chrome
DEV_006717,16,0,0,0,0,1133.45,70.840625,38.04,0.0014260789209152003,0.0092059925867855,6,10,1,0,0.0,0.0,0.0,0.375,0.625,0.0625,0.0,mobile,windows,firefox
DEV_007206,3,0,0,0,0,602.88,200.96,201.03,0.0014250435999750332,0.0024720553912315,3,3,1,3,0.0,0.0,0.0,1.0,1.0,0.3333333333333333,1.0,tablet,macos,firefox
DEV_001417,5,0,0,0,0,103.65,20.73,18.07,0.001424798482678296,0.0043609260996575,0,1,0,0,0.0,0.0,0.0,0.0,0.2,0.0,0.0,mobile,ios,chrome
DEV_000752,5,0,0,0,0,420.87,84.174,65.01,0.00142464406689814,0.003600120539543,2,4,3,0,0.0,0.0,0.0,0.4,0.8,0.6,0.0,mobile,android,firefox
DEV_006205,7,0,0,0,0,1279.62,182.80285714285714,155.98,0.0014242571684961857,0.0042234113141733,3,7,1,0,0.0,0.0,0.0,0.42857142857142855,1.0,0.14285714285714285,0.0,mobile,ios,chrome
DEV_001833,3,0,0,0,0,87.33,29.11,13.15,0.0014237443403272998,0.0036599481426199,3,3,0,3,0.0,0.0,0.0,1.0,1.0,0.0,1.0,mobile,windows,safari
DEV_005147,5,0,0,0,0,132.76,26.552,19.95,0.0014140498195656078,0.0056737748287893,1,5,0,0,0.0,0.0,0.0,0.2,1.0,0.0,0.0,mobile,windows,edge
DEV_003477,4,0,0,0,0,119.46,29.865,27.58,0.001410740649712775,0.0033313412234712,3,3,0,0,0.0,0.0,0.0,0.75,0.75,0.0,0.0,desktop,windows,firefox
DEV_003544,3,0,0,0,0,568.72,189.57333333333335,166.29,0.0014080562007273,0.0031144909378048,2,3,0,0,0.0,0.0,0.0,0.6666666666666666,1.0,0.0,0.0,mobile,linux,firefox
DEV_004480,6,0,0,0,0,420.67,70.11166666666666,76.41,0.0014064147050957666,0.0048733294238979,3,6,1,6,0.0,0.0,0.0,0.5,1.0,0.16666666666666666,1.0,mobile,linux,safari
DEV_007733,8,0,0,0,0,495.95,61.99375,58.81999999999999,0.0013967984009889249,0.0046662852723525,3,8,2,0,0.0,0.0,0.0,0.375,1.0,0.25,0.0,mobile,android,chrome
DEV_001801,3,0,0,0,0,181.16,60.38666666666666,44.07,0.0013933832184154667,0.0016290078593347,0,0,0,3,0.0,0.0,0.0,0.0,0.0,0.0,1.0,desktop,ios,chrome
DEV_002971,4,0,0,0,0,180.73,45.1825,41.94499999999999,0.00139250630897215,0.0027907626426773,4,4,1,0,0.0,0.0,0.0,1.0,1.0,0.25,0.0,desktop,ios,safari
DEV_002665,3,0,0,0,0,93.96,31.319999999999997,40.94,0.0013794748986539183,0.0034263781379184,2,3,0,0,0.0,0.0,0.0,0.6666666666666666,1.0,0.0,0.0,mobile,windows,chrome
DEV_006955,6,0,0,0,0,448.18,74.69666666666667,46.35,0.0013660264086147002,0.0038106491726427,2,3,1,0,0.0,0.0,0.0,0.3333333333333333,0.5,0.16666666666666666,0.0,mobile,android,edge
DEV_004981,11,0,0,0,0,574.76,52.25090909090909,37.45,0.001364575270516182,0.008918142400078,2,11,1,0,0.0,0.0,0.0,0.18181818181818182,1.0,0.09090909090909091,0.0,desktop,ios,safari
DEV_006700,7,0,0,0,0,1231.8799999999999,175.9828571428571,112.83,0.0013594681802556428,0.0045819038490157,4,7,1,0,0.0,0.0,0.0,0.5714285714285714,1.0,0.14285714285714285,0.0,desktop,macos,edge
DEV_006791,3,0,0,0,0,325.96,108.65333333333332,73.11,0.0013576417414814333,0.0022852715348536,1,3,0,0,0.0,0.0,0.0,0.3333333333333333,1.0,0.0,0.0,mobile,android,chrome
DEV_003685,5,0,0,0,0,276.01,55.202,48.01,0.00135762791314234,0.0047426848256,3,5,0,0,0.0,0.0,0.0,0.6,1.0,0.0,0.0,mobile,macos,chrome
DEV_002562,11,0,0,0,0,474.28,43.11636363636364,24.81,0.0013555017417282848,0.0064668021270409,5,7,1,0,0.0,0.0,0.0,0.45454545454545453,0.6363636363636364,0.09090909090909091,0.0,mobile,macos,edge
DEV_007241,3,0,0,0,0,309.85,103.28333333333335,110.38,0.0013551357688374333,0.0017709956496367,0,3,1,3,0.0,0.0,0.0,0.0,1.0,0.3333333333333333,1.0,mobile,linux,chrome
DEV_003482,12,0,0,0,0,218.61,18.2175,15.0,0.0013505748084214108,0.0120776350867078,4,8,0,0,0.0,0.0,0.0,0.3333333333333333,0.6666666666666666,0.0,0.0,mobile,android,chrome
DEV_007835,3,0,0,0,0,170.52,56.84,37.7,0.0013477485407681334,0.0031116997764469,0,3,0,0,0.0,0.0,0.0,0.0,1.0,0.0,0.0,mobile,ios,chrome
DEV_007126,3,0,0,0,0,134.94,44.98,28.4,0.0013373314632272669,0.0017566125120906,3,3,1,0,0.0,0.0,0.0,1.0,1.0,0.3333333333333333,0.0,mobile,macos,chrome
DEV_003338,3,0,0,0,0,150.78,50.26,50.88,0.0013354637678049,0.0019136841924623,1,3,0,0,0.0,0.0,0.0,0.3333333333333333,1.0,0.0,0.0,mobile,android,chrome
DEV_000861,6,0,0,0,0,279.33,46.555,47.685,0.0013100972850451332,0.0045139134698313,3,4,1,6,0.0,0.0,0.0,0.5,0.6666666666666666,0.16666666666666666,1.0,mobile,android,chrome
DEV_003866,3,0,0,0,0,86.21000000000001,28.736666666666668,35.38,0.0013100906528499667,0.0018157077117268,3,3,0,0,0.0,0.0,0.0,1.0,1.0,0.0,0.0,mobile,android,chrome
DEV_005638,4,0,0,0,0,606.36,151.59,142.975,0.0013024822793191928,0.003094913084262,4,4,1,0,0.0,0.0,0.0,1.0,1.0,0.25,0.0,desktop,windows,firefox
DEV_004295,3,0,0,0,0,545.02,181.67333333333332,95.51,0.0012994350981885,0.0023375949541054,1,3,0,0,0.0,0.0,0.0,0.3333333333333333,1.0,0.0,0.0,mobile,android,chrome
DEV_003805,5,0,0,0,0,212.32,42.464,25.52,0.00129563838499016,0.0040928192881421,0,2,1,0,0.0,0.0,0.0,0.0,0.4,0.2,0.0,mobile,windows,chrome
DEV_006186,5,0,0,0,0,161.34,32.268,35.81,0.0012932477635461,0.003041704735798,3,5,0,0,0.0,0.0,0.0,0.6,1.0,0.0,0.0,mobile,windows,chrome
DEV_005423,3,0,0,0,0,626.64,208.88,239.64,0.0012881860964611667,0.0028465367662878,2,2,0,0,0.0,0.0,0.0,0.6666666666666666,0.6666666666666666,0.0,0.0,mobile,linux,firefox
DEV_003604,5,0,0,0,0,1193.4199999999998,238.68399999999997,89.89,0.0012864331637833602,0.0042346355693478,1,3,1,0,0.0,0.0,0.0,0.2,0.6,0.2,0.0,desktop,android,chrome
DEV_005106,5,0,0,0,0,596.22,119.244,77.33,0.00127001295246472,0.0026284597743531,1,5,1,0,0.0,0.0,0.0,0.2,1.0,0.2,0.0,mobile,android,safari
DEV_005622,3,0,0,0,0,736.26,245.42,29.88,0.0012673023368428335,0.0021867396717551,2,3,0,0,0.0,0.0,0.0,0.6666666666666666,1.0,0.0,0.0,mobile,windows,edge
DEV_003089,4,0,0,0,0,303.12,75.78,64.835,0.0012647090519363015,0.0031091867524839,3,4,0,0,0.0,0.0,0.0,0.75,1.0,0.0,0.0,mobile,macos,chrome
DEV_007974,6,0,0,0,0,310.77,51.794999999999995,39.89,0.0012596892055684334,0.0038668760925104,1,4,0,0,0.0,0.0,0.0,0.16666666666666666,0.6666666666666666,0.0,0.0,desktop,ios,chrome
DEV_004279,5,0,0,0,0,369.18,73.836,48.05,0.001256960309801297,0.0041737960415679,3,5,0,0,0.0,0.0,0.0,0.6,1.0,0.0,0.0,mobile,android,firefox
DEV_005128,3,0,0,0,0,63.870000000000005,21.290000000000003,21.53,0.0012557119473497666,0.0031210985674919,2,3,0,0,0.0,0.0,0.0,0.6666666666666666,1.0,0.0,0.0,mobile,android,edge
DEV_000638,5,0,0,0,0,1010.96,202.192,84.3,0.00124866610603646,0.002985074023171,2,5,0,0,0.0,0.0,0.0,0.4,1.0,0.0,0.0,mobile,macos,safari
DEV_002177,8,0,0,0,0,461.79,57.72375,31.435,0.001247663131208425,0.0073406055766349,3,8,2,0,0.0,0.0,0.0,0.375,1.0,0.25,0.0,mobile,android,edge
DEV_006083,3,0,0,0,0,334.03,111.34333333333332,88.06,0.0012436093997738,0.0032205585797989,1,3,1,0,0.0,0.0,0.0,0.3333333333333333,1.0,0.3333333333333333,0.0,desktop,windows,chrome
DEV_002454,17,0,0,0,0,1915.33,112.66647058823528,69.75,0.0012416631321476353,0.0091853914882524,9,17,1,0,0.0,0.0,0.0,0.5294117647058824,1.0,0.058823529411764705,0.0,mobile,macos,safari
DEV_001376,7,0,0,0,0,355.93,50.847142857142856,35.34,0.0012407398334683,0.004689529571026,3,7,0,7,0.0,0.0,0.0,0.42857142857142855,1.0,0.0,1.0,desktop,windows,chrome
DEV_002571,4,0,0,0,0,889.41,222.3525,205.04500000000002,0.00123786888656055,0.0029386350458729,3,4,0,4,0.0,0.0,0.0,0.75,1.0,0.0,1.0,mobile,android,safari
DEV_007402,4,0,0,0,0,316.62,79.155,80.735,0.001231986044389429,0.0021218547377201,1,4,2,0,0.0,0.0,0.0,0.25,1.0,0.5,0.0,desktop,android,chrome
DEV_004650,4,0,0,0,0,139.61,34.9025,30.77,0.0012303037348990946,0.0043836700423875,3,4,0,0,0.0,0.0,0.0,0.75,1.0,0.0,0.0,mobile,ios,chrome
DEV_006854,16,0,0,0,0,846.96,52.935,33.15,0.0012257909331800675,0.0057511644186873,2,9,2,0,0.0,0.0,0.0,0.125,0.5625,0.125,0.0,mobile,ios,safari
DEV_004387,5,0,0,0,0,187.27,37.454,21.35,0.00122419298288778,0.0029164652494218,2,5,2,0,0.0,0.0,0.0,0.4,1.0,0.4,0.0,mobile,android,edge
DEV_004229,5,0,0,0,0,148.2,29.639999999999997,30.53,0.00122147921412036,0.0044979285525015,2,5,0,0,0.0,0.0,0.0,0.4,1.0,0.0,0.0,mobile,android,safari
DEV_002569,7,0,0,0,0,361.77000000000004,51.681428571428576,29.31,0.0012071865070149466,0.0035700966075089,2,7,1,0,0.0,0.0,0.0,0.2857142857142857,1.0,0.14285714285714285,0.0,mobile,ios,edge
DEV_003770,6,0,0,0,0,675.82,112.63666666666667,30.81,0.0012003464491821174,0.0048683222850748,3,4,1,0,0.0,0.0,0.0,0.5,0.6666666666666666,0.16666666666666666,0.0,mobile,macos,chrome
DEV_002319,9,0,0,0,0,1353.0,150.33333333333334,130.82,0.0011973972819700554,0.0037721214701866,4,7,0,0,0.0,0.0,0.0,0.4444444444444444,0.7777777777777778,0.0,0.0,mobile,android,chrome
DEV_005404,5,0,0,0,0,464.09000000000003,92.81800000000001,100.99,0.00119381407714774,0.0026933861835793,4,5,0,5,0.0,0.0,0.0,0.8,1.0,0.0,1.0,desktop,windows,edge
DEV_005815,12,0,0,0,0,505.69,42.14083333333333,35.345,0.0011913611149174904,0.0065915674473545,6,11,0,0,0.0,0.0,0.0,0.5,0.9166666666666666,0.0,0.0,tablet,ios,chrome
DEV_006878,3,0,0,0,0,142.62,47.54,42.19,0.0011903434503708332,0.0029721037192258,1,3,1,0,0.0,0.0,0.0,0.3333333333333333,1.0,0.3333333333333333,0.0,mobile,macos,chrome
DEV_005392,5,0,0,0,0,304.65,60.92999999999999,71.49,0.0011899138165531,0.0033403365430473,2,5,0,0,0.0,0.0,0.0,0.4,1.0,0.0,0.0,mobile,android,safari
DEV_001629,3,0,0,0,0,111.61,37.20333333333333,35.1,0.0011888472458728,0.0027038538365614,2,2,1,0,0.0,0.0,0.0,0.6666666666666666,0.6666666666666666,0.3333333333333333,0.0,mobile,android,safari
DEV_005686,6,0,0,0,0,463.49,77.24833333333333,44.84,0.0011820029746317333,0.0047556422003092,2,5,1,0,0.0,0.0,0.0,0.3333333333333333,0.8333333333333334,0.16666666666666666,0.0,tablet,ios,edge
DEV_006432,9,0,0,0,0,595.85,66.20555555555556,55.67,0.0011782353165491778,0.0062493917562559,3,6,1,0,0.0,0.0,0.0,0.3333333333333333,0.6666666666666666,0.1111111111111111,0.0,desktop,macos,chrome
DEV_000910,6,0,0,0,0,386.3,64.38333333333334,43.04,0.00115974739467475,0.0035773790194294,0,6,1,0,0.0,0.0,0.0,0.0,1.0,0.16666666666666666,0.0,desktop,android,safari
DEV_003627,4,0,0,0,0,174.11,43.5275,47.7,0.001159602623505525,0.00287078877368,2,3,1,0,0.0,0.0,0.0,0.5,0.75,0.25,0.0,desktop,linux,chrome
DEV_000919,16,0,0,0,0,1524.18,95.26125,22.7,0.0011581962142917764,0.0068256830914755,7,15,1,0,0.0,0.0,0.0,0.4375,0.9375,0.0625,0.0,mobile,linux,chrome
DEV_007461,4,0,0,0,0,113.8,28.45,20.605,0.001147207856340025,0.0018869280230926,1,4,2,0,0.0,0.0,0.0,0.25,1.0,0.5,0.0,mobile,windows,chrome
DEV_003281,3,0,0,0,0,392.29,130.76333333333335,166.81,0.0011431447889661483,0.0028335624422264,1,3,0,0,0.0,0.0,0.0,0.3333333333333333,1.0,0.0,0.0,mobile,macos,chrome
DEV_001303,9,0,0,0,0,417.75,46.416666666666664,31.61,0.0011408499396995777,0.0062720831856154,3,9,1,0,0.0,0.0,0.0,0.3333333333333333,1.0,0.1111111111111111,0.0,mobile,ios,firefox
DEV_005193,8,0,0,0,0,462.54999999999995,57.818749999999994,25.94,0.0011368687125460374,0.0037603811381907,3,8,0,0,0.0,0.0,0.0,0.375,1.0,0.0,0.0,tablet,android,firefox
DEV_000017,25,0,0,0,0,2284.36,91.37440000000001,64.83,0.0011365037017630423,0.0065003229047668,13,19,2,0,0.0,0.0,0.0,0.52,0.76,0.08,0.0,mobile,android,firefox
DEV_001682,9,0,0,0,0,325.05,36.11666666666667,28.77,0.0011362946182602444,0.0048088895293765,2,5,2,0,0.0,0.0,0.0,0.2222222222222222,0.5555555555555556,0.2222222222222222,0.0,mobile,android,chrome
DEV_006883,3,0,0,0,0,124.92,41.64,42.1,0.0011351323627359334,0.0025397323868175,0,3,1,3,0.0,0.0,0.0,0.0,1.0,0.3333333333333333,1.0,mobile,macos,firefox
DEV_007700,5,0,0,0,0,357.01,71.402,75.62,0.00112829518211438,0.0030910769068356,0,4,0,0,0.0,0.0,0.0,0.0,0.8,0.0,0.0,mobile,windows,firefox
DEV_007687,5,0,0,0,0,148.44,29.688,23.5,0.00112241735116302,0.0037189836366938,1,3,2,5,0.0,0.0,0.0,0.2,0.6,0.4,1.0,desktop,macos,chrome
DEV_005786,10,0,0,0,0,964.99,96.499,68.435,0.00111413818535568,0.0040517009751365,3,6,1,0,0.0,0.0,0.0,0.3,0.6,0.1,0.0,desktop,android,firefox
DEV_001007,5,0,0,0,0,589.24,117.848,80.36,0.00110808384636422,0.0021533959052042,0,5,0,5,0.0,0.0,0.0,0.0,1.0,0.0,1.0,mobile,windows,safari
DEV_001147,3,0,0,0,0,157.13,52.376666666666665,31.29,0.0010984060970244,0.0024115667453047,2,3,0,0,0.0,0.0,0.0,0.6666666666666666,1.0,0.0,0.0,mobile,ios,chrome
DEV_004005,6,0,0,0,0,461.96,76.99333333333333,56.43,0.00109616388585949,0.0024058183022574,4,6,1,0,0.0,0.0,0.0,0.6666666666666666,1.0,0.16666666666666666,0.0,mobile,macos,safari
DEV_002037,5,0,0,0,0,83.97,16.794,14.83,0.0010918101483706542,0.0038090632162988,0,5,0,0,0.0,0.0,0.0,0.0,1.0,0.0,0.0,desktop,ios,chrome
DEV_006956,5,0,0,0,0,615.71,123.14200000000001,32.82,0.0010871261996367762,0.0038293958060999,1,5,2,0,0.0,0.0,0.0,0.2,1.0,0.4,0.0,mobile,windows,chrome
DEV_001079,6,0,0,0,0,1720.05,286.675,271.755,0.0010868163597065,0.0023488277021253,5,6,1,0,0.0,0.0,0.0,0.8333333333333334,1.0,0.16666666666666666,0.0,mobile,ios,safari
DEV_006485,7,0,0,0,0,759.84,108.54857142857144,66.34,0.0010865650593889456,0.0024443684083259,4,4,0,0,0.0,0.0,0.0,0.5714285714285714,0.5714285714285714,0.0,0.0,mobile,android,chrome
DEV_003146,6,0,0,0,0,731.24,121.87333333333333,30.119999999999997,0.0010823289302576333,0.0038604235618561,2,4,1,0,0.0,0.0,0.0,0.3333333333333333,0.6666666666666666,0.16666666666666666,0.0,mobile,android,safari
DEV_000746,8,0,0,0,0,353.37,44.17125,18.105,0.001067583798716983,0.0028278912803598,1,1,0,0,0.0,0.0,0.0,0.125,0.125,0.0,0.0,desktop,macos,safari
DEV_007072,3,0,0,0,0,514.76,171.58666666666667,186.56,0.0010644150130078,0.0027558169409823,2,3,1,0,0.0,0.0,0.0,0.6666666666666666,1.0,0.3333333333333333,0.0,desktop,android,edge
DEV_002771,5,0,0,0,0,369.56,73.912,57.15,0.001061152177839358,0.0025272810477714,3,4,0,0,0.0,0.0,0.0,0.6,0.8,0.0,0.0,desktop,windows,safari
DEV_000786,8,0,0,0,0,1308.6200000000001,163.57750000000001,165.945,0.0010609703579466624,0.0017592686634904,8,8,0,8,0.0,0.0,0.0,1.0,1.0,0.0,1.0,mobile,android,chrome
DEV_001181,8,0,0,0,0,1441.92,180.24,184.39,0.001055419920753175,0.0024122374124302,4,8,2,0,0.0,0.0,0.0,0.5,1.0,0.25,0.0,mobile,linux,safari
DEV_003183,6,0,0,0,0,206.89000000000001,34.48166666666667,28.545,0.0010524215541335951,0.0055194322892354,3,6,1,6,0.0,0.0,0.0,0.5,1.0,0.16666666666666666,1.0,desktop,android,firefox
DEV_003039,4,0,0,0,0,383.9,95.975,80.315,0.0010464375424569148,0.0034025722104279,3,4,1,0,0.0,0.0,0.0,0.75,1.0,0.25,0.0,mobile,windows,firefox
DEV_005090,3,0,0,0,0,320.84000000000003,106.94666666666667,16.91,0.0010440614503616666,0.0025009289148317,2,2,0,0,0.0,0.0,0.0,0.6666666666666666,0.6666666666666666,0.0,0.0,desktop,android,firefox
DEV_004460,6,0,0,0,0,101.62,16.936666666666667,19.15,0.0010399712235175044,0.0035214365027378,1,6,1,0,0.0,0.0,0.0,0.16666666666666666,1.0,0.16666666666666666,0.0,mobile,windows,edge
DEV_006252,3,0,0,0,0,98.74000000000001,32.913333333333334,30.78,0.0010362754798937668,0.0016265082190948,2,2,0,3,0.0,0.0,0.0,0.6666666666666666,0.6666666666666666,0.0,1.0,mobile,android,chrome
DEV_002557,3,0,0,0,0,146.19,48.73,41.33,0.0010272524233666334,0.0016111768462049,1,3,1,0,0.0,0.0,0.0,0.3333333333333333,1.0,0.3333333333333333,0.0,mobile,android,firefox
DEV_005901,3,0,0,0,0,519.8,173.26666666666665,160.34,0.0010235871567854666,0.0014904274133886,1,3,0,3,0.0,0.0,0.0,0.3333333333333333,1.0,0.0,1.0,desktop,android,firefox
DEV_000096,5,0,0,0,0,487.61,97.522,102.36,0.0010173239769906471,0.0031276529024857,2,3,1,0,0.0,0.0,0.0,0.4,0.6,0.2,0.0,mobile,windows,firefox
DEV_001253,6,0,0,0,0,454.38,75.73,64.545,0.0010125577577310334,0.0029330845659412,2,6,2,0,0.0,0.0,0.0,0.3333333333333333,1.0,0.3333333333333333,0.0,desktop,android,safari
DEV_005208,3,0,0,0,0,295.24,98.41333333333334,11.11,0.0010107162853404334,0.002680249095811,1,3,0,0,0.0,0.0,0.0,0.3333333333333333,1.0,0.0,0.0,mobile,android,firefox
DEV_000712,5,0,0,0,0,345.5,69.1,53.8,0.0010106569156843601,0.0040548030026728,1,4,0,0,0.0,0.0,0.0,0.2,0.8,0.0,0.0,desktop,windows,safari
DEV_003214,6,0,0,0,0,164.65,27.441666666666666,19.025,0.0010099873089628062,0.0050252413652748,1,6,0,0,0.0,0.0,0.0,0.16666666666666666,1.0,0.0,0.0,desktop,ios,chrome
DEV_000379,5,0,0,0,0,334.7,66.94,75.47,0.0010085639517685738,0.0032960721762553,1,5,0,0,0.0,0.0,0.0,0.2,1.0,0.0,0.0,mobile,windows,safari
DEV_004339,3,0,0,0,0,520.5,173.5,176.66,0.0010058849399356,0.0023066132307903,1,1,0,0,0.0,0.0,0.0,0.3333333333333333,0.3333333333333333,0.0,0.0,mobile,ios,edge
DEV_005151,3,0,0,0,0,289.86,96.62,67.5,0.0010043643164491364,0.0021169504953642,2,3,0,3,0.0,0.0,0.0,0.6666666666666666,1.0,0.0,1.0,desktop,macos,chrome
DEV_000770,5,0,0,0,0,341.99,68.398,46.24,0.00099318322138642,0.0037754910403102,2,4,0,0,0.0,0.0,0.0,0.4,0.8,0.0,0.0,mobile,windows,edge
DEV_006123,5,0,0,0,0,157.7,31.54,29.4,0.00099234477250976,0.0041402402140197,2,4,2,0,0.0,0.0,0.0,0.4,0.8,0.4,0.0,desktop,windows,safari
DEV_001546,4,0,0,0,0,175.66,43.915,40.18,0.000992063161128875,0.0027203918411874,3,4,2,4,0.0,0.0,0.0,0.75,1.0,0.5,1.0,mobile,android,chrome
DEV_001516,8,0,0,0,0,1080.7,135.0875,68.465,0.000991955590195931,0.0021091353494902,1,8,1,0,0.0,0.0,0.0,0.125,1.0,0.125,0.0,mobile,android,firefox
DEV_006981,3,0,0,0,0,156.27,52.09,54.31,0.0009865749856008,0.0020592187510724,0,0,0,0,0.0,0.0,0.0,0.0,0.0,0.0,0.0,mobile,linux,safari
DEV_004592,3,0,0,0,0,190.57,63.52333333333333,62.38,0.0009850443601406667,0.002105171755809,2,3,0,0,0.0,0.0,0.0,0.6666666666666666,1.0,0.0,0.0,desktop,ios,chrome
DEV_000729,6,0,0,0,0,695.79,115.96499999999999,74.10499999999999,0.00098295868206425,0.0035230808921297,4,6,0,6,0.0,0.0,0.0,0.6666666666666666,1.0,0.0,1.0,desktop,android,firefox
DEV_004043,9,0,0,0,0,413.62,45.95777777777778,44.93,0.0009816074871978832,0.0068285441488301,2,5,1,0,0.0,0.0,0.0,0.2222222222222222,0.5555555555555556,0.1111111111111111,0.0,mobile,macos,safari
DEV_003007,4,0,0,0,0,215.82999999999998,53.957499999999996,54.66,0.000981076696502837,0.002467311473426,2,4,1,0,0.0,0.0,0.0,0.5,1.0,0.25,0.0,desktop,android,safari
DEV_001311,3,0,0,0,0,56.19,18.73,18.02,0.0009716304509736666,0.0013293636347085,1,1,0,0,0.0,0.0,0.0,0.3333333333333333,0.3333333333333333,0.0,0.0,desktop,windows,safari
DEV_005668,6,0,0,0,0,347.91,57.98500000000001,50.254999999999995,0.0009709837289180668,0.0026618320591975,4,6,1,0,0.0,0.0,0.0,0.6666666666666666,1.0,0.16666666666666666,0.0,mobile,android,chrome
DEV_002691,7,0,0,0,0,169.12,24.16,22.35,0.0009686056949077577,0.0043257749220263,3,7,2,0,0.0,0.0,0.0,0.42857142857142855,1.0,0.2857142857142857,0.0,mobile,macos,chrome
DEV_004622,3,0,0,0,0,391.61,130.53666666666666,87.99,0.0009626573220645334,0.002081975583682,2,3,1,0,0.0,0.0,0.0,0.6666666666666666,1.0,0.3333333333333333,0.0,mobile,ios,safari
DEV_005102,4,0,0,0,0,251.02,62.755,51.685,0.0009612097500924,0.001799374049953,2,4,1,4,0.0,0.0,0.0,0.5,1.0,0.25,1.0,mobile,ios,firefox
DEV_003546,4,0,0,0,0,116.74000000000001,29.185000000000002,30.875,0.000956923806427325,0.0024107810315724,2,4,0,0,0.0,0.0,0.0,0.5,1.0,0.0,0.0,mobile,windows,chrome
DEV_002320,7,0,0,0,0,273.73,39.104285714285716,25.53,0.0009564455348885112,0.0025215308051088,1,4,0,0,0.0,0.0,0.0,0.14285714285714285,0.5714285714285714,0.0,0.0,mobile,linux,edge
DEV_004002,8,0,0,0,0,359.16999999999996,44.896249999999995,44.175,0.0009559431731958999,0.0059601693534,5,8,1,0,0.0,0.0,0.0,0.625,1.0,0.125,0.0,desktop,ios,chrome
DEV_004251,7,0,0,0,0,181.75,25.964285714285715,12.75,0.0009396558506281592,0.0026663976964359,6,7,0,0,0.0,0.0,0.0,0.8571428571428571,1.0,0.0,0.0,mobile,android,chrome
DEV_005564,3,0,0,0,0,101.00999999999999,33.669999999999995,34.16,0.0009390633184535169,0.0024553378402171,0,0,0,0,0.0,0.0,0.0,0.0,0.0,0.0,0.0,desktop,macos,edge
DEV_002136,10,0,0,0,0,252.01999999999998,25.201999999999998,17.405,0.0009250970256588097,0.0052977519685826,5,10,3,10,0.0,0.0,0.0,0.5,1.0,0.3,1.0,desktop,macos,chrome
DEV_007199,4,0,0,0,0,264.65,66.1625,28.29,0.00092432798721905,0.0024911998731905,3,4,0,0,0.0,0.0,0.0,0.75,1.0,0.0,0.0,mobile,macos,chrome
DEV_002595,4,0,0,0,0,191.57,47.8925,39.45,0.000919877097906125,0.0026078264853471,1,4,0,0,0.0,0.0,0.0,0.25,1.0,0.0,0.0,mobile,windows,safari
DEV_003379,4,0,0,0,0,171.91,42.9775,21.905,0.0009193007194816795,0.0031836404224545,0,4,0,0,0.0,0.0,0.0,0.0,1.0,0.0,0.0,desktop,android,safari
DEV_004026,3,0,0,0,0,80.84,26.94666666666667,26.02,0.0009178531499430334,0.0019387655437835,1,3,1,0,0.0,0.0,0.0,0.3333333333333333,1.0,0.3333333333333333,0.0,mobile,android,chrome
DEV_002220,4,0,0,0,0,191.65,47.9125,44.05,0.0009166380767858499,0.0020754765200402,4,4,1,0,0.0,0.0,0.0,1.0,1.0,0.25,0.0,desktop,macos,chrome
DEV_005186,4,0,0,0,0,1119.49,279.8725,284.425,0.000911993462892025,0.0017151462483866,3,4,0,0,0.0,0.0,0.0,0.75,1.0,0.0,0.0,mobile,windows,firefox
DEV_006053,11,0,0,0,0,681.72,61.974545454545456,20.65,0.0009072841756099629,0.0033309363393778,2,10,0,0,0.0,0.0,0.0,0.18181818181818182,0.9090909090909091,0.0,0.0,desktop,ios,chrome
DEV_002000,4,0,0,0,0,296.46000000000004,74.11500000000001,52.56,0.0009072036387593696,0.0021635592191515,1,2,0,0,0.0,0.0,0.0,0.25,0.5,0.0,0.0,mobile,android,chrome
DEV_003931,4,0,0,0,0,288.89,72.2225,76.755,0.000901504201407225,0.0025579258958793,3,4,0,0,0.0,0.0,0.0,0.75,1.0,0.0,0.0,mobile,android,chrome
DEV_003846,3,0,0,0,0,78.67,26.223333333333333,22.43,0.0008986535049444666,0.0013281204854892,1,3,1,0,0.0,0.0,0.0,0.3333333333333333,1.0,0.3333333333333333,0.0,mobile,ios,chrome
DEV_007041,9,0,0,0,0,617.41,68.60111111111111,46.08,0.0008918221024885675,0.0038948962775278,3,9,0,9,0.0,0.0,0.0,0.3333333333333333,1.0,0.0,1.0,desktop,ios,safari
DEV_001235,8,0,0,0,0,959.27,119.90875,66.58500000000001,0.0008869068198230878,0.0032030238698961,3,7,2,0,0.0,0.0,0.0,0.375,0.875,0.25,0.0,mobile,windows,firefox
DEV_006168,7,0,0,0,0,616.91,88.13,43.37,0.0008837216654647115,0.0025810645488918,3,6,0,0,0.0,0.0,0.0,0.42857142857142855,0.8571428571428571,0.0,0.0,mobile,ios,safari
DEV_002388,7,0,0,0,0,251.84,35.97714285714286,28.99,0.0008828726534149444,0.0028395609744491,2,7,2,0,0.0,0.0,0.0,0.2857142857142857,1.0,0.2857142857142857,0.0,desktop,ios,safari
DEV_002181,4,0,0,0,0,689.0899999999999,172.27249999999998,129.28,0.000880998758548575,0.0020636750045932,2,4,2,0,0.0,0.0,0.0,0.5,1.0,0.5,0.0,mobile,ios,safari
DEV_007330,12,0,0,0,0,1133.3,94.44166666666666,58.86,0.0008784689510267862,0.0041123836442995,6,10,1,0,0.0,0.0,0.0,0.5,0.8333333333333334,0.08333333333333333,0.0,desktop,ios,edge
DEV_005213,17,0,0,0,0,1281.82,75.40117647058823,48.09,0.0008707422300035277,0.0074599710582033,6,17,5,0,0.0,0.0,0.0,0.35294117647058826,1.0,0.29411764705882354,0.0,mobile,android,chrome
DEV_005826,4,0,0,0,0,543.84,135.96,133.29000000000002,0.0008705511614968749,0.0026723318872578,3,4,0,0,0.0,0.0,0.0,0.75,1.0,0.0,0.0,mobile,android,chrome
DEV_002141,7,0,0,0,0,365.93999999999994,52.27714285714285,38.64,0.0008669144159306714,0.0045262758010017,4,7,2,0,0.0,0.0,0.0,0.5714285714285714,1.0,0.2857142857142857,0.0,desktop,ios,safari
DEV_005008,3,0,0,0,0,77.8,25.933333333333334,7.1,0.0008606909741426667,0.0020446010647721,2,3,1,0,0.0,0.0,0.0,0.6666666666666666,1.0,0.3333333333333333,0.0,mobile,ios,firefox
DEV_002795,5,0,0,0,0,316.33,63.266,41.36,0.0008554683087089234,0.001715865785316,1,5,0,5,0.0,0.0,0.0,0.2,1.0,0.0,1.0,mobile,linux,chrome
DEV_000653,4,0,0,0,0,251.27,62.8175,64.0,0.0008548603831084671,0.0027282171438716,3,4,0,0,0.0,0.0,0.0,0.75,1.0,0.0,0.0,desktop,macos,edge
DEV_007935,5,0,0,0,0,126.75,25.35,20.17,0.0008488944595509012,0.0035883341885625,1,5,0,0,0.0,0.0,0.0,0.2,1.0,0.0,0.0,mobile,android,chrome
DEV_001758,6,0,0,0,0,284.05,47.34166666666667,40.995000000000005,0.0008444064729080833,0.0025451995698256,4,6,0,0,0.0,0.0,0.0,0.6666666666666666,1.0,0.0,0.0,desktop,ios,firefox
DEV_003858,3,0,0,0,0,276.52,92.17333333333333,117.37,0.0008214837605785333,0.0012519887107529,1,3,0,0,0.0,0.0,0.0,0.3333333333333333,1.0,0.0,0.0,mobile,ios,safari
DEV_005861,4,0,0,0,0,186.16,46.54,32.03,0.0008191059947506878,0.0019996435835923,1,4,0,0,0.0,0.0,0.0,0.25,1.0,0.0,0.0,mobile,android,edge
DEV_007066,7,0,0,0,0,103.8,14.828571428571427,16.13,0.0008168013235719713,0.0038201012205052,4,7,0,7,0.0,0.0,0.0,0.5714285714285714,1.0,0.0,1.0,mobile,android,edge
DEV_005888,7,0,0,0,0,171.84,24.548571428571428,18.75,0.0008164785855136001,0.0041781244384106,2,4,1,0,0.0,0.0,0.0,0.2857142857142857,0.5714285714285714,0.14285714285714285,0.0,mobile,android,chrome
DEV_006275,4,0,0,0,0,250.14000000000001,62.535000000000004,44.125,0.0008113076463768,0.0017151886029557,2,4,0,0,0.0,0.0,0.0,0.5,1.0,0.0,0.0,mobile,macos,safari
DEV_003218,9,0,0,0,0,312.39,34.71,36.59,0.0008086216830798825,0.004433071024009,4,5,1,0,0.0,0.0,0.0,0.4444444444444444,0.5555555555555556,0.1111111111111111,0.0,mobile,ios,firefox
DEV_005042,7,0,0,0,0,474.87,67.83857142857143,25.89,0.0008021757925686,0.0036374833122773,1,1,1,0,0.0,0.0,0.0,0.14285714285714285,0.14285714285714285,0.14285714285714285,0.0,desktop,ios,firefox
DEV_006207,5,0,0,0,0,258.43,51.686,36.72,0.0008013877189786,0.0014424576128175,2,4,0,0,0.0,0.0,0.0,0.4,0.8,0.0,0.0,mobile,android,chrome
DEV_003806,3,0,0,0,0,464.09000000000003,154.6966666666667,70.04,0.0008012020773613334,0.0015171851944411,3,3,1,3,0.0,0.0,0.0,1.0,1.0,0.3333333333333333,1.0,mobile,android,safari
DEV_003915,3,0,0,0,0,466.51,155.50333333333333,141.63,0.0008009160772701,0.0014848864288823,1,3,0,0,0.0,0.0,0.0,0.3333333333333333,1.0,0.0,0.0,mobile,ios,safari
DEV_001710,7,0,0,0,0,499.75000000000006,71.39285714285715,36.6,0.0007916839356560714,0.0020585556357325,3,7,0,0,0.0,0.0,0.0,0.42857142857142855,1.0,0.0,0.0,desktop,windows,chrome
DEV_007045,3,0,0,0,0,126.38000000000001,42.12666666666667,22.1,0.0007910708650269334,0.0014697234824692,2,3,2,3,0.0,0.0,0.0,0.6666666666666666,1.0,0.6666666666666666,1.0,mobile,android,safari
DEV_004277,8,0,0,0,0,1146.84,143.355,113.61500000000001,0.0007842805662028934,0.0030519084394881,2,5,1,0,0.0,0.0,0.0,0.25,0.625,0.125,0.0,mobile,ios,safari
DEV_000152,3,0,0,0,0,84.59,28.19666666666667,21.22,0.0007833867900923858,0.0018710198427331,0,2,1,3,0.0,0.0,0.0,0.0,0.6666666666666666,0.3333333333333333,1.0,mobile,android,edge
DEV_000285,3,0,0,0,0,646.01,215.33666666666667,133.4,0.0007833631282381334,0.0011883906252971,1,3,0,0,0.0,0.0,0.0,0.3333333333333333,1.0,0.0,0.0,mobile,macos,safari
DEV_004089,3,0,0,0,0,1010.25,336.75,229.59,0.0007807222290354333,0.0013483947131301,1,2,1,0,0.0,0.0,0.0,0.3333333333333333,0.6666666666666666,0.3333333333333333,0.0,desktop,macos,safari
DEV_004858,6,0,0,0,0,280.58,46.76333333333333,46.35,0.0007789798529047482,0.0020180502540544,1,3,0,0,0.0,0.0,0.0,0.16666666666666666,0.5,0.0,0.0,desktop,ios,chrome
DEV_004549,4,0,0,0,0,464.26,116.065,117.17,0.0007761293402298833,0.00229170526576,1,4,0,0,0.0,0.0,0.0,0.25,1.0,0.0,0.0,tablet,windows,safari
DEV_000141,6,0,0,0,0,1072.52,178.75333333333333,184.48000000000002,0.0007662945051919,0.0015821336235607,3,3,1,0,0.0,0.0,0.0,0.5,0.5,0.16666666666666666,0.0,mobile,ios,chrome
DEV_004921,4,0,0,0,0,311.91,77.9775,40.94,0.000764206700334025,0.0012772057557492,2,4,0,4,0.0,0.0,0.0,0.5,1.0,0.0,1.0,mobile,windows,edge
DEV_006741,5,0,0,0,0,212.41,42.482,21.05,0.0007640026457246399,0.0020528330668554,2,4,0,0,0.0,0.0,0.0,0.4,0.8,0.0,0.0,desktop,ios,firefox
DEV_007609,7,0,0,0,0,674.94,96.42,95.31,0.0007489991605846571,0.0014807532311604,2,6,1,0,0.0,0.0,0.0,0.2857142857142857,0.8571428571428571,0.14285714285714285,0.0,tablet,ios,safari
DEV_000855,8,0,0,0,0,466.94,58.3675,42.67,0.0007446240907195,0.0028382592650615,3,5,1,0,0.0,0.0,0.0,0.375,0.625,0.125,0.0,desktop,windows,firefox
DEV_000890,3,0,0,0,0,564.88,188.29333333333332,154.68,0.0007422249403508667,0.0015041687725588,2,3,1,0,0.0,0.0,0.0,0.6666666666666666,1.0,0.3333333333333333,0.0,mobile,android,chrome
DEV_001351,5,0,0,0,0,209.11999999999998,41.824,14.98,0.0007412259295197,0.0025308124130616,1,5,0,0,0.0,0.0,0.0,0.2,1.0,0.0,0.0,mobile,android,edge
DEV_001953,12,0,0,0,0,954.34,79.52833333333334,56.04,0.0007407537223864553,0.0018946459320944,4,12,1,0,0.0,0.0,0.0,0.3333333333333333,1.0,0.08333333333333333,0.0,desktop,android,edge
DEV_006691,3,0,0,0,0,224.08999999999997,74.69666666666666,42.67,0.0007383840240793,0.0019328896064058,0,3,0,0,0.0,0.0,0.0,0.0,1.0,0.0,0.0,mobile,windows,safari
DEV_003713,3,0,0,0,0,334.66999999999996,111.55666666666666,142.0,0.0007379847988882,0.0012931215951715,2,3,1,0,0.0,0.0,0.0,0.6666666666666666,1.0,0.3333333333333333,0.0,mobile,macos,firefox
DEV_007214,6,0,0,0,0,272.09,45.34833333333333,43.900000000000006,0.0007334665514970512,0.0028170313798405,5,6,1,0,0.0,0.0,0.0,0.8333333333333334,1.0,0.16666666666666666,0.0,mobile,macos,safari
DEV_000283,5,0,0,0,0,289.64,57.928,33.56,0.00072616937847252,0.0025531034689405,0,3,1,0,0.0,0.0,0.0,0.0,0.6,0.2,0.0,mobile,macos,chrome
DEV_004686,8,0,0,0,0,679.61,84.95125,70.28999999999999,0.0007190129521888375,0.0026978601281477,4,8,1,0,0.0,0.0,0.0,0.5,1.0,0.125,0.0,mobile,macos,edge
DEV_005275,3,0,0,0,0,207.89000000000001,69.29666666666667,25.65,0.0007115009519294333,0.001514237651741,2,2,0,0,0.0,0.0,0.0,0.6666666666666666,0.6666666666666666,0.0,0.0,desktop,ios,firefox
DEV_001190,4,0,0,0,0,145.16,36.29,29.505000000000003,0.0007106531066562943,0.002206289536435,2,4,2,4,0.0,0.0,0.0,0.5,1.0,0.5,1.0,desktop,windows,chrome
DEV_007037,6,0,0,0,0,447.65,74.60833333333333,74.355,0.000702160129482629,0.001742223565158,2,6,0,6,0.0,0.0,0.0,0.3333333333333333,1.0,0.0,1.0,desktop,macos,edge
DEV_007327,3,0,0,0,0,72.64,24.213333333333335,16.18,0.000701477502157837,0.0011916417953883,0,2,1,3,0.0,0.0,0.0,0.0,0.6666666666666666,0.3333333333333333,1.0,desktop,ios,chrome
DEV_004317,4,0,0,0,0,263.46999999999997,65.86749999999999,56.805,0.0006955442826069372,0.0024055569816062,1,4,1,0,0.0,0.0,0.0,0.25,1.0,0.25,0.0,mobile,ios,chrome
DEV_005683,3,0,0,0,0,78.73,26.243333333333336,25.75,0.0006912812956836999,0.0015466927207792,1,2,0,0,0.0,0.0,0.0,0.3333333333333333,0.6666666666666666,0.0,0.0,desktop,ios,edge
DEV_000154,5,0,0,0,0,369.38,73.876,35.47,0.0006898280498849661,0.00214681086397,1,5,1,0,0.0,0.0,0.0,0.2,1.0,0.2,0.0,desktop,macos,safari
DEV_004211,5,0,0,0,0,577.37,115.474,74.03,0.0006868750680974991,0.002525912763238,0,5,0,0,0.0,0.0,0.0,0.0,1.0,0.0,0.0,mobile,macos,chrome
DEV_000947,5,0,0,0,0,489.1,97.82000000000001,94.88,0.0006821201631211978,0.0016683218217006,1,4,0,0,0.0,0.0,0.0,0.2,0.8,0.0,0.0,desktop,macos,safari
DEV_004011,6,0,0,0,0,429.34999999999997,71.55833333333332,41.24,0.0006818199953189801,0.0012003743214613,3,4,0,0,0.0,0.0,0.0,0.5,0.6666666666666666,0.0,0.0,mobile,ios,chrome
DEV_006824,10,0,0,0,0,286.04,28.604000000000003,24.54,0.0006751529622870243,0.004013008436019,0,5,0,0,0.0,0.0,0.0,0.0,0.5,0.0,0.0,mobile,macos,safari
DEV_004559,9,0,0,0,0,555.89,61.76555555555555,57.44,0.0006740349872028444,0.0024432275857421,5,9,0,0,0.0,0.0,0.0,0.5555555555555556,1.0,0.0,0.0,mobile,macos,edge
DEV_005126,11,0,0,0,0,852.68,77.51636363636364,71.85,0.0006648355314299545,0.0022200211654549,5,7,1,0,0.0,0.0,0.0,0.45454545454545453,0.6363636363636364,0.09090909090909091,0.0,mobile,android,chrome
DEV_004882,4,0,0,0,0,379.2,94.8,43.035,0.0006604947620102749,0.0012645208678991,3,4,1,0,0.0,0.0,0.0,0.75,1.0,0.25,0.0,mobile,windows,chrome
DEV_003804,5,0,0,0,0,301.14,60.227999999999994,38.97,0.00066016872523462,0.0013563802776696,2,5,1,5,0.0,0.0,0.0,0.4,1.0,0.2,1.0,desktop,ios,firefox
DEV_003743,4,0,0,0,0,86.59,21.6475,21.29,0.00065628955605695,0.0017231513265951,1,4,0,4,0.0,0.0,0.0,0.25,1.0,0.0,1.0,mobile,windows,edge
DEV_004525,5,0,0,0,0,702.5799999999999,140.516,158.63,0.0006556030462361833,0.00120460840085,1,5,0,5,0.0,0.0,0.0,0.2,1.0,0.0,1.0,desktop,ios,edge
DEV_005113,6,0,0,0,0,311.19,51.865,24.1,0.0006508555117180272,0.0019724580787518,2,6,0,0,0.0,0.0,0.0,0.3333333333333333,1.0,0.0,0.0,desktop,macos,safari
DEV_000473,5,0,0,0,0,681.13,136.226,107.27,0.00064901634965344,0.0010826028481404,4,5,2,0,0.0,0.0,0.0,0.8,1.0,0.4,0.0,desktop,ios,chrome
DEV_002314,7,0,0,0,0,247.32999999999998,35.332857142857144,34.44,0.0006399061859514703,0.0027245863326724,2,7,0,0,0.0,0.0,0.0,0.2857142857142857,1.0,0.0,0.0,desktop,windows,chrome
DEV_007869,6,0,0,0,0,366.39,61.065,30.38,0.000639647806538407,0.0019800505358952,1,6,0,0,0.0,0.0,0.0,0.16666666666666666,1.0,0.0,0.0,mobile,android,firefox
DEV_003384,6,0,0,0,0,208.42000000000002,34.73666666666667,14.35,0.0006368113671465,0.0021678472960925,3,4,1,0,0.0,0.0,0.0,0.5,0.6666666666666666,0.16666666666666666,0.0,mobile,macos,chrome
DEV_006961,7,0,0,0,0,385.74,55.105714285714285,37.74,0.0006351530487022856,0.0026523972775967,2,2,0,7,0.0,0.0,0.0,0.2857142857142857,0.2857142857142857,0.0,1.0,desktop,ios,chrome
DEV_001783,11,0,0,0,0,1189.3,108.11818181818181,83.96,0.0006342447483787636,0.0020307751851423,9,11,0,0,0.0,0.0,0.0,0.8181818181818182,1.0,0.0,0.0,mobile,android,chrome
DEV_003970,5,0,0,0,0,169.60000000000002,33.92,27.76,0.00063299635604882,0.0013420708021518,3,5,2,0,0.0,0.0,0.0,0.6,1.0,0.4,0.0,desktop,android,firefox
DEV_005696,7,0,0,0,0,993.48,141.9257142857143,106.49,0.0006322137678395715,0.0017415682346101,4,7,2,0,0.0,0.0,0.0,0.5714285714285714,1.0,0.2857142857142857,0.0,mobile,android,edge
DEV_000194,3,0,0,0,0,1194.74,398.24666666666667,391.17,0.0006321833946710667,0.0013771492079158,1,2,0,0,0.0,0.0,0.0,0.3333333333333333,0.6666666666666666,0.0,0.0,tablet,macos,edge
DEV_002298,3,0,0,0,0,236.74,78.91333333333334,53.46,0.0006292468424069666,0.0009982187772991,2,3,0,3,0.0,0.0,0.0,0.6666666666666666,1.0,0.0,1.0,desktop,android,chrome
DEV_001648,4,0,0,0,0,166.94,41.735,29.630000000000003,0.0006278613018008,0.001997137196505,2,4,0,4,0.0,0.0,0.0,0.5,1.0,0.0,1.0,mobile,android,chrome
DEV_004477,6,0,0,0,0,388.14,64.69,44.045,0.0006266446068918167,0.0020162811869558,3,6,1,0,0.0,0.0,0.0,0.5,1.0,0.16666666666666666,0.0,mobile,android,firefox
DEV_007095,5,0,0,0,0,283.15000000000003,56.63000000000001,37.85,0.0006226155578913,0.0012012729891966,4,5,1,0,0.0,0.0,0.0,0.8,1.0,0.2,0.0,mobile,android,chrome
DEV_006592,3,0,0,0,0,271.97,90.65666666666668,69.03,0.0006223816828809666,0.0012313154926324,3,3,1,0,0.0,0.0,0.0,1.0,1.0,0.3333333333333333,0.0,mobile,ios,chrome
DEV_005808,3,0,0,0,0,155.11,51.70333333333334,52.95,0.0006223219589081782,0.0014839700841642,0,3,0,0,0.0,0.0,0.0,0.0,1.0,0.0,0.0,desktop,macos,edge
DEV_002862,5,0,0,0,0,172.76,34.552,14.91,0.0006152153778643181,0.0014451870156659,3,5,1,0,0.0,0.0,0.0,0.6,1.0,0.2,0.0,desktop,android,safari
DEV_006792,4,0,0,0,0,415.98,103.995,102.57499999999999,0.0006093451146955915,0.0011758343619007,2,4,0,0,0.0,0.0,0.0,0.5,1.0,0.0,0.0,desktop,windows,edge
DEV_007723,4,0,0,0,0,501.20000000000005,125.30000000000001,51.825,0.000606934626618475,0.0014607073641957,1,4,0,0,0.0,0.0,0.0,0.25,1.0,0.0,0.0,mobile,android,edge
DEV_001906,5,0,0,0,0,228.4,45.68,25.07,0.00059965262408338,0.0019030619734408,2,5,0,0,0.0,0.0,0.0,0.4,1.0,0.0,0.0,mobile,android,safari
DEV_005960,4,0,0,0,0,443.72,110.93,78.475,0.00059741516775075,0.0011695353923803,0,4,2,0,0.0,0.0,0.0,0.0,1.0,0.5,0.0,mobile,android,safari
DEV_005863,9,0,0,0,0,891.8100000000001,99.09,47.41,0.0005957079956547015,0.0019959396762532,4,9,3,0,0.0,0.0,0.0,0.4444444444444444,1.0,0.3333333333333333,0.0,mobile,macos,firefox
DEV_000116,3,0,0,0,0,318.07,106.02333333333333,100.58,0.0005946940233391334,0.0010111921312563,0,2,1,0,0.0,0.0,0.0,0.0,0.6666666666666666,0.3333333333333333,0.0,tablet,android,edge
DEV_006370,3,0,0,0,0,655.0699999999999,218.35666666666665,199.69,0.0005943540735593001,0.0008884763490244,1,2,0,3,0.0,0.0,0.0,0.3333333333333333,0.6666666666666666,0.0,1.0,mobile,windows,chrome
DEV_006329,8,0,0,0,0,904.75,113.09375,70.525,0.0005856981450740348,0.0012672549963272,5,8,1,0,0.0,0.0,0.0,0.625,1.0,0.125,0.0,mobile,android,chrome
DEV_001970,6,0,0,0,0,372.90999999999997,62.151666666666664,48.989999999999995,0.0005852774191390166,0.0022836633379843,2,6,0,0,0.0,0.0,0.0,0.3333333333333333,1.0,0.0,0.0,mobile,android,safari
DEV_002788,4,0,0,0,0,465.38,116.345,101.11500000000001,0.000582775770791975,0.0012452023370887,3,4,0,0,0.0,0.0,0.0,0.75,1.0,0.0,0.0,desktop,android,chrome
DEV_006203,5,0,0,0,0,567.91,113.582,61.22,0.00058083600836652,0.0012398235934752,4,5,2,0,0.0,0.0,0.0,0.8,1.0,0.4,0.0,desktop,windows,chrome
DEV_003221,8,0,0,0,0,814.3100000000001,101.78875000000001,79.985,0.000580185135335394,0.0013265666438593,4,7,0,0,0.0,0.0,0.0,0.5,0.875,0.0,0.0,desktop,ios,safari
DEV_002874,4,0,0,0,0,1003.4300000000001,250.85750000000002,184.76999999999998,0.0005794848288207749,0.0017334666870286,2,2,1,4,0.0,0.0,0.0,0.5,0.5,0.25,1.0,mobile,android,chrome
DEV_000598,4,0,0,0,0,903.45,225.8625,90.795,0.0005699741992849249,0.0014626455567303,3,3,0,0,0.0,0.0,0.0,0.75,0.75,0.0,0.0,mobile,ios,safari
DEV_000627,3,0,0,0,0,182.95,60.98333333333333,53.69,0.0005660940115339667,0.0011069825290443,1,3,0,0,0.0,0.0,0.0,0.3333333333333333,1.0,0.0,0.0,desktop,android,edge
DEV_005058,6,0,0,0,0,1080.21,180.035,160.335,0.0005568301996065008,0.0010861307692134,3,5,0,0,0.0,0.0,0.0,0.5,0.8333333333333334,0.0,0.0,desktop,macos,chrome
DEV_002658,4,0,0,0,0,175.8,43.95,33.275,0.0005553758966296969,0.0018161831736674,0,4,0,0,0.0,0.0,0.0,0.0,1.0,0.0,0.0,mobile,windows,chrome
DEV_007769,4,0,0,0,0,119.58000000000001,29.895000000000003,31.17,0.0005501188523081702,0.0017924396760226,0,4,0,0,0.0,0.0,0.0,0.0,1.0,0.0,0.0,mobile,android,safari
DEV_001701,4,0,0,0,0,265.38,66.345,63.275,0.00054883604562315,0.0012078512392378,3,4,1,0,0.0,0.0,0.0,0.75,1.0,0.25,0.0,desktop,android,chrome
DEV_004934,3,0,0,0,0,209.36,69.78666666666668,34.84,0.0005458401495171667,0.0007585381438787,0,0,0,3,0.0,0.0,0.0,0.0,0.0,0.0,1.0,desktop,windows,chrome
DEV_003742,4,0,0,0,0,223.56,55.89,38.8,0.00054300943219,0.0009710262385197,3,4,0,0,0.0,0.0,0.0,0.75,1.0,0.0,0.0,desktop,android,safari
DEV_007536,3,0,0,0,0,70.52000000000001,23.50666666666667,23.6,0.0005406269124117,0.0006587636105865,2,3,2,3,0.0,0.0,0.0,0.6666666666666666,1.0,0.6666666666666666,1.0,tablet,android,safari
DEV_003506,3,0,0,0,0,192.23,64.07666666666667,45.31,0.0005345365958917667,0.0012422693457871,0,1,0,0,0.0,0.0,0.0,0.0,0.3333333333333333,0.0,0.0,mobile,android,safari
DEV_007718,8,0,0,0,0,1312.86,164.1075,62.625,0.0005289193867693883,0.0019641682477064,2,8,2,0,0.0,0.0,0.0,0.25,1.0,0.25,0.0,desktop,ios,chrome
DEV_002343,6,0,0,0,0,243.22,40.53666666666667,34.730000000000004,0.0005276943922759022,0.0009945397730547,3,6,1,0,0.0,0.0,0.0,0.5,1.0,0.16666666666666666,0.0,desktop,macos,edge
DEV_005504,5,0,0,0,0,165.13,33.025999999999996,26.26,0.00051845450152022,0.0010883130263057,3,5,0,0,0.0,0.0,0.0,0.6,1.0,0.0,0.0,mobile,macos,chrome
DEV_005879,3,0,0,0,0,293.04,97.68,91.06,0.0005183694559172334,0.0008438320798833,2,3,1,0,0.0,0.0,0.0,0.6666666666666666,1.0,0.3333333333333333,0.0,mobile,ios,chrome
DEV_002154,3,0,0,0,0,432.49,144.16333333333333,124.28,0.0005009074676154667,0.0009572893677292,1,2,0,3,0.0,0.0,0.0,0.3333333333333333,0.6666666666666666,0.0,1.0,tablet,android,chrome
DEV_002098,3,0,0,0,0,56.849999999999994,18.95,19.54,0.0004934987179609219,0.0012321648958992,1,3,1,0,0.0,0.0,0.0,0.3333333333333333,1.0,0.3333333333333333,0.0,desktop,macos,chrome
DEV_005569,6,0,0,0,0,318.2,53.03333333333333,54.81,0.000491472875369755,0.0018075158282959,3,4,0,0,0.0,0.0,0.0,0.5,0.6666666666666666,0.0,0.0,tablet,android,chrome
DEV_002617,3,0,0,0,0,82.39,27.463333333333335,32.51,0.0004905914668552,0.0008288274537521,1,3,1,3,0.0,0.0,0.0,0.3333333333333333,1.0,0.3333333333333333,1.0,desktop,android,chrome
DEV_000662,5,0,0,0,0,899.4300000000001,179.88600000000002,178.49,0.0004875439351503433,0.0009279454238174,3,5,1,5,0.0,0.0,0.0,0.6,1.0,0.2,1.0,mobile,windows,chrome
DEV_002147,3,0,0,0,0,130.37,43.45666666666667,35.14,0.00048196618373736117,0.0011438925558317,2,3,0,0,0.0,0.0,0.0,0.6666666666666666,1.0,0.0,0.0,mobile,android,edge
DEV_007476,4,0,0,0,0,225.28,56.32,41.81,0.000481648053982925,0.0008370962377426,2,4,0,0,0.0,0.0,0.0,0.5,1.0,0.0,0.0,mobile,android,edge
DEV_007798,3,0,0,0,0,375.61,125.20333333333333,94.36,0.0004745438187895333,0.0007932225980808,1,3,1,0,0.0,0.0,0.0,0.3333333333333333,1.0,0.3333333333333333,0.0,desktop,macos,safari
DEV_000784,5,0,0,0,0,377.08,75.416,29.28,0.00047239820421594,0.0010043286046272,1,5,0,0,0.0,0.0,0.0,0.2,1.0,0.0,0.0,mobile,android,chrome
DEV_007313,15,0,0,0,0,1065.98,71.06533333333333,52.68,0.00047036336009485753,0.0013896093174065,9,15,1,0,0.0,0.0,0.0,0.6,1.0,0.06666666666666667,0.0,mobile,android,safari
DEV_004280,3,0,0,0,0,245.58999999999997,81.86333333333333,69.6,0.000469367580181386,0.001164158096493,0,3,0,0,0.0,0.0,0.0,0.0,1.0,0.0,0.0,mobile,macos,edge
DEV_005713,3,0,0,0,0,495.73,165.24333333333334,41.31,0.0004675752265068666,0.0011396893753252,0,3,0,0,0.0,0.0,0.0,0.0,1.0,0.0,0.0,mobile,ios,firefox
DEV_002663,4,0,0,0,0,71.75,17.9375,17.905,0.0004669319158700528,0.0015294013634292,2,4,1,0,0.0,0.0,0.0,0.5,1.0,0.25,0.0,mobile,macos,firefox
DEV_004756,4,0,0,0,0,175.96,43.99,45.745000000000005,0.00046596593367715,0.0008160172440852,1,4,1,4,0.0,0.0,0.0,0.25,1.0,0.25,1.0,desktop,windows,firefox
DEV_006689,3,0,0,0,0,80.15,26.71666666666667,21.64,0.00046549295900190005,0.0009980606827097,1,3,1,3,0.0,0.0,0.0,0.3333333333333333,1.0,0.3333333333333333,1.0,desktop,ios,chrome
DEV_007556,5,0,0,0,0,597.15,119.42999999999999,74.15,0.00046343644566004,0.0008588999084444,4,5,1,0,0.0,0.0,0.0,0.8,1.0,0.2,0.0,mobile,windows,safari
DEV_003928,4,0,0,0,0,141.18,35.295,33.324999999999996,0.000460204005381,0.0012076310770313,2,4,0,0,0.0,0.0,0.0,0.5,1.0,0.0,0.0,desktop,macos,chrome
DEV_000312,4,0,0,0,0,75.72,18.93,17.225,0.00045787168427635,0.0006832542931001,2,4,1,0,0.0,0.0,0.0,0.5,1.0,0.25,0.0,tablet,ios,safari
DEV_000262,6,0,0,0,0,204.09,34.015,21.07,0.0004566156240242842,0.0012448091412055,0,1,1,0,0.0,0.0,0.0,0.0,0.16666666666666666,0.16666666666666666,0.0,mobile,android,chrome
DEV_000924,3,0,0,0,0,215.21,71.73666666666666,45.88,0.00045460111089477563,0.0007203930162343,1,3,0,0,0.0,0.0,0.0,0.3333333333333333,1.0,0.0,0.0,mobile,android,chrome
DEV_005177,5,0,0,0,0,181.56,36.312,20.11,0.00045047635044601346,0.0013991887613387,0,1,0,0,0.0,0.0,0.0,0.0,0.2,0.0,0.0,mobile,android,edge
DEV_001418,4,0,0,0,0,296.3,74.075,59.36,0.000449479079549,0.0011413825931222,2,4,0,0,0.0,0.0,0.0,0.5,1.0,0.0,0.0,desktop,android,chrome
DEV_002398,3,0,0,0,0,366.83,122.27666666666666,145.28,0.0004474317009395667,0.0008425369658327,1,1,0,0,0.0,0.0,0.0,0.3333333333333333,0.3333333333333333,0.0,0.0,desktop,ios,chrome
DEV_003832,3,0,0,0,0,430.5,143.5,142.76,0.00044473311918100003,0.000558862757789,1,3,1,0,0.0,0.0,0.0,0.3333333333333333,1.0,0.3333333333333333,0.0,desktop,macos,firefox
DEV_007912,3,0,0,0,0,124.38,41.46,44.35,0.0004445111158328916,0.0011478679094695,0,0,0,0,0.0,0.0,0.0,0.0,0.0,0.0,0.0,desktop,ios,safari
DEV_005089,3,0,0,0,0,567.2099999999999,189.06999999999996,223.64,0.00044214785156866665,0.0006478617109214,0,3,1,0,0.0,0.0,0.0,0.0,1.0,0.3333333333333333,0.0,desktop,ios,safari
DEV_007782,4,0,0,0,0,33.26,8.315,8.254999999999999,0.00043463749362143814,0.0012295423973961,3,4,0,0,0.0,0.0,0.0,0.75,1.0,0.0,0.0,tablet,ios,chrome
DEV_001998,4,0,0,0,0,554.57,138.6425,99.955,0.0004346356667523957,0.0010394876364856,1,4,1,0,0.0,0.0,0.0,0.25,1.0,0.25,0.0,mobile,android,chrome
DEV_002066,3,0,0,0,0,286.84000000000003,95.61333333333334,98.57,0.0004323554142248,0.0007328893078092,3,3,0,3,0.0,0.0,0.0,1.0,1.0,0.0,1.0,mobile,macos,firefox
DEV_006634,3,0,0,0,0,327.54,109.18,67.03,0.0004267674070021,0.0007711421717838,0,3,0,0,0.0,0.0,0.0,0.0,1.0,0.0,0.0,tablet,macos,chrome
DEV_005615,4,0,0,0,0,174.70999999999998,43.677499999999995,35.89,0.000423116702981575,0.0007994661003735,1,4,1,0,0.0,0.0,0.0,0.25,1.0,0.25,0.0,desktop,ios,chrome
DEV_001637,6,0,0,0,0,321.98,53.663333333333334,27.715,0.00042011422102889616,0.0013560145587338,1,6,1,0,0.0,0.0,0.0,0.16666666666666666,1.0,0.16666666666666666,0.0,desktop,windows,edge
DEV_007720,10,0,0,0,0,1240.13,124.013,64.01,0.0004183560481672994,0.0011961841748003,6,9,0,0,0.0,0.0,0.0,0.6,0.9,0.0,0.0,mobile,android,chrome
DEV_007428,3,0,0,0,0,193.62,64.54,72.14,0.0004173043942401,0.0010171447371599,2,3,0,0,0.0,0.0,0.0,0.6666666666666666,1.0,0.0,0.0,tablet,android,chrome
DEV_002433,3,0,0,0,0,162.72,54.24,44.41,0.0004168119525640333,0.0007418252730988,0,2,2,0,0.0,0.0,0.0,0.0,0.6666666666666666,0.6666666666666666,0.0,desktop,android,firefox
DEV_006476,4,0,0,0,0,241.86,60.465,57.065,0.000411014155098925,0.0007511073846026,1,4,1,4,0.0,0.0,0.0,0.25,1.0,0.25,1.0,desktop,linux,firefox
DEV_001830,6,0,0,0,0,534.5799999999999,89.09666666666665,24.31,0.0004083965900082178,0.0011125508312893,1,2,2,0,0.0,0.0,0.0,0.16666666666666666,0.3333333333333333,0.3333333333333333,0.0,desktop,ios,edge
DEV_001455,3,0,0,0,0,40.97,13.656666666666666,10.64,0.00040700935277716664,0.000755895648835,0,3,0,3,0.0,0.0,0.0,0.0,1.0,0.0,1.0,mobile,windows,chrome
DEV_004504,3,0,0,0,0,148.29000000000002,49.43000000000001,51.88,0.00040559861683840004,0.0007600094476014,1,1,0,0,0.0,0.0,0.0,0.3333333333333333,0.3333333333333333,0.0,0.0,mobile,android,chrome
DEV_005196,3,0,0,0,0,109.82,36.60666666666666,43.29,0.00040319114668549996,0.0005163002617407,1,2,0,3,0.0,0.0,0.0,0.3333333333333333,0.6666666666666666,0.0,1.0,mobile,ios,firefox
DEV_000708,6,0,0,0,0,233.43,38.905,38.615,0.0004016829399494833,0.001175320163084,1,1,0,0,0.0,0.0,0.0,0.16666666666666666,0.16666666666666666,0.0,0.0,mobile,ios,edge
DEV_000409,4,0,0,0,0,424.93,106.2325,115.505,0.000401023640579975,0.000735077861867,1,3,0,0,0.0,0.0,0.0,0.25,0.75,0.0,0.0,mobile,android,edge
DEV_006237,4,0,0,0,0,362.43,90.6075,67.705,0.00040046969777397497,0.0005522038981475,0,4,1,4,0.0,0.0,0.0,0.0,1.0,0.25,1.0,mobile,windows,firefox
DEV_002819,3,0,0,0,0,220.02,73.34,44.15,0.00039036967019656665,0.0006274392518751,2,2,0,3,0.0,0.0,0.0,0.6666666666666666,0.6666666666666666,0.0,1.0,mobile,ios,chrome
DEV_000902,3,0,0,0,0,148.89,49.629999999999995,45.3,0.00038967223349446663,0.0005996184042655,2,3,0,0,0.0,0.0,0.0,0.6666666666666666,1.0,0.0,0.0,mobile,macos,chrome
DEV_000423,3,0,0,0,0,104.97,34.99,46.78,0.0003883753063009666,0.0005758977526143,2,3,0,3,0.0,0.0,0.0,0.6666666666666666,1.0,0.0,1.0,mobile,android,chrome
DEV_005014,3,0,0,0,0,126.77000000000001,42.25666666666667,38.99,0.00038743106582986666,0.0008862963331171,1,3,0,0,0.0,0.0,0.0,0.3333333333333333,1.0,0.0,0.0,mobile,android,firefox
DEV_002998,3,0,0,0,0,101.89,33.96333333333333,27.65,0.00038656653089980006,0.0005868717627932,1,3,1,0,0.0,0.0,0.0,0.3333333333333333,1.0,0.3333333333333333,0.0,mobile,windows,safari
DEV_002877,4,0,0,0,0,1413.52,353.38,387.47499999999997,0.0003864927191029,0.0005722614613172,1,4,0,0,0.0,0.0,0.0,0.25,1.0,0.0,0.0,mobile,windows,chrome
DEV_001796,4,0,0,0,0,223.39,55.8475,55.525,0.0003821612438973,0.0007049679842439,3,4,2,0,0.0,0.0,0.0,0.75,1.0,0.5,0.0,mobile,ios,chrome
DEV_003047,3,0,0,0,0,170.43,56.81,57.87,0.00038207133568099997,0.0004913048707552,1,3,1,3,0.0,0.0,0.0,0.3333333333333333,1.0,0.3333333333333333,1.0,mobile,windows,chrome
DEV_006318,3,0,0,0,0,79.18,26.393333333333334,30.41,0.00038000744807124815,0.0007661154123174,1,3,0,0,0.0,0.0,0.0,0.3333333333333333,1.0,0.0,0.0,desktop,ios,edge
DEV_006800,3,0,0,0,0,72.41,24.136666666666667,24.32,0.0003798096384914449,0.0006723989255509,1,1,0,0,0.0,0.0,0.0,0.3333333333333333,0.3333333333333333,0.0,0.0,desktop,android,edge
DEV_006146,5,0,0,0,0,116.15,23.23,18.07,0.00037814028370778,0.0010470319168062,0,3,1,0,0.0,0.0,0.0,0.0,0.6,0.2,0.0,desktop,android,chrome
DEV_000306,3,0,0,0,0,190.99,63.663333333333334,59.64,0.00037568383032827047,0.0009084534111242,0,2,1,0,0.0,0.0,0.0,0.0,0.6666666666666666,0.3333333333333333,0.0,mobile,android,chrome
DEV_003810,10,0,0,0,0,1049.72,104.97200000000001,22.689999999999998,0.00037558518086564885,0.000742552361039,2,4,1,0,0.0,0.0,0.0,0.2,0.4,0.1,0.0,desktop,android,chrome
DEV_007633,6,0,0,0,0,471.69,78.615,69.8,0.00037492571863671667,0.0008747799965619,5,6,1,0,0.0,0.0,0.0,0.8333333333333334,1.0,0.16666666666666666,0.0,desktop,ios,chrome
DEV_004372,3,0,0,0,0,109.28999999999999,36.43,34.76,0.00037244576824883337,0.0005249453531245,1,3,0,3,0.0,0.0,0.0,0.3333333333333333,1.0,0.0,1.0,mobile,android,chrome
DEV_006447,4,0,0,0,0,704.82,176.205,119.47,0.00036948481505957496,0.0010032466668059,2,2,0,0,0.0,0.0,0.0,0.5,0.5,0.0,0.0,mobile,macos,firefox
DEV_003503,3,0,0,0,0,131.22,43.74,43.71,0.0003680893813876,0.000566728553609,1,3,0,3,0.0,0.0,0.0,0.3333333333333333,1.0,0.0,1.0,mobile,windows,firefox
DEV_007820,6,0,0,0,0,97.58,16.263333333333332,11.545,0.0003680162354607167,0.001033040954061,2,3,2,6,0.0,0.0,0.0,0.3333333333333333,0.5,0.3333333333333333,1.0,desktop,windows,chrome
DEV_004023,3,0,0,0,0,43.11,14.37,11.59,0.0003622907921793667,0.0004533289650489,1,3,1,3,0.0,0.0,0.0,0.3333333333333333,1.0,0.3333333333333333,1.0,desktop,android,safari
DEV_005122,5,0,0,0,0,87.44,17.488,17.9,0.00036067090540398,0.0005711588632853,1,4,0,0,0.0,0.0,0.0,0.2,0.8,0.0,0.0,mobile,android,safari
DEV_004172,4,0,0,0,0,171.78,42.945,48.004999999999995,0.00035921693108825,0.0007761961818686,1,4,1,0,0.0,0.0,0.0,0.25,1.0,0.25,0.0,mobile,android,firefox
DEV_000399,3,0,0,0,0,74.55,24.849999999999998,22.05,0.00035001188752503335,0.0007405242086649,3,3,0,3,0.0,0.0,0.0,1.0,1.0,0.0,1.0,mobile,ios,chrome
DEV_000695,3,0,0,0,0,76.75999999999999,25.586666666666662,31.87,0.00034399192554143335,0.000455079106012,0,3,0,0,0.0,0.0,0.0,0.0,1.0,0.0,0.0,mobile,ios,chrome
DEV_006690,4,0,0,0,0,137.57,34.3925,36.29,0.00034193717226635,0.0006059495495531,1,4,0,4,0.0,0.0,0.0,0.25,1.0,0.0,1.0,mobile,android,edge
DEV_005485,3,0,0,0,0,160.59,53.53,28.38,0.00033941734879706665,0.0004328954584336,1,3,0,0,0.0,0.0,0.0,0.3333333333333333,1.0,0.0,0.0,desktop,ios,firefox
DEV_006422,3,0,0,0,0,81.35,27.116666666666664,17.34,0.0003359910120360667,0.0006031410966862,2,2,0,3,0.0,0.0,0.0,0.6666666666666666,0.6666666666666666,0.0,1.0,mobile,android,safari
DEV_000009,7,0,0,0,0,340.18,48.597142857142856,47.64,0.00033409087113634285,0.0006950682235163,1,3,0,0,0.0,0.0,0.0,0.14285714285714285,0.42857142857142855,0.0,0.0,mobile,android,safari
DEV_002152,6,0,0,0,0,147.64,24.606666666666666,19.77,0.00033170378777613364,0.0006328225590147,0,2,0,0,0.0,0.0,0.0,0.0,0.3333333333333333,0.0,0.0,mobile,android,firefox
DEV_000555,5,0,0,0,0,516.65,103.33,98.96,0.00033017354598507997,0.0008701437866157,1,5,0,0,0.0,0.0,0.0,0.2,1.0,0.0,0.0,mobile,windows,chrome
DEV_005309,4,0,0,0,0,150.95,37.7375,33.980000000000004,0.00032561501616482503,0.0007555074431193,1,2,0,0,0.0,0.0,0.0,0.25,0.5,0.0,0.0,mobile,android,chrome
DEV_005461,3,0,0,0,0,50.22,16.74,17.89,0.0003227030407669667,0.0005228553492826,1,3,2,3,0.0,0.0,0.0,0.3333333333333333,1.0,0.6666666666666666,1.0,desktop,windows,chrome
DEV_006730,3,0,0,0,0,49.519999999999996,16.506666666666664,16.7,0.0003168706615891334,0.00038955972956,2,2,0,0,0.0,0.0,0.0,0.6666666666666666,0.6666666666666666,0.0,0.0,mobile,android,safari
DEV_001250,6,0,0,0,0,194.4,32.4,25.655,0.00031407320067295,0.0009014206836034,4,6,3,6,0.0,0.0,0.0,0.6666666666666666,1.0,0.5,1.0,desktop,android,firefox
DEV_004865,3,0,0,0,0,334.45,111.48333333333333,58.5,0.00031380185769936666,0.0005627262104376,2,3,0,0,0.0,0.0,0.0,0.6666666666666666,1.0,0.0,0.0,tablet,macos,chrome
DEV_003150,3,0,0,0,0,90.7,30.233333333333334,24.83,0.0003121084267642769,0.0008346986194616,0,1,1,0,0.0,0.0,0.0,0.0,0.3333333333333333,0.3333333333333333,0.0,mobile,android,safari
DEV_007107,3,0,0,0,0,162.93,54.31,21.36,0.00030954446484286665,0.0006735292021977,0,3,0,3,0.0,0.0,0.0,0.0,1.0,0.0,1.0,desktop,ios,chrome
DEV_007622,3,0,0,0,0,85.53999999999999,28.513333333333332,14.71,0.0003079569182699333,0.0003490130715306,0,3,0,0,0.0,0.0,0.0,0.0,1.0,0.0,0.0,desktop,macos,chrome
DEV_001814,3,0,0,0,0,625.28,208.42666666666665,154.33,0.00029703325217993333,0.0005727554297234,3,3,0,0,0.0,0.0,0.0,1.0,1.0,0.0,0.0,desktop,android,chrome
DEV_001075,8,0,0,0,0,496.73,62.09125,55.370000000000005,0.0002940515585366022,0.000845409416725,6,7,0,0,0.0,0.0,0.0,0.75,0.875,0.0,0.0,mobile,android,safari
DEV_000352,3,0,0,0,0,529.67,176.55666666666664,162.57,0.0002880205781835,0.0004148700858631,0,0,0,3,0.0,0.0,0.0,0.0,0.0,0.0,1.0,mobile,android,chrome
DEV_001852,6,0,0,0,0,269.48,44.913333333333334,37.655,0.00028565992736048334,0.0006406786909279,2,5,0,0,0.0,0.0,0.0,0.3333333333333333,0.8333333333333334,0.0,0.0,tablet,windows,chrome
DEV_002140,3,0,0,0,0,61.48,20.493333333333332,10.03,0.000285340598657715,0.0003992333669227,2,2,1,3,0.0,0.0,0.0,0.6666666666666666,0.6666666666666666,0.3333333333333333,1.0,mobile,ios,chrome
DEV_000600,3,0,0,0,0,122.66,40.88666666666666,22.13,0.0002841282952729333,0.000364465376758,2,3,1,3,0.0,0.0,0.0,0.6666666666666666,1.0,0.3333333333333333,1.0,mobile,windows,edge
DEV_004312,5,0,0,0,0,254.19,50.838,55.59,0.0002836211993095503,0.0006698337651983,2,5,0,0,0.0,0.0,0.0,0.4,1.0,0.0,0.0,mobile,macos,edge
DEV_004985,4,0,0,0,0,77.14,19.285,16.38,0.0002830437613978,0.0004184413192589,2,4,2,0,0.0,0.0,0.0,0.5,1.0,0.5,0.0,mobile,android,safari
DEV_004285,5,0,0,0,0,157.24,31.448,29.12,0.00028187863148054326,0.0004880383664179,1,5,0,0,0.0,0.0,0.0,0.2,1.0,0.0,0.0,mobile,android,edge
DEV_004487,4,0,0,0,0,172.89000000000001,43.222500000000004,44.92,0.00027504486457502497,0.0004748170531078,4,4,0,0,0.0,0.0,0.0,1.0,1.0,0.0,0.0,desktop,windows,firefox
DEV_006366,3,0,0,0,0,253.93,84.64333333333333,94.18,0.0002729513617800667,0.0003399022165273,3,3,0,3,0.0,0.0,0.0,1.0,1.0,0.0,1.0,mobile,android,safari
DEV_004467,4,0,0,0,0,112.71000000000001,28.177500000000002,26.735,0.000271980054086825,0.0004000835681388,2,4,1,0,0.0,0.0,0.0,0.5,1.0,0.25,0.0,mobile,android,chrome
DEV_006761,3,0,0,0,0,180.7,60.23333333333333,54.99,0.0002624111635572667,0.0003799575280684,1,2,0,0,0.0,0.0,0.0,0.3333333333333333,0.6666666666666666,0.0,0.0,desktop,windows,safari
DEV_003378,4,0,0,0,0,120.09,30.0225,22.740000000000002,0.00025905344102917946,0.0005189006088643,1,4,0,0,0.0,0.0,0.0,0.25,1.0,0.0,0.0,mobile,ios,chrome
DEV_003758,8,0,0,0,0,242.13,30.26625,31.18,0.00025418965347551295,0.0008700985404701,0,8,1,0,0.0,0.0,0.0,0.0,1.0,0.125,0.0,mobile,ios,chrome
DEV_001931,4,0,0,0,0,230.31,57.5775,42.215,0.000252145507459175,0.0004242987119714,1,3,1,0,0.0,0.0,0.0,0.25,0.75,0.25,0.0,mobile,android,chrome
DEV_003844,7,0,0,0,0,356.28000000000003,50.89714285714286,55.4,0.0002475750004187,0.0007917546252185,2,7,0,0,0.0,0.0,0.0,0.2857142857142857,1.0,0.0,0.0,desktop,macos,chrome
DEV_004130,5,0,0,0,0,159.79,31.958,25.07,0.00024372798246662,0.0004713555637964,3,3,0,0,0.0,0.0,0.0,0.6,0.6,0.0,0.0,desktop,android,chrome
DEV_003672,5,0,0,0,0,444.3,88.86,73.25,0.00024221712800514,0.0003227158349376,1,5,0,0,0.0,0.0,0.0,0.2,1.0,0.0,0.0,mobile,macos,chrome
DEV_004391,5,0,0,0,0,264.88,52.976,33.05,0.00024128809161134,0.0003980225290531,2,4,0,0,0.0,0.0,0.0,0.4,0.8,0.0,0.0,mobile,windows,safari
DEV_004281,5,0,0,0,0,75.7,15.14,9.98,0.0002348033801868069,0.0004591258499172,3,5,1,5,0.0,0.0,0.0,0.6,1.0,0.2,1.0,tablet,windows,chrome
DEV_007233,5,0,0,0,0,568.73,113.74600000000001,87.09,0.00022961307701598,0.0003540588524742,1,1,0,0,0.0,0.0,0.0,0.2,0.2,0.0,0.0,mobile,ios,edge
DEV_000341,3,0,0,0,0,79.28,26.426666666666666,20.05,0.00022729056007733333,0.0003298093045873,2,3,0,0,0.0,0.0,0.0,0.6666666666666666,1.0,0.0,0.0,desktop,android,safari
DEV_004871,3,0,0,0,0,88.24000000000001,29.413333333333338,29.62,0.00022362613678499998,0.0003756784376677,0,3,1,3,0.0,0.0,0.0,0.0,1.0,0.3333333333333333,1.0,tablet,ios,chrome
DEV_006830,3,0,0,0,0,315.95,105.31666666666666,135.18,0.0002146037449329667,0.0003102044377675,0,2,1,0,0.0,0.0,0.0,0.0,0.6666666666666666,0.3333333333333333,0.0,mobile,ios,chrome
DEV_004881,3,0,0,0,0,86.44999999999999,28.816666666666663,23.9,0.00021409361752380002,0.0002313083564594,2,3,0,0,0.0,0.0,0.0,0.6666666666666666,1.0,0.0,0.0,mobile,android,firefox
DEV_007518,9,0,0,0,0,202.21,22.46777777777778,13.56,0.00021187964288886508,0.0005004791753973,0,9,1,9,0.0,0.0,0.0,0.0,1.0,0.1111111111111111,1.0,mobile,macos,safari
DEV_004354,3,0,0,0,0,68.32,22.77333333333333,18.02,0.00020942134839727617,0.000384077906938,2,3,0,0,0.0,0.0,0.0,0.6666666666666666,1.0,0.0,0.0,desktop,ios,chrome
DEV_001848,3,0,0,0,0,375.06,125.02,163.42,0.0002085367359233389,0.00046353999802,1,2,1,0,0.0,0.0,0.0,0.3333333333333333,0.6666666666666666,0.3333333333333333,0.0,mobile,linux,chrome
DEV_001588,3,0,0,0,0,36.18,12.06,9.52,0.00020771507776756664,0.000269618616153,1,3,0,0,0.0,0.0,0.0,0.3333333333333333,1.0,0.0,0.0,mobile,android,firefox
DEV_004747,5,0,0,0,0,99.58,19.916,12.46,0.00020258803570075796,0.0003879825915137,0,5,0,0,0.0,0.0,0.0,0.0,1.0,0.0,0.0,desktop,macos,chrome
DEV_002377,3,0,0,0,0,380.43,126.81,44.15,0.00019538241407566668,0.0003081471316951,1,3,0,0,0.0,0.0,0.0,0.3333333333333333,1.0,0.0,0.0,mobile,android,edge
DEV_001975,3,0,0,0,0,97.22,32.406666666666666,31.53,0.0001951533049702,0.0002921268169989,1,1,0,3,0.0,0.0,0.0,0.3333333333333333,0.3333333333333333,0.0,1.0,mobile,android,chrome
DEV_001582,3,0,0,0,0,164.44,54.81333333333333,43.56,0.00019105306521891976,0.0003321731498818,1,3,0,0,0.0,0.0,0.0,0.3333333333333333,1.0,0.0,0.0,desktop,android,chrome
DEV_000609,3,0,0,0,0,112.05,37.35,9.61,0.00018775955292108136,0.0003023013839804,0,3,0,3,0.0,0.0,0.0,0.0,1.0,0.0,1.0,desktop,android,chrome
DEV_000270,3,0,0,0,0,178.77,59.59,58.31,0.00018639509253343332,0.0002121777633576,2,3,0,0,0.0,0.0,0.0,0.6666666666666666,1.0,0.0,0.0,mobile,windows,edge
DEV_004749,4,0,0,0,0,65.11,16.2775,14.23,0.00018605237997195,0.0002967292573171,0,4,0,0,0.0,0.0,0.0,0.0,1.0,0.0,0.0,desktop,android,chrome
DEV_000887,3,0,0,0,0,317.4,105.8,105.48,0.00017810538720973334,0.0002058893959234,1,1,0,0,0.0,0.0,0.0,0.3333333333333333,0.3333333333333333,0.0,0.0,mobile,android,chrome
DEV_004308,3,0,0,0,0,90.59,30.19666666666667,22.83,0.0001774313297767325,0.0003305755399511,1,3,0,0,0.0,0.0,0.0,0.3333333333333333,1.0,0.0,0.0,mobile,windows,firefox
DEV_004860,5,0,0,0,0,81.52,16.304,13.8,0.0001733621910197897,0.0002351982405068,3,3,0,5,0.0,0.0,0.0,0.6,0.6,0.0,1.0,mobile,ios,chrome
DEV_001780,3,0,0,0,0,38.67,12.89,7.14,0.00017308343619096666,0.0002872007120422,1,3,0,0,0.0,0.0,0.0,0.3333333333333333,1.0,0.0,0.0,desktop,ios,chrome
DEV_005566,5,0,0,0,0,75.74,15.148,19.13,0.00017123986744403767,0.0004574994627652,2,2,2,0,0.0,0.0,0.0,0.4,0.4,0.4,0.0,desktop,windows,edge
DEV_005060,3,0,0,0,0,102.59,34.196666666666665,31.61,0.00016861984749098348,0.0003051011069863,1,3,1,0,0.0,0.0,0.0,0.3333333333333333,1.0,0.3333333333333333,0.0,mobile,ios,chrome
DEV_002475,4,0,0,0,0,72.19999999999999,18.049999999999997,18.61,0.0001681384106719,0.0002787398599839,1,4,0,0,0.0,0.0,0.0,0.25,1.0,0.0,0.0,mobile,macos,safari
DEV_007178,3,0,0,0,0,264.77,88.25666666666666,33.26,0.00016760800886033995,0.0002485575741369,1,3,0,0,0.0,0.0,0.0,0.3333333333333333,1.0,0.0,0.0,mobile,android,chrome
DEV_005104,6,0,0,0,0,259.02,43.169999999999995,28.564999999999998,0.0001626983684282273,0.0003141109372328,0,1,0,6,0.0,0.0,0.0,0.0,0.16666666666666666,0.0,1.0,desktop,android,safari
DEV_005224,3,0,0,0,0,187.61,62.53666666666667,27.77,0.0001526546281388,0.0001968223991999,1,2,0,0,0.0,0.0,0.0,0.3333333333333333,0.6666666666666666,0.0,0.0,desktop,windows,safari
DEV_001225,4,0,0,0,0,104.86,26.215,19.295,0.000152481343411575,0.000220489807639,1,4,0,0,0.0,0.0,0.0,0.25,1.0,0.0,0.0,desktop,macos,edge
DEV_000704,3,0,0,0,0,108.46000000000001,36.153333333333336,41.84,0.0001521969470830991,0.0002337222545111,0,2,1,0,0.0,0.0,0.0,0.0,0.6666666666666666,0.3333333333333333,0.0,mobile,ios,edge
DEV_003688,5,0,0,0,0,342.13,68.426,9.81,0.00015083844316374,0.0002102681704746,3,5,0,5,0.0,0.0,0.0,0.6,1.0,0.0,1.0,mobile,ios,chrome
DEV_005685,6,0,0,0,0,222.42,37.07,16.01,0.00014973434847659033,0.0002900099351157,0,6,0,0,0.0,0.0,0.0,0.0,1.0,0.0,0.0,mobile,windows,firefox
DEV_006135,3,0,0,0,0,99.99,33.33,28.04,0.0001479092609747,0.0001790495288767,1,3,0,3,0.0,0.0,0.0,0.3333333333333333,1.0,0.0,1.0,mobile,linux,firefox
DEV_001718,4,0,0,0,0,163.21,40.8025,40.32,0.000132926229677275,0.0001518229237651,1,4,0,0,0.0,0.0,0.0,0.25,1.0,0.0,0.0,mobile,windows,chrome
DEV_001389,4,0,0,0,0,101.21000000000001,25.302500000000002,23.89,0.00011138666484112046,0.000164924459383,0,1,1,0,0.0,0.0,0.0,0.0,0.25,0.25,0.0,desktop,ios,chrome
DEV_006354,3,0,0,0,0,174.69,58.23,61.79,0.00010884024837154467,0.0001690584195631,1,3,0,0,0.0,0.0,0.0,0.3333333333333333,1.0,0.0,0.0,tablet,macos,safari
DEV_002990,5,0,0,0,0,117.23,23.446,19.14,0.00010013402959037292,0.0001684277206762,1,1,0,0,0.0,0.0,0.0,0.2,0.2,0.0,0.0,mobile,windows,edge
DEV_004327,3,0,0,0,0,86.1,28.7,21.6,9.489154120826219e-05,0.0001264180697131,0,3,0,0,0.0,0.0,0.0,0.0,1.0,0.0,0.0,mobile,ios,firefox
